DATE TIME,AMF,MSS,SDT,TNL,PSH,YRS,WFC,CSN,EFC,MKM,WWR,EWR,SNS,MRC,SBF,KGF,KWT,SCC,KRI,FTO,SIS,SBB,TRF
1980-01-01,302.88300985480953,130.8619735003596,165.70824841398496,158.88490572222446,76.84007112154758,406.2268919222634,51.935098315959806,187.7504323941417,45.9485936401979,211.8677969006657,27.02445541821242,18.71668520702865,186.21779452352033,119.20351734135048,92.86944413660457,95.12033597375475,121.73684076166347,91.58060514869598,31.783184533821608,190.32399772771325,92.06570690670299,95.01373555990972,101.81425397110948
1980-02-01,179.71987991616714,181.63908427216728,256.0124709829141,207.03385380895105,65.91391644832112,257.229924563268,31.93208425869237,172.24549007734095,29.296083193414766,136.39373546745966,17.866754216923642,14.647840596805032,124.7424684741379,116.02559474927772,80.26199940419377,83.41757333746565,110.59799972294161,88.63113166810486,36.46274561917756,152.2797114845829,103.98456033663791,120.99967124319518,53.45639840722206
1980-03-01,101.01031534157588,116.392299760817,135.2305732969714,107.62316456799282,55.90476973666091,135.60369194672714,28.877078475400616,91.88146930903217,25.09943603573109,83.89730758861381,17.233368543059292,11.632893442999988,66.25835892131306,69.93225139052755,61.31247294026598,58.698239789164305,78.79544418899286,64.6152047438022,29.96661606349945,85.53652619346694,65.66977455179021,81.30254733544504,42.64073128300036
1980-04-01,102.06843506539728,82.22474405623075,111.58215501173308,129.67763459946457,37.6444758367209,144.32349601565096,111.50771109014897,46.98656170516138,64.5988690278592,116.69364653640564,56.714408880604,19.837285034106632,98.02546658442998,77.41922156507185,89.41994269302856,89.46571749127014,81.70636518377557,45.015595254209195,46.78919107353069,76.24636712020151,42.12579262553508,41.88950165732506,104.66666385494082
1980-05-01,122.01223668453332,67.92751496580512,80.35947005852583,133.12157586564035,33.549212579191014,170.62465873191724,209.63158732016268,36.23456955895282,120.6167342828189,175.60587889699553,140.3740999701874,40.03476286977404,155.63066349784418,128.27944881193113,149.89703389984203,161.33997393858493,107.58424035140892,43.58153671959491,65.20112019643243,74.31732772027505,31.635510463635175,31.693179663877316,155.126353995973
1980-06-01,75.03874164645256,50.33816075587359,38.61634317603833,67.48800288909825,18.48545640047148,96.37746004652405,140.4575277984851,13.600201986263798,108.80444627668687,154.22218537059646,194.52857508558964,42.39602679111694,130.0110884396655,129.6394919551487,182.4428242908795,220.15355745899822,130.58434077792276,32.32035225726386,63.03375660310222,37.127762410990776,20.12015795260528,19.378308161323478,97.79850829151948
1980-07-01,31.76866564174672,45.854599878832204,22.259990863241033,29.922551231888708,14.874196295793459,36.98829203817883,84.59456490400734,3.871785251325099,68.50054418084945,61.18779720662505,183.18041509551992,53.38857747578664,64.8695798336256,61.32762199927973,121.17581430209395,140.28511690017626,75.72559115741471,14.45837000139914,45.598321878168655,20.84072627773306,17.509269653808165,16.526291132776862,48.591641315150476
1980-08-01,4.874371429167768,41.723766693166475,16.153167812017198,3.9472865281553053,12.383937529231584,10.927675641055272,26.403978555593007,0.0,17.363124821726373,6.455848851643685,48.84987009678828,19.9973707236892,12.562138111354848,13.739577760359744,32.22470829620709,36.46095530260477,19.571587932220854,6.056802684721502,16.02514661929786,9.484772455125782,15.172821318236881,13.732587714455644,11.868262300961018
1980-09-01,3.297221414277579,38.63543979534427,14.730876306556567,2.470365562083773,14.474869638867967,7.968096821602803,16.948008273975677,0.0,9.92178561241507,2.3051628585696435,17.655625658968862,11.579531546472467,6.132964992130335,5.476081302724237,10.513307529844479,10.099669815347994,6.986210387478522,3.367184010571917,8.046277154800686,17.070749481830433,16.445629363900476,16.54715563551806,11.432011377551515
1980-10-01,4.821716182247745,39.1919657084036,18.591381821378288,4.993714835954867,16.67645853295358,9.072032607668527,11.492640803811831,0.0,7.682679940424101,1.6009042662045223,11.453724269047063,8.964798616623845,4.593653905427788,4.4033079983380965,6.779662639515926,5.6684967389182885,4.801107357526298,2.7114756204857886,6.213659234406263,12.32507586606044,15.98279007456826,16.020728181740182,6.6556230622731425
1980-11-01,4.5885286601733615,37.01289241501635,16.94332975949533,7.079948487580573,12.727454677478336,10.790220601545142,9.892399679230438,1.5042108217791763,6.073741733005441,3.1547999242660074,8.682661945890516,7.737474996490818,3.583632750745991,2.558497002092472,5.483968522324282,5.513985483956478,4.659173399532513,3.7933944641279007,5.5764960665373655,11.950313610451008,16.170447671044304,14.863550760478443,15.749776927194262
1980-12-01,10.601256379897798,55.68394487849983,42.04790363365763,43.29431549421348,18.435420289242263,23.81408559512988,10.692520241521136,3.8005800053237175,6.744132652763217,5.589671720119215,8.128449481259207,8.124348746315361,5.589107447301674,4.3225133561667555,8.353817334525072,7.7699731686783124,7.452807650583839,5.934160930279466,6.559639522392649,30.721300272993712,26.19937400287266,27.254390452500232,11.767589010943437
1981-01-01,23.06801293639067,62.95013532083786,101.85187502993097,87.6218133682797,22.10345213550728,43.52170188489466,10.328829076843544,14.632678053283822,6.462568466464951,13.228570543362652,6.835287063786151,7.497346462116965,19.510889420728176,9.614562418389605,10.368394372000676,8.47159613282625,7.612589591319359,7.403433433990977,5.925227688821853,34.57148934114959,35.65939370823017,51.82207493663409,11.163549270837976
1981-02-01,34.15319610941058,76.44784831081206,114.1219612714842,107.82185348719526,24.026955719107434,71.47662054526718,16.729793575169122,11.811170180479094,10.3642436194552,23.066427591963684,8.392360178702686,9.858610383459855,19.365213292649067,12.060844639688547,16.11945773427236,14.308173977441518,14.238440708202882,12.45238803765417,7.391688869710473,47.63162521031765,41.52944200274164,48.598241769494365,22.108973079971204
1981-03-01,67.13042503760734,109.1104325321956,149.0019672387331,96.7615036515923,25.300952089636,97.352531733049,20.948611085429164,46.12319809739462,12.201114739591505,38.22844477765383,11.37455105981402,8.871415297700679,40.04151173801009,23.44840059461591,24.797198598095342,21.34229114943544,21.63005527510078,20.409530778828994,9.901364305296278,53.48317621895618,57.01898187313374,65.6675449607921,22.841650912876904
1981-04-01,73.20333018238321,70.10658825919235,88.57715431229838,105.04020861836098,24.09431202268523,106.84552039921728,85.39468546629804,24.912935444733222,39.472617355337796,96.34675397849466,46.76497558698478,8.537903444403662,79.84508580015763,54.75632443601064,58.519342858688375,61.757624318547855,43.46323759188128,22.10587266947773,15.484050874004375,50.69678597461797,32.753297016557696,35.362122222829235,44.20676023882934
1981-05-01,54.06189423059992,55.535015408807894,58.49456016902384,82.45590146901603,18.881896358672215,77.07361793532027,85.46742369923356,12.309606902488762,56.60780926434653,109.49784737139935,93.13408512780434,9.018160513151368,79.93734734794106,71.2878059425134,90.27237303328621,105.67767984571616,60.82252556806728,14.132944355948986,20.815448910152444,36.8923854153624,23.406020215011875,25.0117239014465,46.01887945914573
1981-06-01,11.18297148872852,43.29144532150261,25.69155132086034,27.85618647218325,15.80852444970829,20.0512538885401,34.11423124675791,0.0,29.510608287737252,29.613682070552162,72.17957575079197,14.327669217639894,27.727023044389718,30.921904995464978,59.170031351751724,65.7551789828492,33.062963077091176,5.313666509290556,15.05988683638024,15.601944430898019,16.359588726781023,16.69748705270463,13.859356259086423
1981-07-01,0.0,39.82687555287973,16.27733611804948,7.238899622942531,13.741648162778265,7.220685044266474,15.565981848200837,0.0,8.111730129069077,0.8400612381116713,16.758329287661024,3.735332756926602,3.0543428187252415,7.181745970785886,14.599290294146194,12.477786156686347,8.912942619645653,2.0011248645591486,5.841999826304253,11.688637509165824,13.865893709577644,14.582682454346953,3.4452637028237443
1981-08-01,0.0,36.29176024598173,12.75547143786124,1.3577076145500633,12.706285553496743,5.244768851308367,10.619782008585616,0.0,5.818993183497487,0.3299307867816824,7.627019156116591,1.774283059540136,1.4082025714313515,2.069240557832683,5.404408357233566,4.605730701795741,2.9483167681463494,0.6933509087762585,3.5808615889803708,10.01469943411035,12.372050234072702,13.023729608504741,3.0761283060926288
1981-09-01,0.020059141683817977,34.77895036963735,12.49584679797557,0.7152801091288139,14.298781016657449,0.0,5.455367470163845,0.0,3.5798875115065183,0.3046854231493109,4.776783623727001,2.574711507452979,2.325962178329715,2.257761389565813,3.608621773757429,3.7866051665091804,1.5136789172870135,0.4844956437858619,2.8095708740789767,10.219832458233409,13.32888145721142,13.06385365223781,3.4676355450498724
1981-10-01,10.598748987187323,44.29475964363774,23.896754897302877,12.967763459946458,15.801788819350513,17.254902928505906,8.219420321713525,1.4953101660290038,5.027931898183313,5.240589278168147,6.2019013899217965,5.643020557785547,4.6276450019795785,2.5764513670194362,5.327689626610378,5.68360861814609,3.8670629273755805,2.122552344204728,3.2190611287798943,19.32984265774976,17.182908616458523,17.310047453696164,6.610879377820885
1981-11-01,133.2403412420504,136.63886924577832,209.3929160817044,173.23024568864125,41.648326967966646,263.5013107409177,45.679610283505255,34.60574955667123,22.48491144867577,66.85146395808052,19.159916634396698,8.284434435897928,48.41303323162266,22.510285027182007,20.003698651379764,17.6327874075579,10.003369374771559,3.6003247714914295,4.231552150481605,163.10573832820563,78.45867683811404,82.73096329234232,9.172455312712566
1981-12-01,210.1922235265971,158.68826915332616,254.0935062533244,244.59930546616064,54.430628921215465,333.80956345034883,70.62882418038791,78.468181093522,35.986584572597366,111.50528904506308,23.80474490940196,8.564584392667424,90.84848934106604,28.547440233873893,18.44090969424072,16.933014877601124,12.50378676649441,6.700368326843073,4.92099067001445,174.4038341183679,98.32293806825199,112.5602473780061,11.577428352021348
1982-01-01,132.76393662705976,84.08244323080908,99.43623707621211,69.34905576562787,40.10201868440213,161.46671672455486,34.40518417849998,129.11291231200434,18.4089346565485,77.70784084978067,14.198395522459261,7.790836893018342,82.21960668784705,60.622913175896365,33.88126459077447,30.905951860744267,27.72811604519304,19.93474933341477,7.7521136627618965,86.12562616017932,54.59130079303062,69.17759630656107,42.41701286073909
1982-02-01,224.85545609746808,131.59094406253593,174.17426927982208,181.57518029514407,60.09240735338318,287.46573778551175,73.39287703193759,149.0681825038914,61.99775225919902,176.2683520599002,31.29980871679681,16.422123656345168,159.79700076090663,90.9523241287715,56.48203434547257,40.17477672426169,34.285124942929876,23.822857231666227,11.349253979672707,150.73200911668008,85.71353435247046,92.92354037504165,121.41198776119779
1982-03-01,172.46097801933553,141.5457033524704,181.85012819818104,131.22078520527023,54.682733943178064,201.06235904344146,53.680815906412235,168.9344461382767,32.31284233232475,129.7977313211673,23.144968165793255,10.085398443701825,122.94579622782892,85.02289511164139,65.7650007508785,54.63345268258416,53.705429973816045,41.33027124696586,16.363102182248113,116.14737022270211,83.53581615779194,90.27749343765814,76.254424227758
1982-04-01,283.4582385267423,196.01469729400975,264.59137212696237,173.09778640917295,73.00749744797109,380.22211663494085,126.34631060899466,212.28063964161748,89.91283015791277,254.63953660236592,75.1089844924146,23.105701196417407,210.09896778662167,192.47528060829347,174.1600428180426,162.85517113544597,162.20416696475377,94.74864809264915,46.514974755153126,222.11961646678733,116.88175514899137,118.12892966090645,143.99636248847423
1982-05-01,211.09739229507943,110.26267632402268,144.8253969449201,199.91416753753003,37.53863021681295,273.0458450469023,273.3502793716764,77.88073781401062,152.1787387850149,266.701597239957,197.22046419951315,38.06037269825569,213.93510582603813,187.74879404127,206.10344910196463,215.65669396878232,147.12007183616873,48.33420827292287,58.01027873048344,131.29828499158594,49.84052251070235,49.70406041477777,209.26621218320327
1982-06-01,97.12134924762567,71.1490945470359,56.63203557853969,104.73555227558391,23.000253206000203,130.97747077321435,183.0093940657631,21.130156750909848,130.63237462400005,167.08252181683866,213.79405599896373,57.33735781882334,122.04746010467444,118.03199502986604,166.11594184047777,185.17264110362242,100.97538731332703,21.3760935168078,44.67822983331155,58.09866926172501,27.688025370965224,28.561364303698763,117.03829260598972
1982-07-01,34.07546693538578,58.7879485626054,33.751203185137264,33.90295257991109,17.176819645245768,43.42290607524675,87.213141289686,7.325239682392083,65.45696940514915,57.8850072196865,162.43703427646238,50.48035411503665,52.78331707399583,55.26353524519738,105.55076616517104,113.81403898424402,55.754548373355064,8.393067393102449,28.569855351496088,29.04999210850392,20.887106390376932,20.116590566011965,52.473155941383716
1982-08-01,10.305384040061485,50.636019695257446,20.91671555252821,7.38460483035766,15.626662430048246,11.3701090494785,29.82267550356235,2.981719676307835,21.42569379545849,15.790539687158144,61.88705855049622,25.053410419671994,12.426173725147684,16.378869404623558,42.15836319467635,41.14317061763511,19.33616454081799,3.9378931649061406,13.3171458363905,16.55397205567427,18.39786175095559,16.74938081593273,14.709486263679299
1982-09-01,15.330199031857887,49.06050267377963,17.5528832618356,3.6558761133250477,14.911723379215374,12.51699953539114,21.603255181848823,3.889586562825444,16.049158619001133,17.640415470564676,38.39900647802644,21.1046300766353,18.58341807195787,13.883212679775465,48.24471582411605,56.92243977704834,28.334947458411982,5.301523761325997,13.890569759686691,16.227863145529916,17.03975479780289,16.56855512550903,15.224038634880246
1982-10-01,42.34234070182926,55.221479683140664,41.72055082684526,30.300060178373364,17.197026536319107,51.25354785733943,35.56899590546826,10.903303293961486,26.359770964875715,57.53070159905289,35.575162015381196,23.145722618813053,42.925899073976375,23.035450201295728,35.7878671184841,38.8051470171052,29.487417201163915,9.094918225453897,10.338367902978224,28.04010645128271,21.579140135484238,20.48947667910463,6.745110431177656
1982-11-01,69.68044342416269,57.674896736486744,48.730416103758394,36.101776619084845,17.37022845980486,81.83729414834318,38.11483405821139,44.74359645611787,25.407815858819667,54.45511988480568,27.42032146437765,20.784458697470164,59.100805161693025,37.76700662387027,41.35139580589911,43.575257956215594,43.787900896992824,24.29763867708044,12.66186971772576,45.98924606205035,26.471588777207472,28.995238963265688,92.7424719484145
1982-12-01,141.70279163991114,121.35400261950089,163.22488229333945,103.63614025599702,34.404637634629005,155.21680789682873,28.731602009529578,132.62867133332253,23.999994927328345,89.83083857200155,18.922397006697565,20.19747783566741,77.87845807108971,67.46801480430166,60.20999636686607,62.78369007754573,73.72066776275997,54.89493499817354,16.892963312491016,83.25770868830502,61.00577863621172,73.12152231189697,119.61105446199448
1983-01-01,113.87574733903463,236.8056952033162,238.06450674733946,153.28187820071543,41.98991965039688,132.9920461960347,24.87647566394713,129.6202496897642,22.23016289916782,80.34467555469286,16.520809659961895,7.9776035308646716,88.74589722579097,83.30376466988453,64.50056241282964,60.155148309003806,80.80291729546784,72.30642130455317,18.566920955028195,93.70371345518693,83.42974882065334,102.44524344652405,24.49716723761039
1983-02-01,174.44181826061254,219.52203832591022,313.12989175776187,188.66175174669806,65.79556180060585,242.97755515406152,22.476113977075045,172.53031106134648,25.23351421968265,117.54067201276074,15.095691893767096,14.63450012267315,119.03682012437292,104.09940784654141,77.09095853843527,69.22196743998632,101.18446368258736,105.3529098900976,27.79260341228214,157.33176968125466,125.41980492383615,156.4944703039684,28.70307357612249
1983-03-01,292.6653845596147,329.8239066156413,552.3232012872129,340.95680831537464,95.86341571773318,397.94522579177817,35.05982827491964,292.61795844267573,44.31283979598892,215.50574085306846,23.06579495656021,27.09450296184975,199.80937727330084,165.95219501993483,121.57645656201507,101.58822028325389,146.78096016407582,147.4542456328129,52.14007772762364,266.7952222012804,202.86527908690562,250.2279813751683,97.99985487155462
1983-04-01,151.7674659797668,175.43107690395618,223.39007057988846,179.75386520245493,53.37698388667711,183.8590017547519,47.934495504506316,119.87403164332514,40.21004736707134,119.36443190275446,31.431764065518554,21.598227619514887,103.57087119330792,88.62723387072955,79.69087107622113,64.47375330547132,84.73202321046944,83.96588790012169,41.76089836589023,134.65668078395962,84.53492596986007,97.1825738704946,99.28623579955699
1983-05-01,246.40649644402,155.2628913504117,292.58568112333046,371.05155661057216,44.00291089446468,307.12180843546025,276.9871910184522,123.19397623813953,152.55415770007926,274.57118645501345,162.99124674109368,51.37416588187265,244.74075104383292,171.59435419823353,206.71435751248265,204.44213755326078,172.26023038381047,103.76099563194407,106.82926668243923,187.60598515808272,76.51831212514435,81.85732911346095,270.8894515950734
1983-06-01,236.24904857387665,101.35826171507338,207.58683163032586,340.2349052422724,30.189095263567346,306.43023776792495,431.41045954055676,59.22496336164876,230.07816366086837,349.0345628131442,324.61015785548125,98.9596371102912,307.07556624888207,294.47402775838,331.33967325815263,356.2517585959778,241.72287940675687,87.49335618382577,130.04823537984237,147.49984903145906,47.79260700133336,45.61729281375215,275.78888504259555
1983-07-01,95.79493850378324,82.35799673963932,79.24195530423533,164.22963764877034,19.066645077057018,118.21562944869581,193.48369960847765,20.658421996150697,120.4022091884964,194.0898377247936,224.45604817568034,69.38380595991164,139.12070231554557,157.85028784664203,194.93092877565425,207.1450050951476,137.86801754443016,35.43375283537653,65.40999232523005,48.38772449795073,27.688025370965224,25.39370479778533,107.60856110767669
1983-08-01,22.548982645321885,70.79636685566027,32.05799901196984,50.79151071211919,16.441673703339557,26.438617755776413,95.28708514552847,5.883333450864116,43.64244887623115,36.04341502878305,107.51721813847405,49.14630670184857,37.21053898233947,43.561777904048135,79.6425666902732,85.59399235196764,58.23881759021634,14.451084352620406,34.99238671469997,25.948012596284084,22.0946422285706,18.248415089800226,37.607066782121514
1983-09-01,12.6838967652202,62.90310496198777,26.594593546549635,21.544501805518806,16.50903000691735,14.209414709359606,52.08057478183083,3.6314675460704375,22.47150363028062,20.768228971637456,38.61013503598122,24.466429557869244,14.033467004953813,13.03038034574464,26.124148494429768,28.007555105991592,20.983278376697964,8.289854035403705,14.015526192392178,19.195717218900068,21.313600927822485,19.05250092621095,11.152363349724912
1983-10-01,12.17589900207751,62.6052460226039,30.54540328394028,13.967831019932113,17.537656985841096,21.992806321620677,23.348972772301252,3.33774590631474,15.070387876154781,14.511731439711465,19.344654122607135,21.051268180107776,11.537549343865141,12.765553463071912,15.076651284690485,15.812885380552634,13.95117317645498,9.325630436780498,10.704983198200376,20.526451965134264,22.211093780533993,20.166879367490743,33.58013518141845
1983-11-01,180.93095059532766,102.07155549096633,123.60390464122176,95.18523822591956,25.927365712909484,223.00791519523057,67.50108016416063,91.40083389852286,40.08937700151495,140.65759033198918,28.34400890542983,21.62490856777865,109.32022238149662,51.30908637003341,42.272020573377375,36.01438385113831,37.039663612737414,24.079069213718395,15.141968309606966,98.23110449400545,48.51653512054529,52.78665694797709,28.870862392818456
1983-12-01,237.4024492206962,185.84830138924985,262.7852876755838,202.53686127100235,52.796757442999834,350.63062391040086,64.80976554554647,178.48484975821196,41.87261684807063,169.01422739960535,23.03940388681586,27.721505246048142,74.51333951246238,91.49544366781217,64.40111220646624,54.51132402596764,58.40879837823284,52.15310250777635,21.47852047599514,183.81496907765464,106.556136965027,137.46069393149958,31.130418457657406
1984-01-01,95.13549422092771,102.69078854915911,110.10342336716687,107.95431276666356,36.90451873027342,132.47658979787172,45.09770442002112,60.15063155966671,27.660329349205792,79.18687094672546,21.93097895755325,15.541652363641042,70.02651476762593,41.84264746229127,35.915731669522756,32.41035485815685,38.477701079357075,31.04900654537466,15.785092701788422,78.24772906068415,51.27651107504076,55.0566078487693,52.67450252141887
1984-02-01,72.09004781893132,87.07670941093112,83.8361826274296,75.33621519759497,29.759939386485975,104.62476241713179,29.749937270626834,51.81071712175495,18.274856472596944,54.95132185964887,15.43877580044362,11.165976848384165,47.76720239713864,36.26332856123698,30.531213353561863,28.914884671056754,32.68900534345485,23.799786010533563,12.416313131620116,65.0600425290806,43.08781595608616,44.064224827657455,29.99952183312663
1984-03-01,95.2433121074782,127.68742427797892,115.13788377538467,113.60370103598649,40.851598119932156,139.88198005147993,54.335460002831894,59.65219483765704,31.02569176638983,78.54267890920978,26.232723325881985,13.754028829969023,66.53514356466337,43.709901414695594,46.170468662822415,45.658846855461086,40.407832927284545,26.944757733354074,17.708046098303875,93.45781681729582,61.54724126635998,57.166062574629244,69.7442181399547
1984-04-01,79.93317221730415,88.79331750895918,88.35139375587605,108.9941181104897,32.49941647628568,109.41421145006285,106.41603478466273,35.01517972117917,46.88714092785878,82.4504870935448,48.322048701901316,13.353814606012602,76.01380363167715,57.86242956837553,57.68396112523588,63.497957675333254,45.84466843199258,22.42765549053852,20.117297832008944,67.44668636743542,42.48924014440171,38.86414875985159,80.84065188411428
1984-05-01,123.55177580876634,80.34352970222736,87.26774308504888,173.80644355432833,33.46838501489767,169.9330880643819,221.5606575215876,23.408724622954047,126.4223196479212,198.99092038859536,180.59409026057384,28.601976538752268,144.2485020239301,118.79505553926205,138.95466976540123,157.72545915185358,93.7665020935469,20.6426715397485,36.54001225738261,67.14687656294787,36.90549948720152,32.87817642212731,141.4459724746956
1984-06-01,59.490399448783165,64.5570059148824,38.255126285762614,76.66743095625138,23.037780289422113,75.2265658419029,122.56392249634771,10.039939686194739,81.6804296632873,95.51888015730897,151.3000028443475,38.46058692221212,71.74549307895938,51.32704073496037,75.62761978765964,77.83049570295836,41.24073878856543,8.68206479465893,20.758129445608645,36.56364659465237,26.481972992032237,23.5897277915465,78.82718608376277
1984-07-01,12.484308305466211,59.32879768938137,21.842333833859733,43.50625034136275,15.930728029056574,17.804723086546424,47.64354257276423,2.8126072170545546,32.071501601211956,19.835891576800563,83.71247322907209,27.508057659938046,20.030467610876983,20.94825527853608,46.11079853900438,51.13397322140322,23.602682320032372,3.9463930884813303,16.608888046211938,20.28713010365737,19.298321522188463,16.82160409465226,25.861849613404214
1984-08-01,5.446056967156581,55.762328809916646,17.169090315917654,10.02716745575022,15.29084314506753,5.81177088928765,22.03968457946193,1.4241049200276226,28.746362639213395,4.288229698381444,28.528746393640265,13.193728916430034,4.617933260107639,3.6043387590881664,19.168316917927257,23.379002382504886,9.703353283922418,1.833554942648249,10.466992781414513,12.895766458813053,18.250257554517916,14.792397456258469,9.48566110387836
1984-09-01,4.2851341422056155,52.43885011784401,15.54361430967693,11.080218727523196,16.09430762345979,8.023937931403792,16.729793575169122,0.008900655750172641,22.90055381892559,2.3852515983688907,15.755468637375799,9.271629521657102,0.004855870935970176,0.0,10.254736993299655,9.724648485939687,4.135632572441665,1.627128227250764,6.1648230506149435,14.636767253293373,17.98100969870446,15.66175173714165,7.796587015805681
1984-10-01,8.943869798272338,54.508185907247714,21.379524693193975,9.384739950328973,18.70484550355344,14.458551968471715,15.347767149394285,2.2874685277943687,9.854746520439292,7.74858557557719,11.744026036234892,9.071522409678892,5.331746287695255,3.7793938171260724,8.828336890601836,8.808683561315785,6.573157072598406,3.399969430076224,6.032529726447851,17.183835636154686,20.27814636386772,19.877986252612644,20.391934189115865
1984-11-01,47.14650513510367,83.86296822284201,109.09878889108752,97.46353783277429,26.802997659420807,74.06678894603618,19.56658465965432,18.041629205599943,12.656980565026792,30.280507882358943,11.90237245470098,10.232143659152513,23.152792622705807,12.61742995242445,14.116246434666856,13.759520239762754,13.090220485151363,10.272764778016017,7.703736034686928,42.62033062741395,43.514310493531724,51.51873716601209,90.60596101581925
1984-12-01,25.487646902001217,70.31038648087605,62.614690323731246,47.943636203550774,24.069293967070617,41.47276270219679,22.91254337468815,14.392360348029161,11.19552835995484,18.21844724476794,11.031467153137493,8.644627237458707,15.130893836483072,9.592119462230897,11.64419844791964,12.857741977271077,12.780005547021236,9.544199900142543,8.129046461601934,25.61664386500837,32.73475377579919,35.3647971590781,87.07120994409101
1985-01-01,17.441423694079727,58.88984767344725,38.763087537712835,33.757247372495954,20.63316025169486,26.193775966649,18.330034699750517,8.90065575017264,9.613405789326492,16.8952419785195,8.920181573589648,7.550708358644488,12.649543788202312,8.478948836759086,11.289019139478949,13.062831766791243,15.119791094068482,12.677028874998491,8.415643784320942,20.773663558308215,23.436431129855823,22.90547909908522,13.60208007348595
1985-02-01,35.26647847286248,53.63028587537948,39.259760761841946,40.6914906526614,20.90932109636382,54.54387786561314,17.166222972782233,24.414498722723557,9.65362924451196,24.3626464350189,8.656270876146166,8.604605815063064,23.35188333108058,14.92905443677116,15.866570066662584,15.30278235518969,18.07830670949582,16.259139524543084,8.47502674958832,31.462935052515544,25.952378035969407,26.579771530534874,15.226275819102861
1985-03-01,50.1303024605716,62.63659959517064,52.65864978550681,50.99682259529506,24.245382589281135,69.6897050316355,21.53051694891331,32.74551250488515,14.520667321953404,40.458742075106784,14.145613382970566,12.21987430480274,38.1817131695335,26.464733902345987,23.953292561240254,24.02912159499888,24.52482809502193,20.254103604882644,11.204579651164151,43.23572969978314,30.91306580368393,29.66290305098397,27.78582804485124
1985-04-01,108.96125762649923,67.59046406071286,89.98815778993789,137.2211905651842,26.923276772952587,140.87423361794367,119.79986964479804,37.979098085986664,59.5977527664662,120.4978616768699,67.13888142962149,14.927990553574528,100.01151779724177,65.98677969782706,72.09003387559034,82.47971160824635,62.57162787675715,29.786160757060628,30.624414238604118,73.61382664395558,32.10725050853148,29.700352158468178,99.99094882968004
1985-05-01,70.9241102085594,53.97517517361344,46.890467568916456,81.4160961251899,18.676940749214065,100.08874611329752,109.03461117034138,12.790242312998084,68.67484581998647,123.3192486952325,112.74264994785496,15.608354734300443,83.11308694006556,76.72797851538371,87.49345012404626,109.38995923888042,76.8415150307431,18.68768911745467,33.78776084784744,38.15605744217176,19.80566458934108,18.083639016869753,78.77125647819743
1985-06-01,19.69055495537782,46.88926777353406,22.124534529387642,36.02230105140387,16.861207251338392,26.14652579681739,48.88009253266805,3.4623550868171575,34.551948004315726,29.877452594021428,85.87654094810864,19.437070810150214,25.50789002665134,25.44582369274074,48.017401066714015,63.60250720713377,37.30823325780349,8.305639607757632,22.983271059199023,17.294291879913256,17.07906646821091,17.617130135066592,29.005093446175223
1985-07-01,3.4175762643804877,45.548902546306664,14.008442526005133,9.239034742913844,14.43926702126256,5.901975758966173,20.07575229020295,0.3827281972574236,11.678209822180442,3.590064814479309,22.115716445763685,6.7636203848635255,1.6849872147816514,5.458126937797272,15.693242564143526,23.83019991944925,8.472692378682895,3.4485404219344558,8.827197539745438,13.353370897241417,16.354396619368647,13.484353630560387,10.00021347507931
1985-08-01,1.2160854645814647,44.27124446421271,14.22291505460634,5.298371178731954,13.51359896352202,5.794589009348884,16.366102410491536,0.0,8.071506673883611,1.889920153306154,9.843869014641829,4.882613532268343,0.0,2.1679895649309895,6.282411607698957,7.011603556001483,2.7171428964438977,1.2871312842431417,5.3513452098093115,11.00880562793748,15.502149274107884,13.102907721471333,5.570588714305924
1985-09-01,6.095471679170187,44.420173933904636,13.805258025225044,5.377846746412933,15.125339084847809,7.156252994496102,14.32943188829703,1.5131114775293488,7.6558643036337894,4.241221090238408,9.606349386942696,6.510151376357793,1.1314179280810512,2.854744023387389,5.529431473804689,7.069583827324479,4.416950776608989,2.1128381458330816,3.8509509059107625,13.035151718794108,16.496808708393942,16.693207154706435,6.0292114799415515
1985-10-01,5.253990685534023,44.80425519784699,17.23681848284435,7.768736740815728,17.185672188001703,15.470135149866573,10.401567309779065,0.6764498370131207,7.977651945117524,5.224919742120468,14.594261568624486,8.738010556381873,0.0,5.204072674080723,6.791028377386027,7.244758264087569,4.977887377063468,2.539048599389066,3.687246515173666,12.175170963816669,18.528406165895447,17.665278987546277,10.1903741340014
1985-11-01,17.398045800188473,43.314960500927654,16.367640340618408,8.199229399087699,15.60895734453637,22.95713933318392,10.474305542714582,6.755597714381034,7.736311214004724,12.306679505890884,10.79394752543836,6.336725212643342,19.5550778462455,7.3015913566733746,10.882694010622798,11.773079135553141,9.034478883077457,6.565583824436478,4.871466652648606,18.354277333410675,18.491319684378446,18.323313304768625,21.499340379309206
1985-12-01,38.59454081747892,52.31343582757712,31.719358177336364,22.35250341027543,20.556758958779476,48.2321142701074,14.402170121232551,18.006026582599254,12.308377286752748,25.48475932198879,12.166283152144462,9.887959426549992,21.10410067481999,15.091092580237015,19.236511345147868,20.66934991525047,19.291969535933692,11.613324153303214,7.27177654988484,26.13039689401401,27.807443841449974,29.47405255181366,14.541697446983337
1986-01-01,89.71601561650218,100.11979559868783,128.00623549145706,100.70879017974761,31.34156161778341,118.17224520185042,24.221831567527474,42.82105481408057,16.55865571801704,61.66049487739669,13.93448482501578,7.80551141456341,48.06195376295203,20.145695166300758,26.53899792668849,29.316120484839814,28.631563933500786,15.00722220939716,9.126405144664082,68.086806599122,54.754481311705455,58.832547857676076,30.92236032495442
1986-02-01,467.93439167541374,286.8616738060893,426.0101699689232,330.8283095108311,110.86174005869141,580.403474784522,63.28226265390059,311.8433748630486,70.64579512407433,296.1585839500323,30.903942670631594,27.241248177300434,258.36826723853966,162.5363770925798,134.22936424590625,119.03873992298256,122.47030786195468,81.56405235273215,32.92659321254136,352.02694176018497,180.64825146932893,196.38542009231176,148.65306144784282
1986-03-01,242.42375386269794,160.27162456794568,222.374148075988,236.25437085965783,42.78385802299742,340.0057789032662,132.7472751073202,176.6869172966771,85.59551263467272,206.73254172592917,57.664487391400534,30.442961968951803,171.2456876666435,129.00121428199515,121.10193700593828,114.01573631108039,128.78594404070807,88.85698678024565,44.979271661095595,195.85443665628222,107.37278128803143,122.40294279935306,172.61554165624872
1986-04-01,100.69388238151367,79.92025647257663,88.38525783933939,126.140971837661,33.12862057499311,136.37258107398694,168.75270041040156,41.08542694279691,86.72176937986576,124.37433078910958,82.41931081159902,26.400798306991945,122.79283629334586,85.93363027256169,102.68944165637281,114.62329553717774,90.10341611179115,41.761338799707666,45.54421230363932,76.80140974508832,42.723626707589176,40.883190640499656,119.1927010123659
1986-05-01,105.09084623860657,68.8681221428068,74.25264700730199,128.4921240482233,27.379182724883428,126.40064750452554,215.74159888674615,21.842209210923663,131.53069845647545,180.60010824730296,178.64115109949208,44.61054549700914,145.90095490344078,141.66532558322967,177.39075380761915,226.92337094735484,129.49646373461712,27.327254294237644,65.09198393594103,58.629253718351,34.230822440195155,33.30402627294764,117.98238434793235
1986-06-01,77.63765419086224,55.252833255707394,34.36075668747754,60.17625066244817,16.56406972926949,62.01756609197795,151.2955245058773,7.699067223899334,109.23349646533184,128.6878058511234,237.12376165296743,66.0086660045458,104.27303013064918,102.20342691025392,168.61072130296523,216.64205017557475,106.07141133806198,13.733447947915032,57.41507341066061,29.443032242544835,20.12312487112664,19.309294806102596,83.73556826817529
1986-07-01,12.691168204080585,50.255073788571764,20.04753741030227,15.140095643226559,16.38547930149751,15.562917301535908,53.9717688381543,2.679097380801965,36.12066275654892,20.99282565498752,93.79386187141304,33.95150666563644,27.448781639758625,22.67860719837231,63.136673868417375,82.48958059059922,37.66604281657824,5.007669260583696,24.652872422430875,17.437622005742828,18.983086429293927,18.061169552379233,23.953531471515475
1986-08-01,6.3073463632055145,46.79912625240473,15.837103033025947,5.8944379363392985,13.398612130985644,7.596968214925452,26.258502089721972,0.9879727882691631,13.675974763058608,5.558332648023857,31.062289089097675,16.048590380652506,9.258689113614338,5.4603712334131425,21.708559331895078,29.707487316270026,11.753321587401523,3.291898973191658,10.572002040458754,13.22003443156143,17.36908275367389,13.898968749135442,8.29883487378226
1986-09-01,3.0194023019567013,45.58966219064341,19.675032492205435,8.185983471140869,15.0321949393288,18.03367163673048,18.766464097363624,0.9879727882691631,9.881562157229604,4.9837829929423,14.040049103993173,8.871415297700679,12.186779288004352,2.2604545443048574,9.0357616067312,11.259275241807883,4.743313889600685,2.8353316497242793,5.564573617912254,20.763012420517207,18.668593066029725,16.996544925328443,8.652309980955087
1986-10-01,7.105700202221471,45.87811505825725,19.04290293422293,11.2126780069915,17.383122380775472,15.957241446130595,13.67478779187737,0.8544629520165736,9.881562157229604,6.946827647804287,12.32462957061055,9.711865168009165,6.4922994413921264,3.014089012114201,6.791028377386027,9.406373805060271,7.989097036775926,4.00710682830412,7.399713594746605,16.00340027874911,19.21079742580833,17.30362760669887,6.873748523977893
1986-11-01,3.1189457925626476,43.47956675690295,20.126553605050084,8.362816609231047,15.904940187115361,10.232668597532182,11.783593735553904,1.0413767227701989,5.631283725965309,3.4847307110476904,7.970103062793116,7.844198789545866,1.5475660672936957,1.1454884823403486,4.034836943886259,5.828867702152102,5.099423640495272,4.492816746886438,5.360057768419969,13.708540319136533,17.23779660910369,14.728038490110622,9.226147734055273
1986-12-01,3.029933351340705,46.074074886799266,21.79718172257527,14.181752756273415,17.199335895298915,11.313838392679044,14.838599518845657,2.1717600030421242,4.9340771694172245,4.177672416267265,8.709053015634863,7.3639417207981595,4.32949452651101,2.0853994862669514,4.14849432258728,5.057853455835687,4.759462064462253,4.735671706177596,5.1965826555410475,15.764735894913624,18.85476720324509,17.642809523055757,12.287734342700919
1987-01-01,12.478039823690017,53.15214389373696,36.73124252991193,30.70737246273838,19.735589394875344,20.94514119235441,14.911337751781176,3.925189185826135,4.773183348675357,6.843234603933523,7.600628086372244,7.350601246666279,6.2174571464162165,2.646922249357773,5.8817693477778565,6.044751691120699,6.374279550619091,6.314228941570129,5.462315693166112,22.575809773440596,24.47707780122297,24.749152159257296,9.758597579037126
1987-02-01,33.35584522747881,68.79757660453168,82.72995590096022,71.35382696038056,23.694792919178084,66.95306110438852,13.60204955894185,12.532123296243078,7.910612853141745,16.158773784278598,7.600628086372244,10.325526978075679,14.015985869584322,8.255416993418375,11.223666146725861,10.578315459461223,11.81366476714738,10.199908290228672,6.263641807488459,41.1051076549973,37.264496628286125,40.16625422707718,14.589796907769513
1987-03-01,52.30095233003176,116.68232030705917,186.92974071768333,157.72588702687682,35.886572536631306,93.55533626658169,20.07575229020295,19.9107669131362,9.881562157229604,33.01310086311805,9.843869014641829,5.5362967647304995,28.426754046263017,16.294483889466825,18.696638796318016,17.39408139689834,17.678001953716944,14.935579996406268,8.486949198213432,76.64348361561922,67.00785480492372,71.51730954472384,22.810330333760326
1987-04-01,53.11585496093686,58.286291401537824,84.2538396568109,137.14171499750321,20.8025132435476,85.78053559429001,66.91917430067649,6.390670828623957,35.651389112718476,73.9906786873591,41.98819196325778,6.65689659180848,50.36363658660189,42.62904864609232,48.759015462738176,55.91395314286647,38.58563887974755,14.57129755746953,12.693051506437591,39.29967405165782,27.62201143386495,24.33903093358034,51.42503513308961
1987-05-01,44.43776878997511,50.588989336407366,55.582248991175895,104.63488322318798,18.312639370149025,48.87600522081266,87.50409422142806,3.925189185826135,44.68825871105328,69.35336654702658,73.28800068005458,10.405569822866962,45.762698874770145,42.49439090914009,64.92677758295847,71.1800352199315,41.390321882019954,7.042793819443604,16.685237572984278,25.015709300750437,21.31730957597419,19.960909276327655,44.59714888567528
1987-06-01,7.693182314286289,41.38671578807419,21.153764136771652,30.915995827900943,16.100947030526743,10.646751904056446,23.348972772301252,1.5309127890296943,14.882678418622604,9.700313343293633,37.05306192106469,5.8431276697637555,13.138529991454508,11.228659825323732,34.26769967835795,35.1274090621759,20.227713773964577,1.9428396743292706,13.299262163452834,14.099345029196614,15.15353634784804,13.117833865740034,12.320173513928808
1987-07-01,2.143068549644903,40.63423004647285,15.814526977383714,8.934378400136758,15.571430261114456,6.872751975506459,14.693123052974624,1.335098362525896,7.280445388569436,3.005068802032633,10.450863618761836,1.5741759475619252,5.444888080503361,2.7079670901094532,9.433562432184775,10.79419944842982,6.374279550619091,0.36428243893673823,6.075404685926613,10.491502219668178,16.688916682652028,14.437165922408353,4.3770509315419845
1987-08-01,0.8520120430201685,30.23895306197588,13.61336155226607,8.00915033305069,10.94395598202917,5.39081483078788,10.474305542714582,1.3261977067757236,4.357540978425538,1.2657503007402804,5.832426413500923,0.0,2.8936134907446287,1.146835059709871,4.262151701288302,4.471882628635211,1.274855910123818,0.36428243893673823,3.0741575224131648,9.648615883367663,12.75774964184955,11.714776304482047,3.4922445714986132
1987-09-01,0.9653461935337402,36.44539275155867,12.721607354397893,0.0,14.048600460511354,2.7701485931275727,6.299130972215853,0.0,2.775418407797188,1.2500807646926013,3.483621206253945,2.6734310160288963,2.024898180299564,0.0,2.8502429143748635,3.9044161433463294,1.2774056219440657,0.318139996671418,2.3271702604783426,8.497635524297706,15.09271451816015,12.78763973517936,3.825585020667923
1987-10-01,2.283733280702676,37.940174323677184,13.060248189031379,2.2246535986700793,14.276072320022648,2.7808872680893018,6.357321558564266,0.0,3.9284907897805614,1.6679350592973705,3.512651382972728,4.2502750584171975,1.505319990150755,1.86725395240433,4.620172444196519,4.171803883968862,2.1664051432704086,0.8742778534481717,2.7036445036020313,8.424787001628362,15.50585792225958,13.391800836349436,12.072964657330088
1987-11-01,3.6439938261365827,37.6697497602892,14.855044612588843,6.370629046027835,14.658656124344517,7.483567807329598,9.165017349875258,1.2460918050241696,5.041339716578468,4.830569751587216,8.07566734177051,6.0619114455266,5.053504883064164,6.745454903060644,6.897866313364986,6.451847213175767,5.495478876573739,3.22511385938659,3.083328636740173,11.241947199585036,16.694850519694743,14.935185553223217,9.841373395273799
1987-12-01,22.437152930434596,86.12277696558856,140.87458720752946,128.84115424962226,23.565468816308716,60.5880336810726,13.696609261758024,1.970605183088223,6.610054468811661,8.975162036198272,22.80188425911673,5.173435868343344,6.5646519183380825,5.779958929113116,7.205877809644756,7.338822002138171,7.242031473443369,4.8910988801239395,3.484564888546784,46.39885463265504,50.33822309266054,54.305806742436104,9.940928093180071
1988-01-01,40.320629959371466,72.29977066023463,83.67815023793398,68.71523811337205,23.996645382497427,66.9603634033625,14.547646587103584,13.181871166005681,6.154188643376374,15.295208242095406,10.609210037227925,5.8978236137044675,12.888938225345646,12.366068843446946,16.875279302634148,18.802878627767697,17.081369387778995,13.841518404799597,4.927869005759707,38.080447513408444,44.70404482059722,55.914727397407226,10.431990030043586
1988-02-01,23.355861619553462,53.75491632633221,61.1811107904495,69.00598623180498,20.3104273342664,39.816859023098196,15.260481269871661,6.150353123369295,6.9519538378881265,16.709819135288633,9.870260084386178,6.897025126182332,16.981951837274906,10.85700447133556,13.735494216018436,12.372619813488788,10.97905909798632,6.438084970808619,4.263880328484309,24.337192374804935,26.970772818426354,25.28387191540667,10.02929686997328
1988-03-01,35.1872448632114,53.22896014652543,54.12609340225191,74.97195217905714,21.737418737207385,62.53388158413788,22.330637511204007,9.644750570887075,13.032399480091145,35.73350642695118,12.852450965497512,4.455718360048161,28.721019824982807,21.752161968140925,25.96218672978081,24.531514477898668,19.71862131385513,8.071284572041664,6.513783950757607,32.98933514483635,26.65702118479249,22.41585876809181,21.459071063302176
1988-04-01,41.41209800624221,51.019317119885635,64.20630224650861,91.98634662676012,18.254039386036347,67.63647037895295,40.22424281334142,9.402652734482377,22.310609809538754,57.4366843827668,29.267696346482012,2.641413878112383,41.84255426816142,41.6200133371969,43.383021450179854,46.82585401868561,28.868687132783812,8.24856869232421,8.967744866806841,31.30395695882017,23.701970337517576,22.782111039287276,27.610209083376134
1988-05-01,32.150290812281355,53.5268190859093,66.31716344905735,92.99369944711657,19.92486060792894,53.31236662100207,46.625207311667,6.728895747130515,28.974295551931032,58.66761349229002,61.25367287663187,3.922099394772933,40.30275759436528,47.878904950736796,62.38085230005559,69.17879064219261,40.04152432910896,7.2880773283276765,13.169261617867496,28.99305454475695,26.44043613273319,26.32345913916803,29.23216764477043
1988-06-01,12.823809278464832,42.3688664487268,37.27306786532551,66.65284713205065,18.01338493568197,22.77458185883453,28.877078475400616,4.646142301590118,16.35753844208971,19.140338282239714,52.544619860997,4.148887455014904,19.308885189791816,24.635632975411458,40.328479397589916,40.28148509595188,18.543204164720976,2.3969784482037375,9.519845949292735,18.265123365234114,19.37026929633145,18.9383881458341,14.96116948872324
1988-07-01,0.2765654159656403,36.827906336872694,18.90744660036954,17.895248656167176,13.557765454010886,6.087540062304848,12.583714297844601,2.332861872120249,7.629048666843479,1.695792012271022,17.602843519480164,2.9482447831456393,6.036818747598125,8.666123091122696,13.801983782558533,9.867440324357489,4.268217587094543,0.212498089379764,4.533969645414703,12.198577167851223,13.130839645910612,13.20509028617822,3.922902534351582
1988-08-01,0.0,34.46149544739929,15.509750226213582,4.841386664566322,13.72538642662877,3.3083709822094227,7.1356206509743085,1.9314422977874632,5.108378808554245,0.0,7.072806691485283,4.09018936883463,2.8562232845376583,2.8358919402140765,6.486994889360796,7.314766357653099,1.53917603548949,0.0837849609554498,3.13560398840412,9.844675716039125,13.624831579717112,10.728206317173324,1.6387374430638912
1988-09-01,0.012536963552386236,32.088030004098364,13.624649580087183,0.0,12.359881706525229,1.447143837842579,5.5717486428606735,0.49843672200966793,2.064804032853947,0.0,3.932269391907863,3.64728562765619,1.6029229959637556,1.4291674481863912,3.2937908347556,5.7385048324838195,1.753351828390291,0.8718493038552602,2.512197492025734,7.322985970136627,14.41329017676863,11.212851266743826,3.9710019951377573
1988-10-01,1.394110347025349,32.65239431029937,13.9858664703629,2.3975129583762094,12.96830157441436,3.097033858962599,3.7023760564178625,0.0,2.5608933134747005,0.11316887145545834,3.483621206253945,2.7654802875388738,4.284334926806487,0.5476081302724238,2.056061980701477,2.865088939311801,1.5510746906506454,0.0,2.025899154836122,7.633052425830328,14.239725443269046,12.383563865424856,5.381546647495141
1988-11-01,21.353708540237378,45.05038074249577,41.28031774182173,39.48412432030787,17.58018768038593,58.76847259555727,6.00090421718023,2.7057993480524827,4.062568973732116,7.288075321731516,4.750392553982653,4.649155234960432,2.8989549487741955,2.1998585626763516,3.9356708809696177,5.352072492230031,4.3056133604581746,2.406692646575384,2.2875051910140325,31.91475368769941,27.688767100595562,28.73288121597639,6.869274155532667
1988-12-01,15.616794018665438,38.25606156728692,27.22672310453214,25.4772178129326,14.921153261716267,30.578162180023646,7.8557291570359356,3.3911498408157756,4.370948796820692,7.985369675853224,5.832426413500923,3.843390597394836,6.75888675577689,4.344058594079112,5.560687252947472,7.468660801217856,6.15670414195796,4.077534766498557,3.346768895783485,15.837715913111252,21.955197058066666,21.22144623424578,10.49239400405413
1989-01-01,16.617494449416906,41.06690934789363,33.45771446178824,30.117266372707107,15.4610621465377,36.71939561713714,8.292158554649045,6.007942631366533,3.9687142449660278,8.855899456279827,6.650549575575714,4.351662661819492,8.541476976371541,5.446456600594746,6.339240297049469,8.071593941837293,6.596104478980635,4.951812619946729,3.523083568720218,18.61135109120592,22.386141973294258,25.119256338651127,9.471119406431379
1989-02-01,27.3957727546744,38.32347174830537,31.20010889756502,31.909440423913193,18.033784273336963,59.023193965649476,9.601446747488366,10.618482309955962,7.575417393262857,20.952781285087895,8.154840551003552,6.224665229935545,14.51419822761486,10.193590687284217,10.578660522597565,12.578326414406007,10.075611209678573,7.775001521706449,5.1848894847741125,26.940672339300093,21.36329681305527,20.553889143977454,17.615588568853354
1989-03-01,217.23348373615937,198.26901916155714,326.3368843084677,244.97747670904263,60.78916020225007,366.9181869983543,71.86537414029172,94.0692504924246,36.17429403012954,123.59259504628648,25.704901930995025,6.670237065940361,87.96167406963177,42.894324387888226,37.67031745321977,34.687005724679956,29.133857162089576,20.272317726829485,14.673782923213196,199.41954341911836,111.3929558844747,119.93456512761958,93.81632037526865
1989-04-01,138.63875774770793,81.57964430067042,116.26668655749627,160.90490973411602,34.48604253866731,218.17465236845564,152.02290683523248,34.34941067106625,64.25026574958515,136.98830730749103,68.37926170760585,4.366337183364561,113.40352425155393,71.90184522301558,67.47895402168992,77.2269457509419,52.07871383249805,14.66965381598245,20.688887532439733,89.76371294121307,48.89926760980077,48.30988364186603,107.4362979225355
1989-05-01,79.1458509062143,53.73688802210634,59.02509747661631,104.53686335638145,21.468859532513637,121.26111766784211,111.72592578895554,12.932652805000846,67.53518125639826,114.51471049599786,102.60847916602529,12.418647369367765,78.44173909966224,59.19913203718806,68.25125590996333,71.7604547445585,44.35138720926755,8.581279986553097,15.99809183203319,40.56768543090054,24.899121960886482,24.353261594424332,82.40668083994325
1989-06-01,36.403831806334956,42.308510821535855,25.747991459965924,40.333188301699664,15.357622108900372,33.34831077315122,67.4283419312251,4.2456127928323495,57.318423639289755,58.920067128613745,122.375390404542,22.738838157790692,45.41938879959706,32.744721894675074,42.41693373122118,40.1285158694827,20.155471939057563,2.362978753902975,11.099111836403557,21.271637123919767,16.408542882383472,15.401105949051628,54.64210604520686
1989-07-01,4.17556108075776,39.12377168807098,17.28197059412882,9.97749522594961,12.848984693790841,26.6838890919023,22.257899278268486,1.1748865590227884,14.989940965783848,5.056907494498134,38.50457075700383,5.389551549279811,11.438003989677753,5.766942014541066,11.693639407654587,7.916774281176956,4.086338143916878,0.5585664063696654,5.07162622283556,10.522272173286638,13.238390442309926,12.231413491589054,11.670271497259781
1989-08-01,0.7085891799808701,36.245513726445814,14.268067165890805,5.501696172715793,13.43777501035159,7.725832314466199,15.275028916458764,0.9710615423438351,8.017875400302989,1.4494320844102928,13.617791988083603,3.2817566364426574,3.6360761568544686,2.0265989411311423,5.372300147750528,3.8196045762515234,1.4533357375411524,0.448067399892188,2.8127807640934295,10.282818816281448,13.835482794733698,11.949742704582903,7.174649801919318
1989-09-01,4.833751667258037,34.76013822609732,14.561555889239825,9.093329535498714,13.169119582367014,9.351238156673476,13.238358394264264,0.8099596732657104,6.31508246411824,4.7818200838833285,9.342438689499218,2.754807908233369,0.6375758538928843,2.2447444749937633,5.5038585635969595,4.8863798874549165,2.464721426239381,0.29142595114939057,2.3315265397836713,12.086148491168395,15.615633907549915,14.101193929550114,7.801061384250907
1989-10-01,8.903751514904704,50.361675935298614,50.107555497934555,34.27317626602499,16.68194326053063,26.018950338272052,12.292761366102532,3.0440242665590436,6.4893841032552615,10.474214318092884,9.316047619754869,4.907960433118918,10.804798419627241,6.831635854710074,6.543823578711306,5.845521609872537,2.77153674860918,0.8038499152537357,2.3920558943419263,20.010463512147805,23.504670255847113,22.137130410959415,4.434099129218611
1989-11-01,9.947579100276382,37.5419839520798,22.632495781337866,13.551246586004313,14.585045306863071,24.730309342864594,11.128949639134243,3.9874937760773435,6.1005573697957525,13.882338408463031,8.33957803921399,5.457587967352405,8.431734293218616,4.889871287858841,6.276160451870401,4.90488422936651,2.965314846948001,1.3320594517120063,2.401685564385285,17.378712009071588,16.871382171715688,14.004468234790927,12.348138316711468
1989-12-01,7.29626204821774,35.23592868979734,18.060844513785828,19.052942758720107,15.482423717100941,16.342545103757427,10.256090843908028,3.0885275453099066,5.202233537320334,10.42372359082814,7.099197761229631,2.6467500677651357,6.09945948267214,4.076089697544164,4.753435720723466,4.1310943317633555,3.3180249820822567,1.8493405150021747,2.293466415326587,8.952478556632103,15.540719214885566,13.369170875683986,10.43982017482273
1990-01-01,25.396879285881937,60.259214955298866,73.82370195009958,55.07127003173993,19.57383804299781,59.39389302532837,10.692520241521136,8.144100011407966,6.006702641029663,15.07670526720833,5.278213948869615,5.8311212430450645,12.047901379235608,6.605410856630318,7.082843697200899,6.568116161520283,4.929442852478762,3.76789469340233,2.6231679753825343,32.923324389637784,31.840969571239384,36.37073368482866,13.039428241498827
1990-02-01,25.303855016323237,41.00498604207435,38.029365729340284,28.284029944865857,14.282615503798777,43.324969359595784,8.219420321713525,11.437342638971844,7.897205034746589,13.840552979002553,6.333856738643537,4.7999025926506835,11.659431704357992,9.503694214965599,9.542389372291003,8.31523444367328,6.353881856057109,4.716243309434304,2.707771505049185,22.580280621402252,20.43910169365152,19.806725950942713,10.665775781306623
1990-03-01,60.50815014996587,62.423395301716916,74.94121670439006,74.13348494002281,25.287192159047965,99.55052372421568,28.804340242465102,29.61248168082438,18.127370470250234,50.021511713093005,17.338932822036682,8.38048584964747,40.07453166037469,25.17650821883627,24.18401704000333,21.711144364873217,17.077119868078583,9.891482491928901,4.901502052069557,52.29064327294849,35.00222125574885,32.95639155804432,35.52312967875768
1990-04-01,67.8332472143541,51.71066339498188,44.48611764301872,64.06459281124009,16.77479873617716,104.45251407074565,78.7027680362304,17.160464286332854,38.06479642384646,84.02179334721482,52.62379307023005,3.151019989950226,64.95601433628588,51.06894673913526,49.069015963145205,51.993499903196756,27.52413909957323,6.391942528543301,7.327720347279589,41.77731279558515,18.386735806500493,17.469206160504008,67.17145628394994
1990-05-01,45.26320247026422,69.437973324207,158.70967116489294,103.85403577072238,17.457791654455995,82.10919739837414,52.58974241237945,7.95718624065434,31.789937414913684,63.11602067026997,59.88661546387465,2.6947757746399055,42.402921774172384,39.026056464373674,46.98340306398147,55.82698273588197,31.30026230535998,4.8534563614338095,8.821694871149234,28.48285189501498,36.70374902774901,35.45884791758843,41.77941535729444
1990-06-01,27.32832389076256,56.57281866076643,68.49575281853275,69.9914832710491,18.80193480399629,52.0142755916283,30.986487230530635,8.277609847660557,20.40669959742667,29.01127546249696,51.64732348968917,4.663829756505501,24.854289798669754,21.455466087722836,34.71039516839842,35.23473424526314,16.652167898037312,2.5366200497961544,6.671985672898499,27.878366951493376,25.728375687606704,25.5369208845499,25.908830482079075
1990-07-01,1.4068980498487833,36.787930531850115,21.289220470625043,11.119294214966347,12.753627412582851,15.148404448013174,11.856331968489421,2.3497731180455768,8.151953584254542,3.565689980627364,21.271202213944544,4.591791196193345,5.803736942671557,10.35428225338055,15.34971313701969,9.885944666269083,4.588631372505662,0.048570991858231764,3.4052347496181627,12.553878085274622,15.41388344809741,13.756555143245532,6.184695783413145
1990-08-01,0.3994276587790255,33.440936660352456,14.979212918621121,2.302142277159034,12.457259676840556,4.575105080694957,10.823449060805066,0.1744528527033838,5.1620100821348665,1.1177602380677576,8.709053015634863,3.668630386267199,0.5322034545823314,2.487128401507787,4.074332882984865,3.763166333421162,1.5374762276093248,0.0,1.8663217655461783,9.33223764231633,14.77377077711391,11.47959590948128,3.4452637028237443
1990-09-01,0.6852704277734317,30.869159870567007,13.26343268981147,0.3980401348022381,12.253458746872315,3.9973643677539448,9.914221149111095,0.0,3.7675969690386952,0.0,3.8530961826748182,2.974925731409401,0.0,0.9497859046364333,2.411525432588921,2.7784269380258357,0.9909879941362476,0.0,1.4306938350132867,11.317294137291775,13.971961046716272,11.116125571984641,5.34127733148811
1990-10-01,0.9839008995912717,31.097257110989922,13.545633385339372,1.8888693252179414,12.973882525282239,6.020530730543658,5.724498932025263,0.0,3.0703904124906094,0.0,3.5364033457426416,3.247071403699768,1.4999785321211878,0.9098374426739368,2.1918825482491977,3.221297521109985,0.9119469277085712,0.0,1.8991084992652327,5.289407625224381,14.707756840013644,12.918925606273962,11.863787932515791
1990-11-01,1.7822547386072272,30.34241985144606,14.121322804216296,3.6856794512054156,12.657885238211556,7.982701419550754,5.673582168970399,0.6533081320626719,2.94972004693421,0.5432105829862001,3.5891854852313374,2.9255659771214426,1.0231320062089162,0.605959816285059,1.6096726258532155,2.622990465968446,1.407440924776695,0.5925661006704276,1.742282444273392,8.682912723649878,14.663253062193238,13.079956768456015,11.63335795758667
1990-12-01,2.9028085409195086,31.050226752139828,14.324507304996384,5.269230137248928,12.515763437662411,9.159660195356235,5.724498932025263,0.5286989515602549,2.9631278653293656,2.2833996140589785,3.457230136509597,2.628073403980502,1.6626502084761885,0.6472548556170779,2.4379507731369086,2.9613115172520894,1.8748880918220951,1.2239889948274405,1.7853866816103305,8.126818134536792,13.805071879889754,12.029776797149129,10.38948352981394
1991-01-01,2.7463472357857284,31.777629635687802,14.843756584767727,10.133134879324864,14.373257843756324,8.549703457530036,7.419299759422828,0.4103202300829588,4.035753336941806,2.5010320591656288,3.668358694464382,3.5659087354517167,1.394606132810635,2.2389093063925,2.8141566966372893,3.315052853462061,2.7936342510513263,2.0885526499039657,2.133659748178469,9.129603033230666,15.145377321914298,13.206374255577678,5.632111280427776
1991-02-01,6.0493356532974065,29.81019295712595,18.049556485964715,18.61185335809067,13.150644710528532,13.285029568653986,6.968322715222618,1.635050461306714,3.512848419530741,2.159784385238401,3.721140833953078,3.895418446509171,0.6875913245333771,1.4103153650130784,3.217640391025915,2.8573787968486366,2.1001126359439697,1.1074186143676843,1.9523009623618806,12.753619792738037,15.74617832248977,14.398058354449857,6.078429532839035
1991-03-01,83.03958104631441,66.644370008512,83.38466151458493,63.94140568133455,22.14223012170993,138.745828240529,12.147284900231492,44.28788288170903,9.50614324216525,36.33156038610426,7.099197761229631,7.110472712292425,39.38985385840289,42.88804036016379,33.390833001679574,38.31601557924207,35.92373973940902,27.09289925852168,10.14279388995477,70.87109291500765,45.05933331353013,52.477487816332555,23.87970439216925
1991-04-01,69.20153141646155,56.21930713007663,70.30183726991135,70.06830965314073,19.54901243396485,113.1413907557797,43.206510363697646,28.819433253483993,21.46591725064395,56.537427119586134,18.684877378998436,2.3345829730791263,47.21654663299962,36.28352722177981,38.47842141578404,39.35441756618101,34.08284780519023,17.36048676492849,12.664621052023863,52.24014899008742,26.82613554051003,27.611922431524366,34.91349697809569
1991-05-01,82.11385165760623,43.44194246982289,55.75156940849263,82.22277313715182,22.08016609912753,126.42384304244285,105.90686715411411,21.591210718768792,51.834625915671154,115.1501972357093,83.97638392651557,3.2537416407657083,88.70073762608644,82.74538392065593,78.82366527673236,94.08224239251432,59.84003661333186,13.757733443844147,18.090940121456466,47.81111660642533,25.798840002489012,23.469997645047023,56.67123213511668
1991-06-01,42.3661609325788,32.80916217313299,23.79516264691283,39.966938393969805,14.58466041369977,61.28690664758192,60.881900967028514,8.73154329091936,44.5005492535211,69.37512979153725,125.0672795184655,11.710268192964897,51.67035145547146,64.97235807945356,91.23988146947866,104.15138004370817,57.729725130106885,7.319648473035527,23.078879926058082,24.508794039215573,16.028035582019008,14.054329046469888,43.54343511682465
1991-07-01,6.3469631680310545,30.05631850177472,14.200338998964106,14.332756334867277,11.880112378469684,13.139842683171414,15.929673012878427,1.5424836415049188,11.168712723164532,7.641510412584717,38.68930824521427,5.692380312073505,10.361942990266762,16.320517718610922,28.98263156876045,26.502226891483424,12.372051655781613,1.7534128060821665,8.703387496330826,13.693155342327302,13.782078261349211,11.145496371997247,10.236236410564965
1991-08-01,0.0,26.463982924942442,11.875005267814183,7.656808649665016,11.297384129230938,2.969028853418791,9.121374410113948,0.03649268857570783,6.31508246411824,0.9514890500062766,10.266126130551399,3.1590242744293553,1.6276879377372035,1.6993806403372103,6.950148707567458,4.817913822382019,3.518602311941738,0.3897822096623099,3.2183732952053696,9.644408026462573,12.786677097432811,10.085312139119583,5.59407914864336
1991-09-01,2.0189526104762794,26.95309865698332,10.373697567605735,4.749989761733197,11.511096058154198,5.739606993544833,6.619179197132132,0.0,4.746367711885046,0.0,6.069946041200057,3.9434441533839415,2.97810564503051,0.8443040106905157,3.6938648077831946,4.995863910431847,1.8238938554171424,0.3618538893438267,2.5463598928938405,7.677892400975175,12.544131508311603,10.201511369770554,4.52806086656835
1991-10-01,4.3280105575547765,28.311492188436596,10.97196304212489,4.457917050505598,13.670924044021579,7.483138260331127,6.801024779470925,0.0,5.202233537320334,3.2897320402321313,4.460090786794824,4.284960291160088,5.9882600382384235,2.239807024638848,3.5083191370537783,4.391697147018305,2.56755980298937,0.590137551077516,2.1611730911594935,7.944433836806867,14.183353991363203,12.70798013368797,5.564995753749392
1991-11-01,7.943169367520872,26.507877926535855,12.597439048365617,6.929607205384055,12.763153518374565,12.581002038163046,9.17229117316881,1.156195181947426,7.722903395609567,6.3183051463362805,9.210483340777477,4.9893373253233895,6.900678187107219,4.8131163777960655,5.468056489306139,6.775981602327188,4.977887377063468,2.0084105133378833,2.919165690286725,9.416394780418097,13.156800182972518,12.073003766930894,5.078408185331104
1991-12-01,6.140604747958777,28.709682560033972,15.25012558632791,11.367655363969407,13.544005523422854,14.590852444000216,8.539468546629806,1.845996002585806,7.079328112642102,6.721360434673799,7.363108458673112,3.922099394772933,6.225226539913767,3.664485881593498,5.016552552416331,4.693626325875813,3.423413070652493,2.1055524970543473,2.6626037669886693,11.765693888740255,14.609106799178411,14.40726013514597,5.2875849101454016
1992-01-01,6.270236951090451,31.291649260903608,26.61716960219186,17.075988012655746,14.830895814922023,17.1380661449223,8.001205622906971,3.2211473159874786,5.859216638682954,7.212339230834402,6.043554971455708,4.082185084355501,8.887700574106216,5.646647769530402,5.958488078401045,6.382147525308763,5.096024024734941,3.217828210607854,2.9047211852216877,13.258694116876926,17.682834387307746,17.993012176757993,6.892764589870102
1992-02-01,57.962394331018324,91.85421003078552,178.35083957363506,102.40228206774981,20.905087271567503,104.16385848777439,10.183352610972511,35.470003230013,7.816758124375655,30.90206614558354,6.8088959940418015,5.469594394071096,35.029767344995264,24.17465465591164,19.189343532986946,15.568319661621066,11.036852565911932,8.277711287439148,4.585557163504124,50.72242760263335,56.44562486888085,67.84756450489726,13.975689838662293
1992-03-01,52.62465672895437,79.69137539283952,149.79212918621124,112.81755521234216,18.52317593047505,84.57522671658558,20.73039638662261,36.504259428183055,12.294969468357593,44.64424925939788,10.213343991062702,3.544563976840708,38.07245607347418,22.7585041222973,21.825058145063633,18.314980812698668,15.526045177427935,8.365139072783967,5.638630366102846,45.047212097423674,43.58403307878369,49.29040827325231,24.365173368476235
1992-04-01,59.806581669574335,63.48157837584381,153.9686994800242,178.22992119217218,18.058802328951572,93.86117372949174,60.22725687060885,17.11863120430704,34.87373564579946,91.96624812338803,48.79708795729958,2.010409451674425,65.96263638131249,58.82119265547546,59.35131487077986,58.71427688548769,35.92543954728919,7.88792907777684,12.4257135238053,48.69108468170194,33.736088776758315,33.94729494207621,47.50213259873803
1992-05-01,22.99956111539465,41.807637499782466,80.765839060086,120.97969601317874,14.27645721318595,39.071594980754234,41.60626923911626,3.6368079395205415,31.360887226268712,46.78401145968648,80.49276272026161,3.8727396404849737,46.11135040797281,47.00766939265584,67.56590191639619,68.79297511333587,34.34631802661582,3.2493993553157052,17.126368172113374,22.588301848627577,20.56222881228797,18.901046035799855,29.500629751483963
1992-06-01,4.177316255655094,33.3366860315681,25.409350625332436,30.492126133602394,13.841335492073402,8.260188780561826,15.565981848200837,1.4365658380778645,11.11508144958391,7.256736249636159,32.566580064525525,4.2462729161776345,8.07288543105042,13.752145815808625,21.474140988324226,19.104807806625203,7.454507458464005,0.3205685462643296,7.621883839318379,12.748754458191529,15.063787062576887,14.16448292119841,5.676854964880032
1992-07-01,3.5981085395348495,33.21283941992954,18.884870544727306,8.501236556275419,12.856008994021098,5.757218420482069,11.56537903674735,1.901180068236876,6.274859008932773,7.260218368757865,18.368184542066256,2.8815424124862354,8.986760341200007,14.646273189171467,13.129132100648484,7.489323983019136,4.31071278409867,0.9483486160319752,3.688163626606366,11.370549826246798,14.394005206379784,13.049195001593997,4.372576563096758
1992-08-01,0.0,27.804348152169847,13.08282424467361,1.394796212801187,10.964259096393336,1.799372376587285,6.844667719232237,1.0137846899446639,4.049161155336961,0.0,6.413029947876581,2.7081162487717862,3.0242364189222264,2.5957523093159236,4.820493574157069,3.147896964860662,1.4176397720576859,0.7953499916785451,2.599093800274137,8.664766340746684,11.886959055830282,10.183642795628094,3.256221636012961
1992-09-01,0.0,26.68972864742285,11.8185651287086,1.1371629142353454,12.387497790992125,2.5192931460215866,5.018938072550737,0.0,2.8692731365632773,0.0,3.69474976420873,2.4453089083737365,2.753278820695091,1.0759153182483605,2.4294264697343317,2.2994728882140785,0.6323285314214138,0.200355341415206,1.7209596034630978,7.2997112616303585,13.164959208906257,11.350663982285678,3.7170815858712025
1992-10-01,3.5805567905615088,28.212728434851417,14.776028417841031,5.585145518780821,12.69810657377658,8.62487418226214,4.495222795415008,0.0,3.2849155068130975,1.999606905639906,3.2988837180435087,2.4906665204221308,2.9140081486757037,0.815577026807372,3.6711333320429906,4.460163212091202,4.607329259187479,0.8038499152537357,2.1914377684386204,9.593124770431809,15.005190421780021,13.841618115959642,5.826746307795093
1992-11-01,4.892173917412157,27.57154787586193,15.001788974263352,11.302088020632597,12.686848448750007,8.40065064906124,7.273823293551792,0.2412077708296786,3.405585872369497,3.2845088615495714,4.354526507817432,3.0816495244644466,3.851676826411545,2.940476115913646,4.722464085027439,6.268345822552459,4.772210623563492,2.495334706716657,2.6204166410844314,8.810200395028803,13.989020828214098,13.045343093395623,8.496825677483496
1992-12-01,32.21247415150119,47.77265468060148,57.89629469450469,27.82969461628959,16.72399283862134,47.859697022434645,8.226694145007077,12.07640972183424,4.85363025904629,13.582876163996279,4.222571159095692,3.5218851708165104,12.89427968337521,9.81250929170939,9.008483835842956,10.130818790899177,5.940828541176993,4.043535072197794,3.071176910256887,30.35679466859044,30.384212577251446,34.798031666667256,7.398368224180599
1993-01-01,130.58451088311293,82.53436058532714,111.07419375978284,53.679785300925445,26.058902951467836,194.35369402135024,9.81966144629492,115.18783639085925,9.036869598334807,77.41273125421606,5.885208552989619,5.069380170114675,88.41084213120901,85.310613809596,53.79148004817266,49.294333229692256,34.64973373322529,29.509306103468713,8.290458073757282,88.39392402307853,58.989757500947356,84.14242015342177,15.324711924897823
1993-02-01,90.44917724504573,97.41163076823713,167.40145258715242,106.69528731531739,31.790347046193162,126.29497894290212,10.328829076843544,90.8107204222864,8.688266320060764,54.71192617003154,5.647688925290487,5.202784911433481,52.56917316571955,45.0398709966605,35.336079038147545,31.716750442170607,27.928693375052525,20.28446047479404,8.205854544090629,74.41818479046889,62.62126577109244,75.45620666991185,13.98911294399797
1993-03-01,165.35903890617976,205.34630432918064,309.9692439678493,263.86153388644067,73.34841656736556,242.71166556200913,40.587933978019,129.85166673926864,45.13071671809342,134.17562558693268,22.696319980139336,18.236428138280946,113.69196298515057,70.26306056430688,68.91444671468379,59.78413625367635,56.87812138214419,36.52295732779737,20.656330076578854,178.98316589085863,119.23081288827844,115.930667051584,84.49621090386364
1993-04-01,129.48526991883972,117.91843490550222,160.62863589448273,161.48773056377652,47.250350736531786,182.7627978146586,116.0174815321511,89.2281838299057,57.935183285466906,132.16209020480593,51.23034458772848,10.072057969569943,120.69898474575552,81.43740843572657,93.87701679878913,85.90239805049421,69.8876009929877,28.851169163789663,30.240603104018817,124.98400121891595,66.87137655294114,71.640142617272,123.42992792999456
1993-05-01,167.44343446639954,89.48623146268376,193.81543768856417,315.1914915695985,30.833502642225188,238.21044256505087,257.3478681258624,42.309267108445646,143.73181319606695,239.9484760278866,188.9864504392765,21.39812050753668,197.6237497650207,204.01320436948413,199.07942309824153,218.86534685625267,126.73087631358851,26.41897674648871,46.48769069003029,119.01410423482184,48.08039809790532,48.91768265633458,186.22545187451382
1993-06-01,96.69032844069464,75.6538190855598,115.13788377538467,168.26368500497736,27.830566182145468,141.56279745648973,135.58406619180542,20.13328330689051,103.07930782195548,166.11536323078474,192.62841806399655,32.21724502849194,116.97016145402402,125.81566108482839,170.2303389494548,185.7900693120726,92.98119085291061,15.932499604296474,37.59377329355586,68.4617003502597,39.971809779027446,43.21450457884099,104.52348406469362
1993-07-01,24.074731109647285,50.957393814066364,28.016885052010267,38.85361815003876,14.73236316511679,35.27182223229609,57.608680484930204,0.11125819687715799,42.22122012634466,40.040887780502004,119.44598166291937,24.613174773319933,36.97260130647693,43.03751044818077,89.96862368870774,87.93263276389459,32.64990976221106,3.6780383584646,20.19043746876683,21.909653427153792,18.95712589223202,17.039343905310385,34.59805400270728
1993-08-01,4.990965190204959,43.77820953560098,18.55751773791494,12.453159159212117,12.360843939433483,12.326710215069303,21.283206956932545,0.0,12.63016492823648,5.769871384667521,35.10012275998294,8.884755771832559,8.03840874740503,15.043064654057385,23.42194431581298,17.49832252300032,6.358981279697604,1.216703346048706,7.8944952126887,14.113809537307855,16.47084817133204,13.897470784836074,10.382771977146103
1993-09-01,2.6031751120174773,39.04460391734,14.71958827873545,4.905629415108448,12.970803379975823,8.739563230853403,15.020445101184452,0.0,8.031283218698144,2.2894933225219645,13.433054499873167,4.0021422395642166,1.3159410236479179,3.541049622720616,7.455924042787002,6.961950238538707,3.3044265190409368,0.594994650263339,3.68036817942841,12.26011707508814,15.640852714981477,13.305774886585734,7.086281025126111
1993-10-01,4.287140056373996,39.7688714436313,15.814526977383714,6.105048190693894,13.667460005551868,12.469749365559535,11.223509341950418,0.0,5.832401001892643,3.9591694413801894,8.656270876146166,5.069380170114675,4.731560640009341,3.436465447021046,5.510962149765774,5.052918964659262,2.8896733962806542,0.38006801129066353,3.0638400187952803,13.07696729678842,16.51609367878278,16.632700096756963,4.663410512036425
1993-11-01,4.136445754474314,39.987562612284194,15.13724530811675,2.955828821335089,12.372198287750882,9.841351281926782,9.215934112930121,0.1940342953537636,5.497205542013754,3.3889724352007637,7.151979900718327,4.922634954663986,4.765066149467535,2.109637878918354,4.856011505001138,4.816680199587911,3.551748565604957,1.6769134939054517,3.2284615209650784,12.574128396630357,15.337485296172382,13.676788544304188,6.012432598271956
1993-12-01,11.671913067271584,47.72327280380889,41.66411068773969,26.660741474981855,16.476602757909184,29.840629983652107,10.241543197320924,4.173517481255952,5.912847912263574,5.135255174736529,6.650549575575714,5.8978236137044675,6.4146055064166045,3.3749717471461915,6.017021628432072,7.003585007839796,5.119821335057253,3.5784678251552253,3.872732302437407,20.214018589931456,23.766500815357162,23.930033181127914,8.485639756370432
1994-01-01,10.989902250021773,51.95208590374563,57.1287088026688,40.721293990541774,15.588365560299728,22.268575494637872,10.765258474456655,4.050688431903569,5.631283725965309,6.784909108644941,6.175510320177448,6.001879311933136,7.463473628586162,4.157782057961853,6.594685255680014,6.194328454906083,5.1232209508175846,3.918464768162848,4.12516722428831,20.03965551942685,23.96899300444001,24.515576726005854,7.390538079401454
1994-02-01,23.715170994964847,50.78730068289189,58.968657337510734,35.552070609291405,17.67381294235906,44.2368976373458,8.510373253455597,13.901934216194647,5.631283725965309,12.084694411882097,5.3837782278470065,6.230001419588298,13.998990321308424,12.493544834428397,11.902768984464466,12.332218666981806,10.88471976063716,9.002633340923259,5.189933597653967,29.773480505122556,28.966025524041193,34.93568388603417,7.311118039498701
1994-03-01,40.82561885126158,63.78335651179853,69.00371407048299,62.39825507552887,21.385915055822124,73.79402660200826,17.23896120571775,14.629117790983752,12.563125836260703,36.48303256789849,11.242595711092278,5.469594394071096,29.791739366364233,17.781554164542676,21.434076762332115,23.71269734831063,20.409593217142245,11.098471639605958,8.79028380457923,43.36209690246407,28.205010923312265,28.728173328178382,22.034027408513673
1994-04-01,47.49829233238363,45.074679761234975,53.697148345049484,75.25342814792728,16.788173773601894,79.99969208889215,46.98889847634458,9.48364870180895,31.789937414913684,64.56197063555854,38.34622433853775,3.548566119080272,51.50088155980611,39.183157157484615,42.533432544389726,51.79766228463238,31.608777435609948,9.352344482302525,10.592637047694527,35.671712426301916,20.199523023051672,20.413347993461755,32.20650406873417
1994-05-01,46.260141811949964,43.76253274931762,45.94227323194269,79.0238815379924,17.557190313878653,72.13984111090356,51.35319245247565,9.384851422982035,45.31842617562559,79.46456994668156,87.27526764455905,8.884755771832559,77.40258271936463,54.4291061352167,73.26439874101864,84.35358463249378,51.87643669475841,12.492459105937208,15.673663662715269,32.88795209252938,20.987981620103188,20.016761945204088,37.737942059144366
1994-06-01,10.825918766756562,34.186367848126295,18.365621264955966,15.436804429235549,13.888773574450333,19.070598091035016,21.31230225010675,2.2518659047936778,24.40222947918301,22.719956739353904,58.03396236782141,7.537367884512608,19.97753861767491,21.476562466512014,45.18022875088977,54.68433962284104,25.62035427378833,2.522048752238684,12.965204324091562,14.145762950680874,14.114373135741571,13.070540992859991,12.2318047371356
1994-07-01,0.7306542358330698,31.352004888094545,13.206992550705888,1.6001080959770504,11.660915721969378,7.088384568737975,9.965137912165956,0.792158361765365,7.11955156782757,0.37693939492471884,14.040049103993173,2.8815424124862354,2.076370412220848,5.217538447775945,10.143921049066158,10.250788607626012,3.378368161828118,0.4577815982638344,4.760496169291806,10.118712396983003,12.487018326775415,9.911066791868103,3.464279768715954
1994-08-01,0.5363313007710832,29.256018562009118,12.05561371295204,0.0,10.927116906134724,1.9187864421617098,5.949987454125367,0.9292284603180239,4.062568973732116,0.0,5.911599622733967,3.668630386267199,0.0,3.8417852352472748,4.110419100722439,1.3477329025610945,1.014785304458559,0.42621045355598375,2.5511747279155195,8.673050559028578,12.566383397221806,8.49308308634141,2.8568842522765725
1994-09-01,1.9377130866568164,27.707935916527177,11.931445406919764,0.0,11.99096160950057,4.274851728765018,5.19350983159598,0.07832577060151925,2.94972004693421,0.0,3.483621206253945,1.9210282749908238,2.8722476586263594,0.7720376918594827,3.2818568099919925,5.928174337077658,1.4499361217808224,0.41892480477724897,2.0779452286418936,8.162321927173476,12.337188941446716,11.748908491017643,3.8188734680000858
1994-10-01,2.5394873371713556,28.32403361746328,13.39888902366486,0.0,12.289446257641021,7.327212699886826,7.382930642955069,0.0,4.97430062460269,0.9279847459347581,8.656270876146166,3.588587541475914,2.4769797644383877,7.111723947570724,12.194016017385831,14.185120103729416,5.1232209508175846,0.6447799169180267,3.36855029231013,7.920107164074325,13.141965590365714,12.26313823550067,8.709358178631714
1994-11-01,15.669700004856505,29.631477593495624,14.945348835157775,9.002594929062933,14.052545615435196,18.656085237512283,10.343376723430652,3.8646647267249605,7.186590659803349,11.922775872722749,11.189813571603583,4.482399308311923,11.745380619924665,9.706578538640297,12.678480594098938,10.98541098151629,4.713567251697796,2.052124406010292,2.8049853169154733,13.636217778580326,15.446519551832374,14.295180306318262,6.823411878969105
1994-12-01,38.23498070279649,32.29496358303874,18.839718433442844,13.494951392230286,15.750309358758914,62.869357789942285,10.241543197320924,14.246389593726327,7.494970482891924,15.31958307594735,11.031467153137493,4.415696937652519,12.432000770270848,11.09086007450928,13.672982657732874,12.159819881505456,6.56805764895791,3.6440386641638383,3.2179147394890184,26.82982160895667,16.453046660203874,21.204487138427936,9.04046144357841
1995-01-01,232.17829650841685,271.7484679896147,497.124745241955,284.82785093708037,69.18050472526248,346.29348786685784,16.657055342233605,175.6179485410814,19.76312431445921,114.38848367783599,12.535758128565334,7.510686936248846,111.4665173351954,89.74623966480266,60.55096850296914,48.932264939622065,36.768544255851076,28.803812446727886,9.628982209784132,199.96801126759095,158.15975080704771,206.8581164989929,40.300636586147355
1995-02-01,76.27488625271785,108.59780162072971,182.18876903281458,181.90632849381478,37.98433649991629,138.28449476417313,24.440046266334026,51.545477580399805,18.972063029145033,65.26535869814325,13.987266964504478,8.991479564887609,48.61503746255903,31.329917938430253,34.54900169064297,30.879120564972453,26.854414794788184,20.578314975536344,10.516516798780358,79.71969000429539,63.12935056787539,76.55111157529988,37.334130306962756
1995-03-01,293.96421398364197,309.45427435835563,455.3590423038252,318.6069540906886,12.696374554541725,426.4271986192723,78.77550626916592,245.12939975320464,63.472612282666134,213.55575414491287,38.13509578058296,21.157991973162822,201.29333143133334,163.23929047947047,137.9402776604946,114.25320869894585,101.88903404891576,75.28018028107341,33.5245498666623,300.1620810078202,176.8053502545369,208.8690265734444,132.0016992789356
1995-04-01,189.3562915810733,171.84736355957978,218.6490988950197,183.33291493368841,70.55640156077517,238.32856798962982,109.83473173263208,107.84746559369185,57.84132855670083,173.48613888165676,46.89693093570652,16.528847449400214,134.0536009938607,92.32313989094524,99.44821735926644,80.51424209153654,71.60015743225404,41.678768113548685,31.483059817470263,175.87934544124283,91.223843776267,93.31836096537506,107.49893908076865
1995-05-01,247.71736135305756,111.33653618443293,177.56067762615692,259.5930336055747,84.22819161441419,356.18939161759016,359.6178236332007,129.42354519768537,150.03348784179002,286.87873649068473,131.34835411762035,31.656945114952947,235.20916198361704,174.30680987957473,180.09352627312938,166.268605406738,137.28668324941373,62.95407682225064,56.15542085784603,221.1973068314033,81.3388129927246,80.92998221470225,209.7874761070721
1995-06-01,182.98876779281636,74.50392681167524,93.23910980241934,178.2716458652047,28.0437969946146,237.1034999499958,323.2487071654417,46.052882916968265,193.6088976260454,272.43664743340736,281.06489277730697,58.49797906829697,223.1855399590613,211.37404513041656,250.313896269088,270.5741882997095,178.33534374752048,44.945167316014775,64.66644423116786,114.40032063392069,37.57528134339862,37.08018027675432,191.89447669461472
1995-07-01,85.66657638908141,59.30371483132799,37.48754039392671,62.59429480914196,19.020939013914948,102.22660152467851,190.79238498986354,13.94376729822046,141.05024951703584,168.10626483862035,292.1491420699332,75.09352888835659,126.83874795719623,152.81004875251983,213.59062892389443,215.27982220518285,124.52027616543378,16.62099341388691,52.16185912415028,46.5177265902238,24.31167209365713,22.237815011366934,102.24603052607377
1995-08-01,20.219865556559565,50.54039129892895,22.14711058502987,9.796688309475384,14.090072698857112,19.178414387650776,51.571407151282216,4.311477645383627,40.79999137645818,25.297595419197073,95.53567247454001,30.963240460095154,24.316259298964262,26.36284288138547,67.96427102874327,57.365001954433964,31.482141748537636,5.318523608476378,17.95268557297682,20.13919763433785,18.549916325175314,17.790091512918615,24.74885046265433
1995-09-01,6.61751084149155,44.7893622508778,18.444637459703777,0.0,15.291516708103307,10.348646287118852,23.27623453936574,1.2950454116501193,15.351952062453048,3.7824518959535878,30.613640903443763,13.260431287089435,8.642479091839721,5.824844841430528,18.824503347356664,18.2236927259348,10.870271393655758,3.6440386641638383,8.412892450022841,13.844243704325635,16.88028292727977,18.934910728710566,9.334651168851996
1995-10-01,2.409102916226539,43.85345810976112,17.925388179932437,1.506062007554558,15.696039422733376,8.263195609551111,14.911337751781176,0.0,9.82793088364898,2.874489334968642,13.881702685527086,8.244413013502285,5.141396147005224,4.878649809779487,6.733347257695259,7.326485774197108,4.796007933885804,2.991973098467077,5.509088376233854,13.729711099190258,18.64114906970714,16.429404941842744,4.765202394165308
1995-11-01,2.283231802160581,40.75494130085473,17.485155094908905,4.074447436444873,15.099743689488246,7.500749687268364,13.238358394264264,0.5821028860612907,3.3519545987888746,2.879712513651201,9.659131526431393,7.9776035308646716,4.92385312907376,3.1702919869787944,4.28204174256098,5.464023760795175,3.8432656170532695,3.4060408040585024,4.7678330607534125,14.151285762868799,16.45675530835558,14.650251343993446,7.194784459922832
1995-12-01,46.079609536795594,70.29000665870767,75.44917795634029,84.49180059444379,24.70773550169728,86.73799585387775,22.403375744139524,9.060867553675749,13.675974763058608,24.889316952176994,13.301099151151428,12.233214778934622,20.410682305163448,13.295656087540543,14.261727879404164,12.219650587019608,9.422035079755098,5.392594371060181,5.887855397939294,46.16203118621554,37.15768756151715,42.02683288434211,9.711616710362257
1996-01-01,85.27617534406012,64.82978199621289,67.53627045373788,88.92322578905572,28.75767758924839,114.81576495581245,21.894208113590892,47.013263672411895,12.415639833913993,44.14369463565259,12.007936733678372,11.44612680515366,41.880915648555586,29.70639448990947,19.958235699899355,17.75522446987295,16.738008195985646,13.520949858535268,8.38560838489999,60.51726651345284,41.17267005054806,55.97913986228005,20.829303704636672
1996-02-01,206.70694765903377,200.02011618940858,255.67383014828064,253.73369737829455,9.783887987837904,356.0442047321077,55.71748642860673,111.3142710083841,42.9318345012879,142.73815650720874,25.388209094062844,18.343151931335992,133.86664996282582,85.62122432283249,65.20552230422271,55.66846220683932,61.22792974748664,46.37072592705386,20.138162117102887,168.21157819594555,121.1689524123571,121.82216064099812,81.16728078061577
1996-03-01,143.62947219864185,136.68198040805754,181.96300847639222,145.58400717441526,59.33108867637246,173.0820971101593,54.18998353696086,98.3940791214335,43.64244887623115,116.23835946124257,28.924612439805482,19.063537534457552,104.42987476188105,72.47862919629432,63.126444704334276,54.580406902437595,55.25480485658653,54.108084930070184,22.850977735031922,112.74242501331591,77.74364947446618,81.70796067332401,72.11115904747906
1996-04-01,140.08201299185865,95.37521623002849,115.25076405359582,146.81985225185448,36.889796566777136,196.26990318152113,136.2387102882251,58.84312522996635,74.89607355533862,139.2255688431874,68.43204384709455,14.140902579793567,123.67903273916042,88.262311403589,94.725753274239,96.89027627759869,79.58585485326962,34.52304673803468,32.938286383308295,116.00824795377761,50.925672959889894,51.71497048922929,119.62671475155277
1996-05-01,203.29764579059787,121.56877459158295,124.6198271451222,171.8367740686347,41.268052522624586,327.45999971897777,245.491536157373,55.63176863530407,149.6312532899354,238.98218797161306,182.44146514267817,32.63079972658024,183.05030991198703,142.45172676703075,167.24683275855298,188.63264463539198,120.08037798244258,27.437753300715126,50.08139183906845,133.88914138536586,59.89763456848364,56.34030975460266,195.82856515007936
1996-06-01,64.38081819129798,64.33674706760117,45.219839451391266,62.33401232498676,23.251973334799494,84.60959047646311,112.67152281711728,16.523177334620488,101.21562106502886,107.5200037102701,191.83668597166613,44.277033643712116,85.21519346824705,70.67735753499659,117.0679524923923,129.81011734972145,67.76539085460159,9.844125774867123,34.54735839198189,44.356203096291196,28.42011251611089,25.747705860960963,76.81819465185643
1996-07-01,16.8165814306288,55.34532629477923,25.048133735056723,17.56542505029111,16.987837102064645,17.54828352846034,41.24257807443867,6.784969878356604,33.54636162467906,20.174527661386513,91.60340308263214,27.58810050472933,18.443568989001925,23.099188196786457,52.30654639544382,47.247753014269954,19.288569920173366,3.576039275562313,15.563610290791171,22.397633332615754,19.698113792941772,16.41121537535042,23.36627061307961
1996-08-01,5.1973236102772375,49.82474600509349,18.828430405621724,0.0,15.283818844837276,14.127371232652003,18.257296466815,3.3092638079141885,11.691617640575595,4.739164124642424,25.678510861250675,8.47120107374426,1.7966722463089657,6.363026930116293,15.745240814899246,13.483805545280006,7.169789638536352,2.2379084498680286,6.853344458715089,14.585483997262607,19.138849651665343,15.193209903789349,5.872608584358655
1996-09-01,3.4727389040109866,44.72587126643019,17.09007412116984,0.0,15.023727289736161,8.444464442905094,13.529311326006333,1.4739485922285893,9.573182334141027,1.4180930123149358,11.744026036234892,4.482399308311923,0.23405297911376258,2.7277168915291137,5.2435831663716215,6.7765984137242405,3.607842225650405,1.349059298862387,3.686329403740965,13.670538111462454,17.378725238868306,15.06010507604551,2.9363042921793276
1996-10-01,3.651766743539062,45.43602968506646,18.128572680712526,1.1013989087789051,16.546557090339263,9.505015982125435,12.365499599038047,0.0,7.025696839061482,2.908439996405279,7.943711993048769,6.310044264379581,3.21264421123787,0.7558787634252145,5.089009131338233,5.211747899400444,3.0290576424541915,1.8214121946836912,3.4393971504862675,13.843454731155928,18.85995931065747,17.666616455670713,8.062811938296607
1996-11-01,35.81158564812023,64.05848411107151,51.21378222440394,48.97085791582742,19.14208413706415,49.1513448468314,22.476113977075045,13.061712313378349,13.810052947010165,35.17636736747816,13.27470808140708,13.340474131880722,24.190977828816234,25.698980238210943,28.243858607203816,24.661661682676872,25.08576469547641,24.472494247770076,9.05624612006247,29.32034691465585,29.691437102513802,26.47384405507957,7.7227599364594575
1996-12-01,256.7447273285888,243.62196187932176,400.4992270932007,285.0623038617392,48.97149673952608,391.5342368396259,27.09499176848043,152.31870198385445,27.08379315821411,141.01798966108578,17.378519426653206,16.643575526934388,128.86801642133815,103.23759833004709,60.39241645968123,51.414622407062396,56.41832335055952,66.66975769940538,18.521065383393157,198.07145126315072,126.206780061627,122.9782680877603,27.152704909851813
1997-01-01,498.4799511529897,274.19718200707575,349.3644610635446,293.73904896331015,79.76910809427338,636.5336697154818,169.91651213736986,377.6352420371748,130.4848886216533,383.5528096666198,139.02815541322565,62.61218129056899,320.1917592340311,284.4420263554385,208.84429678933975,169.5737892778472,200.01639325902624,181.15887115803642,53.14156341213294,333.93157912196557,151.34028858570093,164.51157523418567,238.95700259360936
1997-02-01,84.81080325699553,90.7035339175868,86.66947761052974,68.58940179787717,41.76090821823238,128.41651156834126,31.350178395208225,64.6561435004041,24.362006023997544,79.34095471786097,19.13352556465235,18.810068525951817,43.942232860874924,45.714057399668036,51.4052433823447,44.506643165765844,59.36154069506537,56.12985246616908,21.73714590001677,69.75127699614103,52.765162443133335,55.18468379636526,46.33655961875676
1997-03-01,74.04205304403786,73.73262892653385,58.42683200209716,75.8587670550974,30.418780258767622,92.25423840821861,88.88612064720292,28.11539138364534,42.75753286215088,75.38613792538294,46.606629168518694,25.120112790331397,62.87867274987783,52.06765828819768,62.16206184605612,58.75097716361235,54.96668742089853,37.209022587794905,25.901061082336692,69.96324778773483,37.24817857641864,37.86072667417497,90.98740092577475
1997-04-01,90.20621089140049,70.36290371492531,62.388929767308916,99.82926056407813,28.332659313672515,125.30014809444756,168.3162710127885,22.189334785180396,81.90836257600493,111.43216454350724,99.12485795977135,18.64998283636925,87.28330889987674,75.85719181642591,85.9408903309903,95.07931801585072,62.93538676311249,25.59326988489878,32.53934291008344,65.29239512755845,33.90001102506347,33.24544516909735,116.66132706447945
1997-05-01,83.87454281890334,60.00289949956591,38.62763120385944,73.5235099580713,23.399291193053216,106.26692059227936,84.84914871928167,12.957574641101333,148.55862781832292,154.37191649282985,241.87415420695004,49.93339467562954,112.1060355374627,124.63381501351095,153.24310712880015,183.5976132012472,105.21470816645879,21.469592676134894,48.29187815601098,42.78220162273158,25.990947976747094,24.810782690431292,121.10437493058853
1997-06-01,38.25980389063022,53.452354351063335,25.364198514047974,23.03864247792122,17.04152969834523,43.94910114837146,98.6330438605623,6.484127714000768,74.68154846101613,63.92561336606672,168.90284636382768,48.159111616089405,53.48013455330755,51.16994004184943,79.4700916180944,99.29985000018675,53.71222920533671,9.428843794479242,31.572478182158594,24.60123539559923,20.465803960343763,19.220005434115272,55.634297247935635
1997-07-01,8.132226777890855,49.143589641081434,17.868948040826854,7.549516633295694,16.33909967531966,8.894629697300768,24.730999198076095,3.0591553813343375,18.905023937169258,10.163435186480585,43.624438287407365,14.180924002189208,10.620275324060376,13.01691457204942,36.854257474146436,35.73928596805261,18.24828749751233,5.277238265396881,16.29867510410088,15.267945789056627,17.953565702381876,14.749009990301774,17.399700291371218
1997-08-01,2.832350805755098,49.169456338448974,16.694993147430775,1.68421973843942,14.575711647653005,3.2409321034497647,18.257296466815,1.8166238386102362,12.603349291446172,3.2096433004328837,25.625728721761973,16.929061673356635,5.361367100404673,5.791629266315644,12.604603297943271,13.692904608881019,6.796681808840116,2.7551895131581974,9.086281519483421,13.273421616044734,17.9854600764865,14.757516287573186,6.826767655303023
1997-09-01,2.5843696666888984,58.6209907886876,16.785297369999704,0.8099884939486475,14.69897368320037,6.535128034709706,14.911337751781176,0.3115229512560424,7.186590659803349,2.4261664980489415,9.843869014641829,9.551779478426598,2.1424102569500425,2.819284152656634,6.103117092798095,9.038754212416606,3.155693329526491,1.9537681474973732,5.3916981128481485,12.070106036717743,18.20872069521887,15.855417121559935,5.415104410834333
1997-10-01,4.671272619619111,43.29379683944513,17.41742692798221,5.511630618675914,16.997651877728835,11.928520147488399,13.965740723619442,1.3698109199515696,4.813406803860824,4.136757516587216,9.289656550010521,7.790836893018342,5.638151743754973,0.6099995483936261,5.093839569933026,6.221159750677896,5.888134496891873,5.2250244491492825,9.968084162025264,13.60097697700021,19.802697670819725,20.07026067018151,6.383805179225685
1997-11-01,12.356431277231872,64.34301778211453,61.158534734807255,34.597701500722316,19.66544261586361,28.327335908045285,12.583714297844601,4.01775600562793,5.9798870042393535,8.248269669542058,8.524315527424427,7.3105798242706355,8.231186823563048,3.12405949729186,6.957252293736271,7.545453820150971,6.693843432090127,6.53886977891445,5.752810739474099,25.27804287967704,32.27339794572765,32.82601516527432,21.641401577445123
1997-12-01,22.748320365804823,65.80487810303798,59.0815376157219,39.192051609080266,22.466695058373244,36.848689263676356,12.729190763715636,8.282060175535642,5.9798870042393535,10.879881195771679,11.875981384956631,9.485077107767193,9.625307369280087,7.4797884285734995,10.133976028429819,12.137923076910068,11.489001462035848,9.518700129416969,5.979795819067553,30.606373181273486,31.972997445439916,35.68284707906891,56.63879296388878
1998-01-01,128.87898236144628,234.45025806424115,323.6277576313998,222.4249597867701,55.648045996738674,227.3029556329236,17.52991413745982,92.88012288420155,11.262567451930618,63.78981072032016,9.184092271033128,9.071522409678892,70.75780893058305,46.32450580718483,28.854767017721805,25.094663283408174,24.506130208340117,28.936168399541575,9.271079473172637,127.59484493299503,117.059770260273,140.19640473194525,24.058679129978277
1998-02-01,182.2972288832667,258.3824400044208,456.4878450859368,240.13079167329755,59.58357859149838,243.1321920735104,14.693123052974624,192.97333718834298,10.7262547161244,109.38816061906559,10.318908270040097,5.029358747719032,121.1593213104855,113.36700216271744,59.786622631204764,53.7458610822247,66.51943167844058,94.6041493918709,23.241667205362475,146.8778751826757,158.62629874453165,211.8800953113489,19.23083557757981
1998-03-01,147.27196158915217,188.9554404306121,317.3064620515747,304.8616546602632,54.138110117106194,194.81459795070765,63.86416851738474,129.23129103348163,50.57429098652655,138.45514998750988,30.481685554722024,32.497394985261444,112.06913091834932,75.21128353817838,65.94486355267287,57.51920480369725,66.73190766346121,78.74207772576888,29.079081474503226,129.02406982991397,96.79942540753345,112.32731392945439,72.85054843305261
1998-04-01,145.87409015306108,130.31798901632698,202.05569799797897,167.23911247829008,45.2036813406751,186.1124053087211,86.99492659087944,106.08513575515767,42.86479540931214,132.29702232077207,47.89979158599175,21.891718050416262,119.18152507826484,90.21799060325864,81.85462342324183,77.82648642887753,97.37264451131715,105.50712278924749,37.518340878216215,116.56329057866444,73.65746094092265,82.44913200916125,91.1551897424707
1998-05-01,175.22813661461817,140.10265517508702,259.0602384946155,280.2944320972778,56.13127936326394,252.015653548851,187.0827351101521,99.70514571343392,79.06590507623197,187.00894849080362,108.3881234400375,27.34797197035548,165.55703486515444,112.7062815334051,126.63563063144426,130.30109922177576,113.89477710652181,85.10730620879015,63.61726875215811,142.2704033671322,86.23200336407818,88.284719430974,138.91907289525446
1998-06-01,197.372175337198,120.21821945327136,251.27149929804534,325.3047575570031,45.78977740509272,255.5345025603103,255.45667406953896,61.66819336507114,134.01114485957922,302.7223784944489,278.1618751054287,54.856029630293534,247.9674772807851,214.69650036015136,251.83946243470243,281.10007479042116,209.52596844460982,83.5918912628133,79.38929261603054,128.46337289731093,69.73296946679322,70.72328146860887,162.87819732732643
1998-07-01,66.50583351342745,80.26828112806724,83.11374884687817,137.99673964647107,22.960801656761774,86.28783059948208,116.38117269682867,16.817789039951204,90.99886344792037,123.61871093969927,247.2579324347971,61.25945721359627,119.0416759953089,128.2296254492588,195.03094726891112,203.5782931916879,148.78078413509007,40.45599339351769,57.66567410964611,48.615869239523484,31.86025454162823,30.07361276263568,63.32573660527851
1998-08-01,11.331409137188775,65.19975415250022,30.33093075533907,17.883989617412368,17.862218145795236,18.723524116271946,37.60566642766277,5.990141319866186,24.040218382513814,14.597043358193272,60.620287202767514,20.944544387052733,19.62840149737865,22.898997027850797,45.215746681733826,44.365701761539185,28.914581945548278,13.902232144622387,18.820731544028153,21.191950833779654,23.48464355582793,20.530777694787204,11.930903459194173
1998-09-01,8.271888551864436,57.516561195024785,22.406735224915547,2.0226531974809236,18.869483554155735,14.677620937690985,28.440649077787512,4.0675996778288965,12.281561649962438,8.537285556643692,28.819048160828096,12.526705209835997,13.572159266036648,13.162793787081004,20.500381396303226,19.996100275366977,13.503273800031481,7.98871388588267,10.613501332788468,16.56396571582385,22.033820398882717,20.363487181782787,11.452146035555028
1998-10-01,5.138399881581023,58.51125328470407,21.68430144436411,5.58050944399943,20.110282889349524,16.063339554752474,15.056814217652212,3.4392133818667077,8.500556862528587,7.132250491035155,14.383133010669697,11.752957710186912,7.446963667403863,6.699222413373709,10.144773479406414,10.314320181522483,8.754010582850217,7.959571290767729,8.059575270574847,16.921765048284648,23.856991830258654,22.777028660414416,8.120978728084541
1998-11-01,21.637796134334447,77.40491611341129,76.37479623767182,53.508912830411354,27.9976098150184,45.58997068252363,15.929673012878427,6.399571484374128,9.103908690310584,16.896983038080354,12.087109942911416,11.592872020604348,15.089133346433732,8.423290305485494,10.954014015757688,10.847553634274917,9.568218557449296,9.24184547582505,7.611566335700495,44.56436051756479,42.21925055895792,41.09863000598375,9.231740694611807
1998-12-01,36.718008112957754,97.3489236231037,88.78033881307846,62.08697576877838,40.524054037962436,81.98162193982881,16.875270041040157,12.886369395099951,8.84916014080263,26.57640366664375,12.166283152144462,9.298310469920864,18.868457695899316,12.548754506578812,14.194101739077054,11.187725119749718,10.979909001926405,9.993481574831184,6.802903329916543,55.22693841953047,52.27487915747852,50.38007030359253,9.95323260640444
1999-01-01,92.13213923231807,95.848655175786,84.67149668619217,70.3438249544348,37.44144469307927,152.04932833011713,16.002411245813942,50.74975895633437,11.262567451930618,55.283864235771816,12.430193849587942,11.11261495185664,49.118105691525535,22.21583344237979,19.647098625705304,14.956751161442885,14.18744647179793,16.37570990500284,7.778022060735694,74.66894676290649,53.319234476997366,50.99953204010616,20.295735267543513
1999-02-01,175.02303189090114,121.42376431846186,146.6314813962987,90.89355757114667,69.63477488124929,224.6616711393368,17.820867069201892,141.5622595097708,17.725135918395566,105.6309540867444,13.776138406549695,14.501095381354343,95.49750017516389,49.76815300017667,31.633689926961775,22.91762745750914,19.890301909751805,19.050757281594954,7.717492706177439,125.1992593987169,86.77049907570508,93.14989348042117,20.7297490067304
1999-03-01,109.32583252660264,131.65913808286854,169.09465676031982,125.41906876455876,80.61693150973618,159.23006550352602,26.840407953206117,76.6738088942872,21.51954852422458,76.363742868802,17.893145286667995,9.538439004294716,60.45025169479914,30.059646619847502,29.039460258110964,23.434515408239665,19.288569920173366,13.329094440695252,8.070351329909084,106.58909176726554,80.92937823677687,85.054359419387,61.40958831861063
1999-04-01,103.91011501124281,110.5965918718583,158.5967908866818,148.79415781232947,49.024611996061715,131.5912934340268,69.31953598754858,61.25787313498819,42.14077321597373,102.83916508091627,37.07945299080904,8.337796332425452,83.92887325730855,57.35880963217418,51.73115591576988,45.1493606414952,33.52701062837625,18.129122711085007,12.055200504994163,89.77489006111722,58.31330007807719,59.53996149805259,98.7437186255734
1999-05-01,161.55833303563836,98.06378507762497,143.92235471923084,221.1593113714505,35.53295194284788,200.2363401653853,256.62048579650724,41.23139769709974,134.21226213550653,218.75978117230306,180.48852598159647,21.918398998680026,179.78959257848302,126.48984748783593,126.7342284074674,122.87376478416044,65.5598901300874,14.583440305434085,21.56128978279639,91.34179077614951,45.537748925099486,42.77089315132816,184.30147344306678
1999-06-01,94.01995520403638,71.48065857692899,58.009174972715854,116.13168638463901,24.6029483379884,121.90543816554583,152.82302739752316,17.02784451565528,122.49382885814063,151.3137453741912,217.59437004214985,41.60893881733597,104.42938917478743,69.0592203959539,95.83931144206227,79.11778108860827,30.202186414773333,5.722877115696158,15.519130386305182,42.00414258187507,28.968250712932218,27.418203548381108,123.49480627245035
1999-07-01,20.845961516365733,59.7207173464654,24.715136914333797,24.49370766288048,19.786395292431166,28.784803461414935,46.770683777538025,4.947874531520971,39.7407737232409,24.53065868264123,84.31946783319208,17.862894862588288,23.674313161229005,15.566434391678406,29.857793384758313,25.701605698108455,8.108933492327566,1.8396263166305282,7.131229222823437,19.177176349412022,22.151755410106784,18.956952203401265,34.02757202594101
1999-08-01,6.309352277373897,54.57637992758035,18.625245904841638,5.671244050435216,15.544295293101689,7.6884617255993835,22.403375744139524,3.6991125297717495,13.018991661695992,6.187725679272291,24.464521653010664,5.616339609521784,7.662564336960941,5.005676941637763,9.198007514826909,10.112314448987581,3.1811904477289676,1.4279871606320138,3.4462754862315235,15.360124154383723,19.87390371533237,17.16057201610923,12.172519355236357
1999-09-01,4.722674170183894,50.435356830830415,15.216261502864562,3.959870159704794,16.40963134749469,8.950470807101759,14.984075984716693,1.773900691009407,7.441339209311302,3.179174758117953,12.007936733678372,5.376211075147932,8.394344087011646,3.082764457959841,4.927615653582782,6.3617927492060105,2.8250806968343807,0.5318523608476378,2.7368897930374363,13.169671644228648,19.708498007766533,17.934163579282824,8.345815742457129
1999-10-01,4.660741570235106,50.80376130848941,16.288624145870592,2.8412515445950097,18.90171835658225,14.541024992177793,11.63811726968287,0.5821028860612907,6.355305919303707,3.6814704414241017,7.943711993048769,6.3900871091708655,4.460603041782206,1.6338472083537892,3.3293087655996696,3.803567479928142,2.181703414191894,1.1317041102968002,2.4457069131549245,12.857501260082406,21.492357768734447,19.93624636411306,9.568436920115035
1999-11-01,8.612643221218296,53.190552020131186,38.266414313583724,29.003946128776054,16.57330716518873,17.79097758259541,13.31109662719978,3.3982703654159145,6.864803018319616,9.314668650564647,7.521454877139201,6.0298943076100855,8.713860394598482,4.397921688860007,3.478484075144759,4.041039867793598,3.6817838684375865,2.6859758497602164,2.784579587537879,19.851748409509003,24.460759749355482,22.782004041837318,16.247550416725613
1999-12-01,10.187536582669054,53.584039355843565,34.22530035362414,22.858497857844334,18.993034259575573,16.568916371950667,12.292761366102532,3.9020474808756855,6.703909197577749,8.008873979924743,6.254683529410493,5.00267779945527,5.7653755622773915,0.708299696368758,4.467587413290398,3.5309368424306573,3.210087181691774,3.0611867618650566,2.850153054975988,16.158959488709094,24.307666753653294,22.091335502378733,16.136809797706274
2000-01-01,79.25291657495168,123.22032402653508,195.17000102709812,114.38918456323353,31.074060869288736,109.50312767874598,12.00180843436046,45.96298629389152,10.163126343527868,51.732973261411715,7.204762040207024,9.471736633635311,44.40936764491525,25.401835498669676,22.71414298995237,13.908788597849613,9.944726002905863,6.857009775585869,4.033914636734577,56.84314995766926,61.98152396492411,63.42509240463829,19.431063565503656
2000-02-01,169.941549823848,190.936986216829,345.3007710479428,180.33006306814204,52.80397418981174,231.43906368118311,13.67478779187737,135.334470681375,14.373181319606697,88.83930515209565,10.002215433107919,10.632357883108934,91.67398740018098,76.89046551797274,43.972050815297905,34.315685263653975,35.03219050626244,29.73030411642366,7.35638007955149,128.60302114834857,114.71197346135753,133.7378246577704,30.807145337489857
2000-03-01,107.96933307023444,140.63801742666382,196.52456436563205,136.90991125843368,61.296738061354155,171.74191047493554,25.676596226237827,68.09357675112078,19.240219397048143,86.69431977312449,16.995848915360156,8.044305901524075,77.60555812448817,51.907415581224505,46.71318264611979,38.19111127133881,44.474623280579515,33.63055476263967,10.645370955074824,100.11477793667393,80.95333610383688,95.92187641640152,47.38915479549608
2000-04-01,109.77014251489919,117.17457139635673,217.1816552782746,221.33217073115662,39.38775319660505,165.62988623371794,112.0168787206976,35.5323078202642,48.8983136871321,121.72008548858884,60.54111399353448,5.616339609521784,107.93435681637071,74.3867293289075,79.45219058094901,76.19933796345136,55.81319174522075,20.91102626976523,15.31209248037297,91.83726592672366,56.5344840785956,54.93730569206964,95.44499048933076
2000-05-01,116.87283384586809,81.0035224047569,135.11769301876024,184.45948110556628,22.965227928139747,156.55613543805555,127.58286056889844,29.36148318866951,88.90724377827611,184.7978028485201,167.68885715558764,18.236428138280946,141.85698558796477,123.84786268883309,150.5440285280976,169.80139268335984,96.37485728566023,17.336201268999375,29.836615517914105,64.180074453804,36.72444328443551,35.434880488798534,101.34668246858341
2000-06-01,40.11226562513081,60.4206858540175,58.93479325404738,103.56196305949476,19.67352537229295,44.089563016870876,54.771889400445,8.946049094498523,49.36758733096255,64.20157130646193,157.47551316452493,28.281805159587133,62.15951826426065,58.23408492236371,99.68718199798533,88.86124232215808,44.1491100715279,6.678511380506867,18.956234758209696,27.325559750587388,25.938211000029916,23.5025248698333,43.95731419800801
2000-07-01,11.29781007486838,55.651023627304774,26.391409045769542,31.47762317284654,16.51624675372926,14.8988376419026,18.257296466815,4.560696006388461,14.105024951703587,13.954592380238438,44.36338824024911,8.297774910029808,11.582708943569664,11.682456398852764,25.81386385057598,18.902185262693248,11.606288205767239,5.320952158069289,6.4126724153023416,17.2675982876716,21.112740543926396,16.337012643806727,10.44541313537926
2000-08-01,3.0735619845030095,50.50355085116305,19.74276065913213,0.0,16.374606069634236,6.591398691509164,14.547646587103584,2.6826576431020337,8.75530541203654,6.441920375156859,16.019379334819277,1.9210282749908238,3.3733735392184823,5.080187556084665,10.578660522597565,7.382307205630418,4.785809086604813,2.579119667672107,3.349290952223412,12.350060016434403,19.280816702912436,15.969369405761853,6.322282613103832
2000-09-01,4.688573629321404,49.565295192103854,19.0203268785807,0.0,18.023777051091116,8.057013050285919,11.63811726968287,2.31951088849499,5.135194445344556,5.694135293770408,7.917320923304421,5.214791338152174,4.704853349861505,2.930601215203816,4.210153450532585,3.862472968346716,2.682296834900513,0.6532798404932172,2.513114603458435,10.804461576984128,19.786305445989207,18.556460748220253,6.9721846297728565
2000-10-01,4.8179550931820305,49.530806262280464,20.544210634431373,8.069419305208767,17.32558085286187,7.9904332655231975,9.601446747488366,2.779674790778916,4.907261532626913,7.181870688519472,5.806035343756575,4.655825472026372,6.470448022180262,1.9413157077280596,5.549889801970874,5.385071901972374,5.168265859641958,2.1261951685940956,2.780452586090725,14.544983374551133,21.581365324375255,20.083046865451124,10.193729910335318
2000-11-01,5.351277522700542,46.4636430259408,19.167071240255208,10.312617203004406,17.06394972510755,18.246297400972715,8.874064418133187,3.0956480699100446,4.250278431264293,8.075034243237166,5.489342506824398,4.9893373253233895,6.24610678493844,2.777540254201441,4.886414853803663,5.907511155276376,5.605116484844386,3.271256301651909,2.741933905917291,12.676431917635323,19.96639740023578,18.002641947253927,10.392839306147861
2000-12-01,8.444146431074223,49.92194208005034,21.345660609730626,11.930607301709678,19.44066500849543,18.761753799135697,9.019540884004224,4.074720202429035,4.612289527933491,7.295910089755358,5.885208552989619,5.322849178620408,5.763918800996601,4.3068032868556605,4.4062124287918465,4.022227120183478,4.307313168338339,3.3574698122002706,2.7249673444123257,16.137262726542232,23.215840737792682,21.812767641421274,10.021466725194133
2001-01-01,13.431852010755563,51.09613337267411,29.868121614673314,17.791930418181902,19.22002500263274,20.622551396504072,9.383232048681812,7.591369289322246,4.277094068054604,11.322980854008822,5.806035343756575,5.309508704488527,10.945133089676782,5.8944180055225175,7.462175198615558,6.4641834411168295,6.324985122094303,5.363451775945242,3.267897312571214,18.121004266234838,25.05636864251858,28.51118249966993,7.364810460841408
2001-02-01,26.442211306879905,70.80185373085943,89.64951695530439,37.8807047423441,20.492674247089752,40.32844949827496,9.019540884004224,18.507133501333975,4.545250435957715,16.299799608707705,5.594906785801792,5.589658661258023,17.380618841118057,13.926752014723354,11.907599423059258,10.357805385014727,11.27652547701521,8.458638232111063,4.031163302436475,27.817090035313026,41.16725542424658,49.41810972977343,8.190331438985538
2001-03-01,57.140471000523895,98.10062552539088,170.56210037706492,129.14448599960468,23.845382369319864,90.25426758334625,24.00361686872092,28.50256990877785,16.0893820741866,55.10105298188223,17.998709565645385,11.059253055329117,46.56051846955005,38.711855078151785,35.916868243309764,30.70363772251084,26.567997166980373,13.037668489545862,8.192327150458294,52.13574154062991,48.22852150508423,57.10737447332902,25.922253587414758
2001-04-01,63.40243355566977,69.24671653154999,107.6200572465213,96.10318103263486,21.94497237551782,86.7916892286864,52.29878948063739,28.693043941831547,33.358652167146886,80.48570137912195,50.98754674608047,5.776425299104352,64.89094566574389,48.38746233729309,53.403340099908654,55.36838346217298,44.356486632908044,17.164988522699105,13.074340584582956,44.525437841192726,30.907873696271547,31.287017343848696,34.940343188767045
2001-05-01,63.90717170828884,60.37365549516742,90.5525591809937,122.94208023850157,19.06914688261848,88.04381872922399,92.66850875984984,17.445285270338378,77.71171541832128,123.73536193027644,176.7937762173877,18.8901113707431,97.13732779024102,96.53702933930388,126.4191133250188,137.43884070847457,86.37148791088867,13.16516734317372,28.701231564230486,39.05404040482327,27.325542100618016,24.66109325794445,54.55597445263624
2001-06-01,8.0557513002213,44.46093357824138,27.779836467766827,28.16680348253641,16.441962373212032,12.159186885666335,18.62098763149259,3.0529249223092156,18.221225199016324,11.611126211330024,58.482610553475325,6.123277626533251,13.794072567810483,14.834345161781421,32.565396288863404,33.704116763475795,20.327152534954237,2.9336879082371987,9.471009765501417,14.07751677150147,19.532337220560763,16.913942893963295,7.222749262705492
2001-07-01,3.1996838378400136,44.086258386069034,18.388197320598195,15.030816737665212,14.255576759076833,4.1773445601125205,9.601446747488366,1.2710136411246533,7.669272122028946,3.815532027609799,16.283290032262762,1.9877306456502275,2.433762513108253,4.664992867148606,13.461579933348972,13.728371264211574,8.369854001932907,2.3702644026817103,5.456813024569907,11.30401308893509,18.641371588596243,14.619650073306357,3.7640624545460715
2001-08-01,0.5827180659149122,41.7943122314416,14.403523499744198,6.22757302420207,13.276023658474056,3.958275590893252,7.419299759422828,0.7467650174394846,4.478211343981937,2.3791578899059047,6.96724241250789,3.7486732310584827,0.9736021226620206,1.3079754849293797,3.782233419723239,2.782744617805207,2.3414853549274124,0.37278236251192887,2.5912983530961804,9.330659695976921,16.32880694712191,14.582468459447043,2.465377013319329
2001-09-01,1.5894362391715269,39.8300109101364,13.827834080867273,2.5114279387189464,13.495990101300965,4.533868568841918,5.484462763338053,0.6435174107374819,2.547485495079545,3.7606886514429223,3.641967624720033,2.6680948263761444,1.7762775883778912,0.5938406199593579,2.8940010051747573,3.0458146786483686,1.4932812227250323,0.23556931051242405,2.1256350231423364,8.606119335132018,14.89519191760059,14.76484561289509,3.5459369928413222
2001-10-01,0.5100036773110721,40.63187852853034,14.516403777955357,2.0630532777187542,14.7857670915249,6.167006257021641,5.557200996273569,0.822420591315952,3.727373513853229,0.1044635736511923,3.5364033457426416,2.7614781452993094,2.637223505325403,0.7603673546569557,2.7155589206141535,2.5980096043877943,1.5153787251671782,0.318139996671418,2.195106214169424,8.245558596577256,15.041015962925448,15.655920376119107,7.115364420020079
2001-11-01,13.64172078062251,54.309874560763205,42.95094585934692,43.58572590904373,16.873427609273218,28.835919554232756,8.364896787584561,3.7685376446230956,5.068155353368779,12.533017248801798,7.0200245519965865,4.402356463520638,10.373111493419493,5.209907842681986,6.189496700610872,8.093799152131208,8.912942619645653,4.390817663984151,3.4038590824691104,22.455359869532444,26.825764675694863,29.817193373818878,8.599736151723683
2001-12-01,45.31660993499737,98.61482411548513,12.461982714512223,71.01406890854437,28.569079939230573,81.47346784063981,10.110614378036992,18.42880773073245,6.797763926343837,27.634097349862078,9.184092271033128,5.242806333829123,27.79694758586768,21.33876271569756,16.56584708912062,17.515593242117806,20.93058433241285,15.29864816054655,5.418982177970998,48.07108326584283,61.66636304499261,80.6361672171262,7.8156030816978905
2002-01-01,56.773639446981065,118.3691425111489,194.83136019246462,166.04234288829403,34.67415907223101,98.48138124502596,13.020143695457708,32.632474176857954,10.256981072293955,40.30726989331255,10.582818967483576,5.789765773236233,30.203031634640904,19.95852091193715,18.09823269745714,16.985752252049167,19.674426308970844,15.819572048226085,5.774592136000745,64.74892410916064,65.02662078932232,79.01499535413525,17.37397267281117
2002-02-01,54.65564482444094,73.90272205770833,94.34533652888872,84.29112478604932,24.022337001147815,80.32485916673329,12.510976064909086,31.436226044034754,8.500556862528587,33.15499721732758,9.395220828987913,5.683041980181187,26.624254754830883,14.994139009631407,16.10638713572174,15.006096073207136,14.65829325460366,7.481147020964148,4.564463600552005,39.982267338980115,38.659838408881896,43.361786568703835,16.60326270812105
2002-03-01,89.26744306059781,80.14678603437119,86.61303747142418,82.85857767859966,24.146946162766735,120.92306418004688,23.85814040284988,52.29847305686441,15.204466060106336,58.72680951735902,14.990127614789703,4.829251635740821,50.02566796945837,25.37625052864875,26.833938824417647,24.059653759153015,24.893686405017753,13.865803900728714,6.9393236555307904,58.67396219796756,42.6224547860108,44.34225770136514,33.88774801202771
2002-04-01,106.53560591838357,74.71713110512896,117.39548933960788,168.28090471130827,27.00602880306245,139.97862812613548,121.02914578140827,32.56571925873166,52.33071519629191,119.9877312255399,66.08323863984758,2.7761526668443786,103.66701743784013,67.47564540939563,70.07062639951994,73.02676854270858,53.134294526080566,15.51843189870505,13.351308237258607,66.57395054621443,35.89103587178538,34.78615494972226,82.03754544321214
2002-05-01,93.70001189417947,59.67839002350032,72.15307383257438,119.6656999608532,22.314950928741556,123.45094826603787,112.88973751592383,19.281490551598992,72.57652097297671,142.42476578625516,120.55440659218198,5.976532411082563,105.37288489764643,81.66722430679171,91.73002891512682,101.90433612424363,63.65525540036241,11.076614693269754,16.29087965692293,44.88165922731412,26.933612163946314,27.115133271383986,80.25450961778972
2002-06-01,38.47142783539449,46.73563526795712,33.32225812793485,53.99305149686796,17.20049057478882,41.17895255524389,55.57200996273569,6.382660238448802,48.965352779107874,56.28584401304284,123.14073142712809,16.115292751311912,46.894602389944794,39.62438567556478,63.423374606190706,67.93128959165264,39.70156275307594,4.706529111062658,14.64925019238845,21.121206239562852,17.419668714463082,17.68239857953905,45.176579599331994
2002-07-01,5.46711906592459,42.72864869392994,17.710915651331227,15.889152868619789,14.20948580277146,9.585770817837636,15.347767149394285,1.8184039697602707,12.026813100454483,9.02217064434131,29.082958858271574,4.455718360048161,7.671790491739284,6.952827817967085,15.171555195905839,15.779885970810291,9.758597040027784,2.225765701903471,4.940708565817518,12.495494070716521,15.534785377842844,14.581612479847406,9.132185996705536
2002-08-01,2.0871536922012606,39.92485546715074,15.227549530685675,4.577130402027068,13.236187216072333,5.105595623804362,8.728587952262153,0.9247781324429374,6.449160648069795,3.678858852082822,7.943711993048769,1.9210282749908238,1.8874770328116084,1.8946343589179515,3.6640297458741773,3.8501367404056537,3.3375727727041555,1.3939874663312515,2.2292686150375296,9.85992919732007,15.0136461395659,14.461347346098153,3.7014212963129123
2002-09-01,1.3665290272100996,37.42989493015377,13.444041134949327,1.0941136484081484,13.127839790602911,4.484470664017965,6.510071847728854,0.7663464600898644,4.732959893489891,1.4772890373839445,5.304605018613962,2.281221076551603,1.0998547669972452,0.3738996496040402,2.142725731961006,3.035328884898465,1.6777103777229447,0.0,1.8241346396419407,8.46660257962268,13.457126510297218,14.222743032698828,3.1443624248823197
2002-10-01,0.0,38.36658291058462,14.482539694492013,0.5563289737668552,13.701523050504063,5.247775680297652,7.492037992358346,0.8028391486655724,4.82681462225598,1.5765294323525771,3.9586604616522103,2.814840041826833,1.534940802860173,0.6275050541974168,2.0097465988808105,2.585056565049679,1.8442915499791235,0.4966383917504199,2.055017442824373,6.91337739953193,13.827101249910855,14.50628627507919,4.355797681427162
2002-11-01,16.188981035196342,39.91701707400907,20.036249382481156,11.71403637977901,14.118169899778133,28.790817119393502,16.2206259446205,3.732044956047389,8.554188136109207,16.883054561593525,7.627019156116591,5.9631919369506825,14.79923785155631,13.315854748083382,17.712650040213926,23.282779804564594,41.99460358341865,31.813999667141807,16.467423607717834,17.702191008650257,16.747661669374963,17.073690086745895,8.645598428287245
2002-12-01,48.73619211354625,155.2401600103008,242.2410770411524,138.63585566990562,29.91168351611766,125.98785283899667,9.746923213359404,15.259284218095974,7.481562664496769,17.51854130130495,6.333856738643537,5.188110389888413,23.29749757659772,14.161954195266592,12.841010645641397,11.401141863130102,13.034126825105915,9.26977379614353,6.035281060745953,87.04017755939462,83.05866148659419,101.58043655726395,11.862669340404484
2003-01-01,60.40133522049955,151.68780023849112,254.77078792259135,224.96221728498534,37.94709808636685,139.91204834137275,14.256693655361515,17.868956484046596,13.407818395155498,37.59556962728368,9.316047619754869,6.790301333127288,28.00963473286318,18.188220530138427,17.60950596904275,16.213195977240115,16.712511077783173,10.626118743784653,7.082163761173945,97.67882327521261,77.19217349430834,98.50040796286352,30.187445307826096
2003-02-01,40.21933129386818,70.468722022338,100.12480677330018,91.50088336750882,25.274105791495703,74.08826629595963,14.911337751781176,15.077710840792456,10.793293808100177,31.33384891667513,11.163422501859232,6.6969180142041225,26.64076471601319,15.444344710175047,17.10685621173748,16.931781254807014,17.159560550266587,9.855054248035225,6.778829154808146,48.64032740778431,35.91380697143682,39.89983057668959,24.27568599957172
2003-03-01,67.51104725105778,105.40600793343731,142.56779138069686,122.35859711244373,24.90941951926736,121.90114269556113,32.65946658804755,22.183104326155274,18.891616118774095,52.238751063839565,16.62637393893928,10.098738917833705,44.428305541565535,28.288897378925597,31.081315066474815,32.355767049517645,34.2987234059712,19.677323076566143,10.85263813886521,74.77190776155287,51.58514477422527,54.30238282403755,46.32089932919847
2003-04-01,104.0916502434814,105.15204399564686,198.78216992985529,157.48348654544986,34.505383420123216,147.85694962505823,54.91736586631604,60.93299920010689,28.35753590575388,86.60465520574056,28.053707138241997,3.4685232742889878,73.84420049748569,52.359416718260846,44.833573745851645,45.02939082476836,43.48958461402384,21.18302382417133,12.59629625028765,83.9881663479227,60.68297790108772,65.5521482110158,56.036990408005934
2003-05-01,159.07626499153696,101.29790608788244,201.71705716334546,246.31862691365916,37.73579173971423,239.16145961966157,165.18852699656122,60.76477680642863,89.1217688725986,194.3710188438714,144.7022354082605,11.779638658450676,156.80044280631944,115.85996573282645,123.83568110714462,136.72488151638558,99.66483543771977,34.50240406649493,25.944853153248157,110.36630081722379,59.75551917131046,66.81332715363365,105.69800578156534
2003-06-01,66.74077621039916,58.73856668581282,85.67613116227153,163.39713107731205,20.33823586531495,94.02654932390236,114.92640803811831,12.877468739349778,88.03573558259102,126.20418438756629,197.4315927574679,28.028336151081398,86.30776442884034,84.79128380408355,106.54384751157119,112.00338912819454,69.45075036778528,12.938097956236486,27.077256494775494,45.69298663682646,25.29913675052889,26.186020914701018,78.96365432134215
2003-07-01,9.701102396836468,51.201951680086786,27.926580829441342,39.95899083720171,15.468856233094556,10.409641960901473,22.185161045332965,3.1170096437104586,17.430163913702152,16.169220141643716,54.893425068243985,7.781498561126026,9.702030130068414,14.304691396435963,25.373157364662767,24.269369634151083,15.190333121095332,5.869804366067309,8.238182722093333,17.812252765823978,17.99688271279374,17.147785820839626,14.087549049792933
2003-08-01,4.231977416743497,46.49107740193669,21.582709193974065,15.573899783485237,12.193607859978904,21.54307061422347,11.492640803811831,1.4810691168287278,9.65362924451196,2.1240926642409104,15.57073114916536,3.895418446509171,5.298240778237061,6.2342043617653236,9.772829707607325,11.61610063500312,6.653897946906247,3.000473022042267,5.352262321242013,15.377744555173777,15.023807835501557,15.115743750022034,4.828962144509775
2003-09-01,1.1516454719221998,43.02493995468546,17.598035373120066,7.121010864215746,14.50633465496788,9.234830920088337,8.510373253455597,0.6915809517884143,6.006702641029663,2.0936241219259792,7.7061923653496365,3.876741782724538,2.3939443714332977,2.5382983415496367,3.2733325065894157,3.0310112051190936,2.464721426239381,0.2841403023706558,3.3995028031637826,11.070082544117831,15.335408453207432,15.322997810584587,4.619785419695475
2003-10-01,4.989711493849722,44.309652590606944,17.202954399381,3.285652427211154,14.383265066002163,9.317303943794412,9.310493815746295,0.6737796402880689,5.108378808554245,2.453152921242166,3.8267051129304703,3.175032843387612,1.1061673992140064,1.0139727592503323,2.3356591323059894,2.7337081117394835,1.87658789970226,0.6289943445641013,2.3393219869616284,9.703186527605528,15.524326990055048,15.297746412395238,5.204809093908729
2003-11-01,4.083038289741149,46.520863295875074,32.0241349285065,22.577684185371538,14.374316299955401,14.361474346817689,9.237755582810777,1.9857362978635162,4.920669351022068,5.2971737138958765,5.278213948869615,4.509080256575684,3.852162413505141,3.8278706024288764,3.8365048180529775,3.885603395736209,4.122034109400345,2.676261651388571,2.834103604903724,13.92051111073036,19.77191589116061,18.709199608030804,10.26867558179285
2003-12-01,36.78219736634597,96.63876520446743,130.8282424467361,96.34823069965121,24.56821173000042,79.56327233844748,11.856331968489421,12.88280913279988,7.2938532069645925,26.264754005251024,6.254683529410493,5.869808618027518,22.834247489306165,11.84988085179671,12.638132224660072,11.456346483166357,11.021554294990448,7.107150383655764,3.962379944983913,52.48420469058256,49.81404276289921,64.53540494281981,18.3393176648686
2004-01-01,33.346066395907954,88.00634283753445,118.2985315652972,83.75598929699737,29.630422837034956,64.32852894374199,10.474305542714582,17.731886385493937,8.312847404996408,20.37823163000634,6.096337110944404,6.043234781741966,20.586464833045568,15.565087814308882,13.643147595823855,13.300612560355223,11.933501222699016,7.7531445753702455,5.084924338609723,42.46122103819032,49.00296141212232,58.77979811484834,12.882825345915931
2004-02-01,67.21943747882928,196.34390980596035,284.57118137033797,186.97885660105334,47.67844815741408,133.20123558428918,9.746923213359404,41.785018484760485,11.275975270325775,39.224330846461854,6.729722784808758,7.00374891923738,36.833723397708184,26.980024175749875,19.633459740261184,16.001321262352363,14.912414532688338,11.206542096490523,5.4444320202284455,102.9294397195932,101.74906140375589,123.27395554071055,17.507085134056627
2004-03-01,95.9997924882292,121.37986931686845,169.7719384295868,178.24316712011898,35.87887467336527,140.8055060981886,48.661877833861496,46.21309472047137,39.28490789780562,95.63901326700784,39.322693919078624,13.647305036913977,79.719318742916,53.864441358263655,54.56918066193439,53.429128429837924,41.320629758933194,18.56504736301264,15.79518092754813,95.15371464557474,57.793495953134865,69.90956586170222,61.30555925225914
2004-04-01,79.02273792412987,98.5027350935591,118.07277100887487,155.489974389452,25.64446923788275,122.90413493698662,95.43256161139952,22.592534490663212,49.08602314466428,106.61117061950475,70.46415621740935,5.336189652752289,84.9961936890348,62.34339019502275,63.32704997774159,66.45926919258535,40.20895540530522,9.251559674196697,14.699691321186993,68.21751315423629,38.287045096672976,38.24875292643625,69.65137499471626
2004-05-01,60.07587564667959,80.53008345899939,91.50075351796745,161.5857504305831,20.325534390925995,101.99851206849138,94.05053518562467,11.051944244989368,68.36646599689789,102.29247237880838,132.77347188381515,10.55231503831765,74.25889187541755,60.692935199111524,80.77487832558214,85.95143455655992,45.28713144729843,5.157025060547759,18.291787525217952,53.27567627532402,29.030852693732918,27.828003781708194,70.12901382624409
2004-06-01,16.853690842743866,60.70678720368885,35.47827144176804,77.1052088748941,16.889881792004363,32.752099539276045,41.751745704987286,3.0609355124843707,35.7050203862991,29.319443004767972,100.41802037724439,17.022444992279798,29.723271586167055,24.383374148187606,49.150280988916435,49.065187795687,21.30964148968966,1.8614832629667324,12.996386112803386,25.18310310825598,19.58544506209311,19.536717885981638,30.723250929141873
2004-07-01,2.5547824327052666,55.263023166791584,19.505712074888695,24.744717997472904,13.578164791665879,11.064701133566935,13.529311326006333,1.4597075430283128,10.283796709084267,5.616658143312439,32.513797925036826,5.643020557785547,8.297226668292243,7.847852909576276,15.728476351540843,14.98173202302354,6.590155151400055,0.8378496095544979,5.244501727899666,14.347740082125114,16.979378005893203,16.917259814911898,7.859228174038842
2004-08-01,0.0,50.99580194046059,16.615976952682963,9.8927212870899,12.367579569791262,6.94405677725234,8.364896787584561,0.6933610829384489,6.516199740045573,2.1719718021643732,9.738304735664439,3.145683800297474,2.5245672996108954,2.9871574647237544,3.631353249497633,4.338959772570261,2.286241598822047,0.21856946336204292,2.94140564252972,12.137694738255725,13.953937016699012,13.010782917060205,4.517993537566592
2004-09-01,0.3139255673517513,47.09384983453192,14.448675611028662,3.8611879965009113,12.186968452911948,6.095271908277291,6.590083903957923,0.8090696076906931,3.700557877062918,1.6714171784190768,4.644828275005261,2.254540128287842,0.0,1.5898590142827258,2.0228171974314284,2.5986264157848478,1.5255775724481688,0.09349915932709615,2.012371761203785,9.886491294033439,13.403276939134528,13.141052312380237,5.764105149561933
2004-10-01,13.116672747048575,51.36499025743376,25.747991459965924,11.42991122531951,14.221994830578762,17.718384139854123,7.346561526487312,3.336855840739723,9.063685235125117,9.06830872270392,5.964381762222665,5.509615816466738,8.164661391740257,8.780582167532096,10.243371255429555,8.551164803046102,4.955789874621321,1.5822000597818997,2.9219170245848276,16.35515081690884,18.194405313353307,18.626865070290542,5.875964360692575
2004-11-01,10.804856667988552,46.98646384849091,21.465313704634458,12.027302575721537,13.853844519880704,15.018251707477024,8.364896787584561,4.436086825886044,7.052512475851794,10.338411672346332,8.181231620747901,6.674239208179927,11.31029458406174,9.729470353922178,11.644482591366394,11.108773260926919,6.89187105012936,2.6058337131941345,3.3025182691556703,14.38863519142144,15.659989339444254,16.485953094143884,7.431925987519793
2004-12-01,31.13153715401445,72.07872797363922,81.99623409258766,59.87225661606842,19.351466017900265,46.202934249339116,8.437635020520078,16.596162711771907,7.494970482891924,23.722807046405347,8.20762269049225,5.813778626673618,20.063001946147985,18.227271273854576,16.40701090238594,13.455432221015561,8.157378016912268,4.385960564798329,3.745024535433818,30.67922170394283,35.39348363575324,47.212945784928884,14.587559723546896
2005-01-01,68.22013790958074,95.02562389590955,134.44041134949327,79.0285176127738,21.480310104121862,75.53455103980528,9.674184980423883,69.05662770328945,9.372065058213694,59.90637736983708,9.553567247454001,6.688913729724994,71.05401705767721,89.79830732309084,46.91208305884657,41.08827440329737,39.35905146522267,32.72227721489074,15.785551257504771,39.345040008915795,44.530480087097644,51.90911736217237,11.741861392383392
2005-02-01,56.062292135018666,86.22781143368711,116.83108794855208,71.07036410231841,21.60030054778116,69.75155979941506,10.183352610972511,47.951392788480085,10.793293808100177,57.61253139841298,9.104919061800084,7.1905155570837085,53.87006098946594,47.316933328522815,37.834268221996,26.64717756979091,22.198641011016,13.672734208092244,10.82489551802601,42.8996271294892,37.0062263710017,40.22066243037921,13.64011220527037
2005-03-01,131.30488480883304,122.84956803093358,187.7199026651614,129.48093256945415,29.062801644455803,155.2868240575792,20.43944345488054,110.0521580230096,26.332955328085397,103.8576849240154,20.136386214937577,14.901309605310766,94.40929949841298,85.73388796274921,64.11497975558642,51.04453556883051,50.56503491521103,32.92870393028822,20.86497292751829,89.96963493850585,58.6343206620884,66.34451782665647,43.3611046026817
2005-04-01,116.80789237466675,100.54620418559526,128.34487632609057,120.8465744373131,28.409734169623672,136.87643970319127,60.80916273409298,75.54342561401528,46.44468292081865,113.55190455884603,45.97324349465434,19.957349301293558,102.65165482512877,68.40837466735142,73.09021880815934,66.31616894846903,57.03535361105946,31.684072263921035,29.730689147437165,78.58567256837406,44.527068130798085,46.748309358499924,81.47713079544764
2005-05-01,244.31056687733206,142.75359973560344,256.4639920957587,273.63239263641975,46.4698836246468,337.2751486339979,271.750038247095,87.6598882867253,166.12286991597665,284.585761049041,255.1752533581015,48.33253777980385,258.9504861637625,209.4075933117907,232.4264980091212,229.48899795339736,152.7081902422115,52.791811050712106,64.91108370584081,146.80765657057205,81.32820625901076,90.81429964408164,186.29033021696958
2005-06-01,113.32587611762699,78.11507453204756,113.78332043685072,142.70036866039038,23.160080092061225,119.0609779416831,125.54619004670394,29.070431745638864,112.54522760893525,179.01226192780484,236.93902416475694,50.97395165791624,141.75986816924538,145.6992225231955,188.19502422693824,200.47326461892243,124.79819475384076,28.721241760568898,53.00101608507154,51.72757942083634,32.730970954684466,33.31868492359145,97.29402324932026
2005-07-01,28.006573618946653,63.49176828692799,41.483502242601816,50.41930013681327,14.556659436069575,27.66583353040279,45.024966187085596,7.553096469596504,47.45026930045532,46.152006839096764,163.83576097291282,42.33065846787072,48.95009255714098,56.33541083133718,97.5313856674737,95.14315799544569,49.010560608800056,7.704573583512014,28.34195316046994,22.582779036439646,19.81968327935451,19.38098309757235,32.82061113784139
2005-08-01,5.7614869701346185,55.099984589444624,23.11788097764586,10.428519072539167,12.02184928585553,11.014014587747571,13.45657309307082,2.858000561380435,11.839103642922307,6.698726660382706,30.481685554722024,11.139295900120402,7.360529164743595,11.188262504238063,20.716330415835166,24.013701310072555,10.7852809996475,2.4370495164867787,10.322089175047784,14.665170287402722,15.958461342693106,15.770942634820578,9.325702431961545
2005-09-01,3.1116743537022633,49.93918654496203,19.07676701768628,6.385861863166688,11.88992715413388,9.107685008541468,9.892399679230438,1.8486661993108575,7.562009574867702,3.3724323693726577,10.873120734671406,6.169969285994833,3.116983553799257,5.191953477755021,4.962565297533345,8.156713914630625,4.231671717670993,1.1462754078542696,6.045827842222012,13.016610849306062,15.003484443630239,14.71937169666428,7.495685737864256
2005-10-01,3.5587424739803564,51.15335364260838,19.900793048627758,7.929012468972369,14.026469103621508,10.596924452234024,11.056211406198726,1.988406494588568,7.749719032399877,6.531584942540798,6.993633482252239,6.981070113213183,6.070809844149917,3.73226360919279,5.1157186153329715,6.389549262073401,3.2874284402392857,1.6526279979763359,5.1780111490288565,11.220907915059593,15.892447405592838,16.00751399667076,8.62881954661765
2005-11-01,8.480252886105097,57.4326903884088,30.90323376586966,23.69696509687866,15.529861799477873,17.239439236561015,9.81966144629492,2.736951643178087,6.623462287206817,9.265918982860757,6.574015473317106,6.963727496841736,5.377877061586971,3.121366342552816,6.2378010865588065,5.5636388014192555,3.1369954428446745,2.3265505100093016,4.4617471200895125,18.915763239183406,21.531446920253373,20.994290647991622,8.308902202784017
2005-12-01,220.384022676874,174.76716500485583,242.80547843220825,229.85989914332572,39.207623196179846,366.96672580918124,56.29939229209087,84.50816608558915,39.64691899447481,121.26915106232786,17.312541752292333,17.62543442304081,102.04807006778766,33.43057863488512,31.132745030337023,22.319937213764657,15.8005641500746,8.111355640324705,7.147737228612052,177.9676259259212,89.50421780128653,112.31757716150852,10.710519465758878
2006-01-01,155.6549276380907,180.80821459914915,249.35253456845558,185.22642033368768,52.94667333010583,223.03927212611882,48.952830765603565,102.0397877167042,36.95194749704855,125.93606121519491,22.1473857294569,15.981888009993103,96.86539901782669,58.01683710674743,46.33953401364018,40.684571343926095,42.96689369087307,26.20647865710895,11.83555231686232,134.57620552064984,104.91379921752797,120.61950930350557,101.44064420593313
2006-02-01,121.34100765593854,113.45133465405839,149.22772779515543,128.02255590250817,40.5962215060815,182.91786428110598,38.40578698995346,55.39768138907452,24.656978028690965,81.97604836321231,17.457692635886247,13.996825459169253,66.99742247776773,30.39673982135126,32.246303198160284,24.624344593155154,22.63634154015852,9.542985625346084,8.07722966565434,95.29928019538514,61.20730657677513,69.95140186463456,57.25513721721862
2006-03-01,164.80741250987478,164.13830390473677,252.06166124552345,131.96586865227945,54.03351539997895,210.91187171833917,41.315316307374175,141.28188885364037,31.307255952688088,120.81647557650601,22.406018212951512,14.167583528057328,111.35240436820013,76.97036244189773,56.26750604317439,48.6331114120513,51.66226090185761,37.16530869512249,14.21018309398293,148.99679412544427,102.26367342128584,117.88855988958288,78.47259238447863
2006-04-01,314.4834622298325,245.3628689960891,376.56860811243456,246.34445647315547,69.56770724754398,352.99485058997504,93.54136755507605,278.78722947248247,58.927361846708415,270.7913461484011,57.743660600633575,18.05499769008737,228.27497828705162,154.28230667653096,141.50144747864437,122.33035394335664,118.96615391699436,83.16568080925734,32.9742830070418,224.352936519163,129.98025538301917,152.77160103023925,150.37121893080948
2006-05-01,229.43470740461268,161.9317962353537,320.46710984148723,438.29715901824335,41.875413934314636,303.4487520515505,300.11794909194697,87.26380910584261,183.55303382967878,312.26425541770493,285.02355323895915,62.026534476179414,261.19244177489986,222.67497127457133,251.15297186734824,265.67917305269583,171.71034253457705,51.73782052738847,68.06846909077156,158.6189794076268,69.2103467692556,68.57439818244059,225.0014474129506
2006-06-01,91.44110180131051,99.58678486505354,116.83108794855208,212.06995561433584,20.772202906937594,96.07076348961705,142.85788948535722,23.14704534389897,135.68712215897366,177.28774243277974,307.455962521655,68.26987636989959,134.59988647415736,149.06431936963182,216.75314548625033,235.2919595768732,122.15839311594442,20.235889482935807,51.06315962777471,55.46349887491341,32.36744926285478,32.331151959233125,109.59182492102298
2006-07-01,22.17613334927392,80.80913025484321,33.94309965809624,46.64421067196676,16.79144536548996,29.67396574824608,49.97116602670082,7.400895256268551,41.65809175374814,30.647000919918543,145.0981014544257,43.529967092326785,37.511602980369624,38.06504908165789,92.52761957016125,87.75900035562414,36.432832199518465,5.884375663624778,22.92870292895332,25.385869212869927,22.1526454856632,20.099363976569236,34.950410517768795
2006-08-01,6.265974383482639,69.93963048527456,23.02757675507693,14.082408296672192,14.871886936813652,11.907472344563413,18.330034699750517,3.756076726572854,14.051393678122963,7.140085259058995,28.660701742362,11.566191072340587,11.004374715095615,7.845608613960406,18.095391262989615,20.786852486389094,9.094822062823319,2.353264555531329,8.516067486201683,16.684941601845146,18.85662152732094,16.937268338053457,10.25637106856848
2006-09-01,3.2192415009817372,62.51823985873124,19.065478989865166,5.9143068282595435,14.46236061106066,7.544563481112217,13.165620161328746,2.687998036552137,8.741897593641385,5.150054181003782,12.931624174730556,7.110472712292425,7.64459761449785,3.9688123671055497,6.4375539296258495,7.588322212246164,3.5925439547289195,0.8208497624041169,4.863441927612474,12.394899991579251,16.98301248108187,16.725787878217687,8.307783610672711
2006-10-01,0.0,58.38740667306551,18.659109988304984,7.127633828189161,15.410256248981879,8.431578032951018,12.874667229586674,3.4837166606175716,7.186590659803349,5.651479334529503,9.923042223874873,8.69798913398623,7.914098451444196,5.726993552578569,5.757598661546989,6.738664512805474,3.272130169317799,1.9865535670016796,4.276719888542121,12.84553516700856,17.826507416704626,17.772597429850993,8.623226586061119
2006-11-01,11.685703727179211,59.203383399114486,27.52021182788116,26.021625451547305,16.886513976825476,18.23856555500027,14.547646587103584,4.843736859243951,7.253629751779126,12.879488101411585,8.20762269049225,6.683577540072241,6.330113352130722,4.59452198481027,4.118090973784757,5.904427098291112,3.673284829036761,2.4564779132300716,4.007547683044429,18.181886695830336,21.355805343788838,20.83470395138397,9.671347394355225
2006-12-01,25.19804304394109,81.30765205865409,73.89143011702626,64.97193887559793,22.07015887688169,49.92667717906821,13.60204955894185,8.161011257333296,7.374300117335525,17.830190962697678,7.627019156116591,6.830322755522929,14.235956822983768,6.919612242852201,7.465300776529837,7.081303243868487,5.942528349057157,4.5571733110985955,4.605045781449016,37.23098640069373,35.49821585955726,38.518065507972615,97.63295665904613
2007-01-01,21.341923794498136,65.59716068478343,39.94945926171215,40.89150416465854,19.40323414836434,35.420015946767954,12.510976064909086,9.50323014445933,7.9508363083272116,16.95879065249064,7.38949952841746,6.9677296390813,13.274979964755271,7.2041889269445925,6.896729739577978,6.691170035232382,6.534061491354608,4.738100255770509,4.503246412419224,23.803320529971845,24.13447288496888,22.92035174462894,11.603155970581396
2007-02-01,64.44350300905991,104.8737810391172,126.80970454241874,82.03136947832014,23.511583773446482,106.96235718280093,11.92907020142494,34.53009398279476,7.575417393262857,44.723467469416704,7.151979900718327,7.910901160205269,37.87239419091221,16.620804472014406,13.322349644440221,11.334526232248365,10.08750986483973,7.290505877920587,4.732294992736255,61.40446684278507,44.96802639603527,48.72348228466652,19.578717724196107
2007-03-01,70.6167038622549,88.66398402212147,95.98210056295056,103.79840287334568,25.295563585349772,104.7106718168256,32.95041951978962,35.96309955857255,18.905023937169258,66.44144443149959,19.318263052862786,7.4359802811103135,54.443053759910434,30.848292099264427,27.297376786071055,28.87324990175566,24.168718344127342,10.83618828357151,7.70648736898503,58.007411365095905,40.34779252864685,36.09714120529411,39.225669567181896
2007-04-01,62.88265104678782,68.1493414917147,55.006559572298954,78.18011592777935,18.988415541615954,88.36168350809116,54.69915116750948,21.37314465288956,31.709490504542753,86.89280056306177,39.40186712831167,3.5752470673440335,60.16958235470007,41.99660614153999,38.97908216896204,44.8893746376373,31.535685696762847,9.185988835188084,8.097635395031931,40.69799749942999,25.641148283078707,23.593793694644788,50.62971614195075
2007-05-01,55.94344172054204,62.41869226583191,37.26177983750439,78.57815606258158,17.131306028685344,76.325347063987,58.772492211898495,13.93130638017022,44.94300726056124,84.27859963244067,82.1817911838999,5.482934868202976,60.44636699805038,46.32001721595309,56.01319765833086,63.439977404010264,38.14623854272488,4.934812772796348,11.832342426847868,29.64948022195074,22.143522211210012,19.505474630594822,60.870426920960945
2007-06-01,11.485613788883125,53.33869765050896,18.52365365445159,20.390119184952585,14.509510023565115,18.889758804679506,22.694328675881597,3.894036890700531,18.02010792308899,15.979444649510715,44.75925428641433,4.735868316817656,15.538301408010973,12.98235241956501,20.29011524570634,19.956315940257056,10.851573506973939,1.0406335005626157,5.601487353078461,14.413750837323686,15.70864680319456,14.098144502226402,20.75547662529044
2007-07-01,0.7374241961513583,51.476295440045625,15.667782615709205,10.639791623291107,13.754926976912174,8.121015553057822,8.510373253455597,1.6617524285572318,7.159775023013037,6.744864738745315,12.007936733678372,2.0410925421777506,2.2560376368517443,5.872872767610158,7.186556055265582,6.075592260973356,3.4472103809748034,0.712779305519551,3.1468386034547042,15.032568793428247,16.44607440167868,12.948349905011547,7.6981509100107175
2007-08-01,0.05917446796726303,49.319169647455084,14.008442526005133,4.890396597969594,12.831760724733092,5.1859209125180925,7.259275646964689,0.9069768209425922,4.075976792127271,2.0352986266373967,4.38091757756178,1.240664094264907,1.095484483154872,3.7717632120321114,4.069786587836824,4.11814129242524,0.9697403956341842,0.23799786010533566,2.312037921838779,12.254331271843643,14.173563160242711,11.876877441163646,5.468796832177041
2007-09-01,1.0972350501048431,46.48167133016667,13.298425576056928,1.6809082564527122,13.585766431641083,6.151113018078282,6.190023622812575,0.825090788041004,3.6469266034822962,3.6884346796675143,3.325274787787857,2.6547543522442636,0.684677801971795,2.5257302861007607,3.0181716914056227,2.9147422567745784,1.013085496578394,0.06799938860152446,2.0164987626509383,10.527531994417998,14.155909995040618,12.151111905397938,4.938584171417803
2007-10-01,4.244012901753788,49.53237394090881,17.99198754407702,17.15678817313141,13.975855652647336,14.810350960217955,5.957261277418918,1.797042395959856,3.7407813322483845,1.6609708210539575,3.668358694464382,2.77481861943119,4.185275159712695,2.1819041977493865,2.7564755769465217,2.887910961002767,1.3283998583490184,0.4674957966354807,2.323043259031189,11.964778118562249,16.83014200426878,17.42672817287193,6.976658998218083
2007-11-01,3.799201434915125,45.74094317827783,15.134987702552527,9.444346626089708,13.364645309324267,10.73953405572578,5.826332458134987,1.8415456747107195,4.210054976078827,4.48148730963615,3.5364033457426416,3.7086518086628404,1.4499630614806949,2.726370314159592,2.5231938071626745,2.6862136341663923,2.0329702246774484,1.0236336534122343,2.2421081750953413,9.785634223839603,15.49621543706516,13.970443045705284,13.087527702285001
2007-12-01,11.745881152230664,55.31397272221251,34.1237081032341,29.349664848188315,16.769698901763416,21.589461690058137,6.851941542525789,3.784558824973407,4.706144256699581,7.652827299730264,3.69474976420873,3.588587541475914,6.852605064841115,3.1568262132835705,4.746616278001405,4.992163042049529,5.51587657113572,3.6440386641638383,2.964104150489066,15.221790858628943,23.981305716303652,22.856474267005893,13.352634032664623
2008-01-01,30.094228789690014,74.4239752016301,77.32299057464559,47.43697945958452,21.901864341228027,53.29862111705107,8.583111486391116,19.172902551446885,6.422345011279484,17.649991298149367,5.0406943211704816,5.5362967647304995,22.674489335512746,21.442898032273952,16.61273075783479,15.504171276327543,17.33464076192359,13.911946342994035,5.094324730794906,30.046859708425018,42.72896716092763,53.32881302689834,10.093056620317743
2008-02-01,34.39716542014001,77.64633862217505,94.73703109428146,59.14836665377416,23.045478152688148,59.64560756643128,10.110614378036992,23.887579902313334,6.73072483436806,24.077112667038975,5.7268621345235315,5.376211075147932,25.436508723892587,28.917300151369364,20.545844347783635,22.723023461738876,26.58839486154235,22.702081594537525,7.9222378335279,31.399422712354372,45.21873101109022,53.66237757713259,8.39838957168853
2008-03-01,46.39729619321307,77.86738130877045,83.6442861544706,89.14575737856246,29.20781014372971,78.25616082210584,18.69372586442811,23.812814394011887,16.102789892581754,46.18247538141169,12.905233104986205,12.900238485528657,35.31189344637513,25.138355193366472,28.93574790004628,31.645508725810963,32.61846331642801,18.470333928889083,13.029172846522442,47.82308269949917,38.96261244398673,37.542462759284255,29.978268583011804
2008-04-01,63.070454760802576,71.46184643338896,79.30629706281569,95.83362639891688,21.056446508035886,99.01144224113688,57.972371649607794,20.402083110545732,31.387702863059026,73.84442968424742,34.33478173739684,4.682506420290134,63.32881198564226,46.87390937394995,50.01663435806498,60.83394925146078,45.96960431118472,13.60352054469426,18.49607409685206,47.05764722935794,27.3745704291835,24.332343592958164,57.224935230213354
2008-05-01,81.58479179569552,81.57415742547124,110.20501561755692,173.2441539129854,19.86674174027039,135.61314198069346,97.61470859946506,16.223225235839674,71.18210785988056,126.99897807709577,114.27333199302714,12.193193356538979,93.33663760865717,88.10700614697078,99.62097657489201,118.64675628015532,75.51651478815441,15.112864116688813,28.16724343254043,54.92844357032577,28.954528714770923,27.991228391614325,85.75462702908337
2008-06-01,21.476069304508666,58.90709213835895,31.86948894735721,55.455401942198,16.035996309219584,30.679105724663902,47.425327873957684,4.404934530760441,41.71172302732876,46.28519789550203,112.9273874360654,15.261502406871546,41.0811537054013,41.892021965840414,65.22370748481488,77.00180959101749,52.72124121120044,6.565583824436478,20.435764777014302,19.024904527659135,17.811450305208716,15.923948988256019,30.175140794601734
2008-07-01,2.938914995950381,51.386937758230474,16.407148437992312,16.5772788254576,12.103350413184659,8.37573692315003,12.801928996651155,1.2727937722746876,12.013405282059326,4.189859833193238,31.510937274751598,6.069915730005729,6.286410513706992,11.048218457807737,19.437969048895425,26.403228662256396,15.627183746297762,1.1584181558188276,8.659366147561188,11.630910972249143,13.62067789378721,12.032291237223072,6.72161999684022
2008-08-01,0.0,49.14750883765228,14.173247732193428,5.91761831024625,10.592837193807213,5.617186098981125,6.808298602764477,1.7632199041092003,6.328490282513396,1.8629337301129292,7.547845946883548,1.808968292283026,2.0020755869005042,3.285648781634542,4.619888300749767,5.96302418101116,3.6273900162723045,0.10807045688456568,3.4767694413688273,8.636231811109056,12.20419681872674,11.987138313342122,4.08845416682493
2008-09-01,0.0,44.44447295264385,12.923663052395874,2.1491518093731488,11.063561532525167,3.2877527262829025,5.899070691070504,1.930552232212446,4.075976792127271,3.2557813787954935,3.483621206253945,2.4146258178704105,1.3737258877859633,1.9794687331978598,2.2887754635918176,2.914125445377525,1.7023575919853384,0.0,2.3860946700293706,6.837767470768622,12.058001908586709,10.192523583974346,4.589583432690203
2008-10-01,1.4166768814196442,38.27408987151279,15.419446003644651,6.711049394261361,12.652496733925334,8.85210454445232,6.04454715694154,1.159755444247495,4.210054976078827,1.1464877208218356,4.565655065772217,3.5085446966846296,1.1916307276870817,1.4444286583743113,2.9363383787408877,2.9221439935392155,2.0907636926030615,0.3994964080339563,2.5963424659760346,8.469363985716644,14.772658182668403,14.21600219335167,5.379309463272527
2008-11-01,11.221836075740919,45.02608172375656,33.627034879105,32.45583495171993,13.563442628169584,22.037479209461463,11.710855502618385,2.3106102327448177,7.924020671536901,12.420718907126766,10.899511804415752,5.229465859697243,11.520553795589246,9.728123776552657,12.31619769948943,11.261742487396093,8.85514915172004,1.8663403621525556,3.8706688017138315,16.721628854236382,18.470699600654992,16.950857014197723,5.324498449818513
2008-12-01,8.812231680972285,40.42259343164747,18.918734628190656,13.221422980128253,14.730534922591108,16.649241660664398,7.011965654983929,3.0894176108849236,5.966479185844197,8.013226628826876,6.254683529410493,4.455718360048161,7.437737512625522,5.9918204352513,7.395117345181958,7.56704221904783,6.4601198485674285,3.3938980560939442,3.821832617922512,14.865963959092403,16.58537122625655,16.13575044044165,6.848020905417844
2009-01-01,25.596718484906972,42.68005065645151,26.763913963866376,22.695572944098323,16.96580196846562,38.10597332819556,10.110614378036992,9.52281158710971,8.72848977524623,28.789290368488174,8.260404829980947,6.189979997192655,25.73174567679957,22.431285821503366,21.226367902756,18.13147942207536,16.13457639852704,7.062222216186899,5.209880771315209,22.609998610794438,18.21339359189001,17.01740942806964,10.299996160909428
2009-02-01,60.09367813492398,94.18613199043551,111.70632331776537,51.04781941789035,26.862174983278443,97.53122328441219,10.328829076843544,29.59468036932403,10.391059256245512,38.7673027117379,9.791086875153134,5.54963723886238,35.376476529823535,27.60079634309968,23.1841162508811,19.851149597059493,19.04974691301017,10.628547293377565,6.136621874059394,62.596999788792786,49.241427488276656,55.8621916494794,15.709507611187231
2009-03-01,112.51147496526399,177.07713946370913,270.5740268721539,122.72484702017357,44.11433746524051,162.46283621400488,26.331240322657493,67.76425248836438,23.557536920288207,90.76230543705802,18.209838123600168,7.737474996490818,81.76072688439787,47.02113516635106,39.59965145666961,33.659397937189446,27.95164078143475,12.626029333547347,9.354307335690237,102.21831190263327,77.12400854128009,74.45257058933534,41.381196565669356
2009-04-01,83.27778335380975,91.11348187889669,106.24291785234512,91.66248368846014,17.88483061913921,108.9481529567238,84.88551783574941,29.293838204968196,44.61987883723799,102.9584276608347,47.58309874905957,4.148887455014904,90.09728610727144,66.68744878910186,65.75164600888112,67.23490952437967,46.40135551274664,13.388593905721587,14.57404705490698,53.8572809969242,34.80551455778266,30.744914763652428,62.46442067957258
2009-05-01,152.04553583135873,114.5581157656637,142.00338998964108,144.10311242995965,15.906383536477744,214.1970471626313,166.35233872352953,42.70089596145324,121.47483466010884,214.85719616665062,171.4627801290294,20.064073094348608,160.7414676579528,129.46533461535716,139.72157292818636,147.16163876022313,88.73932028795865,15.638645103554172,30.189703419503925,79.7771535501555,45.47425686874238,44.33268142959419,131.4312173021693
2009-06-01,26.90658043686029,58.13736193184589,37.758453061633496,42.53068774807875,15.72327061403697,38.14892802804249,52.226051247701875,5.483694007681363,50.98993335677636,47.79730812410303,114.4580694812376,25.093431842067638,46.67657378491973,43.033470716072195,63.29664662893906,66.19342348045545,33.73098757399606,4.019249576268678,15.202956219881571,23.15978141454989,19.751444153363224,21.0742177431079,40.47625554762246
2009-07-01,5.641633598573805,49.7581196633892,19.246087435003027,11.880935071909065,12.269431813149335,10.797952447517588,17.602652370395337,1.7062557073080955,16.08670051050757,9.192794481304922,46.580238098774345,10.285505555680036,12.516007337463133,14.38638375685365,27.3971111358812,31.04134196239743,12.213119618986177,1.4619868549327761,8.138217575928945,11.218015013437345,15.280817152414398,15.657899828943274,10.60089743885085
2009-08-01,0.8640475280304591,45.572417725731704,15.013077002084469,5.795093476738074,11.19278941210371,5.103877435810484,9.892399679230438,0.7805875092901405,8.469718880219729,3.5256456107277407,14.726216917346225,3.473859463941741,3.4520386483811993,5.231901939717519,7.866795466791196,7.464959932835536,3.515202696181407,0.1250703040349468,3.2584969203860306,10.235085939514354,13.118601107009999,14.038600421326526,5.336802963042885
2009-09-01,1.2461741771071917,41.99027205998361,13.060248189031379,2.8472122121710837,10.740539945224235,4.810496835856053,7.273823293551792,0.5260287548352031,5.196870409962272,1.862063200332503,6.386638878132232,2.5386922272969015,1.79764342049616,2.480395514660175,2.8451283323333176,3.5944684163271297,1.7176558629068241,0.0,2.3840311693057936,8.059360928527093,11.899939324361233,12.612591907053218,5.207046278131341
2009-10-01,6.044822346418547,62.72595727698579,22.982424643792466,12.700195715420495,13.501474828878015,9.553554792952447,9.455970281617331,1.7774609533094763,8.326255223391566,9.149267992283592,12.98440631421925,7.177175082951828,10.127404424059403,12.340932732549197,15.303966042092528,21.874599385092296,23.91119745028233,2.8754027180073205,5.656972594756863,12.244337611694059,19.5439823757571,19.556137923148444,5.128744830339892
2009-11-01,2.677143196976557,50.87117148950786,20.51937697322493,10.702709781038546,13.065102204984736,8.342232257269435,6.7210127232418575,1.435675772502847,5.456982086828289,4.335238306524481,7.415890598161806,4.935975428795867,4.3333792232597865,3.7767006623870274,6.210807459117314,6.25477597181729,5.53287464993737,1.56762876222443,3.502677839342625,9.860323683904921,15.792091386607822,13.65763600076227,10.1903741340014
2009-12-01,13.336571087757427,63.22604675942502,38.935794363375905,22.24719828309813,15.816703429428449,19.904348815063646,6.997418008396825,5.363535155054034,8.19217703944001,11.035706026468041,8.07566734177051,5.680373885354811,9.95016513489649,10.602052489372664,11.606123226054798,11.833835058162876,11.2527281666929,6.2571580261367075,4.250352934851972,14.870960789167198,21.63521489553795,19.972678995822687,6.958761524437181
2010-01-01,36.0462776058209,143.5429259249707,207.58683163032586,102.28108182703635,24.86169276701795,59.02834852963111,8.07394385584249,20.69580475030143,8.420109952157654,23.608767645169458,8.851564792254344,7.3772821949300385,26.449443401135962,25.481732422594675,20.194927191044236,18.78344906876052,15.802263957954764,10.028695543928405,5.563197950763204,45.71520938110646,68.78644828551623,84.35625455715655,10.895087164124437
2010-02-01,40.25293035618858,139.45755541952673,201.71705716334546,101.96119266712037,26.894313562414137,58.15980449872648,9.274124699278536,25.901798298577404,10.538545258592222,28.12681720558352,8.706413908660428,7.230536979479352,31.749140940653817,31.029631185026766,28.73798406110651,25.385798262817257,28.164116766455386,23.774286239807992,7.992167580271337,41.40149857574946,62.04004643275794,72.55994619580892,11.496889720007285
2010-03-01,63.73215569709753,117.7154205231327,149.34060807336658,101.19226654980692,23.83450913745659,87.70662433542569,17.093484739846712,40.48641281081029,19.09273339470143,52.560847082597405,15.465166870187968,13.46053839906765,47.89879649950343,40.70568730329122,40.28727859781079,38.11154260111897,41.2611364831274,29.563948469309224,12.759083529592047,57.55283132381808,47.27309956824317,49.51018103545958,27.790302413296466
2010-04-01,101.01332421282846,123.3817949252537,182.97893098029266,146.17080178245982,26.482285431099687,140.99751360650433,58.0451098825433,57.304201850761494,36.65697549235513,93.01610703858246,34.30839066765249,10.325526978075679,84.83983464489656,61.52018256312142,63.06791115430325,62.48577017276908,59.49837522941866,30.704152503181213,21.488837979613024,81.2667348945568,54.41091214693191,59.51690354758732,59.71715845420404
2010-05-01,130.60055819645999,111.6273405699893,173.15834677592164,207.36169052563514,23.962389890963575,174.58121613481666,153.55040972687834,58.557414180385805,77.75193887350675,152.36534534894653,83.36938932239556,11.312722063834853,126.56099213965872,99.17991185655309,108.9536680834796,127.90077767014347,96.897548208811,33.02584591400469,36.97403524290827,89.80118916677401,42.999698476001754,44.66645997472834,98.04124277967297
2010-06-01,134.66328660524624,99.42374628770659,185.23653654451593,263.2972573559057,20.638933649144384,183.6163077006168,166.35233872352953,34.58527804844583,130.1631009801696,204.93576825912862,245.1730379249936,40.46165804199423,151.55027515034843,148.38070692503766,195.17358727918094,222.2365295468466,150.48824115071588,30.74908067065008,51.80189288681521,72.16540339990718,35.954305409253394,36.33162611687017,130.99272919453722
2010-07-01,19.491969452708023,69.31412671256842,46.5744027899252,68.32779472092727,13.562769065133809,30.288647503055444,38.478525222888976,5.006618859472111,35.75865165987971,29.69551186991226,101.92231135267224,23.972832014989656,33.91097468134773,34.71117371330089,69.02952481061858,71.12729784548345,44.605508487352225,7.917071672891778,21.509014431132446,23.795430798274808,18.81909000802573,18.81384311408665,28.398816521847152
2010-08-01,3.1507896799857082,60.702868007118,20.78125921867482,12.439250934867944,12.480449489929482,9.290672029889327,11.710855502618385,1.5905471825558506,11.19552835995484,4.875837300169401,19.054352355419304,3.8820779723772896,4.354259468284458,7.635093685191744,13.333715382310324,14.793296141223804,9.357442380308823,2.962830503352137,6.749252311103544,12.322182964438193,15.946445322681592,15.19101645606527,6.354721784331717
2010-09-01,1.9001021959996576,57.54007637444982,17.372274816697743,11.505413014616437,12.517976573351394,8.122304194053228,7.710252691164899,1.0876601326710968,6.797763926343837,3.772005538588469,7.310326319184416,2.6814353005080256,2.789697852714867,3.461601557918797,4.5443061439135874,6.503967776226755,3.9902989986875497,0.9058489981560225,4.012821073782459,10.5118840265522,14.634993163277281,14.086267785281413,4.943058539863029
2010-10-01,26.137563092556917,66.16230883029863,25.533518931364718,27.22038193073541,13.646002211697798,31.406328793072177,21.45777871597779,4.807244170668243,16.23686807653331,29.518794324485672,28.34400890542983,9.44505568537155,22.348660395709146,16.491084185417087,16.93892743470672,13.021196997490156,5.829491125026179,1.8396263166305282,4.127001447153711,17.91232086284811,17.519134657891687,16.653618098223138,8.712713954965633
2010-11-01,25.95878599229989,54.43136965445926,37.60042067213787,44.00562182495824,14.111626716002004,39.21764096023374,16.729793575169122,9.770249816964508,12.201114739591505,23.737606052672596,20.24195049391497,9.018160513151368,20.532079078562703,15.98881082658525,15.036302915251623,13.79066921531394,8.779507701052692,3.9281789665344933,4.453951672911555,20.12433863964176,19.39645235228246,19.14724716814597,5.962095953263168
2010-12-01,170.50646540151848,86.06398901702596,178.35083957363506,127.86228017435153,29.82508255437478,233.6005441774799,35.13256650785516,108.20527195484883,27.20446352377051,111.1692645498184,24.095046676589785,17.075806888807325,103.21056556985893,81.43606185835702,63.95159727370371,68.78218091388744,70.61596866963845,70.2810109440649,25.02888810983821,103.49263506723362,61.08009994517181,72.02089304293636,7.940885398164209
2011-01-01,67.6414316720026,77.53424960024901,89.73982117787332,91.90488416988714,24.558493177627057,87.44803704234727,28.877078475400616,54.623324338809496,18.610051932475834,62.53885942584713,18.711268448742782,10.445591245262607,56.40385444385521,47.11090699098588,43.41399308587589,49.89078985064263,45.79112448376739,35.10832718992638,15.022973101214035,47.53694842995316,34.30618217063771,38.22933288926944,26.909970421698326
2011-02-01,59.084201829685846,83.44361418976209,92.25705138198222,61.299505352339345,22.11721206609532,80.13886531639615,23.49444923817229,49.595343905536986,13.31396366638941,45.458194604096754,15.808250776864494,9.164905728602054,47.43991669605424,47.29134835850189,32.48185811551815,30.884671867545922,30.148642466548132,18.039266376147275,11.6748285382815,49.02547781012818,36.24061304656466,37.748272354272416,20.587687808594485
2011-03-01,221.60211405562382,180.40532119166676,268.6550621425642,159.9558389967257,53.105826653131075,261.7332952952187,38.11483405821139,209.86767186774568,42.422337402272,149.24101396699547,24.490912722755013,19.703880292787826,148.1701033918196,118.06880147796633,78.72563578760273,69.56275573685818,76.34092161003447,55.9234257507716,23.237081648198973,146.102972034498,109.87856649820935,124.92877810171231,49.11178664690796
2011-04-01,184.09803832793148,152.79928438598145,212.21492303698352,163.21367497524847,43.25285034248053,257.3171226039573,111.36223462427795,115.54297255529114,81.85473130242434,174.331423298451,68.69595454453803,20.743103227661337,155.69039071035664,97.4037763061531,111.59023512589657,113.20432091825703,98.97216372655251,55.19850369728749,51.41487186221547,153.19518335249617,69.90638585436673,73.18502529844517,148.32083959078483
2011-05-01,171.43420070439507,129.24491299523086,158.48391060847067,199.21345794914274,37.07281326592708,239.9668602417912,182.71844113402102,72.2350518716761,111.62008813966952,193.6188811135828,132.48317011662732,27.540074797854565,176.87461325562012,136.9859692241395,154.91131330468434,173.99046728644618,118.58624685577746,41.565840557478296,58.879929646541996,129.30034193483866,53.75885762889994,52.541900281205365,177.93556573762203
2011-06-01,191.3050371956562,105.6638910677986,154.19446003644651,257.57567877927255,28.466313464629025,277.2442374099398,221.41518105571657,50.925101874612764,159.687117086302,278.13600590586043,299.0108202034636,55.4069912119402,218.04171587658806,186.10103220009785,235.26850076354023,273.80843886015754,163.9898151428672,34.77683017049394,61.753469043051865,119.14126041067249,41.92982765719922,43.33375323681567,208.82772407557115
2011-07-01,77.63238866617023,78.92713206152565,56.654611634181926,87.34960954897232,16.582063484653847,106.3472458809931,135.0748985612568,15.40436490682379,97.4078006408047,129.1178475626541,243.9326576470092,56.043331828030915,105.1368895701583,88.28924295097946,135.58217119589517,154.2013072347905,83.00161878846137,12.180390483248072,39.5834465468003,46.21476089305743,22.016686444421858,22.62124037328015,105.71478466323492
2011-08-01,12.323584432724621,65.66065166923106,24.675628816959886,18.883394881000683,13.54198483431552,29.08119089035865,36.805545865372075,4.14147512055533,25.756419137093715,15.110655928644967,62.520444224360574,17.822873440192645,20.121757984473227,21.71086692880891,37.81409403727657,44.4366350722003,22.655039426840332,3.8771794250833507,16.25717581177117,19.35298587072775,16.49918224321103,16.24066144012238,19.96015763415159
2011-09-01,6.259705901706446,59.3820987627448,17.744779734794577,8.615151536618157,13.189518920022003,12.431949229694245,20.221228756073984,2.460141249347718,13.877092038985943,6.103284290570911,24.88677876892023,11.526169649944942,9.603941537161816,7.885557075922903,13.329737374055789,18.221533886045115,9.573317981089792,3.3040417211562154,8.414726672888243,13.68026878055547,15.533895302286439,14.94551080714386,10.430871437932277
2011-10-01,11.571366619581447,56.81032197295936,20.2157290248369,15.290436925423078,14.165030642410114,20.20975673097521,22.38882809755242,3.0956480699100446,12.107260010825415,10.506423919968665,18.246785621242257,10.432250771130725,18.32314338978987,9.490677300393548,13.522954917847523,19.538426218753557,14.590300939397057,6.12965917250885,9.566618632360479,16.30820691331145,16.485905282827943,18.8160900605357,16.2274157587221
2011-11-01,6.06212335612084,53.8583831158024,25.82587885193163,14.146651047214316,15.183169282633887,15.257938932622812,15.565981848200837,3.7284846937473186,9.74748397327805,7.08437135311169,9.791086875153134,8.549909871122354,6.299035778140515,4.215684884851315,8.201516447065703,11.09612862728733,8.949488489069202,5.708305818138687,6.55092696378199,15.553554076489505,17.962021420167755,18.24413519180203,13.704990547726144
2011-12-01,5.703566198522594,52.235835735474495,19.279951518466373,14.040021327242336,14.531737603745789,11.352927169539734,11.56537903674735,3.296802889863946,9.331841603028227,5.633198209140545,6.492203157109625,6.710258488336002,5.968836554494542,2.9355386655587306,5.304105720529916,6.433959682661227,6.470318695848416,4.61667277612493,5.407747562920412,11.167915217161138,15.66807419241496,16.66003794522043,41.74362040973263
2012-01-01,25.086714807595904,55.2896737034733,31.91125465029534,31.88957153199295,16.328033996874737,35.129642175802815,15.347767149394285,8.688820143318532,9.70726051809258,21.399363062446746,7.0200245519965865,9.084862883810771,18.095403042892865,9.02745468527786,11.156892436739012,11.73637885742848,12.27091308691179,9.195703033559727,6.511949727892206,24.548505688757345,20.441401055505573,23.875838972725788,19.530618263409927
2012-02-01,16.022239419949607,56.46856803198207,42.07047968929986,41.57168256472825,16.118652116038618,23.153871858482795,14.111217189490478,5.66704751613492,8.554188136109207,13.960686088701426,7.0200245519965865,7.3639417207981595,13.166694042883137,7.394954054293591,9.925414738513446,9.714779503586838,10.75553436174461,7.755573124963156,5.826638209806514,20.525137009851427,19.17971895429708,18.730171108221953,10.259726844902398
2012-03-01,107.9713389844028,142.7622219680593,165.81435587550345,125.69458406585282,29.075214448972282,182.0110905673376,23.203496306430218,47.566884460072636,13.287148029599098,52.77412687880193,10.10777971208531,5.602999135389903,43.158009704715745,19.836431230433792,21.426404889269797,20.928719107711316,21.743092499131755,14.559154809504971,8.34502620400298,89.4107789432988,61.75611233026375,63.31825545085838,29.62031910739375
2012-04-01,140.75750458806118,140.45381518783432,206.1035847746312,204.1800186328066,29.010937290700895,200.57825957616674,73.8293064295507,66.36061907656216,43.65585669462631,127.17308403318108,44.17865075203867,2.77481861943119,98.22310053152398,67.04339407377893,59.46468810603413,63.90844566007212,59.03092806237328,33.96690888125793,14.843677816121023,91.21042674339378,57.30195172710849,60.13572329940121,70.5473672758727
2012-05-01,73.30312441226022,86.3704701888657,104.45602304826244,170.43734178105214,20.153487146930146,121.33585884557576,74.92037992358347,21.44880022676603,46.27038128168163,96.00898842368913,79.75381276741987,3.922099394772933,65.92136147835674,52.61212440460787,69.45289854627988,70.89506835449295,57.27587642610281,15.525717547483783,16.306699829137013,52.52707223280314,29.45660550154813,29.483896317209506,72.29572674584462
2012-06-01,19.880113844289898,60.347004958485684,37.48754039392671,62.1194282922481,15.38523819336727,31.52617240564507,25.894810925044382,5.470343024056104,17.269270092960284,20.311200836913493,32.19710508810464,2.6547543522442636,20.003760320729143,11.828335613884352,21.842390895315535,21.681845823513193,15.961195994750199,3.291898973191658,6.439039368992491,19.78481718561244,17.326878337707537,18.378844981295195,23.053064821913814
2012-07-01,4.972410484147428,53.86935686620075,20.036249382481156,22.000161726889758,12.532313843684385,11.680241982373229,9.601446747488366,2.5633888560497207,7.709495577214412,4.7304588268381575,10.37169040952879,1.2673450425286688,7.419285203068835,3.5670834518647143,8.052625280967366,9.703676898439882,6.770334786697557,1.7946981491616638,3.2720243140183674,14.896207930597726,13.826062828428379,15.02163949278674,8.229482162881261
2012-08-01,1.6749383305988008,49.841206630691026,15.283989669791257,6.264661622453195,11.190191383251422,6.3315227574353266,9.019540884004224,1.1348336081470118,4.7865911670705135,2.6289999368883397,6.228292459666144,4.015482713696096,4.885491748679596,2.0221103498994006,6.17813096274077,6.555163122182166,2.9466169602661845,1.7436986077105203,2.545442781461139,11.810270872828534,12.663698324722423,13.611948089631547,3.9956110215864986
2012-09-01,0.0,45.81619175243798,13.43839712103877,4.581104180411116,11.43854369687183,4.108617040357456,5.659034522383295,1.0271356735699229,3.1776529596518537,1.7410595608532051,2.9821908811113325,2.2278591800240806,1.5742733574415315,1.4632807415476239,1.7815794111385101,2.815127216150497,2.019371761636128,0.23799786010533566,2.287963746730383,8.252527859576308,11.667777950064785,13.417212730713715,3.408350163150633
2012-10-01,4.726685998520658,50.30210414742185,14.256779138069689,4.8665539276653,14.099695027939656,9.780355608144163,6.982870361809721,1.3626903953514315,3.271507688417942,3.5648194508469375,3.4044479970209007,1.8810068525951815,3.760872039908903,0.8712355580809626,3.0164668307251077,2.711194495747044,2.1664051432704086,0.8354210599615863,2.0955996237213843,9.707657375567182,12.650718056191472,14.298657723441794,12.098692275890139
2012-11-01,33.4960084799945,76.12412267406064,55.747054197364186,50.41598865482658,15.857598328029255,74.29058293223862,9.019540884004224,4.819705088718484,4.183239339288516,13.688210267427898,4.51287292628352,3.855397024113529,11.11605974662293,4.095390639840652,7.848041999305526,5.50134085031689,3.801620323989226,1.7364129589317856,2.6041379131539917,37.09462553786321,28.30833386081864,29.251176863557706,9.36149737952335
2012-12-01,136.75545508286848,158.61615593642273,159.8136402857981,124.7090870266087,27.982502758358812,221.0126693873413,28.731602009529578,61.44834716804188,15.432398972823979,76.40552829826248,9.316047619754869,6.243341893720177,57.5444985267146,36.3791342150159,24.925631436027498,16.70140219800767,12.742609773657602,7.606217324999093,4.14717789867313,124.9815028038786,68.09100258410938,85.66916676682759,7.348031579171811
2013-01-01,39.07420504299323,69.72721003113502,62.06157696049655,48.02112488203973,21.271313116449054,58.27492309431622,15.420505382329798,18.86226966576586,9.599997970931337,29.782564847954927,7.25754417969572,5.176103963169719,21.778581147826245,14.162403054389765,14.743066878202987,13.365377757045804,12.09583287525479,7.632931370521123,4.358113528194319,35.5896592166527,29.077952525259512,30.658246829188997,15.71174479540984
2013-02-01,27.381731355495727,60.646431576497896,48.68526399247393,44.54936716717561,21.403235248170702,43.95339661835615,13.747526024812888,13.448890838510861,8.513964680923742,22.146277614052767,6.940851342763543,5.469594394071096,20.738453593341436,11.149211760521913,12.866299412402373,11.029821402104119,10.673093679556604,6.731939471550923,3.8883231967933214,30.748651342876798,25.098721404411,25.06570411494873,14.651319473891366
2013-03-01,54.5214993144304,77.24814825057766,75.1782652886335,79.32125262039874,23.425175258285257,74.01438421222294,39.205907552244156,19.004680157768625,18.74413011642739,45.116076400389105,18.262620263088866,4.81591116160894,41.98337452530456,26.403240202471135,27.186844985284317,23.712080536913575,17.43747913867358,6.9723658812491704,5.5923162387514544,54.61351178008557,30.798691094685488,28.907822046652576,34.31281301432414
2013-04-01,60.302293208435685,76.49409483034798,78.50823349586278,110.4498455918463,23.636481604937877,80.17666545226143,82.33967968300631,17.947282254648115,39.45920953694263,85.4276989426038,53.23078767435006,2.1344758611009156,64.04942323254025,55.13561039509276,53.92900547640088,50.6010481743493,28.708905192048306,5.339166280016126,7.77114372499044,46.12586991593743,30.632840349341443,30.271879037402023,49.49770092530866
2013-05-01,38.93805361881431,54.70022653921891,32.803008848163515,61.812785060279,17.74819354616711,45.03585505449842,87.94052361904116,6.029304205166948,52.0625588283888,68.2347357791784,91.36588345493303,4.695846894422014,53.992914524146,45.85589688259106,56.95769047533635,51.600591043273916,29.007221475017268,2.3872642498320915,9.028962054939619,22.989757696478662,18.167925565550163,17.90489977672017,48.064784430725155
2013-06-01,16.539013057578966,51.809427148567046,19.95723318773334,25.59179508967268,15.057116771652588,17.23385512558092,35.714472371339305,2.532236560924116,25.26032985647296,17.340953226097923,65.01440031520147,6.283363316115819,17.718587458261585,14.927259000278463,27.30305965500611,21.338590281053122,8.226220236058957,0.03399969430076223,4.628661400841063,18.16216236658773,15.788679430308258,15.706209177597891,19.992596805379478
2013-07-01,3.6775928884569793,48.871597399065124,15.791950921741485,6.8792726791861005,12.629595590708881,8.074194930224685,13.165620161328746,1.0689687555957341,8.46033340734312,1.6374665169824394,18.632095239509738,2.8548614642224743,4.9913497350837455,4.013698279422961,9.267338515834531,9.200358798444524,2.7409402067662088,0.0,2.77540847321087,12.088909897262356,12.273919403978706,12.570862901570825,6.36031474488825
2013-08-01,1.858730216276783,45.37253870061885,13.511769301876024,3.9062241515201332,11.615402105408952,2.1498827273381145,8.364896787584561,0.569641968011049,5.001116261393001,0.0,6.069946041200057,1.4541116803749985,4.887434097053983,1.4700136283952359,3.8083746168244748,4.218989955843427,1.0870271393655753,0.19549824222938286,1.999073645429623,10.228774154156724,12.339414130337737,12.402181421717,4.232752549183457
2013-09-01,1.5004237979495847,39.633267242280226,13.974578442541784,4.4797728316178675,12.431375611608516,7.830212235094204,6.2918571489223005,0.5910035418114634,3.9687142449660278,0.7921821001882083,3.35430496450664,2.0277520680458694,1.8248362977375931,0.5700510864311297,1.5528439365027047,2.689606096850185,1.1448206072911886,0.1469272503711511,1.5916468914522812,9.208500350201074,12.160063905721504,12.563961566048738,5.6578388989878245
2013-10-01,0.0,44.062743206644,14.765869192802025,5.023518173835234,12.818097017435882,10.216775358588823,6.422785968206234,1.1739964934477713,3.7407813322483845,1.0254840813425379,3.8530961826748182,2.628073403980502,3.625878827888931,1.001404703801457,2.662992382964931,2.6843631999752327,0.8312060534007294,0.17849839507900173,1.8385791447069786,10.108061259192,12.657319449901504,12.889715302436288,5.762986557450627
2013-11-01,1.651118099849267,42.126660100648856,13.930555134039428,7.638264350539452,11.787738019277281,9.40536107848059,6.619179197132132,1.60389816618111,3.4860327827404296,2.3765463005646246,3.5100122759982932,3.068309050332566,2.4128822680835813,1.2855325287706734,2.860756221904708,3.02145062846477,1.7805487544729324,0.9325630436780501,2.0774866729255437,10.457970859955756,12.69544435290098,12.65977778248331,11.949919525086383
2013-12-01,3.405540779370197,41.74414651533483,14.301931249354151,5.681178496395338,13.544197970004504,10.128288676904177,6.8955844822871,1.732067608983596,3.7407813322483845,1.6426896956649988,3.3780569272765524,3.2550756881788967,2.946056896853107,1.4354514759108292,4.01608347640059,3.303950248315104,2.4358246922765754,1.3417736500836526,2.2703093516508916,9.720543937339018,13.12134550664226,12.89929157420725,52.2080496110041
2014-01-01,4.323246511404869,41.28011364134734,13.866213375459068,7.021666404614521,13.344245971669277,10.066433909124619,7.492037992358346,1.7276172811085098,4.169831520893361,4.273430692114192,3.5627944154869895,3.7486732310584827,3.6083976925194388,1.1894766764114122,3.2542948956569946,2.8666309678044333,2.009172914355137,1.3854875427560611,2.2948420824756393,10.305699038202869,13.216583591177928,11.69680073288963,7.2730859077142815
2014-02-01,57.91324943389297,50.79513907603357,30.570236945146743,32.08759815479806,16.114033398079,80.69255139742289,14.183955422425996,17.409682647337686,9.29161814784276,28.781455600464334,4.51287292628352,4.895954006400224,17.345170983285474,5.830231150908617,6.570533062706047,6.272046690934778,4.946440931280413,2.5244773018315962,2.6334854790004187,33.861544983944206,21.049025968680176,22.50793007377796,23.783505470596907
2014-03-01,57.581019899754736,96.08537464866475,99.95774396154766,102.23074730083837,23.86000830952533,105.10327777342644,24.149093334591953,25.358858297816873,12.147483466010883,40.21673479614818,8.788226224867907,3.3617994812339425,29.957810152374414,15.06640532846244,12.954952167789171,13.794370083696258,10.22094478343269,3.903893470605378,3.716364803161917,60.607866932440515,43.60754590806547,47.04597626427432,26.14373482545343
2014-04-01,58.02457767023816,63.309917566041,54.566326487275425,52.68369151932384,19.672948032547993,83.36089735191325,54.84462763338051,16.363855596692403,31.66926704935729,68.5429033214494,34.73064778356206,1.535488572579471,53.45197050187892,33.674757997891845,31.703020927969398,38.829819472987325,23.273769495220424,4.758742927310257,6.0490377322364655,38.11134896255519,26.460017794974164,28.244544854382436,32.461543070112036
2014-05-01,35.5839143900089,45.57085004710338,20.995731747276025,25.82558571793423,14.102774173246067,44.583112518111946,59.6744463002989,4.578497317888806,36.54971294519389,66.65646528726496,66.34714933729106,2.908223360749997,44.263691516836154,33.00236703137702,45.7806238538779,55.286347546364915,29.029318977459422,2.5123345538670376,9.168592270568322,16.560283841031897,14.26257071588352,15.728304151013567,33.59579547097673
2014-06-01,7.123502690465857,40.40770048467828,14.492698919531016,8.425072470581147,13.421898167365393,11.660912367442116,20.599467567338678,2.979939545157801,17.054744998637798,11.785232167415344,35.89185485231337,2.7081162487717862,10.015233805438491,10.003723278181564,21.78243662805075,23.713314159707686,6.792432289139701,0.07042793819443607,4.690337144690194,10.498865969252083,12.209240580213052,12.743182294723116,12.654632555209421
2014-07-01,1.0824414331130274,39.56742473989011,12.12334187987874,5.83748044616793,10.88391264855411,5.440642282610301,9.652363510543228,0.31686334470614597,6.329831064352911,2.4810098742158173,12.694104547031422,2.4946686626616947,5.008345283359642,4.477369753661825,7.425520693984481,7.960259484669202,2.482569408981115,0.0,1.8651753762553025,9.609561711467311,10.756859791044121,11.51527955904122,6.306622323545543
2014-08-01,1.3630186774154316,38.60957309797673,10.847794736092613,1.6418327690095644,10.197648138387212,3.9952166327615988,6.677369783480547,0.1593217379280903,4.967596715405112,1.7367069119510719,6.600406543061452,3.001606679673163,3.0553139929124358,2.29232354205022,4.225213053210469,5.9257070914894445,0.7470655633325574,0.0,2.8776663979570127,8.954319494028077,10.61585698831647,11.469377653010586,4.358034865649776
2014-09-01,2.0242181351682813,36.62097275793232,10.6908911493791,8.28731481993412,10.528752482117481,3.810081876421394,5.11349777536691,0.1744528527033838,3.077094321688187,0.5014251535257231,3.1669283693217687,1.1339403012098614,1.8340624525159361,0.773384269229005,1.573018121222136,2.3747238786545606,0.0,0.059499465026333916,1.2268658190955282,7.443172882988213,10.358847671403629,11.29368784018472,3.5101420452795162
2014-10-01,1.98359837325855,39.5258812562392,15.92740725559488,17.69258595858068,11.613573862883271,10.94356887999863,5.840880104722091,0.5002168531597024,2.8424574997729657,0.4648629027478058,3.1985976530149864,1.534154525166283,3.0305490511389883,0.31824111833044955,0.9390940915171893,1.885900846489953,0.06459269944627344,0.08135641136253821,1.3635154225679513,7.071303529001027,13.274957713085694,14.039563398376117,7.170175433474092
2014-11-01,7.1172342086896645,37.54276779139397,18.896158572548423,22.428667495969705,11.502820855143213,21.772448711406,6.175475976225472,1.2167196410486,3.313071925442924,2.4453181532183264,3.27249264829916,2.574711507452979,4.248401481880308,0.8793150222980968,2.4589773881965975,2.9082657371055203,2.3576335297889806,0.4966383917504199,1.8298665860963208,11.770953709871614,13.74870042798391,13.996443426044314,6.295436402432479
2014-12-01,56.09614193661011,132.56290481210436,246.30476705675426,182.30768011060374,28.19092240628667,103.85759147786588,8.801326185197668,14.404821266079404,4.502345417093217,23.74195870157473,4.301744368328736,3.1216709468600885,16.979523901806918,5.130459777880167,6.023841071154133,5.995098373657922,6.285889540850507,2.4576921880265274,2.7403289609100643,78.18461120710784,69.88888103509072,90.50930341298533,7.872651279374515
2015-01-01,16.084172019898396,52.307948952377956,51.676591365069704,54.70700701320211,17.610209347123458,26.91026036009555,8.14668208877801,3.7044529232218535,4.417876161203738,10.460285841606058,4.528707568130129,3.481863748420868,6.324771894101156,2.959328199086959,4.066376866475792,4.160392873123379,3.977550439586312,1.6647707459408938,2.4090224558468916,23.38818914717922,23.324429955674468,23.062069867094145,11.410758127436694
2015-02-01,60.58161675638286,115.69860196777826,213.23084554088396,194.13033309954676,24.15252711363461,86.7427208708609,23.087115133733388,33.89013683435735,14.265918772445449,56.80293870261623,11.770417105979238,4.148887455014904,44.32876018737815,14.93444074624925,12.054217441583575,13.996375816231158,14.439867942002444,3.251827904908617,3.0828700810238225,58.13548800964453,53.38532258706067,56.99342218912709,35.77593149591293
2015-03-01,21.160388562259584,50.345215309701096,39.71128187468659,44.60102628616824,15.76676354149006,43.345158068523844,24.78918978442451,6.914029386734107,13.743013855034388,26.124598710602342,17.510474775374945,1.6542187923532092,17.823959857572135,9.139220606948212,9.59864977474801,13.155661882047735,10.88217004881691,2.2014802059743546,3.135833266262295,20.6586049710597,20.248106313838946,18.591716407980375,20.358376425776676
2015-04-01,19.378384562923404,43.86208034221697,32.55467223609896,37.33497251093472,14.699743469526974,28.47424098152173,21.370492836455167,6.082708139667982,12.041561700689154,26.000983481781766,21.4876089858482,0.9204927150997699,18.356163312154465,13.32124105756147,11.097222312920973,14.064841881304053,9.071024752501005,1.1499182322436372,3.1275792633679877,15.962899656037635,16.232011230362527,16.448075996859867,17.02049756563834
2015-05-01,20.150410778479348,42.13998536898971,21.97779016771313,16.41700309730096,14.482086385679874,20.13974057022474,28.898899945281276,4.093411579504397,27.55306680204455,29.70944034639909,56.34493390418313,3.188373317519492,28.428210807543806,19.151023349346914,21.576716772601902,23.955104227352507,12.978883069000545,0.5585664063696654,3.966506946431067,12.774133095150344,13.969958376714358,14.923362335003208,20.05076359516741
2015-06-01,6.89633291089662,39.08693124030508,15.27270164197014,13.351233074007185,13.269288028116275,9.865835460839524,12.94013163922864,1.391172493751984,16.30256638666957,7.443900152427879,48.82347902704393,4.933307333969492,14.046092269387335,9.243804782647784,15.965167842685723,17.374651837891165,7.791069418736693,0.0,3.077596690285793,11.17093961431167,11.719624851225559,13.33562717512314,9.088560904364586
2015-07-01,1.0658926412238776,37.96604102104474,13.206992550705888,6.674623092407579,11.304985769206148,6.1910608889359136,8.612206779565323,0.29105144303064534,7.2938532069645925,2.1119052473149376,13.232482369816122,4.139549123122588,3.791949613899112,5.246714290782264,6.063621153699491,8.600201309111828,5.9977721051625235,0.0,2.899218516625482,9.838363930681492,10.84290042816357,11.792242458249358,4.479961405782174
2015-08-01,0.8690623134514139,36.09188122086887,12.258798213732131,1.174913808883811,10.422425745755392,2.115089420462113,4.6697945544602515,0.22696672162940235,4.234189049190107,0.0,5.357387158102657,1.7342616371444939,0.9104758004944081,1.4130085197521232,2.259508688576305,3.0340952621043593,1.1524697427519313,0.0,1.2027916439871316,8.700270133383368,10.161102551954961,10.600397863202247,2.931829923734102
2015-09-01,0.0,34.938069750413476,11.875005267814183,5.109616705489629,10.74920004139852,3.5841401552266188,3.724197526298518,0.2207362626042815,2.517988294610203,0.0,3.0349730206000287,1.109927447772476,0.0,1.081750486849624,0.9356843701561588,1.5053282145081701,0.598332373818112,0.0,0.9345365499221404,7.4072746037666795,10.171709285668824,11.273839813218094,2.9642690949619874
2015-10-01,0.736922717609263,35.94295175117694,11.367044015863954,4.885760523188203,11.482036624324923,6.03470578149314,5.018938072550737,0.4477029842336838,3.848043879409628,1.1595456675282345,5.716305706625793,3.0149471538050427,3.742419730352216,1.2518680945326146,2.899683874109808,3.4593867203724944,1.2723061983035704,0.1578557235392532,1.7076614876889358,7.6693451916367135,10.595162731629982,11.73622929319799,4.441929273997756
2015-11-01,5.0416145229566,35.322151014355825,12.021749629488692,6.960735136059105,10.946361564299806,8.282525224482223,6.779203309590272,1.8904992813366688,5.002457043232517,5.807304165225866,8.183870727722336,4.202249351542427,6.594758318141097,6.287618597423043,5.5797248638798935,5.621002261345197,4.906495446096534,1.4085587638887211,2.271455740941768,8.79770831984182,11.005190871281982,11.32156067589796,5.663431859544357
2015-12-01,42.13247193196232,48.683475963664776,31.24526100884948,36.89586999949731,17.558922333113514,57.8281942159083,9.310493815746295,16.750144056249894,7.036423093777606,26.265624535031446,8.706413908660428,4.202249351542427,24.494955349407963,17.150009378236696,9.558017261862394,8.613771159846996,8.112333108087896,8.197569150873067,3.0865385267546266,30.150215193656255,22.811449743331266,27.041198033465182,20.451219571015105
2016-01-01,98.87226157735196,136.61378638772493,199.23369104269992,149.00609265947875,36.52462917809466,169.56453673969537,11.587200506628006,47.64343009952412,11.75731595071186,51.439604725407946,9.202566019854173,5.931174799034169,42.37378654855655,30.53633500865841,17.77970789364753,16.284129287901226,16.924987062803808,19.843678723680586,4.60344083644179,89.0734929132503,76.57601869038483,98.2531368560179,24.746613278431724
2016-02-01,72.92726624495968,77.82740550374787,110.78070503643383,120.49158356833806,22.97696716962045,86.5537201915345,24.512784499269543,37.63553277403,18.784353571612854,57.29827014767898,13.591400918339257,5.589658661258023,43.621745379100894,26.363740599631807,23.020733768998376,23.867517008970964,23.710620120422846,19.02404323607293,5.926603355970905,57.05235934316913,41.667626232874,43.0262960643704,39.725680240935866
2016-03-01,202.16179689275168,254.66939317320654,395.5324948519097,295.889525365478,57.32136902419274,350.48500747791985,63.718692051513706,130.51031526478144,36.46926603482296,139.91415789950483,26.892500069490684,3.4418423260252258,121.36423906398346,76.31098838995496,52.293475796893176,45.33039478653029,38.01110381625176,21.110167336383977,8.687796601974911,198.70815261110184,122.19417110741317,129.607883585688,99.78960224964489
2016-04-01,105.75179495708836,83.05482988993475,105.22699534844469,171.56390795293004,27.175959134660136,140.49666180628924,114.12628747582764,35.66047726306668,57.10389854496728,126.69081053482475,63.5760870141345,4.202249351542427,107.41720656168991,78.07186273016701,65.8044966899771,69.70523916957747,46.82885719460816,13.773519016198073,11.127083735100932,71.37340583305257,35.91603216032784,36.788451729452404,95.45282063410994
2016-05-01,84.06660910052588,61.405188032612585,57.433485553838935,113.94875745900144,21.95930964585081,137.019049306683,130.92881928393228,16.97978097460435,80.9564074699489,131.5579425371899,110.20910725239756,15.861823742806179,99.30401740187092,82.42938709794133,84.64235477933114,97.40531379413808,60.663593531271836,9.778554935858509,16.535977687312222,46.78939635165855,23.9971045574299,25.111017535004606,97.60275467204085
2016-06-01,33.096330081944416,51.87135045438633,27.113842826320976,37.71711753220075,18.278480101906002,40.862805964370594,76.30240634935832,4.2349320059321425,61.796634983271694,60.35121808763507,132.21925941918383,28.10837899587268,57.80962907981856,51.06311157053399,84.85603065128906,84.55959963910954,45.831069968951255,2.972544701723784,17.388662041865814,20.396665878717954,17.10309850823393,18.986536998313785,51.93063876740011
2016-07-01,6.060368181223506,46.077210244055934,17.82379592954239,16.77066937348132,12.552039618303594,11.704726161285972,19.56658465965432,3.113449381410391,16.545247899621884,3.6362028928419186,37.20876923255634,6.630215643544718,11.409839938249124,10.444502937138548,18.310771995628052,19.845598294486013,9.201060055333636,1.3344880013049176,5.394449447146251,10.889539183783885,13.060746195843473,14.191820769661874,12.36939156682629
2016-08-01,0.31643296006222854,43.45213238090707,14.537851030815482,6.0361693653703785,11.133323418373598,5.304475884095581,9.892399679230438,1.1900176737980823,6.8916186551099266,1.0289662004642444,11.224121962271237,0.8137689220447242,3.918202258234336,3.4979591468958997,3.510592284627798,6.374745788544125,2.418826613474924,0.7941357168820893,2.182954487686138,9.066222188597774,11.49317479508273,12.68197975334894,7.0773322882356595
2016-09-01,0.6754915962025703,43.205222996944116,12.983489599847786,5.145380710946069,10.96579866904654,5.40069441175267,7.8557291570359356,0.0,4.924691696540616,0.0,5.8588174832452715,2.9482447831456393,3.049486947789271,1.708806681923867,1.4866385134093596,2.8629300994221145,1.4762831439233812,0.20399816580457342,1.44009422719847,8.720783435795674,10.565567719379413,12.870830252519259,4.755135065163552
2016-10-01,40.76995473308899,61.25704240223483,71.84716827862214,62.418786263846464,14.741985494199334,51.84503407423145,24.192736274353265,6.626538206003532,14.963125328993538,33.4335667470641,26.54941616281416,6.508817328944603,26.104190977588484,15.673262862993848,19.033917067613302,7.878223568861137,2.0780151335018235,0.4650672470425691,1.6138868436952762,23.936262509066985,23.89170477695857,23.18939683254042,4.739474775605261
2016-11-01,38.13894756198521,72.02777841821829,86.40985297064407,65.93293094814044,15.689496238957247,55.55760878200034,16.366102410491536,11.786248344378611,12.36871246953095,19.1760300032372,15.51530990270223,9.106207642421781,15.135264120325449,11.502463890459945,13.16749146596008,7.376139091659887,2.8828741647599943,1.0977044159960379,2.026357710552472,25.10394280022901,30.358177867226512,32.03931641448126,6.183577191301838
2016-12-01,162.86192650581546,117.73658418461523,144.8253969449201,123.8666460091903,28.539058272493044,226.62513046933927,40.1515045804059,63.451884777405745,26.011167686601674,86.87277837811195,15.51530990270223,9.717201357661919,64.3009573470235,36.172659018355816,28.237323307928506,18.01829453071611,14.312382350990063,9.863554171610415,4.240035431234089,103.14837977418611,56.28496623094919,66.04567394893256,14.19493389247835
2017-01-01,356.03998605619825,180.74472361470154,239.87059119871805,150.71680425381186,56.99093824349825,461.94128535870493,74.04752112835725,287.68966535380514,72.12065514754143,230.0270481203646,32.883272901457694,23.66733515736959,219.41349941599967,166.37636689133438,138.57704312466706,114.62082829158952,115.36171130710429,107.1026798717904,34.419421347120135,210.1523399331877,108.15426762655775,132.17047251210673,118.86047915530787
2017-02-01,488.7780965383399,373.03304880915624,439.78156391068495,319.3851523575649,123.88421534584049,616.5451296887182,105.39769952356548,385.1812179821712,109.7295857459526,354.6399040693111,45.99963456439869,30.603047658534376,304.5276907687786,218.89198658445986,150.41872126807976,118.66310178217724,138.11618949493425,129.54854948427575,52.10385182603196,383.95878986656135,201.19705497530776,207.0915314360694,188.62595054537738
2017-03-01,174.09253845604303,177.77554029263288,242.80547843220825,223.7873034761015,65.67499401720158,216.50457363840755,99.86959382046612,117.10948796732151,83.1284740499641,153.5971449882502,57.796442740122274,25.4669651177603,133.1416684320855,99.89539329889263,100.9467898974394,86.39553876243816,85.8793935295809,63.67171322695603,41.29890348166719,159.89632696937772,92.8236062429845,99.19813833401915,154.46974042663615
2017-04-01,224.17670489074186,204.62517216014604,253.52910486226858,181.42616360574223,57.622836594348776,305.5247526951519,175.5900943063403,126.28250378344943,118.02902533255384,193.83390196934818,107.3852627897523,33.391206752097446,193.3811753282635,123.35770852632695,146.5029404283828,142.99199371614395,113.90497595380282,53.37587722780735,63.93069158428361,199.00086165706202,93.19447105815455,95.23848370353988,232.2409755573256
2017-05-01,203.40621589496152,114.56517031949122,149.22772779515543,262.55084931610185,32.299464477950465,266.9209343957306,413.6623307042904,56.31266880019226,225.11727085466083,280.9286654414689,281.5927141721939,65.16821613423733,253.40750949035248,208.74462838686256,234.93093834879818,263.1733767521674,160.2459882868036,41.12263025677193,86.87957096475635,123.56227156710924,46.429827151509514,47.51350162185206,275.7441413581433
2017-06-01,117.16243770392823,83.40520606336787,57.580229915513456,115.38196686284842,21.78081544136965,144.73843841617216,287.60697302703784,20.11904225769024,219.21783076079242,231.72196960285518,428.85488334565616,103.85158897445187,185.66471082391334,169.91651879580868,254.94088815600657,296.70941240994625,143.30655285701837,20.254103604882644,77.32235272458107,53.510527288839256,25.635733656777223,28.765033949687822,172.3929418260988
2017-07-01,32.36993841371916,70.51967157775893,25.8044315990715,26.23488489149127,16.12683109575878,29.461769531002318,97.10554096891644,5.254947154901927,88.46478577123598,51.26027559064006,254.17239270781621,74.59059301358468,67.17854646367941,51.35531885972035,114.07336470706716,126.22520951004861,51.44978491683696,6.175801614774169,38.286192425244984,25.8829223097835,18.899419326991563,20.56057648459963,60.242896746518035
2017-08-01,8.739015813826349,62.566054056895496,20.002385299017806,6.807082371875878,16.1946685157907,12.255834960321897,35.41624561630368,2.4031770525466127,25.018989125360164,15.02186189104145,66.52660861155262,30.442961968951803,19.79884256723121,14.279555285538212,34.438754033302985,38.115551875199806,14.42456967108096,5.33552345562676,15.447824972412691,16.789612042359217,17.10821644268328,17.200535563667373,21.89755917093429
2017-09-01,6.450017008431671,56.78759063284849,17.11265017681207,4.112860627490679,15.105420863646948,10.713761235817634,22.48338780036859,2.1833308555173487,15.660331885541625,4.684320748475548,25.696984610071716,17.209211630126127,12.450453079827534,7.407970968865641,13.65593405092772,14.951199858869408,6.536611203174857,3.4740401926600266,8.487407753929782,12.542832460898765,15.343196614326,15.99226686005219,16.26768507472913
2017-10-01,3.3556436644316996,56.429376066273676,17.2706825663077,5.450699350120498,14.242009275070448,11.355933998529018,17.108032386433816,2.3746949541460607,11.640667930674004,3.185268466580939,13.097887914119948,11.471473706004234,10.052138424551867,4.538414594413506,6.370496076192249,8.231039687975528,3.92995581894169,2.7139041700787,6.491543998514613,13.015821876136355,15.455346134433423,16.26238192246322,20.382985452225416
2017-11-01,51.874695569250626,69.07113652517634,30.72939813742448,31.027923919051666,18.17051756959988,91.40459444524664,34.63067270060009,10.476961883528217,21.42569379545849,39.533368918513304,16.51289233903859,12.952266334642994,24.854289798669754,9.900485679851517,10.92190580627465,9.63089315358761,6.326684929974467,4.112748735595774,5.77665563672432,33.82354277627013,24.933241523882124,24.614549367214092,21.667129196005174
2017-12-01,19.65344554326276,59.17986821968944,20.996860550058138,11.102074508635468,16.850045349602638,29.75343194296287,23.508996884759394,6.118310762668675,12.57653365465586,13.662964903795526,13.958236787785694,8.192385164387952,11.996914734407921,5.605801589321557,7.169507448460428,7.205590740374696,5.223509615747323,3.6986810300043493,5.297923468854489,20.473853753820663,18.70286097495144,17.823742210929417,79.2030330331617
2018-01-01,54.30009653809526,69.26631251440419,49.373833689562005,41.700168065812505,19.93101889854177,84.5314129227417,28.37518466814554,19.14531051862135,13.743013855034388,35.90064814479309,10.632961999997839,9.295642375094486,27.656612915818144,12.626407134887934,12.556298911995338,10.815479441628153,8.633324223358494,5.216524525574091,6.021524389255441,44.456534184371904,26.634398431067122,27.16697353588711,31.12594408921218
2018-02-01,24.533333236393574,55.3484616520359,29.934720978817904,28.41980070632086,17.56421461410891,39.64546977070901,19.23198878815094,7.8548286995273555,9.30100362071937,15.747883727917241,9.912485795977135,7.243877453611231,13.990249753623678,7.017014672580983,7.7579685266849685,7.220702619602496,5.582169078462158,3.5104684365537016,4.228571538325328,23.768605710504872,18.85602814361667,18.051753776783208,16.72518924825345
2018-03-01,165.8494849203491,117.32271702673451,84.952568578938,60.35573298612771,28.936075570438724,220.787157213145,39.467765190812024,126.61182804620582,36.80446149470185,110.25694933993134,20.693237786543325,13.83407167476031,95.29112566038518,83.13634021694058,59.90539459194734,50.691102638319066,39.01569027342932,24.980061112688603,10.98172157301785,115.40586693870853,47.177193927040186,45.373552622754985,55.011241441937955
2018-04-01,174.20913221708025,91.86910297775471,78.09057646648148,103.2208804148639,31.169610597078375,222.0465890126566,153.4485762007686,91.08664075054178,99.19104048736038,178.4455470407471,116.64852827001849,17.489361586895626,152.88903876739545,111.74796730542839,108.09754387841417,111.77146804290258,73.03819489887371,19.48425338392967,19.22678263085644,104.06727052583479,39.56919893567884,43.4258780412268,131.73323717222203
2018-05-01,64.11578678180054,61.79632385038247,35.19607074624013,50.49413962971286,18.731210685239606,79.98766477293499,107.36163181282447,18.370063402781312,84.803110567519,95.5589245272086,166.8443429237685,24.719898566374976,83.94586880558444,60.51698242282727,89.16961231643958,97.14316895039047,45.23783701877364,7.0100083999392995,16.673315124359167,36.01412678195348,22.7094619191595,23.891781592769057,79.78470093104103
2018-06-01,20.758202771499032,51.94346367128979,18.959371528346672,18.15288195473302,17.569891788267608,27.55114448181152,44.959501777443634,5.887783778739202,40.84021483164365,25.072998735847,129.7068295795219,22.9055940844392,37.52811294155192,23.846538636871358,51.326819791041,51.65980493739102,19.39650772056385,1.6380567004188664,11.243098331337585,18.811092798669332,16.882582289133822,18.394627105163536,32.96379092808861
2018-07-01,9.025109322091803,49.30349286117172,15.351717836717953,3.7731025756544923,12.512876738937646,10.580172119293728,15.84966095664936,1.0645184277206479,13.014969316177442,3.30278998693853,36.129374480012515,7.701455716334741,11.240855629677364,10.119528931960486,20.68450634979888,21.88662720733483,6.740588148794668,2.1565520385054904,7.516416024557784,13.610444655036655,13.548062562976915,14.53763652791596,12.350375500934078
2018-08-01,4.194868004628434,47.014682063800954,13.21602297296278,0.80667701196194,11.596638563697997,5.785138975382563,10.765258474456655,1.3769314445517076,7.549942538312062,0.2002218494981186,12.870924714318557,3.922099394772933,5.340486855380001,5.351747325605007,7.222073986109651,20.623705871868538,2.0525180152993467,0.16271282272507642,4.956528738031608,12.569394557612137,11.331774427520724,13.418496700113174,7.832381963367486
2018-09-01,2.5580420432288875,43.774290339030145,12.259927016514245,1.859728283734916,11.954011865823606,7.804009868187586,8.386718257465217,1.159755444247495,4.793295076268091,0.0,5.974938190120404,2.36660011099564,3.685120453307768,3.5675323109878883,2.121414973454564,4.46293886337794,1.1983645555163889,0.3108543478926833,2.4952309305207687,9.659661507743518,11.87894837582261,13.448776978450397,7.915157779604161
2018-10-01,2.3396481381463192,44.43349920224549,13.982480062016569,3.7538959801315896,13.671886276929836,8.745576888831971,7.3101924100195514,1.432115510202778,5.4489373957911935,1.839429426041411,4.803174693471348,3.818043696544262,5.088467153803149,3.341756172031307,3.757512939855767,4.980443625505519,2.8157317534934734,1.3587734972340337,2.687365775671591,8.861615146587852,13.811228235821577,14.432886024410159,12.916383109255122
2018-11-01,8.5459465751196,44.55029126005654,18.563161751825497,13.218773794538883,12.355359211856435,16.1715853983667,7.797538570687522,3.420522004791346,5.030613461862345,5.89870979217066,4.378278470587346,6.071249777418917,10.75284060061236,4.951364987733695,5.705884554238025,5.814372634321354,3.3239743096628342,2.808617604202252,2.711669228638163,13.655284630181509,16.464840161326283,16.363441013945575,34.74682675351103
2018-12-01,15.93573437143814,53.77294463055808,33.05811827692074,30.98156317123776,16.328033996874737,21.39960191673477,8.524920900042702,6.985234632735489,6.308378554920663,11.493604690972434,6.7587529615275415,6.17263738082121,10.70622423962705,7.58437260427307,8.163725368647615,8.800973418852623,7.424760820561117,4.7514572785315226,3.902309146142009,21.472562291137734,22.187210086437045,25.129795587471683,19.77782712000864
2019-01-01,81.18034935149554,128.61549002595393,155.54902337498044,100.57566860388198,28.366914805206367,118.10094040010456,9.477791751497987,47.72709626357574,9.703238172574036,41.759313567064126,7.978020383716422,8.029631379979007,43.234246878410474,25.667111240465587,23.400065270413034,20.431569121686493,14.631096328521016,11.677680717515372,6.484207107053006,73.6983782686422,58.16732768682627,70.92101275612545,14.97682977828153
2019-02-01,177.05502294347195,141.90626943698774,209.47193227645226,117.08605549320806,42.41801707127918,211.71813143446576,13.900276313977479,147.9538204039698,22.820106908554656,111.12747912035795,11.532897478280105,11.053916865676367,105.3961930781391,100.65620951267276,60.02047268788212,57.267545753699565,49.194139859857884,33.793267585364745,12.838642946378847,125.8943447612262,86.23956900630766,109.38461656207105,33.06222703388358
2019-03-01,192.14150340387147,179.40279070884586,221.7905570376363,149.20080780029713,65.94480412467608,241.91915134983356,21.566886065381063,181.38201320489318,28.895189423399614,143.52685648827526,13.644183057827952,14.290315890070628,135.3588591014495,83.62828981593941,67.02716594135336,74.15615021071287,85.61762311603545,79.10028879072334,29.42597887392231,154.18981552843647,105.49546359364066,124.37763423699487,46.257139578853995
2019-04-01,202.22372949270044,205.5030721920143,309.9692439678493,301.34154930839316,65.42462101447386,280.0710862068653,155.8489378876407,111.55636884478879,90.78299757175839,204.65893978895298,74.55213292080887,18.851423995760648,173.32205807886436,115.11126871537203,114.5220272094894,115.68544476290322,94.08691587895802,45.33009242649125,46.10594305616857,175.71076817398273,100.86766408402278,101.72450862362814,189.69979897223155
2019-05-01,172.35817491820595,116.81870834772445,186.25245904841634,250.48910732771856,33.26246717253127,229.915460477613,226.3832023652124,80.00621440715184,111.81584228823881,221.80315328467447,130.0551917001473,25.65373175560663,185.37141621938073,151.94779037690236,154.87920509520134,172.5351007950993,122.23573437449191,46.144870814913084,57.44533808793974,119.06131112947578,51.331176548796826,53.85631045517576,168.15907068480402
2019-06-01,143.85563902112688,80.67117453554962,73.36089280943382,124.6183524201729,22.233064908249123,174.42529057437235,229.41638667862355,42.61811986297664,158.5823128505412,255.06870778411624,267.6107254216383,58.46329383555408,190.80465020963774,166.816248832045,213.46958381557786,262.91832523948597,156.73078559062216,35.390038942704116,68.99498091565758,61.70887899076256,29.239352892821515,31.83243684499356,153.673302843386
2019-07-01,30.85722839148824,65.47880094834406,28.47969419267603,34.34867805532192,14.833012727320178,36.3495556514552,75.00039197981253,8.795628012320604,60.02143982775311,52.25180901054597,139.60348073365242,36.88507692723701,53.27764473527759,49.471457119758576,95.15509402228211,117.82300465939088,62.63877028802368,11.195613623322423,35.41036025015337,26.219419366662283,19.18750711541565,20.396816887443727,43.292870483892
2019-08-01,8.31125461741893,57.97040415792811,20.769971190853703,13.65191563840022,13.169215805657839,20.753563231037162,22.279720748149142,3.6332476772204725,15.656309540023074,7.739009747992496,32.01500670686865,10.8151223787157,13.642083807514616,14.383690602114605,23.180706529520066,31.83486982470628,16.81959897423357,4.320389725789716,12.053137004270589,16.450222083858183,15.892744097444973,16.728890804266378,12.047237038770042
2019-09-01,5.6764863572494395,51.65344312504761,17.69962762351011,5.162600417276948,13.085790212512201,17.0809363941259,15.04954039435866,2.7066894136275006,8.673517719826092,4.444054529077806,14.018936248197694,7.322586250989328,7.168236675679176,9.38205339258541,7.78609872791347,11.067138491625832,5.868586706269975,3.8310369828180306,6.947348380566922,14.482522998616226,15.294242458723556,16.213216594208966,9.779850829151947
2019-10-01,4.235487766538166,49.337981790995116,17.367759605569297,9.024450710175199,18.0483139902516,12.880825843094513,13.10742957498033,2.676427184076913,7.449383900348396,3.7136800432998864,8.434585890293643,7.8548711688513695,5.419637551636315,4.8131163777960655,4.510493073750034,7.141133949382641,4.053191890253659,3.457040345509646,5.423567735134503,12.876436616155305,16.957719500687276,15.032339237782226,7.295457749940411
2019-11-01,4.275104571363706,46.579651244437684,16.288624145870592,8.345596902900168,12.327262010935412,11.691410204333428,9.717827920185194,2.785905249804037,5.816311619818456,3.4734138239021437,5.943268906427185,7.749481423209512,5.714388917449704,3.3386141581690882,4.019493197761621,6.5018089363370715,4.067640257235062,3.2493993553157052,5.2779762951932465,13.201888048658233,16.58715137736937,16.448075996859867,6.988963511442452
2019-12-01,37.99402026331963,67.53559530872107,65.33397622583811,39.5821441871144,20.3513222328672,60.46904916249666,12.452785478560669,15.772852054880937,10.696757515655055,25.225341447421663,7.289213463388937,8.910102672683134,29.354710982126914,13.942462084034448,13.036501337007154,15.217662382396362,12.4748900325316,9.245488300214417,7.49555173946384,42.81428653163288,29.717471812538744,33.06076757047527,8.689223520628197
2020-01-01,25.331185596867435,70.73365971052681,59.914594068920266,45.788523726601554,23.727701284640375,44.52125775033239,11.718129325911939,9.985645686118685,8.576981427380971,16.179666499008835,6.552902617521625,7.0691172424835935,14.759419709881353,7.237404502059476,8.85646709183034,9.678079225462177,9.311547567544366,6.71858244878991,6.179726111396332,33.815916035629655,32.08922647851421,34.60987665092165,12.000256170095172
2020-02-01,19.409977711075417,56.95219688882378,42.02532757801541,32.31476581908618,20.06303725355425,32.17736565532431,11.601748153215109,8.406669356038059,8.149272020575513,16.45562443940407,6.212457817819535,5.709722928444949,15.944737805351677,7.395402913416765,9.233525445670978,10.33714220321345,9.03192917125721,5.838233221359459,5.7012232213846765,23.702594955306296,22.13936852528011,23.866476695854733,11.550582141349997
2020-03-01,40.08343060896032,55.074117892077076,32.418087099463456,31.052428885753297,18.72101101641211,46.79184318424032,18.162736763998826,31.46915847031039,10.943461374125917,33.68776144294866,8.529593741373295,5.081386596833366,33.28553850479478,18.969235404461394,15.127512961659193,16.60178715738359,12.225868178087415,8.117427014306983,6.62223237767448,28.332026524073214,21.515277214311958,22.601392346313528,19.38296410471748
2020-04-01,110.8954603633614,65.40590389212643,73.6509951244365,79.7007484560754,22.947811512500348,133.49977074822525,72.25088677484996,61.288135364538775,34.492953603377046,106.4335825442977,40.93518828045829,6.595530410801828,92.9272876887549,60.90748985998874,57.71123889612412,60.1295506360261,41.870517608166594,18.96818659543596,13.068837915986753,53.497509231539155,28.47106934171525,29.238818658087915,57.73165745663516
2020-05-01,82.30591793922876,63.59053204051318,60.86843241980459,72.02539550728486,18.38086168334425,116.35783868031673,108.08901414217964,22.741175441691098,61.49093672386215,125.12124534071557,107.57791759888605,7.982939720517424,89.19263735190022,70.68902787219912,89.69385697569804,98.74348612004485,52.66939707085542,10.397835082050966,19.755955927524816,38.80761778481903,24.37902114409201,26.226572948233912,76.06650075305853
2020-06-01,22.340367571810177,49.650733677348185,26.769557977776937,24.567884859382726,15.134768967348698,31.20615989178555,38.63854933534713,5.851291090163495,23.982564763414643,28.24259766638027,55.408050928258774,4.770553549560546,25.223821576897084,20.54158891294033,33.86279526673555,33.383683242706695,15.553242103510579,2.911830961900994,8.677249820498853,18.29207994853234,15.983309285309497,17.801914731138623,30.418993874866533
2020-07-01,3.5246419331178664,46.94962340072501,17.267296157961365,10.153666067642448,11.976816785749234,9.25373098802098,14.664027759800415,2.167309675167038,7.924020671536901,2.711700266028867,12.100305477783591,1.6568868871795859,5.4045843517348064,9.083562075674623,9.16362615776985,12.92374079675576,5.809943334404281,0.45049594948509963,4.590371998525803,12.477479183341611,13.047988446201625,14.710330412143094,10.313419266245106
2020-08-01,0.9698595004125992,44.904586630060514,14.246619913030685,5.0553084009076255,8.734284331514221,6.759781114909074,7.964836506439213,1.0662985588706824,5.203574319159849,0.21066820686323784,6.225653352691712,1.6715614087246546,1.445107190544725,4.489488949987527,4.298522062472628,5.467724629177495,2.021071569516293,0.9762769363504585,3.130101319807915,10.224566297251636,11.792091836109783,13.348092378042882,7.073976511901741
2020-09-01,0.7810528293136623,42.32810680439006,12.612113484533067,1.1033857979709294,8.026080911039129,6.319924988476659,5.666308345676847,0.6550882632127064,3.49809981929607,0.3386360845859484,3.0244165927022886,1.8890111370743101,3.0009282384295695,2.5652298889400833,2.437666629690156,3.32862270419723,1.1482202230515188,0.5124239641043451,2.4271354066427326,8.123662241857975,11.899345940656962,13.328511844701143,6.568372877591243
2020-10-01,0.5340746473316536,43.36120702046357,12.963171149769781,2.7465431597751766,9.938999932648484,10.265743716414306,5.949987454125367,0.9123172143926956,3.3881557084557947,0.7364681942409057,3.0402512345488972,2.556034843668346,4.357658577939637,2.1890859437201726,2.298436340781405,2.0835888992454823,0.9782394350350097,0.6496370161038498,1.9811899724919566,8.079348248826264,12.904982973472057,13.839424668235566,8.829047534541498
2020-11-01,4.292405581065999,43.011614686344615,14.051337031725375,5.839467335359955,18.37220158716996,12.459440237596272,6.240940385867439,2.1041150193408122,4.196647157683671,3.089510190734013,4.090615810373951,3.740668946579355,3.1733116566565105,2.346186636831114,3.31169187190101,2.7935388172536375,2.0559176310596774,1.8505547897986303,2.542691447163037,10.891906103292996,13.582478817824695,13.475258847314223,8.544925138269669
2020-12-01,7.228562445034856,43.133893619354836,15.155306152630532,10.490112637491926,18.27982722797756,13.681501448241015,6.633726843719236,2.889152856506039,4.5224571446859505,4.359613140376426,5.291409483741788,3.972793196474079,4.303272823456772,2.5059804846811002,3.7862114279777748,3.018983382876557,2.865876085958343,2.5050489050883034,2.8393769956417536,14.11157411332703,14.979378230644189,14.146667845780929,16.923180051954688
2021-01-01,15.544330369332645,47.215344928227985,27.291064863112503,25.8858546900923,10.783070639769065,21.790060138343232,7.193811237322723,10.042609882919791,4.727596766131829,7.934878948588482,5.877291232066315,4.358332898885432,12.155216126920546,9.017579784568026,6.419368749033688,4.422229311172434,3.590844146848754,3.45582607071319,3.1211594833390817,18.566511116061072,19.58870867246661,20.49322158985305,7.377114974065778
2021-02-01,27.463221618586235,51.25290123550773,44.253584269903726,33.7387030733704,11.923605305922777,33.959556151972826,7.579323871880969,12.758199952297463,5.769384255435411,16.090001931624897,6.056750506327883,4.3730074204305005,13.87953589628356,9.767174520268805,10.800860697958061,7.009136310413274,6.081912595230695,4.944526971167994,3.515058843684086,26.744218020043768,20.898825718536308,24.278844867980737,9.967774303851423
2021-03-01,32.1678425612547,57.29943770500023,43.18799444359037,34.02945119180332,29.611755518614828,41.206014016147456,10.205174080853165,17.048316023880677,7.921339107857869,22.876652099830693,8.157479657977989,5.795101962888984,21.198304570977804,15.057877005122132,16.582327409032263,10.415785656337722,8.318859765527954,5.926875281500731,3.814954282177255,28.023801005775493,24.690325069945743,23.616477154035213,15.59093684738875
2021-04-01,50.73057227545985,50.10300896162316,43.04915170139063,68.01187933939539,11.58836336068701,63.707833530954076,41.831757761216366,13.79690647834261,27.330497016684973,59.49548731347573,35.20304793198589,2.8335167056114656,48.29843467753378,41.29728362763471,36.82328583845041,30.75606669126035,16.69466309504144,4.345889496515286,5.4320510158869855,28.93112015093518,17.315678220289403,17.89286256360025,37.239049977501715
2021-05-01,32.205704191182896,44.2516484813585,28.322790605962517,50.79548449050324,11.812082511856115,44.583112518111946,48.610961070806624,6.488578041875855,40.75038244839611,58.342905884190905,80.81209466416823,3.7086518086628404,41.72989806244692,41.02707043548389,45.08106268797312,39.18109356360909,17.75704302014462,1.4012731151099864,6.82697750502494,17.937042022165503,14.965137021741654,15.726752687989222,43.344325721012105
2021-06-01,8.121444989235801,37.10695313271653,14.298544841007821,13.92213256851555,9.832961866158868,7.9758286675752466,15.835113310062251,1.9652647896381192,16.075974255791444,7.384704127358869,39.79245496052802,2.545362464362842,11.979919186132024,11.216091769874856,14.670894442727842,12.229211163673934,3.1106484207021157,0.12749885362785837,3.4210549218322517,11.662469899037305,9.91484831468205,13.199740413680473,13.909692904095214
2021-07-01,1.6205279087814448,36.12323479343559,11.996915968282236,5.294397400347906,8.648838049261249,2.092752976541717,6.619179197132132,0.4530433776837875,8.30078036844077,0.0,12.422276528664637,2.3986172489121538,1.0843159800021407,5.492240231158506,5.7212283003626645,5.1704215357978835,0.7640636421342083,0.0,1.9965515889896954,8.29526390626861,10.789644240705151,12.627036562797123,5.643297201540841
2021-08-01,0.0,34.70997250999056,10.37708397595207,3.331350878627716,7.8049597887223126,0.893887303814309,4.800723373744183,0.30084216435583533,4.301228141165884,0.0,4.906099865474307,1.8930132793138745,4.037171096165606,3.507385188482557,1.9071708146031385,2.294229991339127,0.41730283458052975,0.0,1.6379610188036728,8.44332787111641,10.783636230699399,12.130033407756828,4.9016706317446905
2021-09-01,0.0,33.560080236106,10.457228973481993,0.0,7.9180221554421815,3.640840359024548,3.666006939950104,0.33110439390642227,3.0087144478728947,0.0,2.995386415983506,1.4300988269376136,4.465458912718176,1.7568346081034971,0.8785715373588954,1.4263763556853692,0.0,0.0,1.3380655803105033,7.221208431244802,10.884808152277788,12.144317567325801,2.9094580815079736
2021-10-01,46.342885771395714,41.26286917643564,26.75488354160948,27.833006098276293,13.470298482650577,70.62053337731815,19.130155262041214,21.572519341693432,15.896309489296359,39.99649076170026,22.556447310494296,5.692380312073505,28.01109149414396,11.59044027860207,17.48277799179111,6.369811297367701,2.9704142705884964,1.1134899883499632,1.910572392173993,41.11049897165693,17.22667066464859,20.436566440101952,5.727191609888822
2021-11-01,25.431481305286525,46.57808356580935,45.1927481846206,43.66520147672472,12.943957081835528,39.79581122017323,16.6134124024723,5.811238139287718,14.393293047199428,24.800522914573484,17.452414421937377,5.876478855093456,14.66230229116195,10.352935676011029,13.271487967471513,7.996959762793862,3.3358729648239898,1.3004883070041553,2.425759739493681,24.240411665987903,20.909580798176236,22.41082988794393,6.846902313306539
2021-12-01,75.27995282520048,53.15449541167946,46.263982024844516,26.751476081417632,17.408525329553378,101.63167893179873,11.216235518656863,58.37584080308229,13.493628432884496,40.659834454385326,12.70466097492916,5.940513130926487,38.60271717968212,23.468150396035576,31.251516991079594,16.693692055544506,11.942000262099846,9.387558451399746,3.9323445455629615,57.353221111882945,28.72763362084989,34.127532146525155,6.9330339058771315
2022-01-01,49.02278710035379,64.39788653410628,65.38702995659736,44.10033020977808,25.363112335509218,75.2166862609381,13.42747779989661,28.94938282743652,13.339438521340208,32.79111576910927,14.549396750059092,5.685710075007564,24.137563248520564,16.9314149852509,21.979348036650272,14.51079652137347,10.035665724494695,7.682716637175809,4.052027587530419,50.90310245849559,36.61867263914901,34.657009027626756,19.33039027548608
2022-02-01,34.895133612440794,41.524671507367785,34.583130835553526,34.08375949638532,15.154590965258736,46.90567313883466,12.627357237605914,17.75680822159442,11.725137186563483,29.27939863486835,11.200369999501321,6.252680225612495,25.31511195049333,14.222550176895098,20.19265404347021,12.718342601537069,9.215508422315038,4.756314377717346,3.5609144153191274,33.11898973572439,17.175491320155125,17.007084174149,19.508246421183802
2022-03-01,54.14739632202719,44.150533209830826,30.986765171745926,37.88600311352283,14.824256407855067,70.34648239229485,42.07906775319712,17.237009925784335,26.043346450750043,49.9361997946112,21.80694092975481,6.21399285063004,42.58258899880328,27.28345294301558,34.08925759379735,24.910236675689287,17.185057668469067,7.5017896925038965,4.9219077814471515,45.095339460775634,16.970699769218225,16.464660601602866,56.412837357404904
2022-04-01,87.27506881285258,50.154742356358256,40.68656747843103,43.00290507938322,16.185527303162285,116.10096957523217,79.14647125713705,34.91727250792727,45.869487511666485,79.60733683067153,47.572542321161826,3.0042747744995384,63.406991507711375,48.18772002748061,52.92541082247087,50.166196139426845,29.2052490930565,7.1496500015317155,7.496468850896542,58.32549904801492,19.386290656346794,20.109582233039927,73.94341292579895
2022-05-01,68.41721897662426,44.17483222857004,31.18204805305124,43.926808553674604,14.82204327216608,93.52226114769957,82.75428761073874,16.879203564627396,64.37227689698108,82.91099734739048,96.59131526431395,6.167301191168458,58.927936156372496,46.548935368771886,60.94933761531622,58.14650199450029,30.06280216859979,3.7229665259334648,8.731359395028202,35.6513306194179,15.923525877104085,17.618307107016097,83.51632421435923
2022-06-01,26.5578021108329,37.89863084002627,16.78755497556393,20.881543111779976,12.503446856436756,34.407573671376156,36.65279557620748,5.756944139211663,31.41585928168885,23.375465664015124,66.39201415585644,8.311115384161688,24.569250174728307,15.60189426240916,27.328916708660596,24.612933582309676,9.880983207399673,0.8220640372005726,5.366248270590701,19.50381124166951,13.594494837836201,14.820323790696683,42.69666088856569
2022-07-01,2.6377771314220633,35.47499968061861,11.613123022364288,7.90781898425744,9.368780711217042,9.090073581604232,10.008780851927266,2.6159027249757387,9.07843383535979,1.775010222289843,17.130443371056334,2.4559812876792413,5.1637331533106865,5.539819298214962,7.704265415248735,9.338216145685902,3.112348228582281,0.0,2.6951612228495487,12.905497127906072,11.303662874530836,11.999068529012092,10.568458267622967
2022-08-01,1.0947276573943658,32.60536395144929,9.252796404968905,4.602297665126044,10.880544833375222,5.611172441002557,5.9936303938866775,1.9172012485871872,6.273518227093257,0.3873857522898382,11.300656064529846,4.947981855514559,2.871276484439166,6.202784223143135,10.242802968536047,11.732369583347635,3.123396979803354,0.1032133576987425,3.60241370764884,10.22469779277992,10.528629583788476,11.12821628382954,6.888290221424876
2022-09-01,2.194219360938639,33.33041531705475,10.825218680450382,6.279232143194707,11.861637506631205,5.472428760497018,4.829818666918391,1.989296560163585,4.252959994943325,1.0568231534378956,5.2175144884576135,2.367934158408828,1.8369759750775183,3.225501659129211,3.6302166757106225,3.7403443117301958,4.491742323336252,0.0,1.789055127341134,8.149829851986494,10.329846042857332,11.094351590918826,7.078450880346965
2022-10-01,0.8510090859359776,31.417063551170493,10.964061422650108,4.75595042930927,9.61068606435215,5.354303335918002,5.375355413934775,1.5923273137058858,3.8507254430886597,0.07225397177540802,4.30966168925204,2.341253210145067,2.921777542173256,2.7788868315709636,2.843423471652802,2.99986222956791,0.7445158515123097,0.23435503571596825,1.6372731852291476,7.878949063721431,10.453344026308958,8.312738884442508,22.45349945025358
2022-11-01,4.864592597596907,33.321009245284735,13.884274219972855,8.47077092199771,9.374072992212438,11.356363545527488,6.422785968206234,3.7809985626733376,4.824133058576949,5.419047883155601,5.415447511540224,3.786026558627749,5.174416069369822,4.453580220133597,8.20663102910725,7.68207754459824,4.899696214575874,2.9094024123080824,2.4349308538206897,11.878122565423084,11.866709836921995,11.380462772098106,25.729855744270054
2022-12-01,128.21552625025402,45.08095047574833,38.43460592811836,33.56716830645896,14.179271689452273,119.34404941367427,10.765258474456655,135.3291302879249,26.762005516730376,78.0517001130492,9.688161703150177,8.22840444454403,72.77639447866585,47.110458131862714,45.56183339987844,24.84948075307955,21.528916706230955,13.499092912199062,4.641730238757049,61.995802233478265,21.272657452227712,27.840522483352913,20.163741398409357
2023-01-01,215.6593425925217,147.14466757357297,277.27572898955066,155.03828824646507,33.91832512279733,234.4952905752911,30.986487230530635,282.5619975761307,48.654291392340276,178.26970002510097,22.28461929212751,11.14196399494678,159.29296135775292,164.20119558043262,110.51503632338489,89.6242380203128,109.7429963592186,90.73546989036275,20.319291625061297,154.14352910248044,83.40660685618671,111.0827730903045,51.20579107927355
2023-02-01,56.37170439549156,51.69106741212768,53.247884837769064,42.06840486273437,15.24609931483371,67.64162494293458,16.14788771168498,56.69717712859971,20.461671652846807,47.63190746582198,15.787137921069018,7.664102388765474,46.479911012012934,38.4290738305521,40.306316208743226,30.923530985560276,29.71774116892628,23.844714178002434,8.562381613553075,46.09523145784726,22.824059147047045,26.84945860314609,20.067542476837005
2023-03-01,229.7220546092333,128.14910563402395,168.50993691918603,113.05399502619306,41.75272923851222,274.00287575949153,31.881167495637513,240.12723122160762,65.46233253250722,190.61990602001316,26.206332256137635,20.57234515877326,181.09436509897822,209.9807864120841,154.6678023708174,152.6944369917897,253.82806122535257,249.5638275415771,77.80888033962884,163.8025331325826,85.05480426776543,110.40248330349156,54.57946488697368
2023-04-01,164.47016819031558,125.09683534465344,198.9334295026582,191.23477325036976,36.92491806792842,197.90218177570392,136.72605644889305,105.36151244266864,138.78030586273604,179.57549469574087,76.50507208189065,57.01852048707139,158.5908024204116,128.26194330612734,150.47924382223806,130.368023258356,135.1355763770648,103.64928235067012,71.4101938736752,162.92256505730597,63.787858133691344,68.09954349954094,159.05373089876983
2023-05-01,211.81726474225746,127.1943893493672,233.7050704028244,328.79307268180077,34.011180598443865,294.71348429068183,393.6011260606747,73.29244977479662,248.09961236579687,307.7618753933385,276.7948176926715,92.29607028141679,272.08173234881303,237.8980284370215,270.19654981215115,293.5747768901222,210.50335797570477,94.92957503732107,123.66445197467009,167.44995609612454,48.2286698510103,53.335018878995726,286.95467149765614
2023-06-01,119.8145069738,75.13413362026637,87.01602006463801,141.018135811143,18.745740402154244,174.09196210356026,303.70394397566804,27.04197230017452,219.85604291640183,258.7667182913685,340.04365544197594,106.58505212407422,212.8163131623906,213.24174794194403,253.5269903649658,307.6633660102129,188.2061281076392,46.5127960782392,98.2357032801743,68.77913055553731,23.519949886232116,26.975555097917884,172.32135193097514
2023-07-01,33.326257993495176,46.38055605863899,26.406083481936996,31.658430089320767,13.943620850220825,44.3915345567947,128.57937436011503,8.204624470509142,120.6167342828189,89.77425413627384,267.6476729192804,85.26697446132883,90.1555565585031,94.7882741954175,178.0124596691137,225.87170751537923,124.55172261121683,18.453334081738703,69.05161254662684,23.414093766251174,17.17912579534379,16.65319010842332,53.29420255108262
2023-08-01,11.155390168913272,47.53515136840855,18.890514558637864,11.72794460412318,12.011938286900513,15.236032035700884,31.18288045945654,5.022640039822422,29.487814996465495,10.553432528111701,75.54179803622192,34.519810863654556,19.407459369792008,18.47728580546256,47.611644224751366,64.91878272844515,38.484500310877735,11.127614234720898,29.758431768276363,17.02459455140275,15.341564809139252,14.645864448545293,15.61890165017141
2023-09-01,8.765594176557409,38.25135853140191,16.99412588469035,9.063526197618348,11.924856208703506,12.054377418039863,19.668418185764047,4.679964793440775,14.71239912500413,7.024304798262256,26.64970222784268,18.756706629424293,12.141619688299834,10.671625653464654,18.68442062810766,23.542457402723965,13.800740179060373,7.515146715264911,12.895503855206293,13.619254855431688,14.010753506383061,14.957013033014007,11.784367892613034
2023-10-01,6.0789228872810375,37.19239161796085,15.291891289266042,7.206447099472799,10.587544912811815,14.560784154107376,14.431265414406758,4.419175579960717,11.486478019129718,5.00641676723339,13.08997059319664,10.290841745332791,5.852295652031257,7.5219811861518675,10.846323649438471,13.784809507041935,8.13698032235029,8.988062043365787,8.384920551325465,13.2728956339316,13.990430114511746,13.139661345530826,6.5862703513721454
2023-11-01,9.208650468498737,36.698572850034964,17.688339595688994,14.08969355704295,11.004672878540013,21.49839772638267,13.951193077032338,5.25405708932691,10.696757515655055,8.817596145941057,10.627683786048967,8.563250345254236,5.781399936366094,5.132704073496037,9.804937917090362,8.396653548084295,8.033292041660218,8.504780674376383,8.276701402266768,17.934017625014974,15.099315911870177,15.495905689711629,6.896120366204022
2023-12-01,21.612972946500726,48.03053781496278,62.7648210937521,65.97664251036497,12.981099272094145,29.667092996270576,14.605837173452,8.469864011864285,10.618992168963157,14.499544022785491,7.674523081656419,8.17904469025607,9.604427124255414,6.44202613579494,10.050153711637817,8.71215257767697,8.084286278065171,7.375505113672492,8.210669379112309,29.972564734944555,23.16762831182057,26.271939867014765,16.477980391654732
2024-01-01,48.634141230229815,103.71996956866178,201.50597104309057,162.3103026892747,21.581055889616074,78.69043283755816,13.725704554932232,31.90529060206885,10.71955080692682,28.21648177296747,7.421168812110677,8.943453858012836,22.460831014330054,13.757532125286714,15.107907063833267,12.200221028012436,11.957298533021332,10.253336381272726,7.787651730779053,65.17141924153715,56.37397378659,66.52261508210633,15.37504856990661
2024-02-01,84.08516380658342,187.29762028114664,317.07731508680615,189.41478275047533,34.22797167267353,129.20515985753065,13.747526024812888,75.95107564737317,13.560667524860273,57.82668172439792,7.1651754355905,10.67104525809139,50.80891995143037,38.975335383455004,36.59170892934708,28.509947988891366,28.257606199864465,24.09606906086878,11.78281840948202,103.09104772385426,91.1730352965887,107.26178715496675,19.995952581713397
2024-03-01,114.56954290202368,147.1854272179097,163.43258200524798,136.8681865854012,41.09225257028655,139.1388637441283,21.515969302326205,115.24213039093532,23.373849808274585,82.35298775813703,17.09613498038868,11.754291757600106,75.28056712034567,49.53743941086516,47.075749684176046,34.855395236075466,38.40120972474965,32.38713737106894,16.363790015822637,114.38296322418722,77.03618775304781,84.16761805288614,37.098107371477106
2024-04-01,128.2390957417325,102.1781576376932,141.75618218035865,185.14429558041738,28.166385467126194,160.13254374730968,104.64122190103609,72.80736403641221,68.44557212542931,135.16280635793646,68.77776686074552,12.14516764966421,133.4539009332684,90.56675414196492,97.82092783971456,83.20785746246757,66.42679214897159,40.887060946259496,27.89417350345376,115.7294774338155,47.010675625028846,48.82143845010019,95.7425359909383
2024-05-01,120.64971948566,83.03915310365139,118.8967970398163,193.0726457529924,20.96060811037377,172.60572948885695,142.50147214397316,38.713402185375905,103.04310671228859,175.75822160857024,140.44007764454824,18.747368297531978,149.83906623251258,133.06832679707583,150.03342275428327,164.44068483157105,105.5453207991509,35.26618291346563,38.43705725592426,89.37054131164388,33.71138918006799,35.514379594115,116.65014114336641
2024-06-01,37.49304319976628,56.48973169346461,39.75304757762471,75.80379645411807,12.796350553709336,50.5688499417796,64.18421674230102,10.330991129225387,57.74211070057668,61.01630283988101,124.91948952789716,23.762052523705947,57.152144155088195,52.876951287280605,87.79123245624294,93.34947045281518,56.78633175661527,13.399522378889685,24.264246452823897,31.132486789937825,18.745436255732958,18.7037427380831,55.31885427254722
2024-07-01,6.594442828555158,49.0612865130938,19.664873267166428,14.332094038469933,12.434743426787406,14.42161092660337,18.54097557526352,4.954104990546092,12.054969519084311,6.653459111800522,25.54127729858006,7.613408587064328,9.82197014218688,13.328871662655429,23.503777628477714,26.441779374572217,14.29453436824833,7.132650154381333,9.634484878380338,17.58515998847749,14.614818117332032,14.324925597405713,12.90519718814206
2024-08-01,3.3799653737233286,45.412514505641425,16.477134210483236,4.409569413499669,12.225842662405418,13.753235796985365,12.663726354073672,3.3866995129406896,7.187931441642864,2.8257396672647515,9.66177063340583,5.725731497403206,4.1983860112398155,6.21535227859201,7.523550183114111,10.70167773887185,4.695719268956063,4.106677361613496,6.077697464508365,16.923605985680624,13.9087656822113,14.106757796947766,5.484457121735331
2024-09-01,2.6891786819868475,42.89717414647608,15.225291925121454,4.204257530323805,11.649753820233627,11.402754621362156,6.684643606774098,0.5785426237612217,5.057429098652654,3.171339990094113,7.078084905434152,3.968791054234515,2.7561923432566724,3.454868671071185,3.12245233636381,4.331249630107097,3.0239582188136973,2.7163327196716116,4.662594523850993,11.777791477342383,11.75092584162591,12.614624858602362,5.898336202918703
2024-10-01,3.4316176635591598,41.53015838256697,15.225291925121454,2.426653999859235,10.465918673208483,15.083113304245867,8.954076474362257,2.782344987503968,5.753294873361225,3.3289058803513276,5.827148199552053,5.158761346798276,3.765242323751276,2.5405426371655073,2.080214173675444,3.525077134158652,3.0401063936752646,3.1983998138645617,3.9614628335512125,12.6173904254358,12.331477623293098,12.083329020851536,5.321142673484596
2024-11-01,10.844473472814094,83.6427093755608,67.75187178512121,49.874230201801225,17.13746431929817,42.00024641631692,7.695705044577796,4.542004629313098,5.884691493633749,5.713286948939792,5.2993268046650925,5.309508704488527,5.169560198433851,3.879938260717075,6.577068361981357,5.567339669801576,9.010681572755146,8.809563648286787,5.546689944974589,57.3198212476988,31.981972373967036,40.94765660409746,8.761932007863113
2024-12-01,41.534709509784534,129.40011317943615,185.54244209846817,152.65733269802243,29.364557884484313,103.35802831864623,8.008479446200523,14.04434470819741,7.685361504103132,14.049480126304939,6.898625631172584,5.893821471464903,11.824531316180977,7.381488280598369,10.05072199853132,8.83335601719791,9.565668845629048,8.650493649951077,6.323254050614012,78.72426885518541,67.29876116594312,82.77670470219802,14.82134547480994
2025-01-01,27.671335213555853,93.69466474045214,111.0403296763195,119.98890060275586,30.82301430352522,56.865149845340454,7.83390768715528,13.536117264862554,7.706814013535381,12.303197386769174,6.687497073217802,5.118739924402633,8.511856163662125,6.760716113248564,8.358079486226359,6.77043029975371,7.580293241596222,7.316005648646159,5.533850384916777,54.10173118400418,45.789714480526015,46.484507145636236,12.974549899043055
2025-02-01,156.00646409609962,185.91727924889668,220.52855552723554,192.15933902105846,76.14081646711927,272.03941642948905,16.417019173546393,96.61305790582396,16.3481529692131,58.58317210358864,9.51925885678635,7.652095962046782,50.31799139980376,40.27747569978311,37.187273593740436,26.684186253614097,34.82311413700213,27.717036503899955,11.26098200427525,203.81635939835087,115.14447600880884,133.51612594146394,48.82990143485874
2025-03-01,99.25488970497078,151.09521771698004,190.38952124485544,162.2672534234475,44.51068120015043,145.44332504066006,25.014678306524615,77.19182705894725,20.861224641022442,60.86047800918464,18.79835897889913,6.41543401002144,61.688013196377945,57.85883869539014,48.25181941028486,40.34902594392919,45.60669532876946,47.31543171869647,15.95108987110727,109.00427013525801,74.42492858943554,71.00463126326517,43.08257516696641
2025-04-01,122.89032561174244,116.98644996095639,147.59773657778626,195.23173200832565,36.90105469180371,170.77757746337227,75.30589255814171,65.7900870429761,50.5876988049217,112.44981385682594,54.6981311521358,5.200116816607107,94.5195277686595,73.934279332748,73.32861515998472,75.00519109875651,62.39229814539974,38.01165822825218,23.07360653532005,108.33324845442468,53.52024320681954,51.57983270993631,86.69424440258075
2025-05-01,86.10160902434924,76.5568019754814,87.88181179851762,154.4766609015195,23.56999131097751,132.35330980931107,128.4484455408311,20.6067981927997,78.3016594277081,116.0694766838398,134.83461443084875,10.98187830536421,88.65266450382035,85.74555829995171,101.62987074343252,114.76362013000735,74.92158203009662,21.387021989975903,28.97177943687723,63.82214362581492,30.873309095497703,27.946931447333018,95.98750766331437
2025-06-01,25.37932753690859,60.25451191941386,32.39551104382122,45.685205488616276,14.816366098007386,42.535032429411004,47.25075611491245,5.818358663887856,40.0853546559964,24.861459999203348,88.89040111291315,16.644909574347576,36.746803307954316,30.199690666277824,53.64884003790287,63.60929213250135,35.46649141964461,9.69476997490306,19.59271009250407,26.386024200998122,19.067643607152696,17.81684087540733,45.55242654873095
