date,11446500,11186000,11270900,11403800,11234760,11302000,11289650,11418000
1999-10-01,0.0,0.0,0.0,0.0,0.0,0.0,0.0,0.0
1999-10-02,0.0,0.0,0.0,0.0,0.0,0.0,0.0,0.0
1999-10-03,0.0,0.0,0.0,0.0,0.0,0.0,0.0,0.0
1999-10-04,0.0,0.0,0.0,0.0,0.0,0.0,0.0,0.0
1999-10-05,0.0,0.0,0.0,0.0,0.0,0.0,0.0,0.0
1999-10-06,0.0,0.0,0.0,0.0,0.0,0.0,0.0,0.0
1999-10-07,0.0,0.0,0.0,0.0,0.0,0.0,0.0,0.0
1999-10-08,0.0,0.09677419,0.0,0.0,0.012987013,0.0,0.0,0.0
1999-10-09,0.0,0.0,0.0,0.0,0.0,0.0,0.0,0.0
1999-10-10,0.0,0.0,0.0,0.0,0.0,0.0,0.0,0.0
1999-10-11,0.0,0.0,0.0,0.0,0.0,0.0,0.0,0.0
1999-10-12,0.0,0.0,0.0,0.0,0.0,0.0,0.0,0.0
1999-10-13,0.0,0.0,0.0,0.0,0.0,0.0,0.0,0.0
1999-10-14,0.0,0.0,0.0,0.0,0.0,0.0,0.0,0.0
1999-10-15,0.0,0.0,0.0,0.0,0.0,0.0,0.0,0.0
1999-10-16,0.0,0.0,0.0,0.0,0.0,0.0,0.0,0.0
1999-10-17,0.0,0.0,0.0,0.0,0.0,0.0,0.0,0.0
1999-10-18,0.0,0.0,0.0,0.0,0.0,0.0,0.0,0.0
1999-10-19,0.0,0.0,0.0,0.0,0.0,0.0,0.0,0.0
1999-10-20,0.0,0.0,0.0,0.0,0.0,0.0,0.0,0.0
1999-10-21,0.0,0.0,0.0,0.0,0.0,0.0,0.0,0.0
1999-10-22,0.0,0.0,0.0,0.0,0.0,0.0,0.0,0.0
1999-10-23,0.0,0.0,0.0,0.0,0.0,0.0,0.0,0.0
1999-10-24,0.0,0.0,0.0,0.0,0.0,0.0,0.0,0.0
1999-10-25,0.0,0.0,0.0,0.0,0.0,0.0,0.0,0.0
1999-10-26,0.0,0.0,0.0,0.0,0.0,0.0,0.0,0.0
1999-10-27,0.0,0.0,0.0,0.0,0.0,0.0,0.0,0.0
1999-10-28,0.0,0.0,0.3875,0.0,0.25324675,0.0,0.13502109,0.0
1999-10-29,0.31944445,0.15322581,0.575,0.23859648,0.85064936,1.1677853,2.1434598,0.04597701
1999-10-30,0.19444445,0.58870965,0.4875,0.077192985,0.77272725,0.96644294,2.0421941,0.0
1999-10-31,0.07986111,0.31451613,0.31875,0.0,0.32467532,0.42281878,0.9662447,0.0
1999-11-01,0.013888889,0.0,0.09375,0.0,0.097402595,0.013422819,0.14767933,0.0
1999-11-02,0.0,0.0,0.03125,0.0,0.0064935065,0.0,0.012658228,0.0
1999-11-03,0.0,0.0,0.0,0.0,0.0,0.0,0.0,0.0
1999-11-04,0.0,0.0,0.0,0.0,0.0,0.0,0.0,0.0
1999-11-05,0.0,0.0,0.0,0.0,0.0,0.0,0.0,0.0
1999-11-06,0.0,0.0,0.0,0.0,0.0,0.0,0.0,0.0
1999-11-07,0.0,0.0,0.0,0.0,0.0,0.0,0.0,0.0
1999-11-08,0.7673611,1.298387,2.71875,0.8,6.8896103,2.033557,5.122363,6.7528734
1999-11-09,2.0451388,3.096774,4.19375,1.4561404,10.077922,8.04698,8.974684,9.5172415
1999-11-10,1.5798612,3.7741935,3.78125,1.6175438,9.720779,7.583893,8.582278,8.867816
1999-11-11,0.9895833,3.3064516,3.575,1.8701755,9.344156,5.738255,7.9451475,7.8735633
1999-11-12,0.2326389,2.580645,2.49375,1.2491229,6.3831167,3.0536914,6.135021,4.591954
1999-11-13,0.020833334,1.5564516,1.46875,0.8491228,3.0584416,1.3355705,3.721519,1.2126436
1999-11-14,0.0,0.733871,0.68125,0.51578945,0.9025974,0.4295302,1.7805908,0.13218391
1999-11-15,0.0,0.4032258,0.3875,0.35438597,0.29220778,0.08053691,0.7299578,0.03448276
1999-11-16,0.0,0.37096775,0.4875,0.33333334,0.33116883,0.16778524,0.89873415,0.0057471264
1999-11-17,3.4965277,1.048387,3.175,2.8596492,5.1103897,3.7449665,7.240506,6.9827585
1999-11-18,4.6944447,1.5887097,3.34375,5.0035086,5.2792206,5.2885904,8.181435,8.833333
1999-11-19,5.4097223,1.4032258,4.3125,5.368421,5.7077923,5.5771813,8.109705,8.28161
1999-11-20,9.3125,3.362903,8.1,12.098246,11.551948,11.926174,14.248945,16.91954
1999-11-21,11.708333,4.2580647,8.9625,13.164912,12.337663,15.442953,17.261604,22.626436
1999-11-22,11.472222,6.443548,8.90625,12.85614,12.441559,15.516779,17.261604,23.086206
1999-11-23,11.402778,6.943548,8.74375,13.207018,12.376623,15.785234,17.303797,23.189655
1999-11-24,11.309028,6.959677,8.69375,13.673684,12.538961,16.241611,17.320675,21.132183
1999-11-25,12.295139,6.604839,8.675,14.010527,12.597403,16.402685,17.244726,20.821838
1999-11-26,12.527778,6.451613,7.81875,11.978948,11.577922,15.416107,16.924051,19.833334
1999-11-27,11.427083,6.064516,6.95625,10.396491,10.461039,14.154363,16.645569,21.201149
1999-11-28,10.760417,5.774194,6.46875,8.722807,9.772727,13.060403,16.489452,20.431034
1999-11-29,9.857639,4.935484,5.7375,7.0350876,8.714286,11.7516775,16.042194,19.5
1999-11-30,9.229167,4.7580647,5.08125,7.049123,7.5584416,10.436241,15.253164,20.229885
1999-12-01,14.715278,5.306452,8.56875,15.719298,12.88961,13.90604,19.679325,30.431034
1999-12-02,16.184029,5.112903,8.8125,16.512281,13.220779,15.161074,20.784811,27.62069
1999-12-03,19.01389,5.120968,9.21875,17.57544,13.227273,16.483221,21.172997,31.56322
1999-12-04,19.10764,5.104839,9.1625,18.529825,13.266233,16.758389,21.109705,34.344826
1999-12-05,18.5,5.096774,8.5875,17.631578,12.967532,16.536913,20.666666,34.07471
1999-12-06,17.45139,5.096774,8.4875,17.470175,12.785714,16.14094,20.540085,29.98276
1999-12-07,16.961805,5.096774,8.575,17.919298,12.88961,16.456375,20.869198,32.672413
1999-12-08,18.07986,5.129032,8.44375,18.97193,13.051948,16.852348,21.021097,33.46552
1999-12-09,19.76736,6.056452,8.58125,23.88772,13.084415,17.704699,21.059072,37.229885
1999-12-10,23.885416,6.548387,8.7625,28.775438,13.155844,19.986578,22.248945,48.11494
1999-12-11,24.038195,6.330645,8.78125,29.210526,13.383117,20.053692,22.518988,44.017242
1999-12-12,23.180555,6.346774,8.71875,28.835087,13.461039,20.288591,22.371307,42.58621
1999-12-13,23.416666,5.862903,8.44375,27.74035,13.532468,20.308725,22.388186,42.396553
1999-12-14,26.010416,5.870968,8.55625,29.249123,13.402597,20.684565,22.603376,43.5
1999-12-15,26.489584,5.604839,8.5625,29.0,13.415585,20.919462,22.599155,44.12644
1999-12-16,25.07986,5.5,8.325,27.522806,13.207792,20.496645,22.485231,39.706898
1999-12-17,23.10764,5.637097,7.5125,24.936842,12.214286,18.946308,21.915611,39.431034
1999-12-18,21.23611,5.290323,6.79375,22.14386,10.902597,17.610739,21.147678,42.12069
1999-12-19,20.3125,5.379032,6.4875,20.919298,10.603896,16.785234,20.565401,41.011494
1999-12-20,19.208334,5.33871,6.0375,18.231579,10.318182,16.261745,20.050632,34.770115
1999-12-21,18.378471,5.024194,5.55625,15.877193,9.448052,15.865772,19.561182,33.32184
1999-12-22,17.805555,5.0080647,5.44375,14.649123,9.376623,15.449664,19.468355,32.38506
1999-12-23,17.322916,5.0080647,5.36875,13.101754,9.324676,15.409396,19.41772,33.99425
1999-12-24,16.697916,4.9919353,5.1875,11.947369,9.928572,15.2617445,19.274261,32.942528
1999-12-25,16.14236,4.9919353,5.10625,10.989473,9.811688,15.181208,19.172997,31.821838
1999-12-26,15.756945,4.9919353,5.0375,10.705263,9.75974,15.174497,19.135021,30.971264
1999-12-27,15.288195,4.9919353,5.0375,10.08421,9.077922,15.04698,19.126583,30.201149
1999-12-28,14.972222,4.9919353,5.0375,9.536842,9.077922,15.040269,19.122362,29.586206
1999-12-29,14.555555,4.9919353,5.0125,9.129825,9.071428,14.966443,19.084389,28.83908
1999-12-30,14.128472,4.9919353,5.0,8.884211,9.064935,14.899329,19.046413,28.385057
1999-12-31,13.791667,4.9919353,4.9875,8.729825,9.058441,14.818792,19.016878,27.83908
2000-01-01,13.684028,4.9919353,4.99375,8.729825,9.162337,14.818792,19.029535,27.206896
2000-01-02,15.614583,4.362903,5.1875,10.266666,9.532468,16.174496,19.915611,28.247126
2000-01-03,15.993055,5.548387,5.18125,8.336843,9.525974,16.2349,19.91983,31.068966
2000-01-04,15.423611,5.403226,5.1125,8.024561,9.435065,16.080538,19.7173,28.086206
2000-01-05,15.149305,5.032258,5.1875,8.782456,9.461039,16.060402,19.725739,30.965517
2000-01-06,14.975695,5.032258,5.15,8.649123,9.545455,16.060402,19.71308,30.735632
2000-01-07,14.458333,4.822581,5.175,8.603509,9.38961,15.85906,19.662447,29.931034
2000-01-08,14.215278,4.790323,5.15625,9.498245,9.38961,15.798657,19.675106,27.034483
2000-01-09,13.923611,4.790323,5.11875,9.231579,9.493506,15.778523,19.645569,29.37931
2000-01-10,13.958333,4.75,5.1125,9.077193,9.493506,15.778523,19.628693,27.781609
2000-01-11,15.958333,4.733871,5.75,14.389474,9.688312,16.416107,20.046413,26.103449
2000-01-12,26.729166,5.145161,11.01875,37.691227,17.344156,31.463087,31.63713,44.63793
2000-01-13,28.930555,5.193548,11.14375,37.817543,17.746754,34.295303,32.569622,46.988506
2000-01-14,28.89236,5.669355,11.00625,37.726315,17.363636,34.27517,32.49367,50.16092
2000-01-15,29.434029,5.58871,13.1125,37.80702,18.24026,34.785236,33.36287,54.41954
2000-01-16,39.10764,7.024194,22.65,42.740353,28.902597,50.550335,43.459915,65.505745
2000-01-17,46.899307,9.153226,35.65625,52.301754,45.577923,68.268456,56.704643,71.965515
2000-01-18,49.805557,18.0,50.48125,55.04912,78.512985,81.63758,72.299576,74.77586
2000-01-19,52.885418,21.032259,57.675,56.866665,89.35065,95.42282,84.76371,78.833336
2000-01-20,53.395832,21.580645,58.96875,55.63158,90.62987,99.32215,87.25317,79.85058
2000-01-21,55.17014,21.975807,60.2375,56.56491,92.097404,102.30872,90.40084,80.33908
2000-01-22,58.885418,23.274193,60.825,65.01404,92.53247,104.14765,91.19831,91.47701
2000-01-23,60.583332,23.556452,69.40625,66.02105,98.24026,106.67114,94.413506,93.44827
2000-01-24,76.53819,32.080647,96.18125,86.807014,148.31818,125.41611,118.52743,102.05173
2000-01-25,93.53125,69.17742,119.54375,107.29474,197.2922,163.1208,151.05063,122.54023
2000-01-26,104.072914,85.991936,126.475,107.02456,205.5,174.63759,158.91562,127.385056
2000-01-27,104.12153,89.76613,126.9,108.01053,206.01299,176.22148,159.72574,126.86781
2000-01-28,104.08681,90.41936,128.425,107.10877,206.25974,176.2953,160.32912,127.304596
2000-01-29,103.97569,90.47581,128.46875,106.65614,206.24026,176.69127,160.44725,144.85057
2000-01-30,104.364586,90.58871,131.5,118.8386,207.92857,177.5302,160.59915,144.44827
2000-01-31,112.21875,107.604836,139.0125,138.10527,226.12987,191.48322,175.99156,140.49425
2000-02-01,116.395836,111.84677,140.50626,136.97894,227.46753,195.56375,177.70042,145.81035
2000-02-02,115.583336,111.25,141.825,136.80702,227.7013,194.48322,177.48946,144.32184
2000-02-03,114.31944,110.241936,141.06876,133.72281,226.58441,193.53691,175.88608,139.7069
2000-02-04,119.22569,109.395164,140.58125,132.58948,225.15584,194.08054,177.27003,145.39655
2000-02-05,118.954865,108.80645,140.6375,129.79298,224.68182,194.63759,177.50633,167.56897
2000-02-06,118.05903,108.064514,140.50626,129.7614,224.05844,194.39597,177.35864,167.70116
2000-02-07,116.875,106.98387,140.21875,124.69474,222.43506,193.99329,177.22784,151.36208
2000-02-08,115.138885,105.16129,139.575,123.10526,219.18831,193.16779,177.25739,149.21265
2000-02-09,113.68056,103.01613,139.4,117.217545,217.24675,192.18121,177.31645,146.4253
2000-02-10,114.44097,106.32258,141.425,114.73333,223.77922,194.10738,179.5865,141.18965
2000-02-11,117.4375,128.66129,154.39375,118.44562,253.47403,203.8255,192.0633,147.89655
2000-02-12,135.95833,140.34677,165.20625,147.0421,275.9156,221.7047,207.78903,196.76437
2000-02-13,150.36111,149.95161,176.76875,172.88773,302.05844,236.36241,224.6962,207.76437
2000-02-14,171.15973,192.66129,192.43124,178.49123,362.83768,273.1745,248.87341,223.56322
2000-02-15,181.11111,201.50807,201.3375,191.1193,378.27274,287.26175,267.8059,236.72414
2000-02-16,182.52777,206.73387,208.325,192.3193,385.10388,289.59732,269.3924,243.05746
2000-02-17,187.83333,223.20967,193.95625,198.05263,398.66232,296.97314,275.7004,248.20116
2000-02-18,188.09375,226.34677,212.13126,197.5965,398.5909,296.38254,277.46835,241.18391
2000-02-19,187.13889,227.12903,218.9,197.2,400.1948,296.33557,276.70465,246.94254
2000-02-20,186.00694,229.62097,220.03125,197.46666,399.4091,296.83893,276.14346,241.61494
2000-02-21,186.69444,237.79033,225.31876,196.61052,419.07144,299.2886,281.27005,242.71265
2000-02-22,187.71875,241.8629,227.8125,198.13333,420.55844,300.0671,282.01266,257.18967
2000-02-23,208.83333,248.78226,247.58125,247.75438,451.86365,320.36243,309.01266,312.38507
2000-02-24,216.34723,269.55646,253.475,230.2035,469.73376,331.91275,315.83124,286.77585
2000-02-25,217.50694,273.8871,254.21875,239.97192,470.75323,334.8926,319.4388,290.05173
2000-02-26,218.38889,276.96774,251.2,242.53334,475.4156,337.30872,308.72574,304.08047
2000-02-27,225.99652,276.84677,271.9125,269.9684,491.487,345.94632,338.6962,326.90805
2000-02-28,250.19444,297.33066,289.30624,291.4737,522.12335,380.78525,369.99155,329.4023
2000-02-29,252.73958,301.42743,290.45,297.0877,524.87665,383.79865,371.04642,335.55173
2000-03-01,256.89584,308.90323,266.85,300.32632,533.05194,393.3557,375.8481,340.23563
2000-03-02,259.18402,312.26614,290.19376,302.4351,533.06494,394.02686,375.63715,357.6207
2000-03-03,259.9757,317.12903,289.5625,301.77194,533.9026,396.7584,376.82278,367.3793
2000-03-04,256.74652,316.23386,289.6625,295.6386,534.0455,395.80536,375.95358,380.7069
2000-03-05,254.63194,316.55646,289.28125,297.76843,534.64935,393.651,376.6709,385.52298
2000-03-06,257.36804,344.34677,295.30624,297.3228,555.0714,398.48322,381.44302,334.71265
2000-03-07,259.1632,346.4516,300.15625,301.58948,557.7143,401.4698,382.6287,347.1092
2000-03-08,266.3507,351.3145,306.83124,317.46667,571.1169,412.3423,398.68777,361.29886
2000-03-09,273.10416,365.69354,309.9125,332.5965,577.42206,420.1812,408.2574,405.5862
2000-03-10,280.34027,370.8145,310.54376,329.07367,578.0455,424.13422,408.6329,381.4655
2000-03-11,278.68054,369.5645,301.99374,324.3649,576.75977,424.55704,406.79745,378.5977
2000-03-12,276.62152,365.30646,306.4625,321.11578,576.25323,422.25504,405.05063,383.33334
2000-03-13,272.19098,360.57257,302.725,311.78595,574.55194,419.0067,397.1983,365.6207
2000-03-14,268.80554,355.8145,300.95624,303.67368,572.013,415.9329,396.05063,412.86206
2000-03-15,260.83334,351.75806,298.4625,295.65964,566.23376,410.68457,391.35864,400.81033
2000-03-16,254.56598,346.5887,295.34375,283.88773,563.974,407.55704,386.50632,393.12643
2000-03-17,251.86806,341.8629,293.3,276.65262,560.37665,402.1678,383.08438,390.05173
2000-03-18,247.8368,336.99194,283.825,271.807,554.85065,399.0,380.32068,407.0977
2000-03-19,240.77777,330.50806,280.8125,260.46317,550.8831,392.26846,375.7342,396.2414
2000-03-20,239.5868,327.4758,279.59375,257.33685,548.7143,387.55032,373.4768,372.954
2000-03-21,238.39236,327.01614,279.18124,256.6842,548.53894,384.48322,372.82278,375.10345
2000-03-22,236.11458,325.39517,277.65625,250.46666,546.55194,384.2886,371.24472,368.7414
2000-03-23,231.53473,321.8387,275.88126,242.00351,542.9026,382.0,368.39664,384.59195
2000-03-24,227.19444,316.8145,274.0375,235.85965,538.63635,378.81207,366.5021,354.52875
2000-03-25,222.37152,313.17743,272.21875,229.27368,534.1558,374.57718,363.66666,373.17816
2000-03-26,216.37152,308.16934,274.00626,219.43509,530.07794,370.08054,361.0633,364.36206
2000-03-27,209.26389,300.23386,270.7625,208.71228,524.5844,366.10068,358.1266,357.7931
2000-03-28,206.17361,295.3871,269.6375,209.8807,521.56494,365.73154,356.0675,333.3046
2000-03-29,203.36111,293.71774,268.96875,204.30878,520.07794,364.43625,354.94937,349.66092
2000-03-30,200.10417,290.6129,268.0375,197.91579,518.22076,361.0671,353.14767,350.52875
2000-03-31,198.41667,287.2097,266.4125,194.4035,514.92206,357.57047,351.6962,349.90805
2000-04-01,195.44444,284.75806,263.2,184.37193,510.513,355.12082,349.92404,345.17242
2000-04-02,190.19792,278.14517,259.525,170.22105,504.16232,349.1074,347.1097,354.55746
2000-04-03,181.04514,269.96774,253.625,171.95088,494.5,339.59732,343.15613,322.5345
2000-04-04,170.3993,258.69354,248.50626,152.12631,482.4935,327.56375,339.50632,313.33908
2000-04-05,163.47917,246.82259,243.66875,140.6772,470.33118,318.5839,337.1983,303.1839
2000-04-06,152.95139,239.08871,239.39375,129.4807,460.77274,311.14093,335.59494,295.63217
2000-04-07,146.39236,233.50807,235.5375,119.55088,452.987,308.36914,332.7595,292.28162
2000-04-08,136.89583,224.05646,231.2625,107.88772,445.74677,302.7114,328.9958,296.08047
2000-04-09,133.91667,217.37097,228.6875,103.070175,440.5779,297.4698,325.96204,301.39655
2000-04-10,130.30902,213.54839,226.45,98.57895,436.25974,292.38925,323.42194,275.02875
2000-04-11,124.85069,205.62097,223.36874,96.87369,430.4156,285.60403,320.44727,264.17242
2000-04-12,117.28472,193.32259,217.95625,86.22456,423.16232,274.5906,315.3671,256.00574
2000-04-13,111.673615,188.00807,212.55,79.375435,417.75323,266.83893,307.6709,249.33908
2000-04-14,114.020836,190.39516,218.55,77.73333,435.9156,269.49664,316.84387,252.01149
2000-04-15,114.052086,187.04839,218.73125,76.91228,434.27924,271.20135,319.11813,253.0747
2000-04-16,113.78125,189.17741,219.2125,77.72983,434.87662,271.4094,318.81012,254.56322
2000-04-17,113.71875,192.37097,222.9,78.84912,442.74026,274.05368,321.29535,255.83333
2000-04-18,116.86806,215.20161,232.91875,79.99649,469.68832,284.51678,337.37976,260.67816
2000-04-19,118.34375,216.93549,234.05,76.46316,469.72726,287.75168,338.58228,261.13794
2000-04-20,117.52778,219.78226,233.225,84.47018,469.1948,288.349,335.7173,262.15518
2000-04-21,112.63194,216.35484,229.13126,79.25614,459.2143,283.02686,329.45993,253.49425
2000-04-22,109.46528,207.39516,227.125,70.67368,454.7857,277.37582,325.44302,248.31035
2000-04-23,107.666664,205.17741,225.4375,68.96842,455.25323,274.94632,323.81857,245.56897
2000-04-24,106.05556,206.78226,222.825,67.32632,451.5844,271.01343,322.25317,242.09195
2000-04-25,103.611115,203.32259,218.88126,64.51228,445.0909,265.4094,318.47256,240.16667
2000-04-26,97.611115,196.55646,214.9625,60.817543,438.31168,255.72484,313.45148,228.47127
2000-04-27,87.52431,189.85484,205.91875,54.154385,425.81818,245.71812,307.27847,226.78162
2000-04-28,79.729164,183.90323,199.325,51.245613,415.25323,234.8792,301.57385,219.06322
2000-04-29,77.84722,179.64516,199.29375,50.382458,409.72076,232.651,300.76794,219.64368
2000-04-30,71.104164,171.92741,197.1125,47.522808,406.11038,225.36241,297.4304,213.41379
2000-05-01,68.00694,164.66129,187.43124,41.389473,389.63635,217.03355,291.37552,201.58046
2000-05-02,61.461807,155.64516,176.2375,36.164913,369.55844,209.4161,285.01688,190.95976
2000-05-03,56.65278,148.30646,169.4,32.221054,356.9221,201.92618,279.4346,181.73563
2000-05-04,52.3125,138.68549,161.45625,28.638596,341.87012,193.43625,272.5865,172.47127
2000-05-05,48.23264,126.741936,155.21875,26.6,330.11038,186.83893,267.7384,164.75287
2000-05-06,45.510418,116.65323,152.5375,25.017544,324.26624,181.2953,264.88187,160.8046
2000-05-07,44.399307,111.1129,150.975,24.592983,323.38312,182.30202,266.2996,161.14368
2000-05-08,46.74653,107.27419,153.675,23.68772,326.66232,186.79195,275.42615,160.56322
2000-05-09,44.71528,101.76613,150.55,22.389473,332.31818,185.13423,271.7426,156.53448
2000-05-10,43.444443,100.16936,147.79375,22.484211,327.5844,181.09396,269.1941,156.31609
2000-05-11,41.645832,97.97581,147.93124,20.280703,323.46103,180.37584,264.96204,148.46552
2000-05-12,43.114582,96.1371,147.84375,24.421053,321.33118,180.20805,265.92828,149.26437
2000-05-13,41.70139,95.685486,146.83125,22.407017,320.33118,175.68457,266.6287,154.0977
2000-05-14,41.850693,100.451614,143.04375,21.435087,316.01947,173.38927,264.05063,150.05746
2000-05-15,40.180557,99.84677,141.425,20.624561,314.31168,167.95302,262.308,146.14943
2000-05-16,40.56597,102.79032,143.83125,21.340351,310.15585,169.71812,265.48944,148.78735
2000-05-17,43.822918,94.241936,147.575,21.463158,312.33768,175.61745,266.1097,151.41954
2000-05-18,37.95486,93.80645,144.84375,20.014034,307.5,173.55705,267.29535,146.48276
2000-05-19,36.583332,100.41129,139.84375,17.807018,311.51947,165.52348,261.23206,136.0
2000-05-20,32.149307,91.92742,124.9875,15.196491,295.81818,157.74496,251.20253,121.47127
2000-05-21,27.430555,83.84677,95.725,12.94386,275.53897,149.73154,231.4979,105.25288
2000-05-22,21.604166,76.814514,84.71875,9.852632,251.0065,140.22148,214.02531,87.626434
2000-05-23,16.527779,67.21774,74.5875,7.2,227.87662,131.12752,202.8481,67.63793
2000-05-24,13.954861,65.33064,65.7375,4.877193,212.01299,122.07382,190.83122,54.028736
2000-05-25,11.111111,69.58871,60.05,3.445614,199.05194,113.120804,181.38818,45.408047
2000-05-26,9.270833,67.129036,60.4625,2.8807018,190.44806,103.67785,178.92406,39.833332
2000-05-27,7.7118053,62.717743,55.8125,2.4736843,183.45454,101.718124,171.33333,33.936783
2000-05-28,6.0902777,57.39516,49.26875,2.1438596,171.54546,98.24161,161.12659,28.689655
2000-05-29,4.673611,51.927418,42.93125,1.8982456,154.58441,95.9396,151.57806,24.586206
2000-05-30,3.7291667,47.725807,38.83125,1.7964913,142.38962,88.731544,143.0675,21.747126
2000-05-31,3.15625,45.33871,36.2875,1.7403508,135.42207,78.61745,130.48102,19.810345
2000-06-01,2.7291667,42.846775,33.83125,1.6666666,129.96753,71.69798,120.6076,17.04023
2000-06-02,2.2465277,39.774193,30.8375,1.5122807,118.902596,67.41611,112.8692,12.379311
2000-06-03,1.7430556,36.14516,27.71875,1.3508772,100.38312,61.489933,104.64979,10.120689
2000-06-04,1.125,31.782259,23.775,1.1543859,84.81169,53.422817,85.84388,7.781609
2000-06-05,0.7326389,27.766129,19.79375,0.97894734,67.85065,46.72483,78.173,6.0287356
2000-06-06,0.4652778,25.60484,17.3875,0.85263157,60.62987,42.0,73.99156,4.729885
2000-06-07,0.30555555,23.008064,15.26875,0.70877194,53.525974,37.81208,68.5654,3.3850574
2000-06-08,0.23958333,22.008064,14.3125,0.6175439,51.12987,37.362415,65.8692,2.597701
2000-06-09,0.30555555,20.370968,11.4625,0.57894737,48.402596,28.832214,48.046413,2.4827585
2000-06-10,0.23958333,24.258064,14.0375,0.5368421,47.896103,36.24832,55.599155,2.1666667
2000-06-11,0.2013889,23.201612,14.1,0.47719297,53.64935,35.90604,65.059074,1.6896552
2000-06-12,0.13194445,24.959677,12.35,0.3859649,48.88961,33.879196,61.92827,1.2586207
2000-06-13,0.0,21.879032,10.4625,0.24561404,41.753246,30.536913,56.109703,0.4827586
2000-06-14,0.0,17.016129,7.9875,0.0,30.727272,26.919462,48.93671,0.057471264
2000-06-15,0.0,12.66129,6.08125,0.0,21.435064,24.214766,38.91983,0.0
2000-06-16,0.0,8.92742,4.35625,0.0,13.811688,18.147652,30.383966,0.0
2000-06-17,0.0,6.653226,3.1,0.0,9.097403,13.926174,24.443037,0.0
2000-06-18,0.0,5.25,1.94375,0.0,6.512987,11.845637,20.949368,0.0
2000-06-19,0.0,4.548387,1.275,0.0,5.077922,10.114094,18.443037,0.0
2000-06-20,0.0,3.9274194,0.90625,0.0,3.7142856,8.651007,16.168776,0.0
2000-06-21,0.0,3.0725806,0.575,0.0,2.1818182,7.2080536,13.6075945,0.0
2000-06-22,0.0,2.185484,0.31875,0.0,0.9350649,5.5503354,10.725739,0.0
2000-06-23,0.0,1.3709677,0.0625,0.0,0.21428572,4.3020134,8.265822,0.0
2000-06-24,0.0,0.7258065,0.0,0.0,0.0,3.1879194,6.2194095,0.0
2000-06-25,0.0,0.26612905,0.0,0.0,0.0,2.1275167,4.4725738,0.0
2000-06-26,0.0,0.0,0.0,0.0,0.0,1.5704699,3.329114,0.0
2000-06-27,0.0,0.0,0.0,0.0,0.0,1.1208054,2.5189874,0.0
2000-06-28,0.0,0.0,0.0,0.0,0.0,0.66442955,1.607595,0.0
2000-06-29,0.0,0.0,0.0,0.0,0.0,0.32885906,0.79324895,0.0
2000-06-30,0.0,0.0,0.0,0.0,0.0,0.026845638,0.23628692,0.0
2000-07-01,0.0,0.0,0.0,0.0,0.0,0.0,0.09282701,0.0
2000-07-02,0.0,0.0,0.0,0.0,0.0,0.0,0.0,0.0
2000-07-03,0.0,0.0,0.0,0.0,0.0,0.0,0.0,0.0
2000-07-04,0.0,0.0,0.0,0.0,0.0,0.0,0.0,0.0
2000-07-05,0.0,0.0,0.0,0.0,0.0,0.0,0.0,0.0
2000-07-06,0.0,0.0,0.0,0.0,0.0,0.0,0.0,0.0
2000-07-07,0.0,0.0,0.0,0.0,0.0,0.0,0.0,0.0
2000-07-08,0.0,0.0,0.0,0.0,0.0,0.0,0.0,0.0
2000-07-09,0.0,0.0,0.0,0.0,0.0,0.0,0.0,0.0
2000-07-10,0.0,0.0,0.0,0.0,0.0,0.0,0.0,0.0
2000-07-11,0.0,0.0,0.0,0.0,0.0,0.0,0.0,0.0
2000-07-12,0.0,0.0,0.0,0.0,0.0,0.0,0.0,0.0
2000-07-13,0.0,0.0,0.0,0.0,0.0,0.0,0.0,0.0
2000-07-14,0.0,0.0,0.0,0.0,0.0,0.0,0.0,0.0
2000-07-15,0.0,0.0,0.0,0.0,0.0,0.0,0.0,0.0
2000-07-16,0.0,0.0,0.0,0.0,0.0,0.0,0.0,0.0
2000-07-17,0.0,0.0,0.0,0.0,0.0,0.0,0.0,0.0
2000-07-18,0.0,0.0,0.0,0.0,0.0,0.0,0.0,0.0
2000-07-19,0.0,0.0,0.0,0.0,0.0,0.0,0.0,0.0
2000-07-20,0.0,0.0,0.0,0.0,0.0,0.0,0.0,0.0
2000-07-21,0.0,0.0,0.0,0.0,0.0,0.0,0.0,0.0
2000-07-22,0.0,0.0,0.0,0.0,0.0,0.0,0.0,0.0
2000-07-23,0.0,0.0,0.0,0.0,0.0,0.0,0.0,0.0
2000-07-24,0.0,0.0,0.0,0.0,0.0,0.0,0.0,0.0
2000-07-25,0.0,0.0,0.0,0.0,0.0,0.0,0.0,0.0
2000-07-26,0.0,0.0,0.0,0.0,0.0,0.0,0.0,0.0
2000-07-27,0.0,0.0,0.0,0.0,0.0,0.0,0.0,0.0
2000-07-28,0.0,0.0,0.0,0.0,0.0,0.0,0.0,0.0
2000-07-29,0.0,0.0,0.0,0.0,0.0,0.0,0.0,0.0
2000-07-30,0.0,0.0,0.0,0.0,0.0,0.0,0.0,0.0
2000-07-31,0.0,0.0,0.0,0.0,0.0,0.0,0.0,0.0
2000-08-01,0.0,0.0,0.0,0.0,0.0,0.0,0.0,0.0
2000-08-02,0.0,0.0,0.0,0.0,0.0,0.0,0.0,0.0
2000-08-03,0.0,0.0,0.0,0.0,0.0,0.0,0.0,0.0
2000-08-04,0.0,0.0,0.0,0.0,0.0,0.0,0.0,0.0
2000-08-05,0.0,0.0,0.0,0.0,0.0,0.0,0.0,0.0
2000-08-06,0.0,0.0,0.0,0.0,0.0,0.0,0.0,0.0
2000-08-07,0.0,0.0,0.0,0.0,0.0,0.0,0.0,0.0
2000-08-08,0.0,0.0,0.0,0.0,0.0,0.0,0.0,0.0
2000-08-09,0.0,0.0,0.0,0.0,0.0,0.0,0.0,0.0
2000-08-10,0.0,0.0,0.0,0.0,0.0,0.0,0.0,0.0
2000-08-11,0.0,0.0,0.0,0.0,0.0,0.0,0.0,0.0
2000-08-12,0.0,0.0,0.0,0.0,0.0,0.0,0.0,0.0
2000-08-13,0.0,0.0,0.0,0.0,0.0,0.0,0.0,0.0
2000-08-14,0.0,0.0,0.0,0.0,0.0,0.0,0.0,0.0
2000-08-15,0.0,0.0,0.0,0.0,0.0,0.0,0.0,0.0
2000-08-16,0.0,0.0,0.0,0.0,0.0,0.0,0.0,0.0
2000-08-17,0.0,0.0,0.0,0.0,0.0,0.0,0.0,0.0
2000-08-18,0.0,0.0,0.0,0.0,0.0,0.0,0.0,0.0
2000-08-19,0.0,0.0,0.0,0.0,0.0,0.0,0.0,0.0
2000-08-20,0.0,0.0,0.0,0.0,0.0,0.0,0.0,0.0
2000-08-21,0.0,0.0,0.0,0.0,0.0,0.0,0.0,0.0
2000-08-22,0.0,0.0,0.0,0.0,0.0,0.0,0.0,0.0
2000-08-23,0.0,0.0,0.0,0.0,0.0,0.0,0.0,0.0
2000-08-24,0.0,0.0,0.0,0.0,0.0,0.0,0.0,0.0
2000-08-25,0.0,0.0,0.0,0.0,0.0,0.0,0.0,0.0
2000-08-26,0.0,0.0,0.0,0.0,0.0,0.0,0.0,0.0
2000-08-27,0.0,0.0,0.0,0.0,0.0,0.0,0.0,0.0
2000-08-28,0.0,0.0,0.0,0.0,0.0,0.0,0.0,0.0
2000-08-29,0.0,0.0,0.0,0.0,0.0,0.0,0.0,0.0
2000-08-30,0.0,0.0,0.0,0.0,0.0,0.0,0.0,0.0
2000-08-31,0.0,0.0,0.0,0.0,0.0,0.0,0.0,0.0
2000-09-01,0.0,0.0,0.0,0.0,0.0,0.0,0.0,0.0
2000-09-02,0.4826389,0.38709676,1.73125,0.0,2.8441558,0.3557047,2.2362869,0.35632184
2000-09-03,0.7534722,0.26612905,1.78125,0.0,2.331169,1.2684563,3.5907173,0.44252872
2000-09-04,0.4201389,0.14516129,1.3,0.0,1.5064934,1.1275167,3.2405064,0.20114942
2000-09-05,0.27083334,0.048387095,0.925,0.0,1.3831168,0.80536914,2.742616,0.028735632
2000-09-06,0.15972222,0.032258064,0.63125,0.0,1.0714285,0.67114097,2.2194092,0.0
2000-09-07,0.048611112,0.0,0.275,0.0,0.14935064,0.40939596,1.1097046,0.0
2000-09-08,0.0,0.0,0.0,0.0,0.0,0.0,0.025316456,0.0
2000-09-09,0.0,0.0,0.0,0.0,0.0,0.0,0.0,0.0
2000-09-10,0.0,0.0,0.0,0.0,0.0,0.0,0.0,0.0
2000-09-11,0.0,0.0,0.0,0.0,0.0,0.0,0.0,0.0
2000-09-12,0.0,0.0,0.0,0.0,0.0,0.0,0.0,0.0
2000-09-13,0.0,0.0,0.0,0.0,0.0,0.0,0.0,0.0
2000-09-14,0.0,0.0,0.0,0.0,0.0,0.0,0.0,0.0
2000-09-15,0.0,0.0,0.0,0.0,0.0,0.0,0.0,0.0
2000-09-16,0.0,0.0,0.0,0.0,0.0,0.0,0.0,0.0
2000-09-17,0.0,0.0,0.0,0.0,0.0,0.0,0.0,0.0
2000-09-18,0.0,0.0,0.0,0.0,0.0,0.0,0.0,0.0
2000-09-19,0.0,0.0,0.0,0.0,0.0,0.0,0.0,0.0
2000-09-20,0.0,0.0,0.0,0.0,0.0,0.0,0.0,0.0
2000-09-21,0.0,0.0,0.0,0.0,0.0,0.0,0.0,0.0
2000-09-22,0.0,0.0,0.0,0.0,0.0,0.0,0.0,0.0
2000-09-23,0.0,0.0,0.0,0.0,0.0,0.0067114094,0.021097047,0.0
2000-09-24,0.0,0.0,0.0,0.0,0.0,0.0,0.0,0.0
2000-09-25,0.0,0.0,0.0,0.0,0.0,0.0,0.0,0.0
2000-09-26,0.0,0.0,0.0,0.0,0.0,0.0,0.0,0.0
2000-09-27,0.0,0.0,0.0,0.0,0.0,0.0,0.0,0.0
2000-09-28,0.0,0.0,0.0,0.0,0.0,0.0,0.0,0.0
2000-09-29,0.0,0.0,0.0,0.0,0.0,0.0,0.0,0.0
2000-09-30,0.0,0.0,0.0,0.0,0.0,0.0,0.0,0.0
2000-10-01,0.0,0.0,0.0,0.0,0.0,0.0,0.0,0.0
2000-10-02,0.0,0.0,0.0,0.0,0.0,0.0,0.0,0.0
2000-10-03,0.0,0.0,0.0,0.0,0.0,0.0,0.0,0.0
2000-10-04,0.0,0.0,0.0,0.0,0.0,0.0,0.0,0.0
2000-10-05,0.0,0.0,0.0,0.0,0.0,0.0,0.0,0.0
2000-10-06,0.0,0.0,0.0,0.0,0.0,0.0,0.0,0.0
2000-10-07,0.0,0.0,0.0,0.0,0.0,0.0,0.0,0.0
2000-10-08,0.0,0.0,0.0,0.0,0.0,0.0,0.0,0.0
2000-10-09,0.0,0.0,0.0,0.0,0.0,0.0,0.0,0.0
2000-10-10,0.090277776,3.016129,1.48125,0.0,4.3311687,1.3422819,2.9578059,0.0
2000-10-11,0.6840278,13.612904,2.74375,0.44210526,9.24026,3.5167785,4.135021,1.2068965
2000-10-12,1.3055556,14.104838,2.98125,0.97192985,11.162337,3.8657718,4.3586497,3.091954
2000-10-13,1.1354166,15.153226,2.9375,0.71929824,11.571428,3.5973155,3.628692,2.902299
2000-10-14,0.49305555,15.846774,2.18125,0.49122807,10.655844,2.7785234,3.2742617,2.3793104
2000-10-15,0.1736111,14.991936,1.675,0.18245614,8.961039,1.7651007,3.7088609,0.47126436
2000-10-16,0.034722224,13.5,1.15,0.007017544,8.298701,1.1006712,2.7468355,0.06321839
2000-10-17,0.0,11.5,0.36875,0.0,5.987013,0.5100671,1.4514768,0.0
2000-10-18,0.0,9.282258,0.04375,0.0,3.883117,0.17449665,0.4599156,0.0
2000-10-19,0.0,7.693548,0.01875,0.0,2.7597404,0.026845638,0.15189873,0.0
2000-10-20,0.0,6.225806,0.0,0.0,1.8896104,0.0,0.008438818,0.0
2000-10-21,0.0,5.967742,0.0,0.0,1.6883117,0.0,0.0,0.0
2000-10-22,0.114583336,5.185484,0.41875,0.0,1.6233766,0.23489933,0.42616034,0.03448276
2000-10-23,0.114583336,5.7419353,0.33125,0.0,1.6948051,0.23489933,0.38818565,0.03448276
2000-10-24,0.010416667,5.733871,0.18125,0.0,1.538961,0.16778524,0.3164557,0.0
2000-10-25,0.0,5.846774,0.0375,0.0,1.6038961,0.026845638,0.12658228,0.0
2000-10-26,0.9826389,6.137097,0.9125,0.79298246,4.376623,1.3758389,1.1223629,2.7931035
2000-10-27,2.6458333,7.403226,3.94375,0.7964912,8.448052,4.194631,3.4767933,4.7356324
2000-10-28,2.2118056,7.435484,7.7875,0.6385965,13.831169,4.1610737,4.0970464,5.0
2000-10-29,11.295139,9.145162,16.80625,6.1929827,31.837662,14.422819,18.70886,19.856321
2000-10-30,19.78125,23.169355,23.04375,8.052631,48.51948,26.57718,25.324894,27.925287
2000-10-31,19.65625,24.951612,24.11875,7.6280704,50.103897,28.536913,25.852322,28.304598
2000-11-01,18.71875,25.459677,24.01875,7.017544,49.61039,28.32886,25.236286,24.850574
2000-11-02,17.472221,24.75,23.3125,6.9122806,49.24026,28.013422,24.514769,23.798851
2000-11-03,15.722222,23.419355,22.61875,5.477193,48.5,27.436241,23.654009,22.316092
2000-11-04,14.850695,21.82258,21.7,4.6701756,46.53896,26.879194,22.751055,21.195402
2000-11-05,13.569445,20.443548,20.95625,3.8421052,45.467533,26.214766,21.725739,19.655172
2000-11-06,12.21875,19.411291,20.25625,3.3438597,43.863636,25.060402,20.940928,18.758621
2000-11-07,11.71875,19.92742,20.13125,3.1824563,43.07143,24.463087,20.71308,17.908047
2000-11-08,11.326389,21.411291,19.98125,2.831579,42.727272,23.32886,20.324894,17.367817
2000-11-09,12.993055,20.338709,19.875,2.9894736,42.506493,23.114094,21.27848,18.051723
2000-11-10,14.381945,21.556452,23.55,3.8561404,47.376625,28.865772,26.299578,20.98276
2000-11-11,18.027779,24.661291,26.8,5.9649124,50.863636,35.81879,28.654009,21.51724
2000-11-12,18.065971,29.532259,27.55,5.5964913,53.357143,36.020134,29.734177,23.298851
2000-11-13,17.815971,30.733871,27.03125,7.010526,53.545456,36.234898,29.746836,24.229885
2000-11-14,22.26736,30.637096,27.275,11.2,55.0,38.308723,33.14768,30.724138
2000-11-15,22.73611,30.60484,26.68125,10.842105,57.415585,38.75168,32.738396,31.402298
2000-11-16,22.51389,30.717741,28.3125,11.031579,57.55844,38.65772,33.016876,29.005747
2000-11-17,22.197916,30.709677,28.25,11.585965,58.012985,38.65772,33.042194,30.16092
2000-11-18,21.774305,30.64516,28.00625,11.505263,58.064934,38.597317,32.881855,27.05747
2000-11-19,19.40625,30.024193,27.0375,10.2736845,57.467533,38.10067,31.886076,27.367817
2000-11-20,16.878471,28.814516,25.40625,8.147368,55.83766,35.71141,30.063292,25.16092
2000-11-21,15.399305,26.258064,24.1125,6.7403507,53.14935,33.33557,28.852322,23.212645
2000-11-22,14.947917,25.89516,24.025,6.4210525,52.922077,32.697987,28.751055,22.798851
2000-11-23,14.916667,25.903225,24.025,5.7789474,53.305195,33.4698,29.0,23.396551
2000-11-24,14.416667,25.338709,23.40625,5.357895,52.597404,32.785236,28.590717,22.93678
2000-11-25,13.760417,25.040323,22.8,4.1789474,51.915585,32.161076,28.1519,22.068966
2000-11-26,13.142361,24.629032,21.975,3.8666666,50.746754,31.241611,27.578058,20.586206
2000-11-27,12.586805,24.282259,21.2,4.0877194,49.33117,30.536913,27.105486,20.408047
2000-11-28,12.368055,24.088709,20.2,3.585965,50.103897,30.174496,26.565401,19.988506
2000-11-29,11.354167,24.14516,18.91875,3.1263158,48.766235,28.879194,25.945148,18.097702
2000-11-30,18.847221,24.129032,24.24375,8.814035,50.07143,36.94631,33.767933,26.609196
2000-12-01,18.697916,24.564516,24.05,9.421053,50.396103,38.268456,33.949368,26.97701
2000-12-02,17.61111,24.524193,23.23125,8.65614,49.915585,37.879196,34.126583,28.798851
2000-12-03,16.197916,24.580645,22.06875,7.073684,48.85065,37.060402,33.459915,26.54023
2000-12-04,14.826389,24.629032,20.9,5.3333335,47.55195,35.926174,33.016876,24.833334
2000-12-05,13.958333,24.233871,19.475,4.1894736,46.136364,35.174496,32.396626,22.235632
2000-12-06,12.916667,23.790323,17.96875,3.7157896,44.79221,34.033558,31.751055,21.05747
2000-12-07,12.0625,23.653225,16.775,3.1578948,43.616882,33.14765,31.202532,19.149426
2000-12-08,11.479167,23.629032,16.79375,2.7824562,43.506493,32.543625,30.670887,18.183908
2000-12-09,11.173611,23.64516,16.81875,2.582456,43.454544,32.362415,31.101265,17.321838
2000-12-10,11.909722,23.709677,16.80625,2.7333333,43.38961,32.34228,31.00422,19.609196
2000-12-11,12.684028,23.717741,17.35625,2.7614036,43.766235,32.24161,31.0,21.58046
2000-12-12,18.135416,25.120968,21.4875,5.8,53.922077,38.261745,36.253166,30.83908
2000-12-13,20.10764,28.008064,23.41875,7.0526314,54.876625,40.34899,37.831223,32.87356
2000-12-14,28.180555,27.67742,26.575,17.912281,59.253246,46.61745,42.751057,46.37931
2000-12-15,37.96875,26.862904,31.0125,23.614035,61.05195,56.738255,48.485233,55.988506
2000-12-16,38.78472,26.580645,30.35,21.957895,61.01948,59.046978,48.99156,59.632183
2000-12-17,38.42014,26.32258,28.8875,20.649122,59.94805,58.704697,48.00844,59.270115
2000-12-18,37.875,26.306452,27.58125,20.603508,58.922077,58.328857,47.35443,60.017242
2000-12-19,36.84722,26.225807,25.6375,18.950878,57.155846,58.355705,46.21519,58.41379
2000-12-20,35.229168,25.82258,24.525,16.407017,56.045456,57.120804,45.172997,55.92529
2000-12-21,32.53472,25.629032,23.63125,13.263158,55.344154,55.72483,44.41772,53.103447
2000-12-22,31.260416,25.483871,23.16875,12.996491,54.935066,54.671143,44.0,56.37356
2000-12-23,30.847221,25.483871,23.0625,13.007017,54.85065,54.161076,43.848103,54.37931
2000-12-24,30.48264,25.459677,22.95,13.217544,54.798702,53.859062,43.742615,56.247128
2000-12-25,29.8125,25.451612,22.9375,13.547368,54.74026,53.765102,43.670887,52.833332
2000-12-26,29.604166,25.5,22.76875,13.333333,54.714287,53.71141,43.594936,52.609196
2000-12-27,28.569445,25.35484,22.18125,12.038596,54.103897,52.979866,43.181435,51.91954
2000-12-28,27.104166,25.25,21.675,11.491228,53.525974,51.75168,42.78059,49.890804
2000-12-29,24.8125,25.387096,20.76875,10.870175,52.42857,49.885906,42.06329,47.74138
2000-12-30,22.510416,24.911291,19.89375,9.691228,51.53896,47.89933,41.345993,42.971264
2000-12-31,20.95486,24.838709,19.35625,7.894737,48.896103,46.5302,40.83966,40.436783
2001-01-01,20.027779,24.782259,19.0125,8.112281,48.876625,45.697987,40.43882,38.448277
2001-01-02,19.166666,24.693548,18.71875,7.3122807,48.467533,45.134228,40.122364,36.666668
2001-01-03,18.340279,24.508064,18.19375,6.7122808,47.993507,44.637585,39.708862,34.20115
2001-01-04,16.98611,24.056452,17.08125,5.950877,46.922077,43.060402,38.873417,31.764368
2001-01-05,15.756945,23.346775,16.05625,5.277193,45.61039,41.489933,37.966244,29.643679
2001-01-06,14.541667,22.89516,15.4875,5.8070173,44.798702,40.33557,37.350212,28.132183
2001-01-07,13.809028,22.798388,15.26875,5.4701753,44.512985,39.489933,37.037975,26.126436
2001-01-08,13.267361,22.564516,15.79375,6.203509,42.876625,38.838924,37.088608,25.02299
2001-01-09,14.840278,24.887096,18.9875,9.6,46.688313,43.496643,41.92827,29.867817
2001-01-10,17.309029,26.112904,29.1125,13.098246,52.01948,44.65772,44.28692,35.41379
2001-01-11,31.368055,55.508064,56.5875,31.59649,106.597404,73.89262,79.54852,54.83908
2001-01-12,42.03125,77.73387,59.6625,38.168423,117.66234,87.80537,83.08439,67.55747
2001-01-13,42.23611,81.33064,60.26875,39.68421,120.597404,87.993286,83.79747,67.13219
2001-01-14,43.163193,82.491936,60.3875,40.778946,121.48052,88.120804,83.56118,68.20115
2001-01-15,43.413193,85.854836,61.24375,41.157894,121.97403,88.543625,84.49789,68.534485
2001-01-16,43.802082,89.1371,60.225,41.221054,122.97403,89.61074,84.940926,67.695404
2001-01-17,43.8125,92.55645,59.7625,41.263157,121.14286,89.57047,84.97047,67.97701
2001-01-18,44.069443,94.20968,59.425,41.57544,121.318184,90.26174,85.03797,67.81609
2001-01-19,43.9375,93.83871,58.725,41.42807,121.56493,90.255035,84.81435,67.77012
2001-01-20,43.23264,93.32258,57.70625,41.014034,121.86364,90.47651,82.29114,66.155174
2001-01-21,42.427082,92.354836,57.5125,40.687717,121.57143,90.255035,84.01266,65.97127
2001-01-22,40.791668,91.758064,56.4375,41.08421,121.33117,89.47651,82.700424,65.68391
2001-01-23,39.135418,90.92742,59.5625,39.54035,122.85714,88.993286,81.63713,66.02299
2001-01-24,44.71528,92.0,71.21875,45.838596,134.53896,98.97315,98.2827,75.804596
2001-01-25,51.12847,108.53226,84.98125,47.014034,150.57143,110.63758,109.827,81.913795
2001-01-26,62.37153,115.314514,93.825,61.691227,160.48701,123.73826,122.173,100.52299
2001-01-27,64.892365,121.33871,96.21875,63.354385,163.12338,130.67114,125.540085,103.58046
2001-01-28,64.892365,126.741936,96.1625,64.60351,163.66884,131.14764,125.99156,103.72414
2001-01-29,65.40625,127.72581,96.05625,67.235085,164.14935,131.99329,126.68777,105.206894
2001-01-30,67.645836,128.35484,95.7625,68.4386,164.27272,133.06711,126.940926,105.25862
2001-01-31,67.326385,129.0,86.9625,64.31579,164.12987,132.99329,126.27004,106.83908
2001-02-01,66.30903,128.66936,94.5,64.08421,165.66884,132.85905,125.77215,106.86207
2001-02-02,65.197914,126.870964,90.5875,63.71579,165.51949,131.53691,122.666664,101.85058
2001-02-03,62.84028,124.96774,86.08125,63.122807,164.66234,129.24832,118.92827,96.304596
2001-02-04,57.29861,122.129036,82.99375,58.891228,163.64935,125.63758,113.81013,97.965515
2001-02-05,50.90972,118.548386,79.5625,50.37193,163.23376,121.77181,109.04219,91.954025
2001-02-06,46.45486,114.951614,79.05625,46.817543,159.2013,118.40939,106.32912,87.034485
2001-02-07,48.645832,115.91936,80.75625,47.968422,162.18831,121.342285,108.34599,89.18965
2001-02-08,48.885418,119.54032,79.74375,47.14035,163.02597,122.067116,108.92405,87.074715
2001-02-09,50.44097,120.58871,85.1375,52.76842,167.46753,123.37584,110.586494,94.13219
2001-02-10,68.03125,127.395164,106.93125,79.02105,191.09091,148.14764,132.86497,127.83908
2001-02-11,88.84722,144.62903,131.9,101.89474,219.68831,177.30202,164.12236,158.78735
2001-02-12,105.326385,180.15323,147.025,124.37193,241.02597,199.49664,182.94514,177.11494
2001-02-13,106.99653,194.33064,149.8125,130.4807,246.53896,201.48993,184.43881,179.74713
2001-02-14,108.06944,209.92741,152.525,130.09123,252.11688,202.77852,186.0675,176.58046
2001-02-15,108.142365,212.75,152.85,130.35088,252.33766,204.06711,186.91562,177.67816
2001-02-16,108.385414,215.3871,151.89375,125.9193,253.0065,204.83221,183.85654,179.17816
2001-02-17,106.84722,215.92741,149.98125,123.052635,253.2013,204.6443,177.99156,180.60919
2001-02-18,104.947914,216.58064,147.325,124.57544,252.07143,206.62416,179.29958,178.3793
2001-02-19,104.65625,218.6129,151.2625,127.501755,259.01947,208.90604,179.90295,177.13219
2001-02-20,117.579865,229.16129,160.69376,140.00351,281.18832,226.77852,196.27426,191.06322
2001-02-21,121.732635,229.82259,160.675,149.14737,283.5,233.89932,196.99577,200.35057
2001-02-22,128.0243,230.03226,163.81876,165.41052,287.55194,240.16779,200.80168,212.8793
2001-02-23,139.8368,235.26613,177.6125,176.50526,301.67532,249.9463,225.57806,229.1207
2001-02-24,142.2257,237.00807,182.90625,179.88422,306.7078,254.69798,230.3038,237.77011
2001-02-25,150.92014,276.8145,193.0625,190.3193,326.14285,268.07382,245.26582,245.51724
2001-02-26,151.60764,282.08066,191.1625,190.45966,326.84415,269.63757,244.09283,238.97127
2001-02-27,150.42708,283.7258,189.2125,193.16843,327.52597,268.96643,244.77637,239.36781
2001-02-28,148.52083,284.6855,184.54375,191.53683,327.9156,268.5436,236.4979,237.34483
2001-03-01,147.6007,287.17743,188.59375,185.7965,334.14285,263.0,243.03375,230.65517
2001-03-02,148.18402,287.42743,189.975,188.17894,336.6948,271.03357,249.22784,243.09195
2001-03-03,152.03125,290.12097,193.6,185.04561,345.10388,276.92618,254.25316,246.977
2001-03-04,154.75,291.25806,196.55624,197.76842,356.53897,277.02686,257.7342,254.06322
2001-03-05,160.90277,306.9597,215.21875,217.60352,397.0974,293.73825,279.9114,259.4138
2001-03-06,164.83333,308.41934,218.81876,218.76491,408.92856,304.13422,286.16876,260.9023
2001-03-07,162.09723,309.85483,217.0375,218.72281,411.23376,303.27518,284.24893,256.79886
2001-03-08,157.59723,308.2258,212.925,212.25262,410.0974,300.51007,280.63715,251.64943
2001-03-09,153.49652,304.4597,211.81876,213.36491,410.61038,298.55704,277.4346,249.82759
2001-03-10,154.88542,308.41934,211.65,207.61052,415.82468,299.98657,277.98312,272.68967
2001-03-11,152.27083,309.2984,206.20625,200.82106,416.97403,300.30872,277.27426,268.3908
2001-03-12,150.1493,309.41934,204.80624,193.55087,416.77274,299.96643,275.4346,266.99426
2001-03-13,145.73264,307.69354,202.0125,183.61403,416.12338,298.7114,273.08017,263.17816
2001-03-14,138.625,306.4516,198.24374,166.77895,414.5779,296.30872,269.51056,253.01149
2001-03-15,133.03125,302.6613,195.05,153.89473,412.81168,293.57047,265.1983,252.41954
2001-03-16,131.88542,299.24194,192.425,152.39297,411.55194,291.5839,262.7637,261.23563
2001-03-17,127.69097,297.50806,191.4625,147.47368,409.9026,289.36914,259.65823,252.59195
2001-03-18,120.201385,293.55646,189.3,137.87018,407.2922,285.4765,255.27849,241.60919
2001-03-19,112.09722,287.6129,184.6,123.6,403.53897,279.22147,249.32489,236.10345
2001-03-20,100.298615,275.57257,179.56876,105.761406,395.2922,268.53693,242.25316,223.99425
2001-03-21,91.260414,261.4758,175.21875,92.905266,386.9091,259.14764,236.19409,213.72989
2001-03-22,81.19444,250.1371,171.0,88.96842,378.54544,249.34229,229.6287,200.37357
2001-03-23,74.510414,240.69354,168.1375,78.85614,369.96753,242.24161,225.33755,189.99425
2001-03-24,67.854164,230.37903,165.1375,69.88772,367.72726,234.63759,221.39662,175.44827
2001-03-25,63.45139,220.87903,162.1,63.79649,357.46103,228.90604,218.4346,170.43678
2001-03-26,60.75347,215.75807,159.54375,62.396492,352.05844,224.59732,216.18143,166.08046
2001-03-27,57.118057,209.00807,156.6,58.119297,347.4026,218.36913,213.13503,159.93103
2001-03-28,50.694443,200.51613,152.425,51.249123,340.9091,210.66443,208.68355,148.21838
2001-03-29,44.0,191.75807,147.3,43.94035,333.14935,198.5839,203.6498,132.36208
2001-03-30,40.31597,183.37903,142.2,38.65614,323.85065,190.39597,199.4346,120.47127
2001-03-31,35.21528,174.6129,135.7625,33.326317,314.0844,181.79866,193.4557,107.5115
2001-04-01,30.659721,166.0,130.0,27.698246,290.9221,172.11409,186.57384,93.17816
2001-04-02,29.083334,160.3871,127.7125,25.947369,286.26624,166.24832,184.51054,89.005745
2001-04-03,29.288195,160.08064,127.60625,25.729824,285.2013,164.77852,183.4346,89.0977
2001-04-04,29.385416,160.00807,127.46875,22.308771,283.97403,164.2953,182.9367,90.44253
2001-04-05,29.434029,158.66936,128.6875,25.2,286.0065,164.2349,182.48946,90.02299
2001-04-06,29.375,159.20161,132.20625,24.470175,288.05194,164.28859,183.45992,91.5
2001-04-07,39.07639,173.04033,141.65625,36.178947,320.7078,179.27516,204.5021,107.71265
2001-04-08,55.350693,210.37097,149.41875,37.05614,344.97403,195.75168,217.44725,123.21265
2001-04-09,60.89236,214.79839,150.03125,39.14386,347.72076,198.1208,218.6287,127.02873
2001-04-10,61.114582,220.80646,150.05,38.263157,350.0,201.2282,219.16034,130.25862
2001-04-11,60.84722,221.91936,149.96875,37.870174,353.06494,203.73825,220.02531,134.87357
2001-04-12,67.00347,223.8629,154.75626,44.65614,357.5844,212.51007,228.15611,138.08046
2001-04-13,67.229164,222.66936,154.96875,46.077194,357.81818,216.3557,228.88185,147.99425
2001-04-14,65.729164,222.05646,155.05,42.37895,356.13635,214.30202,228.04642,145.27586
2001-04-15,63.85764,208.71774,154.19376,39.05614,352.5974,213.31543,226.60759,142.08621
2001-04-16,57.36111,200.80646,150.7125,35.82807,348.5844,206.79195,220.47258,124.58046
2001-04-17,47.29861,184.2742,143.96875,30.663158,337.5065,195.25504,213.34177,115.373566
2001-04-18,40.458332,174.37097,139.96875,25.442104,328.87662,186.10068,208.86497,110.64368
2001-04-19,38.475693,164.09677,141.39375,29.736841,331.54544,187.04027,211.346,108.965515
2001-04-20,54.645832,170.30646,156.4875,41.4807,357.513,207.61073,229.39241,125.05747
2001-04-21,69.39931,196.41129,163.35625,37.526318,379.53247,230.79195,249.81012,141.75287
2001-04-22,69.99653,196.71774,173.425,32.536842,380.05194,238.3557,251.9789,129.37357
2001-04-23,65.10069,191.99193,171.91875,27.642105,380.4091,238.0537,250.18988,122.425285
2001-04-24,51.79861,178.70967,159.43124,29.407017,369.33768,226.97986,240.43881,109.91954
2001-04-25,41.22222,170.0242,151.48125,23.049122,355.96753,208.10738,230.30801,99.75862
2001-04-26,33.60764,168.73387,142.125,18.245613,340.33118,196.26846,219.63713,88.17242
2001-04-27,29.041666,164.70967,134.73125,14.824561,328.5909,188.16779,214.49367,73.804596
2001-04-28,26.385416,159.33871,126.74375,13.042106,311.48053,181.32886,209.39662,67.86207
2001-04-29,25.84375,151.20161,122.73125,12.7263155,301.83118,178.84564,206.42194,66.22414
2001-04-30,23.743055,145.3629,117.69375,11.6947365,291.39612,173.28859,201.83545,57.890804
2001-05-01,19.6875,138.91936,108.21875,10.157895,261.55194,162.8255,195.67932,49.252872
2001-05-02,17.472221,133.12903,99.3,9.554386,268.32468,156.42282,188.84389,43.37931
2001-05-03,16.434029,128.03226,95.70625,9.277193,266.11038,154.40268,185.22363,42.672413
2001-05-04,17.225695,121.15323,92.05625,8.642105,264.3052,151.81879,181.0675,40.21839
2001-05-05,15.777778,111.370964,86.375,7.3508773,257.4156,146.349,175.29536,34.270115
2001-05-06,13.513889,112.19355,77.55,6.1157894,246.53896,141.66443,170.0211,28.948277
2001-05-07,11.065972,107.854836,67.0125,4.835088,231.62987,133.3557,164.44304,23.178162
2001-05-08,7.7881947,100.895164,59.58125,3.322807,217.66234,121.87248,155.60338,16.701149
2001-05-09,5.1944447,102.741936,53.1125,2.277193,201.88312,104.58389,148.60338,11.063218
2001-05-10,3.6423612,90.52419,46.3375,1.5824561,191.31169,93.98658,138.98734,6.7873564
2001-05-11,2.7152777,87.41936,43.33125,1.1333333,178.74675,84.43624,132.2827,4.4425287
2001-05-12,2.0104167,81.1129,37.76875,0.8912281,162.5974,73.85235,121.24051,2.5517242
2001-05-13,1.6875,80.120964,34.93125,0.7403509,167.92857,62.040268,112.5654,1.3275862
2001-05-14,1.4479166,78.629036,32.9125,0.6245614,161.98701,54.953022,107.03797,0.7643678
2001-05-15,1.2430556,76.508064,30.61875,0.5368421,153.81169,51.550335,102.07173,0.46551725
2001-05-16,1.0798612,73.65323,28.4625,0.47368422,146.6039,47.389263,92.31223,0.2816092
2001-05-17,0.9027778,70.935486,24.90625,0.35438597,137.94156,42.026844,79.08861,0.03448276
2001-05-18,0.7256944,68.201614,21.5875,0.19298245,128.85715,36.644295,68.06329,0.0
2001-05-19,0.5347222,65.58064,18.51875,0.007017544,120.48052,31.416107,62.168777,0.0
2001-05-20,0.375,68.90323,15.6625,0.0,112.07792,26.536913,56.42194,0.0
2001-05-21,0.25,63.967743,12.61875,0.0,103.44156,23.194632,49.670887,0.0
2001-05-22,0.121527776,59.26613,9.76875,0.0,92.63636,19.167786,43.07173,0.0
2001-05-23,0.0,62.008064,7.175,0.0,84.98052,15.416107,35.902954,0.0
2001-05-24,0.0,56.169353,5.2125,0.0,75.05195,13.899329,28.36287,0.0
2001-05-25,0.0,50.741936,3.69375,0.0,62.18182,10.704698,22.388186,0.0
2001-05-26,0.0,48.95968,2.725,0.0,66.44805,7.8389263,17.616034,0.0
2001-05-27,0.0,45.629032,2.11875,0.0,62.285713,6.4228187,14.894515,0.0
2001-05-28,0.0,43.419353,1.65625,0.0,56.214287,5.489933,13.025316,0.0
2001-05-29,0.0,41.669353,1.28125,0.0,53.38961,4.798658,11.531646,0.0
2001-05-30,0.0,38.596775,0.78125,0.0,48.201298,3.6644294,9.084388,0.0
2001-05-31,0.0,33.580647,0.53125,0.0,43.253246,2.5167785,6.4092827,0.0
2001-06-01,0.0,28.080645,0.3125,0.0,34.376625,1.3087249,3.8902953,0.0
2001-06-02,0.0,25.129032,0.15625,0.0,29.538961,0.6979866,2.7510548,0.0
2001-06-03,0.0,24.193548,0.11875,0.0,28.48052,0.58389264,2.4092827,0.0
2001-06-04,0.0,23.709677,0.09375,0.0,27.974026,0.54362416,2.21519,0.0
2001-06-05,0.0,23.0,0.05,0.0,27.162338,0.5033557,2.0379746,0.0
2001-06-06,0.0,21.782259,0.0,0.0,25.435064,0.39597315,1.5864979,0.0
2001-06-07,0.0,19.830645,0.0,0.0,22.253246,0.17449665,0.9198312,0.0
2001-06-08,0.0,22.096775,0.0,0.0,18.603895,0.0,0.4556962,0.0
2001-06-09,0.0,19.991936,0.0,0.0,15.824676,0.0,0.18987341,0.0
2001-06-10,0.0,18.379032,0.0,0.0,14.019481,0.0,0.042194095,0.0
2001-06-11,0.0,16.975807,0.0,0.0,12.525974,0.0,0.0,0.0
2001-06-12,0.0,15.862904,0.0,0.0,11.38961,0.0,0.0,0.0
2001-06-13,0.0,15.185484,0.0,0.0,10.701299,0.0,0.0,0.0
2001-06-14,0.0,14.82258,0.0,0.0,10.142858,0.0,0.0,0.0
2001-06-15,0.0,14.185484,0.0,0.0,8.74026,0.0,0.0,0.0
2001-06-16,0.0,12.967742,0.0,0.0,6.9025974,0.0,0.0,0.0
2001-06-17,0.0,11.435484,0.0,0.0,5.051948,0.0,0.0,0.0
2001-06-18,0.0,10.07258,0.0,0.0,3.538961,0.0,0.0,0.0
2001-06-19,0.0,8.741936,0.0,0.0,2.2337663,0.0,0.0,0.0
2001-06-20,0.0,7.580645,0.0,0.0,1.3506494,0.0,0.0,0.0
2001-06-21,0.0,6.516129,0.0,0.0,0.83766234,0.0,0.0,0.0
2001-06-22,0.0,5.459677,0.0,0.0,0.53896105,0.0,0.0,0.0
2001-06-23,0.0,4.475806,0.0,0.0,0.27272728,0.0,0.0,0.0
2001-06-24,0.0,3.653226,0.0,0.0,0.071428575,0.0,0.0,0.0
2001-06-25,0.0,3.169355,0.0,0.0,0.0,0.0,0.0,0.0
2001-06-26,0.0,2.903226,0.0,0.0,0.0,0.0,0.0,0.0
2001-06-27,0.0,2.7096775,0.0,0.0,0.0,0.0,0.0,0.0
2001-06-28,0.0,2.467742,0.0,0.0,0.0,0.0,0.0,0.0
2001-06-29,0.0,2.1290324,0.0,0.0,0.0,0.0,0.0,0.0
2001-06-30,0.0,1.7741935,0.0,0.0,0.0,0.0,0.0,0.0
2001-07-01,0.0,1.1693548,0.0,0.0,0.0,0.0,0.0,0.0
2001-07-02,0.0,0.42741936,0.0,0.0,0.0,0.0,0.0,0.0
2001-07-03,0.0,0.0,0.0,0.0,0.0,0.0,0.0,0.0
2001-07-04,0.0,0.0,0.0,0.0,0.0,0.0,0.0,0.0
2001-07-05,0.0,0.0,0.0,0.0,0.0,0.0,0.0,0.0
2001-07-06,0.0,0.0,0.0,0.0,0.0,0.0,0.0,0.0
2001-07-07,0.0,0.14516129,0.0,0.0,0.0,0.0,0.0,0.0
2001-07-08,0.0,0.09677419,0.0,0.0,0.0,0.0,0.0,0.0
2001-07-09,0.0,0.0,0.0,0.0,0.0,0.0,0.0,0.0
2001-07-10,0.0,0.0,0.0,0.0,0.0,0.0,0.0,0.0
2001-07-11,0.0,0.0,0.0,0.0,0.0,0.0,0.0,0.0
2001-07-12,0.0,0.0,0.0,0.0,0.0,0.0,0.0,0.0
2001-07-13,0.0,0.0,0.0,0.0,0.0,0.0,0.0,0.0
2001-07-14,0.0,0.0,0.0,0.0,0.0,0.0,0.0,0.0
2001-07-15,0.0,0.0,0.0,0.0,0.0,0.0,0.0,0.0
2001-07-16,0.0,0.0,0.0,0.0,0.0,0.0,0.0,0.0
2001-07-17,0.0,0.0,0.0,0.0,0.0,0.0,0.0,0.0
2001-07-18,0.0,0.0,0.0,0.0,0.0,0.0,0.0,0.0
2001-07-19,0.0,0.0,0.0,0.0,0.0,0.0,0.0,0.0
2001-07-20,0.0,0.0,0.0,0.0,0.0,0.0,0.0,0.0
2001-07-21,0.0,0.0,0.0,0.0,0.0,0.0,0.0,0.0
2001-07-22,0.0,0.0,0.0,0.0,0.0,0.0,0.0,0.0
2001-07-23,0.0,0.0,0.0,0.0,0.0,0.0,0.0,0.0
2001-07-24,0.0,0.0,0.0,0.0,0.0,0.0,0.0,0.0
2001-07-25,0.0,0.0,0.0,0.0,0.0,0.0,0.0,0.0
2001-07-26,0.0,0.0,0.0,0.0,0.0,0.0,0.0,0.0
2001-07-27,0.0,0.0,0.0,0.0,0.0,0.0,0.0,0.0
2001-07-28,0.0,0.0,0.0,0.0,0.0,0.0,0.0,0.0
2001-07-29,0.0,0.0,0.0,0.0,0.0,0.0,0.0,0.0
2001-07-30,0.0,0.0,0.0,0.0,0.0,0.0,0.0,0.0
2001-07-31,0.0,0.0,0.0,0.0,0.0,0.0,0.0,0.0
2001-08-01,0.0,0.0,0.0,0.0,0.0,0.0,0.0,0.0
2001-08-02,0.0,0.0,0.0,0.0,0.0,0.0,0.0,0.0
2001-08-03,0.0,0.0,0.0,0.0,0.0,0.0,0.0,0.0
2001-08-04,0.0,0.0,0.0,0.0,0.0,0.0,0.0,0.0
2001-08-05,0.0,0.0,0.0,0.0,0.0,0.0,0.0,0.0
2001-08-06,0.0,0.0,0.0,0.0,0.0,0.0,0.0,0.0
2001-08-07,0.0,0.0,0.0,0.0,0.0,0.0,0.0,0.0
2001-08-08,0.0,0.0,0.0,0.0,0.0,0.0,0.0,0.0
2001-08-09,0.0,0.0,0.0,0.0,0.0,0.0,0.0,0.0
2001-08-10,0.0,0.0,0.0,0.0,0.0,0.0,0.0,0.0
2001-08-11,0.0,0.0,0.0,0.0,0.0,0.0,0.0,0.0
2001-08-12,0.0,0.0,0.0,0.0,0.0,0.0,0.0,0.0
2001-08-13,0.0,0.0,0.0,0.0,0.0,0.0,0.0,0.0
2001-08-14,0.0,0.0,0.0,0.0,0.0,0.0,0.0,0.0
2001-08-15,0.0,0.0,0.0,0.0,0.0,0.0,0.0,0.0
2001-08-16,0.0,0.0,0.0,0.0,0.0,0.0,0.0,0.0
2001-08-17,0.0,0.0,0.0,0.0,0.0,0.0,0.0,0.0
2001-08-18,0.0,0.0,0.0,0.0,0.0,0.0,0.0,0.0
2001-08-19,0.0,0.0,0.0,0.0,0.0,0.0,0.0,0.0
2001-08-20,0.0,0.0,0.0,0.0,0.0,0.0,0.0,0.0
2001-08-21,0.0,0.0,0.0,0.0,0.0,0.0,0.0,0.0
2001-08-22,0.0,0.0,0.0,0.0,0.0,0.0,0.0,0.0
2001-08-23,0.0,0.0,0.0,0.0,0.0,0.0,0.0,0.0
2001-08-24,0.0,0.0,0.0,0.0,0.0,0.0,0.0,0.0
2001-08-25,0.0,0.0,0.0,0.0,0.0,0.0,0.0,0.0
2001-08-26,0.0,0.0,0.0,0.0,0.0,0.0,0.0,0.0
2001-08-27,0.0,0.0,0.0,0.0,0.0,0.0,0.0,0.0
2001-08-28,0.0,0.0,0.0,0.0,0.0,0.0,0.0,0.0
2001-08-29,0.0,0.0,0.0,0.0,0.0,0.0,0.0,0.0
2001-08-30,0.0,0.0,0.0,0.0,0.0,0.0,0.0,0.0
2001-08-31,0.0,0.0,0.0,0.0,0.0,0.0,0.0,0.0
2001-09-01,0.0,0.0,0.0,0.0,0.0,0.0,0.0,0.0
2001-09-02,0.0,0.0,0.0,0.0,0.0,0.0,0.0,0.0
2001-09-03,0.0,0.0,0.0,0.0,0.0,0.0,0.0,0.0
2001-09-04,0.0,0.0,0.0,0.0,0.0,0.0,0.0,0.0
2001-09-05,0.0,0.0,0.0,0.0,0.0,0.0,0.0,0.0
2001-09-06,0.0,0.0,0.0,0.0,0.0,0.0,0.0,0.0
2001-09-07,0.0,0.0,0.0,0.0,0.0,0.0,0.0,0.0
2001-09-08,0.0,0.0,0.0,0.0,0.0,0.0,0.0,0.0
2001-09-09,0.0,0.0,0.0,0.0,0.0,0.0,0.0,0.0
2001-09-10,0.0,0.0,0.0,0.0,0.0,0.0,0.0,0.0
2001-09-11,0.0,0.0,0.0,0.0,0.0,0.0,0.0,0.0
2001-09-12,0.0,0.0,0.0,0.0,0.0,0.0,0.0,0.0
2001-09-13,0.0,0.0,0.0,0.0,0.0,0.0,0.0,0.0
2001-09-14,0.0,0.0,0.0,0.0,0.0,0.0,0.0,0.0
2001-09-15,0.0,0.0,0.0,0.0,0.0,0.0,0.0,0.0
2001-09-16,0.0,0.0,0.0,0.0,0.0,0.0,0.0,0.0
2001-09-17,0.0,0.0,0.0,0.0,0.0,0.0,0.0,0.0
2001-09-18,0.0,0.0,0.0,0.0,0.0,0.0,0.0,0.0
2001-09-19,0.0,0.0,0.0,0.0,0.0,0.0,0.0,0.0
2001-09-20,0.0,0.0,0.0,0.0,0.0,0.0,0.0,0.0
2001-09-21,0.0,0.0,0.0,0.0,0.0,0.0,0.0,0.0
2001-09-22,0.0,0.0,0.0,0.0,0.0,0.0,0.0,0.0
2001-09-23,0.0,0.0,0.0,0.0,0.0,0.0,0.0,0.0
2001-09-24,0.0,0.0,0.0,0.0,0.0,0.0,0.0,0.0
2001-09-25,0.0,0.0,0.0,0.0,0.0,0.0,0.0,0.0
2001-09-26,0.0,0.0,0.0,0.0,0.0,0.0,0.0,0.0
2001-09-27,0.0,0.0,0.0,0.0,0.0,0.0,0.0,0.0
2001-09-28,0.0,0.0,0.0,0.0,0.0,0.0,0.0,0.0
2001-09-29,0.0,0.0,0.0,0.0,0.0,0.0,0.0,0.0
2001-09-30,0.0,0.0,0.0,0.0,0.0,0.0,0.0,0.0
2001-10-01,0.0,0.0,0.0,0.0,0.0,0.0,0.0,0.0
2001-10-02,0.0,0.0,0.0,0.0,0.0,0.0,0.0,0.0
2001-10-03,0.0,0.0,0.0,0.0,0.0,0.0,0.0,0.0
2001-10-04,0.0,0.0,0.0,0.0,0.0,0.0,0.0,0.0
2001-10-05,0.0,0.0,0.0,0.0,0.0,0.0,0.0,0.0
2001-10-06,0.0,0.0,0.0,0.0,0.0,0.0,0.0,0.0
2001-10-07,0.0,0.0,0.0,0.0,0.0,0.0,0.0,0.0
2001-10-08,0.0,0.0,0.0,0.0,0.0,0.0,0.0,0.0
2001-10-09,0.0,0.0,0.0,0.0,0.0,0.0,0.0,0.0
2001-10-10,0.0,0.0,0.0,0.0,0.0,0.0,0.0,0.0
2001-10-11,0.0,0.0,0.0,0.0,0.0,0.0,0.0,0.0
2001-10-12,0.0,0.0,0.0,0.0,0.0,0.0,0.0,0.0
2001-10-13,0.0,0.0,0.0,0.0,0.0,0.0,0.0,0.0
2001-10-14,0.0,0.0,0.0,0.0,0.0,0.0,0.0,0.0
2001-10-15,0.0,0.0,0.0,0.0,0.0,0.0,0.0,0.0
2001-10-16,0.0,0.0,0.0,0.0,0.0,0.0,0.0,0.0
2001-10-17,0.0,0.0,0.0,0.0,0.0,0.0,0.0,0.0
2001-10-18,0.0,0.0,0.0,0.0,0.0,0.0,0.0,0.0
2001-10-19,0.0,0.0,0.0,0.0,0.0,0.0,0.0,0.0
2001-10-20,0.0,0.0,0.0,0.0,0.0,0.0,0.0,0.0
2001-10-21,0.0,0.0,0.0,0.0,0.0,0.0,0.0,0.0
2001-10-22,0.0,0.0,0.0,0.0,0.0,0.0,0.0,0.0
2001-10-23,0.0,0.0,0.0,0.0,0.0,0.0,0.0,0.0
2001-10-24,0.0,0.0,0.0,0.0,0.0,0.0,0.0,0.0
2001-10-25,0.0,0.0,0.0,0.0,0.0,0.0,0.0,0.0
2001-10-26,0.0,0.0,0.0,0.0,0.0,0.0,0.0,0.0
2001-10-27,0.0,0.0,0.0,0.0,0.0,0.0,0.0,0.0
2001-10-28,0.0,0.0,0.0,0.0,0.0,0.0,0.0,0.0
2001-10-29,0.0,0.0,0.0,0.0,0.0,0.0,0.0,0.0
2001-10-30,0.0,0.10483871,0.81875,0.0,2.4935064,0.0,0.3628692,0.0
2001-10-31,1.0381944,8.7661295,5.225,0.30877194,14.266233,4.9127517,7.8396626,1.5172414
2001-11-01,0.9652778,9.67742,5.15,0.25964913,14.448052,5.0738254,7.8902955,1.2241379
2001-11-02,0.7361111,8.653226,4.53125,0.1754386,14.0,4.6241612,6.9156117,0.59195405
2001-11-03,0.4861111,7.725806,3.9625,0.09824561,13.207792,4.5167785,6.649789,0.3678161
2001-11-04,0.29166666,7.104839,3.13125,0.010526316,11.11039,3.8255033,7.4599156,0.08045977
2001-11-05,0.125,6.701613,1.925,0.0,8.266233,2.8053691,5.742616,0.0
2001-11-06,0.052083332,5.66129,1.25,0.0,6.6493506,2.0536914,4.468354,0.0
2001-11-07,0.038194444,5.475806,1.03125,0.0,6.025974,1.852349,4.0464134,0.0
2001-11-08,0.03125,5.145161,0.8375,0.0,5.746753,1.9463087,3.8438818,0.0
2001-11-09,0.020833334,4.854839,0.625,0.0,5.1363635,1.738255,3.3628693,0.0
2001-11-10,0.010416667,4.733871,0.55,0.0,5.1883116,1.6241611,3.1729958,0.0
2001-11-11,0.0034722222,4.83871,0.78125,0.0,5.9415584,1.6375839,3.485232,0.0
2001-11-12,0.06944445,5.467742,2.4375,0.0,7.571429,2.228188,3.7088609,0.05172414
2001-11-13,1.71875,16.959677,11.0875,1.5578947,23.694805,9.818792,13.995781,8.206897
2001-11-14,2.4930556,16.669355,12.16875,1.6982456,24.207792,12.087248,14.042194,9.793103
2001-11-15,1.8576388,16.120968,11.3875,1.4105263,23.597403,11.355704,12.852321,8.522988
2001-11-16,1.1875,14.9838705,9.93125,1.077193,23.662338,8.899329,13.063292,6.5287356
2001-11-17,0.8263889,14.620968,8.33125,0.8561404,23.876623,6.966443,10.379746,4.890805
2001-11-18,0.6631944,14.846774,7.70625,0.75438595,23.428572,6.1744967,11.704641,3.9310346
2001-11-19,0.4722222,14.225806,6.50625,0.6210526,22.974026,5.2885904,11.337553,2.310345
2001-11-20,0.3472222,13.862904,5.6625,0.47017545,22.344156,4.6174498,10.443038,1.2413793
2001-11-21,0.28125,13.741936,5.8875,0.39649123,22.798702,4.194631,10.265822,0.7643678
2001-11-22,7.7395835,15.346774,15.7125,2.7157896,29.98052,16.174496,27.388186,12.04023
2001-11-23,12.680555,18.540323,18.83125,3.2491229,35.20779,29.510067,32.898735,16.12069
2001-11-24,13.618055,20.57258,26.61875,13.687719,43.29221,30.167786,35.6962,22.408047
2001-11-25,27.493055,47.370968,45.88125,24.785965,82.85065,54.550335,64.40084,38.431034
2001-11-26,30.54514,58.225807,45.46875,28.084211,84.86364,59.140938,64.27426,41.408047
2001-11-27,31.14236,59.814518,46.01875,27.652632,85.81169,60.174496,64.6751,42.022987
2001-11-28,31.17361,61.717743,47.3125,27.382456,86.47403,60.33557,64.257385,42.482758
2001-11-29,36.65278,68.5,57.0375,41.270176,103.75974,72.48993,83.73418,57.99425
2001-11-30,42.01389,75.91129,60.575,42.263157,113.37013,84.7651,90.64135,60.672413
2001-12-01,43.885418,81.379036,64.10625,49.698246,116.46104,88.006714,94.98734,67.735634
2001-12-02,54.288193,87.71774,82.31875,74.70526,141.7078,115.19463,118.36709,80.95977
2001-12-03,93.548615,107.04032,111.1875,97.42456,213.43506,161.4094,154.17299,113.56322
2001-12-04,97.642365,121.814514,112.00625,103.29474,215.73376,169.8255,159.36287,118.954025
2001-12-05,103.0625,126.064514,111.8,105.58947,215.80519,170.32886,159.77216,129.15517
2001-12-06,115.739586,127.44355,113.68125,106.62807,216.71428,177.13423,162.4135,140.76437
2001-12-07,106.385414,126.73387,113.4875,108.189476,215.94806,177.2282,162.37553,152.15517
2001-12-08,103.69444,125.83871,113.65,107.86667,215.98051,177.33557,161.94093,147.17241
2001-12-09,107.826385,125.129036,114.51875,109.57895,217.16234,177.42953,165.8481,146.2069
2001-12-10,115.5625,127.54032,117.09375,108.2421,220.53247,180.14764,165.71307,147.18965
2001-12-11,107.770836,128.18549,116.0125,108.17544,220.63637,180.95973,165.88608,143.36208
2001-12-12,109.05903,128.51613,117.7125,108.375435,220.92207,181.57047,172.33755,142.18391
2001-12-13,107.958336,130.57259,117.66875,111.62807,220.7987,182.46309,172.47258,141.38506
2001-12-14,123.989586,131.93549,124.45,125.642105,234.7922,187.02014,176.64136,173.67241
2001-12-15,125.96181,136.66129,129.33125,132.17545,239.9026,197.2282,185.9325,169.01724
2001-12-16,128.0,136.93549,128.80624,131.97543,240.09091,198.96645,185.16034,181.6207
2001-12-17,133.02777,139.37903,127.03125,142.94386,240.24026,200.38255,182.82701,185.91954
2001-12-18,140.84375,139.39516,130.99374,148.44562,244.98701,206.4094,189.2152,195.10919
2001-12-19,141.22223,138.71774,131.0125,153.88773,246.17532,207.18121,189.28693,193.29884
2001-12-20,145.07986,138.82259,137.49374,163.01053,250.22728,208.49664,200.34177,210.50575
2001-12-21,144.5625,148.67741,157.0,167.27719,277.24026,223.7047,214.46414,221.54024
2001-12-22,146.51389,150.95967,151.75626,173.25964,277.85715,225.83893,214.74684,224.27586
2001-12-23,159.45486,153.66936,159.84375,184.2035,284.06494,238.16779,223.72574,243.37357
2001-12-24,160.61806,154.41129,154.00626,185.42807,285.38312,241.18791,223.59915,243.2931
2001-12-25,158.5,154.66129,169.38126,180.56491,285.7013,242.91946,225.77216,239.98276
2001-12-26,167.11111,154.24193,153.325,180.93333,284.77924,242.16779,223.6498,233.89655
2001-12-27,155.76736,152.93549,153.2875,180.32631,284.18832,242.19463,223.15611,231.17816
2001-12-28,154.57639,152.01613,151.575,181.90877,284.37662,242.90604,218.52321,231.17816
2001-12-29,156.10417,163.91936,164.23125,182.55087,320.97403,248.73825,226.16034,238.98851
2001-12-30,155.9375,192.74193,171.16875,181.24913,343.03897,255.30202,229.89029,232.53448
2001-12-31,156.25,194.99193,171.20625,177.16843,352.48053,261.19464,235.29958,234.477
2002-01-01,161.79514,195.6371,172.56876,171.24562,356.82468,261.91275,242.22363,240.96552
2002-01-02,165.98264,195.20967,175.93124,172.77193,361.31818,262.69128,243.26582,236.27586
2002-01-03,175.06598,198.6129,181.39375,174.94035,377.3052,271.14764,251.59071,250.74138
2002-01-04,156.7743,202.66936,181.8,174.05263,379.31818,271.55704,252.07594,236.86781
2002-01-05,155.86111,203.3629,180.925,172.6,379.88962,273.74496,252.60759,239.31035
2002-01-06,157.5243,202.58064,180.3875,173.04561,379.0909,273.85236,251.42616,238.33908
2002-01-07,169.93056,201.55646,180.61874,169.00351,379.44156,274.61075,251.54852,232.91379
2002-01-08,154.54167,199.1129,180.3375,171.50877,379.01947,273.32214,249.09283,240.43678
2002-01-09,168.45833,197.7742,179.69376,168.46317,378.31818,272.55032,247.94514,241.7069
2002-01-10,167.51736,196.75807,197.68124,166.54034,378.12988,272.77182,250.19832,231.9253
2002-01-11,150.0,195.76613,196.68124,164.41052,377.96103,272.1275,249.10127,232.44827
2002-01-12,147.61806,192.55646,177.40625,160.10527,377.46103,270.56375,243.83966,223.18965
2002-01-13,146.0382,190.16936,176.63126,158.64912,376.93506,269.36243,242.66667,222.60345
2002-01-14,156.90973,187.80646,176.00626,157.35439,376.37012,268.60403,241.5654,220.02873
2002-01-15,156.51042,186.83064,175.775,159.55789,376.33118,267.22147,240.7806,219.84483
2002-01-16,156.8507,188.5242,175.5125,155.52983,376.22076,268.0604,241.22784,219.25862
2002-01-17,156.32986,192.12097,175.45,155.55438,375.88962,265.1745,240.50633,220.43103
2002-01-18,143.67708,194.3629,175.56876,154.07368,375.73376,264.1074,240.35864,219.87357
2002-01-19,144.0868,195.82259,174.75,153.57895,375.85715,263.60403,240.4557,233.55173
2002-01-20,144.41667,195.7258,174.9625,152.72983,375.7143,263.03357,240.6329,221.3793
2002-01-21,144.4618,195.43549,175.63126,154.6807,375.513,262.74496,240.79324,240.523
2002-01-22,149.45486,194.76613,175.975,159.24913,378.0,264.85907,242.94514,222.39081
2002-01-23,151.84723,195.18549,174.0,156.49825,378.27274,265.91275,237.89452,229.04024
2002-01-24,152.84027,195.34677,173.3125,155.96141,377.5844,266.2416,237.96625,226.37357
2002-01-25,151.80556,193.87903,179.075,158.85614,377.53897,264.98657,242.17722,232.8046
2002-01-26,154.03125,191.28226,174.6375,177.92632,377.2987,264.5235,241.47679,251.61494
2002-01-27,166.07292,193.43549,181.73125,184.55789,386.52597,276.48993,256.1308,266.32184
2002-01-28,170.6493,201.16936,185.8125,187.78246,408.7857,280.77853,262.4979,268.68967
2002-01-29,190.05902,204.64516,200.4375,202.01404,421.32468,286.26846,272.05484,265.90805
2002-01-30,192.42708,207.20161,190.55624,200.97543,424.85065,288.27518,270.72995,265.27585
2002-01-31,193.30208,210.44354,190.0,190.45264,425.12988,289.75168,270.83966,265.9023
2002-02-01,194.57986,213.74193,192.1125,188.3193,419.46753,291.0671,269.03375,269.7414
2002-02-02,196.06944,213.96774,190.825,186.33684,420.84415,291.7584,268.70886,283.72415
2002-02-03,195.65277,213.98387,209.375,181.75789,420.5909,288.3557,270.1055,267.78162
2002-02-04,191.83333,212.8871,207.94376,187.14386,420.61688,288.0604,269.13925,258.3506
2002-02-05,189.22917,211.32259,191.7875,183.73685,420.31818,288.1745,265.97467,254.89081
2002-02-06,186.15973,209.15323,187.95625,189.88773,419.62338,287.75168,256.45148,254.8793
2002-02-07,184.65277,207.57259,190.15,185.51228,419.5974,286.61746,261.53586,252.81035
2002-02-08,188.3507,206.16936,188.5875,192.99649,426.0909,291.49664,268.62024,260.3046
2002-02-09,188.41667,205.19354,189.96875,196.25262,426.45456,293.1745,268.15613,262.8046
2002-02-10,189.51736,204.29033,204.4,196.6807,426.07144,293.4765,268.76794,263.01724
2002-02-11,188.21527,202.29839,202.7625,197.41754,424.66232,292.651,266.51056,262.76437
2002-02-12,183.76736,198.82259,200.98125,193.43158,423.03247,291.86578,263.96204,275.68967
2002-02-13,181.65625,195.99193,199.3875,187.54034,421.54544,291.2349,261.71307,271.7931
2002-02-14,180.17014,194.33871,199.0125,186.99298,420.94806,290.36914,261.03375,271.47125
2002-02-15,178.17361,191.25,197.775,188.09123,418.62338,289.57718,259.58228,274.1494
2002-02-16,177.15277,189.43549,199.85,180.70877,419.22076,288.9933,259.2616,267.91953
2002-02-17,179.35417,190.16129,204.58125,179.09123,431.1948,294.31543,266.2996,286.8161
2002-02-18,183.74306,195.76613,209.0875,176.24562,445.36365,305.6443,274.8692,289.6092
2002-02-19,182.56598,197.06451,209.95625,183.26315,446.67532,307.81207,275.58228,279.67816
2002-02-20,193.59375,197.08871,212.28125,171.26315,447.61688,314.2349,279.81857,303.43677
2002-02-21,192.56598,193.6371,210.6875,165.08421,444.61688,312.44968,279.64136,289.01724
2002-02-22,189.81944,188.81451,208.675,157.74738,440.03897,311.84564,276.61603,296.31033
2002-02-23,184.61458,183.41129,206.0125,149.47719,434.513,309.67114,274.01266,290.17242
2002-02-24,183.59723,180.7742,205.79375,149.33333,433.75323,309.4564,273.7384,289.6092
2002-02-25,181.41667,179.3629,206.6875,146.84561,432.35715,308.92618,272.40085,288.64368
2002-02-26,179.26389,176.1371,204.225,141.4035,428.43506,306.7114,270.23206,285.43103
2002-02-27,174.48611,171.33871,201.6125,133.96841,423.93506,303.50336,267.79324,278.9253
2002-02-28,172.66667,167.8629,199.63126,128.27719,420.2857,300.72482,265.99155,276.32758
2002-03-01,170.69792,164.69354,198.34375,127.46667,422.92856,299.79193,267.10126,265.86783
2002-03-02,170.45139,164.29033,197.99374,127.364914,422.52597,299.698,266.98312,267.48276
2002-03-03,170.80902,162.76613,197.79375,125.6,422.03247,299.4564,266.79324,259.546
2002-03-04,168.43402,162.66936,197.46875,123.29825,421.15585,299.13422,266.35443,255.023
2002-03-05,167.40277,161.8871,196.85,120.238594,419.55194,298.5839,265.74683,253.93103
2002-03-06,167.4618,160.17741,199.375,119.91579,418.17532,298.67114,265.89874,254.16092
2002-03-07,192.26389,171.10484,213.44376,125.75088,445.46753,319.60403,285.81012,291.22415
2002-03-08,207.50348,182.15323,221.95,129.73685,459.22076,342.1141,300.2658,278.21265
2002-03-09,206.01736,182.78226,221.85625,144.10876,459.31818,342.67114,299.9958,278.15518
2002-03-10,207.84027,182.37097,221.1625,150.7614,458.55194,346.85236,300.8692,333.21265
2002-03-11,209.84723,180.6129,222.275,153.05263,458.25323,350.79193,304.1308,331.90805
2002-03-12,206.57986,177.91129,218.8,145.9193,455.1948,346.25504,301.20255,309.17816
2002-03-13,206.71527,176.16936,217.94376,141.6807,453.25323,345.94632,300.81433,299.45978
2002-03-14,207.28473,174.37903,219.4875,139.79298,454.10388,348.57047,301.88608,305.0345
2002-03-15,209.61806,175.99193,226.70625,142.61052,454.5065,349.0067,303.2658,292.546
2002-03-16,212.9132,178.05646,225.16875,144.38948,461.16882,351.1745,306.33755,321.4138
2002-03-17,217.48611,181.4758,221.94376,150.99649,466.23376,359.22818,311.3249,328.36783
2002-03-18,224.20486,190.24193,230.9,150.83157,468.61038,364.4094,316.78058,313.05746
2002-03-19,222.54861,192.4758,215.28125,156.22807,469.66882,368.42953,308.9578,348.05173
2002-03-20,214.92361,187.48387,224.7875,143.2386,467.81818,364.08054,312.29535,314.76437
2002-03-21,209.03125,177.34677,222.01875,135.05614,461.7987,357.51007,308.2616,314.25287
2002-03-22,203.43056,172.1129,220.3625,121.57193,457.72076,350.5235,305.21518,305.59195
2002-03-23,204.89583,173.32259,228.00626,122.53684,465.07144,353.53693,312.65823,299.49426
2002-03-24,216.7118,181.49193,234.21875,123.69123,478.74677,374.38925,328.92828,342.41953
2002-03-25,216.28125,185.89516,234.61874,122.9614,478.95456,376.42953,329.0042,354.1954
2002-03-26,216.49306,184.79839,234.48125,121.29825,479.2987,376.77182,327.97467,329.2701
2002-03-27,211.99306,181.03226,233.175,116.0807,477.0909,372.38254,324.9578,322.16666
2002-03-28,208.17014,176.96774,230.4625,108.98947,473.33118,368.50336,321.8903,317.91953
2002-03-29,202.61111,171.85484,227.125,102.0386,468.65585,364.39597,318.9367,313.16092
2002-03-30,194.94792,168.10484,223.8375,91.375435,461.2987,355.92618,315.5021,339.75287
2002-03-31,183.47223,161.08871,218.35625,88.54035,453.7922,348.87918,310.85654,323.26437
2002-04-01,174.94098,156.1129,212.2875,79.5614,437.53247,340.20807,305.54852,288.47702
2002-04-02,165.8993,151.00807,205.94376,76.26667,425.18832,331.302,299.44302,282.546
2002-04-03,152.60764,148.21774,199.0125,67.9614,418.4935,319.7181,292.308,292.14368
2002-04-04,141.7257,148.57259,192.3875,60.63158,410.487,311.36914,286.5232,282.21265
2002-04-05,133.21875,143.84677,188.00626,54.382458,403.75323,301.85236,282.00845,276.78162
2002-04-06,129.41667,142.64516,186.70625,47.82807,400.46103,296.3557,279.81012,261.47125
2002-04-07,126.06944,141.74193,185.93124,45.326317,397.03247,291.33557,278.09705,266.44827
2002-04-08,122.25347,136.62097,183.575,52.154385,393.14935,283.98657,275.2658,260.2414
2002-04-09,117.89931,132.3871,179.9375,48.891228,387.61688,275.2349,272.1519,251.97127
2002-04-10,113.395836,128.55646,177.5625,47.835087,383.0,269.5235,268.6962,244.66092
2002-04-11,109.52431,121.895164,173.9125,45.635086,379.5974,261.57718,264.11392,239.17241
2002-04-12,106.89931,117.30645,168.5875,43.364914,371.11688,252.51007,259.7426,230.14368
2002-04-13,99.38194,113.20968,161.3375,39.389473,358.76624,243.30873,255.04219,209.0747
2002-04-14,90.576385,107.30645,151.6875,33.670174,344.5909,230.16779,248.90295,193.04597
2002-04-15,84.52778,101.604836,147.48125,32.11579,333.04544,222.1745,245.45992,187.66667
2002-04-16,84.59028,101.32258,148.65,32.00351,329.24677,221.85236,245.5021,201.85632
2002-04-17,92.767365,100.01613,152.5375,38.23158,338.83118,229.22148,251.53586,210.48276
2002-04-18,104.763885,101.879036,153.875,39.691227,341.63635,239.91275,256.45148,212.10919
2002-04-19,112.14931,104.53226,153.5625,34.677193,342.9026,244.31543,257.40506,227.7931
2002-04-20,109.114586,109.33871,153.61874,35.86316,343.96753,246.75839,257.22784,217.90805
2002-04-21,108.25694,107.91129,152.575,31.729824,343.0974,247.71141,256.79745,216.01724
2002-04-22,99.798615,105.354836,150.8125,35.129826,341.62988,242.7047,253.61603,213.34483
2002-04-23,90.36806,101.564514,146.69376,31.087719,333.56494,232.28188,249.2194,204.16092
2002-04-24,83.34375,100.96774,140.525,26.849123,324.31818,224.89932,244.88185,193.06322
2002-04-25,78.145836,98.258064,136.6125,24.37193,316.98053,219.1208,241.88608,180.86781
2002-04-26,72.09375,98.70968,135.34375,22.073685,316.03247,214.73154,240.35864,172.21838
2002-04-27,71.045135,100.71774,137.975,20.803509,322.68182,214.81879,244.18565,170.74138
2002-04-28,72.739586,96.5,139.35,21.196491,323.23376,218.02014,246.11815,173.7931
2002-04-29,72.55903,96.8629,140.04375,19.196491,319.43506,219.50336,247.10548,173.37357
2002-04-30,78.979164,97.16129,147.64375,21.810526,317.5974,227.19463,257.9325,170.93678
2002-05-01,81.236115,96.70968,150.00626,22.375439,319.5065,233.48322,258.4346,178.22414
2002-05-02,81.916664,96.8629,150.4375,21.094736,316.4091,234.2282,257.87762,176.89081
2002-05-03,75.84722,98.82258,150.45625,21.926315,324.8052,227.73154,253.81012,165.35632
2002-05-04,70.43056,100.6371,147.3625,20.726316,320.93506,221.7718,248.94514,159.74713
2002-05-05,66.197914,98.73387,142.55,19.25965,316.0065,215.60403,244.74684,154.35632
2002-05-06,61.71875,99.104836,135.025,18.301754,300.987,208.87248,240.21097,147.71265
2002-05-07,57.604168,95.72581,129.8125,17.249123,293.16232,201.651,234.08017,141.86781
2002-05-08,55.447918,93.451614,126.81875,16.901754,286.54544,196.9463,230.61603,138.1954
2002-05-09,53.319443,90.95968,124.63125,16.31228,279.1948,193.49664,228.08017,134.65517
2002-05-10,52.024307,89.02419,122.78125,15.6,274.2078,188.98657,224.56119,132.22989
2002-05-11,51.11111,88.451614,121.3625,15.470176,274.1948,184.2953,220.85233,131.33908
2002-05-12,49.149307,102.22581,116.9,14.880702,269.5065,178.36913,216.72151,127.155174
2002-05-13,45.135418,99.29032,107.55625,13.333333,262.68182,170.22148,210.02531,119.02299
2002-05-14,40.711807,94.991936,95.5625,12.196491,251.06494,163.02014,200.17722,110.873566
2002-05-15,35.760418,92.40323,87.2,11.017544,254.7078,156.651,189.46835,102.31609
2002-05-16,32.163193,89.564514,82.69375,9.873684,244.0065,150.14764,184.48946,94.28161
2002-05-17,28.618055,85.96774,79.98125,8.635088,233.55194,142.79866,178.25739,84.36781
2002-05-18,24.76389,81.69355,76.01875,7.263158,220.38962,132.25504,171.41772,74.10919
2002-05-19,21.95486,78.104836,71.2375,6.4140353,206.30519,124.62416,164.32912,67.333336
2002-05-20,21.472221,77.26613,73.05625,8.550878,200.93506,119.845634,166.52321,66.37931
2002-05-21,27.934029,72.95968,81.95,8.077193,206.01299,135.10738,179.05486,76.954025
2002-05-22,29.020834,71.55645,82.95625,9.785965,210.7922,136.78523,177.82701,76.40804
2002-05-23,28.413195,72.370964,84.2875,7.814035,211.08441,132.71141,175.51054,78.56322
2002-05-24,23.055555,72.91129,87.94375,6.6807017,202.77272,124.10067,175.89873,71.10345
2002-05-25,21.288195,80.314514,73.99375,5.8385963,205.38312,121.75839,167.70886,63.563217
2002-05-26,18.493055,77.84677,69.5625,4.866667,192.5,115.26174,161.91983,55.551723
2002-05-27,15.173611,74.879036,65.075,4.2596493,177.03896,105.51007,156.94514,48.95977
2002-05-28,13.451389,72.854836,66.4125,3.740351,168.38312,94.67785,154.55696,43.833332
2002-05-29,12.715278,70.33064,62.06875,3.1298246,160.66234,87.2953,146.67088,37.867817
2002-05-30,9.84375,65.241936,54.80625,2.6035087,149.05194,80.120804,136.87764,29.724138
2002-05-31,7.1041665,69.1129,46.78125,2.091228,135.25325,62.315437,121.337555,23.655172
2002-06-01,4.9305553,66.07258,40.96875,1.6105263,124.28571,62.10067,113.64557,16.804598
2002-06-02,4.111111,63.685482,38.94375,1.477193,120.06493,57.543625,102.27426,12.471265
2002-06-03,3.4895833,62.217743,36.85,1.354386,116.844154,53.939598,96.08017,10.91954
2002-06-04,2.6666667,60.14516,33.85625,1.1789473,111.954544,48.489933,85.18987,9.373563
2002-06-05,1.7430556,56.532257,28.89375,0.9508772,103.25325,42.90604,81.894516,7.2988505
2002-06-06,0.9305556,49.48387,22.6125,0.67368424,91.66234,35.5302,72.38818,4.7988505
2002-06-07,0.5173611,43.16129,17.60625,0.4631579,80.85714,31.080538,64.35865,2.7988505
2002-06-08,0.27430555,39.024193,14.7,0.33684212,75.69481,27.825504,58.00422,1.6551725
2002-06-09,0.24305555,37.58871,14.04375,0.3017544,88.67532,27.114094,56.66245,1.3390805
2002-06-10,0.2361111,37.524193,13.63125,0.25614035,87.818184,27.100672,56.518986,1.2356322
2002-06-11,0.19791667,35.870968,12.71875,0.13333334,85.1039,26.275167,54.400845,0.82758623
2002-06-12,0.114583336,33.096775,11.3625,0.0,79.50649,24.315435,50.78903,0.40804598
2002-06-13,0.0,29.508064,9.6375,0.0,71.8961,21.389261,45.405064,0.09770115
2002-06-14,0.0,26.096775,8.34375,0.0,70.31169,21.09396,40.08439,0.0
2002-06-15,0.0,22.991936,6.9625,0.0,63.18182,18.463087,35.510548,0.0
2002-06-16,0.0,24.048388,5.45625,0.0,54.363636,15.563759,30.257383,0.0
2002-06-17,0.0,21.14516,4.01875,0.0,46.142857,12.194631,24.683544,0.0
2002-06-18,0.0,18.137096,3.4125,0.0,42.974026,10.322147,21.308018,0.0
2002-06-19,0.0,15.645162,2.725,0.0,36.94156,8.946309,18.79325,0.0
2002-06-20,0.0,13.596774,2.06875,0.0,31.954546,7.704698,16.396624,0.0
2002-06-21,0.0,12.185484,1.49375,0.0,28.16883,6.7181206,14.320675,0.0
2002-06-22,0.0,11.475806,1.15625,0.0,26.811687,6.0268455,13.063292,0.0
2002-06-23,0.0,10.620968,0.70625,0.0,25.01948,5.1208053,11.476793,0.0
2002-06-24,0.0,9.298388,0.40625,0.0,22.311687,3.966443,9.443038,0.0
2002-06-25,0.0,8.032258,0.18125,0.0,19.311687,2.6778524,7.1687765,0.0
2002-06-26,0.0,6.580645,0.0,0.0,15.785714,1.7785234,5.278481,0.0
2002-06-27,0.0,5.2580647,0.0,0.0,12.824676,1.1208054,3.7046413,0.0
2002-06-28,0.0,4.290323,0.0,0.0,10.448052,0.61744964,2.7510548,0.0
2002-06-29,0.0,3.6774194,0.0,0.0,7.9675326,0.30201343,1.8185654,0.0
2002-06-30,0.0,2.951613,0.0,0.0,5.7207794,0.0,0.8649789,0.0
2002-07-01,0.0,2.0,0.0,0.0,3.512987,0.0,0.2278481,0.0
2002-07-02,0.0,1.032258,0.0,0.0,2.0974026,0.0,0.0,0.0
2002-07-03,0.0,0.42741936,0.0,0.0,1.2402598,0.0,0.0,0.0
2002-07-04,0.0,0.024193548,0.0,0.0,0.74025977,0.0,0.0,0.0
2002-07-05,0.0,0.0,0.0,0.0,0.3961039,0.0,0.0,0.0
2002-07-06,0.0,0.0,0.0,0.0,0.064935066,0.0,0.0,0.0
2002-07-07,0.0,0.0,0.0,0.0,0.0,0.0,0.0,0.0
2002-07-08,0.0,0.0,0.0,0.0,0.0,0.0,0.0,0.0
2002-07-09,0.0,0.0,0.0,0.0,0.0,0.0,0.0,0.0
2002-07-10,0.0,0.0,0.0,0.0,0.0,0.0,0.0,0.0
2002-07-11,0.0,0.0,0.0,0.0,0.0,0.0,0.0,0.0
2002-07-12,0.0,0.0,0.0,0.0,0.0,0.0,0.0,0.0
2002-07-13,0.0,0.0,0.0,0.0,0.0,0.0,0.0,0.0
2002-07-14,0.0,0.0,0.0,0.0,0.0,0.0,0.0,0.0
2002-07-15,0.0,0.0,0.0,0.0,0.0,0.0,0.0,0.0
2002-07-16,0.0,0.0,0.0,0.0,0.0,0.0,0.0,0.0
2002-07-17,0.0,0.0,0.0,0.0,0.0,0.0,0.0,0.0
2002-07-18,0.0,0.0,0.0,0.0,0.0,0.0,0.0,0.0
2002-07-19,0.0,0.0,0.0,0.0,0.0,0.0,0.0,0.0
2002-07-20,0.0,0.0,0.0,0.0,0.0,0.0,0.0,0.0
2002-07-21,0.0,0.0,0.0,0.0,0.0,0.0,0.0,0.0
2002-07-22,0.0,0.0,0.0,0.0,0.0,0.0,0.0,0.0
2002-07-23,0.0,0.0,0.0,0.0,0.0,0.0,0.0,0.0
2002-07-24,0.0,0.0,0.0,0.0,0.0,0.0,0.0,0.0
2002-07-25,0.0,0.0,0.0,0.0,0.0,0.0,0.0,0.0
2002-07-26,0.0,0.0,0.0,0.0,0.0,0.0,0.0,0.0
2002-07-27,0.0,0.0,0.0,0.0,0.0,0.0,0.0,0.0
2002-07-28,0.0,0.0,0.0,0.0,0.0,0.0,0.0,0.0
2002-07-29,0.0,0.0,0.0,0.0,0.0,0.0,0.0,0.0
2002-07-30,0.0,0.0,0.0,0.0,0.0,0.0,0.0,0.0
2002-07-31,0.0,0.0,0.0,0.0,0.0,0.0,0.0,0.0
2002-08-01,0.0,0.0,0.0,0.0,0.0,0.0,0.0,0.0
2002-08-02,0.0,0.0,0.0,0.0,0.0,0.0,0.0,0.0
2002-08-03,0.0,0.0,0.0,0.0,0.0,0.0,0.0,0.0
2002-08-04,0.0,0.0,0.0,0.0,0.0,0.0,0.0,0.0
2002-08-05,0.0,0.0,0.0,0.0,0.0,0.0,0.0,0.0
2002-08-06,0.0,0.0,0.0,0.0,0.0,0.0,0.0,0.0
2002-08-07,0.0,0.0,0.0,0.0,0.0,0.0,0.0,0.0
2002-08-08,0.0,0.0,0.0,0.0,0.0,0.0,0.0,0.0
2002-08-09,0.0,0.0,0.0,0.0,0.0,0.0,0.0,0.0
2002-08-10,0.0,0.0,0.0,0.0,0.0,0.0,0.0,0.0
2002-08-11,0.0,0.0,0.0,0.0,0.0,0.0,0.0,0.0
2002-08-12,0.0,0.0,0.0,0.0,0.0,0.0,0.0,0.0
2002-08-13,0.0,0.0,0.0,0.0,0.0,0.0,0.0,0.0
2002-08-14,0.0,0.0,0.0,0.0,0.0,0.0,0.0,0.0
2002-08-15,0.0,0.0,0.0,0.0,0.0,0.0,0.0,0.0
2002-08-16,0.0,0.0,0.0,0.0,0.0,0.0,0.0,0.0
2002-08-17,0.0,0.0,0.0,0.0,0.0,0.0,0.0,0.0
2002-08-18,0.0,0.0,0.0,0.0,0.0,0.0,0.0,0.0
2002-08-19,0.0,0.0,0.0,0.0,0.0,0.0,0.0,0.0
2002-08-20,0.0,0.0,0.0,0.0,0.0,0.0,0.0,0.0
2002-08-21,0.0,0.0,0.0,0.0,0.0,0.0,0.0,0.0
2002-08-22,0.0,0.0,0.0,0.0,0.0,0.0,0.0,0.0
2002-08-23,0.0,0.0,0.0,0.0,0.0,0.0,0.0,0.0
2002-08-24,0.0,0.0,0.0,0.0,0.0,0.0,0.0,0.0
2002-08-25,0.0,0.0,0.0,0.0,0.0,0.0,0.0,0.0
2002-08-26,0.0,0.0,0.0,0.0,0.0,0.0,0.0,0.0
2002-08-27,0.0,0.0,0.0,0.0,0.0,0.0,0.0,0.0
2002-08-28,0.0,0.0,0.0,0.0,0.0,0.0,0.0,0.0
2002-08-29,0.0,0.0,0.0,0.0,0.0,0.0,0.0,0.0
2002-08-30,0.0,0.0,0.0,0.0,0.0,0.0,0.0,0.0
2002-08-31,0.0,0.0,0.0,0.0,0.0,0.0,0.0,0.0
2002-09-01,0.0,0.0,0.0,0.0,0.0,0.0,0.0,0.0
2002-09-02,0.0,0.0,0.0,0.0,0.0,0.0,0.0,0.0
2002-09-03,0.0,0.0,0.0,0.0,0.0,0.0,0.0,0.0
2002-09-04,0.0,0.0,0.0,0.0,0.0,0.0,0.0,0.0
2002-09-05,0.0,0.0,0.0,0.0,0.0,0.0,0.0,0.0
2002-09-06,0.0,0.0,0.0,0.0,0.0,0.0,0.0,0.0
2002-09-07,0.0,0.0,0.69375,0.0,2.5064936,0.4161074,1.8016877,0.0
2002-09-08,0.0,0.0,0.35,0.0,2.1948051,0.38255033,1.3122363,0.0
2002-09-09,0.0,0.0,0.04375,0.0,1.5714285,0.10738255,0.5021097,0.0
2002-09-10,0.0,0.0,0.0,0.0,0.19480519,0.0,0.033755273,0.0
2002-09-11,0.0,0.0,0.0,0.0,0.0,0.0,0.0,0.0
2002-09-12,0.0,0.0,0.0,0.0,0.0,0.0,0.0,0.0
2002-09-13,0.0,0.0,0.0,0.0,0.0,0.0,0.0,0.0
2002-09-14,0.0,0.0,0.0,0.0,0.0,0.0,0.0,0.0
2002-09-15,0.0,0.0,0.0,0.0,0.0,0.0,0.0,0.0
2002-09-16,0.0,0.0,0.0,0.0,0.0,0.0,0.0,0.0
2002-09-17,0.0,0.0,0.0,0.0,0.0,0.0,0.0,0.0
2002-09-18,0.0,0.0,0.0,0.0,0.0,0.0,0.0,0.0
2002-09-19,0.0,0.0,0.0,0.0,0.0,0.0,0.0,0.0
2002-09-20,0.0,0.0,0.0,0.0,0.0,0.0,0.0,0.0
2002-09-21,0.0,0.0,0.0,0.0,0.0,0.0,0.0,0.0
2002-09-22,0.0,0.0,0.0,0.0,0.0,0.0,0.0,0.0
2002-09-23,0.0,0.0,0.0,0.0,0.0,0.0,0.0,0.0
2002-09-24,0.0,0.0,0.0,0.0,0.0,0.0,0.0,0.0
2002-09-25,0.0,0.0,0.0,0.0,0.0,0.0,0.0,0.0
2002-09-26,0.0,0.0,0.0,0.0,0.0,0.0,0.0,0.0
2002-09-27,0.0,0.0,0.0,0.0,0.0,0.0,0.0,0.0
2002-09-28,0.0,0.0,0.0,0.0,0.0,0.0,0.0,0.0
2002-09-29,0.0,0.36290324,0.6125,0.0,1.0324675,0.12751678,0.57383966,0.0
2002-09-30,0.0,0.32258064,0.3,0.0,1.0064934,0.06711409,0.443038,0.0
2002-10-01,0.0,0.37903225,0.13125,0.0,1.0064934,0.046979867,0.27004218,0.0
2002-10-02,0.0,0.9919355,0.825,0.0,2.987013,0.17449665,0.9240506,0.0
2002-10-03,0.0034722222,0.9919355,1.00625,0.0,3.077922,0.16778524,0.9535865,0.0
2002-10-04,0.0,0.9354839,0.6625,0.0,2.6883116,0.10067114,0.6877637,0.0
2002-10-05,0.0,0.7903226,0.30625,0.0,2.6818182,0.08053691,0.4177215,0.0
2002-10-06,0.0,0.7258065,0.06875,0.0,2.2337663,0.013422819,0.18565401,0.0
2002-10-07,0.0,0.46774194,0.0,0.0,0.72077924,0.0,0.012658228,0.0
2002-10-08,0.0,0.12096774,0.0,0.0,0.019480519,0.0,0.0,0.0
2002-10-09,0.0,0.0,0.0,0.0,0.0,0.0,0.0,0.0
2002-10-10,0.0,0.0,0.0,0.0,0.0,0.0,0.0,0.0
2002-10-11,0.0,0.0,0.0,0.0,0.0,0.0,0.0,0.0
2002-10-12,0.0,0.0,0.0,0.0,0.0,0.0,0.0,0.0
2002-10-13,0.0,0.0,0.0,0.0,0.0,0.0,0.0,0.0
2002-10-14,0.0,0.0,0.0,0.0,0.0,0.0,0.0,0.0
2002-10-15,0.0,0.0,0.0,0.0,0.0,0.0,0.0,0.0
2002-10-16,0.0,0.0,0.0,0.0,0.0,0.0,0.0,0.0
2002-10-17,0.0,0.0,0.0,0.0,0.0,0.0,0.0,0.0
2002-10-18,0.0,0.0,0.0,0.0,0.0,0.0,0.0,0.0
2002-10-19,0.0,0.0,0.0,0.0,0.0,0.0,0.0,0.0
2002-10-20,0.0,0.0,0.0,0.0,0.0,0.0,0.0,0.0
2002-10-21,0.0,0.0,0.0,0.0,0.0,0.0,0.0,0.0
2002-10-22,0.0,0.0,0.0,0.0,0.0,0.0,0.008438818,0.0
2002-10-23,0.0,0.0,0.0,0.0,0.0,0.0,0.004219409,0.0
2002-10-24,0.0,0.0,0.0,0.0,0.0,0.0,0.008438818,0.0
2002-10-25,0.0,0.0,0.0,0.0,0.0,0.0,0.008438818,0.0
2002-10-26,0.0,0.0,0.0,0.0,0.0,0.10738255,0.07594936,0.0
2002-10-27,0.0,0.0,0.0,0.0,0.0,0.093959734,0.07594936,0.0
2002-10-28,0.0,0.0,0.0,0.0,0.0,0.087248325,0.080168776,0.0
2002-10-29,0.0,0.0,0.0,0.0,0.0,0.08053691,0.101265825,0.0
2002-10-30,0.0,0.0,0.0,0.0,0.0,0.08053691,0.101265825,0.0
2002-10-31,0.0,0.0,0.0,0.0,0.0,0.0738255,0.09704641,0.0
2002-11-01,0.0,0.0,0.0,0.0,0.0,0.0738255,0.088607594,0.0
2002-11-02,0.0,0.0,0.0,0.0,0.0,0.0738255,0.10970464,0.0
2002-11-03,0.0,0.0,0.0,0.0,0.0064935065,0.0738255,0.14345992,0.0
2002-11-04,0.0,0.0,0.0,0.0,0.0064935065,0.0738255,0.14345992,0.0
2002-11-05,0.0,0.0,0.04375,0.0,0.16233766,0.060402684,0.62025315,0.0
2002-11-06,0.0,0.0,0.06875,0.0,0.33116883,0.033557046,0.9409283,0.0
2002-11-07,0.0,0.8064516,0.4,0.01754386,4.603896,0.040268455,1.6919831,0.0
2002-11-08,8.5625,22.467741,28.08125,1.8596492,55.863636,17.221476,25.523207,16.183908
2002-11-09,17.166666,69.379036,41.20625,3.8350878,103.11039,38.778522,48.94093,23.672413
2002-11-10,22.32639,79.46774,42.5,8.245614,104.6039,46.838924,55.734177,31.114943
2002-11-11,33.28125,78.120964,43.275,13.249123,105.012985,53.167786,59.27426,47.632183
2002-11-12,32.305557,78.3871,42.49375,11.6947365,105.52597,53.19463,59.451477,44.252872
2002-11-13,31.14236,77.27419,42.5,9.922807,104.3961,52.731544,60.83544,42.95977
2002-11-14,31.159721,76.96774,42.1625,8.775438,102.097404,52.328857,60.92827,47.902298
2002-11-15,30.131945,76.51613,41.45,7.908772,100.97403,51.37584,60.55696,46.04023
2002-11-16,28.541666,76.104836,41.20625,6.4070177,100.42208,50.449665,60.468353,47.61494
2002-11-17,27.850695,75.41936,42.55,5.8245616,99.61039,49.731544,60.43882,46.063217
2002-11-18,27.09375,75.1129,43.2375,5.6070175,100.155846,49.355705,60.316456,45.08046
2002-11-19,25.940971,74.451614,43.575,5.0245614,102.51948,48.798656,59.848103,44.028736
2002-11-20,24.465279,73.44355,43.89375,3.954386,103.31169,48.167786,58.56118,41.666668
2002-11-21,22.8125,71.66129,42.3875,3.0245614,99.99351,47.046978,56.603374,38.689655
2002-11-22,19.979166,70.07258,40.26875,2.259649,97.233765,46.409397,55.20253,36.143677
2002-11-23,20.14236,69.435486,39.28125,2.0947368,96.32468,46.919464,54.552742,34.367817
2002-11-24,19.534721,69.33064,38.925,1.8070176,96.16234,46.697987,54.130802,33.166668
2002-11-25,19.14236,69.04032,38.5,1.708772,95.844154,46.214764,53.873417,32.103447
2002-11-26,18.802084,68.98387,38.2,1.6771929,95.66883,46.27517,53.818565,31.908047
2002-11-27,18.385416,68.83871,37.6875,1.4701754,95.32468,46.322147,53.7173,30.609196
2002-11-28,18.0,68.58871,37.05,1.291228,94.844154,46.134228,53.42616,29.333334
2002-11-29,17.48611,68.23387,36.3375,1.0596491,94.25974,45.872482,53.042194,27.913794
2002-11-30,17.01389,68.1371,35.94375,0.9052632,93.876625,45.610737,52.831223,26.672413
2002-12-01,16.89236,68.564514,35.425,0.8596491,89.66234,45.610737,52.253166,26.52299
2002-12-02,16.774305,67.741936,35.4,0.81754386,90.07143,45.56376,52.248943,26.287355
2002-12-03,16.54861,68.01613,36.55625,0.75789475,92.94156,45.516777,52.113926,25.701149
2002-12-04,16.17361,67.564514,36.675,0.75438595,92.33766,45.389263,52.109703,24.95977
2002-12-05,15.690972,67.1129,36.4125,0.68421054,92.14286,44.99329,52.033756,23.816092
2002-12-06,15.336805,68.44355,36.0,0.58947366,91.74675,44.765102,51.80591,22.775862
2002-12-07,15.131945,68.3629,35.9375,0.54035085,91.67532,44.604027,51.80169,22.281609
2002-12-08,14.954861,68.314514,35.81875,0.50526315,91.64935,44.577183,51.687763,21.821838
2002-12-09,14.621528,68.07258,35.66875,0.4877193,91.47403,44.295303,51.658226,21.155172
2002-12-10,15.256945,68.02419,35.7125,1.6947368,91.44805,44.885906,52.168777,23.908047
2002-12-11,14.798611,68.0,34.4625,2.0807018,88.92208,45.66443,51.793247,27.448277
2002-12-12,15.395833,67.879036,35.7375,2.0210526,91.402596,45.4698,52.21097,27.735632
2002-12-13,15.701389,68.01613,36.65,2.9824562,92.09091,45.422817,53.172997,29.804598
2002-12-14,28.416666,67.895164,56.9375,10.982456,102.58442,56.47651,66.978905,42.11494
2002-12-15,38.70139,69.548386,72.5625,23.487719,124.47403,78.94631,84.72574,62.344826
2002-12-16,50.38889,71.201614,90.96875,46.5193,146.61038,94.94631,100.12658,83.833336
2002-12-17,76.833336,107.71774,123.60625,63.021053,198.24026,143.33557,137.57806,103.41954
2002-12-18,89.94097,118.83064,138.25,68.67368,216.35065,161.83893,152.02954,116.35632
2002-12-19,91.16319,128.17741,139.6625,75.84561,219.02597,164.44966,153.21097,117.94827
2002-12-20,102.71181,154.16936,156.43124,87.18597,247.52597,184.79866,177.01266,130.35057
2002-12-21,112.201385,163.26613,161.33125,95.26667,251.2987,195.69798,186.1308,159.2931
2002-12-22,117.298615,163.78226,158.31876,102.97544,251.62987,197.98657,187.18565,158.06322
2002-12-23,117.56597,164.1371,158.4875,102.82807,251.83766,198.30202,187.346,157.83333
2002-12-24,117.479164,165.01613,158.75,103.8,252.40909,198.52348,187.46414,167.5747
2002-12-25,117.58681,165.58064,158.99374,105.361404,252.57143,198.32214,187.44725,167.35057
2002-12-26,118.03819,167.31451,159.03125,105.073685,252.31818,199.77852,188.05486,160.48276
2002-12-27,119.81944,167.24193,162.03125,116.72281,252.93506,203.71812,190.75105,169.65517
2002-12-28,120.03472,166.3629,162.225,133.9579,252.67532,203.54362,190.89452,176.62643
2002-12-29,134.0243,169.08871,183.8125,147.36842,283.2857,219.9463,216.81012,199.25862
2002-12-30,141.06598,179.37097,186.9125,159.93333,289.9091,227.52348,222.48946,210.13792
2002-12-31,150.55208,184.07259,199.45625,189.46666,313.98053,240.4698,236.51898,212.05746
2003-01-01,160.94444,189.21774,203.28125,176.9193,321.04544,239.57047,240.54008,245.51149
2003-01-02,162.86458,189.25807,202.7125,179.2,320.987,241.61745,240.22784,239.88506
2003-01-03,161.49306,187.82259,203.66875,191.04912,321.17532,240.12752,240.18565,237.77586
2003-01-04,158.63889,185.81451,206.7125,178.90877,320.25974,237.50336,237.09283,237.72414
2003-01-05,155.98611,183.91129,202.2625,174.54736,318.25323,235.48993,234.08017,224.0977
2003-01-06,153.40973,188.45967,203.0625,171.35439,317.76624,234.16107,232.3502,219.31609
2003-01-07,150.75348,186.79839,201.3625,169.01404,316.12988,232.57718,229.16455,211.87357
2003-01-08,147.52777,184.48387,200.90625,166.96841,314.9091,239.27516,225.67088,209.08621
2003-01-09,145.50348,184.18549,198.74374,164.66667,313.43506,228.85236,223.17722,218.90805
2003-01-10,147.88194,186.37097,203.46875,167.37193,319.73376,232.91946,227.2827,223.20116
2003-01-11,149.49306,189.75807,207.5875,185.04561,328.987,234.75839,232.29536,220.6954
2003-01-12,149.45139,187.49193,206.28125,180.49825,328.9221,234.93289,231.70464,223.06322
2003-01-13,148.05556,185.1371,206.6875,172.06667,329.4221,234.10068,230.2827,223.27586
2003-01-14,146.07292,181.54033,205.83125,168.46666,328.2922,233.24161,228.81012,220.78162
2003-01-15,145.2257,180.51613,205.375,166.9649,327.88962,234.43625,227.94514,221.36208
2003-01-16,143.46527,178.54839,204.4375,165.60703,327.10388,233.34229,226.31224,218.71838
2003-01-17,139.94444,174.49193,196.14375,160.6807,326.47403,231.33557,222.38397,222.91379
2003-01-18,137.37152,169.99193,193.0125,156.90175,324.62338,229.14095,219.13503,206.18965
2003-01-19,133.40625,167.28226,190.46875,152.80702,322.8052,227.25504,216.5443,235.88506
2003-01-20,132.375,164.95967,188.49374,147.5614,321.55194,225.42953,214.83122,235.03448
2003-01-21,131.13194,163.23387,193.4375,143.44211,320.32468,224.349,214.6498,230.41379
2003-01-22,131.43402,162.20967,186.2875,140.00351,319.56494,223.98657,212.60759,214.54024
2003-01-23,130.90277,160.49193,191.39375,139.38948,317.87012,223.08054,212.76793,216.86781
2003-01-24,131.65277,159.54839,190.23125,137.31229,319.0844,221.54362,211.41772,225.76437
2003-01-25,130.36111,158.50807,189.1125,135.79298,317.77924,220.63087,210.70464,230.8793
2003-01-26,128.67708,157.20161,188.8625,130.74387,316.0779,218.73825,208.96202,227.71265
2003-01-27,123.545135,155.08064,180.5,125.8421,312.52597,215.83893,206.38397,224.477
2003-01-28,122.170135,154.55646,178.11874,119.15439,309.81818,215.19463,206.14767,208.54024
2003-01-29,120.861115,154.20161,177.08125,117.0807,308.513,213.91275,205.29114,221.82184
2003-01-30,118.482635,153.49193,175.54375,112.40351,306.38312,212.31543,203.96625,218.9253
2003-01-31,115.260414,152.40323,173.4375,108.10175,302.77274,209.92618,202.346,210.35057
2003-02-01,111.28819,148.83871,169.4625,96.936844,305.63635,215.25504,201.8692,202.1207
2003-02-02,112.89931,146.48387,169.725,101.53684,305.87662,216.63087,203.1519,210.523
2003-02-03,114.420135,146.67741,169.61874,99.12982,305.87012,217.4161,203.46414,211.31609
2003-02-04,113.8125,146.66129,169.19376,100.51579,305.44156,217.44966,203.17722,210.77011
2003-02-05,114.28819,146.50807,169.14375,99.40702,305.06494,217.44966,203.08438,210.37357
2003-02-06,112.791664,146.42741,169.00626,99.73684,305.06494,217.43625,202.89029,210.6954
2003-02-07,112.63194,146.56451,168.89375,99.954384,305.06494,217.51678,202.86497,222.16092
2003-02-08,112.65625,146.54839,168.80624,104.045616,305.07144,217.63759,202.92827,206.44827
2003-02-09,112.69444,146.82259,168.7,100.1193,305.10388,217.62416,202.90717,210.63219
2003-02-10,112.25,146.78226,168.65625,98.10877,305.0974,217.55705,202.87764,207.38506
2003-02-11,110.87847,146.75807,167.6125,92.94035,304.17532,215.84564,202.04219,208.25287
2003-02-12,109.864586,149.98387,166.79375,88.29474,303.6948,215.32214,201.86497,205.77011
2003-02-13,109.59375,166.9758,171.725,90.98245,321.7987,216.18121,204.69199,185.26437
2003-02-14,110.895836,170.64516,176.25626,88.908775,328.35065,219.7047,209.91139,192.40805
2003-02-15,109.62153,170.7258,175.25,86.46667,327.51947,219.12752,209.10548,196.56897
2003-02-16,111.1875,171.78226,179.49374,113.55438,336.68182,221.43625,214.65823,199.4023
2003-02-17,117.75347,173.87903,182.45,103.6,339.48053,224.7047,217.84389,220.14368
2003-02-18,118.364586,175.67741,182.5,103.25263,339.46753,225.36913,218.18988,228.33908
2003-02-19,119.56597,177.25,181.2125,113.44562,338.88962,226.80537,218.66245,218.32184
2003-02-20,123.87847,178.35484,184.725,116.0,345.5779,231.04027,222.08438,226.82759
2003-02-21,122.489586,180.34677,184.9875,111.72281,345.31818,230.40268,220.9789,230.33333
2003-02-22,121.25347,179.08064,183.75,110.14035,345.15585,229.91275,220.32912,232.63792
2003-02-23,117.90972,178.15323,182.0,109.02807,342.61038,229.00671,219.81857,215.47127
2003-02-24,115.923615,177.41129,181.38126,105.24561,341.9221,227.90604,219.26582,216.48851
2003-02-25,116.37153,180.60484,184.0875,105.45263,346.85065,229.97986,222.83966,226.37357
2003-02-26,117.295135,182.85484,186.36874,105.24912,350.96753,230.87248,225.4979,215.5747
2003-02-27,121.85069,190.01613,180.99374,95.8,361.37012,233.24832,227.09705,206.04024
2003-02-28,124.69444,196.94354,191.8375,94.02456,364.4156,235.14095,229.35443,233.01149
2003-03-01,125.666664,200.45161,192.59375,96.13333,354.27274,236.01343,227.61603,201.67241
2003-03-02,123.826385,200.90323,192.66875,103.83509,352.47403,236.90604,228.28693,222.54024
2003-03-03,122.486115,202.08871,192.31876,108.60351,352.6948,236.08054,227.654,221.86208
2003-03-04,121.78819,202.37097,194.375,106.60351,357.46753,236.56375,228.71307,221.08621
2003-03-05,122.548615,203.68549,193.81876,98.79649,357.5844,236.36241,229.3671,209.53448
2003-03-06,122.125,203.15323,192.53125,95.375435,356.33118,236.36913,228.80591,199.70116
2003-03-07,119.326385,201.26613,193.30624,93.50877,355.67532,235.71141,228.03375,203.91379
2003-03-08,118.55556,198.54839,192.1625,96.48772,354.31818,234.19463,227.09705,207.71265
2003-03-09,114.78472,194.54033,188.9875,95.08421,349.81818,231.61073,225.8692,195.48851
2003-03-10,112.37153,190.6371,187.01875,96.73333,347.4221,229.06711,224.33755,195.68391
2003-03-11,111.62153,188.1129,185.04375,87.8421,344.9156,226.10738,222.91139,195.83908
2003-03-12,108.232635,186.28226,183.125,90.99298,343.51947,222.2282,221.21097,193.39081
2003-03-13,102.482635,183.31451,181.10625,96.58947,339.54544,217.98657,219.654,186.13219
2003-03-14,99.56944,178.56451,178.93124,85.12281,336.17532,214.45638,217.87341,197.91379
2003-03-15,98.78125,180.03226,194.11874,89.77544,349.77274,219.33557,227.61182,197.45403
2003-03-16,108.079865,202.21774,204.275,93.12281,375.27924,237.91946,242.51477,191.64943
2003-03-17,110.420135,208.83064,206.73125,101.929825,377.62338,240.31543,244.44304,203.10345
2003-03-18,110.97569,215.16129,207.075,92.46316,381.0065,244.74496,246.31224,200.11494
2003-03-19,111.388885,218.2742,207.1125,92.08772,381.0065,246.89932,246.8692,202.10919
2003-03-20,111.204865,218.23387,207.16875,92.69123,381.39612,246.31543,246.72574,215.31035
2003-03-21,112.1875,217.2742,206.60625,91.494736,380.18832,245.80537,246.27426,229.523
2003-03-22,106.44097,216.83871,204.275,88.60351,378.81818,241.91946,244.37975,226.77586
2003-03-23,104.260414,214.5242,201.55,87.38596,373.7013,236.91275,242.43881,208.09195
2003-03-24,105.229164,208.03226,202.76875,87.41403,373.66232,236.74496,244.10971,210.31609
2003-03-25,102.15625,210.75,201.76875,85.84912,371.86365,234.16107,243.29114,204.34483
2003-03-26,99.81597,206.23387,199.4125,83.09824,369.67532,230.42282,241.45992,200.04024
2003-03-27,100.99306,202.8871,199.6625,83.17544,367.7013,230.81879,242.9789,200.0
2003-03-28,100.18056,200.9758,199.09375,82.72632,367.34415,230.48993,242.42616,212.78162
2003-03-29,100.666664,198.84677,198.44376,81.70526,366.2922,230.06041,241.81857,217.35057
2003-03-30,97.47569,196.94354,196.0625,76.86316,362.47403,226.62416,239.5654,195.06897
2003-03-31,91.885414,192.90323,191.98125,71.045616,354.65585,220.24161,235.72574,199.84483
2003-04-01,87.732635,188.45967,188.55,66.42807,361.5974,214.49664,234.54008,194.89655
2003-04-02,93.62153,189.65323,199.9375,87.32983,373.44806,226.81879,247.19832,202.63219
2003-04-03,104.416664,200.08871,215.01875,80.28421,391.3052,241.8792,262.39664,216.73563
2003-04-04,114.90625,204.99193,219.11874,92.13684,393.83768,251.28859,269.29114,227.44827
2003-04-05,125.3125,202.29033,223.83125,84.46316,404.4026,263.14764,275.55273,239.75862
2003-04-06,127.638885,207.01613,225.6125,84.60702,404.66882,265.86578,273.74683,235.4253
2003-04-07,127.572914,206.05646,225.58125,83.59298,403.93506,265.24832,274.9114,252.6207
2003-04-08,124.954865,203.95967,220.5375,81.67719,402.35715,260.2349,271.51898,232.9023
2003-04-09,109.35069,195.45967,215.0125,76.55789,391.75974,249.14764,265.31647,222.7931
2003-04-10,98.579865,194.32259,205.21875,72.635086,381.60388,238.55705,257.87762,207.77586
2003-04-11,95.49653,191.66129,202.85625,63.04912,374.63635,233.92618,254.55275,226.2931
2003-04-12,92.548615,186.92741,201.01875,64.2421,373.85065,230.7718,252.64557,202.94254
2003-04-13,109.15278,186.33064,224.55624,110.7193,388.74026,249.5302,272.63715,249.93678
2003-04-14,135.20139,196.45967,252.84375,110.99298,430.9221,281.37582,306.3291,272.01724
2003-04-15,139.30556,210.54839,250.41875,104.063156,436.98053,295.2819,305.9114,261.18967
2003-04-16,139.61806,213.37097,255.70625,105.29474,438.2857,297.55704,309.7342,268.86783
2003-04-17,139.78125,213.01613,256.65,112.72983,440.66232,299.90604,310.9578,268.56897
2003-04-18,140.87848,211.58064,257.51874,100.498245,447.0909,302.31543,314.72995,267.1954
2003-04-19,140.94444,212.7258,257.91876,89.81754,448.38962,302.79193,314.81012,276.35632
2003-04-20,138.51736,212.98387,257.05624,87.19649,449.18832,301.89932,313.61603,247.54597
2003-04-21,134.65277,211.58064,258.775,87.27017,450.61038,301.08054,313.3924,246.68391
2003-04-22,139.32292,217.98387,266.00626,88.08772,466.33768,308.26175,322.40506,248.63219
2003-04-23,140.06598,220.1129,275.075,77.80351,463.60388,309.68457,323.7384,268.48276
2003-04-24,137.25694,219.6129,274.09375,84.635086,463.4156,307.94632,322.08438,248.81609
2003-04-25,149.9618,215.95967,274.35,98.96842,466.84415,315.4094,328.59073,290.2299
2003-04-26,162.05902,213.55646,275.10626,113.635086,464.53897,325.77853,333.1266,309.36783
2003-04-27,167.63194,210.58871,274.6375,107.30877,465.12338,330.97986,333.40927,289.88507
2003-04-28,166.9618,205.26613,278.775,106.23158,468.27924,334.22818,339.01688,310.88507
2003-04-29,172.5625,206.78226,282.41876,105.38947,470.74677,339.97314,342.2363,303.6954
2003-04-30,176.67708,206.1371,283.04376,110.31228,470.61688,340.7181,343.31647,302.61493
2003-05-01,174.21875,204.83871,281.89374,99.31228,473.03897,341.5235,343.72574,297.2069
2003-05-02,167.40625,202.1129,280.49374,98.91579,465.5779,340.18793,342.9367,316.0115
2003-05-03,166.50348,214.43549,284.15625,99.98596,475.013,338.698,346.05484,270.22415
2003-05-04,167.97917,227.16129,292.93124,102.55438,491.18832,344.27518,352.3713,273.71265
2003-05-05,168.21527,232.58871,295.325,110.27719,489.55194,348.73154,356.308,289.73563
2003-05-06,168.07292,227.50807,294.4875,108.19649,492.65585,347.26175,356.4388,293.44827
2003-05-07,162.54167,225.1371,294.25,107.03509,491.53897,344.61746,356.09283,307.09195
2003-05-08,162.4132,226.91936,298.13126,98.87719,493.34415,345.2416,360.44727,288.6494
2003-05-09,174.78473,233.01613,301.7125,125.72281,508.34415,353.651,365.38818,307.3506
2003-05-10,175.93056,236.33064,305.475,111.71579,505.96103,367.08054,369.21518,328.8161
2003-05-11,171.51042,234.19354,304.125,99.00702,500.38962,363.38254,366.51056,295.38507
2003-05-12,163.73264,227.92741,300.93124,94.80351,498.15585,356.0067,362.7595,283.48276
2003-05-13,151.65973,218.68549,291.51874,88.95789,483.8052,345.40268,356.16876,278.1207
2003-05-14,141.00348,215.00807,282.54376,81.57895,469.04544,330.67114,348.91562,272.2414
2003-05-15,132.85417,210.3629,278.9375,83.2,465.5909,318.77182,344.8017,288.31033
2003-05-16,126.888885,203.99193,272.475,71.37193,457.55194,311.4765,337.96625,280.17242
2003-05-17,120.74653,197.07259,265.65625,74.192986,448.37662,304.19464,332.65823,263.36206
2003-05-18,113.013885,192.31451,260.6375,71.57544,440.44156,297.2953,329.0,255.31609
2003-05-19,104.791664,188.04033,254.9375,69.31579,432.31818,291.2819,324.70465,247.74713
2003-05-20,98.52431,181.98387,247.18124,74.9614,412.92856,283.77182,319.75107,237.91379
2003-05-21,91.326385,174.96774,236.6,68.31228,394.04544,273.1678,312.88187,224.76437
2003-05-22,82.39931,169.31451,224.775,60.63158,374.47403,261.38925,304.55698,207.05746
2003-05-23,73.010414,159.57259,211.675,52.175438,355.82468,243.75839,293.05484,182.48851
2003-05-24,63.79514,149.68549,197.49374,45.22456,335.10388,222.57047,278.66666,162.24713
2003-05-25,56.336807,141.89516,186.16875,41.05965,333.22726,209.11409,257.01266,146.87357
2003-05-26,52.48264,136.10484,180.1375,38.97193,319.81818,199.93959,248.57384,137.91379
2003-05-27,47.51736,128.41936,171.1375,36.34737,302.15585,189.46309,238.13924,131.14943
2003-05-28,39.45486,121.77419,153.625,32.27719,277.83768,171.7718,221.14346,111.08046
2003-05-29,31.39236,107.33064,108.85625,27.631578,235.9935,152.67114,197.85233,88.17242
2003-05-30,24.458334,96.98387,98.55625,24.950878,220.77272,134.46309,180.95781,73.24138
2003-05-31,19.836805,90.75,92.0125,23.31579,205.14285,124.22147,169.48102,62.971264
2003-06-01,16.70139,79.048386,84.90625,21.322807,191.73376,113.73826,157.48523,54.775864
2003-06-02,13.409722,66.42742,81.48125,18.631578,175.45454,101.10067,147.9367,44.71839
2003-06-03,9.75,73.80645,71.39375,16.150877,153.37662,77.71141,128.13503,35.58046
2003-06-04,6.3055553,65.870964,61.6875,13.2421055,133.27272,66.919464,104.40929,26.04023
2003-06-05,3.6840277,59.080647,52.54375,10.663157,113.66234,57.05369,92.257385,20.402298
2003-06-06,1.9722222,52.69355,44.73125,8.77193,91.98052,48.65772,75.223625,12.821839
2003-06-07,0.9583333,47.153225,37.69375,7.5333333,79.681816,40.402683,63.83544,10.063218
2003-06-08,0.23958333,42.032257,30.2625,6.3649125,67.402596,35.5302,55.41772,7.4367814
2003-06-09,0.0,37.23387,23.08125,5.508772,56.46104,26.919462,47.55696,5.172414
2003-06-10,0.0,33.14516,19.01875,4.9754386,45.844154,23.04698,42.66245,3.6436782
2003-06-11,0.0,31.217741,16.35,4.631579,39.20779,20.073826,38.514767,2.3735633
2003-06-12,0.0,29.798388,14.5125,4.340351,32.376625,16.966442,34.43882,1.3563218
2003-06-13,0.0,28.725807,13.0125,4.0877194,30.51948,15.033557,31.578058,0.7816092
2003-06-14,0.0,30.89516,11.53125,3.8140352,30.227272,13.550336,28.742617,0.55172414
2003-06-15,0.0,27.798388,9.39375,3.4421053,25.98052,11.402684,24.864979,0.33908045
2003-06-16,0.0,24.75,8.04375,2.9649122,21.441559,9.2348995,21.687763,0.05172414
2003-06-17,0.0,21.733871,6.7375,2.3298244,16.33117,7.2550335,17.729958,0.0
2003-06-18,0.0,18.548388,5.5,2.014035,11.38961,5.09396,13.801688,0.0
2003-06-19,0.0,16.741936,4.73125,1.8245614,8.584415,4.080537,11.405064,0.0
2003-06-20,0.0,15.935484,4.30625,1.6631579,7.694805,3.590604,10.177216,0.0
2003-06-21,0.0,15.42742,4.01875,1.5298246,7.2272725,3.2885907,9.438819,0.0
2003-06-22,0.0,14.967742,3.75,1.4070176,6.7922077,2.95302,8.679325,0.0
2003-06-23,0.0,14.419354,3.4375,1.291228,6.337662,2.6442952,8.029536,0.0
2003-06-24,0.0,14.217742,3.2,1.1929824,6.2922077,2.6040268,7.9409285,0.0
2003-06-25,0.0,13.943548,3.15625,1.0561403,6.0064936,2.422819,7.506329,0.0
2003-06-26,0.0,12.58871,2.475,0.82807016,4.8311687,1.9597316,6.185654,0.0
2003-06-27,0.0,10.4838705,1.625,0.522807,3.448052,1.2751678,4.3459916,0.0
2003-06-28,0.0,8.330646,0.95625,0.17894737,2.2272727,0.6912752,2.987342,0.0
2003-06-29,0.0,6.475806,0.25,0.0,1.0714285,0.31543624,1.8059071,0.0
2003-06-30,0.0,5.129032,0.0,0.0,0.43506494,0.093959734,1.1265823,0.0
2003-07-01,0.0,4.298387,0.0,0.0,0.18831168,0.0,0.73417723,0.0
2003-07-02,0.0,3.5887096,0.0,0.0,0.045454547,0.0,0.48523206,0.0
2003-07-03,0.0,3.0080645,0.0,0.0,0.0,0.0,0.21940929,0.0
2003-07-04,0.0,2.403226,0.0,0.0,0.0,0.0,0.03797468,0.0
2003-07-05,0.0,1.6370968,0.0,0.0,0.0,0.0,0.0,0.0
2003-07-06,0.0,0.983871,0.0,0.0,0.0,0.0,0.0,0.0
2003-07-07,0.0,0.733871,0.0,0.0,0.0,0.0,0.0,0.0
2003-07-08,0.0,0.5645161,0.0,0.0,0.0,0.0,0.0,0.0
2003-07-09,0.0,0.37096775,0.0,0.0,0.0,0.0,0.0,0.0
2003-07-10,0.0,0.06451613,0.0,0.0,0.0,0.0,0.0,0.0
2003-07-11,0.0,0.0,0.0,0.0,0.0,0.0,0.0,0.0
2003-07-12,0.0,0.0,0.0,0.0,0.0,0.0,0.0,0.0
2003-07-13,0.0,0.0,0.0,0.0,0.0,0.0,0.0,0.0
2003-07-14,0.0,0.0,0.0,0.0,0.0,0.0,0.0,0.0
2003-07-15,0.0,0.0,0.0,0.0,0.0,0.0,0.0,0.0
2003-07-16,0.0,0.0,0.0,0.0,0.0,0.0,0.0,0.0
2003-07-17,0.0,0.0,0.0,0.0,0.0,0.0,0.0,0.0
2003-07-18,0.0,0.0,0.0,0.0,0.0,0.0,0.0,0.0
2003-07-19,0.0,0.0,0.0,0.0,0.0,0.0,0.0,0.0
2003-07-20,0.0,0.0,0.0,0.0,0.0,0.0,0.0,0.0
2003-07-21,0.0,0.0,0.0,0.0,0.0,0.0,0.0,0.0
2003-07-22,0.0,0.0,0.0,0.0,0.0,0.0,0.0,0.0
2003-07-23,0.0,0.0,0.0,0.0,0.0,0.0,0.0,0.0
2003-07-24,0.0,0.0,0.0,0.0,0.0,0.0,0.0,0.0
2003-07-25,0.0,0.0,0.0,0.0,0.0,0.0,0.0,0.0
2003-07-26,0.0,0.0,0.0,0.0,0.0,0.0,0.0,0.0
2003-07-27,0.0,0.0,0.0,0.0,0.0,0.0,0.0,0.0
2003-07-28,0.0,0.0,0.0,0.0,0.0,0.0,0.0,0.0
2003-07-29,0.0,0.0,0.0,0.0,0.0,0.0,0.0,0.0
2003-07-30,0.0,0.0,0.0,0.0,0.0,0.0,0.0,0.0
2003-07-31,0.0,0.0,0.0,0.0,0.0,0.0,0.0,0.0
2003-08-01,0.0,0.0,0.0,0.0,0.0,0.0,0.0,0.0
2003-08-02,0.0,0.0,0.0,0.0,0.0,0.0,0.0,0.0
2003-08-03,0.0,0.0,0.0,0.0,0.0,0.0,0.0,0.0
2003-08-04,0.0,0.0,0.0,0.0,0.0,0.0,0.0,0.0
2003-08-05,0.0,0.0,0.0,0.0,0.0,0.0,0.0,0.0
2003-08-06,0.0,0.0,0.0,0.0,0.0,0.0,0.0,0.0
2003-08-07,0.0,0.0,0.0,0.0,0.0,0.0,0.0,0.0
2003-08-08,0.0,0.0,0.0,0.0,0.0,0.0,0.0,0.0
2003-08-09,0.0,0.0,0.0,0.0,0.0,0.0,0.0,0.0
2003-08-10,0.0,0.0,0.0,0.0,0.0,0.0,0.0,0.0
2003-08-11,0.0,0.0,0.0,0.0,0.0,0.0,0.0,0.0
2003-08-12,0.0,0.0,0.0,0.0,0.0,0.0,0.0,0.0
2003-08-13,0.0,0.0,0.0,0.0,0.0,0.0,0.0,0.0
2003-08-14,0.0,0.0,0.0,0.0,0.0,0.0,0.0,0.0
2003-08-15,0.0,0.0,0.0,0.0,0.0,0.0,0.0,0.0
2003-08-16,0.0,0.0,0.0,0.0,0.0,0.0,0.0,0.0
2003-08-17,0.0,0.0,0.0,0.0,0.0,0.0,0.0,0.0
2003-08-18,0.0,0.0,0.0,0.0,0.0,0.0,0.0,0.0
2003-08-19,0.0,0.0,0.0,0.0,0.0,0.0,0.0,0.0
2003-08-20,0.0,0.0,0.0,0.0,0.0,0.0,0.0,0.0
2003-08-21,0.0,0.0,0.0,0.0,0.0,0.0,0.0,0.0
2003-08-22,0.0,0.0,0.0,0.0,0.0,0.0,0.0,0.0
2003-08-23,0.0,0.0,0.0,0.0,0.0,0.0,0.0,0.0
2003-08-24,0.0,0.0,0.0,0.0,0.0,0.0,0.0,0.0
2003-08-25,0.0,0.0,0.0,0.0,0.0,0.0,0.0,0.0
2003-08-26,0.0,0.0,0.0,0.0,0.0,0.0,0.0,0.0
2003-08-27,0.0,0.0,0.0,0.0,0.0,0.0,0.0,0.0
2003-08-28,0.0,0.0,0.0,0.0,0.0,0.0,0.0,0.0
2003-08-29,0.0,0.0,0.0,0.0,0.0,0.0,0.0,0.0
2003-08-30,0.0,0.0,0.0,0.0,0.0,0.0,0.0,0.0
2003-08-31,0.0,0.0,0.0,0.0,0.0,0.0,0.0,0.0
2003-09-01,0.0,0.0,0.0,0.0,0.0,0.0,0.0,0.0
2003-09-02,0.0,0.0,0.0,0.0,0.0,0.0,0.0,0.0
2003-09-03,0.0,0.0,0.0,0.0,0.0,0.0,0.0,0.0
2003-09-04,0.0,0.0,0.0,0.0,0.0,0.0,0.0,0.0
2003-09-05,0.0,0.0,0.0,0.0,0.0,0.0,0.0,0.0
2003-09-06,0.0,0.0,0.0,0.0,0.0,0.0,0.0,0.0
2003-09-07,0.0,0.0,0.0,0.0,0.0,0.0,0.0,0.0
2003-09-08,0.0,0.0,0.0,0.0,0.0,0.0,0.0,0.0
2003-09-09,0.0,0.0,0.0,0.0,0.0,0.0,0.0,0.0
2003-09-10,0.0,0.0,0.0,0.0,0.0,0.0,0.0,0.0
2003-09-11,0.0,0.0,0.0,0.0,0.0,0.0,0.0,0.0
2003-09-12,0.0,0.0,0.0,0.0,0.0,0.0,0.0,0.0
2003-09-13,0.0,0.0,0.0,0.0,0.0,0.0,0.0,0.0
2003-09-14,0.0,0.0,0.0,0.0,0.0,0.0,0.0,0.0
2003-09-15,0.0,0.0,0.0,0.0,0.0,0.0,0.0,0.0
2003-09-16,0.0,0.0,0.0,0.0,0.0,0.0,0.0,0.0
2003-09-17,0.0,0.0,0.0,0.0,0.0,0.0,0.0,0.0
2003-09-18,0.0,0.0,0.0,0.0,0.0,0.0,0.0,0.0
2003-09-19,0.0,0.0,0.0,0.0,0.0,0.0,0.0,0.0
2003-09-20,0.0,0.0,0.0,0.0,0.0,0.0,0.0,0.0
2003-09-21,0.0,0.0,0.0,0.0,0.0,0.0,0.0,0.0
2003-09-22,0.0,0.0,0.0,0.0,0.0,0.0,0.0,0.0
2003-09-23,0.0,0.0,0.0,0.0,0.0,0.0,0.0,0.0
2003-09-24,0.0,0.0,0.0,0.0,0.0,0.0,0.0,0.0
2003-09-25,0.0,0.0,0.0,0.0,0.0,0.0,0.0,0.0
2003-09-26,0.0,0.0,0.0,0.0,0.0,0.0,0.0,0.0
2003-09-27,0.0,0.0,0.0,0.0,0.0,0.0,0.0,0.0
2003-09-28,0.0,0.0,0.0,0.0,0.0,0.0,0.0,0.0
2003-09-29,0.0,0.0,0.0,0.0,0.0,0.0,0.0,0.0
2003-09-30,0.0,0.0,0.0,0.0,0.0,0.0,0.0,0.0
2003-10-01,0.0,0.0,0.0,0.0,0.0,0.0,0.0,0.0
2003-10-02,0.0,0.0,0.0,0.0,0.0,0.0,0.0,0.0
2003-10-03,0.0,0.0,0.0,0.0,0.0,0.0,0.0,0.0
2003-10-04,0.0,0.0,0.0,0.0,0.0,0.0,0.0,0.0
2003-10-05,0.0,0.0,0.0,0.0,0.0,0.0,0.0,0.0
2003-10-06,0.0,0.0,0.0,0.0,0.0,0.0,0.0,0.0
2003-10-07,0.0,0.0,0.0,0.0,0.0,0.0,0.0,0.0
2003-10-08,0.0,0.0,0.0,0.0,0.0,0.0,0.0,0.0
2003-10-09,0.0,0.0,0.0,0.0,0.0,0.0,0.0,0.0
2003-10-10,0.0,0.0,0.0,0.0,0.0,0.0,0.0,0.0
2003-10-11,0.0,0.0,0.0,0.0,0.0,0.0,0.0,0.0
2003-10-12,0.0,0.0,0.0,0.0,0.0,0.0,0.0,0.0
2003-10-13,0.0,0.0,0.0,0.0,0.0,0.0,0.0,0.0
2003-10-14,0.0,0.0,0.0,0.0,0.0,0.0,0.0,0.0
2003-10-15,0.0,0.0,0.0,0.0,0.0,0.0,0.0,0.0
2003-10-16,0.0,0.0,0.0,0.0,0.0,0.0,0.0,0.0
2003-10-17,0.0,0.0,0.0,0.0,0.0,0.0,0.0,0.0
2003-10-18,0.0,0.0,0.0,0.0,0.0,0.0,0.0,0.0
2003-10-19,0.0,0.0,0.0,0.0,0.0,0.0,0.0,0.0
2003-10-20,0.0,0.0,0.0,0.0,0.0,0.0,0.0,0.0
2003-10-21,0.0,0.0,0.0,0.0,0.0,0.0,0.0,0.0
2003-10-22,0.0,0.0,0.0,0.0,0.0,0.0,0.0,0.0
2003-10-23,0.0,0.0,0.0,0.0,0.0,0.0,0.0,0.0
2003-10-24,0.0,0.0,0.0,0.0,0.0,0.0,0.0,0.0
2003-10-25,0.0,0.0,0.0,0.0,0.0,0.0,0.0,0.0
2003-10-26,0.0,0.0,0.0,0.0,0.0,0.0,0.0,0.0
2003-10-27,0.0,0.0,0.0,0.0,0.0,0.0,0.0,0.0
2003-10-28,0.0,0.0,0.0,0.0,0.0,0.0,0.0,0.0
2003-10-29,0.0,0.0,0.0,0.0,0.0,0.0,0.0,0.0
2003-10-30,0.0,0.0,0.0,0.0,0.0,0.0,0.0,0.0
2003-10-31,0.34375,0.5080645,0.40625,0.19649123,0.27272728,0.15436241,0.48945147,1.5402299
2003-11-01,6.9375,2.862903,1.93125,0.6175439,1.0194805,3.214765,3.0042193,4.7413793
2003-11-02,8.447917,3.201613,2.0125,0.5508772,1.2857143,4.3624163,3.278481,8.425287
2003-11-03,12.163195,4.919355,8.24375,5.845614,6.0,5.865772,7.957806,15.166667
2003-11-04,14.597222,8.717742,12.525,5.764912,9.980519,10.369127,10.514768,15.908046
2003-11-05,14.934028,9.32258,12.58125,6.4526315,9.922078,11.33557,10.189874,16.068966
2003-11-06,14.576389,8.951612,12.04375,6.063158,9.844156,11.510067,9.970464,14.25862
2003-11-07,13.743055,7.7419353,11.83125,5.122807,9.623377,11.18792,9.649789,14.5172415
2003-11-08,14.288195,6.798387,11.54375,4.6807017,9.279221,11.42953,10.6118145,14.810345
2003-11-09,17.76736,11.596774,21.95625,12.477193,29.701298,16.483221,20.42616,28.396551
2003-11-10,23.46875,15.879032,26.225,17.494738,35.136364,32.355705,32.92405,29.16092
2003-11-11,23.024305,15.887096,25.80625,16.294737,35.012985,35.261745,33.814346,31.01724
2003-11-12,22.368055,15.467742,25.45,16.515789,34.701298,35.161076,33.624474,26.408047
2003-11-13,21.677084,21.282259,26.3375,14.592982,39.75974,35.060402,33.793247,25.41954
2003-11-14,21.270834,22.314516,26.3875,14.150877,39.92857,34.81208,33.83966,25.06322
2003-11-15,23.302084,23.016129,27.775,17.031578,41.55195,36.543625,35.375526,27.172413
2003-11-16,26.190971,24.870968,29.40625,19.733334,44.01948,40.402683,38.55696,32.649426
2003-11-17,26.600695,25.532259,29.5,20.68421,44.42857,41.577183,38.56118,33.436783
2003-11-18,25.82986,24.717741,29.66875,19.736841,44.33117,41.24161,38.105484,32.79885
2003-11-19,24.215279,22.774193,28.6375,15.526316,42.733765,40.120804,37.679325,30.844828
2003-11-20,22.465279,20.556452,27.2125,11.677193,40.805195,38.261745,37.345993,29.637932
2003-11-21,21.774305,18.991936,26.6,11.554386,40.38961,37.38255,36.92827,32.95977
2003-11-22,22.0,19.685484,26.575,11.098246,40.44805,37.543625,36.751057,33.304596
2003-11-23,21.743055,22.661291,26.55,11.080702,40.363636,37.55705,36.670887,29.534483
2003-11-24,21.618055,22.17742,26.43125,10.961404,40.032467,37.315437,36.44304,29.431034
2003-11-25,21.277779,21.814516,26.38125,10.947369,40.012985,37.09396,36.291138,29.293104
2003-11-26,21.177084,21.596775,26.38125,10.936842,40.012985,37.080536,36.20253,32.528736
2003-11-27,21.284721,21.475807,26.3375,11.540351,40.29221,36.986576,36.177216,32.5
2003-11-28,20.631945,21.008064,26.24375,10.901754,39.636364,36.422817,35.810127,31.643679
2003-11-29,19.729166,19.766129,25.6125,10.322807,38.53896,35.389263,35.99578,31.189655
2003-11-30,18.572916,18.725807,24.94375,10.473684,37.33117,34.4698,35.843884,30.149426
2003-12-01,17.774305,18.185484,24.85,10.585965,36.98052,34.026844,35.548523,29.408047
2003-12-02,18.340279,18.10484,25.64375,12.129825,37.38961,35.449665,36.877636,32.17816
2003-12-03,17.75,18.564516,25.60625,11.733334,37.025974,35.161076,36.63291,31.5
2003-12-04,16.461805,18.370968,25.36875,10.919298,36.33766,34.55705,36.41772,30.643679
2003-12-05,15.670139,17.701612,25.075,10.736842,35.064934,33.671143,36.670887,29.94253
2003-12-06,14.930555,19.185484,30.375,10.5438595,44.564934,35.228188,41.092827,29.683908
2003-12-07,23.430555,21.112904,43.0125,16.83158,59.772728,52.838924,57.793247,45.028736
2003-12-08,26.694445,27.435484,46.19375,20.122807,64.18831,59.161076,62.13924,49.229885
2003-12-09,26.774305,28.120968,46.1625,21.438597,64.155846,59.926174,62.156116,49.063217
2003-12-10,32.135418,30.330645,56.825,34.814034,77.27922,66.01342,73.31223,65.60345
2003-12-11,48.961807,33.76613,64.6125,44.57193,89.55844,89.42953,91.51055,82.586205
2003-12-12,53.645832,49.008064,67.01875,45.589474,93.93507,93.906044,93.822784,86.5977
2003-12-13,60.03472,51.048386,68.6625,51.45614,95.35065,101.10067,98.39662,86.534485
2003-12-14,64.68056,52.298386,73.18125,62.242104,98.93507,103.080536,103.44726,101.9885
2003-12-15,75.74306,62.862904,70.4125,72.761406,111.16234,115.718124,111.91983,106.4023
2003-12-16,76.958336,63.225807,70.36875,70.091225,111.318184,116.50336,112.07595,114.4885
2003-12-17,76.84028,63.26613,69.725,69.642105,111.16883,122.7047,111.68355,110.344826
2003-12-18,76.138885,62.112904,75.64375,69.04211,111.00649,121.87248,111.18987,109.40804
2003-12-19,74.5625,58.362904,74.68125,65.81403,109.22727,119.91275,108.68355,99.735634
2003-12-20,74.97222,54.322582,76.85625,65.617546,112.38961,119.7047,110.413506,110.206894
2003-12-21,76.09722,54.89516,80.60625,68.8807,116.38312,120.845634,112.48945,104.43104
2003-12-22,75.71181,55.177418,80.175,67.22807,116.91558,121.77853,112.52743,109.44827
2003-12-23,75.11806,55.096775,80.875,64.27017,116.38312,122.281876,112.303795,106.82758
2003-12-24,77.15278,58.298386,87.225,73.13333,128.30519,126.51678,118.341774,125.0115
2003-12-25,93.635414,96.0,110.55625,89.782455,172.90909,155.6443,146.75949,150.01149
2003-12-26,102.71181,123.21774,126.34375,89.8386,203.82468,167.48322,157.02954,157.23563
2003-12-27,105.53125,134.94354,128.53125,90.67017,204.7078,175.73154,158.51477,157.50575
2003-12-28,106.920135,139.85484,128.675,90.26667,204.77272,178.6443,159.09705,139.63792
2003-12-29,113.604164,142.40323,121.74375,114.617546,205.8961,182.48993,162.29536,149.49425
2003-12-30,142.5,152.1129,154.40625,137.60703,231.25325,218.61073,191.22784,185.74138
2003-12-31,142.61458,153.10484,156.05,142.41052,232.80519,222.04698,189.19832,189.66092
2004-01-01,147.6632,153.58871,147.85,160.62105,235.36363,228.61073,199.28693,210.13792
2004-01-02,175.48611,200.20161,181.30624,191.4842,297.17532,261.85236,230.90295,248.02873
2004-01-03,189.0243,217.53226,200.475,192.89124,314.5779,273.37582,249.48946,259.6839
2004-01-04,187.76736,218.96774,194.60625,194.9193,314.7013,273.4765,244.77216,264.60345
2004-01-05,189.05556,220.16936,210.975,205.08772,314.88312,273.85907,248.0633,255.05746
2004-01-06,189.04861,221.1129,210.05,203.94737,314.82468,274.38254,246.88608,260.60345
2004-01-07,189.9132,225.4758,185.5,204.71228,316.72726,277.97314,242.51477,265.99426
2004-01-08,191.95486,225.31451,185.4625,211.27719,318.48053,282.40268,243.96202,266.56323
2004-01-09,190.50694,223.70967,184.89375,198.46317,317.51947,276.95303,244.61603,258.9253
2004-01-10,190.15625,222.40323,202.36874,196.70526,316.7143,275.2416,248.56963,268.87357
2004-01-11,187.60417,220.33871,182.85,193.39297,315.60388,273.2953,243.43881,256.7414
2004-01-12,184.23611,218.25,180.85625,202.21404,314.32468,271.2416,241.12659,251.37357
2004-01-13,181.34027,216.09677,178.75626,196.0772,313.5844,269.5906,239.00423,248.9023
2004-01-14,177.86806,214.25807,197.71875,195.31229,312.1948,267.80536,241.10548,246.06897
2004-01-15,175.60764,212.18549,195.80624,192.82455,311.31168,266.67786,239.51898,245.11494
2004-01-16,173.57639,211.08064,176.49374,188.53683,311.01947,266.1141,235.39662,242.89081
2004-01-17,172.16667,209.79033,192.625,187.7614,313.0909,265.73154,237.14346,251.05746
2004-01-18,169.5868,210.39516,190.6875,190.50175,311.62338,264.95303,235.38397,244.5977
2004-01-19,167.93402,207.26613,172.81876,190.6421,311.44156,264.4564,231.43881,247.89655
2004-01-20,166.79514,206.79033,177.775,184.60703,311.53247,264.349,231.84389,237.93103
2004-01-21,166.51389,206.45967,189.34375,187.62807,311.5779,265.01343,234.09705,242.41379
2004-01-22,166.75694,206.18549,188.775,180.29474,311.5779,264.73154,233.56963,236.16092
2004-01-23,164.3368,205.37903,187.23125,180.47017,311.13635,264.79193,232.47258,240.33908
2004-01-24,162.58333,208.33871,185.5875,180.78947,310.43506,266.32214,231.17299,243.81035
2004-01-25,164.1875,208.45967,185.26875,181.05614,310.27274,266.79193,230.91139,247.56322
2004-01-26,163.88542,208.41129,168.98125,178.4,310.36365,266.6577,228.08438,239.79884
2004-01-27,166.17014,208.7258,185.53125,185.4807,310.34415,268.4698,232.02531,251.66092
2004-01-28,176.6493,211.2742,189.8,196.3579,315.33118,277.42282,240.42194,260.82758
2004-01-29,177.17361,211.20967,189.525,196.25613,315.11038,277.30872,239.53586,258.5115
2004-01-30,174.8368,209.55646,172.5125,191.38597,314.62988,276.57047,235.3671,264.2069
2004-01-31,175.61806,209.0,171.3125,194.1228,314.1948,276.4094,233.95781,266.1207
2004-02-01,176.71527,209.09677,170.725,193.04912,318.74677,276.5436,233.70464,266.60345
2004-02-02,176.31598,209.12097,170.59375,209.29825,315.73376,276.78525,235.03375,271.32184
2004-02-03,194.05556,233.15323,188.21875,220.84561,356.44156,302.36243,259.5654,302.90805
2004-02-04,198.01736,236.64516,208.4625,234.17545,361.17532,307.86578,267.33334,303.56323
2004-02-05,199.3993,237.83064,209.05,233.56842,357.96103,308.15436,267.0,292.37357
2004-02-06,199.36111,242.83871,210.44376,230.66316,358.2078,308.5839,267.32068,304.17816
2004-02-07,202.2118,240.29033,213.68124,229.45264,358.81168,306.73154,266.85654,301.59195
2004-02-08,202.26736,240.78226,210.35,235.22807,359.0065,311.0671,261.05484,313.8908
2004-02-09,201.55208,240.58871,213.71875,228.82455,358.12338,310.53693,267.6076,299.97702
2004-02-10,201.16667,240.70161,213.6625,227.81053,358.18832,310.04697,266.72995,301.8046
2004-02-11,201.22223,241.23387,213.15625,226.60352,358.22726,306.92618,264.9367,298.11493
2004-02-12,197.8125,240.37903,211.0125,223.3158,357.2078,306.02686,263.14346,296.1954
2004-02-13,196.2257,239.7258,201.6375,209.70877,356.77274,305.25504,260.07596,295.6207
2004-02-14,195.51042,239.37903,209.73125,217.89824,356.5,304.72482,261.37976,301.1207
2004-02-15,194.00348,238.59677,202.8875,218.38948,355.05194,304.2886,260.36285,297.7299
2004-02-16,193.06944,237.41129,203.48125,231.29123,354.18832,305.42282,261.16876,294.63794
2004-02-17,197.4375,236.08871,209.925,216.41403,361.25974,317.59732,271.4979,306.44254
2004-02-18,196.50694,232.4758,212.85625,243.55438,362.7922,324.36243,278.20255,322.16666
2004-02-19,207.00694,246.95161,219.24374,265.1193,379.0779,336.9933,290.91562,319.9655
2004-02-20,205.11806,246.68549,227.25,258.60352,379.17532,339.02686,293.32068,347.85632
2004-02-21,205.39583,250.54839,227.09375,265.89825,380.27274,339.39597,291.54007,350.13217
2004-02-22,206.13542,253.70967,206.775,249.96841,381.34415,340.69128,289.25317,340.05173
2004-02-23,209.2257,258.39517,215.525,274.18948,397.82468,343.85907,293.57806,347.13217
2004-02-24,207.17361,263.92743,216.25,290.09473,402.013,346.18793,294.0886,350.1494
2004-02-25,214.08333,266.05646,216.73125,288.3649,402.9221,348.48322,295.91562,359.49426
2004-02-26,241.95486,305.90323,270.85626,325.2772,464.25323,391.57047,340.0633,404.86206
2004-02-27,268.40625,321.67743,291.3875,337.95087,495.94156,414.83893,362.8692,395.41953
2004-02-28,269.64584,331.50806,264.76874,338.4421,496.95456,415.4765,358.62448,438.4023
2004-02-29,269.94446,333.73386,264.5625,342.20703,496.85715,416.02686,357.78903,422.89655
2004-03-01,272.125,334.0484,291.51874,349.6386,503.2922,415.98657,363.8017,422.24713
2004-03-02,276.5,348.26614,298.04376,347.8386,521.77924,423.4698,373.42615,431.454
2004-03-03,276.2257,352.7742,297.65,354.14386,522.4805,422.95303,372.12238,446.0862
2004-03-04,276.19446,353.5,296.4,343.0421,521.974,421.4765,371.74683,444.43103
2004-03-05,274.4861,353.1613,294.25626,321.7544,521.3312,420.38254,369.5021,442.4138
2004-03-06,272.33334,353.83066,291.6625,316.29825,520.75977,418.87918,366.91562,449.7931
2004-03-07,265.74304,350.67743,291.0,309.25262,518.75977,412.349,360.42194,436.9655
2004-03-08,257.6354,343.8387,287.79376,332.44913,518.4286,408.9396,354.4388,433.2069
2004-03-09,246.92361,330.4355,282.4375,308.10876,512.56494,405.53693,347.64136,425.33334
2004-03-10,235.76736,317.09677,274.36874,300.8386,505.81818,399.26175,343.0042,401.16666
2004-03-11,228.17708,306.3145,269.05,288.07367,498.34415,393.56375,338.08438,395.00574
2004-03-12,221.62848,291.24194,264.24374,242.3579,491.22076,387.02686,332.01688,386.0977
2004-03-13,212.55902,280.21774,259.94376,226.28421,484.88312,380.4564,327.64136,383.3793
2004-03-14,203.88194,265.6129,255.2,207.41403,475.83768,373.61746,322.94516,376.73563
2004-03-15,194.44792,251.68549,249.29375,185.41052,464.94156,365.8926,317.84387,371.0
2004-03-16,186.7882,241.83871,245.33125,171.13333,455.44156,358.86578,312.8059,365.54022
2004-03-17,178.67014,227.92741,241.03125,158.65614,444.5,352.14093,308.00845,339.0115
2004-03-18,168.60417,216.43549,234.61874,143.06667,431.87012,345.08725,302.9325,354.41953
2004-03-19,158.2882,200.20161,228.5875,129.02808,418.8052,336.4765,296.99155,327.17242
2004-03-20,143.57292,188.29839,222.75,116.354385,409.34415,327.85907,291.7384,335.76437
2004-03-21,133.19098,177.81451,213.91875,102.85614,394.22076,315.4161,284.4557,322.41953
2004-03-22,123.31944,171.78226,204.675,98.79649,377.83118,299.79865,276.91562,308.98276
2004-03-23,115.760414,167.99193,198.33125,84.85263,367.06494,283.02014,270.48102,289.54022
2004-03-24,110.49653,165.87903,194.2875,80.00702,359.98053,272.5302,265.4557,290.47125
2004-03-25,107.895836,164.96774,192.625,75.85614,355.98053,266.77182,266.96204,283.24713
2004-03-26,115.91319,167.7742,198.2375,86.59649,369.44156,279.27518,275.5021,297.89655
2004-03-27,118.916664,170.83064,198.8125,87.1193,371.4935,285.04697,277.865,302.5977
2004-03-28,115.43403,170.51613,197.94376,83.08421,370.68182,280.7047,276.78058,291.9138
2004-03-29,108.979164,166.24193,193.55,82.59649,364.39612,272.86578,273.61603,269.18967
2004-03-30,102.28125,161.78226,188.0875,75.217545,355.7857,264.67114,270.0886,259.5747
2004-03-31,98.84722,158.78226,185.83125,73.25965,352.0909,260.10068,268.9114,254.76437
2004-04-01,96.8125,157.99193,183.9625,71.82105,350.15585,256.77182,267.7637,252.04024
2004-04-02,96.49306,159.16936,178.76875,70.87719,349.55844,256.1678,266.9367,261.28162
2004-04-03,95.56944,159.10484,177.6375,68.98947,349.14285,253.57047,265.4557,258.16092
2004-04-04,91.083336,157.74193,174.79375,63.33684,346.8052,246.5906,263.15613,238.17816
2004-04-05,86.760414,156.81451,171.88126,54.129826,343.22076,238.61745,260.03796,229.67816
2004-04-06,83.416664,156.08871,169.3875,51.91579,337.7922,232.651,257.42194,223.73563
2004-04-07,80.954865,155.30646,167.65625,49.880703,334.62988,229.49664,255.72574,218.58621
2004-04-08,76.21528,153.64516,164.88126,46.014034,330.2857,224.25504,252.94093,208.9023
2004-04-09,70.18403,151.95161,160.34375,45.51228,321.46103,218.77852,249.2194,205.5747
2004-04-10,64.89931,149.0,154.875,41.182457,311.85065,213.84564,245.37975,185.2069
2004-04-11,61.14236,146.98387,150.55,37.645615,305.53247,209.56375,241.81857,182.05173
2004-04-12,56.48611,143.70161,145.94376,38.452633,298.56494,203.71812,237.58228,163.98851
2004-04-13,53.180557,141.95161,141.99374,35.326317,293.7987,197.93289,233.60338,156.48276
2004-04-14,52.03125,141.55646,140.88126,34.361404,292.7078,195.38255,232.00423,154.56322
2004-04-15,51.072918,140.24193,139.66875,34.5193,291.7143,194.5302,230.75105,153.45976
2004-04-16,51.229168,139.00807,139.875,36.34035,290.81818,192.71812,229.58228,159.68965
2004-04-17,51.15972,138.80646,140.4375,34.84912,283.9935,193.5839,231.27849,154.21265
2004-04-18,52.57986,140.76613,144.75626,36.34386,290.4156,196.75168,235.68355,163.05173
2004-04-19,54.180557,142.75807,145.63126,35.23509,283.57144,199.93289,238.03375,151.0977
2004-04-20,57.989582,143.70967,147.15625,35.57193,288.07144,202.19463,240.09705,161.47127
2004-04-21,59.020832,141.65323,144.9625,40.77544,288.94806,200.5906,238.30801,164.25287
2004-04-22,60.854168,142.31451,142.3875,41.063156,290.27924,198.65771,237.03798,167.77011
2004-04-23,59.61111,142.21774,141.24374,39.34035,284.67532,197.67114,235.82701,165.47127
2004-04-24,55.15625,138.62097,138.23125,35.105263,276.34415,193.93289,233.04219,166.98851
2004-04-25,50.583332,134.87097,132.81876,30.677193,269.27274,189.11409,228.47679,154.36781
2004-04-26,45.1875,129.70967,119.88125,26.235088,255.54546,182.37584,221.04219,140.31609
2004-04-27,39.12847,124.07258,108.2,22.077192,242.4026,172.62416,205.12236,123.32758
2004-04-28,34.20486,121.798386,96.55625,19.224562,240.25325,162.31543,195.05063,109.13219
2004-04-29,32.427082,115.76613,88.98125,18.491228,234.03247,157.24161,191.0,103.965515
2004-04-30,31.444445,111.28226,83.0,17.607018,228.83116,154.55705,188.19409,100.47701
2004-05-01,28.222221,107.33064,80.09375,15.94386,231.14285,148.79195,185.21097,89.94827
2004-05-02,24.197916,101.16936,76.05625,13.985965,214.18831,141.75168,177.51054,78.28161
2004-05-03,20.222221,97.241936,69.05,11.859649,201.13637,130.75839,167.9789,65.10919
2004-05-04,16.461805,85.51613,61.33125,9.828071,179.74675,114.718124,156.30801,52.643677
2004-05-05,13.069445,73.07258,61.7625,8.294737,168.7922,103.093956,149.94937,43.367817
2004-05-06,11.020833,68.629036,58.275,7.3333335,160.91559,95.42282,142.69199,37.252872
2004-05-07,9.458333,65.685486,55.46875,6.726316,155.77272,89.86577,137.83122,33.275864
2004-05-08,8.40625,64.3629,52.625,6.2280703,151.27922,84.644295,133.75949,30.787355
2004-05-09,7.5069447,62.491936,50.69375,5.9017544,147.81169,80.32215,130.31645,28.344828
2004-05-10,6.576389,60.10484,48.00625,5.6280704,143.27272,71.932884,124.12658,25.867817
2004-05-11,6.454861,59.919353,48.20625,6.182456,143.0065,71.59061,123.68355,28.867817
2004-05-12,8.201389,59.5,48.13125,6.5578947,141.38962,70.94631,123.691986,29.695402
2004-05-13,7.1805553,58.44355,47.075,5.122807,138.87662,67.98658,123.55696,27.264368
2004-05-14,6.201389,56.620968,44.9,4.8105264,134.98051,60.75168,118.57806,24.206896
2004-05-15,5.2569447,54.048386,41.675,4.101754,131.5065,55.80537,113.059074,21.327587
2004-05-16,4.326389,51.991936,39.025,3.7122808,123.47403,51.37584,108.27848,19.356321
2004-05-17,3.5486112,49.725807,36.50625,3.3298244,118.01948,48.08725,102.79747,16.011494
2004-05-18,3.2083333,48.629032,34.8625,3.1052632,114.902596,46.66443,97.47257,14.454023
2004-05-19,3.0902777,47.153225,34.39375,2.9929824,111.22727,45.53691,94.37131,13.5172415
2004-05-20,2.8368056,46.298386,33.7,2.8561404,107.623375,44.080536,90.177216,12.160919
2004-05-21,2.6145833,46.217743,33.25,2.7578948,98.96104,43.127518,87.383965,11.385057
2004-05-22,2.4479167,46.19355,32.975,2.62807,94.66883,42.46309,85.08439,10.971265
2004-05-23,2.2048612,46.05645,32.15625,2.5017543,89.53247,41.234898,81.0,10.448276
2004-05-24,1.9131944,45.862904,30.93125,2.382456,83.87013,39.771812,78.07595,9.862069
2004-05-25,1.6840278,45.75,30.25,2.2,77.0,37.81208,76.894516,9.178161
2004-05-26,1.4375,45.725807,29.49375,1.9578947,75.876625,36.013424,75.43882,8.310345
2004-05-27,1.1493056,44.846775,27.1875,1.7122808,74.07143,32.966442,71.902954,6.965517
2004-05-28,0.8958333,42.44355,24.7875,1.6245614,68.83766,29.342281,67.81435,5.718391
2004-05-29,0.9166667,43.403225,25.30625,1.5929824,72.512985,28.583893,64.38818,5.4252872
2004-05-30,0.8055556,43.26613,25.15,1.5298246,71.38961,29.248322,71.75949,4.8333335
2004-05-31,0.59375,41.225807,22.59375,1.3964912,65.77273,27.053692,66.51899,3.7988505
2004-06-01,0.4375,37.403225,19.175,1.2245615,68.876625,25.080538,60.518986,2.4597702
2004-06-02,0.3159722,33.467743,15.5375,1.0421053,60.311687,22.120806,54.970463,1.7873564
2004-06-03,0.16666667,28.959677,12.16875,0.83157897,55.18182,19.053692,48.168777,0.98275864
2004-06-04,0.0034722222,24.419355,9.9125,0.6245614,45.655846,18.697987,41.49367,0.42528737
2004-06-05,0.0,20.137096,7.75,0.41403508,38.94805,15.516779,34.47679,0.0
2004-06-06,0.0,20.209677,6.0625,0.23157895,30.876623,12.489933,28.481012,0.0
2004-06-07,0.0,16.991936,4.88125,0.11929824,25.103895,10.241611,24.046413,0.0
2004-06-08,0.0,15.66129,4.875,0.07017544,23.902597,9.624161,22.49789,0.0
2004-06-09,0.0,15.645162,4.41875,0.03508772,23.532467,9.610738,22.392405,0.0
2004-06-10,0.0,9.854838,4.31875,0.0,18.636364,9.610738,22.324894,0.0
2004-06-11,0.0,13.403226,4.73125,0.0,24.37013,9.275167,21.679325,0.0
2004-06-12,0.0,15.048388,4.24375,0.0,23.16883,8.644296,20.194094,0.0
2004-06-13,0.0,13.701612,3.4625,0.0,20.675325,7.4832215,17.700422,0.0
2004-06-14,0.0,11.862904,2.53125,0.0,16.545454,5.798658,13.873418,0.0
2004-06-15,0.0,10.370968,1.59375,0.0,12.961039,3.9194632,10.270042,0.0
2004-06-16,0.0,8.532258,1.1375,0.0,9.551948,2.4966443,7.6244726,0.0
2004-06-17,0.0,7.33871,0.91875,0.0,6.6883116,1.6644295,5.6244726,0.0
2004-06-18,0.0,6.459677,0.75,0.0,4.928571,1.0067114,4.481013,0.0
2004-06-19,0.0,5.766129,0.625,0.0,3.6298702,0.557047,3.6624472,0.0
2004-06-20,0.0,5.096774,0.46875,0.0,2.5844157,0.30872482,2.721519,0.0
2004-06-21,0.0,4.370968,0.28125,0.0,1.6753247,0.040268455,1.7383966,0.0
2004-06-22,0.0,3.6290324,0.08125,0.0,1.025974,0.0,0.93670887,0.0
2004-06-23,0.0,2.8225806,0.0,0.0,0.512987,0.0,0.42616034,0.0
2004-06-24,0.0,2.1612904,0.0,0.0,0.29220778,0.0,0.16033755,0.0
2004-06-25,0.0,1.6048387,0.0,0.0,0.103896104,0.0,0.0,0.0
2004-06-26,0.0,1.233871,0.0,0.0,0.0,0.0,0.0,0.0
2004-06-27,0.0,0.9354839,0.0,0.0,0.0,0.0,0.0,0.0
2004-06-28,0.0,0.62096775,0.0,0.0,0.0,0.0,0.0,0.0
2004-06-29,0.0,0.44354838,0.0,0.0,0.0,0.0,0.0,0.0
2004-06-30,0.0,0.3467742,0.0,0.0,0.0,0.0,0.0,0.0
2004-07-01,0.0,0.2983871,0.0,0.0,0.0,0.0,0.0,0.0
2004-07-02,0.0,0.24193548,0.0,0.0,0.0,0.0,0.0,0.0
2004-07-03,0.0,0.15322581,0.0,0.0,0.0,0.0,0.0,0.0
2004-07-04,0.0,0.048387095,0.0,0.0,0.0,0.0,0.0,0.0
2004-07-05,0.0,0.0,0.0,0.0,0.0,0.0,0.0,0.0
2004-07-06,0.0,0.0,0.0,0.0,0.0,0.0,0.0,0.0
2004-07-07,0.0,0.0,0.0,0.0,0.0,0.0,0.0,0.0
2004-07-08,0.0,0.0,0.0,0.0,0.0,0.0,0.0,0.0
2004-07-09,0.0,0.0,0.0,0.0,0.0,0.0,0.0,0.0
2004-07-10,0.0,0.0,0.0,0.0,0.0,0.0,0.0,0.0
2004-07-11,0.0,0.0,0.0,0.0,0.0,0.0,0.0,0.0
2004-07-12,0.0,0.0,0.0,0.0,0.0,0.0,0.0,0.0
2004-07-13,0.0,0.0,0.0,0.0,0.0,0.0,0.0,0.0
2004-07-14,0.0,0.0,0.0,0.0,0.0,0.0,0.0,0.0
2004-07-15,0.0,0.0,0.0,0.0,0.0,0.0,0.0,0.0
2004-07-16,0.0,0.0,0.0,0.0,0.0,0.0,0.0,0.0
2004-07-17,0.0,0.0,0.0,0.0,0.0,0.0,0.0,0.0
2004-07-18,0.0,0.0,0.0,0.0,0.0,0.0,0.0,0.0
2004-07-19,0.0,0.0,0.0,0.0,0.0,0.0,0.0,0.0
2004-07-20,0.0,0.0,0.0,0.0,0.0,0.0,0.0,0.0
2004-07-21,0.0,0.0,0.0,0.0,0.0,0.0,0.0,0.0
2004-07-22,0.0,0.0,0.0,0.0,0.0,0.0,0.0,0.0
2004-07-23,0.0,0.0,0.0,0.0,0.0,0.0,0.0,0.0
2004-07-24,0.0,0.0,0.0,0.0,0.0,0.0,0.0,0.0
2004-07-25,0.0,0.0,0.0,0.0,0.0,0.0,0.0,0.0
2004-07-26,0.0,0.0,0.0,0.0,0.0,0.0,0.0,0.0
2004-07-27,0.0,0.0,0.0,0.0,0.0,0.0,0.0,0.0
2004-07-28,0.0,0.0,0.0,0.0,0.0,0.0,0.0,0.0
2004-07-29,0.0,0.0,0.0,0.0,0.0,0.0,0.0,0.0
2004-07-30,0.0,0.0,0.0,0.0,0.0,0.0,0.0,0.0
2004-07-31,0.0,0.0,0.0,0.0,0.0,0.0,0.0,0.0
2004-08-01,0.0,0.0,0.0,0.0,0.0,0.0,0.0,0.0
2004-08-02,0.0,0.0,0.0,0.0,0.0,0.0,0.0,0.0
2004-08-03,0.0,0.0,0.0,0.0,0.0,0.0,0.0,0.0
2004-08-04,0.0,0.0,0.0,0.0,0.0,0.0,0.0,0.0
2004-08-05,0.0,0.0,0.0,0.0,0.0,0.0,0.0,0.0
2004-08-06,0.0,0.0,0.0,0.0,0.0,0.0,0.0,0.0
2004-08-07,0.0,0.0,0.0,0.0,0.0,0.0,0.0,0.0
2004-08-08,0.0,0.0,0.0,0.0,0.0,0.0,0.0,0.0
2004-08-09,0.0,0.0,0.0,0.0,0.0,0.0,0.0,0.0
2004-08-10,0.0,0.0,0.0,0.0,0.0,0.0,0.0,0.0
2004-08-11,0.0,0.0,0.0,0.0,0.0,0.0,0.0,0.0
2004-08-12,0.0,0.0,0.0,0.0,0.0,0.0,0.0,0.0
2004-08-13,0.0,0.0,0.0,0.0,0.0,0.0,0.0,0.0
2004-08-14,0.0,0.0,0.0,0.0,0.0,0.0,0.0,0.0
2004-08-15,0.0,0.0,0.0,0.0,0.0,0.0,0.0,0.0
2004-08-16,0.0,0.0,0.0,0.0,0.0,0.0,0.0,0.0
2004-08-17,0.0,0.0,0.0,0.0,0.0,0.0,0.0,0.0
2004-08-18,0.0,0.0,0.0,0.0,0.0,0.0,0.0,0.0
2004-08-19,0.0,0.0,0.0,0.0,0.0,0.0,0.0,0.0
2004-08-20,0.0,0.0,0.0,0.0,0.0,0.0,0.0,0.0
2004-08-21,0.0,0.0,0.0,0.0,0.0,0.0,0.0,0.0
2004-08-22,0.0,0.0,0.0,0.0,0.0,0.0,0.0,0.0
2004-08-23,0.0,0.0,0.0,0.0,0.0,0.0,0.0,0.0
2004-08-24,0.0,0.0,0.0,0.0,0.0,0.0,0.0,0.0
2004-08-25,0.0,0.0,0.0,0.0,0.0,0.0,0.0,0.0
2004-08-26,0.0,0.0,0.0,0.0,0.0,0.0,0.0,0.0
2004-08-27,0.0,0.0,0.0,0.0,0.0,0.0,0.0,0.0
2004-08-28,0.0,0.0,0.0,0.0,0.0,0.0,0.0,0.0
2004-08-29,0.0,0.0,0.0,0.0,0.0,0.0,0.0,0.0
2004-08-30,0.0,0.0,0.0,0.0,0.0,0.0,0.0,0.0
2004-08-31,0.0,0.0,0.0,0.0,0.0,0.0,0.0,0.0
2004-09-01,0.0,0.0,0.0,0.0,0.0,0.0,0.0,0.0
2004-09-02,0.0,0.0,0.0,0.0,0.0,0.0,0.0,0.0
2004-09-03,0.0,0.0,0.0,0.0,0.0,0.0,0.0,0.0
2004-09-04,0.0,0.0,0.0,0.0,0.0064935065,0.0,0.021097047,0.0
2004-09-05,0.0,0.0,0.0,0.0,0.0,0.0,0.0,0.0
2004-09-06,0.0,0.0,0.0,0.0,0.0,0.0,0.0,0.0
2004-09-07,0.0,0.0,0.0,0.0,0.0,0.0,0.0,0.0
2004-09-08,0.0,0.0,0.0,0.0,0.0,0.0,0.0,0.0
2004-09-09,0.0,0.0,0.0,0.0,0.0,0.0,0.0,0.0
2004-09-10,0.0,0.0,0.0,0.0,0.0,0.0,0.0,0.0
2004-09-11,0.0,0.0,0.0,0.0,0.0,0.0,0.0,0.0
2004-09-12,0.0,0.0,0.0,0.0,0.0,0.0,0.0,0.0
2004-09-13,0.0,0.0,0.0,0.0,0.0,0.0,0.0,0.0
2004-09-14,0.0,0.0,0.0,0.0,0.0,0.0,0.0,0.0
2004-09-15,0.0,0.0,0.0,0.0,0.0,0.0,0.0,0.0
2004-09-16,0.0,0.0,0.0,0.0,0.0,0.0,0.0,0.0
2004-09-17,0.0,0.0,0.0,0.0,0.0,0.0,0.0,0.0
2004-09-18,0.0,0.0,0.0,0.0,0.0,0.0,0.0,0.0
2004-09-19,0.0,0.0,0.0,0.0,0.0064935065,0.087248325,0.101265825,0.0
2004-09-20,0.3263889,0.0,0.4125,0.2,0.17532468,0.59731543,0.7848101,0.31034482
2004-09-21,0.24305555,0.16935484,0.58125,0.08421053,0.2857143,0.70469797,1.1054852,0.09195402
2004-09-22,0.0,0.18548387,0.00625,0.0,0.16233766,0.38255033,0.835443,0.0
2004-09-23,0.0,0.27419356,0.0,0.0,0.0,0.026845638,0.18987341,0.0
2004-09-24,0.0,0.11290322,0.0,0.0,0.0,0.0,0.0,0.0
2004-09-25,0.0,0.016129032,0.0,0.0,0.0,0.0,0.0,0.0
2004-09-26,0.0,0.0,0.0,0.0,0.0,0.0,0.0,0.0
2004-09-27,0.0,0.0,0.0,0.0,0.0,0.0,0.0,0.0
2004-09-28,0.0,0.0,0.0,0.0,0.0,0.0,0.0,0.0
2004-09-29,0.0,0.0,0.0,0.0,0.0,0.0,0.0,0.0
2004-09-30,0.0,0.0,0.0,0.0,0.0,0.0,0.0,0.0
2004-10-01,0.0,0.0,0.0,0.0,0.0,0.0,0.0,0.0
2004-10-02,0.0,0.0,0.0,0.0,0.0,0.0,0.0,0.0
2004-10-03,0.0,0.0,0.0,0.0,0.0,0.0,0.0,0.0
2004-10-04,0.0,0.0,0.0,0.0,0.0,0.0,0.0,0.0
2004-10-05,0.0,0.0,0.0,0.0,0.0,0.0,0.0,0.0
2004-10-06,0.0,0.0,0.0,0.0,0.0,0.0,0.0,0.0
2004-10-07,0.0,0.0,0.0,0.0,0.0,0.0,0.0,0.0
2004-10-08,0.0,0.0,0.0,0.0,0.0,0.0,0.0,0.0
2004-10-09,0.0,0.0,0.0,0.0,0.0,0.0,0.0,0.0
2004-10-10,0.0,0.0,0.0,0.0,0.0064935065,0.0,0.0,0.0
2004-10-11,0.0,0.0,0.0,0.0,0.077922076,0.0,0.008438818,0.0
2004-10-12,0.0,0.0,0.0,0.0,0.032467533,0.0,0.012658228,0.0
2004-10-13,0.0,0.0,0.0,0.0,0.0,0.0,0.0,0.0
2004-10-14,0.0,0.0,0.0,0.0,0.0,0.0,0.0,0.0
2004-10-15,0.0,0.0,0.0,0.0,0.0,0.0,0.0,0.0
2004-10-16,0.0,0.0,0.0,0.0,0.0,0.0,0.0,0.0
2004-10-17,0.0,0.12903225,0.0,0.0,0.103896104,0.0,0.0,0.0
2004-10-18,3.8784723,2.153226,14.55,0.8666667,24.188313,7.8590603,16.852322,2.6436782
2004-10-19,4.579861,3.6290324,18.0375,1.2982457,28.649351,13.852349,22.07173,3.005747
2004-10-20,17.9375,32.153225,44.45,13.750877,74.2013,36.731544,51.20253,33.827587
2004-10-21,27.760416,41.39516,57.5,15.452632,97.85065,53.885906,67.818565,39.5
2004-10-22,27.309029,41.282257,56.73125,13.824561,98.88312,54.604027,66.75105,45.063217
2004-10-23,26.340279,40.717743,55.575,12.378947,99.64935,53.90604,65.52321,41.609196
2004-10-24,26.256945,39.20968,56.2375,12.196491,99.35065,57.63087,66.1308,40.810345
2004-10-25,25.274305,38.30645,58.2375,12.936842,104.3961,58.516777,66.72152,40.068966
2004-10-26,26.322916,37.177418,58.21875,23.364912,103.954544,60.81879,68.894516,43.21839
2004-10-27,41.086807,57.75,74.21875,27.347368,144.23376,87.355705,92.47257,54.436783
2004-10-28,41.05903,58.120968,74.8125,29.88772,147.46753,88.020134,93.57806,55.83908
2004-10-29,41.458332,58.548386,74.55625,26.396492,147.55844,88.05369,93.139244,57.344826
2004-10-30,39.71528,58.741936,74.30625,23.617544,148.46104,88.30202,92.55274,55.25862
2004-10-31,38.20139,57.532257,73.7,20.645615,148.25325,87.1745,91.12236,57.264366
2004-11-01,37.489582,56.741936,72.3,22.83158,147.05194,86.20134,90.1097,61.57471
2004-11-02,36.524307,55.677418,72.86875,20.933332,147.33766,85.34899,88.700424,53.24138
2004-11-03,34.489582,53.282257,71.40625,19.45614,145.19481,83.58389,86.78903,49.948277
2004-11-04,39.34722,52.58871,73.15625,21.182457,148.06494,88.268456,91.09283,67.64368
2004-11-05,39.78472,52.185482,73.28125,19.954386,148.57793,91.78523,92.45148,56.735634
2004-11-06,38.260418,51.54032,72.53125,16.88772,148.64935,92.28859,91.85232,59.149426
2004-11-07,36.21528,49.29032,70.9875,13.378947,148.22078,91.80537,90.47257,56.54598
2004-11-08,34.15625,52.83871,71.20625,11.375439,154.38962,91.27517,91.28692,52.666668
2004-11-09,33.135418,57.887096,72.5125,9.28772,157.97403,90.39597,92.91983,50.396553
2004-11-10,31.961805,57.39516,72.31875,8.778948,157.81818,89.32886,92.37131,48.78161
2004-11-11,31.440971,56.491936,72.34375,8.761403,159.05194,89.41611,93.24895,49.63793
2004-11-12,32.49653,56.26613,73.85625,8.663157,158.5,94.48993,96.34599,50.063217
2004-11-13,31.961805,56.024193,73.09375,7.982456,159.48051,94.093956,96.054855,49.03448
2004-11-14,31.51389,55.91129,72.875,7.449123,158.2987,93.906044,96.01688,48.53448
2004-11-15,30.95486,55.10484,72.225,6.845614,157.56494,93.14765,95.48945,47.45402
2004-11-16,29.88889,54.346775,71.46875,6.273684,156.46753,92.01342,94.64557,46.11494
2004-11-17,28.520834,53.475807,70.55,5.8385963,154.51949,90.72483,93.79747,45.057472
2004-11-18,27.04861,52.25,69.8125,5.1578946,152.7922,89.42282,93.05064,42.75862
2004-11-19,25.90625,52.451614,68.8625,4.722807,148.94156,88.167786,92.18565,41.511494
2004-11-20,25.711805,51.16129,68.48125,4.659649,148.72078,87.61074,92.01266,41.229885
2004-11-21,25.70139,50.94355,68.8375,4.6561403,148.64285,87.14765,92.12658,40.908047
2004-11-22,25.659721,53.629032,68.925,4.642105,148.65584,87.04698,92.24051,40.908047
2004-11-23,25.29514,54.491936,68.2625,4.4385967,148.4026,86.94631,91.88608,39.609196
2004-11-24,25.020834,54.467743,67.775,4.2491226,148.01949,86.7047,91.63291,39.068966
2004-11-25,24.149305,54.25,67.325,3.7754385,147.11688,85.966446,91.223625,39.57471
2004-11-26,24.274305,55.16129,67.08125,5.217544,146.41559,85.77853,91.37553,40.666668
2004-11-27,25.940971,53.967743,66.88125,12.4245615,148.7078,86.657715,93.21519,44.235634
2004-11-28,45.12847,66.758064,75.2375,23.410526,180.77922,105.255035,106.3924,60.195404
2004-11-29,45.5625,67.145164,76.43125,22.189474,179.92207,105.32886,106.76371,58.82184
2004-11-30,46.319443,67.52419,75.9,21.329824,180.19481,105.442955,106.75105,56.908047
2004-12-01,46.42361,68.879036,75.85625,19.417543,179.62338,105.38255,106.6751,55.287357
2004-12-02,46.413193,68.870964,76.525,19.624561,178.94806,105.355705,106.93249,52.810345
2004-12-03,46.336807,68.951614,76.74375,19.680702,179.34416,105.42953,106.98312,52.58046
2004-12-04,46.23264,68.870964,76.30625,19.175438,181.51299,105.32215,106.85654,58.37931
2004-12-05,46.09375,68.8629,76.525,19.108772,184.14285,105.27517,106.83966,53.04598
2004-12-06,45.94097,68.8629,75.8,18.982456,184.04546,105.557045,106.898735,57.13793
2004-12-07,52.229168,70.03226,78.25625,39.7193,187.68831,112.75839,114.8692,77.28161
2004-12-08,68.90972,93.951614,102.75625,52.617542,225.53247,137.93289,136.7384,100.67242
2004-12-09,83.12153,98.379036,107.88125,55.389473,232.0974,152.46309,144.08438,113.413795
2004-12-10,81.65278,97.814514,106.51875,51.550877,233.30519,152.43625,142.92827,109.24712
2004-12-11,78.888885,92.45968,103.70625,46.99649,230.4026,150.79195,140.17299,110.56322
2004-12-12,75.104164,83.09677,100.63125,42.536842,225.27922,148.61745,135.86497,107.13219
2004-12-13,72.395836,77.80645,99.11875,37.894737,217.58441,146.71812,133.90295,103.28161
2004-12-14,69.795135,75.185486,97.5875,33.757896,214.68182,144.63759,132.55696,108.01724
2004-12-15,67.395836,73.814514,96.55,31.891228,212.69481,142.67786,131.3502,104.21265
2004-12-16,65.427086,73.40323,95.64375,28.070175,210.81818,141.55705,130.41772,103.913795
2004-12-17,63.85764,72.145164,95.19375,24.901754,209.27272,140.66443,129.94514,100.62069
2004-12-18,61.427082,71.79032,94.61875,21.85614,207.17532,138.53691,129.1308,94.25288
2004-12-19,58.569443,71.03226,93.4625,21.007017,203.88962,135.63759,127.93249,91.304596
2004-12-20,55.46875,70.16936,92.3125,17.238596,205.52597,132.79866,126.83966,89.195404
2004-12-21,54.20139,69.79032,91.6375,16.592983,203.67532,131.46309,126.21519,90.4885
2004-12-22,53.70486,69.80645,91.20625,17.705263,200.51299,131.22148,126.08439,89.17816
2004-12-23,53.54861,69.58871,91.075,17.649122,202.72078,131.18791,125.92405,88.29885
2004-12-24,53.635418,69.59677,90.74375,16.17193,200.28572,131.20134,126.01266,90.4023
2004-12-25,52.28472,69.41129,89.99375,15.624561,201.66234,130.08054,125.46835,89.01724
2004-12-26,51.55903,69.30645,89.5125,15.449122,200.62987,129.14095,125.1519,85.764366
2004-12-27,51.350693,70.3871,89.69375,17.126316,198.62338,128.86577,125.31645,85.43104
2004-12-28,53.177082,74.451614,96.075,20.59649,206.5,135.9463,132.6498,92.68965
2004-12-29,58.37153,98.83064,107.95625,33.62105,228.45454,147.07382,144.79747,100.666664
2004-12-30,75.857635,113.0,121.86875,64.75439,254.09091,167.02014,163.38818,131.21838
2004-12-31,120.03125,143.23387,170.25,100.67368,348.89612,207.61745,207.29536,173.86208
2005-01-01,147.21875,185.84677,179.64375,122.192986,386.4156,235.36241,232.52742,201.74138
2005-01-02,159.67361,188.41936,180.6,129.39648,377.0779,245.69127,232.08861,211.28162
2005-01-03,165.66667,190.19354,183.94376,136.97894,382.03247,249.85905,237.53586,217.70116
2005-01-04,166.44444,206.04033,191.5875,135.8386,402.7143,253.44966,241.11815,216.67816
2005-01-05,166.59375,214.26613,194.9625,137.37544,409.31168,254.3557,242.83545,217.21265
2005-01-06,166.92708,215.84677,193.95,138.02457,412.3052,254.30202,243.08017,218.51149
2005-01-07,168.06944,217.49193,195.46875,139.4386,404.38312,254.38927,247.70886,222.22989
2005-01-08,194.20833,243.82259,225.73125,173.98947,468.22726,287.5436,280.5865,260.5
2005-01-09,227.02083,290.2258,249.99374,190.88422,517.17535,320.8725,310.8481,289.50574
2005-01-10,235.98611,319.58066,268.01874,196.70526,550.24023,345.32214,334.04642,289.83908
2005-01-11,249.54861,349.37097,286.3625,209.26666,596.3896,359.5906,352.34177,324.45978
2005-01-12,252.6875,363.87903,292.25,208.16492,605.5065,366.6577,358.173,322.10345
2005-01-13,253.91667,366.30646,314.6125,210.52983,606.1948,366.60403,358.9789,323.0
2005-01-14,256.1736,366.07257,314.25,211.25262,606.12335,367.5235,360.41772,326.09195
2005-01-15,255.65973,365.55646,312.86874,211.57544,605.5974,366.75168,359.98312,327.5345
2005-01-16,254.78473,364.21774,310.84375,206.76842,604.20776,365.60403,358.4388,323.7701
2005-01-17,252.5243,362.84677,309.075,210.7614,603.73376,364.4564,357.01688,319.8046
2005-01-18,249.55556,363.71774,306.43124,210.33333,602.75977,363.07382,354.84387,311.0977
2005-01-19,245.9132,360.0484,303.20624,206.10876,602.0585,361.1141,353.10126,309.7931
2005-01-20,239.7118,357.92743,298.76874,201.3614,600.17535,358.36914,349.01266,298.22415
2005-01-21,234.90973,356.07257,296.3125,195.30176,598.5,355.21475,346.35022,298.01724
2005-01-22,228.84027,353.0887,293.83124,190.65263,596.7273,351.5839,343.2827,288.94254
2005-01-23,224.05902,351.12903,291.50626,183.4842,594.64935,347.651,340.4304,292.7069
2005-01-24,218.07986,349.50806,289.30624,178.32982,592.6104,343.78525,337.38397,284.1494
2005-01-25,212.79167,347.51614,282.3125,172.21404,577.8896,340.57718,336.36285,281.1494
2005-01-26,210.6632,350.05646,288.9,172.64561,596.17535,341.20807,349.0422,275.70114
2005-01-27,212.37848,358.4516,306.56876,175.34035,613.474,352.75168,365.55698,282.32184
2005-01-28,214.12848,360.90323,304.65625,184.23158,616.026,355.32214,369.17722,280.66666
2005-01-29,226.43402,372.96774,294.6125,179.72983,642.5714,372.8255,371.58228,291.55173
2005-01-30,226.51042,378.83066,313.25,182.19298,653.7727,373.3557,373.3713,296.24713
2005-01-31,224.81944,379.65323,315.49374,179.21053,653.57794,372.67114,381.3038,285.86206
2005-02-01,221.50348,378.2903,323.60626,172.89824,663.0585,370.46307,382.21097,285.93677
2005-02-02,217.4757,376.91934,321.975,177.01404,661.7013,363.97314,379.01266,281.5115
2005-02-03,214.2743,376.2903,320.1875,174.1614,660.3831,362.4698,376.9367,278.8793
2005-02-04,210.01389,375.03226,318.3875,166.3228,659.2013,361.31543,374.77216,272.1207
2005-02-05,206.21875,373.7016,316.9125,158.98245,657.4675,359.08054,371.98312,276.8908
2005-02-06,204.18056,372.6613,315.81876,153.82806,657.4286,357.37582,369.3924,278.23563
2005-02-07,202.52083,371.2742,315.95,155.90526,657.0325,361.02686,370.05484,270.3506
2005-02-08,205.30208,371.21774,316.1125,148.89824,657.8701,363.27518,370.9114,274.3506
2005-02-09,204.7743,370.7258,315.6625,151.52632,657.63635,363.0604,370.25317,270.7069
2005-02-10,203.11458,370.32257,314.95,147.47719,657.20776,358.26175,367.74683,269.66092
2005-02-11,201.46527,369.58066,313.24374,142.97894,642.76624,357.48993,365.6962,262.06897
2005-02-12,200.05556,370.44354,305.125,143.02457,659.1429,358.75168,367.1519,269.3161
2005-02-13,197.72223,369.74194,304.675,148.70526,659.8117,357.27518,366.1055,274.23563
2005-02-14,197.61458,369.2742,303.98126,133.07018,645.487,356.38925,364.33755,268.71265
2005-02-15,196.78473,367.60483,303.79376,132.88773,645.3571,356.24832,364.1097,270.86783
2005-02-16,198.94792,367.17743,322.14374,132.6421,672.67535,369.78525,381.35443,269.98276
2005-02-17,198.31944,365.75806,325.3625,133.95439,689.2727,374.1678,385.09283,260.13794
2005-02-18,195.88542,364.1855,325.1625,132.95088,688.026,374.19464,384.85233,256.88507
2005-02-19,195.44792,376.8871,331.94376,130.49123,702.2273,377.20135,388.59494,265.3046
2005-02-20,202.0625,390.09677,344.64374,147.2035,712.6299,390.66443,399.1519,290.35632
2005-02-21,206.29167,396.7742,360.75,131.1193,724.6299,398.62418,405.9325,278.93103
2005-02-22,207.55902,403.75,379.125,128.21404,743.46106,405.18793,410.8017,270.88507
2005-02-23,207.36111,407.46774,378.425,130.52632,742.3182,406.20135,410.66245,296.84482
2005-02-24,205.98264,407.62903,369.2875,126.46316,742.6883,405.9396,409.22363,289.08047
2005-02-25,204.51042,406.9758,357.3,122.75088,754.1104,405.4564,408.81857,283.74713
2005-02-26,203.1632,406.2984,357.35,118.45263,753.57794,404.98657,408.59915,290.2414
2005-02-27,203.20139,406.0887,358.26874,116.70175,753.77924,404.09396,407.8903,298.27585
2005-02-28,207.78125,407.3387,376.0875,126.11228,766.3831,416.651,420.04642,304.31033
2005-03-01,208.95486,407.24194,367.025,131.22807,769.9675,417.73825,419.77216,310.62643
2005-03-02,212.51042,405.85483,368.58124,132.3158,770.4156,423.3423,421.8481,323.0115
2005-03-03,213.43056,405.30646,368.88126,137.47719,770.14935,424.56375,422.34598,321.046
2005-03-04,212.85417,404.9355,368.33124,137.99649,769.2727,423.69128,421.23206,307.90805
2005-03-05,211.39583,405.85483,368.66876,122.22456,773.57794,423.3557,421.08017,316.9138
2005-03-06,207.73264,404.4597,366.85,116.57544,772.5844,421.61075,420.21097,307.62643
2005-03-07,203.19098,401.75806,364.9,108.39649,767.9286,418.77182,417.52744,307.78162
2005-03-08,197.13889,395.82257,360.2875,98.01755,764.974,414.1275,412.78058,302.94254
2005-03-09,188.80208,386.82257,354.78125,81.89123,761.6299,408.5839,406.57806,294.61493
2005-03-10,180.39583,372.90323,349.1,71.57895,755.43506,400.32886,400.05063,283.35632
2005-03-11,174.23264,360.7258,344.775,72.42456,748.06494,394.22147,395.66245,273.83334
2005-03-12,163.76389,343.25806,338.34375,61.582455,736.33765,385.84564,389.4979,261.47125
2005-03-13,153.93056,331.39517,333.525,53.582455,727.5195,377.0671,383.98734,251.0
2005-03-14,151.39236,326.42743,331.3125,50.74386,723.57794,374.33557,381.72574,247.5977
2005-03-15,150.55208,325.28226,330.18124,49.778946,721.6948,373.22147,381.08438,246.23563
2005-03-16,148.85417,324.30646,328.31876,50.85263,718.9805,371.1141,379.8734,243.26437
2005-03-17,147.10764,320.40323,327.9375,49.417545,715.8571,369.6443,378.76794,241.45403
2005-03-18,145.8368,318.50806,326.98126,48.645615,714.25977,368.40268,378.09705,232.7069
2005-03-19,145.19098,317.6371,326.8875,47.978947,714.0325,368.91275,379.0675,239.65517
2005-03-20,161.84375,342.3629,346.19376,59.673683,749.8182,391.42953,401.38818,265.7931
2005-03-21,177.3125,355.99194,358.96875,75.40702,772.013,409.7651,415.79324,289.13217
2005-03-22,183.98958,364.4355,367.125,85.477196,786.3896,420.83893,427.42615,305.73563
2005-03-23,205.70486,423.32257,405.8375,84.947365,855.57794,453.7181,469.1097,338.4138
2005-03-24,223.03125,436.35483,412.65,100.30526,870.1883,468.60403,474.44302,360.7586
2005-03-25,224.40625,439.1613,423.15,100.782455,876.7143,472.3423,470.5654,361.93677
2005-03-26,224.125,439.39517,430.35626,100.72983,876.4415,472.12082,474.74683,360.82758
2005-03-27,222.26736,437.3145,432.18124,95.235085,874.9156,468.91946,481.7342,351.32758
2005-03-28,226.0625,435.64517,424.4875,102.638596,881.2987,473.7651,488.76794,368.06323
2005-03-29,231.96875,458.16934,427.125,103.52982,886.16235,479.57047,491.6709,379.5977
2005-03-30,240.55208,457.48386,428.95,104.90176,886.5909,489.7114,496.79324,386.67242
2005-03-31,240.54167,456.87903,427.41876,109.45965,886.14935,489.48993,495.3924,368.28735
2005-04-01,236.6493,448.2097,434.8,97.60351,877.8701,483.8322,491.05484,380.8046
2005-04-02,231.73611,438.87903,430.0125,89.67719,845.23376,477.42953,486.11392,367.8793
2005-04-03,226.75,429.34677,426.78125,87.39649,842.026,472.7584,483.3671,380.73563
2005-04-04,234.65973,432.73386,434.8625,114.6807,857.5065,482.5235,493.6962,394.65518
2005-04-05,236.26736,435.3387,447.6875,104.519295,860.974,483.98657,494.75107,395.75287
2005-04-06,228.62848,429.0645,443.325,93.0,856.75977,478.13422,491.0675,370.18967
2005-04-07,218.7118,416.01614,436.35626,83.649124,845.474,469.4765,484.3713,359.87357
2005-04-08,221.47917,417.32257,439.8625,98.11228,850.6818,469.32214,490.0633,372.75287
2005-04-09,233.875,428.98386,441.63126,102.75439,866.2273,487.16107,504.86075,392.67816
2005-04-10,235.96875,430.83066,449.98126,97.13684,869.74023,487.5235,496.08438,406.72415
2005-04-11,231.25,436.48386,451.9875,93.47018,868.3961,485.4094,502.57385,402.3161
2005-04-12,226.10764,425.05646,447.80624,87.30526,862.6429,480.2416,499.21942,397.05746
2005-04-13,223.33333,421.28226,435.25,94.48421,855.2857,476.2349,497.77637,395.29886
2005-04-14,223.34723,420.24194,435.25626,80.8,854.22076,476.56375,497.72574,394.4655
2005-04-15,222.02083,417.12097,434.18124,84.56491,851.79224,474.42282,495.81857,395.04022
2005-04-16,214.81598,410.2258,430.9125,84.41754,844.0,469.18793,492.865,366.82758
2005-04-17,203.76042,395.84677,431.75,76.477196,833.70776,461.8255,488.27426,374.78162
2005-04-18,200.29167,387.9758,426.93124,72.48772,826.25977,454.651,484.61603,359.6207
2005-04-19,199.87848,385.75,425.85,71.926315,824.06494,453.50336,484.1983,368.89655
2005-04-20,199.3125,386.6613,425.99374,71.17544,827.8701,454.68457,485.66666,356.54022
2005-04-21,198.27777,384.25,425.15,70.82456,840.4156,453.8322,484.8945,355.34482
2005-04-22,194.06598,380.19354,422.2875,65.99298,835.93506,451.651,481.53586,360.24713
2005-04-23,187.92361,375.75806,418.8875,59.961403,831.526,445.77182,477.78058,351.546
2005-04-24,186.82639,374.3387,417.79376,59.592983,828.5195,443.46307,477.308,351.86206
2005-04-25,186.48958,375.14517,419.10626,59.017544,812.4675,442.1745,477.0042,351.84482
2005-04-26,184.0625,370.21774,417.48126,56.14386,809.6104,439.87918,475.24893,342.97702
2005-04-27,178.83333,364.15323,413.55624,51.905262,803.3182,432.1275,470.4135,324.22415
2005-04-28,176.73958,361.96774,413.6125,49.221054,803.9415,429.95972,472.4557,324.93103
2005-04-29,175.50348,368.16934,415.33124,47.71228,807.0455,428.60403,474.9325,310.89655
2005-04-30,172.29861,364.55646,413.58124,45.22456,821.93506,423.94632,473.85654,317.2931
2005-05-01,168.69098,367.1855,410.43124,42.954388,825.0,444.37582,471.00845,300.4253
2005-05-02,166.0382,353.34677,407.98126,41.094738,817.37665,439.0604,468.5443,295.72415
2005-05-03,161.45833,348.67743,405.16876,37.894737,806.64935,426.14093,464.22363,298.1092
2005-05-04,156.15973,339.4113,400.69376,33.747368,799.5065,414.02686,459.8017,278.2414
2005-05-05,151.07986,332.24194,396.3875,31.673685,792.1883,405.2416,455.7384,271.48276
2005-05-06,149.37848,343.40323,403.3625,29.56842,816.05194,404.12082,460.83966,270.1092
2005-05-07,148.8368,348.44354,403.79376,28.407017,822.13635,404.46307,461.25317,268.39655
2005-05-08,146.18402,347.4113,403.1,26.894737,823.3701,402.42953,460.35022,273.454
2005-05-09,149.88889,337.25,409.56876,30.147367,833.7013,410.7584,471.1519,285.0
2005-05-10,159.59027,340.65323,417.51874,35.238598,849.4415,430.72482,480.308,284.21265
2005-05-11,159.77777,337.32257,418.0875,30.196491,850.24023,434.51007,482.83545,265.454
2005-05-12,156.2118,329.0484,415.1625,31.94386,855.77924,429.33557,480.1983,277.02875
2005-05-13,150.34027,321.75806,410.36874,28.049122,849.03894,416.59732,473.6329,266.56323
2005-05-14,141.67708,313.96774,399.7875,23.210526,822.3182,404.83893,467.03375,250.81035
2005-05-15,134.05208,302.8871,388.875,19.210526,805.9935,390.8255,459.02954,234.18965
2005-05-16,127.83681,293.15323,376.85,19.452631,792.3571,378.7584,447.29535,226.2931
2005-05-17,128.07986,303.0645,378.51874,18.245613,802.3312,379.84564,451.88608,228.13792
2005-05-18,127.87153,290.76614,379.1375,18.97193,800.6883,360.08054,454.11813,228.10345
2005-05-19,126.045135,281.75,375.1625,18.645615,784.3961,352.04028,449.827,231.23563
2005-05-20,118.74653,272.66934,364.975,17.757895,768.487,339.60403,443.20255,224.77011
2005-05-21,113.229164,262.87097,351.075,17.754387,747.6299,330.66443,438.0886,220.18965
2005-05-22,105.84028,252.2742,344.475,15.919298,729.64935,318.90604,431.83966,207.45976
2005-05-23,96.02431,239.30646,332.5375,13.729825,705.20776,304.77182,424.16034,193.47127
2005-05-24,88.21875,228.01613,322.225,11.873684,687.4415,290.79193,414.9578,178.6207
2005-05-25,80.416664,217.16129,314.23126,9.845614,662.6299,280.5436,405.99155,163.2069
2005-05-26,71.541664,202.55646,306.9875,7.235088,637.03894,268.0604,395.04642,146.37357
2005-05-27,62.24653,190.62097,295.90625,4.82807,607.44806,250.51007,383.10126,127.48276
2005-05-28,53.70139,179.37903,284.85626,3.0701754,581.3701,236.57047,370.51898,110.37931
2005-05-29,50.03125,170.70161,269.3375,2.722807,544.14935,227.89932,363.1266,104.41954
2005-05-30,48.430557,165.64516,261.99374,2.585965,527.487,224.71812,360.45148,100.51724
2005-05-31,44.895832,161.19354,255.7,2.2666667,517.87665,218.13423,354.75107,91.18391
2005-06-01,39.71528,151.04839,247.375,1.9578947,503.82468,211.10068,344.8481,77.32758
2005-06-02,35.77778,148.62903,232.95625,1.7368422,486.97403,203.01343,335.88187,71.22414
2005-06-03,33.52778,145.2258,227.28125,1.6105263,474.17532,197.61745,330.87762,66.574715
2005-06-04,31.434029,140.78226,221.58125,1.4877193,461.10388,192.77852,324.5021,61.235634
2005-06-05,28.73264,134.79033,214.825,1.3719299,448.14935,186.54362,311.7595,55.304596
2005-06-06,27.85764,132.20161,212.55,1.3368421,440.72726,183.63087,302.64978,53.04598
2005-06-07,27.791666,131.5,208.98125,1.1964912,435.83118,182.63087,299.9578,52.896553
2005-06-08,27.76736,131.20161,204.79375,1.214035,428.83768,181.7651,296.0886,52.563217
2005-06-09,27.96875,130.58871,203.78125,1.3368421,425.34415,180.10738,292.24472,52.42529
2005-06-10,25.9375,129.91936,202.1625,1.2666667,418.43506,174.04027,288.48944,48.442528
2005-06-11,24.100695,127.66129,191.99374,1.1614035,406.11688,167.40268,281.74683,43.563217
2005-06-12,21.868055,124.870964,175.3875,1.045614,391.2078,162.69798,272.62448,39.603447
2005-06-13,19.614584,118.6129,165.18124,0.9122807,377.1948,156.32886,262.45148,34.706898
2005-06-14,16.243055,99.548386,144.75626,0.71929824,353.38312,146.97986,249.29114,29.505747
2005-06-15,13.142361,92.1129,134.0,0.5368421,356.01947,137.27516,240.0211,25.408047
2005-06-16,10.840278,86.508064,127.35625,0.36491227,339.33768,128.8792,229.67511,18.902298
2005-06-17,10.180555,83.98387,124.93125,0.34035087,331.83118,125.39597,225.97046,16.33908
2005-06-18,9.864583,83.66936,124.76875,0.3122807,329.9935,127.28859,227.25739,17.83908
2005-06-19,10.253472,83.58064,124.2375,0.3122807,328.2922,125.469795,226.20253,17.252874
2005-06-20,9.170139,82.41936,122.20625,0.25964913,320.4091,122.2953,223.01688,15.626437
2005-06-21,7.4270835,86.0,116.8875,0.14385965,306.2922,115.62416,214.40929,13.988505
2005-06-22,6.0729165,79.66129,117.51875,0.031578947,294.88962,105.79866,210.09283,12.431034
2005-06-23,4.670139,89.645164,111.125,0.0,284.13635,87.32886,191.45992,10.643678
2005-06-24,3.4375,84.201614,104.91875,0.0,276.81818,80.442955,182.04219,8.701149
2005-06-25,2.6145833,79.879036,99.41875,0.0,258.74026,74.845634,173.67511,6.7873564
2005-06-26,2.3576388,77.33871,95.875,0.0,246.47403,71.255035,168.61182,5.4367814
2005-06-27,1.8333334,74.354836,91.85625,0.0,237.9026,67.89262,163.42194,4.195402
2005-06-28,1.3472222,70.71774,87.0,0.0,229.35715,64.181206,147.83122,3.1436782
2005-06-29,1.03125,67.129036,82.06875,0.0,221.05194,58.81208,134.22363,2.0632184
2005-06-30,0.71875,67.84677,75.60625,0.0,208.68182,51.778522,129.27003,0.7011494
2005-07-01,0.4513889,60.94355,67.0125,0.0,194.88312,46.43624,117.52743,0.14367816
2005-07-02,0.2361111,55.169353,57.9625,0.0,179.65584,41.00671,105.92827,0.0
2005-07-03,0.048611112,48.75,50.24375,0.0,166.26624,36.75839,96.23629,0.0
2005-07-04,0.0,42.70968,43.45625,0.0,157.12338,33.140938,87.64135,0.0
2005-07-05,0.0,38.51613,37.5875,0.0,144.94156,29.436241,79.11814,0.0
2005-07-06,0.0,35.080647,31.89375,0.0,133.92207,29.147652,69.3924,0.0
2005-07-07,0.0,31.790323,26.50625,0.0,123.43507,25.409395,60.329113,0.0
2005-07-08,0.0,28.733871,21.9,0.0,112.68831,22.087248,52.156116,0.0
2005-07-09,0.0,26.35484,18.0625,0.0,104.25325,19.308725,45.35865,0.0
2005-07-10,0.0,24.685484,15.38125,0.0,125.88312,17.436241,40.64135,0.0
2005-07-11,0.0,23.064516,13.2375,0.0,117.266235,15.2617445,35.57806,0.0
2005-07-12,0.0,20.459677,10.93125,0.0,105.43507,12.731544,29.447258,0.0
2005-07-13,0.0,17.153225,8.69375,0.0,97.13636,8.671141,21.160337,0.0
2005-07-14,0.0,14.620968,7.075,0.0,80.91558,6.4026847,15.953587,0.0
2005-07-15,0.0,12.290322,5.5125,0.0,66.75974,4.308725,11.295359,0.0
2005-07-16,0.0,10.314516,4.45,0.0,56.103897,2.4697986,7.7805905,0.0
2005-07-17,0.0,8.064516,2.88125,0.0,44.87013,1.0402684,5.278481,0.0
2005-07-18,0.0,6.233871,1.45625,0.0,34.967533,0.5167785,3.2953587,0.0
2005-07-19,0.0,4.419355,0.55625,0.0,27.75974,0.046979867,1.8312236,0.0
2005-07-20,0.0,3.153226,0.19375,0.0,21.66883,0.0,0.8902954,0.0
2005-07-21,0.0,2.2903225,0.0,0.0,16.025974,0.0,0.20675105,0.0
2005-07-22,0.0,1.5645162,0.0,0.0,12.019481,0.0,0.0,0.0
2005-07-23,0.0,0.91129035,0.0,0.0,9.123377,0.0,0.0,0.0
2005-07-24,0.0,0.2983871,0.0,0.0,6.5064936,0.0,0.0,0.0
2005-07-25,0.0,0.008064516,0.0,0.0,4.551948,0.0,0.0,0.0
2005-07-26,0.0,0.0,0.0,0.0,3.2922077,0.0,0.0,0.0
2005-07-27,0.0,0.0,0.0,0.0,2.090909,0.0,0.0,0.0
2005-07-28,0.0,0.0,0.0,0.0,1.1428572,0.0,0.0,0.0
2005-07-29,0.0,0.0,0.0,0.0,0.46753246,0.0,0.0,0.0
2005-07-30,0.0,0.0,0.0,0.0,0.0064935065,0.0,0.0,0.0
2005-07-31,0.0,0.0,0.0,0.0,0.0,0.0,0.0,0.0
2005-08-01,0.0,0.0,0.0,0.0,0.0,0.0,0.0,0.0
2005-08-02,0.0,0.0,0.0,0.0,0.0,0.0,0.0,0.0
2005-08-03,0.0,0.0,0.0,0.0,0.0,0.0,0.0,0.0
2005-08-04,0.0,0.0,0.0,0.0,0.0,0.0,0.0,0.0
2005-08-05,0.0,0.0,0.0,0.0,0.0,0.0,0.0,0.0
2005-08-06,0.0,0.0,0.0,0.0,0.0,0.0,0.0,0.0
2005-08-07,0.0,0.0,0.0,0.0,0.0,0.0,0.0,0.0
2005-08-08,0.0,0.0,0.0,0.0,0.0,0.0,0.0,0.0
2005-08-09,0.0,0.0,0.0,0.0,0.0,0.0,0.0,0.0
2005-08-10,0.0,0.0,0.0,0.0,0.0,0.0,0.0,0.0
2005-08-11,0.0,0.0,0.0,0.0,0.0,0.0,0.0,0.0
2005-08-12,0.0,0.0,0.0,0.0,0.0,0.0,0.0,0.0
2005-08-13,0.0,0.0,0.0,0.0,0.0,0.0,0.0,0.0
2005-08-14,0.0,0.0,0.0,0.0,0.0,0.0,0.0,0.0
2005-08-15,0.0,0.0,0.0,0.0,0.0,0.0,0.0,0.0
2005-08-16,0.0,0.07258064,0.0,0.0,0.0,0.0,0.0,0.0
2005-08-17,0.0,0.0,0.0,0.0,0.0,0.0,0.0,0.0
2005-08-18,0.0,0.0,0.0,0.0,0.0,0.0,0.0,0.0
2005-08-19,0.0,0.0,0.0,0.0,0.0,0.0,0.0,0.0
2005-08-20,0.0,0.0,0.0,0.0,0.0,0.0,0.0,0.0
2005-08-21,0.0,0.0,0.0,0.0,0.0,0.0,0.0,0.0
2005-08-22,0.0,0.0,0.0,0.0,0.0,0.0,0.0,0.0
2005-08-23,0.0,0.0,0.0,0.0,0.0,0.0,0.0,0.0
2005-08-24,0.0,0.0,0.0,0.0,0.0,0.0,0.0,0.0
2005-08-25,0.0,0.0,0.0,0.0,0.0,0.0,0.0,0.0
2005-08-26,0.0,0.0,0.0,0.0,0.0,0.0,0.0,0.0
2005-08-27,0.0,0.0,0.0,0.0,0.0,0.0,0.0,0.0
2005-08-28,0.0,0.0,0.0,0.0,0.0,0.0,0.0,0.0
2005-08-29,0.0,0.0,0.0,0.0,0.0,0.0,0.0,0.0
2005-08-30,0.0,0.0,0.0,0.0,0.0,0.0,0.0,0.0
2005-08-31,0.0,0.0,0.0,0.0,0.0,0.0,0.0,0.0
2005-09-01,0.0,0.0,0.0,0.0,0.0,0.0,0.0,0.0
2005-09-02,0.0,0.0,0.0,0.0,0.0,0.0,0.0,0.0
2005-09-03,0.0,0.0,0.0,0.0,0.0,0.0,0.0,0.0
2005-09-04,0.0,0.0,0.0,0.0,0.0,0.0,0.0,0.0
2005-09-05,0.0,0.0,0.0,0.0,0.0,0.0,0.0,0.0
2005-09-06,0.0,0.0,0.0,0.0,0.0,0.0,0.0,0.0
2005-09-07,0.0,0.0,0.0,0.0,0.0,0.0,0.0,0.0
2005-09-08,0.0,0.0,0.0,0.0,0.0,0.0,0.0,0.0
2005-09-09,0.0,0.0,0.0,0.0,0.0,0.0,0.0,0.0
2005-09-10,0.0,0.0,0.0,0.0,0.0,0.0,0.0,0.0
2005-09-11,0.0,0.0,0.0,0.0,0.0,0.0,0.0,0.0
2005-09-12,0.0,0.0,0.0,0.0,0.0,0.0,0.0,0.0
2005-09-13,0.0,0.0,0.0,0.0,0.0,0.0,0.0,0.0
2005-09-14,0.0,0.0,0.0,0.0,0.0,0.0,0.0,0.0
2005-09-15,0.0,0.0,0.0,0.0,0.0,0.0,0.0,0.0
2005-09-16,0.0,0.0,0.0,0.0,0.0,0.0,0.0,0.0
2005-09-17,0.0,0.0,0.0,0.0,0.0,0.0,0.0,0.0
2005-09-18,0.0,0.0,0.0,0.0,0.0,0.0,0.0,0.0
2005-09-19,0.0,0.0,0.0,0.0,0.0,0.0,0.0,0.0
2005-09-20,0.0,0.0,0.0,0.0,0.0,0.0,0.0,0.0
2005-09-21,0.0,1.0241935,0.0,0.0,0.103896104,0.0,0.0,0.0
2005-09-22,0.0,0.983871,0.0,0.0,0.025974026,0.0,0.0,0.0
2005-09-23,0.0,0.4919355,0.0,0.0,0.0,0.0,0.0,0.0
2005-09-24,0.0,0.23387097,0.0,0.0,0.0,0.0,0.0,0.0
2005-09-25,0.0,0.21774194,0.0,0.0,0.0,0.0,0.0,0.0
2005-09-26,0.0,0.18548387,0.0,0.0,0.0,0.0,0.0,0.0
2005-09-27,0.0,2.1209676,0.1125,0.0,0.71428573,0.0,0.1814346,0.0
2005-09-28,0.0,1.8306452,0.04375,0.0,0.38961038,0.0,0.07172996,0.0
2005-09-29,0.0,1.3064516,0.0,0.0,0.019480519,0.0,0.0,0.0
2005-09-30,0.0,0.5241935,0.0,0.0,0.0,0.0,0.0,0.0
2005-10-01,0.0,0.10483871,0.0,0.0,0.0,0.0,0.0,0.0
2005-10-02,0.0,0.04032258,0.0,0.0,0.0,0.0,0.0,0.0
2005-10-03,0.0,0.032258064,0.0,0.0,0.0,0.0,0.0,0.0
2005-10-04,0.0,0.032258064,0.0,0.0,0.0,0.0,0.0,0.0
2005-10-05,0.0,0.032258064,0.0,0.0,0.0,0.0,0.0,0.0
2005-10-06,0.0,0.032258064,0.0,0.0,0.0,0.0,0.0,0.0
2005-10-07,0.0,0.008064516,0.0,0.0,0.0,0.0,0.0,0.0
2005-10-08,0.0,0.0,0.0,0.0,0.0,0.0,0.0,0.0
2005-10-09,0.0,0.0,0.0,0.0,0.0,0.0,0.0,0.0
2005-10-10,0.0,0.0,0.0,0.0,0.0,0.0,0.0,0.0
2005-10-11,0.0,0.0,0.0,0.0,0.0,0.0,0.0,0.0
2005-10-12,0.0,0.0,0.0,0.0,0.0,0.0,0.0,0.0
2005-10-13,0.0,0.0,0.0,0.0,0.0,0.0,0.0,0.0
2005-10-14,0.0,0.0,0.0,0.0,0.0,0.0,0.0,0.0
2005-10-15,0.0,0.0,0.0,0.0,0.0,0.0,0.0,0.0
2005-10-16,0.0,0.8951613,0.0,0.0,0.032467533,0.0,0.0,0.0
2005-10-17,0.0,0.5,0.0,0.0,0.032467533,0.0,0.0,0.0
2005-10-18,0.0,0.87096775,0.0,0.0,0.019480519,0.0,0.0,0.0
2005-10-19,0.0,0.8467742,0.0,0.0,0.038961038,0.0,0.0,0.0
2005-10-20,0.0,0.91129035,0.0,0.0,0.032467533,0.0,0.0,0.0
2005-10-21,0.0,0.83870965,0.0,0.0,0.025974026,0.0,0.0,0.0
2005-10-22,0.0,0.766129,0.0,0.0,0.0,0.0,0.0,0.0
2005-10-23,0.0,0.62096775,0.0,0.0,0.0,0.0,0.0,0.0
2005-10-24,0.0,0.41129032,0.0,0.0,0.0,0.0,0.0,0.0
2005-10-25,0.0,0.47580644,0.0,0.0,0.019480519,0.0,0.0,0.0
2005-10-26,0.0,0.3951613,0.0,0.0,0.019480519,0.0,0.0,0.0
2005-10-27,0.0,0.5403226,0.04375,0.34385964,0.019480519,0.020134227,0.16455697,0.022988506
2005-10-28,0.30208334,1.3629032,2.13125,0.522807,2.909091,1.0604026,2.7172995,0.21264368
2005-10-29,0.27430555,1.8548387,1.96875,0.65964913,3.6623378,1.0536913,2.8649788,0.82758623
2005-10-30,0.25,1.8467742,1.4125,0.6035088,3.1623378,0.88590604,2.379747,0.7241379
2005-10-31,0.114583336,1.8467742,1.28125,0.5122807,3.090909,0.58389264,1.742616,0.46551725
2005-11-01,0.0,1.032258,0.14375,0.26666668,1.1753247,0.147651,0.5864979,0.06896552
2005-11-02,0.0,0.7741935,0.0,0.18947369,0.17532468,0.0067114094,0.1392405,0.0
2005-11-03,0.0034722222,0.7741935,0.0,1.1403508,0.17532468,0.093959734,0.2616034,0.0
2005-11-04,1.0798612,0.62096775,0.00625,4.0982456,0.17532468,0.17449665,0.34599155,4.770115
2005-11-05,1.8402778,0.6048387,0.00625,3.9438596,0.17532468,0.2885906,0.3206751,5.793103
2005-11-06,1.7013888,0.766129,0.0,3.9719298,0.17532468,0.20134228,0.31223628,5.7586207
2005-11-07,0.8958333,0.9758065,0.0,3.1894736,0.17532468,0.11409396,0.20675105,4.4252872
2005-11-08,0.8923611,0.7822581,0.25625,5.140351,0.512987,1.0402684,1.5316455,3.6666667
2005-11-09,0.42708334,0.7822581,0.46875,4.2842107,1.2597402,1.3221476,2.2362869,2.3735633
2005-11-10,0.1736111,0.7822581,0.2375,3.6210527,1.0649351,1.2080537,1.8945148,0.8908046
2005-11-11,0.027777778,1.467742,0.2,3.322807,1.1298702,1.0134228,1.7763714,0.42528737
2005-11-12,0.0034722222,1.75,0.18125,3.2385964,1.1298702,0.9932886,1.7848102,0.31034482
2005-11-13,0.0,1.75,0.14375,3.1403508,1.2467532,0.8791946,1.6455696,0.18965517
2005-11-14,0.0,1.4758065,0.05,2.9473684,1.0844156,0.68456376,1.3248945,0.10344828
2005-11-15,0.0,1.6370968,0.0,2.7578948,0.8181818,0.557047,1.0379747,0.03448276
2005-11-16,0.0,1.032258,0.0,2.491228,0.22727273,0.48322147,0.814346,0.0
2005-11-17,0.0,1.1935484,0.0,2.42807,0.103896104,0.2751678,0.57383966,0.0
2005-11-18,0.0,1.0887097,0.0,2.1578948,0.038961038,0.18791947,0.43881857,0.0
2005-11-19,0.0,0.9516129,0.0,1.8947369,0.0064935065,0.06711409,0.278481,0.0
2005-11-20,0.0,0.8064516,0.0,1.6421052,0.0,0.0,0.13502109,0.0
2005-11-21,0.0,0.7741935,0.0,1.3894737,0.0,0.0,0.046413504,0.0
2005-11-22,0.0,0.766129,0.0,1.2070175,0.0,0.0,0.021097047,0.0
2005-11-23,0.0,0.733871,0.0,1.4491228,0.0,0.0,0.008438818,0.0
2005-11-24,0.0,0.733871,0.0,1.3438597,0.0,0.0,0.0,0.0
2005-11-25,0.0,0.733871,0.0,1.277193,0.0,0.0,0.0,0.0
2005-11-26,3.8298612,0.58064514,1.68125,6.7403507,0.16883117,3.2550335,2.793249,6.1494255
2005-11-27,4.2430553,0.58870965,1.675,6.4350877,0.17532468,3.422819,2.9156117,6.448276
2005-11-28,4.8159723,0.58870965,1.68125,6.6807017,0.17532468,3.3355706,2.9451478,6.488506
2005-11-29,14.732639,1.3467742,10.0375,17.02807,9.649351,21.221476,17.831224,16.971264
2005-11-30,20.447916,2.169355,14.70625,21.178947,16.188313,28.510067,24.586498,20.810345
2005-12-01,21.663195,2.2419355,16.4125,31.126316,15.331169,29.087248,25.42616,25.488506
2005-12-02,35.03472,20.701612,52.44375,41.19298,84.40909,57.09396,61.907173,39.597702
2005-12-03,35.98611,44.25,57.39375,38.785965,101.24675,59.610737,65.4346,40.04023
2005-12-04,36.01389,44.572582,57.36875,38.88421,101.454544,59.84564,65.42616,41.643677
2005-12-05,35.975693,44.30645,57.0375,38.761402,100.31169,61.362415,65.4346,41.95977
2005-12-06,35.947918,43.91129,56.48125,35.249123,98.376625,61.47651,65.35443,41.172413
2005-12-07,35.875,42.83871,56.26875,38.54386,98.233765,61.53691,65.14768,40.706898
2005-12-08,37.68403,44.451614,58.49375,38.782455,103.67532,64.57047,67.586494,40.327587
2005-12-09,37.77778,43.935482,58.70625,37.978947,105.545456,65.65101,67.940926,39.712643
2005-12-10,37.69097,43.177418,58.30625,37.182457,105.35065,65.57718,67.57384,39.132183
2005-12-11,36.62153,41.870968,57.84375,34.08772,104.90909,65.456375,67.177216,41.143677
2005-12-12,35.94097,40.94355,57.675,32.259647,104.56493,64.62416,66.96203,40.04598
2005-12-13,35.444443,40.467743,58.5,32.333332,104.61039,64.42953,67.5654,39.408047
2005-12-14,35.04514,40.55645,58.40625,31.901754,104.02597,64.0,67.379745,38.310345
2005-12-15,33.930557,40.177418,58.15,30.968422,104.344154,63.55705,67.181435,47.86207
2005-12-16,33.30903,40.10484,58.11875,29.466667,104.24026,63.449665,66.80591,47.695404
2005-12-17,32.760418,40.096775,58.36875,29.694736,104.49351,63.046978,67.19831,47.132183
2005-12-18,36.413193,42.298386,65.24375,35.77544,111.12987,81.979866,83.054855,54.327587
2005-12-19,47.791668,72.54032,88.7875,40.954388,170.57143,106.2953,107.02953,48.33908
2005-12-20,47.100693,74.629036,89.50625,41.880703,170.93506,108.067116,109.98312,55.86207
2005-12-21,46.354168,72.241936,90.93125,40.508774,170.82468,106.8859,109.7173,57.224136
2005-12-22,49.22222,69.3871,96.7875,39.757896,172.66234,109.0,117.04642,56.83908
2005-12-23,47.06597,65.620964,99.59375,32.968422,171.98051,111.48993,122.337555,54.988506
2005-12-24,45.43403,62.33871,98.975,29.585964,169.45454,110.39597,121.308014,51.04598
2005-12-25,43.875,58.887096,97.4625,26.694736,166.61688,108.69128,120.827,49.063217
2005-12-26,50.28125,61.330647,104.9125,28.719297,177.59091,119.81208,133.67088,69.62069
2005-12-27,57.385418,70.41129,112.91875,34.36842,194.7987,130.63087,142.87764,77.534485
2005-12-28,62.26389,68.354836,114.825,36.33684,195.6039,136.71141,148.25316,75.425285
2005-12-29,69.732635,69.491936,124.81875,45.077194,216.1039,147.06041,162.10971,96.166664
2005-12-30,70.986115,69.91129,125.00625,53.91579,215.77272,148.93289,163.46414,88.45977
2005-12-31,84.545135,71.870964,143.50626,57.582455,238.6039,166.11409,183.96625,122.56322
2006-01-01,95.927086,114.8871,168.08125,75.0386,303.37662,189.97986,206.4979,130.89655
2006-01-02,105.1875,162.20161,188.825,112.58597,352.15585,207.6443,228.76793,144.55173
2006-01-03,118.239586,221.25807,199.1875,105.08772,426.44806,235.5302,262.21942,156.95403
2006-01-04,119.979164,223.4758,201.50626,121.617546,429.18832,237.36913,261.35022,160.97127
2006-01-05,120.666664,222.95161,223.025,102.361404,430.0974,236.79866,264.42194,156.65517
2006-01-06,117.635414,221.74193,222.175,110.15088,428.61038,235.89932,263.3924,157.82184
2006-01-07,114.52431,220.68549,221.05624,106.189476,427.66882,235.08054,262.3924,148.33908
2006-01-08,114.545135,220.1129,221.3625,107.80351,428.02597,236.27516,262.87762,152.21265
2006-01-09,114.09722,219.87097,220.70625,105.59298,427.7857,235.93289,262.61603,157.26437
2006-01-10,112.66319,218.83064,219.49374,102.67017,427.74677,235.53691,261.87762,145.71838
2006-01-11,111.75,218.3629,218.95,104.41053,427.42856,235.30202,261.29114,145.17816
2006-01-12,112.9375,217.70967,218.89375,96.905266,427.25323,236.19463,261.3924,156.95403
2006-01-13,112.114586,217.10484,218.5375,97.4386,427.77274,235.98657,260.63715,145.83908
2006-01-14,111.458336,216.19354,217.63126,109.70175,427.0844,237.71812,261.33755,175.10919
2006-01-15,131.62152,240.41936,236.45625,132.28772,461.94156,260.20807,287.62448,207.17816
2006-01-16,132.72917,246.30646,234.63126,132.40701,464.23376,261.1275,281.3671,179.73563
2006-01-17,133.7118,245.46774,234.55,127.52631,464.72726,261.8926,281.21097,189.35057
2006-01-18,138.75694,245.56451,233.8,156.74738,470.31818,268.57047,288.49368,200.06897
2006-01-19,156.23958,255.06451,222.65,166.2035,488.02597,282.698,303.79324,218.47127
2006-01-20,157.08333,255.5,221.06876,155.9193,488.5909,283.51678,298.46414,212.31609
2006-01-21,157.67361,255.58064,243.5125,177.7965,489.0,284.10068,301.96625,209.2931
2006-01-22,157.38889,255.55646,243.01875,157.34035,488.93506,284.1745,301.21942,203.06322
2006-01-23,157.67014,255.7258,242.75626,165.03859,488.72726,283.90604,300.83124,199.12643
2006-01-24,156.77777,255.23387,241.4875,158.17894,488.18182,283.03357,300.1941,208.18391
2006-01-25,155.99306,254.37097,246.10625,164.56842,488.73376,281.36243,299.07172,190.0747
2006-01-26,155.65973,254.04033,245.675,166.95439,488.03897,280.8188,298.53586,197.023
2006-01-27,158.24652,253.85484,240.95625,176.42105,486.7013,282.09396,301.17722,208.8046
2006-01-28,160.01736,253.85484,240.5375,182.61754,486.65585,282.2953,300.83545,205.63792
2006-01-29,166.82292,252.7742,220.95,191.97543,487.7143,286.27518,301.84387,221.36208
2006-01-30,166.80902,251.45967,250.425,185.89473,488.7013,286.1141,310.60336,217.3046
2006-01-31,174.54861,252.66129,253.125,203.4386,493.66882,292.8255,314.8945,228.73563
2006-02-01,176.4618,252.37097,252.65625,193.4807,493.87012,293.22818,314.60336,221.95403
2006-02-02,179.93056,250.43549,252.4875,190.04912,492.55844,294.10068,314.46414,255.9253
2006-02-03,180.90277,248.54033,252.44376,185.12982,491.5,296.30872,314.81012,243.02873
2006-02-04,179.61806,246.06451,251.15625,168.47017,490.47403,295.05368,313.1266,212.61494
2006-02-05,182.46875,244.46774,250.68124,175.97192,489.61688,295.8859,312.85233,244.64943
2006-02-06,182.10417,242.95967,249.55,168.81053,488.88312,295.26175,311.6076,261.66666
2006-02-07,181.56944,240.62097,248.46875,180.37895,486.74677,294.2819,310.52744,228.85057
2006-02-08,178.88542,237.99193,246.58125,189.29123,484.9156,292.96643,309.28693,258.9885
2006-02-09,175.82986,234.25,244.325,152.55087,481.2857,292.1141,307.88608,253.71265
2006-02-10,173.57292,228.2742,242.24374,142.02106,477.7987,291.1275,306.68777,234.88506
2006-02-11,170.4132,222.3871,240.66875,139.26666,474.94806,288.8188,305.5865,244.81035
2006-02-12,166.0,216.4758,239.2875,139.14035,472.4156,286.26175,304.54007,245.89081
2006-02-13,160.625,211.0242,237.95625,129.77193,469.92856,284.24832,303.7004,245.94827
2006-02-14,157.29861,205.18549,236.5,122.82807,466.83118,284.349,302.8017,225.55746
2006-02-15,156.95139,203.46774,236.33125,122.38596,466.10388,284.04028,302.70465,266.66092
2006-02-16,157.36111,203.3629,233.55,121.23158,465.5065,285.04028,302.98312,218.49425
2006-02-17,158.49306,203.20967,230.63126,123.08772,465.5974,285.5235,297.9789,216.72989
2006-02-18,166.8507,210.23387,223.80624,167.6842,480.67532,292.32214,305.0,244.22414
2006-02-19,171.37152,212.44354,229.2625,150.37544,489.54544,296.97986,310.72995,241.24713
2006-02-20,172.73611,214.87903,231.85625,147.94386,496.66232,299.57718,313.20255,242.84483
2006-02-21,172.35764,214.41936,231.9375,143.25613,496.77274,299.32214,312.81857,227.54024
2006-02-22,171.90277,214.25807,227.95,140.6772,496.7078,299.48993,306.60336,236.21265
2006-02-23,169.92708,215.0,244.64375,142.21053,496.35065,298.2819,312.08438,230.09195
2006-02-24,165.65625,212.3629,243.4125,128.50526,494.68182,295.51678,310.55273,226.55746
2006-02-25,162.95833,210.09677,242.45625,123.25263,492.47403,293.61746,309.32068,222.39081
2006-02-26,161.65277,206.08064,244.725,123.789474,490.72076,292.02686,308.22363,227.0
2006-02-27,161.84723,204.32259,247.5125,131.5193,483.2143,293.36243,312.31223,224.26437
2006-02-28,168.60417,228.66936,269.20624,124.00351,537.3701,302.87918,332.51898,233.55746
2006-03-01,175.15277,235.45967,275.025,144.23509,551.33765,306.8926,337.62448,234.91379
2006-03-02,177.33333,236.14516,278.2375,165.69122,551.4026,307.75168,340.05063,239.95403
2006-03-03,193.9757,237.73387,280.79376,149.74738,565.4675,325.1745,355.1055,256.24713
2006-03-04,212.19098,254.74193,288.8625,170.6807,609.07794,348.1141,377.0422,266.2701
2006-03-05,212.36806,257.76614,288.225,152.42105,607.8312,348.63757,375.65823,267.55173
2006-03-06,214.61111,257.15323,288.79376,225.41403,621.474,352.4698,377.72153,275.47125
2006-03-07,224.04167,276.57257,316.9125,223.10527,646.86365,362.09396,389.0675,350.97702
2006-03-08,232.12152,285.2742,299.25,224.19298,643.5714,369.49664,390.08017,291.8046
2006-03-09,233.32986,286.40323,318.0625,228.86667,646.6948,373.60403,387.77637,361.7069
2006-03-10,243.01736,292.07257,306.73126,231.39648,657.76624,389.4698,403.59494,322.21838
2006-03-11,254.0,301.4597,313.95,257.58246,668.0974,403.4698,412.70886,322.64368
2006-03-12,257.7604,307.24194,318.43124,240.19298,674.4156,407.5906,416.5232,393.14368
2006-03-13,262.6771,311.73386,319.8625,260.46667,677.4026,409.98657,416.2996,349.58047
2006-03-14,267.59027,321.25806,320.0875,283.72632,676.513,414.13422,420.308,361.67816
2006-03-15,283.0868,321.42743,331.4,296.54034,695.53894,434.1745,436.308,381.16092
2006-03-16,284.60764,321.67743,329.0,294.3544,694.0195,424.12082,432.75107,358.52298
2006-03-17,288.2604,320.6371,330.51874,313.71228,693.8896,425.07382,439.96204,451.18967
2006-03-18,294.35416,322.41934,337.6125,303.38245,704.9091,433.77182,447.92404,439.6494
2006-03-19,294.60416,323.92743,337.89374,296.5263,712.8052,435.22147,447.18567,433.63217
2006-03-20,294.37848,324.58066,337.025,298.37192,714.2987,435.33557,444.2574,375.6839
2006-03-21,299.03125,339.6371,351.73126,308.56842,739.92206,445.25504,464.64557,389.0862
2006-03-22,298.9375,342.0484,346.19376,300.5579,736.9805,445.0,450.75107,384.36206
2006-03-23,297.35416,341.8387,347.79376,298.97192,735.70776,444.8725,455.865,460.06897
2006-03-24,291.9236,336.41934,367.95624,265.2772,733.25977,439.32214,455.07172,377.49426
2006-03-25,289.375,328.80646,363.79376,259.65964,728.77924,434.32886,452.07172,424.66666
2006-03-26,308.52084,339.17743,352.6,271.29474,761.70776,452.36243,467.1519,429.21838
2006-03-27,307.05554,337.0887,351.4875,264.97543,756.3182,453.89932,465.91983,383.4138
2006-03-28,303.84375,339.5484,377.7875,253.81755,766.013,447.27518,468.08438,427.3793
2006-03-29,314.8125,375.82257,393.76874,259.3158,817.9675,465.698,489.9578,473.36206
2006-03-30,314.5486,377.60483,393.46875,253.23158,811.5,466.32214,485.7637,432.36206
2006-03-31,316.8646,377.2742,393.8,244.35088,816.1104,468.09396,488.70886,398.8793
2006-04-01,334.3889,384.1371,407.58124,291.54385,838.14935,487.57718,505.0886,422.55173
2006-04-02,334.7396,394.9113,408.41876,257.42456,839.2987,491.31543,503.8734,515.7759
2006-04-03,336.66666,394.6855,419.2625,283.3649,851.5,496.2349,508.02533,480.63794
2006-04-04,339.40625,409.41934,434.6875,284.15088,918.6104,506.94632,520.7215,511.63217
2006-04-05,356.30902,437.64517,460.0875,285.8421,974.64935,528.61743,552.1224,513.4138
2006-04-06,359.46527,453.69354,467.2625,275.6772,989.3896,534.06714,555.0084,521.93677
2006-04-07,356.66666,451.1613,465.93124,264.02457,988.3896,532.4765,552.4768,518.18964
2006-04-08,355.24304,446.78226,466.325,261.65613,987.1039,529.8188,549.4852,518.83905
2006-04-09,353.97223,442.98386,466.3375,259.9193,986.0585,527.97314,547.5992,519.2586
2006-04-10,355.15973,440.69354,466.725,266.65262,984.20776,527.6443,547.6709,525.0402
2006-04-11,359.7743,440.14517,470.125,259.54736,985.1558,533.75836,551.6118,529.6839
2006-04-12,362.20834,441.0403,474.3375,265.50876,989.4415,537.4094,556.7342,536.65515
2006-04-13,359.72223,434.89517,482.11874,258.3509,989.6039,534.5906,554.30804,551.77014
2006-04-14,354.60764,426.12097,477.31876,248.09123,985.9935,527.24164,550.0675,533.62067
2006-04-15,350.7396,426.33066,477.55624,248.62105,985.4156,521.9597,548.43884,516.27014
2006-04-16,351.7361,425.99194,476.3875,266.02808,984.70776,521.72485,547.1941,528.67816
2006-04-17,388.7257,429.16934,480.6375,317.22806,998.4545,556.4228,559.8228,587.93677
2006-04-18,388.28473,431.08066,482.69376,277.51227,1002.3571,557.6577,565.68774,573.592
2006-04-19,388.03473,428.8871,483.56876,281.46667,997.5325,554.36914,567.9451,575.1667
2006-04-20,379.44446,420.9113,486.83124,295.61053,994.82465,542.71814,559.6667,563.87933
2006-04-21,368.15625,407.03226,481.3875,263.6842,988.29224,533.37585,553.49365,586.408
2006-04-22,360.0382,398.83066,478.64374,247.52983,978.8961,528.02014,550.4599,574.89655
2006-04-23,355.31598,401.4758,479.13126,270.05615,978.9545,529.0604,551.62445,573.6437
2006-04-24,351.4375,403.9516,479.68124,261.1263,986.5844,526.8792,551.29535,569.27014
2006-04-25,344.90277,403.7258,477.71875,253.18596,981.3831,521.89935,548.68774,514.26434
2006-04-26,338.03125,399.40323,475.80624,250.52983,979.1883,516.1611,546.5654,567.8563
2006-04-27,327.94446,397.8387,472.35626,238.3158,973.9156,508.83893,540.8101,492.67816
2006-04-28,315.31946,389.0887,466.33124,215.5158,960.0,496.59732,533.96204,474.51724
2006-04-29,298.9861,375.80646,459.2125,190.97543,943.2273,484.90604,527.37976,436.52298
2006-04-30,286.15277,360.3871,451.775,163.22456,927.2273,475.46307,520.9536,495.8506
2006-05-01,266.5104,342.84677,443.9625,150.21754,912.6169,465.27518,514.9958,486.20114
2006-05-02,253.9618,327.1129,436.2125,135.46317,886.2727,455.48322,508.92828,471.32758
2006-05-03,245.70139,311.9355,429.4625,133.22105,888.96106,444.97986,503.308,395.1839
2006-05-04,238.96527,301.2258,424.19376,119.477196,876.5325,432.20807,498.9789,385.73563
2006-05-05,233.01042,296.87903,419.2625,111.43509,865.8117,422.8322,495.38818,374.13217
2006-05-06,226.48958,286.87097,414.18124,105.47018,854.5325,415.19464,489.865,364.78162
2006-05-07,219.97917,280.37097,408.325,102.30176,840.9415,407.1812,482.7595,352.20114
2006-05-08,212.70833,272.7258,400.90625,95.36842,820.8182,396.95303,476.58228,341.17816
2006-05-09,205.33333,264.74194,394.21875,89.649124,801.5714,387.51678,471.77637,331.90805
2006-05-10,198.22917,261.2016,385.3,95.75088,787.0844,378.14764,465.40506,321.7299
2006-05-11,190.15277,250.45161,376.7875,87.31228,760.9935,367.89932,458.9114,307.4023
2006-05-12,182.69792,238.57259,366.55624,79.091225,738.24023,355.7047,451.46835,291.9655
2006-05-13,171.5625,225.48387,354.59375,71.36842,707.9415,341.67786,442.79745,276.85632
2006-05-14,160.30902,213.30646,342.99374,64.67368,682.74023,328.1074,432.20255,262.5345
2006-05-15,149.43402,199.59677,327.89374,56.31579,661.33765,312.4698,418.21518,246.74138
2006-05-16,137.09723,188.67741,310.54376,47.72281,631.0909,299.0671,405.31647,230.22414
2006-05-17,120.18403,176.62097,291.6625,40.094738,598.0455,281.90604,389.63715,247.93678
2006-05-18,106.177086,169.50807,266.86874,36.677193,554.74677,264.98657,375.21518,230.29884
2006-05-19,95.93056,161.35484,250.55624,32.670174,537.3961,250.12752,360.90717,215.0977
2006-05-20,89.451385,154.62097,241.025,30.922808,520.20776,236.5839,353.67932,207.05173
2006-05-21,83.170135,149.80646,233.38126,29.694736,508.68182,226.39597,346.9325,200.06897
2006-05-22,79.21875,157.12097,241.1625,28.985966,518.13635,224.18791,354.27005,196.2931
2006-05-23,75.62153,158.94354,242.18124,28.45965,513.36365,222.37584,356.70886,194.53448
2006-05-24,72.732635,157.7258,239.04375,27.729824,506.0909,218.56375,352.5654,191.14368
2006-05-25,67.88194,156.60484,233.325,26.985966,497.65585,211.79195,344.7342,185.56322
2006-05-26,63.65972,151.92741,226.50626,25.978947,489.89612,203.85236,338.27847,180.40805
2006-05-27,61.864582,145.80646,224.63126,25.617544,483.77274,200.03355,333.4557,179.45976
2006-05-28,62.104168,142.69354,225.10625,23.54386,476.72726,197.07382,332.78903,189.66667
2006-05-29,62.71875,140.59677,223.9,23.912281,480.66232,200.7047,330.77216,181.04597
2006-05-30,60.75,136.43549,221.225,25.136843,474.96753,198.9463,325.20676,177.01724
2006-05-31,57.45486,133.34677,214.29375,23.71228,464.7143,193.27516,311.3671,169.01724
2006-06-01,52.51736,123.59677,204.46875,21.607018,452.39612,183.88591,301.40506,157.8793
2006-06-02,46.833332,105.67742,193.90625,19.88421,456.0065,174.27516,289.72995,146.25287
2006-06-03,41.77778,100.008064,184.13126,18.392982,444.01947,164.43625,279.51898,135.12643
2006-06-04,36.993057,99.07258,158.3125,16.449123,427.7857,148.67114,262.25317,121.91954
2006-06-05,31.649305,85.145164,143.8625,14.842105,411.23376,139.08054,248.44304,110.66092
2006-06-06,25.850695,76.854836,127.99375,13.214035,388.25974,128.01343,233.82278,95.27012
2006-06-07,22.84375,79.701614,113.74375,11.547368,372.0844,111.39597,215.97046,81.81609
2006-06-08,19.965279,75.70968,112.7375,10.277193,347.60388,94.530205,206.5865,71.494255
2006-06-09,17.666666,71.66129,107.0125,9.645614,330.55844,87.30872,197.2827,64.655174
2006-06-10,15.611111,68.57258,102.3125,9.038596,318.77274,80.91275,189.63713,59.051723
2006-06-11,13.90625,63.76613,97.4625,8.364912,302.0779,75.57718,181.7384,53.63793
2006-06-12,11.628472,59.330647,92.4625,7.7403507,288.48053,69.85235,168.0,47.333332
2006-06-13,9.736111,58.04032,88.81875,7.357895,276.10388,65.2953,153.29114,42.522987
2006-06-14,9.378472,57.879032,87.86875,7.1298246,265.93506,63.677853,149.99156,41.11494
2006-06-15,8.680555,57.322582,85.9375,6.817544,256.03247,61.34899,146.34177,38.63793
2006-06-16,7.9479165,56.427418,82.23125,6.308772,243.11688,57.75839,139.96625,35.11494
2006-06-17,6.1875,55.48387,75.8375,5.4736843,228.5,52.510067,130.97469,29.545977
2006-06-18,4.3506947,49.94355,68.025,4.9017544,210.31818,46.308723,106.83544,23.287355
2006-06-19,2.7847223,44.677418,60.925,4.477193,190.95454,41.080536,97.90717,16.287355
2006-06-20,2.1319444,40.758064,54.5875,4.0701756,170.61038,36.986576,90.21097,13.666667
2006-06-21,1.59375,36.85484,47.925,3.536842,154.38962,29.09396,82.47679,11.78161
2006-06-22,0.9756944,32.330647,40.01875,3.0035088,139.64935,23.90604,73.21519,9.143678
2006-06-23,0.5972222,26.838709,33.6,2.6736841,125.344154,19.885906,62.607594,5.9195404
2006-06-24,0.104166664,21.64516,26.58125,2.291228,109.46104,16.006712,50.902954,2.8390806
2006-06-25,0.0,21.370968,20.15625,1.8421053,111.33117,11.174497,38.818565,0.62068963
2006-06-26,0.0,17.064516,15.24375,1.4,99.33117,7.818792,29.50211,0.01724138
2006-06-27,0.0,14.387096,11.15,0.9754386,80.85714,5.395973,22.029535,0.0
2006-06-28,0.0,12.830646,8.64375,0.61403507,66.27273,4.214765,17.232067,0.0
2006-06-29,0.0,11.685484,7.1375,0.3754386,57.266235,3.442953,14.303798,0.0
2006-06-30,0.0,10.346774,5.75,0.11578947,49.33766,2.6308725,11.3881855,0.0
2006-07-01,0.0,9.314516,4.38125,0.0,42.006493,1.9865772,8.624473,0.0
2006-07-02,0.0,8.362904,3.05,0.0,36.11039,1.2751678,6.1097045,0.0
2006-07-03,0.0,7.370968,2.15,0.0,31.967533,0.6442953,4.0548525,0.0
2006-07-04,0.0,6.169355,1.65,0.0,27.77922,0.31543624,2.341772,0.0
2006-07-05,0.0,5.274194,1.13125,0.0,24.155844,0.0,1.1561182,0.0
2006-07-06,0.0,4.556452,0.73125,0.0,21.363636,0.0,0.4556962,0.0
2006-07-07,0.0,3.903226,0.49375,0.0,19.149351,0.0,0.14345992,0.0
2006-07-08,0.0,3.25,0.275,0.0,15.993506,0.0,0.0,0.0
2006-07-09,0.0,2.653226,0.025,0.0,12.636364,0.0,0.0,0.0
2006-07-10,0.0,2.080645,0.0,0.0,9.707792,0.0,0.0,0.0
2006-07-11,0.0,1.5403225,0.0,0.0,7.077922,0.0,0.0,0.0
2006-07-12,0.0,1.0645162,0.0,0.0,5.428571,0.0,0.0,0.0
2006-07-13,0.0,0.66129035,0.0,0.0,4.487013,0.0,0.0,0.0
2006-07-14,0.0,0.19354838,0.0,0.0,3.4805195,0.0,0.0,0.0
2006-07-15,0.0,0.0,0.0,0.0,2.6363637,0.0,0.0,0.0
2006-07-16,0.0,0.0,0.0,0.0,1.6428572,0.0,0.0,0.0
2006-07-17,0.0,0.0,0.0,0.0,0.64285713,0.0,0.0,0.0
2006-07-18,0.0,0.0,0.0,0.0,0.051948052,0.0,0.0,0.0
2006-07-19,0.0,0.0,0.0,0.0,0.0,0.0,0.0,0.0
2006-07-20,0.0,0.0,0.0,0.0,0.0,0.0,0.0,0.0
2006-07-21,0.0,0.0,0.0,0.0,0.0,0.0,0.0,0.0
2006-07-22,0.0,0.0,0.0,0.0,0.0,0.0,0.0,0.0
2006-07-23,0.0,0.0,0.0,0.0,0.0,0.0,0.0,0.0
2006-07-24,0.0,0.0,0.0,0.0,0.0,0.0,0.0,0.0
2006-07-25,0.0,0.0,0.0,0.0,0.0,0.0,0.0,0.0
2006-07-26,0.0,0.0,0.0,0.0,0.0,0.0,0.0,0.0
2006-07-27,0.0,0.0,0.0,0.0,0.0,0.0,0.0,0.0
2006-07-28,0.0,0.0,0.0,0.0,0.0,0.0,0.0,0.0
2006-07-29,0.0,0.0,0.0,0.0,0.0,0.0,0.0,0.0
2006-07-30,0.0,0.0,0.0,0.0,0.0,0.0,0.0,0.0
2006-07-31,0.0,0.0,0.0,0.0,0.0,0.0,0.0,0.0
2006-08-01,0.0,0.0,0.0,0.0,0.0,0.0,0.0,0.0
2006-08-02,0.0,0.0,0.0,0.0,0.0,0.0,0.0,0.0
2006-08-03,0.0,0.0,0.0,0.0,0.0,0.0,0.0,0.0
2006-08-04,0.0,0.0,0.0,0.0,0.0,0.0,0.0,0.0
2006-08-05,0.0,0.0,0.0,0.0,0.0,0.0,0.0,0.0
2006-08-06,0.0,0.0,0.0,0.0,0.0,0.0,0.0,0.0
2006-08-07,0.0,0.0,0.0,0.0,0.0,0.0,0.0,0.0
2006-08-08,0.0,0.0,0.0,0.0,0.0,0.0,0.0,0.0
2006-08-09,0.0,0.0,0.0,0.0,0.0,0.0,0.0,0.0
2006-08-10,0.0,0.0,0.0,0.0,0.0,0.0,0.0,0.0
2006-08-11,0.0,0.0,0.0,0.0,0.0,0.0,0.0,0.0
2006-08-12,0.0,0.0,0.0,0.0,0.0,0.0,0.0,0.0
2006-08-13,0.0,0.0,0.0,0.0,0.0,0.0,0.0,0.0
2006-08-14,0.0,0.0,0.0,0.0,0.0,0.0,0.0,0.0
2006-08-15,0.0,0.0,0.0,0.0,0.0,0.0,0.0,0.0
2006-08-16,0.0,0.0,0.0,0.0,0.0,0.0,0.0,0.0
2006-08-17,0.0,0.0,0.0,0.0,0.0,0.0,0.0,0.0
2006-08-18,0.0,0.0,0.0,0.0,0.0,0.0,0.0,0.0
2006-08-19,0.0,0.0,0.0,0.0,0.0,0.0,0.0,0.0
2006-08-20,0.0,0.0,0.0,0.0,0.0,0.0,0.0,0.0
2006-08-21,0.0,0.0,0.0,0.0,0.0,0.0,0.0,0.0
2006-08-22,0.0,0.0,0.0,0.0,0.0,0.0,0.0,0.0
2006-08-23,0.0,0.0,0.0,0.0,0.0,0.0,0.0,0.0
2006-08-24,0.0,0.0,0.0,0.0,0.0,0.0,0.0,0.0
2006-08-25,0.0,0.0,0.0,0.0,0.0,0.0,0.0,0.0
2006-08-26,0.0,0.0,0.0,0.0,0.0,0.0,0.0,0.0
2006-08-27,0.0,0.0,0.0,0.0,0.0,0.0,0.0,0.0
2006-08-28,0.0,0.0,0.0,0.0,0.0,0.0,0.0,0.0
2006-08-29,0.0,0.0,0.0,0.0,0.0,0.0,0.0,0.0
2006-08-30,0.0,0.0,0.0,0.0,0.0,0.0,0.0,0.0
2006-08-31,0.0,0.0,0.0,0.0,0.0,0.0,0.0,0.0
2006-09-01,0.0,0.0,0.0,0.0,0.0,0.0,0.0,0.0
2006-09-02,0.0,0.0,0.0,0.0,0.0,0.0,0.0,0.0
2006-09-03,0.0,0.0,0.0,0.0,0.0,0.0,0.0,0.0
2006-09-04,0.0,0.0,0.0,0.0,0.0,0.0,0.0,0.0
2006-09-05,0.0,0.0,0.0,0.0,0.0,0.0,0.0,0.0
2006-09-06,0.0,0.0,0.0,0.0,0.0,0.0,0.0,0.0
2006-09-07,0.0,0.0,0.0,0.0,0.0,0.0,0.0,0.0
2006-09-08,0.0,0.0,0.0,0.0,0.0,0.0,0.0,0.0
2006-09-09,0.0,0.0,0.0,0.0,0.0,0.0,0.0,0.0
2006-09-10,0.0,0.0,0.0,0.0,0.0,0.0,0.0,0.0
2006-09-11,0.0,0.0,0.0,0.0,0.0,0.0,0.0,0.0
2006-09-12,0.0,0.0,0.0,0.0,0.0,0.0,0.0,0.0
2006-09-13,0.0,0.0,0.0,0.0,0.0,0.0,0.0,0.0
2006-09-14,0.0,0.0,0.0,0.0,0.0,0.0,0.0,0.0
2006-09-15,0.0,0.0,0.0,0.0,0.0,0.0,0.0,0.0
2006-09-16,0.0,0.0,0.0,0.0,0.0,0.0,0.0,0.0
2006-09-17,0.0,0.0,0.0,0.0,0.0,0.0,0.0,0.0
2006-09-18,0.0,0.0,0.0,0.0,0.0,0.0,0.0,0.0
2006-09-19,0.0,0.0,0.0,0.0,0.0,0.0,0.0,0.0
2006-09-20,0.0,0.0,0.0,0.0,0.0,0.0,0.0,0.0
2006-09-21,0.0,0.0,0.0,0.0,0.0,0.0,0.0,0.0
2006-09-22,0.0,0.0,0.0,0.0,0.0,0.0,0.0,0.0
2006-09-23,0.0,0.0,0.0,0.0,0.0,0.0,0.0,0.0
2006-09-24,0.0,0.0,0.0,0.0,0.0,0.0,0.0,0.0
2006-09-25,0.0,0.0,0.0,0.0,0.0,0.0,0.0,0.0
2006-09-26,0.0,0.0,0.0,0.0,0.0,0.0,0.0,0.0
2006-09-27,0.0,0.0,0.0,0.0,0.0,0.0,0.0,0.0
2006-09-28,0.0,0.0,0.0,0.0,0.0,0.0,0.0,0.0
2006-09-29,0.0,0.0,0.0,0.0,0.0,0.0,0.0,0.0
2006-09-30,0.0,0.0,0.0,0.0,0.0,0.0,0.0,0.0
2006-10-01,0.0,0.0,0.0,0.0,0.0,0.0,0.0,0.0
2006-10-02,0.0,0.0,0.0,0.0,0.025974026,0.0,0.0,0.0
2006-10-03,0.0,0.0,0.0,0.0,0.019480519,0.0,0.0,0.0
2006-10-04,0.0,0.0,0.0,0.0,0.019480519,0.0,0.0,0.0
2006-10-05,0.0,0.0,0.0,0.0,0.025974026,0.0,0.0,0.0
2006-10-06,0.010416667,0.18548387,1.75,0.0,0.9480519,0.2080537,1.0759493,0.0
2006-10-07,0.0,0.5564516,2.575,0.0,0.9805195,0.20134228,1.3797468,0.0
2006-10-08,0.0,0.75,2.0125,0.0,0.6818182,0.17449665,1.2911392,0.0
2006-10-09,0.0,0.62096775,0.78125,0.0,0.2792208,0.06711409,0.53586495,0.0
2006-10-10,0.0,0.46774194,0.2875,0.0,0.45454547,0.0,0.33755276,0.0
2006-10-11,0.1736111,0.48387095,0.2875,0.0,0.5194805,0.36241612,0.65822786,0.0
2006-10-12,0.08680555,0.61290324,0.14375,0.0,0.5779221,0.18791947,0.49367088,0.0
2006-10-13,0.020833334,0.5,0.0375,0.0,0.46103895,0.013422819,0.32911393,0.0
2006-10-14,0.0,1.2903225,0.0125,0.0,0.6363636,0.0,0.10970464,0.0
2006-10-15,0.0,1.5564516,0.0,0.0,0.5974026,0.0,0.042194095,0.0
2006-10-16,0.0,1.4112903,0.0,0.0,0.5649351,0.0,0.0,0.0
2006-10-17,0.0,1.3951613,0.0,0.0,0.59090906,0.0067114094,0.0,0.0
2006-10-18,0.0,1.4274193,0.0,0.0,0.6168831,0.0067114094,0.0,0.0
2006-10-19,0.0,1.3951613,0.0,0.0,0.6883117,0.0,0.0,0.0
2006-10-20,0.0,1.6774193,0.0,0.0,0.8051948,0.0,0.0,0.0
2006-10-21,0.0,1.25,0.0,0.0,0.38311687,0.0,0.0,0.0
2006-10-22,0.0,1.4112903,0.0,0.0,0.2012987,0.0,0.0,0.0
2006-10-23,0.0,1.298387,0.0,0.0,0.11038961,0.0,0.0,0.0
2006-10-24,0.0,1.1290323,0.0,0.0,0.045454547,0.0,0.0,0.0
2006-10-25,0.0,1.1048387,0.0,0.0,0.032467533,0.0,0.0,0.0
2006-10-26,0.0,1.1048387,0.0,0.0,0.032467533,0.0,0.0,0.0
2006-10-27,0.0,1.1048387,0.0,0.0,0.032467533,0.0,0.0,0.0
2006-10-28,0.0,1.217742,0.0,0.0,0.012987013,0.0,0.0,0.0
2006-10-29,0.0,1.1693548,0.0,0.0,0.0,0.0,0.0,0.0
2006-10-30,0.0,1.1693548,0.0,0.0,0.0,0.0,0.0,0.0
2006-10-31,0.0,1.1693548,0.0,0.0,0.0,0.0,0.0,0.0
2006-11-01,0.0,1.1693548,0.0,0.0,0.0,0.0,0.0,0.0
2006-11-02,0.0,1.1693548,0.0,0.014035088,0.0,0.0,0.0,0.0
2006-11-03,0.1388889,1.1693548,0.0,0.07368421,0.0,0.046979867,0.021097047,0.54022986
2006-11-04,0.15277778,1.1693548,0.06875,0.03508772,0.0,0.47651008,0.27004218,0.49425286
2006-11-05,0.12847222,1.1693548,0.025,0.007017544,0.0,0.26174498,0.16033755,0.3678161
2006-11-06,0.09375,1.0967742,0.0,0.0,0.0,0.0067114094,0.0,0.3275862
2006-11-07,0.013888889,0.9435484,0.0,0.0,0.0,0.0,0.0,0.01724138
2006-11-08,0.0,0.75,0.0,0.0,0.0,0.0,0.0,0.0
2006-11-09,0.121527776,0.7419355,0.06875,0.10877193,0.0,0.38255033,0.78902954,0.028735632
2006-11-10,0.09375,0.7016129,0.05,0.10526316,0.0,0.46979865,0.9113924,0.022988506
2006-11-11,0.055555556,0.7016129,0.0625,0.6666667,0.0,0.4362416,0.9409283,0.011494253
2006-11-12,2.0381944,0.7177419,0.25,3.1614034,0.8246753,2.3221476,2.371308,4.6494255
2006-11-13,2.9166667,0.5080645,0.33125,9.863158,0.8246753,3.671141,3.21519,7.609195
2006-11-14,5.795139,1.467742,5.8375,8.7578945,8.090909,11.281879,10.64557,8.913794
2006-11-15,4.8368053,1.5645162,5.425,7.631579,8.532468,10.946309,11.088608,8.454023
2006-11-16,3.8472223,1.532258,6.08125,5.214035,8.246754,9.503356,10.873418,6.3735633
2006-11-17,3.8368056,1.532258,5.3625,3.368421,7.4545455,7.865772,10.3924055,5.37931
2006-11-18,3.8125,1.2580645,4.675,2.291228,6.194805,7.114094,9.198312,4.465517
2006-11-19,2.9340277,1.1290323,3.91875,1.4736842,5.162338,6.5503354,7.9915614,3.1551723
2006-11-20,1.8263888,1.0,3.0125,1.0421053,3.8246753,5.04698,6.658228,2.1551723
2006-11-21,1.3784722,1.0967742,2.275,0.8491228,2.6298702,3.557047,5.4472575,1.5344827
2006-11-22,1.1493056,1.0887097,2.2125,0.86315787,2.487013,3.5167785,5.265823,1.3505747
2006-11-23,1.1180556,1.0887097,2.20625,2.1122806,2.487013,3.4563758,5.248945,1.9885057
2006-11-24,1.8472222,1.0887097,2.2125,2.5298245,2.487013,2.9127517,5.0337553,3.1091955
2006-11-25,1.7152778,1.0887097,2.20625,2.2421052,2.487013,2.885906,5.037975,2.9770114
2006-11-26,1.7118056,1.0887097,2.1875,2.2385964,2.4285715,2.9731543,5.012658,2.862069
2006-11-27,6.9583335,0.7096774,5.2875,11.368421,3.1883116,9.624161,10.122363,17.643679
2006-11-28,16.097221,1.5564516,7.60625,17.621052,4.655844,16.32886,13.063292,28.247126
2006-11-29,16.020834,1.5887097,7.59375,18.017544,4.6493506,16.315435,13.07173,26.281609
2006-11-30,16.194445,1.5967742,7.55,18.154387,4.7402596,16.369127,13.172996,26.47701
2006-12-01,14.857639,1.4758065,6.65,15.624561,4.4545455,15.630873,12.223629,25.16092
2006-12-02,12.503472,1.3709677,5.65,14.750877,4.071429,14.080537,10.7215185,24.218391
2006-12-03,10.583333,1.3387097,4.7875,13.863158,3.7857144,13.020134,9.755274,22.95977
2006-12-04,8.326389,1.3064516,4.0,12.764913,3.538961,10.845637,8.742616,21.5
2006-12-05,6.2743053,1.266129,3.425,9.817544,3.2792208,8.154363,7.6877637,17.988506
2006-12-06,4.451389,1.0967742,2.85625,7.550877,2.857143,5.8791947,6.772152,14.212644
2006-12-07,3.2604167,1.1935484,2.5375,6.031579,2.538961,4.355705,6.037975,10.097701
2006-12-08,2.5104167,1.0806452,2.05625,5.080702,2.1298702,3.5167785,5.320675,7.1034484
2006-12-09,2.2395833,1.0806452,2.1,4.308772,2.1233766,3.6308725,5.514768,5.9770117
2006-12-10,7.8819447,12.25,10.325,11.743859,17.025974,12.865772,17.535866,17.97701
2006-12-11,12.555555,26.564516,14.86875,13.0912285,26.51948,18.892618,24.185654,26.54023
2006-12-12,15.677083,27.67742,13.70625,18.438597,25.876623,20.496645,26.130802,30.05747
2006-12-13,16.854166,27.39516,16.29375,18.849123,31.12987,22.026846,28.666666,31.149426
2006-12-14,16.604166,24.983871,18.0,15.950877,31.272728,21.7651,28.42616,29.741379
2006-12-15,15.21875,21.120968,17.68125,15.803509,30.642857,20.053692,28.240507,29.074713
2006-12-16,18.07986,19.540323,17.74375,18.11579,30.467533,22.416107,28.523207,32.28161
2006-12-17,20.097221,32.44355,23.70625,18.294737,38.311687,28.221476,35.324894,32.988506
2006-12-18,20.54861,34.903225,23.925,19.642105,39.46104,29.114094,36.07595,32.74138
2006-12-19,20.527779,34.95968,21.08125,18.28421,39.474026,29.120806,35.07595,33.344826
2006-12-20,20.39236,34.58871,21.0125,18.277193,38.974026,28.919462,35.021095,32.310345
2006-12-21,19.92361,35.080647,20.66875,18.224562,38.92857,28.691275,34.388187,33.155174
2006-12-22,33.31597,44.19355,33.94375,27.364912,61.824677,44.66443,46.430378,52.41954
2006-12-23,33.302082,47.846775,33.83125,27.270176,61.396103,44.637585,46.257385,52.32184
2006-12-24,33.02778,47.491936,33.275,26.817543,60.954544,44.61745,45.734177,51.712643
2006-12-25,32.26736,46.30645,32.7,26.438597,60.68182,44.120804,45.08439,56.729885
2006-12-26,31.211805,40.76613,32.3125,26.263159,58.201298,43.080536,45.270042,49.86207
2006-12-27,36.489582,44.58871,39.8375,32.550877,69.61039,54.120804,58.253166,59.74138
2006-12-28,47.319443,70.79032,46.8375,39.14737,93.11688,66.8255,66.6076,64.36781
2006-12-29,47.166668,73.870964,50.8625,37.873684,93.16883,67.1745,67.22785,62.827587
2006-12-30,45.930557,73.72581,49.25625,38.259647,93.00649,66.67785,66.23207,70.39081
2006-12-31,43.930557,72.451614,46.8125,37.71579,91.792206,65.14765,64.860756,62.408047
2007-01-01,43.14236,72.28226,46.61875,36.814034,91.55195,64.55034,64.4346,69.67242
2007-01-02,42.586807,72.05645,46.63125,36.66316,90.93507,64.281876,64.15612,61.522987
2007-01-03,41.225693,71.201614,45.6,33.968422,89.36364,62.62416,63.21519,59.95402
2007-01-04,44.00347,66.84677,45.275,35.417545,87.59091,64.53691,64.73418,65.27012
2007-01-05,63.02778,85.23387,57.95,39.964912,103.18831,89.51007,83.90717,74.55747
2007-01-06,63.135418,85.51613,58.3,40.898247,103.11688,89.48322,83.379745,74.82184
2007-01-07,62.65278,85.258064,57.7875,39.666668,103.16883,89.12752,82.62447,74.78161
2007-01-08,60.5,83.008064,56.4,37.789474,102.233765,87.69128,81.105484,73.47701
2007-01-09,57.618057,78.42742,54.84375,36.561405,99.25974,86.48993,80.780594,71.844826
2007-01-10,55.45139,73.27419,53.4,33.880703,96.42208,84.24832,78.308014,68.25288
2007-01-11,54.774307,71.30645,53.075,33.9193,95.14286,83.181206,77.49367,68.28735
2007-01-12,55.01736,71.19355,53.05625,32.414036,95.318184,83.543625,77.48945,68.33908
2007-01-13,55.05903,71.298386,53.1125,32.414036,95.33766,81.04027,77.535866,68.36781
2007-01-14,55.072918,71.34677,53.04375,32.417545,95.87013,81.04027,77.535866,68.37931
2007-01-15,55.072918,71.41129,53.04375,32.414036,95.38312,81.04027,77.53165,75.97127
2007-01-16,55.135418,71.34677,53.0875,32.43158,95.03896,81.006714,77.53165,68.344826
2007-01-17,54.76736,71.41129,53.05625,32.42807,95.097404,80.8255,77.44726,68.344826
2007-01-18,54.645832,71.379036,53.05625,32.42456,95.16234,80.80537,77.43038,75.913795
2007-01-19,54.25347,71.16129,52.91875,32.333332,95.05844,80.56376,77.01688,75.44827
2007-01-20,52.6875,69.83871,52.25,33.23509,92.35065,79.61745,76.37131,74.21839
2007-01-21,52.05903,69.58871,52.0,31.59649,92.05844,79.26174,76.08439,66.48276
2007-01-22,52.09375,69.645164,52.04375,31.59649,87.11039,79.28859,75.71308,66.64942
2007-01-23,51.35764,69.451614,51.65625,32.72281,86.85714,78.83893,75.299576,66.0115
2007-01-24,49.149307,66.44355,50.74375,29.266666,87.16883,77.456375,74.54852,64.09196
2007-01-25,46.118057,62.29032,50.15,27.4,84.75325,75.65101,73.78903,61.88506
2007-01-26,44.020832,60.072582,49.6625,26.25965,83.38312,73.731544,73.27426,66.78735
2007-01-27,43.052082,59.258064,49.55,25.340351,83.181816,72.906044,72.99156,65.666664
2007-01-28,42.75,63.370968,50.68125,25.14035,87.78571,72.818794,73.177216,65.27586
2007-01-29,42.57639,65.72581,51.76875,25.063158,91.11688,72.81208,73.662445,65.12069
2007-01-30,42.072918,65.620964,51.7375,24.691229,91.56493,72.57047,73.50633,64.36207
2007-01-31,41.416668,66.08064,51.625,25.950878,91.66234,72.21477,73.38818,63.78161
2007-02-01,41.125,66.90323,51.65625,25.863157,92.55195,72.19463,73.38818,63.563217
2007-02-02,40.75347,66.82258,51.575,24.108772,91.51948,72.469795,73.24051,63.37356
2007-02-03,40.149307,66.548386,51.125,23.74035,91.36364,71.75839,72.98734,62.890804
2007-02-04,38.87847,64.645164,50.4,23.968422,89.58442,69.167786,72.44304,60.908047
2007-02-05,35.072918,59.25,47.81875,19.57193,88.47403,64.83893,70.616035,57.42529
2007-02-06,31.163195,54.153225,44.2,19.133333,84.42857,59.53691,68.459915,54.12644
2007-02-07,28.59375,51.112904,42.54375,18.080702,82.43507,56.550335,67.37553,52.103447
2007-02-08,29.413195,50.60484,43.875,23.477194,82.64286,57.496643,69.11814,59.04598
2007-02-09,32.489582,50.25,45.96875,28.17193,83.5,64.13423,73.48101,66.344826
2007-02-10,38.885418,49.637096,50.64375,31.035088,89.82468,74.95302,80.417725,75.71839
2007-02-11,47.96875,69.46774,74.85625,38.021053,140.67532,93.154366,102.75105,90.32184
2007-02-12,53.25,81.3871,83.825,41.122807,160.2987,107.30872,111.75949,95.62069
2007-02-13,53.36111,82.01613,84.275,41.470177,162.48051,108.543625,112.91139,96.005745
2007-02-14,53.552082,83.52419,83.85,43.84912,162.76624,108.966446,113.12658,96.155174
2007-02-15,53.302082,83.66936,84.61875,41.761402,163.27272,109.75168,112.945145,96.06322
2007-02-16,51.49653,83.47581,84.11875,41.00702,163.77922,109.27517,112.29114,94.655174
2007-02-17,49.49653,80.95968,82.8375,35.7193,162.48051,106.71141,111.09283,92.97701
2007-02-18,46.958332,76.17742,80.0875,34.4807,160.55194,102.40939,108.95781,90.86207
2007-02-19,47.319443,78.104836,80.91875,34.28772,162.93506,103.71141,110.19409,90.086205
2007-02-20,47.27778,81.508064,80.80625,37.02807,163.31169,103.63758,110.13502,96.51724
2007-02-21,47.0625,80.879036,80.325,36.754387,162.59091,103.2953,109.902954,96.04023
2007-02-22,46.239582,79.798386,79.9625,43.189472,162.55844,102.62416,109.81435,102.97701
2007-02-23,69.673615,98.0,98.85625,64.40351,194.8961,137.83893,134.91983,131.33908
2007-02-24,71.677086,100.741936,100.1875,62.582455,195.94806,139.98657,135.87341,133.23563
2007-02-25,84.96528,101.20968,100.85625,90.638596,195.19481,149.74496,141.10127,158.24713
2007-02-26,113.84722,105.66129,116.1125,112.642105,226.2078,178.95302,162.92406,190.71265
2007-02-27,148.44444,118.5,135.99374,144.03859,257.77274,218.43625,196.84389,221.05746
2007-02-28,160.92014,131.59677,144.94376,153.65614,277.96103,230.651,207.27426,243.51149
2007-03-01,163.04167,135.29033,137.80624,157.7193,285.95456,231.97986,205.40929,241.83908
2007-03-02,163.29167,134.16936,137.675,155.0,285.95456,232.26846,205.83545,242.86208
2007-03-03,164.23611,134.29839,146.01875,156.37544,286.18182,231.95302,206.4135,241.7931
2007-03-04,159.8993,131.76613,143.48125,153.7614,285.31818,231.20805,204.27849,233.89655
2007-03-05,156.42361,128.28226,140.3375,151.91228,283.63635,229.12752,202.91983,224.58046
2007-03-06,152.45833,122.185486,136.1375,144.37193,280.62338,225.5906,198.1308,219.5977
2007-03-07,144.79861,115.53226,132.90625,135.29474,273.67532,220.04027,195.86076,212.55173
2007-03-08,140.40277,112.16936,130.15,125.217545,266.7987,214.71141,191.41772,204.99425
2007-03-09,132.80556,109.048386,126.8375,115.39298,261.73376,208.32214,186.80168,194.16092
2007-03-10,124.81597,105.66129,123.5875,109.361404,258.38962,202.24161,182.16455,195.14368
2007-03-11,113.68056,102.604836,119.45625,93.11579,253.22728,194.7718,176.73418,187.67816
2007-03-12,97.572914,97.685486,112.775,69.76842,243.18831,182.16107,168.86497,173.89081
2007-03-13,80.87153,91.145164,104.8125,51.778946,231.58441,166.69798,162.39662,162.06897
2007-03-14,70.72222,85.76613,98.36875,40.9193,221.0974,154.0537,157.45148,155.0
2007-03-15,65.104164,80.47581,93.43125,36.28772,214.87662,146.07382,153.76793,149.63792
2007-03-16,59.07986,76.57258,87.3,31.087719,206.80519,138.37584,150.27003,136.4023
2007-03-17,49.375,69.298386,78.525,26.877193,194.45454,126.8859,145.05486,121.666664
2007-03-18,42.375,65.048386,72.475,25.40351,186.5974,116.47651,140.54852,108.0115
2007-03-19,38.44097,62.870968,68.81875,23.333334,182.18182,109.78523,136.9325,101.5
2007-03-20,35.78472,61.814518,66.475,22.245613,179.0974,105.48993,134.39241,97.32758
2007-03-21,36.52778,68.3871,72.0625,20.863157,187.43506,108.37584,140.08017,97.16092
2007-03-22,36.694443,69.620964,72.45625,22.845613,188.7078,109.469795,140.38397,96.4023
2007-03-23,35.44097,69.23387,70.09375,20.905264,187.42857,108.557045,139.42616,96.5977
2007-03-24,32.56597,68.8871,67.28125,19.42456,185.94156,104.22819,137.08438,86.913795
2007-03-25,29.26389,67.6371,63.175,16.792982,179.63637,97.30872,133.53165,80.0
2007-03-26,27.48611,65.685486,60.13125,15.410526,175.83116,93.42953,130.77637,76.626434
2007-03-27,36.864582,69.46774,69.95,27.098246,187.55844,104.77181,143.15611,91.52873
2007-03-28,44.32639,76.98387,69.21875,28.340351,192.05194,110.630875,145.16034,96.52873
2007-03-29,43.322918,79.604836,72.0375,26.985966,191.18831,110.993286,145.39241,93.666664
2007-03-30,40.09028,76.07258,70.5375,21.736841,188.05194,110.0,143.52742,90.195404
2007-03-31,33.649307,74.741936,66.0875,16.845613,184.19481,102.67114,140.11815,85.66092
2007-04-01,29.743055,72.67742,60.4875,14.245614,179.36363,97.281876,135.0211,77.93678
2007-04-02,27.54514,70.84677,54.4875,13.178947,173.2078,93.24161,129.9325,74.206894
2007-04-03,26.125,69.46774,49.8625,12.294737,168.66884,89.30202,124.540085,70.25862
2007-04-04,23.32986,67.008064,46.25625,11.389474,161.0,83.644295,119.51055,64.06322
2007-04-05,20.288195,62.572582,43.18125,10.452632,155.91559,77.16107,114.13502,57.632183
2007-04-06,16.59375,58.85484,39.43125,9.108772,151.06494,69.48993,107.16456,49.21839
2007-04-07,13.381945,55.830647,34.25,7.7298245,144.94156,60.63087,98.79325,40.264366
2007-04-08,12.440972,54.685482,32.31875,7.203509,148.72078,56.63087,95.48523,37.747128
2007-04-09,11.548611,53.69355,31.04375,6.6666665,142.2987,52.798656,92.77215,35.08621
2007-04-10,11.1875,53.822582,30.53125,6.614035,137.21428,50.355705,91.49789,34.12069
2007-04-11,10.940972,51.782257,30.3,6.3614035,135.77922,49.295303,91.09283,33.20115
2007-04-12,16.34375,53.129032,30.36875,9.624561,123.954544,61.214764,95.93249,42.82184
2007-04-13,17.79861,53.298386,30.3125,8.214035,123.42208,62.973156,96.14768,42.32184
2007-04-14,14.465278,53.532257,29.35625,6.4701753,128.62987,61.24832,95.08017,38.132183
2007-04-15,16.086805,57.048386,30.75,8.547368,141.52597,65.10067,98.35021,42.816093
2007-04-16,15.46875,59.870968,31.50625,6.245614,145.18831,67.40269,100.25317,40.310345
2007-04-17,12.246528,59.44355,29.35625,6.2877192,143.06494,61.75168,96.70464,35.41954
2007-04-18,14.673611,59.620968,29.5875,7.094737,143.02597,62.704697,97.68355,38.804596
2007-04-19,15.75,59.451614,29.35,8.417543,142.36363,63.825504,97.691986,37.45402
2007-04-20,16.708334,59.41129,29.84375,9.821053,144.28572,65.83893,97.84388,38.683907
2007-04-21,16.833334,59.822582,29.66875,11.463158,140.92857,66.718124,97.86498,38.436783
2007-04-22,24.76389,62.532257,35.3875,15.266666,142.64935,78.94631,112.31223,53.310345
2007-04-23,35.74653,77.79032,43.90625,16.978947,154.90909,94.80537,123.18987,66.0115
2007-04-24,33.177082,75.548386,44.39375,12.2736845,155.09091,93.79195,122.75527,60.78161
2007-04-25,25.069445,72.09677,43.7,7.4245615,155.30519,82.34899,117.79325,50.488506
2007-04-26,18.48264,70.65323,35.15,6.4877195,149.74026,73.04027,109.61182,45.316093
2007-04-27,13.597222,65.83064,33.28125,5.5578947,152.74026,64.832214,105.337555,37.551723
2007-04-28,10.583333,57.83871,28.40625,4.336842,142.23376,52.959732,95.49789,29.908047
2007-04-29,8.260417,49.04032,23.60625,3.3333333,132.7922,42.53691,85.21097,23.137932
2007-04-30,6.5381947,44.10484,20.63125,2.785965,127.38312,36.516777,75.68777,18.695402
2007-05-01,5.1597223,41.435482,18.30625,2.322807,125.08442,31.107382,62.86498,15.327586
2007-05-02,4.2708335,38.98387,16.80625,2.0842106,115.25974,28.006712,55.86498,13.505747
2007-05-03,9.604167,36.524193,18.49375,3.2491229,113.402596,33.89933,62.05485,24.45977
2007-05-04,11.295139,37.16129,18.55,5.0526314,108.02597,37.94631,64.43038,28.350574
2007-05-05,12.819445,38.217743,20.1875,4.736842,109.57792,43.328857,69.0,30.94253
2007-05-06,12.493055,36.887096,20.0875,2.9508772,106.90909,42.926174,68.59494,30.01724
2007-05-07,8.184028,33.185482,19.84375,1.8421053,107.93507,41.28188,73.20675,20.586206
2007-05-08,4.298611,36.887096,16.95625,1.4175439,110.96753,31.241611,61.78903,12.522988
2007-05-09,2.7534723,32.669353,14.48125,1.2070175,106.123375,26.308725,54.485233,8.310345
2007-05-10,1.9201388,28.0,12.00625,1.0491228,101.80519,22.154362,49.814346,7.1551723
2007-05-11,1.3576388,25.661291,9.875,0.93333334,98.1039,17.161074,45.455696,6.086207
2007-05-12,0.8645833,23.612904,8.3875,0.8105263,94.41558,13.704698,41.172997,4.9367814
2007-05-13,0.6354167,22.911291,7.65625,0.72982454,86.13636,12.489933,38.49367,4.2528734
2007-05-14,0.45833334,22.298388,7.00625,0.61403507,75.03247,11.469799,36.151897,3.6149426
2007-05-15,0.25694445,20.306452,6.04375,0.4526316,72.792206,10.120806,32.35443,2.4252872
2007-05-16,0.072916664,17.967741,4.96875,0.27017543,66.7987,7.939597,26.974684,1.4712644
2007-05-17,0.0,16.330645,4.10625,0.12280702,58.62987,6.154362,22.485231,0.8965517
2007-05-18,0.0,14.935484,3.2375,0.0,58.155846,4.95302,19.160337,0.47126436
2007-05-19,0.0,13.879032,2.5875,0.0,54.33117,4.060403,16.561182,0.11494253
2007-05-20,0.0,13.298388,2.125,0.0,48.772728,3.228188,13.940928,0.0
2007-05-21,0.0,12.612904,1.7375,0.0,45.175323,2.7315435,11.9451475,0.0
2007-05-22,0.0,12.217742,1.4875,0.0,42.857143,2.4630873,10.8354435,0.0
2007-05-23,0.0,11.959678,1.40625,0.0,41.506493,2.375839,10.350211,0.0
2007-05-24,0.0,11.741936,1.3625,0.0,40.487015,2.2550335,9.763713,0.0
2007-05-25,0.0,11.056452,1.19375,0.0,37.53896,1.885906,8.185654,0.0
2007-05-26,0.0,10.2661295,1.2,0.0,33.83117,1.4832215,6.400844,0.0
2007-05-27,0.0,11.459678,1.05,0.0,28.175325,1.0402684,4.734177,0.0
2007-05-28,0.0,10.604838,0.91875,0.0,24.74026,0.62416106,3.2827005,0.0
2007-05-29,0.0,10.241936,0.825,0.0,21.915585,0.3691275,2.07173,0.0
2007-05-30,0.0,9.467742,0.69375,0.0,18.87013,0.15436241,1.0886075,0.0
2007-05-31,0.0,8.782258,0.54375,0.0,16.454546,0.0,0.4008439,0.0
2007-06-01,0.0,8.024194,0.3625,0.0,13.454545,0.0,0.11814346,0.0
2007-06-02,0.0,7.290323,0.1875,0.0,11.324676,0.0,0.0,0.0
2007-06-03,0.0,6.395161,0.01875,0.0,9.149351,0.0,0.0,0.0
2007-06-04,0.0,5.443548,0.0,0.0,6.7727275,0.0,0.0,0.0
2007-06-05,0.0,4.612903,0.0,0.0,5.0454545,0.0,0.0,0.0
2007-06-06,0.0034722222,4.620968,0.0625,1.2280701,4.194805,0.053691275,0.21940929,0.01724138
2007-06-07,0.0625,4.629032,0.04375,0.97192985,3.7012987,0.11409396,0.16033755,0.55172414
2007-06-08,0.0,4.620968,0.05625,0.08421053,4.1883116,0.033557046,0.15611814,0.0
2007-06-09,0.0,4.572581,0.0,0.0,5.0844154,0.0,0.008438818,0.0
2007-06-10,0.0,4.169355,0.0,0.0,4.4675326,0.0,0.0,0.0
2007-06-11,0.0,3.5403225,0.0,0.0,3.6558442,0.0,0.0,0.0
2007-06-12,0.0,3.096774,0.0,0.0,2.9155843,0.0,0.0,0.0
2007-06-13,0.0,2.516129,0.0,0.0,2.012987,0.0,0.0,0.0
2007-06-14,0.0,1.7258065,0.0,0.0,1.1688311,0.0,0.0,0.0
2007-06-15,0.0,1.1451613,0.0,0.0,0.6103896,0.0,0.0,0.0
2007-06-16,0.0,0.62903225,0.0,0.0,0.097402595,0.0,0.0,0.0
2007-06-17,0.0,0.45967743,0.0,0.0,0.0,0.0,0.0,0.0
2007-06-18,0.0,0.2983871,0.0,0.0,0.0,0.0,0.0,0.0
2007-06-19,0.0,0.09677419,0.0,0.0,0.0,0.0,0.0,0.0
2007-06-20,0.0,0.0,0.0,0.0,0.0,0.0,0.0,0.0
2007-06-21,0.0,0.0,0.0,0.0,0.0,0.0,0.0,0.0
2007-06-22,0.0,0.0,0.0,0.0,0.0,0.0,0.0,0.0
2007-06-23,0.0,0.0,0.0,0.0,0.0,0.0,0.0,0.0
2007-06-24,0.0,0.0,0.0,0.0,0.0,0.0,0.0,0.0
2007-06-25,0.0,0.0,0.0,0.0,0.0,0.0,0.0,0.0
2007-06-26,0.0,0.0,0.0,0.0,0.0,0.0,0.0,0.0
2007-06-27,0.0,0.0,0.0,0.0,0.0,0.0,0.0,0.0
2007-06-28,0.0,0.0,0.0,0.0,0.0,0.0,0.0,0.0
2007-06-29,0.0,0.0,0.0,0.0,0.0,0.0,0.0,0.0
2007-06-30,0.0,0.0,0.0,0.0,0.0,0.0,0.0,0.0
2007-07-01,0.0,0.0,0.0,0.0,0.0,0.0,0.0,0.0
2007-07-02,0.0,0.0,0.0,0.0,0.0,0.0,0.0,0.0
2007-07-03,0.0,0.0,0.0,0.0,0.0,0.0,0.0,0.0
2007-07-04,0.0,0.0,0.0,0.0,0.0,0.0,0.0,0.0
2007-07-05,0.0,0.0,0.0,0.0,0.0,0.0,0.0,0.0
2007-07-06,0.0,0.0,0.0,0.0,0.0,0.0,0.0,0.0
2007-07-07,0.0,0.0,0.0,0.0,0.0,0.0,0.0,0.0
2007-07-08,0.0,0.0,0.0,0.0,0.0,0.0,0.0,0.0
2007-07-09,0.0,0.0,0.0,0.0,0.0,0.0,0.0,0.0
2007-07-10,0.0,0.0,0.0,0.0,0.0,0.0,0.0,0.0
2007-07-11,0.0,0.0,0.0,0.0,0.0,0.0,0.0,0.0
2007-07-12,0.0,0.0,0.0,0.0,0.0,0.0,0.0,0.0
2007-07-13,0.0,0.0,0.0,0.0,0.0,0.0,0.0,0.0
2007-07-14,0.0,0.0,0.0,0.0,0.0,0.0,0.0,0.0
2007-07-15,0.0,0.0,0.0,0.0,0.0,0.0,0.0,0.0
2007-07-16,0.0,0.0,0.0,0.0,0.0,0.0,0.0,0.0
2007-07-17,0.0,0.0,0.0,0.0,0.0,0.0,0.0,0.0
2007-07-18,0.0,0.0,0.0,0.0,0.0,0.0,0.0,0.0
2007-07-19,0.0,0.0,0.0,0.0,0.0,0.0,0.0,0.0
2007-07-20,0.0,0.0,0.0,0.0,0.0,0.0,0.0,0.0
2007-07-21,0.0,0.0,0.0,0.0,0.0,0.0,0.0,0.0
2007-07-22,0.0,0.0,0.0,0.0,0.0,0.0,0.0,0.0
2007-07-23,0.0,0.0,0.0,0.0,0.0,0.0,0.0,0.0
2007-07-24,0.0,0.0,0.0,0.0,0.0,0.0,0.0,0.0
2007-07-25,0.0,0.0,0.0,0.0,0.0,0.0,0.0,0.0
2007-07-26,0.0,0.0,0.0,0.0,0.0,0.0,0.0,0.0
2007-07-27,0.0,0.0,0.0,0.0,0.0,0.0,0.0,0.0
2007-07-28,0.0,0.0,0.0,0.0,0.0,0.0,0.0,0.0
2007-07-29,0.0,0.0,0.0,0.0,0.0,0.0,0.0,0.0
2007-07-30,0.0,0.0,0.0,0.0,0.0,0.0,0.0,0.0
2007-07-31,0.0,0.0,0.0,0.0,0.0,0.0,0.0,0.0
2007-08-01,0.0,0.0,0.0,0.0,0.0,0.0,0.0,0.0
2007-08-02,0.0,0.0,0.0,0.0,0.0,0.0,0.0,0.0
2007-08-03,0.0,0.0,0.0,0.0,0.0,0.0,0.0,0.0
2007-08-04,0.0,0.0,0.0,0.0,0.0,0.0,0.0,0.0
2007-08-05,0.0,0.0,0.0,0.0,0.0,0.0,0.0,0.0
2007-08-06,0.0,0.0,0.0,0.0,0.0,0.0,0.0,0.0
2007-08-07,0.0,0.0,0.0,0.0,0.0,0.0,0.0,0.0
2007-08-08,0.0,0.0,0.0,0.0,0.0,0.0,0.0,0.0
2007-08-09,0.0,0.0,0.0,0.0,0.0,0.0,0.0,0.0
2007-08-10,0.0,0.0,0.0,0.0,0.0,0.0,0.0,0.0
2007-08-11,0.0,0.0,0.0,0.0,0.0,0.0,0.0,0.0
2007-08-12,0.0,0.0,0.0,0.0,0.0,0.0,0.0,0.0
2007-08-13,0.0,0.0,0.0,0.0,0.0,0.0,0.0,0.0
2007-08-14,0.0,0.0,0.0,0.0,0.0,0.0,0.0,0.0
2007-08-15,0.0,0.0,0.0,0.0,0.0,0.0,0.0,0.0
2007-08-16,0.0,0.0,0.0,0.0,0.0,0.0,0.0,0.0
2007-08-17,0.0,0.0,0.0,0.0,0.0,0.0,0.0,0.0
2007-08-18,0.0,0.0,0.0,0.0,0.0,0.0,0.0,0.0
2007-08-19,0.0,0.0,0.0,0.0,0.0,0.0,0.0,0.0
2007-08-20,0.0,0.0,0.0,0.0,0.0,0.0,0.0,0.0
2007-08-21,0.0,0.0,0.0,0.0,0.0,0.0,0.0,0.0
2007-08-22,0.0,0.0,0.0,0.0,0.0,0.0,0.0,0.0
2007-08-23,0.0,0.0,0.0,0.0,0.0,0.0,0.0,0.0
2007-08-24,0.0,0.0,0.0,0.0,0.0,0.0,0.0,0.0
2007-08-25,0.0,0.0,0.0,0.0,0.0,0.0,0.0,0.0
2007-08-26,0.0,0.0,0.0,0.0,0.0,0.0,0.0,0.0
2007-08-27,0.0,0.0,0.0,0.0,0.0,0.0,0.0,0.0
2007-08-28,0.0,0.0,0.0,0.0,0.0,0.0,0.0,0.0
2007-08-29,0.0,0.0,0.0,0.0,0.0,0.0,0.0,0.0
2007-08-30,0.0,0.0,0.0,0.0,0.0,0.0,0.0,0.0
2007-08-31,0.0,0.0,0.0,0.0,0.0,0.0,0.0,0.0
2007-09-01,0.0,0.0,0.0,0.0,0.0,0.0,0.0,0.0
2007-09-02,0.0,0.0,0.0,0.0,0.0,0.0,0.0,0.0
2007-09-03,0.0,0.0,0.0,0.0,0.0,0.0,0.0,0.0
2007-09-04,0.0,0.0,0.0,0.0,0.0,0.0,0.0,0.0
2007-09-05,0.0,0.0,0.0,0.0,0.0,0.0,0.0,0.0
2007-09-06,0.0,0.0,0.0,0.0,0.0,0.0,0.0,0.0
2007-09-07,0.0,0.0,0.0,0.0,0.0,0.0,0.0,0.0
2007-09-08,0.0,0.0,0.0,0.0,0.0,0.0,0.0,0.0
2007-09-09,0.0,0.0,0.0,0.0,0.0,0.0,0.0,0.0
2007-09-10,0.0,0.0,0.0,0.0,0.0,0.0,0.0,0.0
2007-09-11,0.0,0.0,0.0,0.0,0.0,0.0,0.0,0.0
2007-09-12,0.0,0.0,0.0,0.0,0.0,0.0,0.0,0.0
2007-09-13,0.0,0.0,0.0,0.0,0.0,0.0,0.0,0.0
2007-09-14,0.0,0.0,0.0,0.0,0.0,0.0,0.0,0.0
2007-09-15,0.0,0.0,0.0,0.0,0.0,0.0,0.0,0.0
2007-09-16,0.0,0.0,0.0,0.0,0.0,0.0,0.0,0.0
2007-09-17,0.0,0.0,0.0,0.0,0.0,0.0,0.0,0.0
2007-09-18,0.0,0.0,0.0,0.0,0.0,0.0,0.0,0.0
2007-09-19,0.0,0.0,0.0,0.0,0.0,0.0,0.0,0.0
2007-09-20,0.0,0.0,0.34375,0.0,0.0,0.087248325,0.21097046,0.0
2007-09-21,0.0,0.07258064,0.69375,0.0,0.16883117,0.295302,1.1308017,0.0
2007-09-22,0.0,0.41935483,0.3,0.0,0.6948052,0.053691275,0.6329114,0.0
2007-09-23,0.0,1.6048387,1.1375,0.0,1.2207792,0.24161074,1.4894515,0.0
2007-09-24,0.0,1.6854838,1.3125,0.0,1.2142857,0.18791947,1.5864979,0.0
2007-09-25,0.0,1.6612903,0.64375,0.0,1.2857143,0.11409396,1.1223629,0.0
2007-09-26,0.0,1.6290323,0.11875,0.0,1.1623377,0.0,0.2616034,0.0
2007-09-27,0.0,1.2258065,0.0,0.0,0.7012987,0.0,0.0,0.0
2007-09-28,0.0,1.266129,0.0,0.0,0.36363637,0.0,0.0,0.0
2007-09-29,0.0034722222,1.266129,0.0,0.0,0.35714287,0.040268455,0.021097047,0.0057471264
2007-09-30,0.027777778,1.266129,0.0,0.0,0.35714287,0.06711409,0.033755273,0.0
2007-10-01,0.0,1.0645162,0.0,0.0,0.24025974,0.0,0.0,0.0
2007-10-02,0.0,0.9919355,0.0,0.0,0.18181819,0.0,0.0,0.0
2007-10-03,0.0,0.7741935,0.0,0.0,0.084415585,0.0,0.0,0.0
2007-10-04,0.0,0.57258064,0.0,0.0,0.0064935065,0.0,0.0,0.0
2007-10-05,0.21180555,0.45967743,0.05625,0.2631579,0.064935066,0.040268455,0.16033755,2.224138
2007-10-06,1.0486112,1.967742,0.2875,0.3754386,0.54545456,1.1879195,1.0717299,4.8448277
2007-10-07,0.7326389,2.846774,0.26875,0.1754386,1.0454545,1.1610738,0.9198312,4.465517
2007-10-08,0.0625,1.9758065,0.00625,0.0,0.64285713,0.1409396,0.2742616,1.6781609
2007-10-09,0.0,1.0403225,0.0,0.0,0.025974026,0.0,0.0,0.15517241
2007-10-10,0.0,0.7580645,0.0,0.0,0.0064935065,0.0,0.0,0.0
2007-10-11,0.8680556,0.7580645,0.0,0.22105263,0.0064935065,0.2147651,0.1308017,1.2528735
2007-10-12,0.09375,0.75,0.0,0.10877193,0.012987013,0.0,0.004219409,0.33333334
2007-10-13,0.038194444,1.5887097,0.43125,0.12982456,0.3051948,0.0,0.23628692,0.2413793
2007-10-14,0.0,1.532258,0.20625,0.038596492,0.44155845,0.0,0.080168776,0.05172414
2007-10-15,0.0,1.032258,0.0,0.0,0.19480519,0.0,0.0,0.0
2007-10-16,0.0,1.0,0.0,0.0,0.19480519,0.0,0.0,0.0
2007-10-17,0.27083334,0.63709676,0.25,0.9894737,0.19480519,0.42281878,0.62025315,3.0517242
2007-10-18,0.9479167,0.6451613,0.275,1.045614,0.19480519,0.54362416,0.7004219,4.793103
2007-10-19,0.4861111,0.9677419,0.00625,0.71929824,0.18831168,0.22818792,0.27004218,4.0804596
2007-10-20,0.052083332,0.9516129,0.0,0.43157893,0.032467533,0.0,0.004219409,2.3275862
2007-10-21,0.048611112,0.9435484,0.0,0.40350878,0.032467533,0.0,0.004219409,1.8103448
2007-10-22,0.041666668,0.9516129,0.0,0.34736842,0.032467533,0.0,0.004219409,1.0229886
2007-10-23,0.0,0.8145161,0.0,0.07368421,0.0064935065,0.0,0.0,0.18390805
2007-10-24,0.0,0.5080645,0.0,0.0,0.0,0.0,0.0,0.0
2007-10-25,0.0,0.33064517,0.0,0.0,0.0,0.0,0.0,0.0
2007-10-26,0.0,0.22580644,0.0,0.0,0.0,0.0,0.0,0.0
2007-10-27,0.0,0.16935484,0.0,0.0,0.0,0.0,0.0,0.0
2007-10-28,0.0,0.16129032,0.0,0.0,0.0,0.0,0.0,0.0
2007-10-29,0.0,0.13709678,0.0,0.0,0.0,0.0,0.0,0.0
2007-10-30,0.0,1.266129,0.06875,0.0,1.4155844,0.0,0.029535865,0.0
2007-10-31,0.0,1.266129,0.05625,0.0,1.4155844,0.0,0.029535865,0.0
2007-11-01,0.0,1.0967742,0.0375,0.0,1.3376623,0.0,0.016877636,0.0
2007-11-02,0.0,0.9677419,0.0375,0.0,1.1493506,0.0,0.012658228,0.0
2007-11-03,0.0,1.0725807,0.025,0.0,0.65584415,0.0,0.008438818,0.0
2007-11-04,0.0,1.0564516,0.0,0.0,0.48701298,0.0,0.0,0.0
2007-11-05,0.0,0.91129035,0.0,0.0,0.24025974,0.0,0.0,0.0
2007-11-06,0.0,0.7419355,0.0,0.0,0.103896104,0.0,0.0,0.0
2007-11-07,0.0,0.41935483,0.0,0.0,0.0064935065,0.0,0.0,0.0
2007-11-08,0.0,0.30645162,0.0,0.0,0.0,0.0,0.0,0.0
2007-11-09,0.0,0.2580645,0.0,0.0,0.0,0.0,0.0,0.0
2007-11-10,0.0,0.2580645,0.0,0.0,0.0,0.0,0.0,0.0
2007-11-11,0.4097222,0.15322581,0.3875,0.10877193,0.20779221,0.48322147,0.7679325,0.14942528
2007-11-12,1.3020834,1.6532258,1.03125,0.077192985,2.1038961,2.0939598,1.7299578,0.38505748
2007-11-13,1.3576388,1.548387,0.6,0.028070176,1.6883117,2.0738256,1.5527426,0.22988506
2007-11-14,0.5381944,0.75,0.1375,0.010526316,1.1623377,0.72483224,1.1561182,0.04597701
2007-11-15,0.0625,0.58064514,0.0,0.0,0.46753246,0.033557046,0.20253165,0.0
2007-11-16,0.0,0.41935483,0.0,0.0,0.16233766,0.0,0.0,0.0
2007-11-17,0.0,0.41129032,0.0,0.0,0.097402595,0.0,0.0,0.0
2007-11-18,0.0,0.32258064,0.0,0.0,0.038961038,0.0,0.0,0.0
2007-11-19,0.0,0.30645162,0.0,0.0,0.025974026,0.0,0.0,0.0
2007-11-20,0.0,0.3951613,0.0,0.3614035,0.025974026,0.0,0.0,0.25862068
2007-11-21,0.0,0.3951613,0.0,0.34736842,0.025974026,0.0,0.0,0.13218391
2007-11-22,0.0069444445,0.3951613,0.0,0.32982457,0.025974026,0.0,0.0,0.12643678
2007-11-23,0.0034722222,0.3951613,0.0,0.33333334,0.025974026,0.0,0.0,0.12068965
2007-11-24,0.0034722222,0.5,0.0,0.30526316,0.025974026,0.0,0.0,0.11494253
2007-11-25,0.0,0.3951613,0.0,0.26666668,0.025974026,0.0,0.0,0.0057471264
2007-11-26,0.0,0.3951613,0.0,0.14035088,0.025974026,0.0,0.0,0.0
2007-11-27,0.0,0.3951613,0.0,0.094736844,0.025974026,0.0,0.0,0.0
2007-11-28,0.0,0.3951613,0.0,0.094736844,0.025974026,0.0,0.0,0.0
2007-11-29,0.0,0.3951613,0.0,0.112280704,0.025974026,0.0,0.0,0.0
2007-11-30,0.0,0.3951613,0.0,0.094736844,0.025974026,0.0,0.0,0.0
2007-12-01,0.0,0.4032258,0.0,0.112280704,0.025974026,0.0,0.0,0.0
2007-12-02,0.0,0.4032258,0.0,0.10526316,0.025974026,0.0,0.0,0.0
2007-12-03,0.0,0.4032258,0.0,0.15438597,0.025974026,0.0,0.0,0.0
2007-12-04,0.1388889,0.3548387,0.0,1.6736842,0.019480519,0.0,0.0,0.06896552
2007-12-05,0.048611112,0.28225806,0.0,1.4175439,0.0064935065,0.0,0.0,0.0
2007-12-06,0.0069444445,0.28225806,0.0,1.0245614,0.0064935065,0.0,0.0,0.0
2007-12-07,8.913195,21.870968,15.6375,5.978947,29.766233,14.2617445,20.06751,12.097701
2007-12-08,17.635416,45.967743,22.64375,6.0,46.70779,26.37584,29.751055,18.02299
2007-12-09,17.822916,49.298386,24.8,5.957895,48.935066,27.724833,30.670887,17.873564
2007-12-10,17.743055,49.419353,23.65625,5.7017546,48.922077,27.919462,30.71308,18.051723
2007-12-11,17.53125,48.927418,23.5375,5.4035087,48.909092,28.684565,30.729958,17.994253
2007-12-12,17.347221,48.782257,23.08125,5.5122805,48.798702,28.483221,30.940928,18.137932
2007-12-13,17.444445,48.846775,23.26875,5.522807,48.81818,28.42282,30.805906,18.172413
2007-12-14,17.059029,48.669353,23.8875,5.2877192,48.577923,28.402685,30.78903,18.327587
2007-12-15,16.555555,48.717743,23.3375,5.1754384,48.409092,28.409395,30.447258,19.816092
2007-12-16,16.114584,48.330647,23.50625,5.2421055,48.22078,27.879194,30.13924,17.856321
2007-12-17,16.76389,48.379032,23.5375,8.97193,48.298702,27.369127,30.248945,25.074713
2007-12-18,22.100695,49.64516,25.59375,13.459649,49.590908,32.395973,34.772152,34.67816
2007-12-19,33.79861,82.58871,47.075,27.77193,103.55844,49.684563,56.99156,51.95402
2007-12-20,42.98611,86.47581,50.04375,45.705265,107.2013,57.81879,63.85232,64.97127
2007-12-21,57.32986,92.42742,61.2125,49.62456,127.954544,71.68456,74.02953,75.58046
2007-12-22,57.239582,93.120964,61.25625,50.122807,127.80519,72.0604,73.87342,75.71839
2007-12-23,56.48264,93.395164,61.55625,49.761402,129.07793,71.77181,73.62447,73.48276
2007-12-24,55.51736,92.741936,61.3125,48.217545,128.52597,70.644295,73.540085,73.59196
2007-12-25,55.256943,92.145164,59.69375,49.43158,128.01949,70.19463,71.92405,71.98276
2007-12-26,54.822918,92.04032,59.56875,49.603508,128.33766,70.22147,71.894516,72.994255
2007-12-27,54.53472,91.991936,60.2375,49.04912,129.21428,69.69128,71.8481,70.71265
2007-12-28,55.291668,91.935486,61.73125,51.51579,130.3961,72.97315,76.76371,74.77012
2007-12-29,60.600693,91.91936,62.45625,55.94386,130.83766,76.59731,77.18987,82.89081
2007-12-30,63.92014,91.66936,62.43125,58.168423,130.62987,79.89933,77.894516,87.39081
2007-12-31,62.75,91.1371,62.1,57.57193,130.57143,80.32215,77.72996,86.05747
2008-01-01,62.73264,90.41129,61.5875,56.038597,130.54546,81.36242,77.139244,83.60345
2008-01-02,60.510418,89.29032,61.0625,55.726315,129.5,79.61074,77.540085,83.385056
2008-01-03,58.4375,88.201614,60.61875,55.596493,129.15584,78.51007,76.21097,82.02299
2008-01-04,58.87847,87.620964,61.80625,64.480705,130.17532,80.281876,79.86498,85.94253
2008-01-05,98.13194,155.79839,117.625,121.3193,235.17532,128.02684,134.09283,141.0
2008-01-06,126.28819,191.46774,132.56876,137.12631,281.23376,163.49664,174.9325,175.18965
2008-01-07,131.59027,196.15323,144.0375,141.49474,288.11038,170.28859,176.90717,184.76437
2008-01-08,133.28473,196.2742,149.75626,144.39648,288.96753,170.78523,177.14767,185.91379
2008-01-09,153.71875,201.68549,149.5875,164.1579,297.38312,185.26846,188.63713,217.82759
2008-01-10,153.86111,201.69354,149.91875,166.80351,298.24677,185.63087,186.94937,212.61494
2008-01-11,154.75,201.6129,150.83125,170.85614,299.75974,185.85905,187.3671,219.09195
2008-01-12,153.19444,201.08871,149.41875,171.49123,299.17532,184.7651,186.45992,208.64943
2008-01-13,152.29167,200.56451,148.65625,170.78246,299.01947,183.60403,185.14767,216.06322
2008-01-14,150.6632,199.79033,147.6125,169.26315,298.75974,182.30873,185.19409,213.41954
2008-01-15,147.67361,198.66129,146.4125,168.23509,297.37662,180.48322,182.43037,206.39655
2008-01-16,145.3125,198.16129,145.65,168.03159,293.13635,179.51007,182.00423,196.72414
2008-01-17,144.73611,197.95967,145.30624,168.07018,292.48053,179.68457,180.11815,195.56322
2008-01-18,143.59375,197.92741,144.49374,167.72281,292.14285,179.32886,179.94937,195.31035
2008-01-19,141.21875,197.3629,143.5625,166.37895,291.5,178.92618,177.43881,193.5977
2008-01-20,139.22917,196.80646,143.3125,165.1193,296.07144,178.26175,176.32912,203.35057
2008-01-21,140.95139,196.6371,143.64375,173.36491,291.2922,179.4161,178.45992,208.82759
2008-01-22,143.78125,196.68549,143.6875,179.20702,292.11038,182.73825,180.10127,214.8793
2008-01-23,150.45139,196.70161,146.5625,179.17194,293.48053,192.18791,191.10548,213.79884
2008-01-24,154.40625,211.7258,167.3125,183.66316,319.82468,208.61073,215.82701,221.44827
2008-01-25,158.09723,220.79033,176.4875,191.56842,332.27274,217.26175,220.29536,231.24713
2008-01-26,162.56598,223.8629,177.4625,221.78596,334.72076,218.54362,219.14767,232.0747
2008-01-27,160.3993,228.31451,180.08125,224.17545,346.11038,225.81879,222.4979,234.48851
2008-01-28,184.68402,250.1129,216.05624,248.57544,408.18832,254.51007,258.28693,270.90805
2008-01-29,190.43402,258.05646,222.25626,252.97543,419.07144,267.3423,262.4304,268.5977
2008-01-30,204.4757,259.64517,226.6375,252.49825,426.24677,274.40268,273.00845,298.85632
2008-01-31,207.23264,259.34677,227.3625,260.69473,428.01947,277.38254,268.60336,293.26437
2008-02-01,225.6493,262.10483,238.89375,283.3649,446.14935,288.63757,288.72574,310.9655
2008-02-02,226.53473,262.8387,239.475,283.4,448.04544,294.18793,284.09705,303.26437
2008-02-03,255.40625,289.46774,269.31876,314.49475,486.57144,324.95303,330.72153,375.76437
2008-02-04,269.73264,315.87097,280.43124,312.1228,506.51947,340.30872,333.6962,378.32758
2008-02-05,270.58334,315.92743,281.4375,314.6456,507.62338,340.2886,333.0211,381.8046
2008-02-06,270.95486,316.17743,281.225,306.90527,507.5065,340.19464,331.46835,378.63217
2008-02-07,274.0521,316.44354,279.5875,307.50174,507.7013,331.26846,328.3038,380.14368
2008-02-08,271.4618,315.4113,276.6875,309.17896,507.5844,337.1141,326.6076,353.4023
2008-02-09,267.65625,313.5887,273.4625,305.67017,507.2078,334.49664,324.21097,341.58047
2008-02-10,263.20834,310.48386,268.01874,304.3614,505.39612,325.18793,319.41772,345.91953
2008-02-11,253.95486,307.34677,263.28125,302.9965,503.38962,327.77182,315.7004,335.91953
2008-02-12,244.84723,304.26614,259.56876,298.7509,501.27924,324.2886,313.44727,326.64368
2008-02-13,236.71875,300.17743,253.875,289.39648,499.32468,319.15436,307.47256,315.45978
2008-02-14,235.46875,298.69354,252.9625,290.69824,498.82468,318.2349,305.308,311.47125
2008-02-15,235.30556,298.67743,252.53125,287.3228,497.67532,318.1074,305.16876,296.8506
2008-02-16,232.42361,298.03226,250.55,279.34738,496.87662,317.22818,303.33755,307.33908
2008-02-17,228.67361,296.23386,248.5125,277.21405,496.56494,314.09396,300.87762,298.05746
2008-02-18,225.0625,293.8629,244.875,267.54736,495.15585,311.66443,297.6329,285.2931
2008-02-19,220.83333,291.51614,242.0375,260.5228,494.16882,308.90604,300.78058,296.86206
2008-02-20,219.50348,293.1129,245.875,262.84912,500.55194,309.79193,305.18143,293.6839
2008-02-21,220.40625,306.23386,248.1,259.69122,509.64935,312.24832,306.38397,293.32758
2008-02-22,228.10764,325.17743,260.30624,279.1579,538.63635,322.7651,329.44302,306.81033
2008-02-23,235.80208,356.2097,284.6875,285.81403,564.8117,336.48322,342.21518,327.02298
2008-02-24,250.73264,378.74194,295.33124,310.90878,609.1688,369.4698,369.18567,345.33334
2008-02-25,268.1979,397.84677,322.85626,317.35788,651.16235,392.97986,388.32068,362.63794
2008-02-26,266.51736,396.85483,317.94376,313.46667,650.2143,391.63086,387.8903,358.04022
2008-02-27,262.5729,393.3629,315.96875,316.81754,647.20776,388.73154,383.42615,345.43677
2008-02-28,257.04166,388.7984,312.49374,316.76492,644.2013,384.2819,379.75107,339.3793
2008-02-29,251.26736,384.83066,308.25,307.52982,641.5714,381.05368,383.173,318.1092
2008-03-01,244.15973,378.9516,305.53125,296.70175,639.3182,377.51678,378.24893,333.86206
2008-03-02,243.37848,377.3629,304.3375,296.42105,636.8701,376.57047,376.10126,330.2701
2008-03-03,242.59027,376.0403,303.20624,297.54034,635.1039,376.32214,374.52744,323.26437
2008-03-04,239.34375,372.65323,301.05,290.61053,635.46106,374.48993,371.35022,305.71838
2008-03-05,235.73611,369.09677,299.5875,286.54034,633.9675,372.9329,368.37552,323.3908
2008-03-06,234.22223,367.2016,293.55624,285.93683,627.4286,372.302,366.87762,320.9253
2008-03-07,230.17708,364.7097,293.4375,278.2842,625.9935,370.5436,365.4346,339.02875
2008-03-08,226.2882,361.30646,292.36874,274.41052,623.0974,367.61075,362.72995,331.91953
2008-03-09,222.20139,358.24194,289.05,268.18948,620.5065,365.2886,359.9789,350.26437
2008-03-10,216.97917,356.15323,287.50626,260.78946,616.8831,362.36914,356.59915,350.41953
2008-03-11,211.36458,351.94354,282.31876,252.38597,610.0455,357.2416,352.48944,339.51724
2008-03-12,205.35417,343.9113,277.2125,238.34737,604.2143,352.01343,347.44302,326.33908
2008-03-13,199.84027,335.49194,272.20624,233.2035,599.57794,347.4564,343.64978,322.04022
2008-03-14,202.0,332.2258,272.89374,233.57895,600.87665,348.4564,344.1097,316.67816
2008-03-15,207.07292,332.0645,273.575,245.61052,600.974,351.61075,344.97046,322.98276
2008-03-16,211.64583,334.76614,275.44376,243.84561,604.03894,350.63757,344.8945,341.29886
2008-03-17,211.76042,334.90323,275.79376,241.49825,603.6688,351.49664,344.34598,331.64368
2008-03-18,208.57639,334.28226,275.23126,231.58246,602.82465,351.01343,342.47256,333.2299
2008-03-19,204.07292,332.05646,272.88126,233.66316,613.75323,347.8255,338.4304,327.75287
2008-03-20,201.69444,330.8387,270.5125,216.39648,613.3961,345.40268,335.1308,326.83334
2008-03-21,199.93056,329.83066,269.19376,225.06667,607.9156,344.32886,333.5654,326.6207
2008-03-22,196.89583,325.00806,266.76874,220.18947,606.33765,341.5906,330.72995,317.55173
2008-03-23,191.78125,318.62903,274.4625,210.21404,603.9805,338.2886,327.72995,320.7931
2008-03-24,185.98958,309.10483,260.075,201.9193,597.25323,333.14764,324.18143,312.74713
2008-03-25,180.875,301.2984,256.225,192.0772,592.1818,327.90604,320.2658,307.99426
2008-03-26,176.96527,293.87903,253.80624,172.14386,587.86365,322.37582,316.90295,303.85632
2008-03-27,176.01389,290.7742,252.15625,172.86316,584.12335,320.33557,315.60336,294.87357
2008-03-28,175.1493,289.21774,251.54375,172.05614,582.3052,318.73825,314.31647,303.9253
2008-03-29,174.72223,286.17743,249.59375,171.51228,579.2857,317.4161,313.18567,294.6092
2008-03-30,173.65973,283.39517,249.50626,170.65614,572.79224,315.80536,312.1266,306.45978
2008-03-31,174.13542,290.51614,251.25,169.99298,577.1169,315.31543,312.32068,299.67816
2008-04-01,173.79861,289.0484,250.89375,178.6386,577.16235,315.51007,311.59915,288.2069
2008-04-02,171.51042,285.4597,249.5625,173.9579,563.8701,313.38254,309.3249,286.97702
2008-04-03,168.9757,281.65323,247.4625,168.90877,560.06494,310.7651,307.31223,303.4138
2008-04-04,165.06598,279.7097,243.7125,161.94035,555.63635,307.4564,303.48523,289.99426
2008-04-05,161.73264,275.4758,240.93124,158.28772,551.2013,304.96643,301.0886,298.56897
2008-04-06,158.30902,272.3629,238.1375,151.87018,545.8182,301.698,298.4979,291.45978
2008-04-07,156.59375,269.35483,236.1125,150.28421,541.7273,299.1074,296.6329,290.5747
2008-04-08,154.69444,265.14517,234.61874,157.44913,537.7013,297.42953,294.1266,288.0862
2008-04-09,154.35764,262.6855,234.975,146.82106,535.8442,298.44296,294.34598,288.12643
2008-04-10,153.59723,259.2258,234.2125,144.48772,533.6429,298.3557,292.7595,276.51724
2008-04-11,149.82639,253.31451,230.94376,137.65614,528.6039,293.91946,290.72574,270.8046
2008-04-12,141.62152,244.0,225.5875,125.761406,515.63635,283.92618,286.87762,268.94827
2008-04-13,130.9132,231.33064,219.93124,108.44211,502.42856,271.94632,282.36285,255.0747
2008-04-14,119.53125,221.62903,213.675,97.27017,499.68832,260.57718,276.61603,241.36208
2008-04-15,115.96528,215.75807,208.66875,94.74386,489.48053,255.53691,268.07596,238.5
2008-04-16,115.31597,213.73387,206.96875,95.15439,487.32468,254.90604,266.95358,237.61494
2008-04-17,113.138885,210.5,203.65,93.01755,481.03897,251.39597,264.92828,232.77011
2008-04-18,106.50347,199.62097,199.25626,82.15439,469.61038,241.57718,261.16034,222.21838
2008-04-19,100.208336,194.0242,198.54375,76.16842,461.47403,233.7718,257.75107,212.67816
2008-04-20,98.80903,190.48387,195.61874,75.38596,455.9091,232.2953,256.65823,204.03448
2008-04-21,97.989586,187.41936,194.575,73.8421,451.87662,231.69798,256.35864,210.26437
2008-04-22,96.28472,185.29033,192.65625,73.189476,446.3052,231.06711,256.29535,209.34483
2008-04-23,94.80903,183.99193,191.96875,67.9193,442.7143,228.74496,257.64978,210.41954
2008-04-24,98.55903,179.8629,189.83125,71.74386,441.04544,233.11409,260.33755,213.67241
2008-04-25,96.96181,175.44354,186.81876,70.65614,435.2922,232.30202,259.5696,204.4023
2008-04-26,91.447914,172.5,182.74374,63.898247,424.48053,223.34229,255.68355,195.81035
2008-04-27,83.583336,166.16129,175.86874,53.978947,411.18182,212.81209,250.51054,186.26437
2008-04-28,74.697914,156.6371,168.925,44.80702,393.74026,200.30873,244.51054,167.9253
2008-04-29,66.39931,148.53226,163.96875,38.9193,383.39612,190.18791,238.08861,146.55746
2008-04-30,61.5625,147.03226,157.58125,38.23509,372.34415,184.20805,235.16455,143.18965
2008-05-01,60.583332,142.37903,152.34375,37.392982,374.97403,182.69127,233.79747,142.59195
2008-05-02,58.20139,138.71774,148.15625,34.11579,349.14285,178.46309,232.15611,144.09195
2008-05-03,55.336807,135.06451,145.475,31.098246,338.10388,172.03355,229.9789,133.45976
2008-05-04,51.32986,132.32259,144.3,27.617544,332.5844,167.02684,228.42194,130.1954
2008-05-05,47.84722,130.32259,142.225,25.0,327.7857,163.69798,226.6962,119.13219
2008-05-06,41.666668,128.4758,140.15625,22.070175,322.11688,157.52348,223.94093,108.344826
2008-05-07,35.69097,123.491936,132.5,17.266666,313.10388,147.04698,217.81012,98.56322
2008-05-08,32.413193,121.15323,128.2,14.684211,305.9026,141.97986,214.92406,94.71265
2008-05-09,29.552084,118.41936,125.0125,12.926316,297.88962,137.04027,211.52742,89.344826
2008-05-10,26.864584,114.508064,120.94375,11.6070175,291.2922,131.65771,208.00423,84.24712
2008-05-11,24.100695,109.08871,115.35,9.821053,281.98053,126.33557,203.08438,76.5977
2008-05-12,21.090279,103.548386,110.14375,8.880702,273.7922,121.845634,198.25316,69.18391
2008-05-13,19.336805,100.73387,106.08125,7.2,268.77924,117.979866,192.32068,64.56322
2008-05-14,17.635416,97.951614,106.8875,5.891228,275.60388,112.2349,186.97469,56.057472
2008-05-15,14.048611,91.314514,98.125,4.3789473,262.02597,105.21477,171.52742,45.747128
2008-05-16,10.385417,80.67742,81.65625,2.582456,242.27922,95.02685,152.82278,35.79885
2008-05-17,7.5208335,72.201614,62.05,1.522807,221.45454,84.91275,137.80591,24.327587
2008-05-18,4.6215277,59.04032,61.90625,1.0912281,202.53896,77.006714,126.738396,16.270115
2008-05-19,2.3854167,48.80645,52.0625,0.7122807,180.01949,66.05369,115.2827,8.936782
2008-05-20,1.1493056,45.51613,46.51875,0.33684212,168.86363,47.5302,102.021095,5.706897
2008-05-21,0.8194444,43.51613,43.1,0.23157895,157.52597,43.120804,96.63291,4.6264367
2008-05-22,0.8854167,43.225807,42.49375,0.18947369,158.31818,42.503357,95.99156,4.3505745
2008-05-23,0.9270833,39.975807,39.35,0.15789473,155.38312,43.583893,91.94936,4.316092
2008-05-24,1.5520834,40.685482,33.25,0.14385965,147.68182,45.56376,93.62447,4.2413793
2008-05-25,3.6701388,41.137096,32.80625,0.15789473,143.93506,53.99329,105.32068,6.770115
2008-05-26,3.125,43.967743,35.8875,0.12631579,142.74675,54.838924,109.01688,5.4827585
2008-05-27,2.5104167,44.05645,33.4,0.08421053,149.94806,54.295303,109.059074,4.908046
2008-05-28,2.15625,42.387096,32.70625,0.024561403,153.56494,53.073826,108.417725,4.534483
2008-05-29,1.8611112,42.846775,34.78125,0.0,159.86363,51.973156,108.16034,4.327586
2008-05-30,1.4895834,42.612904,43.35,0.0,161.81818,50.060402,111.417725,3.954023
2008-05-31,0.9722222,40.274193,40.80625,0.0,158.35715,47.832214,107.455696,3.1954024
2008-06-01,0.5798611,47.58871,44.69375,0.0,166.37662,44.99329,102.902954,2.4827585
2008-06-02,0.5173611,46.169353,42.58125,0.0,159.26624,41.939598,98.14768,2.0747128
2008-06-03,0.3576389,44.741936,40.54375,0.0,150.23376,37.89933,89.92405,1.4482758
2008-06-04,0.2361111,43.10484,38.10625,0.0,139.27272,34.19463,81.59916,1.0804597
2008-06-05,0.20833333,42.879032,37.6875,0.0,138.96104,32.5302,80.07595,0.9367816
2008-06-06,0.16319445,41.25,36.16875,0.0,137.97403,30.684565,75.35865,0.5804598
2008-06-07,0.125,39.782257,34.3375,0.0,134.12338,28.32886,69.818565,0.3218391
2008-06-08,0.083333336,38.26613,32.71875,0.0,131.75325,26.818792,66.51055,0.11494253
2008-06-09,0.0034722222,35.435482,29.675,0.0,126.14935,25.510067,62.569622,0.0
2008-06-10,0.0,32.725807,24.725,0.0,116.7013,21.785234,55.616035,0.0
2008-06-11,0.0,30.048388,22.0625,0.0,111.012985,19.758389,52.341774,0.0
2008-06-12,0.0,28.10484,20.1875,0.0,106.81169,14.42953,52.85232,0.0
2008-06-13,0.0,25.241936,17.15,0.0,99.954544,13.120806,48.742615,0.0
2008-06-14,0.0,20.766129,13.275,0.0,91.38312,11.959731,41.72574,0.0
2008-06-15,0.0,16.82258,10.375,0.0,81.6039,8.657718,33.953587,0.0
2008-06-16,0.0,13.685484,8.5875,0.0,72.82468,6.832215,28.320675,0.0
2008-06-17,0.0,13.33871,7.025,0.0,64.792206,5.0738254,22.763714,0.0
2008-06-18,0.0,10.604838,5.5625,0.0,72.597404,3.8187919,18.308018,0.0
2008-06-19,0.0,8.717742,4.3125,0.0,63.33117,2.5973155,14.156118,0.0
2008-06-20,0.0,7.016129,3.24375,0.0,56.564934,1.6174496,10.3881855,0.0
2008-06-21,0.0,5.580645,2.1875,0.0,45.253246,0.72483224,6.9451475,0.0
2008-06-22,0.0,4.209677,1.2875,0.0,34.935066,0.4161074,4.5527425,0.0
2008-06-23,0.0,3.1451614,0.85,0.0,28.636364,0.15436241,3.1687763,0.0
2008-06-24,0.0,2.5080645,0.6875,0.0,23.766233,0.0,2.0,0.0
2008-06-25,0.0,1.8870968,0.5875,0.0,19.071428,0.0,1.0801687,0.0
2008-06-26,0.0,1.3306452,0.38125,0.0,15.207792,0.0,0.3586498,0.0
2008-06-27,0.0,0.8951613,0.16875,0.0,11.954545,0.0,0.08438819,0.0
2008-06-28,0.0,0.4919355,0.0,0.0,8.331169,0.0,0.0,0.0
2008-06-29,0.0,0.24193548,0.0,0.0,5.3506494,0.0,0.0,0.0
2008-06-30,0.0,0.0,0.0,0.0,3.3051949,0.0,0.0,0.0
2008-07-01,0.0,0.0,0.0,0.0,2.2402596,0.0,0.0,0.0
2008-07-02,0.0,0.0,0.0,0.0,1.2857143,0.0,0.0,0.0
2008-07-03,0.0,0.0,0.0,0.0,0.7012987,0.0,0.0,0.0
2008-07-04,0.0,0.0,0.0,0.0,0.34415585,0.0,0.0,0.0
2008-07-05,0.0,0.0,0.0,0.0,0.12337662,0.0,0.0,0.0
2008-07-06,0.0,0.0,0.0,0.0,0.0,0.0,0.0,0.0
2008-07-07,0.0,0.0,0.0,0.0,0.0,0.0,0.0,0.0
2008-07-08,0.0,0.0,0.0,0.0,0.0,0.0,0.0,0.0
2008-07-09,0.0,0.0,0.0,0.0,0.0,0.0,0.0,0.0
2008-07-10,0.0,0.0,0.0,0.0,0.0,0.0,0.0,0.0
2008-07-11,0.0,0.0,0.0,0.0,0.0,0.0,0.0,0.0
2008-07-12,0.0,0.0,0.0,0.0,0.0,0.0,0.0,0.0
2008-07-13,0.0,0.0,0.0,0.0,0.0,0.0,0.0,0.0
2008-07-14,0.0,0.0,0.0,0.0,0.0,0.0,0.0,0.0
2008-07-15,0.0,0.0,0.0,0.0,0.0,0.0,0.0,0.0
2008-07-16,0.0,0.0,0.0,0.0,0.0,0.0,0.0,0.0
2008-07-17,0.0,0.0,0.0,0.0,0.0,0.0,0.0,0.0
2008-07-18,0.0,0.0,0.0,0.0,0.0,0.0,0.0,0.0
2008-07-19,0.0,0.0,0.0,0.0,0.0,0.0,0.0,0.0
2008-07-20,0.0,0.0,0.0,0.0,0.0,0.0,0.0,0.0
2008-07-21,0.0,0.0,0.0,0.0,0.0,0.0,0.0,0.0
2008-07-22,0.0,0.0,0.0,0.0,0.0,0.0,0.0,0.0
2008-07-23,0.0,0.0,0.0,0.0,0.0,0.0,0.0,0.0
2008-07-24,0.0,0.0,0.0,0.0,0.0,0.0,0.0,0.0
2008-07-25,0.0,0.0,0.0,0.0,0.0,0.0,0.0,0.0
2008-07-26,0.0,0.0,0.0,0.0,0.0,0.0,0.0,0.0
2008-07-27,0.0,0.0,0.0,0.0,0.0,0.0,0.0,0.0
2008-07-28,0.0,0.0,0.0,0.0,0.0,0.0,0.0,0.0
2008-07-29,0.0,0.0,0.0,0.0,0.0,0.0,0.0,0.0
2008-07-30,0.0,0.0,0.0,0.0,0.0,0.0,0.0,0.0
2008-07-31,0.0,0.0,0.0,0.0,0.0,0.0,0.0,0.0
2008-08-01,0.0,0.0,0.0,0.0,0.0,0.0,0.0,0.0
2008-08-02,0.0,0.0,0.0,0.0,0.0,0.0,0.0,0.0
2008-08-03,0.0,0.0,0.0,0.0,0.0,0.0,0.0,0.0
2008-08-04,0.0,0.0,0.0,0.0,0.0,0.0,0.0,0.0
2008-08-05,0.0,0.0,0.0,0.0,0.0,0.0,0.0,0.0
2008-08-06,0.0,0.0,0.0,0.0,0.0,0.0,0.0,0.0
2008-08-07,0.0,0.0,0.0,0.0,0.0,0.0,0.0,0.0
2008-08-08,0.0,0.0,0.0,0.0,0.0,0.0,0.0,0.0
2008-08-09,0.0,0.0,0.0,0.0,0.0,0.0,0.0,0.0
2008-08-10,0.0,0.0,0.0,0.0,0.0,0.0,0.0,0.0
2008-08-11,0.0,0.0,0.0,0.0,0.0,0.0,0.0,0.0
2008-08-12,0.0,0.0,0.0,0.0,0.0,0.0,0.0,0.0
2008-08-13,0.0,0.0,0.0,0.0,0.0,0.0,0.0,0.0
2008-08-14,0.0,0.0,0.0,0.0,0.0,0.0,0.0,0.0
2008-08-15,0.0,0.0,0.0,0.0,0.0,0.0,0.0,0.0
2008-08-16,0.0,0.0,0.0,0.0,0.0,0.0,0.0,0.0
2008-08-17,0.0,0.0,0.0,0.0,0.0,0.0,0.0,0.0
2008-08-18,0.0,0.0,0.0,0.0,0.0,0.0,0.0,0.0
2008-08-19,0.0,0.0,0.0,0.0,0.0,0.0,0.0,0.0
2008-08-20,0.0,0.0,0.0,0.0,0.0,0.0,0.0,0.0
2008-08-21,0.0,0.0,0.0,0.0,0.0,0.0,0.0,0.0
2008-08-22,0.0,0.0,0.0,0.0,0.0,0.0,0.0,0.0
2008-08-23,0.0,0.0,0.0,0.0,0.0,0.0,0.0,0.0
2008-08-24,0.0,0.0,0.0,0.0,0.0,0.0,0.0,0.0
2008-08-25,0.0,0.0,0.0,0.0,0.0,0.0,0.0,0.0
2008-08-26,0.0,0.0,0.0,0.0,0.0,0.0,0.0,0.0
2008-08-27,0.0,0.0,0.0,0.0,0.0,0.0,0.0,0.0
2008-08-28,0.0,0.0,0.0,0.0,0.0,0.0,0.0,0.0
2008-08-29,0.0,0.0,0.0,0.0,0.0,0.0,0.0,0.0
2008-08-30,0.0,0.0,0.0,0.0,0.0,0.0,0.0,0.0
2008-08-31,0.0,0.0,0.0,0.0,0.0,0.0,0.0,0.0
2008-09-01,0.0,0.0,0.0,0.0,0.0,0.0,0.0,0.0
2008-09-02,0.0,0.0,0.0,0.0,0.0,0.0,0.0,0.0
2008-09-03,0.0,0.0,0.0,0.0,0.0,0.0,0.0,0.0
2008-09-04,0.0,0.0,0.0,0.0,0.0,0.0,0.0,0.0
2008-09-05,0.0,0.0,0.0,0.0,0.0,0.0,0.0,0.0
2008-09-06,0.0,0.0,0.0,0.0,0.0,0.0,0.0,0.0
2008-09-07,0.0,0.0,0.0,0.0,0.0,0.0,0.0,0.0
2008-09-08,0.0,0.0,0.0,0.0,0.0,0.0,0.0,0.0
2008-09-09,0.0,0.0,0.0,0.0,0.0,0.0,0.0,0.0
2008-09-10,0.0,0.0,0.0,0.0,0.0,0.0,0.0,0.0
2008-09-11,0.0,0.0,0.0,0.0,0.0,0.0,0.0,0.0
2008-09-12,0.0,0.0,0.0,0.0,0.0,0.0,0.0,0.0
2008-09-13,0.0,0.0,0.0,0.0,0.0,0.0,0.0,0.0
2008-09-14,0.0,0.0,0.0,0.0,0.0,0.0,0.0,0.0
2008-09-15,0.0,0.0,0.0,0.0,0.0,0.0,0.0,0.0
2008-09-16,0.0,0.0,0.0,0.0,0.0,0.0,0.0,0.0
2008-09-17,0.0,0.0,0.0,0.0,0.0,0.0,0.0,0.0
2008-09-18,0.0,0.0,0.0,0.0,0.0,0.0,0.0,0.0
2008-09-19,0.0,0.0,0.0,0.0,0.0,0.0,0.0,0.0
2008-09-20,0.0,0.0,0.0,0.0,0.0,0.0,0.0,0.0
2008-09-21,0.0,0.0,0.0,0.0,0.0,0.0,0.0,0.0
2008-09-22,0.0,0.0,0.0,0.0,0.0,0.0,0.0,0.0
2008-09-23,0.0,0.0,0.0,0.0,0.0,0.0,0.0,0.0
2008-09-24,0.0,0.0,0.0,0.0,0.0,0.0,0.0,0.0
2008-09-25,0.0,0.0,0.0,0.0,0.0,0.0,0.0,0.0
2008-09-26,0.0,0.0,0.0,0.0,0.0,0.0,0.0,0.0
2008-09-27,0.0,0.0,0.0,0.0,0.0,0.0,0.0,0.0
2008-09-28,0.0,0.0,0.0,0.0,0.0,0.0,0.0,0.0
2008-09-29,0.0,0.0,0.0,0.0,0.0,0.0,0.0,0.0
2008-09-30,0.0,0.0,0.0,0.0,0.0,0.0,0.0,0.0
2008-10-01,0.0,0.0,0.0,0.0,0.0,0.0,0.0,0.0
2008-10-02,0.0,0.0,0.0,0.0,0.0,0.0,0.0,0.0
2008-10-03,0.0,0.0,0.0,0.0,0.0,0.0,0.0,0.0
2008-10-04,0.0,0.12903225,0.0625,0.0,0.6233766,0.0,0.0,0.0
2008-10-05,0.11805555,0.5645161,2.04375,0.0,3.3701298,0.72483224,1.8902954,0.0
2008-10-06,0.03125,0.63709676,1.26875,0.0,3.5974026,0.5033557,1.3586497,0.0
2008-10-07,0.0,0.14516129,0.125,0.0,2.025974,0.0,0.03797468,0.0
2008-10-08,0.0,0.0,0.0,0.0,0.512987,0.0,0.0,0.0
2008-10-09,0.0,0.0,0.0,0.0,0.09090909,0.0,0.0,0.0
2008-10-10,0.0034722222,0.0,0.0,0.0,0.09090909,0.0,0.004219409,0.0
2008-10-11,0.017361112,0.0,0.0,0.01754386,0.051948052,0.026845638,0.025316456,0.0
2008-10-12,0.052083332,0.0,0.0,0.01754386,0.058441557,0.37583894,0.10548523,0.0
2008-10-13,0.10763889,0.0,0.0,0.007017544,0.051948052,0.39597315,0.10970464,0.0057471264
2008-10-14,0.010416667,0.0,0.0,0.0,0.051948052,0.23489933,0.16455697,0.0
2008-10-15,0.0,0.0,0.0,0.0,0.051948052,0.0,0.012658228,0.0
2008-10-16,0.0,0.0,0.0,0.0,0.0,0.0,0.0,0.0
2008-10-17,0.0,0.0,0.0,0.0,0.0,0.0,0.0,0.0
2008-10-18,0.0,0.0,0.0,0.0,0.0,0.0,0.0,0.0
2008-10-19,0.0,0.0,0.0,0.0,0.0,0.0,0.0,0.0
2008-10-20,0.0,0.0,0.0,0.0,0.0,0.0,0.0,0.0
2008-10-21,0.0,0.0,0.0,0.0,0.0,0.0,0.0,0.0
2008-10-22,0.0,0.0,0.0,0.0,0.0,0.0,0.0,0.0
2008-10-23,0.0,0.0,0.0,0.0,0.0,0.0,0.0,0.0
2008-10-24,0.0,0.0,0.0,0.0,0.0,0.0,0.0,0.0
2008-10-25,0.0,0.0,0.0,0.0,0.0,0.0,0.0,0.0
2008-10-26,0.0,0.0,0.0,0.0,0.0,0.0,0.0,0.0
2008-10-27,0.0,0.0,0.0,0.0,0.0,0.0,0.0,0.0
2008-10-28,0.0,0.0,0.0,0.0,0.0,0.0,0.0,0.0
2008-10-29,0.0,0.0,0.0,0.0,0.0,0.0,0.0,0.0
2008-10-30,0.0,0.0,0.0,0.0,0.0,0.0,0.0,0.0
2008-10-31,0.0,0.008064516,0.425,0.0,2.3246753,0.0,0.05485232,0.0
2008-11-01,0.045138888,0.5645161,2.06875,0.2631579,7.409091,1.1543624,3.3755274,0.0
2008-11-02,3.3229167,9.104838,10.5625,0.2736842,26.558441,4.4228187,16.700422,3.3045976
2008-11-03,4.8506947,9.7338705,12.625,0.6526316,31.428572,7.1409397,20.696203,3.5402298
2008-11-04,9.940972,10.935484,15.8375,7.3298244,35.46104,11.322147,26.578058,10.551724
2008-11-05,10.930555,10.83871,16.59375,7.2912283,38.16883,11.986577,26.98734,11.821839
2008-11-06,10.767361,10.685484,17.60625,7.726316,38.493507,12.214766,28.265823,11.637931
2008-11-07,8.590278,11.314516,17.10625,4.796491,38.31818,11.2617445,27.405064,9.477012
2008-11-08,6.0972223,10.66129,15.80625,2.3122807,37.77922,9.919463,26.755274,7.408046
2008-11-09,6.142361,13.975806,18.425,1.6631579,41.688313,10.516779,31.308018,7.5747128
2008-11-10,6.4340277,15.887096,18.6625,1.8035088,42.785713,10.610738,31.455696,7.2413793
2008-11-11,6.232639,15.467742,18.675,1.4175439,42.701298,10.510067,31.392405,6.5
2008-11-12,5.857639,14.870968,18.475,1.3438597,42.37013,10.006711,31.274261,6.643678
2008-11-13,4.5625,13.685484,16.275,0.93333334,40.246754,8.489933,29.85654,5.5574713
2008-11-14,3.3680556,11.758064,13.58125,0.68070173,38.18182,7.328859,28.531645,5.0689654
2008-11-15,2.5381944,9.42742,11.21875,0.47368422,35.305195,7.986577,26.49789,3.9655173
2008-11-16,1.8229166,7.016129,9.475,0.3754386,32.694805,5.95302,24.20675,3.091954
2008-11-17,1.1527778,5.217742,7.875,0.22807017,28.922077,4.751678,21.607595,2.413793
2008-11-18,0.8333333,3.685484,6.35,0.1508772,25.987013,4.805369,18.654009,1.4425287
2008-11-19,0.625,3.0725806,5.525,0.10526316,25.038961,4.2214766,16.864979,0.8965517
2008-11-20,0.5,2.596774,4.95625,0.08070175,25.688313,4.1275167,15.261603,0.6091954
2008-11-21,0.4652778,2.5564516,4.6875,0.08421053,25.62987,4.060403,14.510549,0.4827586
2008-11-22,0.4097222,2.4274194,4.25625,0.07368421,25.422077,3.8255033,13.599156,0.3218391
2008-11-23,0.3715278,2.3225806,4.0,0.06666667,25.305195,3.7449665,13.025316,0.22988506
2008-11-24,0.32291666,2.2741935,3.71875,0.056140352,24.66883,3.2550335,12.417722,0.09195402
2008-11-25,0.28125,2.1290324,3.45,0.038596492,23.90909,3.442953,11.966245,0.0057471264
2008-11-26,0.25694445,2.6209676,3.64375,0.024561403,22.525974,3.442953,11.751055,0.0
2008-11-27,0.6736111,12.467742,6.2,0.010526316,31.876623,4.3758388,13.902953,0.028735632
2008-11-28,0.5451389,13.83871,6.05625,0.003508772,32.194805,4.228188,13.780591,0.01724138
2008-11-29,0.41319445,14.5,5.475,0.0,30.058441,3.9798658,13.687764,0.0057471264
2008-11-30,0.3090278,11.693548,4.6,0.0,30.38961,3.3087249,12.489451,0.0
2008-12-01,0.2361111,8.67742,3.55625,0.0,28.954546,3.577181,11.974684,0.0
2008-12-02,0.17708333,6.556452,2.93125,0.0,27.415585,3.0604026,10.71308,0.0
2008-12-03,0.16319445,6.403226,2.80625,0.0,27.396105,3.0,10.489451,0.0
2008-12-04,0.15277778,6.33871,2.6875,0.0,26.33117,2.8322148,10.177216,0.0
2008-12-05,0.15277778,6.33871,2.68125,0.0,26.33117,2.8322148,10.172996,0.0
2008-12-06,0.15277778,6.314516,2.6625,0.0,26.318182,2.8255033,10.14346,0.0
2008-12-07,0.1388889,6.225806,2.525,0.0,25.714285,2.6577182,9.86076,0.0
2008-12-08,0.13194445,6.032258,2.525,0.0,25.707792,2.5838926,9.746836,0.0
2008-12-09,0.13194445,6.032258,2.525,0.0,26.188313,2.5838926,9.746836,0.0
2008-12-10,0.13194445,6.032258,2.525,0.0,25.694805,2.5838926,9.746836,0.0
2008-12-11,0.097222224,5.685484,2.2125,0.0,25.525974,2.1812081,8.869198,0.0
2008-12-12,0.06944445,5.177419,1.86875,0.0,25.396105,1.8926175,8.037974,0.0
2008-12-13,0.065972224,5.193548,2.0125,0.0,26.09091,1.919463,8.265822,0.040229887
2008-12-14,3.2465277,5.959677,4.1375,0.0,24.844156,7.416107,13.991561,1.3735632
2008-12-15,13.989583,24.153225,14.9125,9.729825,41.909092,16.42282,24.974684,24.873564
2008-12-16,29.29861,53.258064,32.875,23.45614,63.714287,39.067116,44.320675,40.58621
2008-12-17,30.600695,56.60484,33.0,23.207018,64.35714,41.067116,44.531647,47.67816
2008-12-18,30.684029,56.677418,32.7375,23.350878,64.8961,41.28188,44.232067,39.735634
2008-12-19,38.725693,56.580647,33.6375,32.529823,65.56493,44.798656,46.02532,63.99425
2008-12-20,46.041668,56.29032,35.05625,33.610527,66.2013,49.57047,47.71308,61.655174
2008-12-21,47.399307,56.258064,34.68125,33.989475,65.72727,50.10067,47.93249,68.63219
2008-12-22,57.42014,61.572582,44.3875,43.649124,92.19481,63.14765,63.324894,71.454025
2008-12-23,65.93403,73.879036,52.25625,50.56491,102.55195,72.79866,73.64979,87.85632
2008-12-24,69.104164,74.08064,52.175,51.407017,103.91558,75.020134,73.79747,80.17242
2008-12-25,86.71875,76.28226,67.54375,83.43509,124.097404,92.75168,91.379745,105.074715
2008-12-26,106.607635,96.07258,95.36875,90.49123,166.64935,118.71141,117.535866,117.17242
2008-12-27,106.55556,96.120964,94.4125,90.82456,166.68182,120.255035,116.29114,118.64368
2008-12-28,107.416664,97.07258,93.55625,90.785965,166.21428,121.98658,117.51899,117.85632
2008-12-29,106.75347,97.16936,92.7875,90.25965,165.72728,121.28859,116.36709,116.21265
2008-12-30,104.875,96.33064,91.44375,86.87018,165.05844,118.92618,115.59494,118.206894
2008-12-31,104.201385,94.97581,89.75,86.378944,164.38312,116.919464,113.27426,116.27012
2009-01-01,102.625,93.83871,89.5,83.761406,162.81169,112.906044,110.48945,112.086205
2009-01-02,100.46528,92.1371,72.7875,83.45965,162.07143,114.993286,110.337555,107.44827
2009-01-03,108.479164,92.73387,74.65625,88.03509,166.80519,121.28859,115.08439,114.29885
2009-01-04,108.670135,91.94355,74.8875,86.72983,166.86363,121.644295,114.08861,112.87931
2009-01-05,108.35069,92.42742,74.73125,89.65263,167.53247,122.07382,114.12658,112.5
2009-01-06,109.298615,94.22581,74.78125,87.91228,167.44156,124.342285,115.56118,113.47127
2009-01-07,107.3125,94.25,72.43125,87.189476,166.9935,123.093956,115.08017,111.264366
2009-01-08,104.39931,89.991936,69.63125,83.57193,166.66234,121.13423,113.35865,108.12069
2009-01-09,102.888885,86.44355,68.4375,83.31579,167.07793,119.22147,111.09283,107.78735
2009-01-10,100.486115,84.34677,67.31875,82.31228,166.2987,118.18792,109.63713,107.64942
2009-01-11,96.21875,81.185486,73.80625,76.32281,166.11038,116.46309,107.91561,101.82758
2009-01-12,92.357635,75.51613,75.4625,72.65965,164.22078,114.20134,104.65401,99.51724
2009-01-13,88.31944,69.370964,68.21875,71.642105,163.0974,111.919464,103.383965,93.72988
2009-01-14,81.8125,62.427418,66.43125,66.73684,159.81818,109.26174,101.35443,89.804596
2009-01-15,75.03819,57.370968,64.16875,59.86316,156.68182,105.020134,101.32912,86.52299
2009-01-16,69.87847,54.185482,62.0875,50.589474,152.15584,102.342285,98.67088,93.43678
2009-01-17,65.416664,52.30645,60.81875,45.596493,150.82468,100.58389,96.76371,83.844826
2009-01-18,61.11111,50.64516,59.84375,40.817543,146.40909,98.20134,95.22785,86.494255
2009-01-19,58.02778,49.258064,58.0625,37.550877,144.05844,96.67785,93.582275,82.05747
2009-01-20,54.78472,48.241936,56.775,34.94035,139.31818,95.154366,92.16456,73.62069
2009-01-21,50.92361,47.032257,55.1875,32.785965,137.41559,92.43624,90.738396,69.74138
2009-01-22,48.618057,47.032257,54.85,32.442104,135.40909,90.744965,91.299576,67.344826
2009-01-23,53.82986,53.44355,71.0625,33.361404,168.03896,102.43624,104.05064,71.55747
2009-01-24,55.041668,62.201614,86.95625,33.22456,193.0065,110.68456,121.43882,68.70115
2009-01-25,60.895832,74.02419,102.275,48.922806,224.46104,125.48322,136.8481,78.68391
2009-01-26,67.89931,84.34677,105.34375,54.031578,233.22728,131.43625,140.61182,83.77012
2009-01-27,67.86806,85.314514,105.21875,55.214035,233.14285,133.3557,145.71307,86.14368
2009-01-28,67.46875,85.6129,105.1625,55.2,227.1039,135.03355,145.55275,84.39655
2009-01-29,64.989586,85.23387,104.44375,53.670174,226.53896,134.63759,144.5443,82.98276
2009-01-30,62.760418,83.604836,103.3625,51.164913,224.63637,134.14764,138.02531,80.32184
2009-01-31,60.06597,79.548386,101.9,44.077194,224.55194,131.9463,139.49367,78.87931
2009-02-01,56.59375,77.75,101.21875,39.964912,220.75974,130.24832,138.16455,74.994255
2009-02-02,54.802082,75.508064,99.8125,37.968422,218.95454,129.62416,137.03375,73.425285
2009-02-03,51.3125,73.67742,97.15625,35.614037,214.7013,126.38926,135.59071,69.545975
2009-02-04,47.72222,71.66936,94.28125,30.74386,210.42207,123.13423,134.16455,61.448277
2009-02-05,45.194443,70.59677,95.8125,28.747368,206.96104,121.37584,133.05486,58.71839
2009-02-06,45.649307,72.0,98.70625,31.870176,212.45454,122.77181,136.03375,63.38506
2009-02-07,48.09722,95.78226,110.0875,31.915789,233.13637,128.57047,143.4346,67.14368
2009-02-08,49.47222,101.91129,107.75,33.36842,234.8961,130.04027,143.94093,67.385056
2009-02-09,62.23611,118.77419,125.2875,40.23158,260.1948,143.85905,161.73418,87.005745
2009-02-10,67.291664,123.33064,134.6625,41.870174,265.88962,147.50336,163.29958,89.5977
2009-02-11,71.65625,123.814514,131.04375,47.929825,267.9091,152.5906,167.19409,95.965515
2009-02-12,81.21528,128.93549,139.875,52.301754,276.53897,162.68457,176.56963,112.63219
2009-02-13,85.77778,129.65323,142.025,67.67719,277.82468,165.8255,178.40929,122.425285
2009-02-14,105.06597,137.20161,152.95,85.20351,288.92856,182.74496,194.80591,157.91379
2009-02-15,108.64931,137.05646,158.66875,88.75439,291.01947,187.26846,196.94514,165.2069
2009-02-16,117.239586,137.54839,159.0125,106.42105,292.12338,194.90604,202.96202,172.523
2009-02-17,128.375,168.85484,185.525,119.68421,333.67532,210.4698,225.45148,184.63792
2009-02-18,141.19792,179.75807,205.91875,123.75439,357.5974,239.73825,248.70464,212.43103
2009-02-19,140.96527,180.01613,206.125,124.221054,361.54544,240.27516,247.56963,215.63792
2009-02-20,138.81944,179.96774,205.95,126.2807,360.83768,239.59732,246.35864,201.60919
2009-02-21,135.99652,179.0242,204.775,124.30877,359.11688,237.16107,245.50633,185.86781
2009-02-22,132.1632,177.29839,203.35,118.99298,356.96753,235.40268,243.3502,189.00575
2009-02-23,136.42361,183.93549,217.00626,125.50877,377.4935,248.84564,261.0042,189.82184
2009-02-24,139.42361,184.6371,220.43124,119.72983,389.35715,258.39597,260.62448,202.25287
2009-02-25,136.8993,181.64516,209.78125,113.9193,385.6948,254.85236,258.29114,200.55746
2009-02-26,136.10764,180.70967,208.1875,112.24912,412.0065,255.43625,257.27847,208.71265
2009-02-27,138.07986,179.23387,204.1875,110.4,410.17532,257.2819,257.79324,211.01149
2009-02-28,136.07639,178.66936,211.56876,107.6,407.487,255.62416,255.45148,205.78735
2009-03-01,131.10417,175.14516,204.6125,101.34386,402.22726,250.26175,259.2574,211.66092
2009-03-02,136.99306,166.92741,199.44376,103.76842,410.25974,256.61075,267.35443,216.15517
2009-03-03,152.24306,164.81451,204.15625,125.32983,418.7078,276.5302,282.54007,230.6207
2009-03-04,189.24306,169.16129,234.89375,160.88773,466.01947,316.22147,317.27426,286.2299
2009-03-05,198.32292,188.99193,228.96875,156.71228,489.35715,332.7047,313.0211,281.12643
2009-03-06,200.03473,188.92741,245.29375,152.36491,480.68832,334.78525,321.79324,283.8908
2009-03-07,200.45833,189.16936,245.68124,153.50526,481.37662,335.48993,314.308,290.7414
2009-03-08,199.94444,188.91936,245.1875,149.10876,481.39612,336.1275,313.94092,283.8046
2009-03-09,198.1493,187.3871,235.08125,153.68771,478.2987,335.85907,323.62448,282.1954
2009-03-10,197.56944,187.29033,234.86874,153.29123,479.66232,335.67786,323.44727,287.36206
2009-03-11,197.96527,186.60484,233.70625,150.5158,475.5065,335.90604,322.47256,286.04022
2009-03-12,195.40625,185.55646,232.70625,151.17194,475.18182,335.08054,321.15613,282.99426
2009-03-13,192.70833,183.53226,231.34375,146.66667,473.62338,333.7651,319.5696,275.67242
2009-03-14,188.0625,180.31451,229.2625,136.43158,471.31168,330.95303,316.99155,280.29886
2009-03-15,185.69792,177.81451,228.33125,134.83508,468.0,329.03357,315.0675,279.8793
2009-03-16,186.19444,175.58064,226.89375,135.0772,463.88312,326.87918,313.0675,281.10345
2009-03-17,185.09027,169.18549,223.86874,130.71579,459.5065,322.85236,309.2405,277.1954
2009-03-18,179.2257,162.66129,219.9875,129.0772,454.68832,318.57718,306.24472,273.9885
2009-03-19,170.44792,154.48387,215.5125,119.29123,450.0065,312.7114,302.40506,267.91953
2009-03-20,161.7118,147.8629,211.20625,111.89474,442.9026,305.51007,298.37976,269.83908
2009-03-21,154.86111,144.23387,207.54375,106.192986,437.16882,301.0067,295.4346,262.33334
2009-03-22,161.65973,149.0,229.5375,106.926315,478.24026,309.79865,314.07596,287.24713
2009-03-23,177.7118,170.2258,216.8875,113.74386,490.04544,321.04028,324.7595,290.04022
2009-03-24,176.76736,170.31451,233.9,112.38947,495.36365,323.36243,316.8903,290.18967
2009-03-25,171.3125,169.32259,244.19376,106.65263,487.31168,319.80536,321.15613,278.4655
2009-03-26,165.98264,165.31451,241.4625,103.72281,485.87012,317.78525,319.07596,281.49426
2009-03-27,161.51389,160.29839,238.4125,98.04211,487.86365,315.13422,316.53586,268.85632
2009-03-28,155.84027,157.4758,235.2,91.67719,481.0909,310.21475,314.31647,270.52298
2009-03-29,149.15973,154.68549,231.99374,86.16491,476.55194,304.55032,311.95358,255.24138
2009-03-30,147.44792,154.56451,231.05,87.72632,471.18832,303.15436,310.99155,253.98851
2009-03-31,145.25694,154.53226,229.675,86.336845,492.93506,302.6443,309.7384,258.56323
2009-04-01,141.57986,154.44354,228.2375,81.00702,485.01947,299.32214,307.9958,253.58046
2009-04-02,136.56944,153.29839,232.21875,75.6,479.4091,295.8188,305.18567,246.91954
2009-04-03,134.06598,152.83064,230.6875,78.69123,476.987,293.57718,303.8059,236.24138
2009-04-04,134.1632,152.84677,230.95,74.954384,476.487,294.4564,304.12238,244.31035
2009-04-05,132.96527,152.67741,230.7375,73.98596,475.51947,294.49664,303.62024,242.977
2009-04-06,129.03125,152.03226,228.74374,70.073685,472.53247,291.5839,302.66666,238.50575
2009-04-07,122.05556,149.85484,224.70625,64.16491,466.2143,286.73154,300.38397,222.84483
2009-04-08,121.11806,158.04839,230.0,61.477192,478.47403,286.89932,307.23206,218.2069
2009-04-09,125.09028,162.28226,234.70625,61.894737,491.11688,290.01343,311.11813,223.43678
2009-04-10,131.0625,162.21774,231.35,62.42105,484.2078,297.302,317.92828,232.05746
2009-04-11,131.56944,163.3629,233.55,65.02105,513.03894,298.349,319.22363,234.41379
2009-04-12,128.94792,163.41129,240.39375,63.31579,490.0779,296.87918,317.61603,225.20116
2009-04-13,124.03472,161.23387,237.90625,62.122807,485.94156,292.1678,315.4557,219.38506
2009-04-14,120.145836,159.43549,235.45625,59.57544,497.55194,286.2349,313.97046,214.54597
2009-04-15,120.5625,159.37903,236.05624,59.098244,502.7143,288.7047,314.96625,208.98276
2009-04-16,120.50694,159.14516,236.325,59.045612,486.88962,288.92618,315.07596,214.83908
2009-04-17,118.86806,149.40323,234.86874,54.00351,426.38312,272.63086,301.08438,212.33908
2009-04-18,114.166664,148.65323,230.6625,49.617542,430.64935,266.36914,298.1519,210.4253
2009-04-19,107.427086,146.45967,222.59375,43.94386,416.34415,254.89262,291.72153,192.54597
2009-04-20,98.920135,146.95967,211.95,40.831577,459.77274,256.39597,299.54852,176.43678
2009-04-21,88.28125,140.43549,200.68124,38.14737,438.11038,254.95973,288.75528,157.0977
2009-04-22,75.107635,131.26613,184.08125,30.694736,420.2078,240.73154,279.90717,136.83333
2009-04-23,64.177086,124.33871,170.94376,24.891228,405.56494,229.71812,272.38818,122.78735
2009-04-24,59.27778,124.620964,166.46875,22.385965,399.14285,223.10068,268.7637,116.333336
2009-04-25,62.71528,119.8871,168.7125,22.42456,395.88962,232.26175,278.72574,119.373566
2009-04-26,62.788193,116.185486,169.43124,21.880701,376.87662,231.47652,279.0,118.22988
2009-04-27,59.916668,106.66129,167.89375,20.133333,395.0,227.45638,277.61603,113.66092
2009-04-28,57.899307,106.57258,166.725,19.445614,393.35715,224.71812,276.47256,111.86207
2009-04-29,57.10764,106.66129,165.58125,19.578947,389.81818,222.349,275.9114,111.32758
2009-04-30,56.13889,106.47581,163.41875,18.915789,384.01947,219.42282,274.64557,109.545975
2009-05-01,53.22222,104.97581,158.275,18.066668,376.22076,214.13423,270.16034,105.413795
2009-05-02,54.711807,116.22581,163.88126,17.968422,393.01947,225.93289,289.29535,110.43104
2009-05-03,56.649307,116.91129,168.5375,20.263159,400.75323,231.00671,294.90717,113.41954
2009-05-04,56.631943,116.01613,168.65,18.368422,400.7857,233.3557,296.61603,114.155174
2009-05-05,56.350693,114.23387,164.6,17.85614,394.18182,230.79195,294.21097,117.97701
2009-05-06,52.57986,119.298386,144.4,17.150877,374.9935,225.37584,276.35864,112.02873
2009-05-07,47.944443,118.620964,135.6125,16.182457,354.26624,218.38255,270.4346,105.264366
2009-05-08,43.291668,114.201614,129.14375,15.133333,339.2987,209.7651,263.48523,98.28735
2009-05-09,39.43403,109.02419,122.88125,13.750877,320.4935,201.56375,256.8017,90.58046
2009-05-10,35.854168,100.3629,115.88125,12.059649,304.95456,194.66443,244.66245,82.91954
2009-05-11,31.694445,88.491936,107.74375,10.3929825,289.5909,184.5906,232.92827,74.71839
2009-05-12,28.104166,67.04032,98.45,9.294737,306.86365,175.7718,224.68776,68.545975
2009-05-13,26.25,64.67742,88.3125,8.635088,299.16232,169.9463,217.72151,64.40804
2009-05-14,24.184029,62.508064,81.16875,7.796491,290.12988,164.00671,212.39662,59.431034
2009-05-15,21.25,59.66129,76.94375,6.691228,279.38312,155.96645,206.14346,51.327587
2009-05-16,17.993055,65.98387,71.01875,5.010526,257.47403,145.59732,197.53586,43.0
2009-05-17,15.1875,57.419353,63.3375,3.1263158,238.90909,129.63087,186.27849,34.20115
2009-05-18,11.145833,46.096775,57.26875,2.0421052,210.98051,107.2953,173.9367,26.724138
2009-05-19,8.086805,38.653225,48.88125,1.5473684,185.34416,95.154366,158.2152,21.988506
2009-05-20,6.4097223,35.41129,44.00625,1.2877192,176.07793,86.57047,149.35443,17.109196
2009-05-21,5.1770835,32.89516,39.93125,1.1508772,167.7078,78.79866,139.48523,12.804598
2009-05-22,3.8020833,30.064516,35.51875,0.99649125,159.7987,64.26174,119.139244,10.563218
2009-05-23,2.1006944,21.387096,28.375,0.79298246,120.32468,58.174496,102.65401,8.660919
2009-05-24,1.40625,20.016129,25.24375,0.6315789,115.344154,52.120804,94.303795,7.0
2009-05-25,1.2881944,24.290323,24.9,0.49824563,138.68831,42.953022,86.49367,6.3103447
2009-05-26,0.7951389,23.193548,22.58125,0.31929824,133.45454,40.208054,78.666664,4.821839
2009-05-27,0.4340278,21.024193,19.61875,0.09122807,126.92857,34.892616,72.68355,3.321839
2009-05-28,0.3125,18.282259,15.9,0.0,118.85714,30.42282,65.974686,1.7873564
2009-05-29,0.19791667,15.854838,12.975,0.0,111.3961,26.516779,59.742615,0.81609195
2009-05-30,0.08680555,14.169354,10.61875,0.0,104.09091,22.791946,53.485233,0.07471264
2009-05-31,0.0,13.080646,8.9375,0.0,99.33766,19.664429,47.012657,0.0
2009-06-01,0.0,11.9838705,8.0,0.0,95.7987,17.2349,44.670887,0.0
2009-06-02,0.0,11.209678,7.19375,0.0,102.954544,15.597316,41.5865,0.0
2009-06-03,0.0,10.612904,6.69375,0.0,101.59091,14.375839,39.097046,0.0
2009-06-04,0.0,7.040323,6.6,0.0,101.96753,13.697987,37.911392,0.0
2009-06-05,0.0,9.475806,6.3375,0.0,102.61688,13.194631,36.763714,0.0
2009-06-06,0.03125,9.112904,6.39375,0.0,87.75974,13.644296,36.93671,0.0
2009-06-07,0.048611112,9.32258,7.15625,0.0,102.24675,13.899329,37.72152,0.0
2009-06-08,0.0,9.354838,7.31875,0.0,95.38312,12.879194,36.63291,0.0
2009-06-09,0.0,11.201612,6.36875,0.0,88.045456,11.7382555,34.44304,0.0
2009-06-10,0.0,12.040322,6.14375,0.0,97.03896,10.778523,32.599155,0.0
2009-06-11,0.0,11.92742,6.08125,0.0,96.74675,10.369127,31.822784,0.0
2009-06-12,0.0,11.75,5.99375,0.0,96.045456,9.838926,30.805906,0.0
2009-06-13,0.0,11.620968,5.8375,0.0,95.24675,9.33557,29.725739,0.0
2009-06-14,0.0,11.564516,5.8,0.0,95.012985,9.127517,29.333334,0.0
2009-06-15,0.0,11.451612,5.69375,0.0,94.32468,8.805369,28.616034,0.0
2009-06-16,0.0,11.362904,5.39375,0.0,92.902596,8.268456,26.50211,0.0
2009-06-17,0.0,11.145162,5.2375,0.0,96.38961,7.6644297,25.91983,0.0
2009-06-18,0.0,10.451612,4.70625,0.0,92.69481,6.7315435,23.565401,0.0
2009-06-19,0.0,9.387096,3.88125,0.0,86.123375,5.677852,20.232067,0.0
2009-06-20,0.0,8.290322,3.09375,0.0,79.66883,4.738255,16.734177,0.0
2009-06-21,0.0,8.048388,2.9875,0.0,77.62987,4.395973,16.118143,0.0
2009-06-22,0.0,7.959677,2.825,0.0,76.207794,4.114094,15.160337,0.0
2009-06-23,0.0,7.733871,2.55,0.0,72.74675,3.7516778,13.772152,0.0
2009-06-24,0.0,7.024194,2.075,0.0,67.07143,2.9798658,11.527426,0.0
2009-06-25,0.0,6.0,1.66875,0.0,59.688313,2.04698,7.9324894,0.0
2009-06-26,0.0,5.25,1.4,0.0,53.577923,1.3221476,6.101266,0.0
2009-06-27,0.0,4.483871,1.2375,0.0,47.753246,0.7718121,4.455696,0.0
2009-06-28,0.0,3.217742,1.1625,0.0,38.81818,0.3489933,2.5822785,0.0
2009-06-29,0.0,2.0241935,0.8,0.0,29.785715,0.0,1.1097046,0.0
2009-06-30,0.0,0.9677419,0.48125,0.0,23.350649,0.0,0.28691983,0.0
2009-07-01,0.0,0.44354838,0.25,0.0,19.214285,0.0,0.10970464,0.0
2009-07-02,0.0,0.07258064,0.0125,0.0,15.772727,0.0,0.0,0.0
2009-07-03,0.0,0.0,0.0,0.0,12.694805,0.0,0.0,0.0
2009-07-04,0.0,0.0,0.0,0.0,9.772727,0.0,0.0,0.0
2009-07-05,0.0,0.0,0.0,0.0,7.142857,0.0,0.0,0.0
2009-07-06,0.0,0.0,0.0,0.0,5.103896,0.0,0.0,0.0
2009-07-07,0.0,0.0,0.0,0.0,4.025974,0.0,0.0,0.0
2009-07-08,0.0,0.0,0.0,0.0,3.3246753,0.0,0.0,0.0
2009-07-09,0.0,0.0,0.0,0.0,2.6818182,0.0,0.0,0.0
2009-07-10,0.0,0.0,0.0,0.0,2.0844157,0.0,0.0,0.0
2009-07-11,0.0,0.0,0.0,0.0,1.4350649,0.0,0.0,0.0
2009-07-12,0.0,0.0,0.0,0.0,0.8246753,0.0,0.0,0.0
2009-07-13,0.0,0.0,0.0,0.0,0.42857143,0.0,0.0,0.0
2009-07-14,0.0,0.0,0.0,0.0,0.19480519,0.0,0.0,0.0
2009-07-15,0.0,0.0,0.0,0.0,0.0,0.0,0.0,0.0
2009-07-16,0.0,0.0,0.0,0.0,0.0,0.0,0.0,0.0
2009-07-17,0.0,0.0,0.0,0.0,0.0,0.0,0.0,0.0
2009-07-18,0.0,0.0,0.0,0.0,0.0,0.0,0.0,0.0
2009-07-19,0.0,0.0,0.0,0.0,0.0,0.0,0.0,0.0
2009-07-20,0.0,0.0,0.0,0.0,0.0,0.0,0.0,0.0
2009-07-21,0.0,0.0,0.0,0.0,0.0,0.0,0.0,0.0
2009-07-22,0.0,0.0,0.0,0.0,0.0,0.0,0.0,0.0
2009-07-23,0.0,0.0,0.0,0.0,0.0,0.0,0.0,0.0
2009-07-24,0.0,0.0,0.0,0.0,0.0,0.0,0.0,0.0
2009-07-25,0.0,0.0,0.0,0.0,0.0,0.0,0.0,0.0
2009-07-26,0.0,0.0,0.0,0.0,0.0,0.0,0.0,0.0
2009-07-27,0.0,0.0,0.0,0.0,0.0,0.0,0.0,0.0
2009-07-28,0.0,0.0,0.0,0.0,0.0,0.0,0.0,0.0
2009-07-29,0.0,0.0,0.0,0.0,0.0,0.0,0.0,0.0
2009-07-30,0.0,0.0,0.0,0.0,0.0,0.0,0.0,0.0
2009-07-31,0.0,0.0,0.0,0.0,0.0,0.0,0.0,0.0
2009-08-01,0.0,0.0,0.0,0.0,0.0,0.0,0.0,0.0
2009-08-02,0.0,0.0,0.0,0.0,0.0,0.0,0.0,0.0
2009-08-03,0.0,0.0,0.0,0.0,0.0,0.0,0.0,0.0
2009-08-04,0.0,0.0,0.0,0.0,0.0,0.0,0.0,0.0
2009-08-05,0.0,0.0,0.0,0.0,0.0,0.0,0.0,0.0
2009-08-06,0.0,0.0,0.0,0.0,0.0,0.0,0.0,0.0
2009-08-07,0.0,0.0,0.0,0.0,0.0,0.0,0.0,0.0
2009-08-08,0.0,0.0,0.0,0.0,0.0,0.0,0.0,0.0
2009-08-09,0.0,0.0,0.0,0.0,0.0,0.0,0.0,0.0
2009-08-10,0.0,0.0,0.0,0.0,0.0,0.0,0.0,0.0
2009-08-11,0.0,0.0,0.0,0.0,0.0,0.0,0.0,0.0
2009-08-12,0.0,0.0,0.0,0.0,0.0,0.0,0.0,0.0
2009-08-13,0.0,0.0,0.0,0.0,0.0,0.0,0.0,0.0
2009-08-14,0.0,0.0,0.0,0.0,0.0,0.0,0.0,0.0
2009-08-15,0.0,0.0,0.0,0.0,0.0,0.0,0.0,0.0
2009-08-16,0.0,0.0,0.0,0.0,0.0,0.0,0.0,0.0
2009-08-17,0.0,0.0,0.0,0.0,0.0,0.0,0.0,0.0
2009-08-18,0.0,0.0,0.0,0.0,0.0,0.0,0.0,0.0
2009-08-19,0.0,0.0,0.0,0.0,0.0,0.0,0.0,0.0
2009-08-20,0.0,0.0,0.0,0.0,0.0,0.0,0.0,0.0
2009-08-21,0.0,0.0,0.0,0.0,0.0,0.0,0.0,0.0
2009-08-22,0.0,0.0,0.0,0.0,0.0,0.0,0.0,0.0
2009-08-23,0.0,0.0,0.0,0.0,0.0,0.0,0.0,0.0
2009-08-24,0.0,0.0,0.0,0.0,0.0,0.0,0.016877636,0.0
2009-08-25,0.0,0.0,0.0,0.0,0.0,0.0,0.0,0.0
2009-08-26,0.0,0.0,0.0,0.0,0.0,0.0,0.0,0.0
2009-08-27,0.0,0.0,0.0,0.0,0.0,0.0,0.0,0.0
2009-08-28,0.0,0.0,0.0,0.0,0.0,0.0,0.0,0.0
2009-08-29,0.0,0.0,0.0,0.0,0.0,0.0,0.0,0.0
2009-08-30,0.0,0.0,0.0,0.0,0.0,0.0,0.0,0.0
2009-08-31,0.0,0.0,0.0,0.0,0.0,0.0,0.0,0.0
2009-09-01,0.0,0.0,0.0,0.0,0.0,0.0,0.0,0.0
2009-09-02,0.0,0.0,0.0,0.0,0.0,0.0,0.0,0.0
2009-09-03,0.0,0.0,0.0,0.0,0.0,0.0,0.0,0.0
2009-09-04,0.0,0.0,0.0,0.0,0.0,0.0,0.0,0.0
2009-09-05,0.0,0.0,0.0,0.0,0.0,0.0,0.0,0.0
2009-09-06,0.0,0.0,0.0,0.0,0.0,0.0,0.0,0.0
2009-09-07,0.0,0.0,0.0,0.0,0.0,0.0,0.0,0.0
2009-09-08,0.0,0.0,0.0,0.0,0.0,0.0,0.0,0.0
2009-09-09,0.0,0.0,0.0,0.0,0.0,0.0,0.0,0.0
2009-09-10,0.0,0.0,0.0,0.0,0.0,0.0,0.0,0.0
2009-09-11,0.0,0.0,0.0,0.0,0.0,0.0,0.0,0.0
2009-09-12,0.0,0.0,0.0,0.0,0.0,0.0,0.0,0.0
2009-09-13,0.0,0.0,0.0,0.0,0.0,0.0,0.0,0.0
2009-09-14,0.0,0.0,0.0,0.0,0.0,0.0,0.0,0.0
2009-09-15,0.0,0.11290322,0.0,0.0,0.0,0.0,0.0,0.0
2009-09-16,0.0,0.0,0.0,0.0,0.0,0.0,0.0,0.0
2009-09-17,0.0,0.0,0.0,0.0,0.0,0.0,0.0,0.0
2009-09-18,0.0,0.0,0.0,0.0,0.0,0.0,0.0,0.0
2009-09-19,0.0,0.0,0.0,0.0,0.0,0.0,0.0,0.0
2009-09-20,0.0,0.0,0.0,0.0,0.0,0.0,0.0,0.0
2009-09-21,0.0,0.0,0.0,0.0,0.0,0.0,0.0,0.0
2009-09-22,0.0,0.0,0.0,0.0,0.0,0.0,0.0,0.0
2009-09-23,0.0,0.0,0.0,0.0,0.0,0.0,0.0,0.0
2009-09-24,0.0,0.0,0.0,0.0,0.0,0.0,0.0,0.0
2009-09-25,0.0,0.0,0.0,0.0,0.0,0.0,0.0,0.0
2009-09-26,0.0,0.0,0.0,0.0,0.0,0.0,0.0,0.0
2009-09-27,0.0,0.0,0.0,0.0,0.0,0.0,0.0,0.0
2009-09-28,0.0,0.0,0.0,0.0,0.0,0.0,0.0,0.0
2009-09-29,0.0,0.0,0.0,0.0,0.0,0.0,0.0,0.0
2009-09-30,0.0,0.0,0.0,0.0,0.0,0.0,0.0,0.0
2009-10-01,0.0,0.0,0.0,0.0,0.0,0.0,0.0,0.0
2009-10-02,0.0,0.0,0.0,0.0,0.0,0.0,0.0,0.0
2009-10-03,0.0,0.0,0.0,0.0,0.0,0.0,0.0,0.0
2009-10-04,0.0,0.0,0.0,0.0,0.0,0.0,0.025316456,0.0
2009-10-05,0.6701389,0.0,0.075,0.0,0.058441557,1.3422819,0.6708861,0.41379312
2009-10-06,0.5520833,0.0,0.0625,0.0,0.084415585,1.2885906,0.62447256,0.3678161
2009-10-07,0.1736111,0.0,0.075,0.0,0.045454547,0.61744964,0.51898736,0.06896552
2009-10-08,0.017361112,0.0,0.0125,0.0,0.032467533,0.2885906,0.3586498,0.0
2009-10-09,0.0,0.0,0.0,0.0,0.0,0.0,0.012658228,0.0
2009-10-10,0.0,0.0,0.0,0.0,0.0,0.0,0.0,0.0
2009-10-11,0.0,0.0,0.0,0.0,0.0,0.0,0.0,0.0
2009-10-12,0.0,0.0,0.0,0.0,0.0,0.0,0.0,0.0
2009-10-13,0.0,0.0,0.0,0.0,0.0,0.0,0.042194095,0.0
2009-10-14,9.538195,30.129032,22.9125,3.1894736,56.72078,16.704699,29.835443,16.068966
2009-10-15,8.399305,28.870968,21.1375,2.4315789,52.753246,15.18792,26.877638,13.977012
2009-10-16,6.3229165,26.217741,23.09375,1.8596492,49.376625,11.436241,24.244726,10.844828
2009-10-17,4.3715277,22.806452,19.3,1.0140351,52.376625,8.174497,20.168776,6.413793
2009-10-18,2.5243056,20.532259,15.65,0.31929824,42.48052,5.543624,16.177216,3.7183907
2009-10-19,1.5138888,20.064516,13.81875,0.11578947,37.07143,4.013423,13.438819,1.6091954
2009-10-20,1.7152778,18.491936,15.00625,0.6035088,38.18182,4.0268455,16.28692,1.7126436
2009-10-21,1.5243056,19.524193,14.50625,0.16842106,37.688313,2.9798658,13.873418,1.1034483
2009-10-22,0.9861111,19.596775,13.11875,0.06315789,34.298702,3.100671,12.337553,0.50574714
2009-10-23,0.5729167,18.919355,12.4,0.03508772,33.96104,2.3221476,11.455696,0.06896552
2009-10-24,0.2361111,14.58871,10.2875,0.0,28.857143,1.4295301,8.350211,0.0
2009-10-25,0.11805555,12.895162,8.7875,0.0,25.83117,1.0402684,6.7257385,0.0
2009-10-26,0.07638889,12.2661295,7.55,0.0,24.051949,0.8322148,5.7299576,0.0
2009-10-27,0.038194444,11.741936,6.4875,0.0,22.694805,0.590604,4.544304,0.0
2009-10-28,0.038194444,12.137096,6.75,0.0,23.045454,0.6510067,4.907173,0.0
2009-10-29,0.038194444,12.120968,7.74375,0.0,23.38961,0.6510067,5.0337553,0.0
2009-10-30,0.038194444,11.66129,7.6625,0.0,23.636364,0.5167785,4.936709,0.0
2009-10-31,0.017361112,10.782258,5.71875,0.0,22.766233,0.5100671,4.0548525,0.0
2009-11-01,0.0,10.564516,5.2375,0.0,20.993507,0.2818792,2.9915612,0.0
2009-11-02,0.0,9.467742,3.43125,0.0,17.525974,0.053691275,1.6877637,0.0
2009-11-03,0.0,7.830645,2.00625,0.0,14.331169,0.0,0.78902954,0.0
2009-11-04,0.0,6.379032,1.15,0.0,11.090909,0.0,0.30801687,0.0
2009-11-05,0.0,5.790323,0.8625,0.0,9.772727,0.0,0.1814346,0.0
2009-11-06,0.0,5.75,0.85,0.0,10.025974,0.0,0.16033755,0.0
2009-11-07,0.0,5.75,0.83125,0.0,9.62987,0.0,0.15189873,0.0
2009-11-08,0.0,5.75,0.83125,0.0,10.071428,0.0,0.15189873,0.0
2009-11-09,0.0,5.7419353,0.825,0.0,10.883117,0.0,0.15189873,0.0
2009-11-10,0.0,5.951613,0.79375,0.0,10.675324,0.0,0.14767933,0.0
2009-11-11,0.0,5.7580647,0.75625,0.0,10.506494,0.0,0.1308017,0.0
2009-11-12,0.045138888,5.548387,0.74375,0.20350876,10.428572,0.0,0.11814346,0.07471264
2009-11-13,1.6284722,5.774194,2.9375,0.25263157,12.123377,2.0805368,3.421941,1.3390805
2009-11-14,1.6944444,5.879032,2.85,0.24912281,12.11039,1.9530201,3.3881857,1.3275862
2009-11-15,1.4965278,5.927419,2.79375,0.18245614,12.064935,1.9261745,3.2953587,1.2241379
2009-11-16,0.7743056,7.556452,2.2875,0.15438597,10.941559,1.7919463,2.814346,0.6091954
2009-11-17,0.072916664,7.314516,1.1125,0.031578947,10.12987,0.54362416,1.5443038,0.16666667
2009-11-18,0.017361112,5.806452,0.93125,1.0842105,10.876623,0.24161074,1.0295359,0.06321839
2009-11-19,0.017361112,7.274194,0.93125,0.99649125,10.876623,0.23489933,1.0295359,0.06896552
2009-11-20,0.0069444445,7.274194,0.85625,0.58947366,10.876623,0.12080537,0.8312236,0.0057471264
2009-11-21,5.6493053,7.274194,1.23125,11.526316,10.876623,4.0536914,4.2320676,9.873563
2009-11-22,5.5868053,7.2419353,1.2125,11.568421,10.876623,3.8590603,4.156118,9.856322
2009-11-23,5.6284723,7.217742,1.14375,11.750877,10.876623,3.3691275,3.8607595,11.097701
2009-11-24,4.7534723,7.209677,1.01875,10.680702,10.88961,3.1073825,3.7172995,9.896552
2009-11-25,3.3159723,5.774194,0.8375,6.891228,10.844156,2.7449665,3.3839662,6.913793
2009-11-26,2.3020833,5.774194,0.7375,4.4421053,10.675324,2.147651,2.9704642,3.9827585
2009-11-27,1.3194444,7.693548,0.6625,3.3192983,10.435065,1.3221476,2.2700422,2.3390806
2009-11-28,3.5034723,10.120968,1.4125,7.726316,12.428572,6.060403,5.683544,7.7643676
2009-11-29,4.236111,12.306452,1.8875,7.508772,15.461039,13.66443,10.016877,7.8103447
2009-11-30,3.9583333,11.330646,1.60625,6.463158,15.525974,14.2550335,9.789029,6.7988505
2009-12-01,3.1597223,10.467742,1.35625,4.726316,14.948052,13.590604,9.481012,4.988506
2009-12-02,2.4756944,10.17742,1.25625,3.6561403,14.681818,12.416107,9.240506,3.637931
2009-12-03,2.2951388,10.129032,1.24375,3.3964913,14.675324,11.785234,9.004219,3.1551723
2009-12-04,2.2152777,10.112904,1.24375,3.3473685,14.551948,12.161074,9.088608,2.8735633
2009-12-05,1.9826388,10.08871,1.225,3.291228,14.525974,12.2348995,9.341772,2.591954
2009-12-06,1.9201388,10.104838,1.225,3.2701755,14.538961,12.221477,9.350211,2.5574713
2009-12-07,18.472221,10.201612,3.24375,9.214035,14.772727,23.785234,17.261604,22.034483
2009-12-08,33.916668,38.79032,22.14375,10.48772,42.64935,46.05369,35.312237,30.05747
2009-12-09,33.947918,38.653225,21.8,10.396491,42.68182,46.073826,35.232067,30.224138
2009-12-10,33.84375,38.73387,21.525,10.578947,42.753246,45.684563,34.691982,30.287355
2009-12-11,34.395832,40.94355,24.48125,10.698246,51.896103,48.255035,37.603374,30.597702
2009-12-12,45.416668,54.54032,37.96875,27.59649,90.90909,59.72483,50.050632,53.568966
2009-12-13,65.53125,98.58064,75.58125,48.09123,154.45454,81.932884,83.333336,71.86207
2009-12-14,72.46875,108.298386,84.8375,50.00351,169.25974,90.94631,94.455696,81.82184
2009-12-15,71.28819,107.92742,84.55,49.133335,168.95454,91.04698,93.8903,81.12069
2009-12-16,69.427086,107.57258,82.53125,51.31579,168.19481,90.10067,93.105484,80.706894
2009-12-17,67.69097,106.3629,81.925,53.473682,167.72728,89.1141,91.299576,79.97701
2009-12-18,65.576385,106.16936,82.05625,50.94035,182.34416,88.01342,89.65401,78.18965
2009-12-19,63.961807,106.798386,82.5875,51.221054,183.22078,86.65101,88.1097,76.10919
2009-12-20,61.95486,105.98387,81.5,48.792984,182.63637,84.97315,87.04642,74.425285
2009-12-21,60.729168,103.16129,77.91875,46.62807,182.27272,84.22819,86.40084,74.385056
2009-12-22,68.24306,117.26613,93.10625,56.673683,199.94156,93.91275,99.78903,82.425285
2009-12-23,68.96528,122.701614,94.1,54.880703,203.11038,95.20134,100.45148,82.24138
2009-12-24,69.34028,122.701614,93.6375,54.09123,202.42207,95.20134,100.36287,82.25862
2009-12-25,68.416664,121.59677,93.2,53.11228,201.09091,94.77181,100.181435,81.344826
2009-12-26,67.43056,120.82258,92.375,52.687717,201.19481,94.50336,99.54852,80.68965
2009-12-27,67.31944,120.491936,92.43125,55.119297,199.01299,94.61074,100.04219,80.93678
2009-12-28,67.767365,120.5,94.2,54.308773,201.17532,96.30202,101.38818,81.91954
2009-12-29,69.77431,120.40323,94.7375,58.70877,201.08441,97.067116,102.36287,86.0115
2009-12-30,73.99306,123.548386,98.45,62.34737,208.34416,100.91275,106.978905,95.93678
2009-12-31,77.18403,128.42741,101.85,60.891228,212.48051,104.91275,110.101265,100.05173
2010-01-01,76.97569,128.79839,101.59375,60.57193,207.27922,105.67114,109.67932,99.333336
2010-01-02,77.10069,129.70161,100.71875,60.824562,215.5,106.342285,109.18987,101.02299
2010-01-03,76.11806,131.10484,98.8,60.526318,219.62338,106.79866,108.95358,100.0
2010-01-04,73.69097,127.83871,99.025,58.99298,212.07143,105.71141,108.177216,99.01724
2010-01-05,71.87153,126.22581,98.20625,59.48772,215.12338,104.8255,107.51899,97.764366
2010-01-06,70.00694,125.19355,97.45625,56.677193,215.04546,103.832214,106.64135,95.62069
2010-01-07,67.35069,126.548386,97.4625,53.926315,213.46753,103.04027,105.827,93.52299
2010-01-08,65.142365,125.298386,96.59375,51.05965,216.55844,101.63758,105.07595,92.206894
2010-01-09,62.47222,126.16129,94.99375,49.617542,215.94156,100.154366,104.72152,91.264366
2010-01-10,60.177082,125.08064,94.5875,46.968422,214.97403,98.630875,104.65401,90.25862
2010-01-11,57.46875,122.58064,94.10625,43.126316,213.75974,97.067116,103.582275,88.60919
2010-01-12,55.180557,120.120964,93.4375,38.65614,212.40909,95.067116,102.42616,86.47701
2010-01-13,57.82639,124.01613,97.85625,51.298244,219.14935,101.32886,112.15612,99.16092
2010-01-14,62.67014,133.81451,105.90625,52.326317,237.69481,112.53691,120.18987,101.4885
2010-01-15,58.13889,128.21774,103.1125,42.45965,233.34416,100.31544,112.88186,102.0115
2010-01-16,60.26389,131.00807,104.13125,51.585964,237.31818,110.85906,118.49789,98.344826
2010-01-17,58.850693,129.81451,103.69375,50.0,236.61688,110.02685,117.90717,97.21265
2010-01-18,63.868057,133.85484,107.66875,70.73684,238.43506,113.9396,122.11392,115.81035
2010-01-19,81.579865,157.95967,132.39375,106.51579,292.33118,138.79866,151.39241,140.82759
2010-01-20,90.25694,173.54839,141.1875,132.02106,304.10388,152.79195,166.28693,157.74713
2010-01-21,108.322914,197.56451,162.6875,164.60703,345.86365,184.48322,198.32489,189.17241
2010-01-22,122.53819,234.69354,185.14375,171.52281,388.0,204.71812,221.89452,206.25287
2010-01-23,130.3993,245.87097,195.55624,180.1193,399.74026,214.42953,232.27426,212.54024
2010-01-24,131.57292,245.91936,194.33125,181.69122,400.7922,215.30873,232.64136,215.56897
2010-01-25,135.63542,247.95161,195.01875,188.89824,394.54544,219.12752,234.75949,225.05746
2010-01-26,147.87152,248.24193,197.7875,203.76842,409.81818,225.38927,238.99577,236.94254
2010-01-27,148.02777,248.29033,197.71875,200.58597,410.14285,225.36913,238.18143,237.54597
2010-01-28,146.80556,248.14516,191.03125,203.61403,399.93506,225.1208,237.346,235.13792
2010-01-29,145.3993,248.3871,196.26875,199.62105,401.27274,224.2349,236.12236,233.60919
2010-01-30,144.2257,247.90323,195.94376,203.2035,400.89612,223.38255,235.47258,235.04024
2010-01-31,144.4618,247.96774,196.2375,206.65614,402.2078,224.07382,235.5021,236.79884
2010-02-01,143.5868,247.91129,195.51875,205.29123,402.5,223.60403,235.16878,236.45976
2010-02-02,142.35764,247.70161,194.38126,206.56491,411.4156,222.85905,234.15611,234.91379
2010-02-03,141.77777,247.5242,193.54375,207.29825,402.0974,223.0,233.17722,235.98851
2010-02-04,141.22917,247.25,192.4875,208.3158,411.1948,222.11409,231.51054,236.04024
2010-02-05,144.62152,248.2742,194.425,216.35088,405.9026,226.61745,235.7173,240.41954
2010-02-06,146.40625,261.53226,204.775,218.02808,434.26624,228.04027,242.39662,245.26437
2010-02-07,149.84027,279.9516,211.96875,220.34035,446.64935,236.79866,251.2616,248.48851
2010-02-08,149.17708,282.4516,213.875,222.07368,448.44806,237.45638,252.346,248.50575
2010-02-09,149.19098,281.7258,214.09375,222.7965,448.53247,238.04027,252.80168,250.68965
2010-02-10,149.57986,287.2984,215.98125,216.50526,454.0844,240.49664,254.95358,249.09195
2010-02-11,148.01042,288.0403,215.61874,219.94035,453.72076,240.7651,254.52321,249.21838
2010-02-12,146.85764,288.48386,214.36874,219.16492,455.24026,240.63087,253.27849,248.5
2010-02-13,146.34027,291.2258,215.025,217.46666,448.23376,239.95973,251.82278,247.14943
2010-02-14,143.125,290.1613,211.43124,213.35088,447.12988,237.32886,249.16878,244.58046
2010-02-15,138.97223,290.0484,209.0375,203.31229,458.36365,234.36241,245.9789,241.13219
2010-02-16,133.27083,289.0887,206.6375,203.22807,446.57144,231.20805,242.89873,236.8046
2010-02-17,129.51389,286.7903,204.38126,195.24211,455.86365,227.92618,239.79324,232.79884
2010-02-18,126.21875,282.40323,202.575,186.43158,453.4156,224.88591,236.71307,227.89655
2010-02-19,123.06597,280.7258,201.275,183.0421,451.73376,222.79866,235.28693,224.74138
2010-02-20,122.177086,283.28226,201.6,178.91579,441.33768,222.2282,234.89873,224.25862
2010-02-21,124.607635,289.5242,204.85625,185.06316,445.5909,226.44966,238.5443,229.43678
2010-02-22,127.1875,307.87097,213.89375,184.83508,462.39612,232.71141,248.96625,234.64368
2010-02-23,127.079865,310.0,214.275,184.07018,461.85715,232.4161,248.13924,233.5977
2010-02-24,138.01389,314.9758,225.1375,198.50526,479.04544,251.04698,265.33334,255.78162
2010-02-25,144.62848,342.50806,237.03125,202.02808,514.8117,259.7181,274.44302,261.67816
2010-02-26,143.54167,341.53226,234.8125,202.22105,500.9935,259.13422,272.75107,259.52875
2010-02-27,151.55208,346.90323,254.59375,217.07018,534.5714,277.57718,292.08017,268.41953
2010-02-28,153.87152,356.3387,260.4375,209.87369,536.77924,282.91275,297.44302,268.78735
2010-03-01,151.65973,355.99194,260.1,203.6,538.3442,281.7114,296.36285,268.40805
2010-03-02,149.9618,354.10483,260.18124,196.38948,551.0195,279.9329,295.18567,266.32758
2010-03-03,156.8125,355.46774,263.2625,210.9193,542.56494,289.42953,302.40927,282.95978
2010-03-04,172.13194,376.5,280.9125,217.26666,567.9415,309.6577,323.35864,300.4138
2010-03-05,171.73958,377.3387,281.26874,220.56491,578.9091,310.0604,323.0675,298.06897
2010-03-06,171.63889,377.2097,277.70624,217.22456,578.96106,309.83893,322.49368,298.44254
2010-03-07,169.82639,376.99194,277.89374,213.04561,564.4545,308.14764,320.68353,294.62643
2010-03-08,165.34027,376.9113,279.4625,195.16843,568.513,304.85907,318.52744,292.25287
2010-03-09,169.03125,384.19354,284.61874,211.37544,573.0455,309.7181,323.8017,302.3908
2010-03-10,173.3368,384.5484,283.1375,220.71228,586.96106,312.349,326.07596,310.05173
2010-03-11,173.86458,386.0242,276.3,215.38246,586.9415,313.81207,327.42194,310.04022
2010-03-12,172.0,387.8629,280.68124,219.77544,572.1169,312.08725,326.07596,310.4138
2010-03-13,187.62152,394.49194,294.64374,242.80702,591.23376,326.7181,338.46414,336.7299
2010-03-14,187.5243,395.9113,294.55624,239.15088,587.4026,327.89932,339.4304,334.58047
2010-03-15,185.11806,395.10483,284.23126,217.41403,586.92206,327.5436,338.5612,331.85632
2010-03-16,178.59027,391.85483,288.325,209.93333,584.1299,322.91275,335.35022,325.04022
2010-03-17,171.93056,386.0403,280.925,211.54385,595.70776,317.92618,329.65823,317.67242
2010-03-18,163.5625,379.76614,278.575,192.8772,578.2013,313.0604,326.7637,310.9253
2010-03-19,161.34375,374.5,275.75,185.49123,577.6169,311.349,323.28693,303.73563
2010-03-20,154.23958,368.09677,272.9375,180.18596,574.57794,308.1074,321.51898,299.45978
2010-03-21,150.50348,360.39517,270.1,171.76491,569.0714,304.30872,318.48102,293.84482
2010-03-22,146.85764,355.32257,268.9125,162.02106,577.27924,301.0,317.24472,291.16666
2010-03-23,143.5625,351.07257,267.55,162.14386,558.87665,298.81207,315.55273,286.54022
2010-03-24,139.38889,348.4597,264.975,156.29474,561.23376,296.22147,313.37976,282.18967
2010-03-25,134.95139,344.39517,263.29376,152.75087,567.1299,292.6577,310.6709,279.45978
2010-03-26,140.29167,344.2984,263.60626,156.38948,552.9545,296.50336,313.72995,286.61493
2010-03-27,141.44444,343.92743,263.25,156.95088,556.36365,296.0,312.62024,284.91953
2010-03-28,136.46875,340.92743,261.93124,151.25964,549.5909,293.4765,311.5232,281.24713
2010-03-29,132.49306,332.03226,260.18124,144.58246,537.5,288.36914,308.9789,277.32758
2010-03-30,131.68056,325.64517,258.2375,144.12631,542.06494,284.1678,307.0042,284.70114
2010-03-31,154.61111,326.17743,269.6125,151.18245,553.4156,302.80536,324.67932,300.04022
2010-04-01,161.01042,331.09677,277.56876,163.74387,580.1429,311.32886,330.7637,304.9023
2010-04-02,161.05208,331.9355,277.2375,163.28772,581.6948,312.25504,330.9114,305.97702
2010-04-03,170.58333,331.90323,273.6625,177.44211,567.74023,321.49664,337.7342,324.60345
2010-04-04,170.73958,331.78226,280.80624,176.0351,587.3052,321.5302,337.15613,325.71265
2010-04-05,187.96527,343.75806,299.4,191.3158,619.8831,347.21475,366.6709,345.93677
2010-04-06,193.1632,363.74194,305.95624,192.73334,641.3571,356.2819,372.35022,352.9655
2010-04-07,194.10417,365.50806,306.33124,190.57544,640.3571,355.81207,371.692,350.9885
2010-04-08,186.79861,359.23386,304.46875,175.77193,615.513,350.63757,364.61182,340.52298
2010-04-09,177.2882,352.92743,299.5375,167.45615,624.42206,342.22147,356.08438,331.62643
2010-04-10,168.26042,346.83066,293.4625,161.91579,621.9545,336.5906,351.27847,324.86206
2010-04-11,163.65973,343.99194,294.51874,159.55087,601.2857,332.67114,348.9789,322.50574
2010-04-12,168.50348,352.21774,306.61874,165.26315,637.4805,346.08054,365.83545,331.64368
2010-04-13,176.48264,364.0645,314.74374,171.79298,648.026,358.3557,376.71307,342.4253
2010-04-14,174.65277,364.55646,311.36874,170.71228,642.27924,357.59732,375.70886,339.75287
2010-04-15,172.36806,360.8629,310.41876,171.18596,658.75323,355.87918,372.81857,339.0115
2010-04-16,164.34027,354.7903,310.26874,165.29825,653.42206,350.24832,367.87762,334.28162
2010-04-17,157.23264,350.0,308.21875,158.45966,647.9675,345.02014,364.72574,329.13217
2010-04-18,147.01736,341.89517,305.43124,149.94737,639.67535,337.1275,360.75528,322.37357
2010-04-19,136.85764,335.3387,301.325,137.90877,631.76624,326.67114,355.09705,304.43103
2010-04-20,130.40625,328.83066,297.63126,131.41403,607.6558,318.08725,350.65823,295.3046
2010-04-21,135.99306,342.32257,314.4875,138.42105,642.8052,333.21475,365.38818,303.56897
2010-04-22,141.54167,344.4355,315.6625,141.18596,649.42206,341.02014,372.09705,309.9138
2010-04-23,140.76042,346.1855,317.85,133.52983,636.42206,343.1074,373.88187,310.43103
2010-04-24,132.7257,342.2903,311.8125,128.62456,649.46106,336.5436,368.0,299.79886
2010-04-25,127.173615,331.44354,311.88126,121.75439,625.0974,327.5436,361.87762,289.8908
2010-04-26,120.46875,324.5645,306.5625,112.42456,630.013,319.38254,356.81012,279.36206
2010-04-27,113.38194,311.87097,297.21875,105.60351,596.7013,308.08054,350.0886,269.1494
2010-04-28,121.84722,304.42743,299.94376,122.217545,595.77924,313.51007,358.9325,294.68967
2010-04-29,134.0243,300.1613,310.15,127.54737,619.37665,332.24832,371.35022,308.52298
2010-04-30,133.80208,301.87903,311.36874,125.10877,605.55194,336.12082,374.21942,308.3506
2010-05-01,130.18056,306.33066,312.24374,122.98947,622.36365,334.14093,372.27426,308.63217
2010-05-02,126.5,301.25,310.025,114.67368,618.0974,326.20807,368.65823,300.70114
2010-05-03,121.11806,286.37097,305.54376,105.364914,611.0325,316.79865,362.75528,289.77585
2010-05-04,115.263885,278.0242,296.0375,97.96842,585.5714,305.46307,356.78482,277.9253
2010-05-05,110.513885,262.71774,290.84375,92.86667,587.79224,296.85236,352.83124,267.0862
2010-05-06,108.38194,254.6129,291.14374,90.51228,570.2727,294.8255,351.61182,261.8506
2010-05-07,107.02431,247.7258,287.7625,89.60351,566.4935,292.698,348.0633,257.66092
2010-05-08,103.87847,239.66129,282.075,85.47018,569.3312,287.27518,343.27847,250.17816
2010-05-09,100.385414,235.24193,277.9625,81.73684,561.7727,281.59732,340.2574,243.81609
2010-05-10,99.09722,234.37903,281.35626,78.72632,539.6818,281.97986,342.45148,240.47127
2010-05-11,108.22569,232.35484,287.89374,90.192986,552.1883,299.1812,354.61182,260.27585
2010-05-12,109.895836,226.98387,287.7875,88.02105,551.6429,300.62418,356.8481,263.02875
2010-05-13,104.697914,226.07259,285.825,78.74035,549.487,293.51007,352.11813,250.79884
2010-05-14,99.920135,222.40323,280.25,72.6807,555.33765,286.7181,347.7637,239.8793
2010-05-15,94.513885,219.76613,276.75,66.69824,563.75323,277.26846,343.4979,228.35057
2010-05-16,85.94097,221.03226,271.36874,59.11579,552.9805,267.0604,337.9958,213.66667
2010-05-17,77.93056,215.8871,263.6,52.354385,517.8701,257.1812,330.17722,199.06322
2010-05-18,75.35069,213.31451,267.075,49.557896,518.3117,254.1208,330.4346,195.8046
2010-05-19,73.017365,213.37903,265.26874,47.57193,515.9156,249.08054,327.28693,192.08046
2010-05-20,68.15278,204.93549,261.4375,45.680702,508.9156,242.27516,324.61603,187.10919
2010-05-21,64.19444,199.25,259.7625,44.6,503.44156,235.08054,321.59915,185.0977
2010-05-22,65.861115,193.81451,259.38126,44.34737,518.0195,233.2349,320.17722,184.05746
2010-05-23,68.166664,186.35484,257.3875,45.129826,504.75974,234.86577,321.45148,186.46552
2010-05-24,67.63194,185.89516,258.6625,43.821053,474.05844,233.52348,322.94516,188.66667
2010-05-25,66.89931,185.81451,257.15625,43.56842,497.45456,228.27516,322.59073,186.37357
2010-05-26,64.93403,184.39516,246.70625,42.835087,512.4091,224.69798,322.41772,184.16092
2010-05-27,70.392365,183.82259,235.8,43.403507,507.9091,223.00671,324.16455,192.5
2010-05-28,77.43403,184.19354,230.39375,44.70877,510.53247,233.5839,335.32068,204.87357
2010-05-29,77.892365,184.08064,220.7625,43.252632,508.0974,231.349,337.5232,203.22989
2010-05-30,69.59028,182.25807,210.45,39.824562,500.74026,222.79195,331.23206,193.72989
2010-05-31,63.02778,175.93549,198.8625,32.466667,484.1948,214.36913,324.85233,181.6954
2010-06-01,57.958332,168.95967,200.825,27.915789,467.88312,206.5302,319.14767,171.52873
2010-06-02,52.958332,163.42741,199.6875,26.880701,451.94156,198.44966,314.76794,161.17816
2010-06-03,47.149307,155.62097,191.91875,24.185965,436.67532,185.79195,307.15613,149.72414
2010-06-04,42.020832,147.50807,184.15,22.357895,405.64285,175.81209,300.18143,140.17816
2010-06-05,37.27778,139.07259,168.18124,20.733334,388.72076,167.3557,292.77637,130.91954
2010-06-06,30.809029,128.41936,153.68124,18.501755,363.18832,157.81879,281.08017,115.72414
2010-06-07,24.604166,119.70968,156.925,16.014034,340.95456,142.18121,263.77216,100.05173
2010-06-08,20.48611,112.27419,141.56876,13.561403,306.2922,129.85236,247.35443,86.24138
2010-06-09,17.413195,107.52419,129.05624,11.277193,288.65585,119.66443,234.32912,74.82758
2010-06-10,15.253472,103.75,113.66875,10.3052635,291.2078,111.59731,224.70886,68.195404
2010-06-11,13.802083,102.991936,107.86875,9.792982,286.61688,107.68456,218.92827,63.844826
2010-06-12,12.392361,102.3629,106.38125,8.71579,283.38312,106.2349,214.75105,59.224136
2010-06-13,10.684028,100.95968,102.975,7.3157897,277.77924,102.932884,208.7384,52.729885
2010-06-14,8.711805,96.70968,97.09375,5.8421054,264.39612,97.67785,199.52742,44.833332
2010-06-15,6.6909723,90.79032,89.78125,4.673684,252.76624,89.94631,190.13924,36.37931
2010-06-16,5.3402777,86.41129,84.5125,4.182456,238.47403,84.268456,181.3502,31.247126
2010-06-17,4.6180553,81.3629,82.05625,3.8842106,235.72078,81.77853,174.39241,28.494253
2010-06-18,3.8402777,73.76613,78.525,3.5894737,222.94806,78.04027,168.10548,25.534483
2010-06-19,3.0520833,70.22581,80.4125,3.2631578,210.55844,69.53691,166.70886,22.683908
2010-06-20,2.4722223,68.30645,77.66875,3.0175438,205.07143,61.47651,159.42616,20.649426
2010-06-21,2.0486112,81.79032,74.125,2.8,198.46753,57.24832,155.4135,18.706896
2010-06-22,1.65625,79.435486,70.50625,2.4245615,191.96104,53.973156,151.05486,15.206897
2010-06-23,1.2708334,74.65323,65.08125,2.1438596,181.87662,49.302013,145.19409,11.0
2010-06-24,0.9965278,69.01613,58.2125,1.8280702,172.63637,44.026844,125.666664,8.798851
2010-06-25,0.5451389,64.491936,53.19375,1.5298246,159.9935,38.05369,102.101265,6.609195
2010-06-26,0.38541666,61.225807,48.075,1.2350878,151.65584,35.63087,92.85232,5.086207
2010-06-27,0.23958333,56.717743,41.7875,0.8561404,141.44806,31.738255,84.62447,3.0402298
2010-06-28,0.03125,48.725807,33.1375,0.3754386,126.987015,30.147652,72.978905,1.0229886
2010-06-29,0.0,41.217743,25.2625,0.0,109.876625,24.18792,61.16456,0.09770115
2010-06-30,0.0,35.903225,20.1625,0.0,102.11039,19.993288,51.763714,0.0
2010-07-01,0.0,33.274193,16.90625,0.0,92.19481,17.442953,45.594936,0.0
2010-07-02,0.0,30.830645,14.0875,0.0,88.07143,15.201343,40.13502,0.0
2010-07-03,0.0,28.701612,11.73125,0.0,102.47403,13.42953,35.42616,0.0
2010-07-04,0.0,26.629032,10.275,0.0,96.46753,12.080537,31.98734,0.0
2010-07-05,0.0,23.983871,8.73125,0.0,89.12987,9.778523,26.784811,0.0
2010-07-06,0.0,25.717741,7.28125,0.0,79.32468,7.7315435,21.468355,0.0
2010-07-07,0.0,23.169355,6.0875,0.0,70.67532,6.107383,17.36287,0.0
2010-07-08,0.0,20.475807,5.03125,0.0,68.52597,4.671141,13.949368,0.0
2010-07-09,0.0,17.685484,4.50625,0.0,59.896103,2.9932885,10.763713,0.0
2010-07-10,0.0,15.129032,3.2375,0.0,54.94156,1.7583892,7.9198313,0.0
2010-07-11,0.0,12.846774,2.10625,0.0,45.55844,0.95302016,5.350211,0.0
2010-07-12,0.0,11.145162,1.3625,0.0,37.44156,0.38255033,3.3164556,0.0
2010-07-13,0.0,9.919354,1.10625,0.0,31.48052,0.0,2.101266,0.0
2010-07-14,0.0,8.91129,0.8875,0.0,27.324675,0.0,1.1181434,0.0
2010-07-15,0.0,7.879032,0.625,0.0,23.097403,0.0,0.5907173,0.0
2010-07-16,0.0,6.346774,0.275,0.0,18.116882,0.0,0.088607594,0.0
2010-07-17,0.0,5.040323,0.0,0.0,14.051948,0.0,0.0,0.0
2010-07-18,0.0,3.7903225,0.0,0.0,10.038961,0.0,0.0,0.0
2010-07-19,0.0,2.637097,0.0,0.0,6.337662,0.0,0.0,0.0
2010-07-20,0.0,1.5967742,0.0,0.0,3.6883116,0.0,0.0,0.0
2010-07-21,0.0,0.6935484,0.0,0.0,1.987013,0.0,0.0,0.0
2010-07-22,0.0,0.2580645,0.0,0.0,1.2857143,0.0,0.0,0.0
2010-07-23,0.0,0.0,0.0,0.0,0.84415585,0.0,0.0,0.0
2010-07-24,0.0,0.0,0.0,0.0,0.6168831,0.0,0.0,0.0
2010-07-25,0.0,0.0,0.0,0.0,0.33116883,0.0,0.0,0.0
2010-07-26,0.0,0.0,0.0,0.0,0.097402595,0.0,0.0,0.0
2010-07-27,0.0,0.0,0.0,0.0,0.0,0.0,0.0,0.0
2010-07-28,0.0,0.0,0.0,0.0,0.0,0.0,0.0,0.0
2010-07-29,0.0,0.0,0.0,0.0,0.0,0.0,0.0,0.0
2010-07-30,0.0,0.0,0.0,0.0,0.0,0.0,0.0,0.0
2010-07-31,0.0,0.0,0.0,0.0,0.0,0.0,0.0,0.0
2010-08-01,0.0,0.0,0.0,0.0,0.0,0.0,0.0,0.0
2010-08-02,0.0,0.0,0.0,0.0,0.0,0.0,0.0,0.0
2010-08-03,0.0,0.0,0.0,0.0,0.0,0.0,0.0,0.0
2010-08-04,0.0,0.0,0.0,0.0,0.0,0.0,0.0,0.0
2010-08-05,0.0,0.0,0.0,0.0,0.0,0.0,0.0,0.0
2010-08-06,0.0,0.0,0.0,0.0,0.0,0.0,0.0,0.0
2010-08-07,0.0,0.0,0.0,0.0,0.0,0.0,0.0,0.0
2010-08-08,0.0,0.0,0.0,0.0,0.0,0.0,0.0,0.0
2010-08-09,0.0,0.0,0.0,0.0,0.0,0.0,0.0,0.0
2010-08-10,0.0,0.0,0.0,0.0,0.0,0.0,0.0,0.0
2010-08-11,0.0,0.0,0.0,0.0,0.0,0.0,0.0,0.0
2010-08-12,0.0,0.0,0.0,0.0,0.0,0.0,0.0,0.0
2010-08-13,0.0,0.0,0.0,0.0,0.0,0.0,0.0,0.0
2010-08-14,0.0,0.0,0.0,0.0,0.0,0.0,0.0,0.0
2010-08-15,0.0,0.0,0.0,0.0,0.0,0.0,0.0,0.0
2010-08-16,0.0,0.0,0.0,0.0,0.0,0.0,0.0,0.0
2010-08-17,0.0,0.0,0.0,0.0,0.0,0.0,0.0,0.0
2010-08-18,0.0,0.0,0.0,0.0,0.0,0.0,0.0,0.0
2010-08-19,0.0,0.0,0.0,0.0,0.0,0.0,0.0,0.0
2010-08-20,0.0,0.0,0.0,0.0,0.0,0.0,0.0,0.0
2010-08-21,0.0,0.0,0.0,0.0,0.0,0.0,0.0,0.0
2010-08-22,0.0,0.0,0.0,0.0,0.0,0.0,0.0,0.0
2010-08-23,0.0,0.0,0.0,0.0,0.0,0.0,0.0,0.0
2010-08-24,0.0,0.0,0.0,0.0,0.0,0.0,0.0,0.0
2010-08-25,0.0,0.0,0.0,0.0,0.0,0.0,0.0,0.0
2010-08-26,0.0,0.0,0.0,0.0,0.0,0.0,0.0,0.0
2010-08-27,0.0,0.0,0.0,0.0,0.0,0.0,0.0,0.0
2010-08-28,0.0,0.0,0.0,0.0,0.0,0.0,0.0,0.0
2010-08-29,0.0,0.0,0.0,0.0,0.0,0.0,0.0,0.0
2010-08-30,0.0,0.0,0.0,0.0,0.0,0.0,0.0,0.0
2010-08-31,0.0,0.0,0.0,0.0,0.0,0.0,0.0,0.0
2010-09-01,0.0,0.0,0.0,0.0,0.0,0.0,0.0,0.0
2010-09-02,0.0,0.0,0.0,0.0,0.0,0.0,0.0,0.0
2010-09-03,0.0,0.0,0.0,0.0,0.0,0.0,0.0,0.0
2010-09-04,0.0,0.0,0.0,0.0,0.0,0.0,0.0,0.0
2010-09-05,0.0,0.0,0.0,0.0,0.0,0.0,0.0,0.0
2010-09-06,0.0,0.0,0.0,0.0,0.0,0.0,0.0,0.0
2010-09-07,0.0,0.0,0.0,0.0,0.0,0.0,0.0,0.0
2010-09-08,0.0,0.0,0.0,0.0,0.0,0.0,0.0,0.0
2010-09-09,0.0,0.0,0.0,0.0,0.032467533,0.0,0.0,0.0
2010-09-10,0.0,0.0,0.0,0.0,0.032467533,0.0,0.0,0.0
2010-09-11,0.0,0.0,0.0,0.0,0.0,0.0,0.0,0.0
2010-09-12,0.0,0.0,0.0,0.0,0.0,0.0,0.0,0.0
2010-09-13,0.0,0.0,0.0,0.0,0.0,0.0,0.0,0.0
2010-09-14,0.0,0.0,0.0,0.0,0.0,0.0,0.0,0.0
2010-09-15,0.0,0.0,0.0,0.0,0.0,0.0,0.0,0.0
2010-09-16,0.0,0.0,0.0,0.0,0.0,0.0,0.0,0.0
2010-09-17,0.0,0.0,0.0,0.0,0.0,0.0,0.0,0.0
2010-09-18,0.0,0.0,0.0,0.0,0.0,0.0,0.0,0.0
2010-09-19,0.0,0.0,0.0,0.0,0.0,0.0,0.0,0.0
2010-09-20,0.0,0.0,0.0,0.0,0.0,0.0,0.0,0.0
2010-09-21,0.0,0.0,0.0,0.0,0.0,0.0,0.0,0.0
2010-09-22,0.0,0.0,0.0,0.0,0.0,0.0,0.0,0.0
2010-09-23,0.0,0.0,0.0,0.0,0.0,0.0,0.0,0.0
2010-09-24,0.0,0.0,0.0,0.0,0.0,0.0,0.0,0.0
2010-09-25,0.0,0.0,0.0,0.0,0.0,0.0,0.0,0.0
2010-09-26,0.0,0.0,0.0,0.0,0.0,0.0,0.0,0.0
2010-09-27,0.0,0.0,0.0,0.0,0.0,0.0,0.0,0.0
2010-09-28,0.0,0.0,0.0,0.0,0.0,0.0,0.0,0.0
2010-09-29,0.0,0.0,0.0,0.0,0.0,0.0,0.0,0.0
2010-09-30,0.0,0.0,0.0,0.0,0.0,0.0,0.0,0.0
2010-10-01,0.0,0.0,0.0,0.0,0.0,0.0,0.0,0.0
2010-10-02,0.0,0.0,0.0,0.0,0.0,0.0,0.0,0.0
2010-10-03,0.0,0.0,0.0,0.0,0.0,0.0,0.0,0.0
2010-10-04,0.0,0.0,0.08125,0.0,0.512987,0.0,0.0,0.0
2010-10-05,0.0,0.5,2.7,0.0,6.5,1.3020134,2.6540084,0.0
2010-10-06,0.020833334,0.5483871,3.25,0.0,9.883117,2.0805368,3.4008439,0.0
2010-10-07,0.0069444445,0.9032258,3.9375,0.0,12.675324,2.0402684,3.6371307,0.0
2010-10-08,0.017361112,0.8951613,4.8625,0.0,12.636364,2.2080536,4.679325,0.0
2010-10-09,0.0,0.7096774,4.83125,0.0,11.480519,1.738255,4.987342,0.0
2010-10-10,0.0,0.12903225,2.80625,0.0,8.292208,1.080537,3.1434598,0.0
2010-10-11,0.0,0.0,0.73125,0.0,6.461039,0.40939596,0.98734176,0.0
2010-10-12,0.0,0.0,0.15,0.0,3.2727273,0.060402684,0.25738397,0.0
2010-10-13,0.0,0.0,0.06875,0.0,1.2532468,0.0,0.09282701,0.0
2010-10-14,0.0,0.0,0.0,0.0,0.3181818,0.0,0.033755273,0.0
2010-10-15,0.0,0.0,0.0,0.0,0.12337662,0.0,0.0,0.0
2010-10-16,0.0,0.0,0.0,0.0,0.064935066,0.0,0.0,0.0
2010-10-17,0.0,0.0,0.0,0.0,0.038961038,0.0,0.0,0.0
2010-10-18,0.0,0.06451613,0.0125,0.0,0.24675325,0.0,0.046413504,0.0
2010-10-19,0.0,0.048387095,0.0125,0.0,0.27272728,0.026845638,0.08438819,0.0
2010-10-20,0.0,0.06451613,0.0,0.0,0.17532468,0.0,0.03797468,0.0
2010-10-21,0.0,0.11290322,0.0,0.0,0.18831168,0.0,0.021097047,0.0
2010-10-22,0.0,0.11290322,0.0,0.0,0.18831168,0.0,0.016877636,0.0
2010-10-23,0.0,0.11290322,0.03125,0.0,0.18831168,0.0067114094,0.08438819,0.0
2010-10-24,0.33680555,0.088709675,2.06875,0.29473683,0.74025977,1.1677853,3.227848,0.43678162
2010-10-25,2.1145833,2.532258,13.35625,0.8842105,14.642858,8.0,16.523207,6.37931
2010-10-26,2.1319444,2.153226,13.3,0.8596491,15.201299,8.0,16.586498,6.362069
2010-10-27,2.1319444,2.153226,13.28125,0.8701754,15.168831,8.0,16.57384,6.2413793
2010-10-28,1.9791666,2.532258,13.11875,0.82807016,14.88961,8.026846,16.607595,5.816092
2010-10-29,1.8125,2.2419355,14.80625,0.70877194,14.655844,7.463087,16.42616,5.5229883
2010-10-30,1.5486112,2.701613,14.89375,0.5859649,15.662337,7.0738254,15.915612,5.408046
2010-10-31,1.5069444,4.540323,10.025,0.5508772,16.422077,6.248322,14.232067,6.1609197
2010-11-01,1.3159722,3.9596775,13.19375,0.4877193,17.188313,7.2416105,15.130802,5.4425287
2010-11-02,1.1354166,3.2903225,14.84375,0.3508772,16.12987,6.342282,18.58228,3.724138
2010-11-03,0.7881944,1.3387097,11.25625,0.17894737,11.707792,5.5973153,15.016877,1.9425287
2010-11-04,0.46875,0.2983871,7.775,0.049122807,8.337663,4.0067115,13.261603,0.9885057
2010-11-05,0.2534722,0.09677419,5.13125,0.0,4.7792206,2.852349,10.232067,0.6034483
2010-11-06,0.16319445,0.05645161,3.74375,0.0,2.9285715,2.2751677,8.523207,0.3505747
2010-11-07,0.1388889,0.2983871,3.43125,0.0,2.857143,2.0939598,8.008439,0.25862068
2010-11-08,3.9756944,2.1209676,7.85625,1.4877193,7.2402596,4.4966445,9.632912,8.465517
2010-11-09,4.6944447,2.387097,6.40625,2.1017544,7.87013,3.7181208,8.911392,9.488505
2010-11-10,6.84375,2.2419355,6.36875,4.82807,7.7922077,5.228188,9.843882,16.367817
2010-11-11,10.184028,2.6209676,6.9875,5.1754384,7.5194807,7.308725,10.919831,18.770115
2010-11-12,10.052083,2.564516,6.9,4.3508773,7.681818,7.181208,10.691983,18.051723
2010-11-13,8.885417,2.3225806,7.14375,3.091228,8.077922,6.4228187,10.35865,16.890804
2010-11-14,8.097222,2.403226,6.64375,2.1649122,7.8636365,6.080537,10.050632,15.333333
2010-11-15,6.5972223,2.387097,8.78125,1.3859649,7.4675326,5.1409397,10.649789,12.408046
2010-11-16,5.0868053,1.7258065,8.2875,0.9894737,9.064935,6.5033555,17.215189,9.574713
2010-11-17,4.1458335,1.6774193,7.64375,0.76842105,8.532468,5.6845636,16.261604,7.6666665
2010-11-18,3.2256944,1.3548387,7.04375,0.6070175,7.9545455,5.7651005,15.016877,6.54023
2010-11-19,2.7152777,1.25,6.73125,0.51929826,7.4025974,4.677852,14.362869,6.086207
2010-11-20,11.559028,2.282258,16.65,9.852632,14.733767,14.590604,24.544304,22.712645
2010-11-21,33.694443,20.298388,36.375,30.88772,51.64935,42.4698,54.953587,57.172413
2010-11-22,53.833332,28.758064,47.1,37.5193,64.97403,63.080536,73.83122,73.79885
2010-11-23,64.66319,30.032259,46.59375,44.094738,70.22727,69.83893,77.822784,94.31035
2010-11-24,86.68403,43.072582,62.63125,46.51228,87.92208,94.2953,95.36287,113.52873
2010-11-25,87.09722,43.064518,62.5,46.4,87.3961,94.07382,95.36287,113.77012
2010-11-26,86.86806,43.05645,63.3125,46.031578,88.0,95.69798,98.35443,113.31035
2010-11-27,85.135414,42.991936,60.675,49.031578,87.61039,95.40269,96.92827,113.54023
2010-11-28,103.30556,57.096775,72.58125,55.817543,101.08442,118.33557,116.3249,135.6207
2010-11-29,104.46181,57.064518,71.0,57.466667,101.16234,116.342285,112.59071,135.7069
2010-11-30,104.020836,57.080647,70.5375,57.094738,101.181816,116.77853,112.35443,135.37357
2010-12-01,101.416664,56.73387,68.2125,57.23509,104.655846,116.38926,111.39662,134.17816
2010-12-02,98.791664,56.024193,66.8875,54.024563,103.92857,116.63758,113.18565,132.5
2010-12-03,99.8125,53.927418,65.675,55.23158,103.63636,116.05369,112.097046,141.82759
2010-12-04,98.77778,49.919353,61.84375,53.438595,102.55195,114.268456,109.57384,139.3793
2010-12-05,97.16319,47.798386,61.3,52.77544,102.11688,113.167786,108.11814,138.82184
2010-12-06,97.395836,53.096775,69.65,51.985966,122.72078,118.55034,114.413506,139.72989
2010-12-07,97.989586,51.774193,71.30625,59.270176,122.44805,118.97315,115.37553,144.45403
2010-12-08,95.38194,48.008064,69.60625,55.66316,122.22078,117.08725,113.021095,141.86781
2010-12-09,98.00347,44.60484,69.1625,55.11579,120.81169,120.62416,115.86498,142.3793
2010-12-10,95.87847,41.69355,68.81875,54.252632,120.0,121.86577,115.51899,141.48851
2010-12-11,92.673615,39.69355,68.65625,50.48772,119.28571,120.26174,112.81435,138.523
2010-12-12,89.83681,36.927418,67.83125,47.79649,117.53247,117.69798,110.181435,135.8046
2010-12-13,85.854164,33.548386,65.1875,44.350876,113.96104,113.98658,107.97047,131.66092
2010-12-14,82.486115,30.274193,63.49375,41.810528,111.30519,109.993286,106.24051,130.33333
2010-12-15,96.447914,31.806452,75.58125,57.62807,129.38962,130.04027,122.85654,146.89655
2010-12-16,96.72569,34.580647,78.91875,52.36842,140.53247,130.7047,124.16878,147.71838
2010-12-17,96.267365,35.258064,80.8,55.926315,141.37662,131.22148,125.31645,147.74713
2010-12-18,113.84028,89.95968,117.46875,76.31579,210.46104,159.11409,153.14346,165.023
2010-12-19,124.19444,181.79033,147.525,85.34386,304.2922,184.00671,177.32068,182.15517
2010-12-20,140.1875,286.8145,184.56876,110.57895,402.9935,211.83893,206.37975,203.81609
2010-12-21,144.69098,316.66934,200.75626,131.27017,441.77274,224.98657,220.34177,211.44827
2010-12-22,145.54167,329.2984,202.1375,133.63509,448.83118,227.79195,222.19409,215.39655
2010-12-23,146.81598,348.15323,208.46875,135.98245,467.33768,233.92618,226.94093,216.93103
2010-12-24,146.05208,344.2258,201.4375,138.76491,465.0779,233.52348,225.61603,217.78162
2010-12-25,145.51042,343.9758,204.75626,137.94737,464.12338,233.4161,224.29114,218.74713
2010-12-26,150.19444,356.78226,220.68124,144.57544,486.5974,240.57047,236.44725,225.06322
2010-12-27,154.27777,356.84677,215.925,149.67018,486.35715,243.0537,237.36287,232.45403
2010-12-28,155.20486,354.26614,216.5125,142.98245,488.46103,242.74496,236.94514,234.22414
2010-12-29,175.78473,384.16934,240.63126,165.4386,534.0,270.79193,264.61182,255.48851
2010-12-30,187.26389,412.42743,262.09375,162.07368,562.8312,289.77182,279.84387,260.62643
2010-12-31,187.55208,408.91934,261.81876,162.76491,562.35065,290.97314,280.62024,260.08047
2011-01-01,190.84027,405.87903,251.0125,168.87018,561.4286,291.96643,281.1519,264.5
2011-01-02,197.7118,423.41934,271.64374,174.37193,593.3961,306.20135,296.51898,270.83334
2011-01-03,198.45486,445.37903,279.025,175.6807,621.53894,315.85236,308.59494,272.75287
2011-01-04,198.15277,441.26614,284.5,173.38948,623.6948,315.38925,308.1308,272.0747
2011-01-05,197.35764,439.96774,283.4125,173.48772,623.07794,315.20135,307.0,271.1092
2011-01-06,196.25,439.4597,282.05624,160.30176,624.7857,314.84564,307.05484,269.34482
2011-01-07,194.86458,439.16934,280.325,167.77193,622.987,313.55032,304.67932,271.18967
2011-01-08,193.10764,438.74194,279.7625,172.24913,622.0065,312.1275,303.64136,270.4885
2011-01-09,191.74306,438.14517,279.74374,172.12631,620.8182,310.95303,303.44727,269.454
2011-01-10,191.43402,438.3145,278.06876,170.3228,620.4091,310.37582,302.5865,267.50574
2011-01-11,191.55556,437.66934,278.03125,159.42807,620.06494,310.90604,303.14767,269.2701
2011-01-12,192.84027,438.4355,280.79376,177.92632,623.3117,312.89932,306.0422,273.3046
2011-01-13,191.16667,437.46774,278.3625,168.74738,623.487,311.85236,304.17722,270.56897
2011-01-14,190.35764,435.7097,278.11874,177.55087,624.1299,311.4698,304.09705,272.88507
2011-01-15,188.59723,433.64517,276.59375,175.94035,623.5455,310.7181,302.32068,270.11493
2011-01-16,185.57292,431.82257,275.34375,174.65263,622.26624,309.03357,299.7004,265.89655
2011-01-17,182.40277,429.4355,273.69376,172.69122,621.1429,306.53693,299.02533,262.99426
2011-01-18,179.31944,427.46774,271.21875,170.55438,617.9545,304.5436,297.29535,260.55746
2011-01-19,176.75348,426.12097,270.15625,167.61052,616.9156,302.60403,295.98312,258.56323
2011-01-20,175.01389,425.4355,270.61874,156.3158,617.8831,301.27518,294.45993,255.23563
2011-01-21,172.70833,424.24194,270.125,155.05263,616.36365,300.86578,294.7384,256.13217
2011-01-22,169.82292,423.1613,266.60626,146.3228,615.4415,298.89932,292.96625,251.67816
2011-01-23,167.70486,421.1855,265.85626,137.71579,614.3701,298.09396,292.308,250.023
2011-01-24,165.53473,420.05646,264.8625,130.18947,613.94806,296.8926,292.34177,248.1954
2011-01-25,161.4757,419.87097,264.2375,139.70175,612.5974,295.81207,291.52744,240.49425
2011-01-26,159.56598,408.9113,263.06876,139.13333,610.4675,294.84564,289.91562,239.2931
2011-01-27,157.64583,417.14517,264.8625,132.83508,610.4156,294.1141,289.53586,235.72989
2011-01-28,155.49652,415.46774,264.51874,131.4,608.33765,292.8926,288.3924,236.72414
2011-01-29,154.625,414.48386,260.2625,128.3614,606.0585,291.67786,286.98734,239.58621
2011-01-30,154.92361,415.0403,263.75,127.81754,606.0325,292.33557,289.12238,242.75862
2011-01-31,159.4618,441.25,271.0375,128.44211,614.0844,300.59732,297.9114,246.44254
2011-02-01,159.69444,441.0,273.84375,132.62105,615.1429,300.5906,297.5865,246.67241
2011-02-02,160.02083,441.19354,272.0,118.235085,614.37665,300.38254,297.7595,248.62643
2011-02-03,159.85417,442.09677,270.50626,129.10527,613.5909,300.7584,297.57806,246.31035
2011-02-04,158.48611,443.8871,269.325,126.649124,613.57794,300.3557,296.7173,247.2069
2011-02-05,155.78125,442.4758,266.29376,121.13333,611.9026,298.67114,294.13925,243.25287
2011-02-06,153.31598,441.4758,265.76874,112.12281,610.8571,296.40268,292.85233,241.93103
2011-02-07,150.96875,440.30646,264.11874,105.54035,609.7857,294.78525,291.51056,239.76437
2011-02-08,149.56944,438.55646,264.85626,99.47369,610.22076,294.36243,293.18988,238.79884
2011-02-09,149.50348,437.87097,265.0875,101.55789,609.5325,294.44968,294.02954,238.64368
2011-02-10,149.24306,437.9113,268.3625,100.24561,609.24023,294.21475,292.89874,238.74713
2011-02-11,148.77083,437.90323,277.275,96.67719,610.3571,294.1141,294.83966,237.68965
2011-02-12,146.85764,429.5403,275.75626,92.70877,609.1104,292.5302,292.33755,235.95403
2011-02-13,144.19792,429.28226,274.825,91.22807,607.77924,290.57047,291.8481,233.27586
2011-02-14,141.69444,428.24194,275.08124,86.43509,606.82465,288.2886,291.9578,230.98851
2011-02-15,142.73264,434.66934,275.225,91.09824,605.6299,288.04697,291.59073,239.8046
2011-02-16,148.7257,436.00806,275.33124,119.936844,606.974,292.36914,299.02533,266.4885
2011-02-17,178.40625,459.15323,322.20624,139.58246,643.987,325.09396,338.4135,290.2299
2011-02-18,205.71527,461.34677,351.075,165.30527,670.75977,366.80536,376.45148,310.44254
2011-02-19,229.47917,477.4758,376.85626,179.79298,712.6948,405.74496,413.64557,333.59195
2011-02-20,234.6875,486.0484,390.9375,184.15439,729.24023,413.8725,422.78903,340.74713
2011-02-21,237.71875,486.51614,379.5,184.49474,729.2857,414.7584,427.8017,342.04022
2011-02-22,236.45833,486.75806,381.93124,186.42456,728.5974,415.13422,428.04642,339.43677
2011-02-23,235.15625,486.7097,381.59375,186.99298,729.9935,414.7181,426.75528,341.05746
2011-02-24,234.34375,486.5242,381.19376,182.86667,725.42206,414.97314,426.7384,340.09195
2011-02-25,251.86806,489.59677,388.9625,203.62105,726.4286,420.08054,433.41772,382.13794
2011-02-26,280.98264,530.0484,424.30624,228.93333,767.3701,447.7651,464.3038,409.8161
2011-02-27,281.54514,535.5242,423.58124,229.52281,769.94806,448.57047,464.2405,410.36206
2011-02-28,281.6632,536.7258,421.59375,228.02808,771.1948,448.40268,458.99155,412.44827
2011-03-01,279.75,536.95966,422.6375,225.72632,765.8052,449.7181,462.83966,412.27585
2011-03-02,277.09027,537.1129,422.28125,227.45966,764.57794,449.60403,463.4979,412.4253
2011-03-03,284.54514,540.2742,424.0625,240.54736,771.16235,459.48322,469.76794,427.10345
2011-03-04,285.22916,540.14514,426.24374,236.21053,765.13635,461.78525,471.83124,428.0747
2011-03-05,281.57986,539.5323,423.08124,234.20702,760.974,460.66443,467.1983,425.046
2011-03-06,276.37848,536.3387,420.7875,239.81053,757.5065,458.30872,465.48523,422.49426
2011-03-07,280.37848,539.7339,425.24374,236.08772,769.9026,471.46307,477.64557,424.5862
2011-03-08,281.5,546.8226,427.70624,245.77544,771.55194,476.4765,478.84387,424.9253
2011-03-09,277.62848,547.9274,425.6375,233.45264,772.2727,473.81207,474.68777,419.08047
2011-03-10,270.6771,545.6694,423.70624,223.36842,766.79224,469.302,471.65402,412.27585
2011-03-11,266.37152,541.7339,420.11874,219.23509,762.1818,463.30872,465.40927,412.8046
2011-03-12,262.12848,540.0887,417.56876,211.48772,760.56494,458.81207,462.37976,411.04022
2011-03-13,257.59027,538.9758,431.025,197.22105,760.3312,454.67114,458.62448,407.81033
2011-03-14,258.43402,536.29034,429.4,197.8386,758.3896,456.36243,456.91983,414.01724
2011-03-15,257.19446,533.2661,413.09375,196.54385,752.70776,454.7047,458.00845,414.34482
2011-03-16,267.46875,528.4355,409.36874,220.03859,740.74677,466.4698,465.65823,427.86783
2011-03-17,279.93054,529.2177,417.26874,204.78246,751.94806,476.59732,470.7173,440.6494
2011-03-18,279.52777,528.2823,418.15,238.71228,749.29224,477.1074,470.1097,441.1207
2011-03-19,304.25696,527.621,445.56876,272.18948,771.4091,501.0671,490.2574,462.38507
2011-03-20,321.9618,540.0806,456.55,307.23157,793.35065,524.9396,508.0,483.82758
2011-03-21,343.25,589.1371,507.3,319.23157,862.3052,565.5973,558.8903,490.5115
2011-03-22,354.77777,600.79034,521.1312,326.87018,879.8312,579.7852,577.8228,505.56897
2011-03-23,356.25696,602.0645,519.775,329.88773,886.1299,581.14764,576.18146,509.6954
2011-03-24,369.74304,631.379,546.275,346.57193,930.27924,603.9396,595.6076,523.43677
2011-03-25,400.8021,660.0484,581.675,372.8807,977.7143,642.1409,631.1772,550.97125
2011-03-26,422.39584,669.1613,590.525,389.02808,990.46106,654.8792,646.02954,562.2012
2011-03-27,432.3611,673.5323,601.60626,392.8386,1003.6948,664.7651,658.4768,578.8908
2011-03-28,431.97916,672.19354,586.0062,388.97192,1016.5714,664.255,659.4008,574.7988
2011-03-29,422.9618,669.7823,582.4375,375.6351,1012.16235,659.4698,654.6498,580.4655
2011-03-30,415.69098,666.10486,575.91876,361.25613,1007.1558,651.4765,648.8017,572.9425
2011-03-31,398.41666,657.99194,569.98126,339.14737,1000.6299,638.953,638.37976,567.6322
2011-04-01,380.4618,646.5484,572.8,319.94385,993.9935,618.67114,621.3924,553.65515
2011-04-02,360.62848,631.3871,554.4313,290.92633,978.6039,599.5302,605.3418,542.23566
2011-04-03,354.01736,623.9274,549.4875,286.84912,965.74677,591.37585,600.08014,534.45404
2011-04-04,349.40973,618.0968,543.875,273.51578,960.6169,587.32886,588.70886,529.977
2011-04-05,338.9271,610.4355,522.4437,241.24562,950.56494,579.7718,585.1477,528.1667
2011-04-06,330.5382,600.24194,527.6,231.01755,943.5585,571.7852,577.9283,521.0172
2011-04-07,326.25696,594.94354,524.20624,256.8421,939.07794,567.5973,575.09283,521.12067
2011-04-08,336.4236,602.6694,535.225,245.17545,946.5974,583.6846,589.42615,523.68964
2011-04-09,338.0382,605.4839,536.20624,249.85965,959.9026,585.28186,590.7806,527.6322
2011-04-10,337.6493,607.0323,539.35,241.88773,953.3701,584.5973,590.3291,525.9598
2011-04-11,333.37848,606.35486,537.0,233.33333,956.1558,582.20807,585.77637,522.9828
2011-04-12,327.52777,603.4839,531.7,222.8807,949.76624,577.6913,584.0,522.37354
2011-04-13,323.19446,600.60486,528.85,236.71579,946.7013,571.9597,581.6625,517.9023
2011-04-14,327.74652,597.60486,531.8375,220.90175,948.2013,572.8255,585.3418,521.21265
2011-04-15,325.52777,591.74194,528.0375,238.03859,939.4415,570.4899,582.384,521.87933
2011-04-16,318.125,582.0645,527.75,229.7193,935.1883,563.9128,576.7384,520.28735
2011-04-17,307.15277,566.39514,516.59375,218.53334,915.013,552.44293,572.70886,511.0115
2011-04-18,298.2604,551.2258,502.11874,186.17894,901.63635,541.8322,564.55273,499.73563
2011-04-19,295.19446,538.1774,495.5875,185.4842,893.0585,538.1208,560.0591,497.08047
2011-04-20,287.94098,527.5887,487.93124,186.43509,883.24023,531.3893,556.5485,488.02875
2011-04-21,284.26736,520.5,489.5,185.26315,881.44806,529.06714,557.6709,484.6092
2011-04-22,282.3611,514.5161,486.6125,189.18596,878.9091,528.97986,559.5485,485.6954
2011-04-23,280.84027,505.7742,489.61874,188.71579,879.55194,530.3154,563.0253,483.94827
2011-04-24,280.90277,475.4113,488.55624,186.87369,875.7857,529.27515,560.2658,485.7069
2011-04-25,282.0868,489.96774,486.55,178.80702,872.70776,528.26843,560.0169,486.97125
2011-04-26,282.97223,481.76614,487.14374,185.04912,872.4935,527.38257,562.6034,491.99426
2011-04-27,283.35416,477.3871,485.30624,177.76842,866.5325,522.3624,561.91986,488.60345
2011-04-28,276.8507,471.4516,484.53125,159.0807,856.526,516.37585,558.90717,484.3161
2011-04-29,274.37848,465.7903,476.79376,170.81755,849.4545,511.49664,558.4008,482.65518
2011-04-30,274.0764,465.03226,478.8875,156.46666,851.8312,509.26175,555.29535,482.10345
2011-05-01,272.24304,462.2097,476.3125,151.32631,848.05194,506.51678,550.24896,479.93103
2011-05-02,267.5625,434.16934,472.4125,167.39648,843.46106,500.46307,545.481,472.59195
2011-05-03,260.65277,441.9113,464.575,152.05965,833.25977,493.78525,542.4346,461.52875
2011-05-04,248.80902,434.7097,455.13126,145.54034,830.87665,481.8725,536.9916,442.71838
2011-05-05,236.8507,415.5403,442.85626,122.32632,814.3117,469.698,530.29956,422.76437
2011-05-06,223.18402,395.0403,429.1625,106.2807,792.4156,449.87918,522.75525,408.89655
2011-05-07,210.71527,366.3145,416.83124,97.926315,773.42206,430.86578,517.3882,395.70114
2011-05-08,203.90973,347.3629,410.88126,104.81403,755.07794,419.36914,510.29535,384.6839
2011-05-09,201.83333,335.33066,406.86874,112.045616,752.46106,417.9329,509.8017,378.99426
2011-05-10,201.57639,332.2984,407.9375,110.65263,765.72076,420.6443,513.44305,377.7299
2011-05-11,197.95833,328.15323,407.33124,89.950874,752.5,414.55032,513.51056,371.81033
2011-05-12,191.98264,321.2258,401.93124,83.82105,739.6818,399.67786,512.6751,364.66666
2011-05-13,184.69098,309.99194,396.63126,79.28421,718.1299,388.91946,502.94937,354.67242
2011-05-14,174.0243,297.8145,390.54376,87.8386,701.26624,373.14093,498.1266,345.7931
2011-05-15,169.97917,290.2742,383.3875,69.26667,695.6429,369.26175,497.59494,335.2069
2011-05-16,181.79167,286.50806,388.3875,71.192986,707.6818,381.1074,505.6751,333.43103
2011-05-17,183.37848,285.6129,390.3625,73.67719,718.0844,385.36914,505.86075,329.97125
2011-05-18,193.79514,294.0,402.00626,80.8,731.6169,399.10068,517.37134,330.87357
2011-05-19,193.95139,298.32257,403.69376,78.43158,727.2857,403.26175,518.2658,334.7414
2011-05-20,185.69444,297.2903,406.375,83.98596,725.4935,392.83893,516.8608,320.13794
2011-05-21,177.17361,284.49194,401.76874,77.9614,724.74023,379.02014,511.11813,313.17242
2011-05-22,170.14236,283.84677,392.7375,63.43509,714.1429,369.8859,505.4979,310.6839
2011-05-23,164.96527,272.69354,385.1625,76.29123,697.4415,362.95303,499.83124,291.61493
2011-05-24,161.38194,262.7742,380.625,69.41053,698.86365,359.24832,497.38818,285.23563
2011-05-25,157.36806,254.0242,376.4625,67.1193,689.64935,354.26846,493.92828,281.63217
2011-05-26,157.4132,242.45967,370.925,59.22456,672.13635,348.67114,489.20676,282.23563
2011-05-27,156.4132,240.0,368.9125,60.494736,670.0844,345.08725,487.45993,281.00574
2011-05-28,154.42361,235.75,362.8625,59.214035,653.72076,339.8188,484.71307,279.8908
2011-05-29,158.11111,236.29839,361.16876,76.01053,654.1688,340.42953,485.3249,282.2299
2011-05-30,158.31598,237.4758,361.45624,75.1614,655.93506,341.49664,487.94516,282.0747
2011-05-31,156.45486,238.89516,359.3125,74.68421,646.5844,339.36243,482.32068,280.0977
2011-06-01,152.2882,235.8629,354.675,68.14737,638.9545,333.08054,471.59494,278.47702
2011-06-02,154.45486,238.4758,349.09375,70.789474,636.0909,335.4765,467.64978,280.0345
2011-06-03,154.30208,236.93549,348.80624,76.82456,642.79224,334.0671,465.692,279.02875
2011-06-04,152.15625,229.04839,342.25,60.473682,628.4935,320.14093,454.61603,276.0115
2011-06-05,149.26042,230.4758,343.26874,66.361404,634.3442,318.56375,456.2574,273.33908
2011-06-06,145.55902,230.48387,343.53125,70.25965,634.24023,311.61746,452.16876,269.546
2011-06-07,143.04514,229.91936,337.84375,62.77544,622.9805,308.9396,451.13925,267.4253
2011-06-08,135.33333,228.03226,323.68124,59.533333,601.56494,304.13422,445.5021,261.38507
2011-06-09,123.142365,223.79839,310.6375,57.964912,576.4675,297.1141,439.54007,261.61493
2011-06-10,111.572914,211.07259,299.66876,53.326317,558.3052,288.40268,431.45148,247.61494
2011-06-11,103.635414,225.18549,287.30624,48.08421,539.8571,279.05368,423.79745,235.85632
2011-06-12,96.145836,220.0242,279.725,44.80702,530.37665,272.61746,418.1308,226.02873
2011-06-13,88.1875,211.66936,272.83124,39.105263,513.24677,258.38254,411.6329,215.4253
2011-06-14,80.864586,207.81451,265.075,39.56491,488.23376,246.1208,404.37552,201.88506
2011-06-15,72.84375,195.62903,260.075,35.19298,465.03247,236.91275,397.20676,196.0747
2011-06-16,64.18403,179.41936,255.70625,31.354385,442.987,231.60403,385.2363,179.49425
2011-06-17,58.12153,175.89516,249.5625,30.54035,431.2078,222.40268,376.8017,166.7931
2011-06-18,53.59722,171.09677,244.13126,26.99649,433.72726,213.92618,369.53165,155.63792
2011-06-19,48.614582,164.95161,243.125,25.480701,480.23376,203.51007,365.17722,142.22414
2011-06-20,43.36111,157.42741,219.98125,23.291227,402.04544,194.42282,344.64557,130.38506
2011-06-21,38.0,145.41936,195.75626,18.585964,380.5909,181.95973,319.84387,113.66092
2011-06-22,30.225695,132.2258,178.24374,14.568421,350.9935,162.57718,298.5021,91.54023
2011-06-23,23.975695,120.564514,141.4375,12.014035,341.83118,145.72484,276.37976,72.93678
2011-06-24,20.3125,129.45967,128.20625,10.14386,316.38312,133.48322,258.31647,64.114944
2011-06-25,17.496529,122.40323,119.0,8.508772,293.26624,123.42953,245.17722,56.229885
2011-06-26,15.076389,114.83871,108.14375,6.9543858,277.37012,114.067116,230.90717,48.844826
2011-06-27,12.75,110.84677,97.60625,5.3614035,262.76624,99.48993,211.17299,41.482758
2011-06-28,10.413195,103.98387,90.375,3.9017544,245.58441,80.34899,188.99577,35.643677
2011-06-29,8.659722,99.82258,87.54375,3.5438597,236.03896,75.24832,183.6287,32.804596
2011-06-30,7.736111,99.6371,85.3875,3.214035,234.7922,73.33557,181.27849,30.91954
2011-07-01,6.4375,95.758064,79.8125,2.7368422,227.74675,69.32886,162.04642,27.603449
2011-07-02,4.5034723,93.129036,70.51875,2.3894737,212.2987,62.986576,141.44725,23.54023
2011-07-03,2.9270833,97.491936,60.1,2.1263158,192.94156,57.27517,128.15611,18.672413
2011-07-04,1.5520834,87.508064,49.00625,1.8596492,174.48701,53.72483,114.05064,12.551724
2011-07-05,0.7013889,78.564514,39.25,1.5859649,158.44156,48.362415,101.70464,11.8505745
2011-07-06,0.21875,72.58871,31.13125,1.2842106,161.1039,41.040268,90.662445,8.867816
2011-07-07,0.0,66.3871,24.7125,0.9859649,146.33116,30.993288,80.73418,6.1149426
2011-07-08,0.0,60.080647,20.1125,0.71929824,134.02597,26.932886,72.18565,4.034483
2011-07-09,0.0,54.774193,16.39375,0.47719297,121.42208,23.825504,63.957806,2.362069
2011-07-10,0.0,50.024193,13.7,0.25964913,110.27922,21.28188,56.886074,1.4482758
2011-07-11,0.0,46.14516,11.60625,0.05964912,100.28571,19.127518,50.970463,0.87356323
2011-07-12,0.0,43.298386,9.93125,0.0,92.344154,16.127518,42.603374,0.49425286
2011-07-13,0.0,42.991936,8.6625,0.0,85.25974,14.214766,37.042194,0.25862068
2011-07-14,0.0,41.491936,7.90625,0.0,80.62987,13.295302,34.244724,0.06321839
2011-07-15,0.0,40.717743,7.325,0.0,77.11039,12.449664,31.970465,0.0
2011-07-16,0.0,39.967743,6.63125,0.0,73.51948,11.369127,29.413502,0.0
2011-07-17,0.0,39.10484,6.21875,0.0,70.47403,10.590604,27.240507,0.0
2011-07-18,0.0,37.30645,5.69375,0.0,65.98052,9.624161,24.535866,0.0
2011-07-19,0.0,34.653225,4.74375,0.0,59.48052,8.369127,21.324894,0.0
2011-07-20,0.0,31.774193,4.025,0.0,54.590908,7.181208,18.620253,0.0
2011-07-21,0.0,29.048388,3.26875,0.0,50.07143,5.9597316,16.105486,0.0
2011-07-22,0.0,26.379032,2.6875,0.0,45.805195,4.8389263,13.594936,0.0
2011-07-23,0.0,23.89516,2.1625,0.0,41.83766,3.9597316,11.210971,0.0
2011-07-24,0.0,26.35484,1.5625,0.0,37.266235,2.932886,8.6118145,0.0
2011-07-25,0.0,23.64516,1.10625,0.0,38.935066,1.8993288,6.506329,0.0
2011-07-26,0.0,21.403225,0.86875,0.0,35.084415,1.0872483,5.063291,0.0
2011-07-27,0.0,19.451612,0.65625,0.0,32.42857,0.6442953,4.0042195,0.0
2011-07-28,0.0,17.467741,0.44375,0.0,29.51948,0.3489933,3.0295358,0.0
2011-07-29,0.0,14.967742,0.15,0.0,25.428572,0.0,1.9240507,0.0
2011-07-30,0.0,12.862904,0.0,0.0,21.461039,0.0,1.0253165,0.0
2011-07-31,0.0,11.354838,0.0,0.0,17.136364,0.0,0.6075949,0.0
2011-08-01,0.0,10.4838705,0.0,0.0,15.675324,0.0,0.27004218,0.0
2011-08-02,0.0,9.395162,0.0,0.0,13.298701,0.0,0.0,0.0
2011-08-03,0.0,8.330646,0.0,0.0,11.233767,0.0,0.0,0.0
2011-08-04,0.0,7.467742,0.0,0.0,9.584415,0.0,0.0,0.0
2011-08-05,0.0,6.830645,0.0,0.0,8.311688,0.0,0.0,0.0
2011-08-06,0.0,6.2580647,0.0,0.0,7.051948,0.0,0.0,0.0
2011-08-07,0.0,5.717742,0.0,0.0,5.7792206,0.0,0.0,0.0
2011-08-08,0.0,5.137097,0.0,0.0,5.0064936,0.0,0.0,0.0
2011-08-09,0.0,4.427419,0.0,0.0,4.123377,0.0,0.0,0.0
2011-08-10,0.0,3.766129,0.0,0.0,3.2337663,0.0,0.0,0.0
2011-08-11,0.0,3.0403225,0.0,0.0,2.487013,0.0,0.0,0.0
2011-08-12,0.0,2.4596775,0.0,0.0,2.116883,0.0,0.0,0.0
2011-08-13,0.0,2.032258,0.0,0.0,1.6233766,0.0,0.0,0.0
2011-08-14,0.0,1.5403225,0.0,0.0,1.1948051,0.0,0.0,0.0
2011-08-15,0.0,1.3790323,0.0,0.0,1.0,0.0,0.0,0.0
2011-08-16,0.0,1.2419355,0.0,0.0,0.83766234,0.0,0.0,0.0
2011-08-17,0.0,1.1209677,0.0,0.0,0.66883117,0.0,0.0,0.0
2011-08-18,0.0,0.9677419,0.0,0.0,0.44155845,0.0,0.0,0.0
2011-08-19,0.0,0.8145161,0.0,0.0,0.22727273,0.0,0.0,0.0
2011-08-20,0.0,0.6935484,0.0,0.0,0.051948052,0.0,0.0,0.0
2011-08-21,0.0,0.58870965,0.0,0.0,0.0,0.0,0.0,0.0
2011-08-22,0.0,0.47580644,0.0,0.0,0.0,0.0,0.0,0.0
2011-08-23,0.0,0.32258064,0.0,0.0,0.0,0.0,0.0,0.0
2011-08-24,0.0,0.10483871,0.0,0.0,0.0,0.0,0.0,0.0
2011-08-25,0.0,0.0,0.0,0.0,0.0,0.0,0.0,0.0
2011-08-26,0.0,0.0,0.0,0.0,0.0,0.0,0.0,0.0
2011-08-27,0.0,0.0,0.0,0.0,0.0,0.0,0.0,0.0
2011-08-28,0.0,0.0,0.0,0.0,0.0,0.0,0.0,0.0
2011-08-29,0.0,0.0,0.0,0.0,0.0,0.0,0.0,0.0
2011-08-30,0.0,0.0,0.0,0.0,0.0,0.0,0.0,0.0
2011-08-31,0.0,0.0,0.0,0.0,0.0,0.0,0.0,0.0
2011-09-01,0.0,0.0,0.0,0.0,0.0,0.0,0.0,0.0
2011-09-02,0.0,0.0,0.0,0.0,0.0,0.0,0.0,0.0
2011-09-03,0.0,0.0,0.0,0.0,0.0,0.0,0.0,0.0
2011-09-04,0.0,0.0,0.0,0.0,0.0,0.0,0.0,0.0
2011-09-05,0.0,0.0,0.0,0.0,0.0,0.0,0.0,0.0
2011-09-06,0.0,0.0,0.0,0.0,0.0,0.0,0.0,0.0
2011-09-07,0.0,0.0,0.0,0.0,0.0,0.0,0.0,0.0
2011-09-08,0.0,0.0,0.0,0.0,0.0,0.0,0.0,0.0
2011-09-09,0.0,0.0,0.0,0.0,0.0,0.0,0.0,0.0
2011-09-10,0.0,0.0,0.0,0.0,0.0,0.0,0.0,0.0
2011-09-11,0.0,0.0,0.0,0.0,0.0,0.0,0.0,0.0
2011-09-12,0.0,0.0,0.0,0.0,0.0,0.0,0.0,0.0
2011-09-13,0.0,0.0,0.0,0.0,0.0,0.0,0.0,0.0
2011-09-14,0.0,0.0,0.0,0.0,0.0,0.0,0.0,0.0
2011-09-15,0.0,0.0,0.0,0.0,0.0,0.0,0.0,0.0
2011-09-16,0.0,0.0,0.0,0.0,0.0,0.0,0.0,0.0
2011-09-17,0.0,0.0,0.0,0.0,0.0,0.0,0.0,0.0
2011-09-18,0.0,0.0,0.0,0.0,0.0,0.0,0.0,0.0
2011-09-19,0.0,0.0,0.0,0.0,0.0,0.0,0.0,0.0
2011-09-20,0.0,0.0,0.0,0.0,0.0,0.0,0.0,0.0
2011-09-21,0.0,0.0,0.0,0.0,0.0,0.0,0.0,0.0
2011-09-22,0.0,0.0,0.0,0.0,0.0,0.0,0.0,0.0
2011-09-23,0.0,0.0,0.0,0.0,0.0,0.0,0.0,0.0
2011-09-24,0.0,0.0,0.0,0.0,0.0,0.0,0.0,0.0
2011-09-25,0.0,0.0,0.0,0.0,0.0,0.0,0.0,0.0
2011-09-26,0.0,0.0,0.0,0.0,0.0,0.0,0.0,0.0
2011-09-27,0.0,0.0,0.0,0.0,0.0,0.0,0.0,0.0
2011-09-28,0.0,0.0,0.0,0.0,0.0,0.0,0.0,0.0
2011-09-29,0.0,0.0,0.0,0.0,0.0,0.0,0.0,0.0
2011-09-30,0.0,0.0,0.0,0.0,0.0,0.0,0.0,0.0
2011-10-01,0.0,0.0,0.0,0.0,0.0,0.0,0.0,0.0
2011-10-02,0.0,0.0,0.0,0.0,0.0,0.0,0.0,0.0
2011-10-03,0.0,0.0,0.0,0.0,0.0,0.0,0.0,0.0
2011-10-04,0.0,0.0,0.0,0.0,0.0,0.0,0.0,0.0
2011-10-05,0.53125,0.25,2.28125,2.4245615,3.3961039,0.60402685,0.79324895,9.28161
2011-10-06,6.7534723,22.35484,16.24375,5.164912,28.27922,13.228188,15.565401,16.609196
2011-10-07,7.6979165,23.379032,17.875,4.245614,31.974026,16.32886,17.8481,18.471264
2011-10-08,6.295139,22.548388,17.24375,2.62807,30.162338,15.644296,16.818565,16.505747
2011-10-09,3.9270833,18.5,15.35625,2.2070177,26.551949,12.100671,14.594936,13.764368
2011-10-10,2.4409723,15.5161295,9.1125,1.5157895,22.11039,6.9463086,10.970464,10.735632
2011-10-11,1.3784722,10.096774,6.13125,0.98245615,18.045454,4.261745,9.147679,7.4310346
2011-10-12,0.4548611,5.056452,2.93125,0.69473684,11.181818,1.9328859,5.4388185,5.2011495
2011-10-13,0.027777778,2.5725806,0.775,0.33684212,4.746753,0.38255033,1.6329114,1.7126436
2011-10-14,0.0,0.9677419,0.1,0.11929824,1.4935066,0.033557046,0.14767933,0.18390805
2011-10-15,0.0,0.36290324,0.0,0.01754386,0.3181818,0.0,0.0,0.0
2011-10-16,0.0,0.15322581,0.0,0.0,0.032467533,0.0,0.0,0.0
2011-10-17,0.0,0.024193548,0.0,0.0,0.0,0.0,0.0,0.0
2011-10-18,0.0,0.0,0.0,0.0,0.0,0.0,0.0,0.0
2011-10-19,0.0,0.0,0.0,0.0,0.0,0.0,0.0,0.0
2011-10-20,0.0,0.0,0.0,0.0,0.0,0.0,0.0,0.0
2011-10-21,0.0,0.0,0.0,0.0,0.0,0.0,0.0,0.0
2011-10-22,0.0,0.0,0.0,0.0,0.0,0.0,0.0,0.0
2011-10-23,0.0,0.0,0.0,0.0,0.0,0.0,0.0,0.0
2011-10-24,0.0,0.0,0.0,0.0,0.0,0.0,0.0,0.0
2011-10-25,0.0,0.0,0.0,0.0,0.0,0.0,0.0,0.0
2011-10-26,0.0,0.0,0.0,0.0,0.0,0.0,0.0,0.0
2011-10-27,0.0,0.0,0.0,0.0,0.0,0.0,0.0,0.0
2011-10-28,0.0,0.0,0.0,0.0,0.0,0.0,0.0,0.0
2011-10-29,0.0,0.0,0.0,0.0,0.0,0.0,0.0,0.0
2011-10-30,0.0,0.0,0.0,0.0,0.0,0.0,0.0,0.0
2011-10-31,0.0,0.0,0.0,0.0,0.0,0.0,0.0,0.0
2011-11-01,0.0,0.0,0.0,0.0,0.0,0.0,0.0,0.0
2011-11-02,0.0,0.0,0.0,0.0,0.0,0.0,0.0,0.0
2011-11-03,0.0,0.0,0.0,0.0,0.0,0.0,0.0,0.0
2011-11-04,1.9409722,2.0241935,2.64375,2.3298244,3.6883116,3.1073825,3.8607595,4.3505745
2011-11-05,2.1493056,5.048387,2.8125,2.277193,3.8441558,4.3691278,4.8945146,4.454023
2011-11-06,7.5381947,6.322581,7.11875,5.010526,9.103896,10.208054,10.308017,13.252873
2011-11-07,8.121528,12.580646,7.49375,6.0385966,13.116883,12.610738,12.274261,15.293103
2011-11-08,7.4131947,12.5,7.51875,5.6526318,13.318182,12.791946,12.396625,14.78161
2011-11-09,7.3125,11.991936,7.6875,5.522807,14.006494,12.154363,11.898734,13.948276
2011-11-10,5.1493053,10.241936,6.18125,4.3333335,12.038961,10.791946,10.13924,12.21839
2011-11-11,2.9861112,7.919355,4.4,2.4385965,10.233767,8.7449665,8.822784,10.373563
2011-11-12,2.3368056,14.314516,6.23125,1.9052632,14.896104,8.161074,9.438819,9.574713
2011-11-13,1.9409722,14.5161295,6.16875,1.5122807,15.162337,7.557047,9.244726,8.58046
2011-11-14,1.0208334,13.854838,5.41875,1.0631579,14.467532,6.355705,8.6118145,6.551724
2011-11-15,0.5381944,12.580646,4.98125,0.78245616,14.194805,5.5637584,8.21519,4.965517
2011-11-16,0.33333334,10.879032,4.45625,0.5263158,13.454545,4.845638,7.7552743,3.5689654
2011-11-17,0.1736111,10.274194,3.9125,0.38245615,12.824676,3.8791947,7.2194095,2.3333333
2011-11-18,0.2048611,9.83871,3.63125,0.35438597,12.577922,3.5838926,7.0,2.0517242
2011-11-19,4.59375,9.564516,3.65625,6.0245614,12.642858,6.0067115,7.3375525,12.54023
2011-11-20,6.9409723,9.42742,3.875,9.71579,12.980519,6.966443,7.8185654,16.356321
2011-11-21,10.1875,17.741936,7.11875,12.024561,20.987013,12.852349,12.599156,23.5
2011-11-22,10.267361,17.919355,7.1,12.098246,20.987013,13.033557,12.451477,23.396551
2011-11-23,9.489583,16.346775,6.275,11.315789,20.16883,12.436241,12.105485,22.545977
2011-11-24,7.4722223,13.9838705,5.39375,9.119298,18.675325,9.510067,11.194093,21.448277
2011-11-25,7.1180553,14.08871,5.3375,9.235087,18.525974,8.785234,11.07595,21.632183
2011-11-26,5.6180553,13.580646,5.0375,7.568421,18.11039,7.342282,10.578059,20.155172
2011-11-27,2.5902777,11.7338705,3.9375,4.1368423,16.337662,5.1409397,9.375527,13.913794
2011-11-28,1.0763888,9.241936,2.8,2.449123,14.298701,3.6308725,7.485232,9.212644
2011-11-29,0.5520833,8.814516,2.325,1.8982456,13.227273,2.7114093,6.413502,6.390805
2011-11-30,0.25,7.145161,1.71875,1.3052632,11.318182,1.8389262,5.253165,4.402299
2011-12-01,0.25694445,8.451612,1.69375,1.2877192,11.188312,1.9395974,5.2869196,4.37931
2011-12-02,0.25,8.580646,1.73125,1.245614,11.285714,1.966443,5.265823,4.402299
2011-12-03,0.25,8.580646,1.71875,1.1614035,11.305195,1.966443,5.2616034,4.4252872
2011-12-04,0.25,8.604838,1.725,1.1789473,11.311688,1.966443,5.3037972,4.4425287
2011-12-05,0.25694445,8.580646,1.73125,1.1438596,10.896104,1.9395974,5.299578,4.2643676
2011-12-06,0.25,8.42742,1.725,1.1438596,11.012987,1.966443,5.299578,4.448276
2011-12-07,0.24652778,8.596774,1.725,1.0877193,11.311688,1.9731543,5.3037972,4.281609
2011-12-08,0.1875,8.580646,1.71875,0.9508772,11.012987,1.885906,5.253165,3.724138
2011-12-09,0.16666667,8.532258,1.73125,0.80701756,11.032468,1.885906,5.320675,3.2413793
2011-12-10,0.1423611,8.403226,1.65625,0.69473684,10.980519,1.8590604,5.236287,2.816092
2011-12-11,0.13541667,8.403226,1.65625,0.6561403,11.25974,1.8389262,5.257384,2.5172415
2011-12-12,0.13541667,8.41129,1.65,0.7894737,11.25974,1.8389262,5.2616034,2.5114942
2011-12-13,0.12847222,8.5,1.65,0.79298246,11.266233,1.8389262,5.2236285,2.5114942
2011-12-14,0.12847222,8.491936,1.65,0.7894737,11.253246,1.8389262,5.2236285,2.505747
2011-12-15,0.13541667,8.491936,1.65625,1.1473684,11.25974,1.9127517,5.291139,2.6609194
2011-12-16,0.1701389,8.491936,1.65625,1.3157895,11.266233,1.9127517,5.265823,3.321839
2011-12-17,0.14583333,8.459678,1.65625,1.1052631,11.266233,1.9127517,5.265823,3.1091955
2011-12-18,0.121527776,8.443548,1.64375,0.8842105,11.292208,1.9127517,5.291139,2.6091955
2011-12-19,0.10763889,8.435484,1.64375,0.8491228,11.279221,1.8724833,5.253165,2.402299
2011-12-20,0.10763889,8.443548,1.64375,0.8350877,11.285714,1.8724833,5.253165,2.3908045
2011-12-21,0.10763889,8.443548,1.64375,0.73333335,11.279221,1.885906,5.257384,2.3390806
2011-12-22,0.10763889,8.443548,1.64375,0.72982454,11.279221,1.885906,5.253165,2.3333333
2011-12-23,0.10763889,8.459678,1.64375,0.72982454,11.279221,1.885906,5.253165,2.3333333
2011-12-24,0.10763889,8.467742,1.66875,0.68421054,11.272727,1.885906,5.299578,2.2643678
2011-12-25,0.097222224,8.346774,1.6375,0.6280702,11.279221,1.8926175,5.265823,2.1609194
2011-12-26,0.09375,8.298388,1.55,0.5929825,11.162337,1.7181208,5.0675106,1.9425287
2011-12-27,0.065972224,8.120968,1.4875,0.55789477,11.058441,1.5838926,4.848101,1.7701149
2011-12-28,0.038194444,7.967742,1.39375,0.522807,10.909091,1.3825504,4.578059,1.454023
2011-12-29,0.013888889,7.072581,1.125,0.4280702,10.149351,1.0536913,3.8945148,1.1666666
2011-12-30,0.0,6.064516,1.03125,0.3508772,9.772727,0.88590604,3.5400844,0.9367816
2011-12-31,0.0034722222,5.7580647,1.0125,0.99649125,9.694805,0.84563756,3.455696,1.1551725
2012-01-01,0.0,5.443548,0.95625,0.94385964,9.642858,0.7785235,3.3080168,0.92528737
2012-01-02,0.0,4.435484,0.68125,0.6561403,8.597403,0.590604,2.658228,0.5632184
2012-01-03,0.0,3.5725806,0.55,0.50877196,8.064935,0.5033557,2.3037975,0.41379312
2012-01-04,0.0,2.7903225,0.39375,0.39649123,7.357143,0.38926175,1.835443,0.25287357
2012-01-05,0.0,1.9919355,0.25,0.2631579,6.253247,0.2147651,1.2405063,0.09770115
2012-01-06,0.0,1.8145162,0.2125,0.19298245,6.038961,0.147651,0.98734176,0.05172414
2012-01-07,0.0,1.8064516,0.2125,0.19298245,6.0324674,0.1409396,0.95780593,0.028735632
2012-01-08,0.0,1.8064516,0.2125,0.19298245,6.0324674,0.1409396,0.95780593,0.028735632
2012-01-09,0.0,1.8064516,0.20625,0.15438597,6.0324674,0.1409396,0.95780593,0.011494253
2012-01-10,0.0,1.766129,0.1875,0.10526316,5.974026,0.093959734,0.8016878,0.0
2012-01-11,0.0,1.766129,0.1875,0.07368421,5.974026,0.093959734,0.78902954,0.0
2012-01-12,0.0,1.7580645,0.1875,0.06315789,5.9935064,0.093959734,0.78902954,0.0
2012-01-13,0.0,1.7580645,0.1875,0.056140352,5.974026,0.093959734,0.78902954,0.0
2012-01-14,0.0,1.7419355,0.18125,0.038596492,5.961039,0.08053691,0.75949365,0.0
2012-01-15,0.0,1.7419355,0.175,0.024561403,5.961039,0.06711409,0.71308017,0.0
2012-01-16,0.0,1.733871,0.175,0.024561403,5.961039,0.06711409,0.71308017,0.0057471264
2012-01-17,0.03125,1.733871,0.175,0.024561403,5.961039,0.046979867,0.71308017,0.03448276
2012-01-18,0.052083332,1.7419355,0.175,0.031578947,5.9675326,0.046979867,0.71308017,0.03448276
2012-01-19,0.07986111,1.7419355,0.175,0.031578947,5.9675326,0.060402684,0.721519,0.0862069
2012-01-20,3.0763888,1.7258065,0.175,10.821053,5.961039,1.0201342,0.87763715,6.5632186
2012-01-21,16.38889,22.991936,26.3625,23.473684,50.94156,24.154362,23.881857,27.534483
2012-01-22,23.29861,48.887096,37.26875,28.049122,75.52597,36.449665,36.4346,33.83908
2012-01-23,37.125,60.298386,47.825,42.305264,96.06493,53.872482,49.345993,57.471264
2012-01-24,48.74653,91.201614,64.2,46.94035,132.21428,74.879196,70.27004,66.074715
2012-01-25,48.836807,91.05645,66.3125,43.76491,131.98701,75.48322,69.540085,65.293106
2012-01-26,47.29514,90.21774,63.18125,42.17193,132.83766,73.91275,69.03375,62.95402
2012-01-27,46.583332,88.629036,62.59375,39.610527,133.18831,73.154366,67.90717,62.936783
2012-01-28,45.94097,87.854836,61.475,39.312283,133.28572,72.75839,67.257385,60.92529
2012-01-29,44.135418,85.701614,62.8875,37.36842,132.66234,71.8859,66.31223,59.275864
2012-01-30,41.881943,85.01613,62.19375,37.666668,130.57793,70.0,65.48945,55.70115
2012-01-31,40.302082,83.854836,61.675,35.017544,129.92207,69.20805,64.79747,54.21839
2012-02-01,38.645832,82.09677,60.58125,35.22807,128.88312,67.95302,63.57806,54.890804
2012-02-02,38.788193,81.58064,59.8875,35.54035,130.12987,67.95302,60.472572,55.08621
2012-02-03,38.40625,80.798386,59.26875,34.442104,127.17532,68.067116,56.80169,54.63793
2012-02-04,37.875,80.741936,58.375,35.936844,127.83766,67.7047,56.35865,54.017242
2012-02-05,37.3125,80.08064,57.275,34.094738,126.75325,67.52349,56.0,52.448277
2012-02-06,36.73611,79.51613,56.0125,34.85614,125.72727,67.22147,55.628693,50.62644
2012-02-07,35.62847,78.80645,57.75,34.37895,124.487015,66.69128,54.83544,49.712643
2012-02-08,35.23264,78.66129,56.94375,35.357895,124.86364,66.89933,54.793247,50.477013
2012-02-09,34.180557,77.45968,55.96875,33.922806,125.75325,66.24832,53.949368,49.5
2012-02-10,32.131943,74.241936,56.46875,31.638596,122.623375,63.919464,53.85232,47.827587
2012-02-11,30.715279,71.54032,56.61875,31.178947,122.08442,61.691277,53.19831,47.672413
2012-02-12,30.440971,73.40323,57.1125,29.614035,122.94805,60.838924,53.52321,47.436783
2012-02-13,33.34375,75.84677,60.85625,32.238598,124.61688,64.1745,55.78059,51.183907
2012-02-14,39.53125,93.41936,68.3375,32.101753,141.01949,74.18792,64.14768,56.58046
2012-02-15,40.28472,93.870964,71.05625,36.070175,140.64935,75.75168,65.56962,58.235634
2012-02-16,42.958332,100.96774,73.6375,33.810528,156.65584,78.46309,68.53165,59.649426
2012-02-17,42.319443,100.78226,72.15625,33.34737,157.11688,77.966446,66.738396,58.643677
2012-02-18,39.618057,98.870964,71.00625,32.701756,154.98701,75.73826,65.86498,57.706898
2012-02-19,39.364582,96.59677,71.4625,32.72281,157.2013,75.01342,65.64135,57.948277
2012-02-20,39.319443,96.98387,70.66875,32.778946,154.81169,74.95302,65.32068,57.804596
2012-02-21,39.0,95.94355,69.6,32.08421,154.31818,74.543625,64.98312,57.735634
2012-02-22,36.94097,94.379036,68.7625,31.021053,153.23376,73.24161,64.101265,55.183907
2012-02-23,33.96875,89.03226,68.35,30.354385,151.94806,70.34899,63.27426,52.063217
2012-02-24,31.98264,85.1371,66.95625,26.768421,150.42857,68.067116,62.827003,49.24138
2012-02-25,30.04861,81.08064,64.9125,26.298246,149.36363,64.268456,61.489452,47.235634
2012-02-26,29.92014,80.17742,64.5625,26.242105,149.19481,63.885906,61.13502,47.103447
2012-02-27,29.868055,79.6371,64.48125,26.280703,147.41559,64.04698,61.244724,46.793102
2012-02-28,35.93403,81.20968,64.7,26.43158,151.51299,68.04698,62.27426,52.977013
2012-02-29,41.506943,81.04032,67.1875,32.43509,150.2078,70.46309,62.91561,67.5115
2012-03-01,55.875,81.07258,73.6,42.97193,157.53247,90.71141,75.2827,94.4885
2012-03-02,70.385414,78.47581,74.975,45.021053,161.27272,98.2349,78.73418,115.304596
2012-03-03,69.013885,74.73387,74.96875,44.270176,160.46104,98.78523,77.55274,114.66092
2012-03-04,62.65972,68.97581,70.725,43.133335,155.92207,92.832214,72.79325,109.913795
2012-03-05,49.680557,63.532257,67.5625,36.72281,153.74026,82.12752,69.93249,98.44253
2012-03-06,44.70139,60.274193,65.24375,33.154385,149.83766,75.89933,75.025314,89.505745
2012-03-07,49.22222,62.54032,63.96875,35.561405,152.5065,81.2349,78.333336,94.25862
2012-03-08,48.40625,62.23387,65.81875,33.736843,153.08441,81.557045,78.1519,91.465515
2012-03-09,44.225693,59.830647,63.31875,31.164913,150.22728,78.77853,69.6751,85.534485
2012-03-10,40.25347,58.725807,60.61875,26.494738,146.62338,72.67114,67.24473,77.58046
2012-03-11,37.90278,57.879032,59.9625,24.221052,144.85065,68.89933,65.464134,74.155174
2012-03-12,38.479168,56.580647,59.6,24.926315,144.35715,68.167786,64.535866,78.82758
2012-03-13,38.86111,53.66129,59.4625,29.175438,144.25325,67.093956,64.7173,83.045975
2012-03-14,51.67361,53.024193,59.7625,48.20351,143.98051,72.04698,66.39662,119.166664
2012-03-15,60.9375,52.08871,59.85,57.463158,142.64285,78.30202,67.95781,134.41379
2012-03-16,67.64931,51.16129,58.6625,57.845615,140.35065,77.79866,68.616035,146.39655
2012-03-17,98.173615,52.919353,87.55625,73.189476,169.80519,113.154366,92.79747,183.65517
2012-03-18,105.52431,75.16936,114.61875,92.32983,221.94156,131.49664,111.71308,193.0977
2012-03-19,118.048615,82.201614,123.7625,100.45965,238.16884,145.93959,123.90717,208.0
2012-03-20,118.91319,83.07258,123.1125,94.0807,237.01299,146.93959,123.05064,208.74713
2012-03-21,115.333336,84.01613,119.4625,94.69824,241.38312,143.5302,119.383965,207.93103
2012-03-22,111.111115,81.69355,117.3125,88.642105,237.86363,133.24161,111.48523,205.06322
2012-03-23,110.295135,73.370964,108.475,85.617546,234.01949,127.120804,109.18987,208.56897
2012-03-24,109.489586,68.685486,113.66875,87.336845,232.26624,125.093956,107.894516,207.8046
2012-03-25,107.767365,64.72581,112.2375,84.68772,225.92207,122.19463,106.299576,208.68391
2012-03-26,108.670135,74.05645,118.58125,84.41754,227.38962,127.39597,114.01688,210.477
2012-03-27,109.65972,74.20968,116.8875,88.04211,228.41559,129.75168,115.4346,212.82759
2012-03-28,114.12847,72.03226,116.99375,99.638596,226.88962,136.0537,118.02953,224.93678
2012-03-29,118.84375,68.78226,116.44375,101.42807,226.42207,139.0,119.94936,229.84483
2012-03-30,117.013885,64.59677,120.05,101.74386,219.54546,135.54362,120.29536,226.66667
2012-03-31,112.96181,61.75,114.1625,98.364914,213.16884,129.1745,117.16034,228.28735
2012-04-01,125.857635,66.04032,125.10625,114.2807,215.14285,139.73154,125.28692,248.54024
2012-04-02,126.03472,66.97581,127.61875,111.84912,210.46104,143.00671,124.64979,247.5747
2012-04-03,124.423615,65.895164,126.46875,119.39649,207.54546,142.03355,124.21097,245.52873
2012-04-04,120.77778,63.98387,122.03125,107.12281,211.25325,137.44295,123.2827,247.10345
2012-04-05,121.03472,63.282257,121.875,108.27719,211.32468,137.39597,123.67932,247.18391
2012-04-06,121.854164,62.830647,121.76875,105.08772,211.25325,137.42953,123.52743,246.13219
2012-04-07,122.88194,61.80645,121.74375,111.30176,210.78572,138.0,123.98734,251.62643
2012-04-08,118.49653,60.427418,118.475,107.792984,207.72078,134.84564,121.902954,246.18391
2012-04-09,112.947914,57.403225,112.84375,97.03509,203.05194,129.28859,119.37553,243.54024
2012-04-10,106.05903,53.282257,106.01875,91.54386,198.83766,121.39597,115.72152,237.45403
2012-04-11,100.74306,52.887096,103.8875,96.81403,197.94156,115.91275,114.337555,232.84483
2012-04-12,108.986115,58.55645,114.58125,93.75088,199.86363,123.966446,125.96203,247.05173
2012-04-13,126.59375,62.862904,124.575,112.32281,216.03247,141.95302,138.96202,282.87357
2012-04-14,138.3507,83.951614,145.85625,119.505264,244.14285,159.02684,159.07594,294.41953
2012-04-15,136.86458,83.52419,145.51875,120.7193,238.65584,158.07382,159.03375,294.45978
2012-04-16,131.51042,83.15323,148.4625,113.71579,240.61688,153.74496,153.52321,287.43103
2012-04-17,122.177086,80.08871,141.56876,106.9193,236.26624,143.79195,146.67932,280.76437
2012-04-18,113.482635,70.629036,132.9,101.926315,234.66884,131.51678,139.08861,273.00574
2012-04-19,106.739586,68.58871,125.6375,93.87369,225.65584,121.832214,136.10548,265.82758
2012-04-20,96.927086,64.5,116.95625,84.39649,219.61688,111.32215,137.56963,251.63792
2012-04-21,84.1875,60.201614,98.48125,69.99649,200.11038,98.657715,125.98312,239.76437
2012-04-22,71.46528,51.612904,83.90625,64.51579,181.54546,84.993286,111.24051,220.00575
2012-04-23,56.71528,50.01613,72.58125,49.80351,163.46753,71.05369,99.87764,199.0
2012-04-24,46.930557,45.967743,64.93125,41.05965,152.22078,62.14765,91.299576,181.56322
2012-04-25,40.125,44.451614,60.4125,35.501755,142.90909,56.046978,84.98734,168.64368
2012-04-26,37.36111,44.79032,58.95625,32.37193,143.69481,53.62416,83.177216,161.85632
2012-04-27,40.510418,42.241936,62.34375,34.54386,147.87013,55.677853,88.29536,161.33908
2012-04-28,38.322918,46.774193,61.525,33.063156,146.55844,54.456375,87.379745,158.24713
2012-04-29,34.05903,46.153225,61.83125,27.863157,151.53896,51.872482,88.666664,147.56322
2012-04-30,28.79861,43.564518,57.41875,20.659649,140.69481,47.885906,84.341774,132.33908
2012-05-01,24.26389,41.08871,51.1375,18.164913,130.32468,41.932884,78.15612,122.44827
2012-05-02,21.722221,40.177418,45.975,16.175438,137.7987,37.24832,74.12658,115.333336
2012-05-03,19.79514,39.637096,42.19375,14.522807,130.45454,33.322147,70.56118,109.0977
2012-05-04,18.90625,39.419353,39.96875,13.761403,126.19481,31.939598,69.51899,106.28161
2012-05-05,18.20139,39.419353,39.4125,13.403509,111.88961,31.080538,69.303795,103.574715
2012-05-06,17.23264,39.532257,38.6375,12.133333,110.512985,30.355705,68.87764,99.13219
2012-05-07,15.524305,38.532257,36.78125,10.494737,106.97403,28.657719,65.827,90.79885
2012-05-08,13.545139,36.85484,34.0,8.2736845,102.56493,26.127518,60.531647,79.0977
2012-05-09,10.628472,40.30645,30.4375,6.1614037,95.22727,22.469799,51.679325,64.413795
2012-05-10,8.243055,37.129032,25.95,4.5578947,87.344154,18.973154,44.097046,50.33908
2012-05-11,6.1840277,34.137096,23.25625,3.4561403,81.402596,17.751678,40.320675,41.13793
2012-05-12,4.7465277,31.85484,20.775,2.2842104,75.487015,15.006711,37.19409,32.804596
2012-05-13,3.2048612,29.258064,17.5625,1.4912281,70.11688,12.268456,32.295357,23.591953
2012-05-14,1.7465278,26.032259,14.0375,1.045614,65.06493,8.402684,25.531645,15.626437
2012-05-15,1.2534722,25.169355,12.93125,0.8245614,62.74026,7.147651,22.814346,11.678161
2012-05-16,0.6284722,24.370968,11.70625,0.6631579,60.623375,6.295302,20.329113,8.436782
2012-05-17,0.20833333,22.016129,9.0125,0.46666667,55.05195,4.704698,15.544304,5.9712644
2012-05-18,0.0625,21.064516,8.01875,0.3859649,52.94805,4.2080536,13.911392,4.7528734
2012-05-19,0.0,20.782259,7.55625,0.29473683,51.96104,3.8791947,13.118143,3.9712644
2012-05-20,0.0,19.32258,6.4,0.14736842,58.72078,3.1879194,11.316456,2.8448277
2012-05-21,0.0,16.459677,5.1375,0.0,51.577923,2.2550335,8.303798,1.4885057
2012-05-22,0.0,14.129032,4.21875,0.0,44.92857,1.6040268,5.763713,0.8333333
2012-05-23,0.0,12.66129,4.0,0.0,44.81818,1.147651,4.3248944,0.5344828
2012-05-24,0.0,12.08871,3.7,0.0,42.94805,0.8993289,3.6751056,0.31034482
2012-05-25,0.0,12.0,3.6125,0.0,42.532467,0.80536914,3.4135022,0.18965517
2012-05-26,0.22916667,12.080646,1.94375,0.11929824,27.707792,0.67114097,2.5907173,0.9655172
2012-05-27,0.4409722,8.7661295,2.275,0.007017544,24.298702,1.261745,3.7510548,0.70689654
2012-05-28,0.21180555,9.048388,3.49375,0.0,30.441559,1.0939597,3.7890296,0.16091955
2012-05-29,0.0,11.879032,3.5,0.0,41.694805,0.852349,3.6919832,0.011494253
2012-05-30,0.0,11.225806,3.08125,0.0,38.935066,0.47651008,2.6244726,0.0
2012-05-31,0.0,13.056452,2.3875,0.0,34.467533,0.24161074,1.4894515,0.0
2012-06-01,0.0,9.879032,1.49375,0.0,28.045454,0.0,0.51898736,0.0
2012-06-02,0.0,7.572581,0.7125,0.0,22.714285,0.0,0.029535865,0.0
2012-06-03,0.0,6.185484,0.25,0.0,18.883118,0.0,0.0,0.0
2012-06-04,0.0,5.33871,0.05,0.0,15.935065,0.0,0.0,0.0
2012-06-05,0.097222224,5.330645,0.55625,0.74385965,16.33117,0.6912752,2.21519,1.3448275
2012-06-06,0.21180555,5.330645,0.41875,0.91929823,16.272728,0.8322148,1.721519,1.6781609
2012-06-07,0.020833334,5.330645,0.25,0.3017544,16.123377,0.94630873,2.1392405,0.29885057
2012-06-08,0.0,5.040323,0.0,0.10526316,15.532468,0.18120806,0.5822785,0.0057471264
2012-06-09,0.0,4.693548,0.0,0.05263158,14.448052,0.0,0.008438818,0.0
2012-06-10,0.0,4.459677,0.0,0.0,13.636364,0.0,0.0,0.0
2012-06-11,0.0,4.072581,0.0,0.0,12.584415,0.0,0.0,0.0
2012-06-12,0.0,3.330645,0.0,0.0,10.577922,0.0,0.0,0.0
2012-06-13,0.0,2.483871,0.0,0.0,8.220779,0.0,0.0,0.0
2012-06-14,0.0,1.8709677,0.0,0.0,6.246753,0.0,0.0,0.0
2012-06-15,0.0,1.3709677,0.0,0.0,4.2207794,0.0,0.0,0.0
2012-06-16,0.0,0.8064516,0.0,0.0,2.6883116,0.0,0.0,0.0
2012-06-17,0.0,0.41935483,0.0,0.0,1.1363636,0.0,0.0,0.0
2012-06-18,0.0,0.09677419,0.0,0.0,0.38311687,0.0,0.0,0.0
2012-06-19,0.0,0.0,0.0,0.0,0.15584415,0.0,0.0,0.0
2012-06-20,0.0,0.0,0.0,0.0,0.0,0.0,0.0,0.0
2012-06-21,0.0,0.0,0.0,0.0,0.0,0.0,0.0,0.0
2012-06-22,0.0,0.0,0.0,0.0,0.0,0.0,0.0,0.0
2012-06-23,0.0,0.0,0.0,0.0,0.0,0.0,0.0,0.0
2012-06-24,0.0,0.0,0.0,0.0,0.0,0.0,0.0,0.0
2012-06-25,0.0,0.0,0.0,0.0,0.0,0.0,0.0,0.0
2012-06-26,0.0,0.0,0.0,0.0,0.0,0.0,0.0,0.0
2012-06-27,0.0,0.0,0.0,0.0,0.0,0.0,0.0,0.0
2012-06-28,0.0,0.0,0.0,0.0,0.0,0.0,0.0,0.0
2012-06-29,0.0,0.0,0.0,0.0,0.0,0.0,0.0,0.0
2012-06-30,0.0,0.0,0.0,0.0,0.0,0.0,0.0,0.0
2012-07-01,0.0,0.0,0.0,0.0,0.0,0.0,0.0,0.0
2012-07-02,0.0,0.0,0.0,0.0,0.0,0.0,0.0,0.0
2012-07-03,0.0,0.0,0.0,0.0,0.0,0.0,0.0,0.0
2012-07-04,0.0,0.0,0.0,0.0,0.0,0.0,0.0,0.0
2012-07-05,0.0,0.0,0.0,0.0,0.0,0.0,0.0,0.0
2012-07-06,0.0,0.0,0.0,0.0,0.0,0.0,0.0,0.0
2012-07-07,0.0,0.0,0.0,0.0,0.0,0.0,0.0,0.0
2012-07-08,0.0,0.0,0.0,0.0,0.0,0.0,0.0,0.0
2012-07-09,0.0,0.0,0.0,0.0,0.0,0.0,0.0,0.0
2012-07-10,0.0,0.0,0.0,0.0,0.0,0.0,0.0,0.0
2012-07-11,0.0,0.0,0.0,0.0,0.0,0.0,0.0,0.0
2012-07-12,0.0,0.0,0.0,0.0,0.0,0.0,0.0,0.0
2012-07-13,0.0,0.0,0.0,0.0,0.0,0.0,0.0,0.0
2012-07-14,0.0,0.0,0.0,0.0,0.0,0.0,0.0,0.0
2012-07-15,0.0,0.0,0.0,0.0,0.0,0.0,0.0,0.0
2012-07-16,0.0,0.0,0.0,0.0,0.0,0.0,0.0,0.0
2012-07-17,0.0,0.0,0.0,0.0,0.0,0.0,0.0,0.0
2012-07-18,0.0,0.0,0.0,0.0,0.0,0.0,0.0,0.0
2012-07-19,0.0,0.0,0.0,0.0,0.0,0.0,0.0,0.0
2012-07-20,0.0,0.0,0.0,0.0,0.0,0.0,0.0,0.0
2012-07-21,0.0,0.0,0.0,0.0,0.0,0.0,0.0,0.0
2012-07-22,0.0,0.0,0.0,0.0,0.0,0.0,0.0,0.0
2012-07-23,0.0,0.0,0.0,0.0,0.0,0.0,0.0,0.0
2012-07-24,0.0,0.0,0.0,0.0,0.0,0.0,0.0,0.0
2012-07-25,0.0,0.0,0.0,0.0,0.0,0.0,0.0,0.0
2012-07-26,0.0,0.0,0.0,0.0,0.0,0.0,0.0,0.0
2012-07-27,0.0,0.0,0.0,0.0,0.0,0.0,0.0,0.0
2012-07-28,0.0,0.0,0.0,0.0,0.0,0.0,0.0,0.0
2012-07-29,0.0,0.0,0.0,0.0,0.0,0.0,0.0,0.0
2012-07-30,0.0,0.0,0.0,0.0,0.0,0.0,0.0,0.0
2012-07-31,0.0,0.0,0.0,0.0,0.0,0.0,0.0,0.0
2012-08-01,0.0,0.0,0.0,0.0,0.0,0.0,0.0,0.0
2012-08-02,0.0,0.0,0.0,0.0,0.0,0.0,0.0,0.0
2012-08-03,0.0,0.0,0.0,0.0,0.0,0.0,0.0,0.0
2012-08-04,0.0,0.0,0.0,0.0,0.0,0.0,0.0,0.0
2012-08-05,0.0,0.0,0.0,0.0,0.0,0.0,0.0,0.0
2012-08-06,0.0,0.0,0.0,0.0,0.0,0.0,0.0,0.0
2012-08-07,0.0,0.0,0.0,0.0,0.0,0.0,0.0,0.0
2012-08-08,0.0,0.0,0.0,0.0,0.0,0.0,0.0,0.0
2012-08-09,0.0,0.0,0.0,0.0,0.0,0.0,0.0,0.0
2012-08-10,0.0,0.0,0.0,0.0,0.0,0.0,0.0,0.0
2012-08-11,0.0,0.0,0.0,0.0,0.0,0.0,0.0,0.0
2012-08-12,0.0,0.0,0.0,0.0,0.0,0.0,0.0,0.0
2012-08-13,0.0,0.0,0.0,0.0,0.0,0.0,0.0,0.0
2012-08-14,0.0,0.0,0.0,0.0,0.0,0.0,0.0,0.0
2012-08-15,0.0,0.0,0.0,0.0,0.0,0.0,0.0,0.0
2012-08-16,0.0,0.0,0.0,0.0,0.0,0.0,0.0,0.0
2012-08-17,0.0,0.0,0.0,0.0,0.0,0.0,0.0,0.0
2012-08-18,0.0,0.0,0.0,0.0,0.0,0.0,0.0,0.0
2012-08-19,0.0,0.0,0.0,0.0,0.0,0.0,0.0,0.0
2012-08-20,0.0,0.0,0.0,0.0,0.0,0.0,0.0,0.0
2012-08-21,0.0,0.0,0.0,0.0,0.0,0.0,0.0,0.0
2012-08-22,0.0,0.0,0.0,0.0,0.0,0.0,0.0,0.0
2012-08-23,0.0,0.0,0.0,0.0,0.0,0.0,0.0,0.0
2012-08-24,0.0,0.0,0.0,0.0,0.0,0.0,0.0,0.0
2012-08-25,0.0,0.0,0.0,0.0,0.0,0.0,0.0,0.0
2012-08-26,0.0,0.0,0.0,0.0,0.0,0.0,0.0,0.0
2012-08-27,0.0,0.0,0.0,0.0,0.0,0.0,0.0,0.0
2012-08-28,0.0,0.0,0.0,0.0,0.0,0.0,0.0,0.0
2012-08-29,0.0,0.0,0.0,0.0,0.0,0.0,0.0,0.0
2012-08-30,0.0,0.0,0.0,0.0,0.0,0.0,0.0,0.0
2012-08-31,0.0,0.0,0.0,0.0,0.0,0.0,0.0,0.0
2012-09-01,0.0,0.0,0.0,0.0,0.0,0.0,0.0,0.0
2012-09-02,0.0,0.0,0.0,0.0,0.0,0.0,0.0,0.0
2012-09-03,0.0,0.0,0.0,0.0,0.0,0.0,0.0,0.0
2012-09-04,0.0,0.0,0.0,0.0,0.0,0.0,0.0,0.0
2012-09-05,0.0,0.0,0.0,0.0,0.0,0.0,0.0,0.0
2012-09-06,0.0,0.0,0.0,0.0,0.0,0.0,0.0,0.0
2012-09-07,0.0,0.0,0.0,0.0,0.0,0.0,0.0,0.0
2012-09-08,0.0,0.0,0.0,0.0,0.0,0.0,0.0,0.0
2012-09-09,0.0,0.0,0.0,0.0,0.0,0.0,0.0,0.0
2012-09-10,0.0,0.0,0.0,0.0,0.0,0.0,0.0,0.0
2012-09-11,0.0,0.0,0.0,0.0,0.0,0.0,0.0,0.0
2012-09-12,0.0,0.0,0.0,0.0,0.0,0.0,0.0,0.0
2012-09-13,0.0,0.0,0.0,0.0,0.0,0.0,0.0,0.0
2012-09-14,0.0,0.0,0.0,0.0,0.0,0.0,0.0,0.0
2012-09-15,0.0,0.0,0.0,0.0,0.0,0.0,0.0,0.0
2012-09-16,0.0,0.0,0.0,0.0,0.0,0.0,0.0,0.0
2012-09-17,0.0,0.0,0.0,0.0,0.0,0.0,0.0,0.0
2012-09-18,0.0,0.0,0.0,0.0,0.0,0.0,0.0,0.0
2012-09-19,0.0,0.0,0.0,0.0,0.0,0.0,0.0,0.0
2012-09-20,0.0,0.0,0.0,0.0,0.0,0.0,0.0,0.0
2012-09-21,0.0,0.0,0.0,0.0,0.0,0.0,0.0,0.0
2012-09-22,0.0,0.0,0.0,0.0,0.0,0.0,0.0,0.0
2012-09-23,0.0,0.0,0.0,0.0,0.0,0.0,0.0,0.0
2012-09-24,0.0,0.0,0.0,0.0,0.0,0.0,0.0,0.0
2012-09-25,0.0,0.0,0.0,0.0,0.0,0.0,0.0,0.0
2012-09-26,0.0,0.0,0.0,0.0,0.0,0.0,0.0,0.0
2012-09-27,0.0,0.0,0.0,0.0,0.0,0.0,0.0,0.0
2012-09-28,0.0,0.0,0.0,0.0,0.0,0.0,0.0,0.0
2012-09-29,0.0,0.0,0.0,0.0,0.0,0.0,0.0,0.0
2012-09-30,0.0,0.0,0.0,0.0,0.0,0.0,0.0,0.0
2012-10-01,0.0,0.0,0.0,0.0,0.0,0.0,0.0,0.0
2012-10-02,0.0,0.0,0.0,0.0,0.0,0.0,0.0,0.0
2012-10-03,0.0,0.0,0.0,0.0,0.0,0.0,0.0,0.0
2012-10-04,0.0,0.0,0.0,0.0,0.0,0.0,0.0,0.0
2012-10-05,0.0,0.0,0.0,0.0,0.0,0.0,0.0,0.0
2012-10-06,0.0,0.0,0.0,0.0,0.0,0.0,0.0,0.0
2012-10-07,0.0,0.0,0.0,0.0,0.0,0.0,0.0,0.0
2012-10-08,0.0,0.0,0.0,0.0,0.0,0.0,0.0,0.0
2012-10-09,0.0,0.0,0.0,0.0,0.0,0.0,0.0,0.0
2012-10-10,0.0,0.0,0.0,0.0,0.0,0.0,0.0,0.0
2012-10-11,0.0,0.0,0.0,0.0,0.0,0.0,0.0,0.0
2012-10-12,0.0,1.532258,0.1375,0.0,0.83116883,0.020134227,0.44725737,0.0
2012-10-13,0.0,1.766129,0.1875,0.0,0.8636364,0.0,0.4177215,0.0
2012-10-14,0.0,1.0887097,0.0,0.0,0.5064935,0.0,0.0,0.0
2012-10-15,0.0,0.33870968,0.0,0.0,0.012987013,0.0,0.0,0.0
2012-10-16,0.0,0.048387095,0.0,0.0,0.0,0.0,0.0,0.0
2012-10-17,0.0,0.0,0.0,0.0,0.0,0.0,0.0,0.0
2012-10-18,0.0,0.0,0.0,0.0,0.0,0.0,0.0,0.0
2012-10-19,0.0,0.0,0.0,0.0,0.0,0.0,0.0,0.0
2012-10-20,0.0,0.0,0.0,0.0,0.0,0.0,0.0,0.0
2012-10-21,0.0,0.0,0.0,0.0,0.0,0.0,0.0,0.0
2012-10-22,0.33680555,0.0,0.1,0.15438597,0.025974026,0.0067114094,0.1814346,2.0689654
2012-10-23,16.993055,1.9919355,4.08125,9.62807,16.66883,5.6241612,6.924051,32.62644
2012-10-24,21.92014,1.9919355,4.10625,11.042106,16.603895,9.758389,7.734177,35.37356
2012-10-25,26.46875,1.9435484,3.975,14.357895,16.298702,11.879194,7.886076,43.350574
2012-10-26,25.402779,1.9193548,4.8625,13.522807,15.344156,12.073826,9.0548525,42.71839
2012-10-27,23.45139,1.8064516,4.0625,10.378947,12.233767,10.597316,8.126582,40.95977
2012-10-28,17.309029,1.1370968,2.975,4.9543858,7.87013,8.355704,6.670886,36.58046
2012-10-29,10.916667,0.38709676,1.5,1.4175439,4.3896103,5.033557,4.907173,29.37931
2012-10-30,5.5729165,0.2016129,0.3875,0.23859648,2.422078,2.5369127,2.8945148,19.672413
2012-10-31,2.5,0.07258064,0.0625,0.031578947,1.2662338,1.1275167,1.628692,11.45977
2012-11-01,1.5381944,0.048387095,0.04375,0.0,0.85714287,0.61744964,1.0970464,7.9770117
2012-11-02,1.9548612,0.048387095,0.04375,0.0,0.91558444,0.75838923,1.1983123,6.6494255
2012-11-03,1.2777778,0.048387095,0.04375,0.0,0.8961039,0.6442953,1.0042194,4.4252872
2012-11-04,0.78125,0.032258064,0.025,0.0,0.72727275,0.36241612,0.60337555,2.2183907
2012-11-05,0.375,0.0,0.0,0.0,0.3051948,0.17449665,0.35443038,0.8333333
2012-11-06,0.07986111,0.0,0.0,0.0,0.025974026,0.040268455,0.1392405,0.16666667
2012-11-07,0.0034722222,0.0,0.0,0.0,0.0,0.0,0.0,0.0
2012-11-08,0.0,0.0,0.0,0.0,0.0,0.0,0.0,0.0
2012-11-09,6.875,0.2983871,1.18125,7.1964912,2.422078,3.067114,4.4767933,5.2873564
2012-11-10,12.059028,2.4112904,3.8875,8.680702,5.5454545,6.9261746,9.244726,11.011495
2012-11-11,14.652778,4.709677,4.8,9.05614,8.701299,7.966443,10.295359,12.764368
2012-11-12,15.038195,4.701613,4.21875,9.245614,8.902597,8.040269,9.324895,12.678161
2012-11-13,13.364583,3.112903,2.7,8.256141,8.188312,6.42953,7.3755274,11.660919
2012-11-14,10.0625,1.733871,2.0,6.1789474,6.694805,4.845638,6.025316,10.132184
2012-11-15,6.2083335,1.0645162,1.3875,1.9192983,4.5194807,3.7248323,5.042194,6.706897
2012-11-16,3.4479167,1.6935484,1.3375,0.6245614,5.1753244,3.5033557,4.4514766,3.770115
2012-11-17,3.9166667,2.9596775,3.95,1.185965,9.214286,5.691275,9.459915,9.793103
2012-11-18,10.475695,7.443548,11.925,4.754386,35.44805,14.81208,21.594936,24.655172
2012-11-19,15.736111,7.5080647,13.3625,5.2526317,39.383118,20.90604,26.628693,28.505747
2012-11-20,15.59375,7.41129,13.075,6.2210526,38.863636,20.590605,26.434599,28.310345
2012-11-21,15.472222,7.290323,13.075,6.2596493,38.42857,20.42282,26.940928,32.017242
2012-11-22,16.79514,7.072581,13.50625,5.877193,38.298702,21.731544,28.109705,32.316093
2012-11-23,15.399305,6.693548,15.90625,5.3719296,37.285713,23.013422,28.046413,31.396551
2012-11-24,13.520833,5.032258,15.36875,4.9473686,34.064934,21.194632,27.274261,30.02299
2012-11-25,11.767361,4.096774,14.81875,4.4526315,31.33117,19.342281,26.734177,29.0
2012-11-26,10.586805,3.814516,15.01875,4.5859647,30.01948,18.181208,26.303797,28.241379
2012-11-27,9.534722,3.717742,13.93125,4.277193,28.62987,17.107382,25.464134,27.068966
2012-11-28,8.940972,3.669355,14.275,3.1192982,27.987013,16.335571,25.21097,25.95977
2012-11-29,13.3125,8.07258,21.44375,6.059649,45.142857,23.489933,33.594936,34.948277
2012-11-30,14.9375,8.4838705,28.55625,7.8245616,54.175323,28.369127,42.91983,39.655174
2012-12-01,23.753471,14.2338705,52.2,9.238597,106.35714,57.174496,70.81013,47.942528
2012-12-02,26.010416,15.258064,55.33125,8.898246,111.92208,64.41611,78.5654,52.00575
2012-12-03,34.70139,28.129032,71.43125,14.859649,151.25974,81.919464,98.1519,63.264366
2012-12-04,34.76736,27.838709,74.51875,14.252631,153.48051,81.78523,97.95781,59.32184
2012-12-05,36.78472,27.741936,75.6875,17.961403,151.92857,81.55034,98.544304,68.54023
2012-12-06,37.947918,27.290323,77.4875,16.178947,153.5,85.32215,104.738396,65.86781
2012-12-07,37.64236,27.17742,79.09375,16.017544,153.17532,84.77853,104.84388,66.454025
2012-12-08,37.1875,27.120968,80.01875,16.54035,152.25974,84.30202,104.67932,64.08046
2012-12-09,34.479168,26.991936,79.3375,16.25614,153.61688,84.080536,104.337555,63.517242
2012-12-10,35.01389,27.0,77.00625,15.964912,149.71428,84.093956,104.14346,64.695404
2012-12-11,33.64236,26.903225,76.18125,13.898246,149.52597,82.442955,104.79747,62.71839
2012-12-12,32.96875,26.588709,76.5375,18.22807,150.85715,82.85906,105.2827,65.885056
2012-12-13,41.302082,34.758064,86.03125,19.638596,169.16234,95.37584,115.93249,68.31609
2012-12-14,41.59375,35.25,88.81875,18.37193,169.40909,96.0,116.620255,67.293106
2012-12-15,42.211807,35.580647,89.6,18.691229,169.67532,97.0604,117.49789,69.10919
2012-12-16,44.302082,35.91129,89.80625,21.498245,170.98701,97.85906,118.60338,73.18391
2012-12-17,49.84722,35.798386,91.4875,23.852633,169.04546,102.167786,121.898735,76.25862
2012-12-18,58.552082,42.60484,107.025,26.494738,196.43506,116.52349,135.33755,87.36207
2012-12-19,61.23611,48.94355,99.625,26.919298,198.18182,117.65101,137.44304,91.304596
2012-12-20,61.90972,48.846775,110.35625,26.554386,201.75325,118.59061,137.09705,96.93678
2012-12-21,60.37847,48.870968,110.16875,34.28772,201.52597,118.55034,137.2152,94.05747
2012-12-22,67.25694,48.322582,116.68125,70.621056,203.26624,123.731544,145.0675,113.47701
2012-12-23,88.447914,59.48387,127.525,94.12631,234.6039,147.60403,167.62447,139.4253
2012-12-24,112.423615,82.895164,154.59375,121.13333,282.94156,170.37584,192.92827,171.85057
2012-12-25,116.423615,83.98387,150.7875,121.807014,283.31818,170.91946,193.60759,177.87357
2012-12-26,133.2257,96.98387,173.35625,142.2807,316.6948,183.95973,206.54008,202.91379
2012-12-27,141.84375,113.78226,179.85,137.50175,327.16232,194.2349,216.92406,208.37357
2012-12-28,145.23958,113.82258,176.0,144.58597,327.987,194.74496,216.72997,221.28162
2012-12-29,145.29861,113.8629,168.075,148.74036,327.60388,196.13423,217.23628,221.95976
2012-12-30,145.12152,114.185486,181.36874,149.09825,333.7013,198.2953,217.83122,221.75287
2012-12-31,145.22917,114.33064,176.275,144.16492,332.9221,198.54362,217.98734,216.01724
2013-01-01,144.74306,114.26613,187.4625,148.16843,333.66882,199.57047,217.76793,212.66667
2013-01-02,144.57986,114.66129,187.14375,145.5965,335.15585,199.81209,217.40506,212.22414
2013-01-03,144.79167,114.298386,186.26875,150.42105,335.32468,199.26846,217.13503,217.36781
2013-01-04,142.09027,113.814514,186.09375,144.31229,335.33768,198.7047,216.10127,209.44254
2013-01-05,140.49306,113.258064,185.74374,149.95088,334.39612,197.55705,214.98312,213.39655
2013-01-06,139.94098,113.40323,186.975,146.93684,336.95456,196.95302,214.75949,207.5
2013-01-07,137.38194,117.26613,185.49374,153.70877,338.36365,200.62416,218.35864,206.56322
2013-01-08,136.74652,117.27419,182.64375,148.12982,337.7143,200.9463,217.92827,200.39655
2013-01-09,134.74306,116.508064,181.49374,144.67018,333.2143,199.96645,217.22363,197.99425
2013-01-10,142.7118,116.548386,185.68124,160.09123,342.54544,204.13423,221.07173,215.43678
2013-01-11,143.85764,124.44355,190.125,157.91228,345.23376,204.57047,221.16034,215.3046
2013-01-12,144.19792,125.22581,183.68124,159.25613,343.38962,204.93959,221.64557,215.58046
2013-01-13,143.65973,125.25,189.8875,158.53334,344.27274,205.16779,227.24051,215.52873
2013-01-14,141.00694,125.258064,188.7625,160.01404,343.32468,205.27516,227.34177,210.22414
2013-01-15,143.99652,125.41129,193.90625,160.25613,343.92856,205.90604,227.10971,214.99425
2013-01-16,140.70486,125.895164,183.8875,159.18245,341.61038,205.55034,226.62447,207.66092
2013-01-17,142.0,124.435486,189.59375,160.58246,344.03247,204.8255,225.8692,211.51149
2013-01-18,140.54167,122.6129,192.4875,157.72632,344.88962,203.53691,224.81012,208.84483
2013-01-19,138.92361,120.92742,195.1875,157.42456,340.51947,201.7651,223.17299,207.10345
2013-01-20,137.7882,119.17742,193.39375,154.44913,340.85715,200.4161,221.99577,206.23563
2013-01-21,136.25348,116.604836,190.98125,154.93333,339.35715,199.66443,220.3038,203.64943
2013-01-22,132.7257,112.70968,188.93124,155.26315,338.54544,197.68457,219.69199,200.32184
2013-01-23,129.09027,108.3871,187.34375,153.0,337.53247,195.5839,218.51477,196.60345
2013-01-24,125.364586,107.58064,187.9125,150.16843,340.12988,193.22148,218.11392,192.66092
2013-01-25,123.427086,108.79032,184.25,149.5614,346.03897,192.55034,220.37975,191.8793
2013-01-26,120.739586,107.6129,184.09375,145.12982,343.61688,191.1208,220.13503,187.82184
2013-01-27,121.489586,110.83064,183.35625,152.95439,348.77924,191.38255,220.3671,193.08046
2013-01-28,122.78472,112.51613,184.1,149.4035,347.16232,192.4698,221.22363,195.78162
2013-01-29,122.61806,111.935486,184.7375,149.6772,343.87662,192.73825,221.02954,199.63219
2013-01-30,120.71181,111.77419,182.69376,146.74036,348.64285,192.10738,220.62447,197.0977
2013-01-31,118.104164,108.69355,182.99374,145.67369,347.03247,190.7651,219.72997,196.63792
2013-02-01,114.326385,105.258064,183.51875,141.91228,341.26624,188.42953,218.74684,194.8793
2013-02-02,109.53819,103.314514,182.64375,134.38948,341.4935,185.5839,217.19832,189.46552
2013-02-03,107.22222,102.16129,181.20625,128.94386,340.68832,182.77852,215.87764,191.54024
2013-02-04,105.13194,101.05645,181.7375,128.0421,341.57144,181.08725,215.37553,188.40805
2013-02-05,101.447914,99.91936,185.375,118.70526,342.53247,178.7651,214.30801,184.79884
2013-02-06,101.03472,99.08871,179.06876,118.53333,342.4091,177.81209,213.72574,187.4023
2013-02-07,100.295135,99.04032,177.76875,112.498245,345.33118,177.30202,213.37975,181.89655
2013-02-08,104.21181,103.629036,182.54375,118.16491,343.52597,180.02684,216.45992,191.17241
2013-02-09,103.833336,111.758064,183.74374,109.950874,345.5779,181.74496,218.22784,186.55173
2013-02-10,104.416664,111.741936,183.88126,122.05614,345.72726,181.84564,218.4346,188.8793
2013-02-11,104.604164,111.798386,182.85625,117.6,346.9091,181.68457,218.22363,191.32184
2013-02-12,104.111115,111.741936,188.01875,110.789474,345.37662,181.91946,218.2152,193.82184
2013-02-13,103.41319,111.59677,187.4,122.30176,347.24026,181.40268,217.90295,193.74138
2013-02-14,101.78819,110.16936,186.18124,110.63158,345.86365,180.75168,217.03375,190.64943
2013-02-15,99.142365,107.53226,178.975,104.69474,344.57144,179.90604,216.44304,182.67816
2013-02-16,95.048615,105.03226,177.13126,96.8421,339.0065,177.24161,214.92827,172.32759
2013-02-17,90.74306,103.66129,175.49374,93.85614,337.3052,175.31543,213.6287,170.5
2013-02-18,88.50694,103.02419,180.06876,90.84561,338.03247,173.74496,212.97046,168.21838
2013-02-19,87.635414,102.3871,179.65,91.6807,343.35715,173.48322,212.56963,168.74713
2013-02-20,99.15625,105.66936,179.81876,93.63158,343.73376,180.78523,217.8481,177.55173
2013-02-21,99.87153,105.69355,166.74374,89.97193,344.0974,181.61745,218.11392,179.21838
2013-02-22,99.47222,105.69355,167.425,96.382454,344.9156,181.53691,217.89873,177.04597
2013-02-23,97.736115,105.70968,166.59375,92.0386,352.15585,180.95973,217.16878,176.88506
2013-02-24,98.34028,105.451614,167.9,98.40351,341.53897,181.30873,217.67932,176.81035
2013-02-25,97.66319,105.41936,166.46875,97.9193,342.2922,180.79866,217.10548,176.05746
2013-02-26,95.513885,105.05645,184.175,91.87018,343.38962,180.01343,216.66245,179.4023
2013-02-27,94.8125,104.78226,184.0875,91.10877,344.53247,179.55705,216.62447,178.60345
2013-02-28,92.44444,104.5,182.56876,87.99298,342.16882,178.1208,216.01266,176.023
2013-03-01,90.329865,103.008064,181.29375,86.22807,340.13635,175.95302,215.16034,171.65517
2013-03-02,85.59722,99.435486,179.625,77.364914,333.93506,172.25504,212.346,166.84483
2013-03-03,82.142365,95.870964,171.825,70.87369,329.4091,169.81209,209.94093,163.54597
2013-03-04,84.322914,95.73387,175.28125,70.498245,336.85715,174.77852,214.12236,161.09195
2013-03-05,81.81597,95.23387,175.16875,67.19649,335.9935,173.53691,213.47258,162.32759
2013-03-06,83.114586,94.70968,177.8875,70.57895,335.96103,173.78523,215.2152,168.28735
2013-03-07,96.170135,95.90323,186.34375,81.34737,347.37012,186.83221,226.01266,178.87357
2013-03-08,98.40625,98.3871,193.74374,80.12281,360.56494,192.61745,231.14767,179.78735
2013-03-09,99.53819,104.241936,191.38126,80.480705,367.74026,198.27516,235.79747,184.55173
2013-03-10,99.142365,104.354836,184.45625,77.46316,367.66882,198.14764,235.83545,182.72414
2013-03-11,94.24306,100.47581,184.89375,71.12982,366.12988,196.4161,234.8481,177.91954
2013-03-12,87.638885,98.94355,193.34375,65.954384,362.35715,190.44295,230.82278,173.35632
2013-03-13,82.46875,95.04032,191.125,60.252632,354.96753,184.51007,227.48102,166.90805
2013-03-14,76.729164,89.3629,188.29375,56.066666,342.72076,177.50336,223.63713,159.63219
2013-03-15,72.513885,84.08871,182.7875,47.364914,335.01947,171.28859,219.85233,149.64368
2013-03-16,68.138885,81.65323,179.71875,44.84912,340.85065,167.42953,218.10548,147.54024
2013-03-17,65.46528,80.201614,176.80624,43.84912,328.31818,164.88591,216.94937,143.64368
2013-03-18,63.864582,78.97581,174.69376,41.789474,324.11038,163.01343,215.71307,140.27586
2013-03-19,62.19097,78.27419,172.01875,40.65263,320.27924,160.61745,214.8481,133.53448
2013-03-20,61.59722,76.80645,170.05,39.28772,311.93506,158.67114,215.25316,138.83333
2013-03-21,67.517365,76.42742,170.41875,40.522808,313.72076,161.73825,217.96625,149.1207
2013-03-22,66.80903,76.34677,170.65,35.91579,313.53897,161.2349,217.91562,149.00575
2013-03-23,66.22222,76.354836,170.65625,41.207016,309.38312,160.6443,217.58228,148.83908
2013-03-24,65.27431,76.120964,169.25,33.831577,304.77924,160.13423,216.85233,147.2069
2013-03-25,63.22222,75.44355,166.94376,37.33684,297.24026,157.30202,215.59915,143.14943
2013-03-26,61.489582,74.41129,165.76875,33.90877,289.9026,154.49664,214.0633,137.5747
2013-03-27,60.25347,73.27419,164.31876,33.442104,287.73376,152.8792,213.61182,137.5747
2013-03-28,58.03125,73.41936,163.3375,31.435087,285.12988,151.1745,213.53165,133.94254
2013-03-29,56.24653,72.83871,162.2125,30.263159,283.17532,149.96645,213.19832,131.10919
2013-03-30,53.211807,70.55645,159.0375,27.294737,280.43506,147.65771,212.88185,125.55747
2013-03-31,49.430557,70.16936,157.93124,25.929825,279.87662,144.0537,211.91562,119.71265
2013-04-01,50.59028,71.870964,163.4625,25.147367,290.56494,148.44966,217.6498,119.20115
2013-04-02,50.319443,71.370964,164.2875,24.74035,282.88962,149.38255,219.53586,118.64942
2013-04-03,48.163193,70.620964,161.96875,23.354385,284.2987,148.08054,218.19832,112.70115
2013-04-04,46.447918,68.104836,158.9125,19.42456,278.17532,144.48322,216.10548,108.93104
2013-04-05,46.32986,68.28226,159.55624,18.810526,278.61688,143.51007,216.48102,111.14368
2013-04-06,44.305557,66.76613,158.10625,18.301754,276.53247,141.77852,215.23628,107.4023
2013-04-07,43.38889,65.201614,156.8,17.652632,267.04544,140.44295,214.05063,104.47127
2013-04-08,43.163193,63.935482,158.1,20.894737,266.0974,140.86577,216.27426,104.614944
2013-04-09,44.44097,65.83064,149.9375,19.807018,258.5909,143.90604,218.24895,104.13219
2013-04-10,43.90625,62.362904,155.55624,16.007017,260.22726,144.26846,217.6329,102.4023
2013-04-11,41.427082,63.403225,153.75626,18.368422,267.42856,139.96645,214.86076,95.505745
2013-04-12,39.177082,61.89516,149.8375,16.554386,255.77922,137.42282,213.30801,89.86207
2013-04-13,36.479168,58.580647,143.31876,15.561403,241.21428,134.51678,210.48946,84.54023
2013-04-14,33.975693,55.51613,141.60625,16.277193,222.64935,131.2349,208.11392,79.36207
2013-04-15,32.46528,53.48387,145.6,15.515789,219.24675,128.71812,207.76372,76.02873
2013-04-16,36.20486,52.169353,137.675,14.62807,219.41559,130.97316,207.79324,73.925285
2013-04-17,36.586807,46.467743,131.4875,12.603509,226.91559,134.7047,209.18565,75.045975
2013-04-18,36.413193,44.919353,132.1625,14.592982,214.2987,134.97986,209.02954,75.71839
2013-04-19,33.614582,50.879032,137.7875,15.435088,212.72728,133.74496,206.64136,72.034485
2013-04-20,32.211807,47.95968,137.13126,18.154387,212.37013,129.96645,205.03375,68.02299
2013-04-21,29.57986,43.64516,136.08125,17.329824,207.12987,126.8255,199.63713,62.367817
2013-04-22,26.489584,41.024193,135.43124,15.610526,198.2922,121.657715,190.79747,56.166668
2013-04-23,24.333334,38.41129,130.9125,14.459649,197.38962,117.27517,186.33333,51.931034
2013-04-24,22.461805,36.572582,127.6,13.638597,181.2078,113.46309,182.62025,47.068966
2013-04-25,20.833334,35.04032,123.3,12.410526,184.36363,109.342285,178.34177,43.448277
2013-04-26,18.625,34.120968,118.88125,11.740351,186.66234,104.12752,172.97469,38.431034
2013-04-27,16.020834,32.55645,109.3375,10.256141,177.81169,98.2349,162.72151,32.827587
2013-04-28,13.475695,29.129032,89.225,8.48772,156.94806,92.47651,147.77637,28.56322
2013-04-29,11.270833,28.588709,81.83125,6.905263,146.84416,85.24161,139.73418,24.356321
2013-04-30,8.902778,28.153225,75.2625,5.8,134.23376,77.24161,131.22363,20.44253
2013-05-01,8.385417,26.290323,72.0625,5.263158,119.86364,70.31544,125.68355,19.649426
2013-05-02,7.6180553,24.725807,68.575,4.894737,114.66883,66.87248,122.51899,18.586206
2013-05-03,6.2847223,22.959677,63.95,4.101754,108.78571,61.14765,117.303795,16.183908
2013-05-04,5.0,21.814516,60.175,3.417544,109.155846,55.63087,111.12658,13.465517
2013-05-05,4.2847223,20.491936,57.175,3.0280702,107.18831,52.697987,107.219406,11.109196
2013-05-06,3.9930556,20.39516,56.26875,2.877193,106.123375,51.174496,105.827,9.327586
2013-05-07,4.2291665,15.620968,57.9375,2.8070176,106.38312,51.825504,106.85654,9.120689
2013-05-08,4.3680553,16.806452,54.8375,2.7263157,101.402596,52.09396,106.662445,8.9827585
2013-05-09,4.1875,16.629032,58.19375,2.6035087,102.52597,50.75168,107.11392,8.137931
2013-05-10,3.4722223,16.241936,56.53125,2.3578947,102.69481,48.127518,103.63291,6.890805
2013-05-11,2.7569444,21.201612,52.275,1.9508772,104.402596,44.067116,97.70464,4.867816
2013-05-12,1.9305556,17.758064,46.675,1.6526315,93.56493,38.10067,80.35443,3.2873564
2013-05-13,1.3263888,13.798388,40.775,1.4596491,83.05844,33.040268,70.76371,1.862069
2013-05-14,0.9305556,10.580646,35.2375,1.2736843,73.52597,27.751678,63.77637,1.1149426
2013-05-15,0.7395833,9.282258,33.275,1.0842105,68.64286,24.885906,62.907173,0.6091954
2013-05-16,0.53125,8.201612,30.20625,0.96842104,64.57143,21.14094,58.810127,0.3045977
2013-05-17,0.4965278,8.193548,29.83125,0.9368421,64.32468,19.080538,58.316456,0.24712643
2013-05-18,0.4513889,8.193548,29.01875,0.8912281,65.03896,17.771812,57.52321,0.18965517
2013-05-19,0.39930555,8.145162,27.65,0.8245614,63.94805,16.939598,55.759495,0.10344828
2013-05-20,0.3576389,7.806452,25.8875,0.73333335,62.188313,16.154362,53.49789,0.0
2013-05-21,0.28125,8.862904,23.3875,0.5719298,59.545456,15.006711,50.518986,0.0
2013-05-22,0.21875,8.201612,21.2,0.5508772,56.694805,16.248322,47.21941,0.0
2013-05-23,0.20833333,8.201612,21.03125,0.54385966,56.597404,16.114094,47.042194,0.0
2013-05-24,0.2048611,8.193548,20.90625,0.51578945,55.675323,16.080538,46.94093,0.0
2013-05-25,0.1701389,8.201612,19.81875,0.45614034,55.75974,15.375839,45.4346,0.0
2013-05-26,0.12847222,8.153226,18.85625,0.38245615,54.61039,14.61745,43.86498,0.0
2013-05-27,0.09375,8.112904,18.1,0.31578946,53.305195,14.060403,42.569622,0.0
2013-05-28,0.065972224,8.040322,17.2375,0.2736842,52.974026,13.496644,41.236286,0.0
2013-05-29,0.024305556,8.0,15.99375,0.19649123,51.532467,12.758389,39.253166,0.0
2013-05-30,0.0,7.701613,14.61875,0.11578947,54.883118,11.7449665,36.767933,0.0
2013-05-31,0.0,7.024194,12.50625,0.01754386,63.493507,10.348993,32.654007,0.0
2013-06-01,0.0,5.717742,10.2625,0.0,56.727272,8.510067,27.514769,0.0
2013-06-02,0.0,4.233871,8.3,0.0,46.55195,6.536913,21.915611,0.0
2013-06-03,0.0,3.1290324,6.61875,0.0,36.98052,5.114094,17.021097,0.0
2013-06-04,0.0,2.1048386,5.1125,0.0,29.902597,3.7583892,13.147679,0.0
2013-06-05,0.0,1.2903225,3.80625,0.0,23.785715,2.3892617,9.447257,0.0
2013-06-06,0.0,0.42741936,2.88125,0.0,18.097403,1.261745,6.0801687,0.0
2013-06-07,0.0,0.0,1.925,0.0,13.25974,0.25503355,3.2869198,0.0
2013-06-08,0.0,0.0,0.70625,0.0,8.525974,0.0,1.3206751,0.0
2013-06-09,0.0,0.0,0.14375,0.0,3.564935,0.0,0.48523206,0.0
2013-06-10,0.0,0.0,0.0,0.0,2.0064936,0.0,0.03797468,0.0
2013-06-11,0.0,0.0,0.0,0.0,1.7337662,0.0,0.0,0.0
2013-06-12,0.0,0.0,0.0,0.0,1.2337662,0.0,0.0,0.0
2013-06-13,0.0,0.0,0.0,0.0,0.8701299,0.0,0.0,0.0
2013-06-14,0.0,0.0,0.0,0.0,0.66883117,0.0,0.0,0.0
2013-06-15,0.0,0.0,0.0,0.0,0.5,0.0,0.0,0.0
2013-06-16,0.0,0.0,0.0,0.0,0.3181818,0.0,0.0,0.0
2013-06-17,0.0,0.0,0.0,0.0,0.20779221,0.0,0.0,0.0
2013-06-18,0.0,0.0,0.0,0.0,0.103896104,0.0,0.0,0.0
2013-06-19,0.0,0.0,0.0,0.0,0.077922076,0.0,0.0,0.0
2013-06-20,0.0,0.0,0.0,0.0,0.064935066,0.0,0.0,0.0
2013-06-21,0.0,0.0,0.0,0.0,0.032467533,0.0,0.0,0.0
2013-06-22,0.0,0.0,0.0,0.0,0.0,0.0,0.0,0.0
2013-06-23,0.0,0.0,0.0,0.0,0.0,0.0,0.0,0.0
2013-06-24,0.0,0.0,0.0,0.0,0.0,0.0,0.0,0.0
2013-06-25,0.0,0.0,0.0,0.0,0.0,0.0,0.0,0.0
2013-06-26,0.0,0.0,0.0,0.0,0.0,0.0,0.0,0.0
2013-06-27,0.0,0.0,0.0,0.0,0.0,0.0,0.0,0.0
2013-06-28,0.0,0.0,0.0,0.0,0.0,0.0,0.0,0.0
2013-06-29,0.0,0.0,0.0,0.0,0.0,0.0,0.0,0.0
2013-06-30,0.0,0.0,0.0,0.0,0.0,0.0,0.0,0.0
2013-07-01,0.0,0.0,0.0,0.0,0.0,0.0,0.0,0.0
2013-07-02,0.0,0.0,0.0,0.0,0.0,0.0,0.0,0.0
2013-07-03,0.0,0.0,0.0,0.0,0.0,0.0,0.0,0.0
2013-07-04,0.0,0.0,0.0,0.0,0.0,0.0,0.0,0.0
2013-07-05,0.0,0.0,0.0,0.0,0.0,0.0,0.0,0.0
2013-07-06,0.0,0.0,0.0,0.0,0.0,0.0,0.0,0.0
2013-07-07,0.0,0.0,0.0,0.0,0.0,0.0,0.0,0.0
2013-07-08,0.0,0.0,0.0,0.0,0.0,0.0,0.0,0.0
2013-07-09,0.0,0.0,0.0,0.0,0.0,0.0,0.0,0.0
2013-07-10,0.0,0.0,0.0,0.0,0.0,0.0,0.0,0.0
2013-07-11,0.0,0.0,0.0,0.0,0.0,0.0,0.0,0.0
2013-07-12,0.0,0.0,0.0,0.0,0.0,0.0,0.0,0.0
2013-07-13,0.0,0.0,0.0,0.0,0.0,0.0,0.0,0.0
2013-07-14,0.0,0.0,0.0,0.0,0.0,0.0,0.0,0.0
2013-07-15,0.0,0.0,0.0,0.0,0.0,0.0,0.0,0.0
2013-07-16,0.0,0.0,0.0,0.0,0.0,0.0,0.0,0.0
2013-07-17,0.0,0.0,0.0,0.0,0.0,0.0,0.0,0.0
2013-07-18,0.0,0.0,0.0,0.0,0.0,0.0,0.0,0.0
2013-07-19,0.0,0.0,0.0,0.0,0.0,0.0,0.0,0.0
2013-07-20,0.0,0.0,0.0,0.0,0.0,0.0,0.0,0.0
2013-07-21,0.0,0.0,0.0,0.0,0.0,0.0,0.0,0.0
2013-07-22,0.0,0.0,0.0,0.0,0.0,0.0,0.0,0.0
2013-07-23,0.0,0.0,0.0,0.0,0.0,0.0,0.0,0.0
2013-07-24,0.0,0.0,0.0,0.0,0.0,0.0,0.0,0.0
2013-07-25,0.0,0.0,0.0,0.0,0.0,0.0,0.0,0.0
2013-07-26,0.0,0.0,0.0,0.0,0.0,0.0,0.0,0.0
2013-07-27,0.0,0.0,0.0,0.0,0.0,0.0,0.0,0.0
2013-07-28,0.0,0.0,0.0,0.0,0.0,0.0,0.0,0.0
2013-07-29,0.0,0.0,0.0,0.0,0.0,0.0,0.0,0.0
2013-07-30,0.0,0.0,0.0,0.0,0.0,0.0,0.0,0.0
2013-07-31,0.0,0.0,0.0,0.0,0.0,0.0,0.0,0.0
2013-08-01,0.0,0.0,0.0,0.0,0.0,0.0,0.0,0.0
2013-08-02,0.0,0.0,0.0,0.0,0.0,0.0,0.0,0.0
2013-08-03,0.0,0.0,0.0,0.0,0.0,0.0,0.0,0.0
2013-08-04,0.0,0.0,0.0,0.0,0.0,0.0,0.0,0.0
2013-08-05,0.0,0.0,0.0,0.0,0.0,0.0,0.0,0.0
2013-08-06,0.0,0.0,0.0,0.0,0.0,0.0,0.0,0.0
2013-08-07,0.0,0.0,0.0,0.0,0.0,0.0,0.0,0.0
2013-08-08,0.0,0.0,0.0,0.0,0.0,0.0,0.0,0.0
2013-08-09,0.0,0.0,0.0,0.0,0.0,0.0,0.0,0.0
2013-08-10,0.0,0.0,0.0,0.0,0.0,0.0,0.0,0.0
2013-08-11,0.0,0.0,0.0,0.0,0.0,0.0,0.0,0.0
2013-08-12,0.0,0.0,0.0,0.0,0.0,0.0,0.0,0.0
2013-08-13,0.0,0.0,0.0,0.0,0.0,0.0,0.0,0.0
2013-08-14,0.0,0.0,0.0,0.0,0.0,0.0,0.0,0.0
2013-08-15,0.0,0.0,0.0,0.0,0.0,0.0,0.0,0.0
2013-08-16,0.0,0.0,0.0,0.0,0.0,0.0,0.0,0.0
2013-08-17,0.0,0.0,0.0,0.0,0.0,0.0,0.0,0.0
2013-08-18,0.0,0.0,0.0,0.0,0.0,0.0,0.0,0.0
2013-08-19,0.0,0.0,0.0,0.0,0.0,0.0,0.0,0.0
2013-08-20,0.0,0.0,0.0,0.0,0.0,0.0,0.0,0.0
2013-08-21,0.0,0.0,0.0,0.0,0.0,0.0,0.0,0.0
2013-08-22,0.0,0.0,0.0,0.0,0.0,0.0,0.0,0.0
2013-08-23,0.0,0.0,0.0,0.0,0.0,0.0,0.0,0.0
2013-08-24,0.0,0.0,0.0,0.0,0.0,0.0,0.0,0.0
2013-08-25,0.0,0.0,0.0,0.0,0.0,0.0,0.0,0.0
2013-08-26,0.0,0.0,0.0,0.0,0.0,0.0,0.0,0.0
2013-08-27,0.0,0.0,0.0,0.0,0.0,0.0,0.0,0.0
2013-08-28,0.0,0.0,0.0,0.0,0.0,0.0,0.0,0.0
2013-08-29,0.0,0.0,0.0,0.0,0.0,0.0,0.0,0.0
2013-08-30,0.0,0.0,0.0,0.0,0.0,0.0,0.0,0.0
2013-08-31,0.0,0.0,0.0,0.0,0.0,0.0,0.0,0.0
2013-09-01,0.0,0.0,0.0,0.0,0.0,0.0,0.0,0.0
2013-09-02,0.0,0.0,0.0,0.0,0.0,0.0,0.0,0.0
2013-09-03,0.0,0.0,0.0,0.0,0.0,0.0,0.0,0.0
2013-09-04,0.0,0.0,0.0,0.0,0.0,0.0,0.0,0.0
2013-09-05,0.0,0.0,0.0,0.0,0.0,0.0,0.0,0.0
2013-09-06,0.0,0.0,0.0,0.0,0.0,0.0,0.0,0.0
2013-09-07,0.0,0.0,0.0,0.0,0.0,0.0,0.0,0.0
2013-09-08,0.0,0.0,0.0,0.0,0.0,0.0,0.0,0.0
2013-09-09,0.0,0.0,0.0,0.0,0.0,0.0,0.0,0.0
2013-09-10,0.0,0.0,0.0,0.0,0.0,0.0,0.0,0.0
2013-09-11,0.0,0.0,0.0,0.0,0.0,0.0,0.0,0.0
2013-09-12,0.0,0.0,0.0,0.0,0.0,0.0,0.0,0.0
2013-09-13,0.0,0.0,0.0,0.0,0.0,0.0,0.0,0.0
2013-09-14,0.0,0.0,0.0,0.0,0.0,0.0,0.0,0.0
2013-09-15,0.0,0.0,0.0,0.0,0.0,0.0,0.0,0.0
2013-09-16,0.0,0.0,0.0,0.0,0.0,0.0,0.0,0.0
2013-09-17,0.0,0.0,0.0,0.0,0.0,0.0,0.0,0.0
2013-09-18,0.0,0.0,0.0,0.0,0.0,0.0,0.0,0.0
2013-09-19,0.0,0.0,0.0,0.0,0.0,0.0,0.0,0.0
2013-09-20,0.0,0.0,0.0,0.0,0.0,0.0,0.0,0.0
2013-09-21,0.0,0.0,0.0,0.0,0.0,0.0,0.0,0.0
2013-09-22,0.024305556,0.33064517,1.175,0.0,1.8636364,0.7516779,2.5696204,0.0
2013-09-23,0.017361112,0.33064517,1.41875,0.0,1.8766234,0.72483224,2.7594936,0.0
2013-09-24,0.0,0.0,0.225,0.0,0.8766234,0.06711409,0.5822785,0.0
2013-09-25,0.0,0.0,0.025,0.0,0.22077923,0.0,0.012658228,0.0
2013-09-26,0.0,0.0,0.025,0.003508772,0.22077923,0.0,0.012658228,0.0
2013-09-27,0.0034722222,0.048387095,0.025,0.0,0.15584415,0.0067114094,0.012658228,0.0057471264
2013-09-28,0.0,0.04032258,0.025,0.0,0.17532468,0.0,0.016877636,0.0
2013-09-29,0.0,0.0,0.00625,0.0,0.15584415,0.0,0.0,0.0
2013-09-30,0.0,0.0,0.0,0.0,0.051948052,0.0,0.0,0.0
2013-10-01,0.0,0.0,0.0,0.0,0.0,0.0,0.0,0.0
2013-10-02,0.0,0.0,0.0,0.0,0.0,0.0,0.0,0.0
2013-10-03,0.0,0.0,0.0,0.0,0.0,0.0,0.0,0.0
2013-10-04,0.0,0.0,0.0,0.0,0.0,0.0,0.0,0.0
2013-10-05,0.0,0.0,0.0,0.0,0.0,0.0,0.0,0.0
2013-10-06,0.0,0.0,0.0,0.0,0.0,0.0,0.0,0.0
2013-10-07,0.0,0.0,0.0,0.0,0.0,0.0,0.0,0.0
2013-10-08,0.0,0.0,0.0,0.0,0.0,0.0,0.0,0.0
2013-10-09,0.0,0.0,0.0,0.0,0.0,0.0,0.0,0.0
2013-10-10,0.055555556,1.5967742,1.275,0.0,3.0714285,0.33557048,0.84810126,0.0057471264
2013-10-11,0.010416667,1.701613,1.04375,0.0,3.0454545,0.2751678,0.79746836,0.0
2013-10-12,0.0,1.2258065,0.64375,0.0,1.9545455,0.087248325,0.53586495,0.0
2013-10-13,0.0,1.0080645,0.4125,0.0,1.5324675,0.053691275,0.3206751,0.0
2013-10-14,0.0,1.0080645,0.39375,0.0,1.5584415,0.033557046,0.32489452,0.0
2013-10-15,0.0,0.9919355,0.26875,0.0,1.2922078,0.020134227,0.24894515,0.0
2013-10-16,0.0,0.8951613,0.18125,0.0,1.2012987,0.020134227,0.22362868,0.0
2013-10-17,0.0,0.83064514,0.05625,0.0,1.1493506,0.0,0.05907173,0.0
2013-10-18,0.0,0.766129,0.01875,0.0,0.84415585,0.0,0.008438818,0.0
2013-10-19,0.0,0.58064514,0.0,0.0,0.2012987,0.0,0.0,0.0
2013-10-20,0.0,0.4919355,0.0,0.0,0.012987013,0.0,0.0,0.0
2013-10-21,0.0,0.25,0.0,0.0,0.0,0.0,0.0,0.0
2013-10-22,0.0,0.06451613,0.0,0.0,0.0,0.0,0.0,0.0
2013-10-23,0.0,0.024193548,0.0,0.0,0.0,0.0,0.0,0.0
2013-10-24,0.0,0.008064516,0.0,0.0,0.0,0.0,0.0,0.0
2013-10-25,0.0,0.0,0.0,0.0,0.0,0.0,0.0,0.0
2013-10-26,0.0,0.0,0.0,0.0,0.0,0.0,0.0,0.0
2013-10-27,0.0,0.0,0.0,0.0,0.0,0.0,0.0,0.0
2013-10-28,0.0069444445,0.0,0.225,0.0,0.0,0.060402684,0.6919831,0.0057471264
2013-10-29,2.5590277,3.7580645,6.25625,1.1368421,5.3246756,0.852349,1.9282701,1.2758621
2013-10-30,3.0,3.75,5.9625,1.4385965,5.2402596,0.84563756,1.7637131,1.8965517
2013-10-31,3.5069444,5.717742,7.45625,1.2350878,7.0324674,1.1342282,2.6160338,2.224138
2013-11-01,1.9131944,3.185484,4.69375,0.021052632,5.162338,0.74496645,1.9746835,0.8103448
2013-11-02,0.38194445,1.8709677,2.3375,0.0,3.1038961,0.18791947,0.9662447,0.3218391
2013-11-03,0.104166664,1.516129,1.3875,0.0,2.3441558,0.040268455,0.59915614,0.13793103
2013-11-04,0.07638889,1.5080645,1.2875,0.0,2.577922,0.040268455,0.59915614,0.09770115
2013-11-05,0.072916664,1.5080645,1.2875,0.0,2.577922,0.026845638,0.5485232,0.09770115
2013-11-06,0.045138888,1.5080645,1.2625,0.0,2.577922,0.033557046,0.5907173,0.040229887
2013-11-07,0.0,1.3225807,0.66875,0.0,1.8961039,0.0,0.30379745,0.0
2013-11-08,0.0,1.1290323,0.26875,0.0,1.6493506,0.0,0.09704641,0.0
2013-11-09,0.0,0.7822581,0.09375,0.0,1.0324675,0.0,0.033755273,0.0
2013-11-10,0.0,0.6451613,0.05,0.0,0.6818182,0.0,0.012658228,0.0
2013-11-11,0.0,0.5967742,0.0125,0.0,0.3961039,0.0,0.0,0.0
2013-11-12,0.0,0.37096775,0.0,0.0,0.12987013,0.0,0.0,0.0
2013-11-13,0.0,0.33064517,0.0,0.0,0.071428575,0.0,0.0,0.0
2013-11-14,0.0,0.27419356,0.0,0.0,0.045454547,0.0,0.0,0.0
2013-11-15,0.0,0.27419356,0.0,0.0,0.045454547,0.0,0.0,0.0
2013-11-16,0.0,0.27419356,0.0,0.0,0.045454547,0.0,0.0,0.0
2013-11-17,0.0,0.27419356,0.0,0.0,0.045454547,0.0,0.0,0.0
2013-11-18,0.0,0.27419356,0.0,0.0,0.045454547,0.0,0.0,0.0
2013-11-19,0.0,0.27419356,0.0,0.014035088,0.045454547,0.0,0.0,0.0
2013-11-20,1.3715278,0.16935484,0.925,0.6421053,0.76623374,1.181208,2.1097047,2.3965516
2013-11-21,3.3854167,2.032258,5.55,1.0245614,5.1103897,5.0536914,8.632912,4.3850574
2013-11-22,3.5,5.782258,7.38125,1.0807017,8.246754,4.832215,8.869198,4.206897
2013-11-23,3.3958333,8.564516,6.84375,1.0315789,8.701299,5.355705,8.789029,4.109195
2013-11-24,3.3159723,8.41129,7.1,0.85263157,8.668831,5.3624163,8.814346,3.908046
2013-11-25,3.1076388,8.040322,7.10625,0.8561404,8.707792,5.932886,8.8312235,3.9655173
2013-11-26,2.6215277,7.58871,6.725,0.56491226,8.837663,5.7114096,8.202532,3.1321838
2013-11-27,1.7708334,6.201613,5.4375,0.34035087,8.136364,4.845638,7.299578,2.0804598
2013-11-28,1.3611112,5.959677,4.90625,0.19298245,7.5064936,4.2885904,6.620253,1.4137931
2013-11-29,1.1840278,5.854839,4.70625,0.11929824,7.4025974,4.154362,6.632911,1.1034483
2013-11-30,1.2013888,5.774194,4.38125,0.049122807,7.3311687,4.1006713,6.421941,0.90804595
2013-12-01,0.9722222,5.556452,4.125,0.007017544,7.090909,3.6174498,5.0590715,0.6954023
2013-12-02,0.6458333,5.314516,3.6375,0.0,6.512987,2.7583892,5.185654,0.38505748
2013-12-03,0.5,5.354839,3.3,0.007017544,5.818182,2.5100672,5.248945,0.25862068
2013-12-04,3.3680556,8.725806,12.575,0.65964913,20.142857,9.375839,14.476793,3.137931
2013-12-05,3.9479167,8.7338705,12.6,0.6631579,20.136364,9.268456,14.464135,3.5402298
2013-12-06,4.0555553,8.741936,12.6,0.6666667,20.597403,9.550336,14.459915,3.6321838
2013-12-07,16.246529,11.282258,21.4625,6.7403507,26.337662,19.738255,26.91983,25.51724
2013-12-08,22.434029,15.33871,26.9,6.8315787,35.272728,23.845638,32.531647,26.465517
2013-12-09,21.659721,15.346774,26.11875,6.8526316,35.5,24.71812,32.666668,24.431034
2013-12-10,21.131945,15.298388,25.6875,6.2105265,36.194805,25.456375,31.784811,24.706896
2013-12-11,20.225695,15.709678,24.89375,7.042105,35.954544,25.744967,31.194094,23.229885
2013-12-12,18.302084,14.846774,23.71875,6.389474,35.909092,24.315435,29.56962,22.06322
2013-12-13,16.427084,13.67742,22.9125,5.8385963,35.383118,22.825504,27.79325,20.109196
2013-12-14,15.072917,13.217742,22.2875,5.059649,35.116882,22.449665,26.670887,17.706896
2013-12-15,12.850695,11.556452,20.34375,3.6140351,32.909092,20.986578,24.527426,14.839081
2013-12-16,9.177083,8.701612,16.38125,1.814035,28.811687,18.060402,20.915611,9.287356
2013-12-17,5.9027777,6.120968,11.6375,0.9649123,24.272728,13.852349,17.742617,6.6609197
2013-12-18,3.6527777,4.314516,8.96875,0.55438596,19.902597,11.2483225,15.49367,4.448276
2013-12-19,3.03125,4.314516,8.44375,0.38947368,19.298702,10.134228,14.725739,3.6551723
2013-12-20,4.076389,4.435484,8.53125,0.37192982,19.357143,12.624161,16.443037,3.7873564
2013-12-21,3.8854167,4.435484,8.50625,0.38947368,19.350649,12.85906,16.565401,3.7586207
2013-12-22,3.6736112,4.419355,8.475,0.23157895,19.357143,12.7382555,16.527426,3.4712644
2013-12-23,3.3888888,4.419355,8.2875,0.09824561,19.194805,12.28859,16.28692,3.0344827
2013-12-24,2.7777777,4.387097,7.7875,0.024561403,18.746754,11.006711,15.341772,2.2471263
2013-12-25,2.4097223,4.104839,7.1125,0.007017544,17.766233,10.348993,14.789029,1.7183908
2013-12-26,2.0520833,3.8064516,6.55,0.007017544,16.792208,9.42953,14.28692,1.3333334
2013-12-27,1.6006944,3.451613,5.89375,0.003508772,15.577922,8.449664,13.464135,0.95977014
2013-12-28,1.3645834,3.1612904,5.4875,0.003508772,14.87013,7.751678,12.738397,0.75287354
2013-12-29,1.3506944,3.1612904,5.41875,0.003508772,14.883117,7.738255,12.704641,0.62068963
2013-12-30,1.2326388,3.112903,5.1875,0.003508772,14.655844,7.3624163,12.510549,0.6436782
2013-12-31,0.9652778,3.0403225,4.70625,0.0,13.883117,6.154362,11.489451,0.44827586
2014-01-01,0.7951389,2.9919355,4.43125,0.0,13.590909,5.6107383,11.046413,0.29310346
2014-01-02,0.7118056,2.919355,4.05625,0.0,13.188312,5.1006713,10.523207,0.1724138
2014-01-03,0.5625,2.8709676,3.73125,0.0,12.74026,4.4362416,9.898734,0.06321839
2014-01-04,0.45833334,2.846774,3.45625,0.0,12.571428,3.8724833,9.405064,0.011494253
2014-01-05,0.42708334,2.830645,3.4,0.0,12.564935,3.885906,9.324895,0.011494253
2014-01-06,0.4097222,2.8225806,3.275,0.0,12.461039,3.8120806,9.232067,0.0
2014-01-07,0.3784722,2.782258,3.23125,0.0,12.409091,3.637584,9.016877,0.0
2014-01-08,0.3472222,2.7903225,3.20625,0.0,12.383117,3.577181,9.07595,0.0
2014-01-09,0.34375,2.782258,3.20625,0.0,12.396104,3.5302014,9.07173,0.0
2014-01-10,0.33680555,2.782258,3.20625,0.0,12.383117,3.52349,9.016877,0.0
2014-01-11,0.27083334,2.766129,3.025,0.0,12.311688,3.1812081,8.700422,0.0
2014-01-12,2.8090277,2.766129,3.09375,2.968421,12.311688,4.9261746,9.620254,4.5057473
2014-01-13,2.8368056,2.7741935,3.1,3.1754386,12.305195,5.489933,9.50633,4.4367814
2014-01-14,2.0381944,2.766129,2.9625,1.2526315,12.279221,4.95302,9.341772,2.4655173
2014-01-15,1.0104166,2.435484,2.66875,0.14385965,11.727273,4.09396,8.725739,0.7011494
2014-01-16,0.5173611,2.0403225,2.36875,0.0,11.045455,3.6107383,8.312236,0.18390805
2014-01-17,0.3402778,1.733871,2.1,0.0,10.409091,3.4295301,7.9198313,0.01724138
2014-01-18,0.19097222,1.548387,1.8125,0.0,9.896104,2.9194632,7.278481,0.0
2014-01-19,0.12847222,1.3951613,1.6,0.0,9.506494,2.52349,6.843882,0.0
2014-01-20,0.09375,1.3467742,1.49375,0.0,9.12987,2.3020134,6.565401,0.0
2014-01-21,0.07986111,1.3306452,1.41875,0.0,8.974026,2.1677852,6.350211,0.0
2014-01-22,0.065972224,1.3225807,1.35,0.0,8.837663,1.9127517,6.0801687,0.0
2014-01-23,0.055555556,1.3225807,1.26875,0.0,8.779221,1.7315437,5.8396626,0.0
2014-01-24,0.055555556,1.3225807,1.26875,0.0,8.779221,1.7315437,5.8312235,0.0
2014-01-25,0.055555556,1.3225807,1.26875,0.0,8.701299,1.7315437,5.835443,0.0
2014-01-26,0.052083332,1.3225807,1.25625,0.0,8.694805,1.6442953,5.759494,0.0
2014-01-27,0.048611112,1.3225807,1.25625,0.0,8.694805,1.6442953,5.751055,0.0
2014-01-28,0.045138888,1.3225807,1.25625,0.0,8.694805,1.5503355,5.7257385,0.0
2014-01-29,0.03125,1.3225807,1.14375,0.0,8.636364,1.295302,5.341772,0.0
2014-01-30,1.5729166,1.3064516,2.9,0.8807018,8.62987,5.1610737,13.793249,4.137931
2014-01-31,7.0208335,16.201612,20.4,1.122807,43.616882,19.979866,28.354431,5.1149426
2014-02-01,7.4965277,24.75,21.875,0.91929823,49.714287,23.013422,29.99578,5.551724
2014-02-02,7.388889,24.709677,20.75625,0.91929823,49.415585,23.127518,30.274261,5.5747128
2014-02-03,8.489583,24.701612,21.4375,0.86315787,49.474026,24.832214,31.341772,5.511494
2014-02-04,8.364583,24.67742,21.3875,0.8,49.44156,24.939598,31.341772,5.3850574
2014-02-05,8.357639,24.64516,21.43125,0.79298246,49.74026,24.993288,31.392405,5.3850574
2014-02-06,9.447917,24.806452,23.225,1.3754386,49.77922,25.651007,32.63291,7.5287356
2014-02-07,13.402778,34.564518,26.34375,3.0596492,57.636364,29.610739,35.599155,12.528735
2014-02-08,22.76736,41.05645,32.86875,14.452632,67.987015,39.671143,46.763714,30.87931
2014-02-09,42.25347,41.879032,41.4125,20.526316,84.75325,64.167786,67.29114,55.71839
2014-02-10,49.81597,41.572582,43.49375,23.747368,91.902596,80.28859,80.173,60.132183
2014-02-11,50.39236,40.435482,43.15,21.31579,93.16883,83.77181,81.21519,58.902298
2014-02-12,49.072918,38.677418,42.38125,21.680702,92.88312,82.718124,80.2827,57.488506
2014-02-13,47.493057,33.612904,42.5875,19.961403,92.28571,80.91275,79.49789,56.41379
2014-02-14,46.15278,28.39516,41.45625,17.792982,90.82468,79.26174,79.059074,53.132183
2014-02-15,44.59375,25.120968,39.9625,15.982456,86.11688,77.080536,79.40506,53.597702
2014-02-16,44.75,23.217741,39.9375,16.231579,84.1039,78.67785,81.74683,53.517242
2014-02-17,44.927082,22.5,39.55625,14.6,82.876625,79.093956,83.379745,52.850574
2014-02-18,44.25,22.120968,38.80625,15.985965,81.27922,78.60403,82.93249,51.293102
2014-02-19,43.489582,21.903225,38.1125,15.708772,80.18831,78.21477,82.72574,50.310345
2014-02-20,43.041668,21.790323,37.68125,13.6947365,79.74026,78.10067,82.47257,49.87931
2014-02-21,42.194443,21.629032,36.9125,14.154386,78.87013,76.8255,82.16034,48.61494
2014-02-22,41.322918,21.411291,35.95625,13.614035,77.71429,75.20805,81.55696,46.95977
2014-02-23,40.125,21.266129,34.925,13.329824,76.512985,73.57047,80.90717,44.92529
2014-02-24,38.53125,20.89516,33.575,13.498245,75.13636,71.40939,80.974686,43.672413
2014-02-25,36.59375,20.443548,31.5875,10.4245615,73.37013,69.644295,79.8692,41.747128
2014-02-26,34.552082,19.67742,29.33125,10.126316,71.30519,67.27517,78.65401,38.632183
2014-02-27,37.94097,33.758064,45.225,15.585965,95.792206,77.47651,95.261604,40.264366
2014-02-28,43.97222,38.169353,50.95625,17.62807,111.30519,83.845634,102.29114,44.224136
2014-03-01,51.145832,74.97581,77.3125,26.221052,170.22078,105.37584,122.20675,54.522987
2014-03-02,51.506943,77.09677,79.69375,27.845613,177.24026,105.53691,122.49367,56.609196
2014-03-03,52.0625,77.97581,77.81875,27.210526,178.2987,106.167786,123.299576,58.96552
2014-03-04,57.03472,77.73387,79.31875,32.505264,179.58441,112.80537,128.54852,63.867817
2014-03-05,54.538193,76.870964,80.28125,30.536842,179.86363,110.91275,128.04642,62.58046
2014-03-06,52.84375,75.02419,79.48125,24.789474,177.66234,108.818794,129.73418,60.58046
2014-03-07,53.43403,73.17742,79.2875,27.785965,179.67532,110.58389,130.67088,61.436783
2014-03-08,52.18403,71.71774,78.05625,24.515789,178.7922,109.979866,130.19832,63.172413
2014-03-09,50.07986,66.685486,74.98125,25.796492,174.0,105.979866,129.10548,60.833332
2014-03-10,47.77778,60.887096,72.1875,23.2,167.83766,101.966446,128.0675,58.563217
2014-03-11,48.791668,58.685482,70.6875,29.343859,165.0,102.67785,127.78481,60.908047
2014-03-12,48.42014,57.717743,69.0,29.038597,163.77272,102.56376,127.06751,59.908047
2014-03-13,47.927082,57.524193,68.38125,28.0,162.61688,102.19463,126.894516,58.49425
2014-03-14,46.149307,56.612904,67.4875,23.147367,161.6039,100.67785,126.27426,56.12069
2014-03-15,44.00347,55.064518,65.39375,24.445614,158.77272,98.20134,125.01688,54.45977
2014-03-16,40.506943,52.64516,62.3875,22.322807,153.76624,94.906044,123.059074,51.551723
2014-03-17,37.84722,50.330647,58.41875,19.087719,148.22078,90.95302,120.42194,48.488506
2014-03-18,37.02778,50.008064,57.09375,18.870176,146.83116,90.10738,119.742615,45.17816
2014-03-19,36.302082,49.830647,56.3875,17.480701,146.02597,89.79866,119.4346,44.511494
2014-03-20,35.40972,49.322582,55.15,17.073685,144.54546,88.60403,118.535866,43.293102
2014-03-21,33.461807,48.60484,53.4375,15.4,142.25974,86.2349,117.40506,40.011494
2014-03-22,32.01389,47.903225,51.93125,14.266666,140.52597,84.50336,116.27848,39.13793
2014-03-23,31.086805,47.491936,50.4,13.245614,138.68831,83.255035,115.31223,37.833332
2014-03-24,29.791666,46.85484,47.80625,12.045614,136.34416,80.9396,113.32068,38.436783
2014-03-25,27.590279,45.580647,43.65,10.922807,132.53896,78.04698,110.45148,32.735634
2014-03-26,27.67361,45.919353,45.3375,9.77193,132.98701,80.879196,113.08861,32.99425
2014-03-27,35.819443,56.935482,56.1625,17.224562,145.7013,93.77853,125.303795,45.287357
2014-03-28,38.243057,58.282257,57.8875,18.835087,151.7922,96.12752,127.43038,49.448277
2014-03-29,38.614582,56.798386,57.46875,19.43158,151.68831,94.32215,126.07173,53.402298
2014-03-30,48.694443,61.282257,64.48125,49.71228,156.51299,104.14765,136.86076,85.47701
2014-03-31,49.680557,63.435482,66.19375,50.417545,160.51949,105.79866,137.87764,87.48276
2014-04-01,62.12153,78.41129,75.11875,61.733334,179.55194,124.07382,152.16878,105.44827
2014-04-02,67.56944,85.58064,70.48125,60.80702,191.55844,129.95973,160.3671,114.954025
2014-04-03,66.87153,86.58064,71.05,58.017544,194.16234,131.32886,161.25739,112.43678
2014-04-04,65.322914,86.58871,70.7625,58.312283,193.96104,130.55705,160.13503,112.373566
2014-04-05,64.84028,86.370964,69.94375,57.491226,193.2987,130.79195,160.82701,111.47127
2014-04-06,63.291668,85.620964,69.5125,54.5193,192.77922,129.30873,159.45148,108.14368
2014-04-07,60.631943,78.30645,68.0375,43.396492,189.30519,125.543625,155.03798,101.494255
2014-04-08,51.70139,68.435486,59.29375,28.207018,175.7013,112.16107,148.32912,92.21265
2014-04-09,40.322918,61.532257,51.675,23.508772,166.73376,103.22147,140.40929,78.28161
2014-04-10,33.07986,56.76613,51.95625,16.85965,161.77272,97.14094,134.16455,63.770115
2014-04-11,29.628471,52.370968,46.275,13.796492,154.66234,90.24161,125.29114,53.844826
2014-04-12,26.211805,50.225807,41.78125,11.266666,148.34416,83.53691,113.81435,43.53448
2014-04-13,23.239584,48.66129,38.96875,10.147368,144.28572,77.932884,107.662445,35.948277
2014-04-14,21.5625,46.79032,36.925,9.438597,141.8961,75.16107,104.13502,32.471264
2014-04-15,19.15625,43.362904,34.6375,8.301754,137.94806,70.59061,100.333336,27.804598
2014-04-16,16.5625,40.096775,32.05625,7.014035,131.22078,64.7047,95.586494,23.321838
2014-04-17,14.076389,36.991936,29.0375,5.6666665,122.38961,59.080536,91.24051,18.51724
2014-04-18,11.90625,34.491936,26.14375,4.7122808,115.487015,54.43624,86.59071,15.477012
2014-04-19,9.847222,33.379032,23.9125,3.9368422,110.41558,48.28859,81.77215,12.545977
2014-04-20,8.472222,32.435482,21.93125,3.336842,106.792206,43.19463,77.38818,10.954023
2014-04-21,7.1145835,30.620968,20.1,2.6350877,102.88312,38.483223,73.059074,9.362069
2014-04-22,6.3159723,29.629032,19.2375,2.3894737,100.207794,35.99329,71.18987,8.057471
2014-04-23,7.7916665,29.64516,18.4125,1.9438597,100.88312,38.791946,71.662445,8.988505
2014-04-24,7.65625,29.282259,19.5375,2.3192983,100.62987,38.261745,73.27426,7.9770117
2014-04-25,7.4583335,28.556452,18.875,2.2035089,99.61039,36.37584,71.38818,7.954023
2014-04-26,20.072916,44.685482,30.85625,4.8385963,135.25974,57.295303,95.78481,19.109196
2014-04-27,19.541666,46.79032,31.08125,3.5614035,137.95454,57.71812,93.827,17.706896
2014-04-28,18.65625,45.596775,30.31875,3.5298245,134.2078,56.973156,92.48945,16.649426
2014-04-29,15.204861,40.951614,27.03125,2.3754387,131.44806,53.57047,90.50633,12.408046
2014-04-30,10.145833,31.209677,20.325,1.7122808,121.344154,45.5302,78.455696,8.385057
2014-05-01,7.079861,28.774193,21.79375,1.3473685,120.22078,38.47651,73.94936,5.7643676
2014-05-02,4.982639,29.169355,17.775,1.0842105,109.99351,32.785236,64.68355,4.178161
2014-05-03,3.4930556,26.60484,13.63125,0.9403509,100.94805,27.295301,51.27848,3.0402298
2014-05-04,2.4895833,25.032259,11.40625,0.8701754,95.83117,24.416107,46.329113,2.3505747
2014-05-05,2.0138888,23.693548,10.675,0.8245614,93.454544,22.832214,44.518986,1.9195403
2014-05-06,2.0277777,20.508064,10.60625,0.81754386,91.792206,22.899328,45.033756,1.8160919
2014-05-07,2.2777777,26.056452,9.2125,0.78245616,95.56493,24.073826,46.58228,1.7586207
2014-05-08,2.0625,22.60484,9.53125,0.7403509,92.07143,24.342281,46.92827,1.545977
2014-05-09,1.9201388,22.274193,11.2375,0.7017544,92.57792,23.288591,46.270042,1.3160919
2014-05-10,1.7708334,20.887096,10.93125,0.68421054,99.44805,22.583893,45.012657,1.1954023
2014-05-11,1.8472222,19.564516,10.91875,0.6631579,97.818184,22.657719,44.99578,1.2241379
2014-05-12,1.78125,19.080645,10.86875,0.6210526,95.46104,22.630873,44.890297,1.1321839
2014-05-13,1.3958334,19.798388,9.8875,0.49824563,90.35065,21.120806,43.172997,0.7816092
2014-05-14,0.7291667,17.443548,8.4,0.3122807,85.12987,18.120806,39.52321,0.3505747
2014-05-15,0.33680555,15.104838,6.3375,0.0877193,75.53247,13.825503,34.206753,0.06321839
2014-05-16,0.21527778,12.83871,4.65625,0.0,64.28571,9.979866,27.527426,0.0
2014-05-17,0.08680555,12.548388,3.4,0.0,48.44156,7.308725,21.877638,0.0
2014-05-18,0.0,10.403226,2.79375,0.0,47.012985,6.1744967,18.654009,0.0
2014-05-19,0.0,10.032258,2.66875,0.0,46.136364,5.845638,17.78903,0.0
2014-05-20,0.0,7.185484,2.6375,0.0,46.045456,5.704698,17.468355,0.0
2014-05-21,0.9895833,5.653226,2.95625,0.0,41.584415,7.8791947,19.78903,0.22988506
2014-05-22,0.22569445,5.75,3.0625,0.0,42.577923,7.489933,19.274261,0.0
2014-05-23,0.0,7.201613,2.48125,0.0,40.564934,6.557047,17.189873,0.0
2014-05-24,0.0,7.120968,2.275,0.0,46.025974,5.355705,16.434599,0.0
2014-05-25,0.0,8.7338705,1.44375,0.0,41.27922,4.395973,13.476793,0.0
2014-05-26,0.0,7.225806,1.1,0.0,34.623375,3.2818792,10.084388,0.0
2014-05-27,0.0,5.669355,0.79375,0.0,27.24026,2.2416108,7.2700424,0.0
2014-05-28,0.0,4.66129,0.775,0.0,22.11039,1.3087249,5.299578,0.0
2014-05-29,0.0,4.177419,0.7,0.0,20.103895,0.9127517,4.405063,0.0
2014-05-30,0.0,3.8790324,0.64375,0.0,14.545455,0.7516779,3.7299578,0.0
2014-05-31,0.0,3.2741935,0.575,0.0,13.084415,0.5100671,2.8776371,0.0
2014-06-01,0.0,2.862903,0.5,0.0,11.87013,0.26174498,2.2236288,0.0
2014-06-02,0.0,2.3064516,0.375,0.0,10.097403,0.053691275,1.493671,0.0
2014-06-03,0.0,1.8064516,0.28125,0.0,8.883117,0.0,0.8523207,0.0
2014-06-04,0.0,1.3225807,0.175,0.0,7.7077923,0.0,0.45147678,0.0
2014-06-05,0.0,0.91129035,0.03125,0.0,6.3831167,0.0,0.16033755,0.0
2014-06-06,0.0,0.5,0.0,0.0,4.4415584,0.0,0.0,0.0
2014-06-07,0.0,0.31451613,0.0,0.0,2.7077923,0.0,0.0,0.0
2014-06-08,0.0,0.08064516,0.0,0.0,1.5844156,0.0,0.0,0.0
2014-06-09,0.0,0.0,0.0,0.0,0.8181818,0.0,0.0,0.0
2014-06-10,0.0,0.0,0.0,0.0,0.22077923,0.0,0.0,0.0
2014-06-11,0.0,0.0,0.0,0.0,0.077922076,0.0,0.0,0.0
2014-06-12,0.0,0.0,0.0,0.0,0.0,0.0,0.0,0.0
2014-06-13,0.0,0.0,0.0,0.0,0.0,0.0,0.0,0.0
2014-06-14,0.0,0.0,0.0,0.0,0.0,0.0,0.0,0.0
2014-06-15,0.0,0.0,0.0,0.0,0.0,0.0,0.0,0.0
2014-06-16,0.0,0.0,0.0,0.0,0.0,0.0,0.0,0.0
2014-06-17,0.0,0.0,0.0,0.0,0.0,0.0,0.0,0.0
2014-06-18,0.0,0.0,0.0,0.0,0.0,0.0,0.0,0.0
2014-06-19,0.0,0.0,0.0,0.0,0.0,0.0,0.0,0.0
2014-06-20,0.0,0.0,0.0,0.0,0.0,0.0,0.0,0.0
2014-06-21,0.0,0.0,0.0,0.0,0.0,0.0,0.0,0.0
2014-06-22,0.0,0.0,0.0,0.0,0.0,0.0,0.0,0.0
2014-06-23,0.0,0.0,0.0,0.0,0.0,0.0,0.0,0.0
2014-06-24,0.0,0.0,0.0,0.0,0.0,0.0,0.0,0.0
2014-06-25,0.0,0.0,0.0,0.0,0.0,0.0,0.0,0.0
2014-06-26,0.0,0.0,0.0,0.0,0.0,0.0,0.0,0.0
2014-06-27,0.0,0.0,0.0,0.0,0.0,0.0,0.0,0.0
2014-06-28,0.0,0.0,0.0,0.0,0.0,0.0,0.0,0.0
2014-06-29,0.0,0.0,0.0,0.0,0.0,0.0,0.0,0.0
2014-06-30,0.0,0.0,0.0,0.0,0.0,0.0,0.0,0.0
2014-07-01,0.0,0.0,0.0,0.0,0.0,0.0,0.0,0.0
2014-07-02,0.0,0.0,0.0,0.0,0.0,0.0,0.0,0.0
2014-07-03,0.0,0.0,0.0,0.0,0.0,0.0,0.0,0.0
2014-07-04,0.0,0.0,0.0,0.0,0.0,0.0,0.0,0.0
2014-07-05,0.0,0.0,0.0,0.0,0.0,0.0,0.0,0.0
2014-07-06,0.0,0.0,0.0,0.0,0.0,0.0,0.0,0.0
2014-07-07,0.0,0.0,0.0,0.0,0.0,0.0,0.0,0.0
2014-07-08,0.0,0.0,0.0,0.0,0.0,0.0,0.0,0.0
2014-07-09,0.0,0.0,0.0,0.0,0.0,0.0,0.0,0.0
2014-07-10,0.0,0.0,0.0,0.0,0.0,0.0,0.0,0.0
2014-07-11,0.0,0.0,0.0,0.0,0.0,0.0,0.0,0.0
2014-07-12,0.0,0.0,0.0,0.0,0.0,0.0,0.0,0.0
2014-07-13,0.0,0.0,0.0,0.0,0.0,0.0,0.0,0.0
2014-07-14,0.0,0.0,0.0,0.0,0.0,0.0,0.0,0.0
2014-07-15,0.0,0.0,0.0,0.0,0.0,0.0,0.0,0.0
2014-07-16,0.0,0.0,0.0,0.0,0.0,0.0,0.0,0.0
2014-07-17,0.0,0.0,0.0,0.0,0.0,0.0,0.0,0.0
2014-07-18,0.0,0.0,0.0,0.0,0.0,0.0,0.0,0.0
2014-07-19,0.0,0.0,0.0,0.0,0.0,0.0,0.0,0.0
2014-07-20,0.0,0.0,0.0,0.0,0.0,0.0,0.0,0.0
2014-07-21,0.0,0.0,0.0,0.0,0.0,0.0,0.0,0.0
2014-07-22,0.0,0.0,0.0,0.0,0.0,0.0,0.0,0.0
2014-07-23,0.0,0.0,0.0,0.0,0.0,0.0,0.0,0.0
2014-07-24,0.0,0.0,0.0,0.0,0.0,0.0,0.0,0.0
2014-07-25,0.0,0.0,0.0,0.0,0.0,0.0,0.0,0.0
2014-07-26,0.0,0.0,0.0,0.0,0.0,0.0,0.0,0.0
2014-07-27,0.0,0.0,0.0,0.0,0.0,0.0,0.0,0.0
2014-07-28,0.0,0.0,0.0,0.0,0.0,0.0,0.0,0.0
2014-07-29,0.0,0.0,0.0,0.0,0.0,0.0,0.0,0.0
2014-07-30,0.0,0.0,0.0,0.0,0.0,0.0,0.0,0.0
2014-07-31,0.0,0.0,0.0,0.0,0.0,0.0,0.0,0.0
2014-08-01,0.0,0.0,0.0,0.0,0.0,0.0,0.0,0.0
2014-08-02,0.0,0.0,0.0,0.0,0.0,0.0,0.0,0.0
2014-08-03,0.0,0.0,0.0,0.0,0.0,0.0,0.0,0.0
2014-08-04,0.0,0.16129032,0.0,0.0,0.0,0.0,0.0,0.0
2014-08-05,0.0,0.032258064,0.0,0.0,0.0,0.0,0.0,0.0
2014-08-06,0.0,0.0,0.0,0.0,0.0,0.0,0.0,0.0
2014-08-07,0.0,0.0,0.0,0.0,0.0,0.0,0.0,0.0
2014-08-08,0.0,0.0,0.0,0.0,0.0,0.0,0.0,0.0
2014-08-09,0.0,0.0,0.0,0.0,0.0,0.0,0.0,0.0
2014-08-10,0.0,0.0,0.0,0.0,0.0,0.0,0.0,0.0
2014-08-11,0.0,0.0,0.0,0.0,0.0,0.0,0.0,0.0
2014-08-12,0.0,0.0,0.0,0.0,0.0,0.0,0.0,0.0
2014-08-13,0.0,0.0,0.0,0.0,0.0,0.0,0.0,0.0
2014-08-14,0.0,0.0,0.0,0.0,0.0,0.0,0.0,0.0
2014-08-15,0.0,0.0,0.0,0.0,0.0,0.0,0.0,0.0
2014-08-16,0.0,0.0,0.0,0.0,0.0,0.0,0.0,0.0
2014-08-17,0.0,0.0,0.0,0.0,0.0,0.0,0.0,0.0
2014-08-18,0.0,0.0,0.0,0.0,0.0,0.0,0.0,0.0
2014-08-19,0.0,0.0,0.0,0.0,0.0,0.0,0.0,0.0
2014-08-20,0.0,0.0,0.0,0.0,0.0,0.0,0.0,0.0
2014-08-21,0.0,0.0,0.0,0.0,0.0,0.0,0.0,0.0
2014-08-22,0.0,0.0,0.0,0.0,0.0,0.0,0.0,0.0
2014-08-23,0.0,0.0,0.0,0.0,0.0,0.0,0.0,0.0
2014-08-24,0.0,0.0,0.0,0.0,0.0,0.0,0.0,0.0
2014-08-25,0.0,0.0,0.0,0.0,0.0,0.0,0.0,0.0
2014-08-26,0.0,0.0,0.0,0.0,0.0,0.0,0.0,0.0
2014-08-27,0.0,0.0,0.0,0.0,0.0,0.0,0.0,0.0
2014-08-28,0.0,0.0,0.0,0.0,0.0,0.0,0.0,0.0
2014-08-29,0.0,0.0,0.0,0.0,0.0,0.0,0.0,0.0
2014-08-30,0.0,0.0,0.0,0.0,0.0,0.0,0.0,0.0
2014-08-31,0.0,0.0,0.0,0.0,0.0,0.0,0.0,0.0
2014-09-01,0.0,0.0,0.0,0.0,0.0,0.0,0.0,0.0
2014-09-02,0.0,0.0,0.0,0.0,0.0,0.0,0.0,0.0
2014-09-03,0.0,0.0,0.0,0.0,0.0,0.0,0.0,0.0
2014-09-04,0.0,0.0,0.0,0.0,0.0,0.0,0.0,0.0
2014-09-05,0.0,0.0,0.0,0.0,0.0,0.0,0.0,0.0
2014-09-06,0.0,0.0,0.0,0.0,0.0,0.0,0.0,0.0
2014-09-07,0.0,0.0,0.0,0.0,0.0,0.0,0.0,0.0
2014-09-08,0.0,0.0,0.0,0.0,0.0,0.0,0.0,0.0
2014-09-09,0.0,0.0,0.0,0.0,0.0,0.0,0.0,0.0
2014-09-10,0.0,0.0,0.0,0.0,0.0,0.0,0.0,0.0
2014-09-11,0.0,0.0,0.0,0.0,0.0,0.0,0.0,0.0
2014-09-12,0.0,0.0,0.0,0.0,0.0,0.0,0.0,0.0
2014-09-13,0.0,0.0,0.0,0.0,0.0,0.0,0.0,0.0
2014-09-14,0.0,0.0,0.0,0.0,0.0,0.0,0.0,0.0
2014-09-15,0.0,0.0,0.0,0.0,0.0,0.0,0.0,0.0
2014-09-16,0.0,0.0,0.0,0.0,0.0,0.0,0.0,0.0
2014-09-17,0.0,0.0,0.0,0.0,0.0,0.0,0.0,0.0
2014-09-18,0.0,0.0,0.0,0.0,0.0,0.0,0.0,0.0
2014-09-19,0.0,0.0,0.0,0.0,0.0,0.0,0.0,0.0
2014-09-20,0.0,0.0,0.0,0.0,0.0,0.0,0.0,0.0
2014-09-21,0.0,0.0,0.0,0.0,0.0,0.0,0.0,0.0
2014-09-22,0.0,0.0,0.0,0.0,0.0,0.0,0.0,0.0
2014-09-23,0.0,0.0,0.0,0.0,0.0,0.0,0.0,0.0
2014-09-24,0.0,0.0,0.0,0.0,0.0,0.0,0.0,0.0
2014-09-25,0.0,0.0,0.0,0.0,0.0,0.0,0.0,0.0
2014-09-26,0.0,0.0,0.0,0.0,0.0,0.0,0.0,0.0
2014-09-27,0.07638889,0.0,0.0,0.0,0.0,0.0,0.0,0.0
2014-09-28,0.0625,0.12096774,0.55625,0.0,0.6363636,0.26845637,0.9662447,0.0
2014-09-29,0.0625,1.0564516,1.56875,0.0,4.3896103,0.33557048,1.8185654,0.0
2014-09-30,0.038194444,0.62903225,0.7625,0.0,3.1818182,0.147651,0.8312236,0.0
2014-10-01,0.0,0.22580644,0.06875,0.0,0.9480519,0.0,0.042194095,0.0
2014-10-02,0.0,0.10483871,0.00625,0.0,0.19480519,0.0,0.016877636,0.0
2014-10-03,0.0,0.0,0.0,0.0,0.0,0.0,0.0,0.0
2014-10-04,0.0,0.0,0.0,0.0,0.0,0.0,0.0,0.0
2014-10-05,0.0,0.0,0.0,0.0,0.0,0.0,0.0,0.0
2014-10-06,0.0,0.0,0.0,0.0,0.0,0.0,0.0,0.0
2014-10-07,0.0,0.0,0.0,0.0,0.0,0.0,0.0,0.0
2014-10-08,0.0,0.0,0.0,0.0,0.0,0.0,0.0,0.0
2014-10-09,0.0,0.0,0.0,0.0,0.0,0.0,0.0,0.0
2014-10-10,0.0,0.0,0.0,0.0,0.0,0.0,0.0,0.0
2014-10-11,0.0,0.0,0.0,0.0,0.0,0.0,0.0,0.0
2014-10-12,0.0,0.0,0.0,0.0,0.0,0.0,0.0,0.0
2014-10-13,0.0,0.0,0.0,0.0,0.0,0.0,0.0,0.0
2014-10-14,0.0,0.0,0.0,0.0,0.0,0.0,0.0,0.0
2014-10-15,0.0,0.0,0.0,0.0,0.0,0.0,0.0,0.0
2014-10-16,0.0,0.0,0.0,0.0,0.0,0.0,0.0,0.0
2014-10-17,0.0,0.0,0.0,0.0,0.0,0.0,0.0,0.0
2014-10-18,0.0,0.0,0.0,0.0,0.0,0.0,0.0,0.0
2014-10-19,0.0,0.0,0.0,0.0,0.0,0.0,0.0,0.0
2014-10-20,0.0,0.0,0.0,0.0,0.0,0.0,0.0,0.0
2014-10-21,0.0,0.0,0.0,0.0,0.0,0.0,0.0,0.0
2014-10-22,0.0,0.0,0.0,0.0,0.0,0.0,0.0,0.0
2014-10-23,0.0,0.0,0.0,0.0,0.0,0.0,0.0,0.0
2014-10-24,0.0,0.0,0.0,0.0,0.0,0.0,0.0,0.0
2014-10-25,0.0,0.0,0.0,0.0,0.0,0.0,0.0,0.0
2014-10-26,0.020833334,0.0,0.00625,0.2982456,0.0,0.0,0.0,0.028735632
2014-10-27,0.017361112,0.0,0.00625,0.28070176,0.0,0.0,0.0,0.0
2014-10-28,0.0069444445,0.0,0.00625,0.24912281,0.0,0.0,0.0,0.0
2014-10-29,0.0,0.0,0.0,0.12631579,0.0,0.0,0.0,0.0
2014-10-30,0.0,0.0,0.0,0.014035088,0.0,0.0,0.0,0.0
2014-10-31,0.0,0.0,0.0,0.0,0.0,0.0,0.0,0.0
2014-11-01,0.083333336,2.766129,4.91875,0.0,4.876623,1.2818792,5.392405,0.14942528
2014-11-02,2.0763888,6.41129,5.9125,0.17894737,13.805195,3.6845639,6.3375525,0.7816092
2014-11-03,1.7534722,6.346774,5.6875,0.19298245,13.74026,3.5369127,6.202532,0.6896552
2014-11-04,1.3680556,6.145161,5.43125,0.056140352,13.305195,3.04698,6.037975,0.6091954
2014-11-05,0.2777778,4.7580647,5.78125,0.0,12.441559,1.47651,5.4092827,0.18965517
2014-11-06,0.0,3.6935484,3.225,0.0,9.207792,0.5167785,3.063291,0.0
2014-11-07,0.0,3.516129,1.2375,0.0,5.9675326,0.046979867,1.0464135,0.0
2014-11-08,0.0,2.4435484,0.25625,0.0,3.2987013,0.0,0.101265825,0.0
2014-11-09,0.0,1.5725807,0.0,0.0,1.2987013,0.0,0.0,0.0
2014-11-10,0.0,1.0403225,0.0,0.0,0.7012987,0.0,0.0,0.0
2014-11-11,0.0,0.7903226,0.0,0.0,0.47402596,0.0,0.0,0.0
2014-11-12,0.0,0.7903226,0.0,0.0,0.46753246,0.0,0.0,0.0
2014-11-13,0.0,0.7903226,0.11875,0.0877193,0.46753246,0.0,0.03797468,0.0
2014-11-14,0.09375,0.8064516,1.7125,0.0877193,3.2922077,1.1744967,1.8101265,0.24712643
2014-11-15,0.065972224,0.7903226,1.34375,0.05964912,3.1623378,1.080537,2.07173,0.17816092
2014-11-16,0.065972224,0.7903226,1.31875,0.056140352,3.1623378,1.0268457,1.8185654,0.13793103
2014-11-17,0.072916664,0.7903226,1.28125,0.049122807,3.1298702,0.8187919,1.8902954,0.13793103
2014-11-18,0.027777778,0.766129,1.125,0.038596492,2.974026,1.0268457,1.8565401,0.05172414
2014-11-19,0.010416667,0.87096775,1.09375,0.021052632,3.0194805,1.0268457,1.8945148,0.011494253
2014-11-20,0.027777778,0.87096775,1.1375,0.53333336,3.1623378,1.080537,2.0801687,0.03448276
2014-11-21,0.5625,2.8709676,2.9,1.2736843,4.7402596,1.7315437,3.5485232,1.862069
2014-11-22,0.9791667,2.846774,3.05625,1.877193,4.623377,2.1073825,4.240506,2.637931
2014-11-23,2.6284723,2.951613,3.9875,3.1789474,6.376623,5.201342,8.873418,4.5689654
2014-11-24,2.375,2.782258,4.14375,3.3017545,6.590909,5.798658,8.827004,4.3103447
2014-11-25,2.4166667,2.6612904,4.43125,2.8736842,6.7727275,5.677852,8.8312235,3.6494253
2014-11-26,1.53125,1.8306452,3.19375,2.0631578,4.7727275,5.0268455,7.632911,2.091954
2014-11-27,0.5208333,1.266129,2.2125,1.5052632,2.357143,3.7181208,5.898734,0.94827586
2014-11-28,0.15625,0.8951613,1.40625,1.2350878,1.1363636,2.442953,4.189873,0.41379312
2014-11-29,0.30555555,0.87096775,1.1375,2.2280703,1.0,1.8456376,3.4894514,1.3160919
2014-11-30,4.888889,0.87096775,1.6375,4.7614036,1.0,5.8993287,9.742616,5.356322
2014-12-01,7.09375,0.8467742,2.4,6.217544,1.0,8.375839,13.966245,7.5747128
2014-12-02,7.138889,0.8548387,2.51875,5.7403507,1.0,8.483221,14.35443,7.0172415
2014-12-03,8.892361,17.814516,9.275,9.866667,26.363636,15.838926,22.489452,11.183908
2014-12-04,10.722222,17.951612,11.9,12.691228,29.792208,27.456375,31.535866,22.270115
2014-12-05,10.892361,18.120968,12.00625,10.4561405,30.506493,27.71812,32.050632,22.632183
2014-12-06,10.489583,18.056452,13.20625,9.266666,31.266233,27.711409,32.172997,22.775862
2014-12-07,9.920139,17.75,12.025,9.322807,31.181818,27.194632,32.447258,22.270115
2014-12-08,9.576389,17.193548,11.61875,9.08421,30.59091,27.37584,32.371307,21.689655
2014-12-09,9.201389,16.298388,11.24375,8.175439,30.11039,27.302013,32.464134,21.672413
2014-12-10,9.527778,15.370968,10.86875,8.315789,29.564936,26.691275,32.400845,21.02299
2014-12-11,9.291667,14.798388,11.01875,8.017544,29.233767,26.503355,33.20253,20.350574
2014-12-12,18.072916,18.92742,17.99375,41.964912,36.53896,31.067114,40.978905,39.00575
2014-12-13,21.902779,49.975807,24.03125,41.835087,63.506493,42.14765,46.85232,41.764366
2014-12-14,21.868055,50.314518,24.15625,43.29123,65.86364,41.979866,46.624474,41.70115
2014-12-15,21.92361,50.330647,24.06875,41.778946,65.98052,43.37584,46.248943,41.793102
2014-12-16,24.465279,53.741936,31.3625,49.45965,78.16883,45.671143,50.50211,49.61494
2014-12-17,27.63889,58.580647,34.4125,53.357895,86.22078,50.302013,54.21519,57.396553
2014-12-18,29.243055,61.20968,35.15,58.62456,88.43507,52.140938,54.93249,61.517242
2014-12-19,29.211805,61.330647,34.76875,59.65614,88.6039,52.34899,55.029537,61.74138
2014-12-20,36.45486,61.153225,35.91875,67.77193,88.545456,60.55705,58.70042,70.47127
2014-12-21,38.506943,60.870968,36.625,67.95789,90.83766,65.77181,60.679325,72.206894
2014-12-22,36.836807,59.951614,36.9,62.733334,91.51948,65.69128,59.654007,70.82184
2014-12-23,35.54861,59.346775,36.3125,59.505264,90.402596,64.87248,58.71308,69.67242
2014-12-24,34.95139,56.725807,36.54375,55.79649,90.77922,63.28859,58.548523,68.72414
2014-12-25,38.21528,62.822582,38.6,59.37544,94.94156,66.080536,61.4346,72.40804
2014-12-26,37.586807,62.596775,38.30625,59.66316,93.344154,66.08725,58.793247,72.86207
2014-12-27,37.618057,62.69355,39.24375,59.673683,94.487015,65.58389,58.514767,73.39655
2014-12-28,37.708332,62.572582,39.66875,62.157894,94.545456,66.04698,58.383965,73.465515
2014-12-29,37.8125,62.330647,39.71875,60.326317,94.94805,65.60403,58.50633,74.586205
2014-12-30,37.81597,61.66129,40.43125,59.357895,94.681816,65.42282,58.097046,74.67816
2014-12-31,37.666668,62.653225,39.55625,60.22456,94.91558,63.5302,57.514767,72.034485
2015-01-01,37.48611,62.435482,38.89375,62.168423,94.733765,63.0,56.91983,71.385056
2015-01-02,38.17361,62.153225,38.3125,60.57895,94.92857,64.12752,57.177216,75.67816
2015-01-03,36.97222,62.41129,38.10625,60.550877,95.91558,63.979866,57.49789,71.72414
2015-01-04,36.73611,61.70968,38.1625,60.43509,96.954544,64.167786,57.78059,72.206894
2015-01-05,36.29861,59.580647,37.96875,57.873684,97.38312,63.34228,57.16034,72.126434
2015-01-06,35.055557,55.01613,36.61875,56.13684,95.50649,62.89933,56.19409,70.655174
2015-01-07,32.729168,49.274193,33.8,52.589474,90.30519,60.24161,54.970463,69.20115
2015-01-08,30.378471,44.846775,32.3,49.491226,86.11688,57.731544,54.83966,66.85058
2015-01-09,28.104166,42.475807,31.23125,44.34035,83.30519,55.791946,55.088608,63.810345
2015-01-10,26.465279,41.54032,31.5375,42.178947,82.181816,54.201344,55.869198,61.948277
2015-01-11,24.770834,41.120968,32.625,40.42105,81.74675,52.979866,56.49367,60.41954
2015-01-12,23.60764,41.60484,32.975,40.266666,81.207794,52.046978,57.177216,59.528736
2015-01-13,23.010416,41.774193,33.2625,40.473682,81.181816,51.691277,57.291138,58.833332
2015-01-14,22.85764,41.258064,32.86875,37.56491,81.1039,50.885906,57.130802,58.79885
2015-01-15,21.979166,41.169353,32.6125,37.319298,80.83766,50.395973,57.320675,58.143677
2015-01-16,20.965279,41.346775,33.4625,35.698246,80.155846,49.926174,58.50211,57.011494
2015-01-17,20.284721,41.282257,33.95,34.757896,78.98052,49.08725,60.046413,55.63793
2015-01-18,18.61111,40.032257,34.11875,34.65263,77.33117,47.825504,61.02532,54.0
2015-01-19,17.097221,38.79032,34.1375,31.789474,75.94156,46.798656,60.130802,53.270115
2015-01-20,16.090279,38.612904,34.66875,28.775438,75.05844,46.161076,59.55696,51.632183
2015-01-21,15.631945,38.30645,34.4875,28.221052,74.94156,45.872482,59.270042,49.775864
2015-01-22,15.413195,38.298386,34.6375,31.336842,74.75325,45.34228,59.21097,48.87356
2015-01-23,15.013889,38.064518,34.675,30.56842,74.72078,44.57047,58.63291,48.32184
2015-01-24,14.517361,37.80645,34.96875,29.442104,74.61039,44.15436,58.375526,47.068966
2015-01-25,13.524305,36.95968,34.15625,24.157894,71.85714,43.46309,57.324894,44.752872
2015-01-26,11.885417,35.66129,33.0375,25.129824,68.05844,41.510067,56.07173,43.316093
2015-01-27,10.579861,35.741936,32.3875,23.607018,67.14286,40.24832,55.907173,40.816093
2015-01-28,11.076389,36.572582,34.6125,23.368422,71.487015,41.543625,57.012657,39.367817
2015-01-29,10.819445,36.475807,34.4125,22.978947,71.59091,41.691277,56.83966,40.402298
2015-01-30,10.434028,36.096775,34.06875,23.017544,73.63636,41.583893,56.687763,38.844826
2015-01-31,10.232639,36.120968,33.975,23.498245,73.733765,41.362415,56.624474,38.051723
2015-02-01,9.753472,34.330647,33.225,22.445614,73.14286,40.926174,56.189873,37.011494
2015-02-02,9.208333,34.935482,32.0375,19.88772,71.82468,40.66443,55.683544,35.166668
2015-02-03,8.864583,34.669353,30.90625,18.59649,70.11039,40.067116,55.28692,34.770115
2015-02-04,8.388889,34.04032,29.4875,19.059649,68.545456,39.503357,54.649788,33.390804
2015-02-05,7.7881947,33.548386,27.50625,19.670176,66.05195,38.865772,53.687763,31.954023
2015-02-06,7.329861,32.862904,25.96875,17.487719,63.097404,38.161076,53.016876,30.316092
2015-02-07,16.881945,35.580647,36.49375,24.698246,70.14935,51.33557,67.63713,52.33908
2015-02-08,21.5,47.137096,41.30625,22.863157,88.51948,61.483223,77.07595,51.775864
2015-02-09,31.32986,52.346775,53.10625,23.463158,107.97403,76.42953,88.78481,58.672413
2015-02-10,34.895832,51.48387,51.875,22.43158,108.266235,77.9396,89.29536,62.37356
2015-02-11,34.49653,47.95968,46.45,22.473684,107.766235,77.44966,86.19409,60.632183
2015-02-12,33.25347,49.798386,45.44375,21.270176,106.77922,76.543625,84.42194,58.25862
2015-02-13,30.128471,48.782257,42.8625,19.863157,102.72727,73.16107,82.21097,54.551723
2015-02-14,26.770834,47.20968,40.26875,18.631578,98.09091,68.68456,80.978905,51.810345
2015-02-15,23.819445,45.217743,41.4,18.863157,99.80519,65.69798,82.81013,48.88506
2015-02-16,20.996529,43.370968,40.93125,19.294737,98.33766,63.510067,84.73418,45.971264
2015-02-17,18.760416,41.612904,37.61875,18.449123,94.818184,61.416107,84.666664,42.672413
2015-02-18,16.90625,40.298386,35.21875,17.898245,93.155846,60.060402,84.39662,40.04023
2015-02-19,15.180555,38.814518,32.675,16.989473,89.67532,58.65772,82.52321,36.88506
2015-02-20,14.045139,37.314518,31.49375,16.077192,87.8961,56.80537,81.16878,35.195404
2015-02-21,13.291667,36.55645,30.94375,16.059649,87.14286,54.75839,80.39662,34.49425
2015-02-22,13.024305,36.532257,30.8125,14.989473,87.376625,54.34899,79.94936,33.752872
2015-02-23,12.038195,55.330647,30.1875,12.354386,86.318184,53.496643,79.34599,33.591953
2015-02-24,12.152778,61.73387,30.85625,10.768421,88.17532,55.00671,80.21519,32.91954
2015-02-25,12.986111,61.298386,31.5875,14.498245,87.16883,55.308723,80.06329,32.643677
2015-02-26,12.583333,58.274193,29.2875,13.224562,85.47403,54.328857,78.53165,31.678162
2015-02-27,12.322917,54.870968,30.83125,13.266666,86.6039,51.322147,77.42194,30.873564
2015-02-28,16.875,54.48387,30.85,11.48772,87.155846,53.94631,78.21519,35.36207
2015-03-01,20.746529,52.23387,31.88125,13.933333,90.266235,56.362415,79.50211,39.235634
2015-03-02,20.5625,54.435482,33.375,13.750877,92.77273,57.550335,81.29114,37.844826
2015-03-03,20.847221,57.98387,35.59375,11.382456,98.00649,58.859062,82.22785,37.890804
2015-03-04,20.583334,57.95968,35.5625,13.624561,98.0,59.765102,82.71308,37.07471
2015-03-05,20.072916,57.19355,34.5625,13.189474,97.181816,60.046978,82.544304,33.672413
2015-03-06,19.125,54.330647,36.76875,12.077193,96.155846,59.221478,84.24895,32.212643
2015-03-07,16.666666,50.830647,34.3625,10.589474,93.207794,56.75839,83.257385,26.011494
2015-03-08,14.541667,48.798386,31.8625,11.564912,91.62987,52.872482,80.49789,23.948277
2015-03-09,13.184028,47.201614,30.75,11.705263,89.85714,49.872482,78.44304,22.183908
2015-03-10,11.746528,47.814518,29.89375,12.319298,92.72727,46.798656,77.261604,19.51724
2015-03-11,10.586805,46.08871,28.8625,11.666667,91.155846,44.81879,75.27004,17.356321
2015-03-12,10.375,46.080647,29.0625,12.112281,88.2013,44.798656,76.29536,16.954023
2015-03-13,9.854167,45.862904,28.60625,11.473684,91.42857,44.791946,75.91139,15.333333
2015-03-14,8.496528,44.19355,26.95,10.652632,89.96104,46.771812,74.11814,14.74138
2015-03-15,6.7430553,41.096775,24.75625,9.77193,85.844154,42.859062,69.333336,13.275862
2015-03-16,5.6006947,37.862904,22.9125,9.207018,81.93507,39.510067,63.734177,10.494253
2015-03-17,4.7569447,35.83871,21.5625,8.933333,77.33766,40.456375,62.92827,8.385057
2015-03-18,4.4305553,35.54032,21.15625,8.631579,76.292206,38.872482,61.848103,7.5804596
2015-03-19,4.0694447,35.45968,20.875,8.221052,75.66883,37.731544,61.14768,6.8448277
2015-03-20,3.5,34.45968,19.75625,7.554386,73.92857,35.107384,59.291138,5.793103
2015-03-21,3.0486112,33.177418,19.125,7.14386,72.48052,32.865772,57.708862,5.0229883
2015-03-22,2.78125,32.798386,18.8125,6.8105264,71.7987,31.570469,56.86076,4.5632186
2015-03-23,2.8541667,32.620968,19.2375,7.8701754,71.99351,31.107382,57.72152,5.586207
2015-03-24,3.4965277,32.508064,19.1875,8.57193,71.83117,32.033558,58.227848,5.3103447
2015-03-25,3.0659723,32.29032,19.125,8.445614,71.87013,31.228188,57.91561,5.8390803
2015-03-26,2.7604167,31.669355,18.54375,6.7122808,71.02597,30.335571,56.624474,4.4367814
2015-03-27,2.0868056,29.766129,16.9375,6.3122807,68.27922,27.315435,51.873417,3.408046
2015-03-28,1.5972222,27.112904,15.04375,5.6666665,63.83766,24.174496,44.691982,2.5804598
2015-03-29,1.1458334,23.17742,13.5125,5.164912,60.85065,21.798658,38.93249,2.1436782
2015-03-30,0.8576389,22.370968,12.175,4.5052633,58.12987,20.073826,36.324894,1.6954023
2015-03-31,0.5868056,21.032259,10.8125,3.9263158,53.811687,17.382551,33.535866,1.2528735
2015-04-01,0.5590278,20.870968,10.66875,3.863158,53.474026,16.872482,33.16456,1.1839081
2015-04-02,0.5694444,20.830645,10.675,3.8280702,53.409092,16.986578,33.16034,1.1436782
2015-04-03,0.5694444,18.338709,10.66875,3.8035088,53.077923,16.986578,33.16034,1.1436782
2015-04-04,0.5590278,19.959677,10.68125,3.6491227,53.045456,16.006712,33.232067,1.1149426
2015-04-05,0.5243056,19.709677,10.64375,3.5649123,53.07143,15.38255,33.16034,1.0747126
2015-04-06,3.9236112,19.258064,12.85625,6.950877,53.103897,18.536913,38.569622,7.511494
2015-04-07,4.4409723,19.056452,12.825,7.491228,52.824677,18.100672,37.531647,7.2643676
2015-04-08,17.32639,26.540323,22.125,12.989473,66.74026,35.43624,53.85654,17.287355
2015-04-09,14.409722,24.540323,22.01875,12.185965,65.80519,36.114094,52.911392,14.885057
2015-04-10,8.861111,23.379032,20.68125,8.098246,63.103897,33.859062,49.99578,10.890804
2015-04-11,5.357639,21.532259,19.2,4.9964914,59.44805,30.18792,49.72574,6.402299
2015-04-12,3.0763888,17.629032,15.79375,3.554386,56.025974,25.630873,48.93671,2.6724138
2015-04-13,1.3923612,20.57258,11.4,3.6035087,57.435066,21.228188,43.56118,1.1034483
2015-04-14,0.8576389,19.330645,12.15,3.4421053,53.05844,19.436241,41.544304,1.0057471
2015-04-15,0.8194444,18.911291,11.51875,3.4,49.857143,19.04698,41.455696,1.0057471
2015-04-16,0.8958333,17.983871,11.525,3.3333333,37.694805,15.758389,40.033756,0.9770115
2015-04-17,0.7430556,16.85484,11.35625,2.9578948,37.298702,17.114094,40.869198,0.8678161
2015-04-18,0.5034722,16.580645,10.5375,2.6,37.545456,15.053691,38.19831,0.64942527
2015-04-19,0.3923611,15.92742,9.4,2.3017545,36.42857,14.228188,35.654007,0.51724136
2015-04-20,0.2673611,14.66129,8.35625,2.0210526,36.935066,11.865772,32.953587,0.37356323
2015-04-21,0.21180555,13.564516,7.3,1.7192982,35.954544,10.95302,29.683544,0.22413793
2015-04-22,0.16319445,13.491936,6.75,1.5052632,35.077923,11.2550335,27.662447,0.10344828
2015-04-23,0.125,13.524194,6.625,1.4175439,41.29221,10.590604,27.050632,0.011494253
2015-04-24,0.09375,14.008064,6.75625,1.354386,42.525974,10.0,26.751055,0.0
2015-04-25,3.7604167,13.395162,7.7875,2.449123,39.863636,13.818792,27.801687,2.5344827
2015-04-26,8.052083,16.983871,16.8,2.2561402,61.201298,21.825504,38.379745,3.4195402
2015-04-27,5.28125,13.419354,14.3375,1.4631579,58.012985,20.456375,36.55696,1.0977012
2015-04-28,2.0416667,13.225806,10.175,1.2842106,52.81818,15.42953,37.00422,0.0862069
2015-04-29,0.2986111,13.395162,7.6375,1.1473684,48.66234,11.671141,29.202532,0.0
2015-04-30,0.041666668,12.282258,6.28125,1.0315789,41.75974,9.644296,25.742617,0.0
2015-05-01,0.0,10.91129,5.25625,0.89824563,37.584415,8.563759,23.177216,0.0
2015-05-02,0.0,10.201612,4.36875,0.73333335,34.05195,7.3758388,20.354431,0.0
2015-05-03,0.0,9.66129,3.7875,0.5929825,31.285715,6.395973,17.632912,0.0
2015-05-04,0.0,9.42742,3.4125,0.46666667,29.584415,5.5771813,15.71308,0.0
2015-05-05,0.0,9.32258,3.09375,0.35438597,28.616882,4.8993287,14.206751,0.0
2015-05-06,0.0,9.346774,2.85625,0.27719298,28.006493,4.543624,13.113924,0.0
2015-05-07,0.0,9.354838,2.8375,0.23859648,27.974026,4.489933,12.962026,0.0
2015-05-08,2.0763888,7.975806,8.425,0.2140351,26.967533,16.845638,22.506329,0.10344828
2015-05-09,1.1631944,8.491936,8.2875,0.14385965,29.863636,16.322147,24.459915,0.0
2015-05-10,0.2986111,8.298388,6.15625,0.045614034,24.116882,11.208054,20.683544,0.0
2015-05-11,0.017361112,9.5161295,4.79375,0.0,25.98052,7.9597316,14.805907,0.0
2015-05-12,0.0,9.57258,3.55,0.0,29.850649,7.9597316,17.506329,0.0
2015-05-13,0.0,9.548388,3.475,0.3263158,29.25974,6.8590603,17.36287,0.0
2015-05-14,0.0,9.548388,3.48125,0.08421053,29.25974,6.0067115,17.270042,0.0
2015-05-15,0.2638889,9.548388,3.95625,0.03508772,22.824675,8.040269,18.556963,0.0
2015-05-16,0.9895833,10.556452,4.4875,0.07017544,23.74026,9.369127,20.2827,0.42528737
2015-05-17,0.5520833,10.645162,3.9,0.0,22.175325,8.040269,15.303798,0.07471264
2015-05-18,0.43055555,10.612904,4.075,0.0,23.818182,7.95302,19.092827,0.0
2015-05-19,0.3090278,11.217742,4.2125,0.0,24.74026,9.127517,15.852321,0.0
2015-05-20,0.13541667,11.66129,4.86875,0.0,25.11039,9.020134,20.202532,0.0
2015-05-21,0.020833334,11.83871,4.43125,0.0,26.142857,8.241611,19.109705,0.0
2015-05-22,0.020833334,12.16129,4.78125,0.0,26.5,8.040269,19.675106,0.0
2015-05-23,0.0,12.782258,5.03125,0.0,27.577923,8.174497,19.755274,0.0
2015-05-24,0.0,13.17742,4.96875,0.0,31.006493,7.7315435,19.400845,0.0
2015-05-25,0.0,12.75,4.14375,0.0,32.006493,6.4228187,18.41772,0.0
2015-05-26,0.0,12.790322,3.49375,0.0,31.487013,5.543624,15.632912,0.0
2015-05-27,0.0,12.887096,2.93125,0.0,30.876623,4.6375837,12.9451475,0.0
2015-05-28,0.0,11.475806,2.28125,0.0,27.551949,3.885906,10.70886,0.0
2015-05-29,0.0,10.282258,1.5375,0.0,23.77922,3.0268457,8.49789,0.0
2015-05-30,0.0,9.258064,0.9625,0.0,19.857143,2.0268457,6.025316,0.0
2015-05-31,0.0,10.862904,0.75625,0.0,15.019481,0.8993289,3.6329114,0.0
2015-06-01,0.0,9.217742,0.6,0.0,11.948052,0.30201343,2.2531645,0.0
2015-06-02,0.0,8.41129,0.55,0.0,10.863636,0.10067114,1.7848102,0.0
2015-06-03,0.0,7.895161,0.49375,0.0,9.772727,0.0,1.3966244,0.0
2015-06-04,0.0,7.403226,0.4375,0.0,8.538961,0.0,1.0337553,0.0
2015-06-05,0.0,7.2580647,0.4375,0.0,8.383117,0.0,0.8902954,0.0
2015-06-06,0.0,7.16129,0.325,0.0,6.876623,0.0,0.6666667,0.0
2015-06-07,0.0,6.846774,0.33125,0.0,7.064935,0.0,0.47679326,0.0
2015-06-08,0.0,6.225806,0.2,0.0,5.4675326,0.0,0.21518987,0.0
2015-06-09,0.0,4.862903,0.0,0.0,2.9935064,0.0,0.050632913,0.0
2015-06-10,0.0,4.129032,0.0,0.0,1.9350649,0.0,0.0,0.0
2015-06-11,0.0,3.685484,0.0,0.0,1.7012987,0.0,0.0,0.0
2015-06-12,0.0,3.1048386,0.0,0.0,1.2467532,0.0,0.0,0.0
2015-06-13,0.0,2.2903225,0.0,0.0,0.6298701,0.0,0.0,0.0
2015-06-14,0.0,1.3629032,0.0,0.0,0.24025974,0.0,0.0,0.0
2015-06-15,0.0,0.6048387,0.0,0.0,0.0,0.0,0.0,0.0
2015-06-16,0.0,0.47580644,0.0,0.0,0.0,0.0,0.0,0.0
2015-06-17,0.0,0.25,0.0,0.0,0.0,0.0,0.0,0.0
2015-06-18,0.0,0.024193548,0.0,0.0,0.0,0.0,0.0,0.0
2015-06-19,0.0,0.0,0.0,0.0,0.0,0.0,0.0,0.0
2015-06-20,0.0,0.0,0.0,0.0,0.0,0.0,0.0,0.0
2015-06-21,0.0,0.0,0.0,0.0,0.0,0.0,0.0,0.0
2015-06-22,0.0,0.0,0.0,0.0,0.0,0.0,0.0,0.0
2015-06-23,0.0,0.0,0.0,0.0,0.0,0.0,0.0,0.0
2015-06-24,0.0,0.0,0.0,0.0,0.0,0.0,0.0,0.0
2015-06-25,0.0,0.0,0.0,0.0,0.0,0.0,0.0,0.0
2015-06-26,0.0,0.0,0.0,0.0,0.0,0.0,0.0,0.0
2015-06-27,0.0,0.0,0.0,0.0,0.0,0.0,0.0,0.0
2015-06-28,0.0,0.0,0.0,0.0,0.0,0.0,0.0,0.0
2015-06-29,0.0,0.0,0.0,0.0,0.0,0.0,0.0,0.0
2015-06-30,0.0,0.0,0.0,0.0,0.0,0.0,0.0,0.0
2015-07-01,0.0,0.0,0.0,0.0,0.0,0.0,0.0,0.0
2015-07-02,0.0,0.0,0.0,0.0,0.0,0.0,0.0,0.0
2015-07-03,0.0,0.0,0.0,0.0,0.0,0.0,0.0,0.0
2015-07-04,0.0,0.0,0.0,0.0,0.0,0.0,0.0,0.0
2015-07-05,0.0,0.0,0.0,0.0,0.0,0.0,0.0,0.0
2015-07-06,0.0,0.0,0.0,0.0,0.0,0.0,0.0,0.0
2015-07-07,0.0,0.0,0.0,0.0,0.0,0.0,0.0,0.0
2015-07-08,0.0,0.0,0.0,0.0,0.0,0.0,0.0,0.0
2015-07-09,0.0,0.0,0.0,0.0,0.0,0.0,0.0,0.0
2015-07-10,0.0,0.2016129,0.025,0.0,1.3636364,0.0,0.004219409,0.0
2015-07-11,0.0,0.09677419,0.0,0.0,0.8051948,0.0,0.0,0.0
2015-07-12,0.0,0.0,0.0,0.0,0.16883117,0.0,0.0,0.0
2015-07-13,0.0,0.0,0.0,0.0,0.0,0.0,0.0,0.0
2015-07-14,0.0,0.0,0.0,0.0,0.0,0.0,0.0,0.0
2015-07-15,0.0,0.0,0.0,0.0,0.0,0.0,0.0,0.0
2015-07-16,0.0,0.0,0.0,0.0,0.0,0.0,0.0,0.0
2015-07-17,0.0,0.0,0.0,0.0,0.0,0.0,0.0,0.0
2015-07-18,0.0,0.0,0.0,0.0,0.0,0.0,0.0,0.0
2015-07-19,0.0,0.0,0.0,0.0,0.0,0.0,0.0,0.0
2015-07-20,0.0,0.0,0.0,0.0,0.0,0.0,0.0,0.0
2015-07-21,0.0,0.0,0.0,0.0,0.0,0.0,0.0,0.0
2015-07-22,0.0,0.0,0.0,0.0,0.0,0.0,0.0,0.0
2015-07-23,0.0,0.0,0.0,0.0,0.0,0.0,0.0,0.0
2015-07-24,0.0,0.0,0.0,0.0,0.0,0.0,0.0,0.0
2015-07-25,0.0,0.0,0.0,0.0,0.0,0.0,0.0,0.0
2015-07-26,0.0,0.0,0.0,0.0,0.0,0.0,0.0,0.0
2015-07-27,0.0,0.0,0.0,0.0,0.0,0.0,0.0,0.0
2015-07-28,0.0,0.0,0.0,0.0,0.0,0.0,0.0,0.0
2015-07-29,0.0,0.0,0.0,0.0,0.0,0.0,0.0,0.0
2015-07-30,0.0,0.0,0.0,0.0,0.0,0.0,0.0,0.0
2015-07-31,0.0,0.0,0.0,0.0,0.0,0.0,0.0,0.0
2015-08-01,0.0,0.0,0.0,0.0,0.0,0.0,0.0,0.0
2015-08-02,0.0,0.0,0.0,0.0,0.0,0.0,0.0,0.0
2015-08-03,0.0,0.0,0.0,0.0,0.0,0.0,0.0,0.0
2015-08-04,0.0,0.0,0.0,0.0,0.0,0.0,0.0,0.0
2015-08-05,0.0,0.0,0.0,0.0,0.0,0.0,0.0,0.0
2015-08-06,0.0,0.0,0.0,0.0,0.0,0.0,0.0,0.0
2015-08-07,0.0,0.0,0.0,0.0,0.0,0.0,0.0,0.0
2015-08-08,0.0,0.0,0.0,0.0,0.0,0.0,0.0,0.0
2015-08-09,0.0,0.0,0.0,0.0,0.0,0.0,0.0,0.0
2015-08-10,0.0,0.0,0.0,0.0,0.0,0.0,0.0,0.0
2015-08-11,0.0,0.0,0.0,0.0,0.0,0.0,0.0,0.0
2015-08-12,0.0,0.0,0.0,0.0,0.0,0.0,0.0,0.0
2015-08-13,0.0,0.0,0.0,0.0,0.0,0.0,0.0,0.0
2015-08-14,0.0,0.0,0.0,0.0,0.0,0.0,0.0,0.0
2015-08-15,0.0,0.0,0.0,0.0,0.0,0.0,0.0,0.0
2015-08-16,0.0,0.0,0.0,0.0,0.0,0.0,0.0,0.0
2015-08-17,0.0,0.0,0.0,0.0,0.0,0.0,0.0,0.0
2015-08-18,0.0,0.0,0.0,0.0,0.0,0.0,0.0,0.0
2015-08-19,0.0,0.0,0.0,0.0,0.0,0.0,0.0,0.0
2015-08-20,0.0,0.0,0.0,0.0,0.0,0.0,0.0,0.0
2015-08-21,0.0,0.0,0.0,0.0,0.0,0.0,0.0,0.0
2015-08-22,0.0,0.0,0.0,0.0,0.0,0.0,0.0,0.0
2015-08-23,0.0,0.0,0.0,0.0,0.0,0.0,0.0,0.0
2015-08-24,0.0,0.0,0.0,0.0,0.0,0.0,0.0,0.0
2015-08-25,0.0,0.0,0.0,0.0,0.0,0.0,0.0,0.0
2015-08-26,0.0,0.0,0.0,0.0,0.0,0.0,0.0,0.0
2015-08-27,0.0,0.0,0.0,0.0,0.0,0.0,0.0,0.0
2015-08-28,0.0,0.0,0.0,0.0,0.0,0.0,0.0,0.0
2015-08-29,0.0,0.0,0.0,0.0,0.0,0.0,0.0,0.0
2015-08-30,0.0,0.0,0.0,0.0,0.0,0.0,0.0,0.0
2015-08-31,0.0,0.0,0.0,0.0,0.0,0.0,0.0,0.0
2015-09-01,0.0,0.0,0.0,0.0,0.0,0.0,0.0,0.0
2015-09-02,0.0,0.0,0.0,0.0,0.0,0.0,0.0,0.0
2015-09-03,0.0,0.0,0.0,0.0,0.0,0.0,0.0,0.0
2015-09-04,0.0,0.0,0.0,0.0,0.0,0.0,0.0,0.0
2015-09-05,0.0,0.0,0.0,0.0,0.0,0.0,0.0,0.0
2015-09-06,0.0,0.0,0.0,0.0,0.0,0.0,0.0,0.0
2015-09-07,0.0,0.0,0.0,0.0,0.0,0.0,0.0,0.0
2015-09-08,0.0,0.0,0.0,0.0,0.0,0.0,0.0,0.0
2015-09-09,0.0,0.0,0.0,0.0,0.0,0.0,0.0,0.0
2015-09-10,0.0,0.0,0.0,0.0,0.0,0.0,0.0,0.0
2015-09-11,0.0,0.0,0.0,0.0,0.0,0.0,0.0,0.0
2015-09-12,0.0,0.0,0.0,0.0,0.0,0.0,0.0,0.0
2015-09-13,0.0,0.0,0.0,0.0,0.0,0.0,0.0,0.0
2015-09-14,0.0,0.0,0.0,0.0,0.0,0.0,0.0,0.0
2015-09-15,0.0,0.008064516,0.0,0.0,0.09090909,0.0,0.0,0.0
2015-09-16,0.0,0.016129032,0.00625,0.0,0.42207792,0.0,0.0,0.0
2015-09-17,0.0,0.008064516,0.00625,0.19298245,0.35714287,0.0,0.0,0.0
2015-09-18,0.0,0.016129032,0.0,0.0,0.32467532,0.0,0.0,0.0
2015-09-19,0.0,0.0,0.0,0.0,0.038961038,0.0,0.0,0.0
2015-09-20,0.0,0.0,0.0,0.0,0.0,0.0,0.0,0.0
2015-09-21,0.0,0.0,0.0,0.0,0.0,0.0,0.0,0.0
2015-09-22,0.0,0.0,0.0,0.0,0.0,0.0,0.0,0.0
2015-09-23,0.0,0.0,0.0,0.0,0.0,0.0,0.0,0.0
2015-09-24,0.0,0.0,0.0,0.0,0.0,0.0,0.0,0.0
2015-09-25,0.0,0.0,0.0,0.0,0.0,0.0,0.0,0.0
2015-09-26,0.0,0.0,0.0,0.0,0.0,0.0,0.0,0.0
2015-09-27,0.0,0.0,0.0,0.0,0.0,0.0,0.0,0.0
2015-09-28,0.0,0.0,0.0,0.0,0.0,0.0,0.0,0.0
2015-09-29,0.0,0.0,0.0,0.0,0.0,0.0,0.0,0.0
2015-09-30,0.0,0.0,0.0,0.0,0.0,0.0,0.0,0.0
2015-10-01,0.0,0.0,0.0,0.0,0.0,0.0,0.0,0.0
2015-10-02,0.0,0.0,0.10625,0.0,0.038961038,0.026845638,0.07172996,0.0
2015-10-03,0.0,0.0,0.0125,0.0,0.0064935065,0.0,0.0,0.0
2015-10-04,0.0,0.0,0.0,0.0,0.0,0.0,0.0,0.0
2015-10-05,0.0,4.629032,0.0,0.0,0.2857143,0.020134227,0.10970464,0.0
2015-10-06,0.0,4.274194,0.0,0.0,0.20779221,0.0,0.042194095,0.0
2015-10-07,0.0,2.5,0.0,0.0,0.058441557,0.0,0.0,0.0
2015-10-08,0.0,0.47580644,0.0,0.0,0.0,0.0,0.0,0.0
2015-10-09,0.0,0.0,0.0,0.0,0.0,0.0,0.0,0.0
2015-10-10,0.0,0.0,0.0,0.0,0.0,0.0,0.0,0.0
2015-10-11,0.0,0.0,0.0,0.0,0.0,0.0,0.0,0.0
2015-10-12,0.0,0.0,0.0,0.0,0.0,0.0,0.0,0.0
2015-10-13,0.0,0.0,0.0,0.0,0.0,0.0,0.0,0.0
2015-10-14,0.0,0.0,0.0,0.0,0.0,0.0,0.0,0.0
2015-10-15,0.0,0.0,0.0,0.0,0.0,0.0,0.0,0.0
2015-10-16,0.0,0.43548387,0.0,0.0,0.0,0.0,0.0,0.0
2015-10-17,0.0,0.41129032,0.0,0.0,0.0,0.0,0.0,0.0
2015-10-18,0.0,0.5483871,2.46875,0.0,0.18181819,0.040268455,2.6962025,0.0
2015-10-19,0.0,1.9435484,3.0125,0.0,3.9675324,0.033557046,3.1814346,0.0
2015-10-20,0.0,1.9758065,2.74375,0.0,3.616883,0.0067114094,2.8523207,0.0
2015-10-21,0.0,1.8870968,2.29375,0.0,3.422078,0.0,2.4514768,0.0
2015-10-22,0.0,1.3467742,1.80625,0.0,2.7662337,0.0,2.0,0.0
2015-10-23,0.0,1.0887097,1.11875,0.0,1.8506494,0.0,1.3966244,0.0
2015-10-24,0.0,0.86290324,0.51875,0.0,1.0454545,0.0,0.78902954,0.0
2015-10-25,0.0,0.86290324,0.2125,0.0,0.42207792,0.0,0.28691983,0.0
2015-10-26,0.0,0.82258064,0.1125,0.0,0.25324675,0.0,0.1308017,0.0
2015-10-27,0.0,0.7419355,0.0625,0.0,0.11038961,0.0,0.004219409,0.0
2015-10-28,0.0,0.7258065,0.0625,0.0,0.103896104,0.0,0.0,0.0
2015-10-29,0.038194444,1.6532258,1.51875,0.0,2.668831,0.15436241,1.0759493,0.0
2015-10-30,0.027777778,1.6451613,0.96875,0.0,2.3961039,0.10067114,0.97890294,0.0
2015-10-31,0.0069444445,1.3387097,0.4875,0.0,1.7922078,0.08053691,0.56962025,0.0
2015-11-01,0.0,0.67741936,0.06875,0.0,0.32467532,0.0,0.0,0.0
2015-11-02,0.017361112,0.57258064,0.05,0.5122807,0.16883117,0.0,0.30801687,0.07471264
2015-11-03,4.0729165,11.564516,15.4,5.814035,31.025974,8.852349,16.578058,3.275862
2015-11-04,4.0694447,19.17742,15.54375,6.122807,35.727272,9.845637,17.21097,3.3505747
2015-11-05,4.0729165,21.42742,15.0875,5.7122808,35.623375,9.697987,16.962025,3.3390806
2015-11-06,4.138889,21.120968,15.09375,5.5929823,35.44156,9.758389,16.852322,3.4482758
2015-11-07,3.6944444,20.193548,14.6375,4.3649125,34.81818,9.147651,16.565401,2.5402298
2015-11-08,2.9236112,17.475807,15.15625,2.5192983,35.38961,8.61745,16.852322,1.3505747
2015-11-09,5.7847223,16.39516,19.73125,5.480702,39.05844,12.704698,22.949368,5.643678
2015-11-10,10.208333,26.540323,26.29375,10.596491,53.83766,18.95302,31.092827,12.477012
2015-11-11,10.163195,28.701612,26.175,10.224562,54.915585,19.758389,32.14768,12.074713
2015-11-12,9.84375,28.483871,25.83125,9.34386,53.915585,19.90604,31.805906,11.58046
2015-11-13,8.486111,27.403225,25.225,7.7122808,53.746754,19.382551,30.99578,9.977012
2015-11-14,6.8159723,26.403225,23.49375,5.4666667,51.402596,18.040268,29.548523,7.1034484
2015-11-15,5.90625,23.862904,23.14375,3.3578947,50.798702,17.214766,28.945148,5.143678
2015-11-16,16.336805,45.274193,35.41875,11.645614,63.733765,29.845638,46.092827,20.890804
2015-11-17,16.440971,45.475807,35.0,11.578947,63.045456,29.14094,45.80591,20.747126
2015-11-18,15.131945,44.55645,33.69375,9.589474,63.11039,28.395973,45.13502,20.045977
2015-11-19,11.427083,40.467743,30.9375,6.4210525,60.876625,25.060402,41.746834,15.942529
2015-11-20,7.7291665,35.66129,28.61875,4.305263,58.025974,20.845638,38.07173,9.603448
2015-11-21,6.4444447,30.717741,26.8625,3.1964912,56.084415,19.261745,36.29958,6.454023
2015-11-22,5.3055553,27.524193,25.40625,2.5473685,54.103897,17.919462,34.877636,4.183908
2015-11-23,4.263889,26.064516,23.93125,1.922807,52.305195,16.926174,33.63713,2.5172415
2015-11-24,3.8020833,25.379032,23.40625,1.645614,51.954544,16.71812,33.172997,2.0402298
2015-11-25,13.590278,27.959677,30.1375,12.294737,59.506493,25.194632,42.19409,13.994253
2015-11-26,15.819445,30.82258,34.7875,12.361403,65.66883,27.81208,44.396626,16.413794
2015-11-27,15.798611,30.274193,34.69375,12.0,65.37013,28.436241,44.527428,15.793103
2015-11-28,15.611111,30.67742,35.0625,12.3929825,67.376625,28.18792,44.873417,15.833333
2015-11-29,15.552083,31.975807,34.66875,12.322807,67.59091,28.201342,44.92827,15.931034
2015-11-30,15.434028,32.024193,34.01875,11.729825,67.56493,28.543625,44.827003,15.885057
2015-12-01,15.350695,32.314518,34.3,13.185965,67.454544,28.617449,44.64557,15.95977
2015-12-02,14.690972,31.806452,33.76875,12.659649,67.22727,28.134228,44.13502,15.247127
2015-12-03,12.680555,28.959677,32.10625,8.224562,65.86364,26.885906,42.350212,13.522988
2015-12-04,16.760416,28.935484,32.36875,12.396491,64.24675,27.758389,44.472572,20.856321
2015-12-05,17.42014,29.580645,32.11875,13.407018,62.597404,28.724833,44.687763,22.833334
2015-12-06,16.927084,28.435484,31.1,13.491228,63.402596,28.476511,44.168777,22.810345
2015-12-07,15.96875,27.830645,30.3,15.947369,60.642857,26.932886,43.52321,23.143679
2015-12-08,14.065972,27.951612,29.25,14.035088,57.753246,25.409395,42.708862,23.494253
2015-12-09,11.652778,27.032259,27.6875,12.256141,55.55195,24.228188,41.814346,22.16092
2015-12-10,11.284722,26.088709,26.6875,11.140351,53.75974,23.785234,40.983124,22.247126
2015-12-11,28.10764,33.79032,39.06875,16.68772,75.09091,45.892616,60.35443,43.695404
2015-12-12,34.375,45.258064,45.175,18.038597,88.16234,53.671143,67.08017,42.83908
2015-12-13,35.50347,44.41129,45.30625,20.985966,87.8961,55.90604,67.383965,47.206898
2015-12-14,51.92361,66.048386,58.05625,43.585964,108.16883,72.43624,83.93671,69.925285
2015-12-15,52.21875,67.298386,58.55,43.29123,108.64286,72.966446,84.38818,69.31609
2015-12-16,52.0,67.314514,58.1625,42.45965,108.623375,73.32886,84.31645,68.9885
2015-12-17,52.20486,67.685486,58.04375,42.477192,109.1039,74.14094,83.38818,69.18391
2015-12-18,51.43403,67.5,57.41875,42.57544,108.97403,73.731544,82.902954,68.41954
2015-12-19,53.55903,66.71774,57.06875,57.48421,109.02597,74.24161,82.51477,76.586205
2015-12-20,59.39236,70.41129,65.88125,62.270176,116.99351,84.61745,91.65401,82.94827
2015-12-21,66.90625,69.28226,69.28125,67.98245,120.22727,98.033554,100.455696,93.385056
2015-12-22,90.548615,84.258064,104.35625,82.42105,171.33766,138.89262,138.72151,121.965515
2015-12-23,94.177086,103.129036,112.20625,83.83158,189.11688,146.26175,145.36287,126.20115
2015-12-24,96.53125,103.54032,117.4125,85.505264,190.2987,147.38255,148.01266,144.34483
2015-12-25,110.12847,112.814514,131.31876,85.53684,208.11688,171.55034,162.98734,145.35632
2015-12-26,111.642365,112.6129,132.2,85.97193,208.37662,172.40268,165.16034,146.20116
2015-12-27,111.329865,112.145164,132.675,86.4,207.66884,172.74496,165.2194,145.99425
2015-12-28,111.8125,112.98387,132.60625,89.14737,208.0,172.84564,165.00844,155.54024
2015-12-29,112.357635,110.95968,133.56876,92.42105,210.24026,173.73154,165.6329,151.36781
2015-12-30,112.017365,110.69355,132.975,89.51228,210.13637,173.349,165.30801,153.73563
2015-12-31,111.802086,111.21774,134.24374,91.13684,210.2987,174.47652,167.48946,153.15517
2016-01-01,111.59028,112.08064,129.8,93.44211,210.53896,173.91275,165.32489,145.66667
2016-01-02,112.145836,111.40323,130.1625,93.333336,210.85715,173.52348,164.96202,146.34483
2016-01-03,111.84028,111.064514,128.96875,93.31579,211.09091,172.99329,164.0211,146.95403
2016-01-04,109.99306,110.645164,129.25,92.4386,211.02597,171.67786,163.9367,150.44254
2016-01-05,110.94097,112.491936,129.68124,95.02456,212.45454,172.39597,164.59071,155.18391
2016-01-06,122.798615,145.17741,146.70625,107.350876,247.74675,189.48993,182.44725,172.98276
2016-01-07,128.8125,157.14516,173.31876,113.30877,281.57144,207.61073,204.32068,178.99425
2016-01-08,129.625,158.62097,169.99374,114.6807,283.4026,208.01343,204.67932,181.22414
2016-01-09,130.31944,158.14516,172.23125,125.2421,284.0,208.22148,205.08861,177.45976
2016-01-10,131.23611,159.66936,177.4,121.498245,285.05844,209.61073,207.40929,178.49425
2016-01-11,130.74306,159.78226,176.5625,118.12631,285.04544,208.85905,206.85233,184.5977
2016-01-12,129.82292,160.12903,176.28125,118.070175,284.7922,207.60403,205.81857,178.01724
2016-01-13,129.54861,157.70161,175.79375,124.30526,284.1948,206.07382,204.346,180.75862
2016-01-14,138.88194,156.40323,174.06876,143.08421,285.03897,210.95302,207.19409,208.21265
2016-01-15,152.43056,161.53226,178.7375,165.18947,294.95456,225.24161,217.81857,226.8793
2016-01-16,155.26389,165.1371,181.6375,157.2386,299.95456,229.74496,221.0,216.76437
2016-01-17,157.0382,165.07259,185.08125,160.55438,303.35715,233.349,223.60338,219.39655
2016-01-18,160.31598,166.54839,184.66875,165.1579,303.31818,234.97316,223.96202,232.64943
2016-01-19,161.22223,172.12903,190.18124,173.80351,315.35065,241.28188,232.23207,229.96552
2016-01-20,168.01042,201.75807,202.95,181.49825,341.9935,251.31543,243.86076,239.52873
2016-01-21,166.48264,201.26613,202.94376,164.52281,339.83118,249.91275,242.15611,237.39655
2016-01-22,164.0243,202.04839,202.45625,171.62105,337.84415,248.66443,241.12236,233.8793
2016-01-23,169.75348,204.75,211.90625,178.09123,352.47403,261.55032,255.37975,255.477
2016-01-24,175.6632,216.82259,218.6,182.9649,366.98053,269.32886,260.98312,262.6207
2016-01-25,175.57986,217.7258,220.95,191.0351,367.01947,269.15436,260.28693,261.43677
2016-01-26,178.23611,217.75,220.64375,190.22807,366.12338,268.4698,259.59915,262.83908
2016-01-27,176.88889,217.24193,219.05624,188.81404,364.1948,266.10068,257.0886,260.00574
2016-01-28,175.1632,226.20967,211.975,184.37544,362.11038,264.53693,256.90295,258.8161
2016-01-29,173.99306,225.25,213.58125,184.15439,361.43506,272.77182,257.8734,257.5747
2016-01-30,183.5868,224.2742,215.8625,179.13684,364.35715,280.09396,265.8059,265.0977
2016-01-31,187.2118,253.58064,231.375,178.20702,395.98053,289.10068,272.97046,270.82184
2016-02-01,194.34027,296.2903,249.7875,188.27017,430.7922,300.1275,283.36285,270.6839
2016-02-02,194.21875,296.4516,248.38126,181.8772,433.0779,300.37582,284.23206,271.546
2016-02-03,194.71527,297.0484,249.43124,172.5158,433.53247,301.01343,284.08017,271.454
2016-02-04,194.60764,296.8387,250.13126,172.81755,433.9935,301.94632,284.01266,271.28162
2016-02-05,193.38542,296.7258,248.975,188.46666,433.9156,301.1745,282.94092,271.31033
2016-02-06,192.29861,295.91934,247.3625,186.08421,433.53247,300.14764,281.48944,256.67816
2016-02-07,190.72917,294.15323,236.15625,176.6,431.04544,298.84564,280.51056,268.1207
2016-02-08,188.37152,292.24194,243.64375,178.00702,429.87012,296.61075,276.8734,262.55746
2016-02-09,185.19792,289.09677,240.99374,165.69473,427.62338,293.02686,273.5654,260.63217
2016-02-10,179.94792,286.75806,238.25626,152.74387,425.75323,288.98657,269.91562,255.83333
2016-02-11,175.87848,282.2903,236.58125,154.6,424.75974,285.302,267.68353,255.0
2016-02-12,171.79514,276.75806,234.4625,146.09123,423.5909,281.32886,265.3038,249.95976
2016-02-13,166.44098,272.4113,231.3375,139.71579,421.5844,276.53693,262.48523,235.6207
2016-02-14,163.46527,266.58066,227.06876,135.01053,417.23376,273.40268,259.54852,235.85632
2016-02-15,161.1493,262.8871,224.44376,128.55087,414.37012,270.48322,257.46414,237.10345
2016-02-16,157.38889,254.69354,219.69376,119.87719,409.5844,266.14764,254.32068,232.81609
2016-02-17,151.78125,241.34677,215.55,112.0,403.513,261.4094,251.5654,225.77586
2016-02-18,166.42014,257.2258,225.7625,118.42456,430.34415,262.8188,263.92404,238.44827
2016-02-19,178.9618,267.1129,227.0625,128.77544,441.0909,272.2953,270.7595,250.04597
2016-02-20,178.7882,265.85483,227.5875,136.69824,441.27274,272.53693,270.83545,240.523
2016-02-21,176.43056,265.60483,228.58125,133.46666,438.62988,270.72482,268.81857,253.54024
2016-02-22,173.4618,264.01614,227.2625,130.33684,436.60388,268.40268,268.0633,250.8793
2016-02-23,171.11111,262.5645,225.5875,127.3193,434.81168,266.75168,267.1941,248.7931
2016-02-24,166.09375,259.59677,222.45,122.23158,430.4221,263.44296,265.61603,250.27586
2016-02-25,161.10764,255.50807,219.54375,117.350876,425.66882,259.75168,263.72153,241.21265
2016-02-26,153.30902,249.93549,217.7,110.36842,420.05844,253.2282,266.41772,227.68391
2016-02-27,147.4132,242.1129,213.775,105.0,415.22726,246.69127,263.18988,223.06897
2016-02-28,142.7743,237.75807,211.08125,101.39649,412.18182,242.30873,261.4346,220.68391
2016-02-29,138.51042,233.33871,207.925,98.02807,408.48053,238.15436,259.6751,218.08621
2016-03-01,135.2743,225.75,203.8875,95.10526,402.97403,234.75168,257.03796,214.01149
2016-03-02,131.50694,216.05646,199.26875,88.98596,397.37662,228.06711,254.12659,209.37357
2016-03-03,126.885414,207.73387,195.55624,84.498245,397.87012,219.81879,252.05063,203.75287
2016-03-04,123.24306,202.33064,193.2,83.922806,393.487,214.2953,250.98734,200.06322
2016-03-05,124.708336,197.57259,193.325,80.89825,398.52597,214.63087,254.05063,200.34483
2016-03-06,131.32986,211.87903,228.2,84.94386,452.88962,231.61745,282.3249,214.94254
2016-03-07,146.65277,223.45161,238.575,100.48421,463.0974,249.0,295.78903,234.95976
2016-03-08,151.55902,241.0242,247.2875,107.90176,477.34415,254.08054,299.96625,241.51724
2016-03-09,152.89583,244.07259,248.6,109.336845,476.06494,255.57047,301.3038,244.33908
2016-03-10,154.04861,245.19354,245.2,104.2,470.513,254.20805,299.3713,240.24713
2016-03-11,150.74306,235.4758,241.825,119.03158,467.7987,249.11409,296.92404,242.35057
2016-03-12,158.6875,255.26613,257.99374,128.29825,491.6948,261.22147,311.7637,266.35632
2016-03-13,168.86111,254.49193,260.40625,149.14035,492.64285,269.84564,315.3671,295.2586
2016-03-14,192.2118,254.43549,278.46875,177.4,511.013,288.77853,338.91983,324.7069
2016-03-15,192.90973,252.15323,279.375,176.67369,503.88312,289.12082,341.13925,330.2701
2016-03-16,192.30208,249.16936,277.01874,173.05263,508.17532,286.94632,339.7426,329.38507
2016-03-17,188.44098,241.17741,271.325,157.5614,507.33118,282.97986,336.82278,319.0
2016-03-18,180.59375,230.91936,264.08124,153.0807,499.7857,275.81207,333.21097,304.59195
2016-03-19,174.0243,221.75,260.1625,139.04912,491.55844,264.2819,328.8945,296.6954
2016-03-20,167.0,214.44354,256.6125,125.70175,486.23376,258.1745,327.37976,290.9253
2016-03-21,164.61111,209.64516,252.65625,123.82105,480.2143,254.97986,325.1308,290.05173
2016-03-22,173.08333,208.89516,258.7375,140.49825,480.96753,261.51678,333.7342,299.7586
2016-03-23,174.01736,208.81451,259.375,134.54034,477.33118,264.40268,334.91983,304.1207
2016-03-24,171.10417,215.49193,258.28125,131.05614,486.5,266.5235,334.692,301.4655
2016-03-25,165.83333,205.45161,255.00626,125.0807,481.487,261.2819,332.53586,297.49426
2016-03-26,162.48958,202.17741,251.64375,121.12281,474.89612,256.56375,329.865,300.15518
2016-03-27,159.13889,199.25,247.84375,115.65614,467.013,252.42953,326.8481,295.33908
2016-03-28,156.70486,196.07259,245.075,114.47369,466.38962,248.09396,324.82278,283.62643
2016-03-29,161.01389,194.6371,247.4875,115.09824,463.37662,249.81879,326.77637,273.046
2016-03-30,162.43402,193.2742,248.41875,113.70175,464.55194,252.77852,328.45993,289.5747
2016-03-31,159.94444,193.9758,247.6375,112.05965,457.4026,253.81879,328.04642,287.046
2016-04-01,156.65277,196.16936,246.5375,105.13684,456.94806,250.2953,327.18988,280.0115
2016-04-02,150.91667,194.28226,239.59375,97.02807,462.85715,242.03355,322.04642,271.71265
2016-04-03,144.81944,191.04839,231.2,90.57193,455.04544,236.09396,320.14346,264.0345
2016-04-04,138.56598,188.44354,207.66875,86.86667,447.98053,228.26846,305.14767,256.23563
2016-04-05,132.72917,184.62097,207.64375,83.63158,442.88962,222.26846,303.28693,248.6954
2016-04-06,127.552086,177.70967,216.5375,78.663155,435.52597,216.61745,308.5021,239.32759
2016-04-07,121.30903,172.35484,206.3625,70.22456,418.66882,208.85236,302.81857,225.40805
2016-04-08,114.65278,169.37097,197.14375,62.470177,406.33118,207.44295,297.51898,213.09195
2016-04-09,109.166664,171.92741,171.7125,57.11228,403.513,201.7718,281.13925,203.61494
2016-04-10,109.385414,174.21774,182.075,54.88421,409.7143,202.92618,291.52744,200.523
2016-04-11,105.78819,174.5242,176.65,52.961403,408.96753,201.20805,287.48944,196.70116
2016-04-12,100.791664,171.58064,175.8125,50.042107,406.52597,197.90604,286.01266,191.6954
2016-04-13,95.982635,168.56451,193.1375,48.266666,403.42856,193.1208,295.61182,187.54597
2016-04-14,93.66319,166.43549,191.34375,48.077194,397.84415,190.5302,294.27847,186.32184
2016-04-15,94.486115,162.81451,160.7375,48.301754,392.7143,191.11409,274.67932,188.33333
2016-04-16,94.208336,158.35484,165.0,47.00702,389.94156,190.91275,278.27426,186.86781
2016-04-17,90.09722,153.4758,185.9875,43.477192,382.9935,187.49664,290.86075,180.45976
2016-04-18,82.75,147.79033,147.1875,39.157894,372.06494,181.48993,263.16034,170.66092
2016-04-19,76.326385,140.01613,146.0125,34.62807,367.64285,172.79195,261.54852,159.3046
2016-04-20,69.729164,132.87097,163.85,25.245613,361.38312,162.8792,271.72153,149.24138
2016-04-21,63.385418,126.451614,157.425,22.54035,354.38962,156.34229,263.68777,139.91379
2016-04-22,57.76736,122.435486,151.76875,21.529825,345.43506,150.69127,256.7426,132.89655
2016-04-23,67.677086,124.25,134.3125,25.014034,339.17532,158.01343,220.22363,146.58046
2016-04-24,68.322914,122.298386,167.3625,25.71228,328.4221,157.2349,272.3671,144.477
2016-04-25,68.392365,122.79032,167.50626,24.680702,346.44156,157.98657,273.5696,143.68965
2016-04-26,69.177086,122.91936,139.6125,21.305264,352.12338,160.24832,247.80591,143.9023
2016-04-27,67.84028,122.22581,167.99374,22.550877,345.44806,158.57047,273.9578,141.71265
2016-04-28,66.03125,122.685486,167.4,21.961403,349.2857,158.02684,273.65402,139.33908
2016-04-29,63.729168,121.46774,166.6,20.631578,340.51947,157.37584,272.68777,135.71265
2016-04-30,61.56597,120.28226,163.3125,19.736841,342.2922,155.61745,268.8734,130.28162
2016-05-01,60.46528,120.15323,163.2375,18.698246,342.47403,155.22148,269.31223,126.51724
2016-05-02,57.02778,118.08064,162.75,17.985966,339.33118,153.98657,269.62448,118.97701
2016-05-03,53.770832,117.370964,157.58125,16.45965,333.94806,149.78523,266.6076,110.913795
2016-05-04,50.368057,113.77419,151.61874,14.922807,324.11688,145.5302,261.72153,99.47701
2016-05-05,46.989582,110.604836,143.45625,13.484211,290.2857,141.651,244.4135,87.47701
2016-05-06,45.40625,110.29032,142.3125,12.957894,305.6948,141.15436,240.96625,83.913795
2016-05-07,43.65625,119.21774,143.8125,11.975439,304.7143,141.62416,242.18565,79.18391
2016-05-08,42.583332,109.870964,146.24374,11.150877,301.04544,140.85905,243.6962,75.72988
2016-05-09,40.194443,110.71774,144.80624,9.894737,273.03247,137.49664,238.5654,69.54023
2016-05-10,37.18403,117.45968,139.83125,8.97193,266.76624,131.6443,229.92406,63.70115
2016-05-11,34.833332,109.54032,132.45,7.9333334,258.0,127.44966,223.03375,57.436783
2016-05-12,31.059029,101.395164,125.325,6.5263157,274.39612,123.26174,215.87341,48.87356
2016-05-13,26.70139,89.34677,117.46875,5.010526,261.11688,117.033554,207.02531,38.87931
2016-05-14,22.92014,86.08064,108.8125,3.7929823,249.95454,108.60403,197.05063,32.12069
2016-05-15,21.496529,84.854836,101.60625,3.459649,245.52597,103.24161,192.01688,29.603449
2016-05-16,20.07639,84.19355,94.7,3.0596492,240.97403,101.05369,186.87764,27.01724
2016-05-17,18.42014,83.935486,87.125,2.6,232.86363,98.19463,180.91983,24.568966
2016-05-18,16.121529,82.26613,82.95625,1.9754386,227.74675,94.36242,176.12236,21.385057
2016-05-19,13.465278,78.604836,77.25625,1.3578948,213.58441,88.71141,168.57806,18.396551
2016-05-20,11.902778,76.758064,73.20625,1.2350878,202.83766,84.61074,161.73418,17.114943
2016-05-21,10.28125,76.395164,73.05,2.3614035,202.62987,85.16107,161.3502,20.885057
2016-05-22,9.75,76.51613,59.44375,2.3157895,201.94806,85.79195,160.7173,20.597702
2016-05-23,10.472222,76.314514,72.49375,1.8526316,204.05194,86.10738,162.05907,20.408047
2016-05-24,12.104167,73.73387,70.725,1.4245614,201.6039,77.16107,155.43881,13.712644
2016-05-25,11.8125,75.84677,56.125,1.2421052,197.75974,85.85906,157.09705,17.275862
2016-05-26,11.076389,76.241936,70.4,1.1122807,203.83766,84.04027,156.72574,16.281609
2016-05-27,10.305555,75.83871,67.81875,0.97894734,202.90909,81.36242,151.76372,14.95977
2016-05-28,9.520833,74.67742,65.14375,0.8666667,199.68831,77.79866,146.84389,14.885057
2016-05-29,8.513889,72.51613,62.39375,0.71929824,194.55844,74.2349,142.33333,12.9827585
2016-05-30,7.2118053,69.41936,58.69375,0.5473684,189.12987,70.1745,136.2827,11.011495
2016-05-31,5.861111,64.72581,53.35625,0.32982457,178.03247,64.69128,126.12658,8.6494255
2016-06-01,4.4618053,57.298386,47.03125,0.07368421,162.73376,53.65772,100.91139,5.4252872
2016-06-02,3.2222223,58.45968,40.89375,0.0,146.41559,48.268456,92.0,3.6494253
2016-06-03,2.125,49.822582,39.44375,0.0,132.61038,43.671143,91.16878,2.1091955
2016-06-04,1.0104166,43.330647,31.6625,0.0,117.681816,37.838924,80.696205,0.94827586
2016-06-05,0.43055555,34.94355,24.85625,0.0,111.96753,30.95302,69.80591,0.1954023
2016-06-06,0.29166666,29.193548,20.06875,0.0,99.11039,24.926174,61.80169,0.0
2016-06-07,0.14583333,23.661291,15.75,0.0,87.512985,20.060402,54.675106,0.0
2016-06-08,0.0,18.669355,11.625,0.0,85.96753,16.389261,45.881855,0.0
2016-06-09,0.0,15.024194,8.9625,0.0,74.19481,13.0,37.371307,0.0
2016-06-10,0.0,12.959678,7.5,0.0,65.33766,10.416107,30.92827,0.0
2016-06-11,0.0,16.225807,6.5875,0.0,58.824677,9.2483225,27.518988,0.0
2016-06-12,0.0,15.467742,6.075,0.0,56.357143,8.42953,25.337553,0.0
2016-06-13,0.0,15.225806,6.075,0.0,58.084415,7.95302,24.72152,0.0
2016-06-14,0.0,14.4838705,5.58125,0.0,54.844154,7.181208,22.8481,0.0
2016-06-15,0.0,13.846774,5.2375,0.0,52.85065,6.7181206,21.459915,0.0
2016-06-16,0.0,13.758064,5.19375,0.0,52.5,6.6107383,21.06751,0.0
2016-06-17,0.0,13.701612,5.11875,0.0,51.857143,6.456376,20.468355,0.0
2016-06-18,0.0,13.096774,4.81875,0.0,49.532467,6.1409397,19.248945,0.0
2016-06-19,0.0,12.32258,4.26875,0.0,45.363636,5.5503354,17.059072,0.0
2016-06-20,0.0,10.653226,3.3375,0.0,38.05844,4.6375837,14.126582,0.0
2016-06-21,0.0,8.467742,2.3625,0.0,28.5,3.0402684,9.902953,0.0
2016-06-22,0.0,6.5,1.5625,0.0,20.61039,1.4026846,6.227848,0.0
2016-06-23,0.0,4.709677,1.23125,0.0,15.311688,0.54362416,3.4725738,0.0
2016-06-24,0.0,3.483871,1.0,0.0,11.558441,0.2147651,2.0464134,0.0
2016-06-25,0.0,2.5887096,0.7875,0.0,8.655844,0.0,1.1561182,0.0
2016-06-26,0.0,1.7741935,0.525,0.0,5.4155846,0.0,0.51476794,0.0
2016-06-27,0.0,0.9596774,0.21875,0.0,3.3246753,0.0,0.1308017,0.0
2016-06-28,0.0,0.41129032,0.0,0.0,1.5844156,0.0,0.0,0.0
2016-06-29,0.0,0.06451613,0.0,0.0,0.72727275,0.0,0.0,0.0
2016-06-30,0.0,0.0,0.0,0.0,0.2857143,0.0,0.0,0.0
2016-07-01,0.0,0.0,0.0,0.0,0.0064935065,0.0,0.0,0.0
2016-07-02,0.0,0.0,0.0,0.0,0.0,0.0,0.0,0.0
2016-07-03,0.0,0.0,0.0,0.0,0.0,0.0,0.0,0.0
2016-07-04,0.0,0.0,0.0,0.0,0.0,0.0,0.0,0.0
2016-07-05,0.0,0.0,0.0,0.0,0.0,0.0,0.0,0.0
2016-07-06,0.0,0.0,0.0,0.0,0.0,0.0,0.0,0.0
2016-07-07,0.0,0.0,0.0,0.0,0.0,0.0,0.0,0.0
2016-07-08,0.0,0.0,0.0,0.0,0.0,0.0,0.0,0.0
2016-07-09,0.0,0.0,0.0,0.0,0.0,0.0,0.0,0.0
2016-07-10,0.0,0.0,0.0,0.0,0.0,0.0,0.0,0.0
2016-07-11,0.0,0.0,0.0,0.0,0.0,0.0,0.0,0.0
2016-07-12,0.0,0.0,0.0,0.0,0.0,0.0,0.0,0.0
2016-07-13,0.0,0.0,0.0,0.0,0.0,0.0,0.0,0.0
2016-07-14,0.0,0.0,0.0,0.0,0.0,0.0,0.0,0.0
2016-07-15,0.0,0.0,0.0,0.0,0.0,0.0,0.0,0.0
2016-07-16,0.0,0.0,0.0,0.0,0.0,0.0,0.0,0.0
2016-07-17,0.0,0.0,0.0,0.0,0.0,0.0,0.0,0.0
2016-07-18,0.0,0.0,0.0,0.0,0.0,0.0,0.0,0.0
2016-07-19,0.0,0.0,0.0,0.0,0.0,0.0,0.0,0.0
2016-07-20,0.0,0.0,0.0,0.0,0.0,0.0,0.0,0.0
2016-07-21,0.0,0.0,0.0,0.0,0.0,0.0,0.0,0.0
2016-07-22,0.0,0.0,0.0,0.0,0.0,0.0,0.0,0.0
2016-07-23,0.0,0.0,0.0,0.0,0.0,0.0,0.0,0.0
2016-07-24,0.0,0.0,0.0,0.0,0.0,0.0,0.0,0.0
2016-07-25,0.0,0.0,0.0,0.0,0.0,0.0,0.0,0.0
2016-07-26,0.0,0.0,0.0,0.0,0.0,0.0,0.0,0.0
2016-07-27,0.0,0.0,0.0,0.0,0.0,0.0,0.0,0.0
2016-07-28,0.0,0.0,0.0,0.0,0.0,0.0,0.0,0.0
2016-07-29,0.0,0.0,0.0,0.0,0.0,0.0,0.0,0.0
2016-07-30,0.0,0.0,0.0,0.0,0.0,0.0,0.0,0.0
2016-07-31,0.0,0.0,0.0,0.0,0.0,0.0,0.0,0.0
2016-08-01,0.0,0.0,0.0,0.0,0.0,0.0,0.0,0.0
2016-08-02,0.0,0.0,0.0,0.0,0.0,0.0,0.0,0.0
2016-08-03,0.0,0.0,0.0,0.0,0.0,0.0,0.0,0.0
2016-08-04,0.0,0.0,0.0,0.0,0.0,0.0,0.0,0.0
2016-08-05,0.0,0.0,0.0,0.0,0.0,0.0,0.0,0.0
2016-08-06,0.0,0.0,0.0,0.0,0.0,0.0,0.0,0.0
2016-08-07,0.0,0.0,0.0,0.0,0.0,0.0,0.0,0.0
2016-08-08,0.0,0.0,0.0,0.0,0.0,0.0,0.0,0.0
2016-08-09,0.0,0.0,0.0,0.0,0.0,0.0,0.0,0.0
2016-08-10,0.0,0.0,0.0,0.0,0.0,0.0,0.0,0.0
2016-08-11,0.0,0.0,0.0,0.0,0.0,0.0,0.0,0.0
2016-08-12,0.0,0.0,0.0,0.0,0.0,0.0,0.0,0.0
2016-08-13,0.0,0.0,0.0,0.0,0.0,0.0,0.0,0.0
2016-08-14,0.0,0.0,0.0,0.0,0.0,0.0,0.0,0.0
2016-08-15,0.0,0.0,0.0,0.0,0.0,0.0,0.0,0.0
2016-08-16,0.0,0.0,0.0,0.0,0.0,0.0,0.0,0.0
2016-08-17,0.0,0.0,0.0,0.0,0.0,0.0,0.0,0.0
2016-08-18,0.0,0.0,0.0,0.0,0.0,0.0,0.0,0.0
2016-08-19,0.0,0.0,0.0,0.0,0.0,0.0,0.0,0.0
2016-08-20,0.0,0.0,0.0,0.0,0.0,0.0,0.0,0.0
2016-08-21,0.0,0.0,0.0,0.0,0.0,0.0,0.0,0.0
2016-08-22,0.0,0.0,0.0,0.0,0.0,0.0,0.0,0.0
2016-08-23,0.0,0.0,0.0,0.0,0.0,0.0,0.0,0.0
2016-08-24,0.0,0.0,0.0,0.0,0.0,0.0,0.0,0.0
2016-08-25,0.0,0.0,0.0,0.0,0.0,0.0,0.0,0.0
2016-08-26,0.0,0.0,0.0,0.0,0.0,0.0,0.0,0.0
2016-08-27,0.0,0.0,0.0,0.0,0.0,0.0,0.0,0.0
2016-08-28,0.0,0.0,0.0,0.0,0.0,0.0,0.0,0.0
2016-08-29,0.0,0.0,0.0,0.0,0.0,0.0,0.0,0.0
2016-08-30,0.0,0.0,0.0,0.0,0.0,0.0,0.0,0.0
2016-08-31,0.0,0.0,0.0,0.0,0.0,0.0,0.0,0.0
2016-09-01,0.0,0.0,0.0,0.0,0.0,0.0,0.0,0.0
2016-09-02,0.0,0.0,0.0,0.0,0.0,0.0,0.0,0.0
2016-09-03,0.0,0.0,0.0,0.0,0.0,0.0,0.0,0.0
2016-09-04,0.0,0.0,0.0,0.0,0.0,0.0,0.0,0.0
2016-09-05,0.0,0.0,0.0,0.0,0.0,0.0,0.0,0.0
2016-09-06,0.0,0.0,0.0,0.0,0.0,0.0,0.0,0.0
2016-09-07,0.0,0.0,0.0,0.0,0.0,0.0,0.0,0.0
2016-09-08,0.0,0.0,0.0,0.0,0.0,0.0,0.0,0.0
2016-09-09,0.0,0.0,0.0,0.0,0.0,0.0,0.0,0.0
2016-09-10,0.0,0.0,0.0,0.0,0.0,0.0,0.0,0.0
2016-09-11,0.0,0.0,0.0,0.0,0.0,0.0,0.0,0.0
2016-09-12,0.0,0.0,0.0,0.0,0.0,0.0,0.0,0.0
2016-09-13,0.0,0.0,0.0,0.0,0.0,0.0,0.0,0.0
2016-09-14,0.0,0.0,0.0,0.0,0.0064935065,0.0,0.004219409,0.0
2016-09-15,0.0,0.0,0.0,0.0,0.0,0.0,0.0,0.0
2016-09-16,0.0,0.0,0.0,0.0,0.0,0.0,0.0,0.0
2016-09-17,0.0,0.0,0.0,0.0,0.0,0.0,0.0,0.0
2016-09-18,0.0,0.0,0.0,0.0,0.0,0.0,0.0,0.0
2016-09-19,0.0,0.0,0.0,0.0,0.0,0.0,0.0,0.0
2016-09-20,0.0,0.0,0.0,0.0,0.0,0.0,0.0,0.0
2016-09-21,0.0,0.0,0.0,0.0,0.0,0.0,0.0,0.0
2016-09-22,0.0,0.0,0.0,0.0,0.0,0.0,0.0,0.0
2016-09-23,0.0,0.0,0.0,0.0,0.0,0.0,0.0,0.0
2016-09-24,0.0,0.0,0.0,0.0,0.0,0.0,0.0,0.0
2016-09-25,0.0,0.0,0.0,0.0,0.0,0.0,0.0,0.0
2016-09-26,0.0,0.0,0.0,0.0,0.0,0.0,0.0,0.0
2016-09-27,0.0,0.0,0.0,0.0,0.0,0.0,0.0,0.0
2016-09-28,0.0,0.0,0.0,0.0,0.0,0.0,0.0,0.0
2016-09-29,0.0,0.0,0.0,0.0,0.0,0.0,0.0,0.0
2016-09-30,0.0,0.0,0.0,0.0,0.0,0.0,0.0,0.0
2016-10-01,0.0,0.0,0.0,0.0,0.0,0.0,0.0,0.0
2016-10-02,0.0,0.0,0.0,0.0,0.0,0.0,0.0,0.0
2016-10-03,0.22916667,0.0,0.0,0.49473685,0.0,0.10067114,0.06329114,0.25287357
2016-10-04,0.35416666,0.0,0.0,0.73333335,0.0,0.17449665,0.067510545,0.45402297
2016-10-05,0.15277778,0.0,0.0,0.3614035,0.0,0.020134227,0.0,0.06321839
2016-10-06,0.090277776,0.0,0.0,0.19649123,0.0,0.0067114094,0.0,0.0
2016-10-07,0.0034722222,0.0,0.0,0.007017544,0.0,0.0,0.0,0.0
2016-10-08,0.0,0.0,0.0,0.0,0.0,0.0,0.0,0.0
2016-10-09,0.0,0.0,0.0,0.0,0.0,0.0,0.0,0.0
2016-10-10,0.0,0.0,0.0,0.0,0.0,0.0,0.0,0.0
2016-10-11,0.0,0.0,0.0,0.0,0.0,0.0,0.0,0.0
2016-10-12,0.0,0.0,0.0,0.0,0.0,0.0,0.0,0.0
2016-10-13,0.0,0.0,0.0,0.0,0.0,0.0,0.0,0.0
2016-10-14,0.0,0.0,0.0,0.0,0.0,0.0,0.0,0.0
2016-10-15,0.6076389,0.0,0.00625,0.0,0.0,0.0,0.0,0.48850575
2016-10-16,0.4409722,0.016129032,2.025,0.0,0.25974026,0.23489933,0.8312236,0.38505748
2016-10-17,6.732639,0.016129032,10.05,0.14736842,12.155844,5.932886,12.485232,2.5632184
2016-10-18,7.5555553,0.016129032,10.9125,0.19298245,14.246754,6.0201344,13.755274,2.6954024
2016-10-19,7.0555553,0.016129032,10.58125,0.16842106,13.961039,6.275168,13.679325,3.597701
2016-10-20,6.298611,0.008064516,10.95,0.0877193,12.564935,5.8255033,13.050632,2.954023
2016-10-21,5.3229165,0.0,9.25625,0.028070176,10.467532,4.885906,13.603375,2.005747
2016-10-22,4.013889,0.0,7.33125,0.0,7.0584416,4.248322,11.772152,1.4367816
2016-10-23,3.1493056,0.0,6.05625,0.0,4.987013,4.4966445,11.438819,1.0229886
2016-10-24,2.5659723,0.0,4.8875,0.0,3.7207792,3.9194632,10.147679,0.63793105
2016-10-25,2.5659723,0.0,4.6375,0.0,3.616883,4.6510067,9.940928,0.7126437
2016-10-26,2.1493056,0.0,4.23125,0.0,3.3376622,4.3892617,9.147679,0.54022986
2016-10-27,1.46875,0.0,3.2625,0.0,2.616883,3.8590603,7.7299576,0.27586207
2016-10-28,1.2013888,0.06451613,3.875,0.0,5.7272725,3.4496644,7.8059072,0.13218391
2016-10-29,1.0104166,1.0967742,5.40625,0.0,14.655844,3.7315435,10.016877,0.04597701
2016-10-30,0.7708333,1.2741935,5.05,0.0,16.461039,3.5369127,9.691983,0.0
2016-10-31,3.9513888,4.443548,9.875,0.09122807,29.207792,5.932886,16.202532,1.9942529
2016-11-01,4.329861,5.2419353,13.10625,1.8,33.22078,7.5771813,21.886076,3.7586207
2016-11-02,4.5729165,5.25,14.025,1.8350878,33.383118,7.95302,22.8481,3.6149426
2016-11-03,3.9513888,4.951613,12.99375,1.0877193,33.155846,7.3691278,22.43038,2.913793
2016-11-04,2.8506944,3.8064516,11.6125,0.8491228,32.363636,5.9597316,18.924051,1.6149426
2016-11-05,2.1423612,3.032258,10.0625,0.39649123,30.162338,5.8590603,16.675106,1.1034483
2016-11-06,1.53125,2.6451614,9.13125,0.1754386,27.402597,5.3154364,15.248945,0.7873563
2016-11-07,1.4826388,2.903226,8.70625,0.10526316,26.40909,5.114094,14.50633,0.5574713
2016-11-08,1.1284722,2.3548386,7.5375,0.06315789,23.636364,4.6979866,13.092827,0.22413793
2016-11-09,0.75,1.5645162,6.2125,0.014035088,19.753246,4.1744967,11.535865,0.0
2016-11-10,0.41666666,1.1370968,5.175,0.0,17.097403,3.5704699,10.135021,0.0
2016-11-11,0.22569445,0.88709676,4.30625,0.0,15.337663,3.0402684,8.9451475,0.0
2016-11-12,0.14583333,0.7580645,3.74375,0.0,14.071428,2.6442952,8.084388,0.0
2016-11-13,0.11805555,0.7096774,3.41875,0.0,13.344156,2.3825502,7.518987,0.0
2016-11-14,0.083333336,0.61290324,2.9125,0.0,12.428572,1.9932886,6.620253,0.0
2016-11-15,0.038194444,0.4516129,2.375,0.0,11.084415,1.4362416,5.4472575,0.0
2016-11-16,0.013888889,0.44354838,2.175,0.042105265,10.623377,1.2684563,4.9831223,0.33333334
2016-11-17,0.09375,0.3548387,2.3875,0.031578947,10.662337,1.0268457,5.1097045,0.70689654
2016-11-18,0.13541667,0.3548387,2.375,0.045614034,10.655844,1.0201342,5.316456,0.7011494
2016-11-19,0.052083332,0.3467742,2.35,0.41754386,10.623377,1.2416108,5.177215,0.4597701
2016-11-20,5.392361,0.4516129,2.2625,12.498245,10.538961,1.2885906,5.0168777,12.660919
2016-11-21,10.211805,0.7258065,4.125,13.842105,11.227273,2.932886,6.8016877,19.258621
2016-11-22,10.385417,2.2903225,5.14375,13.140351,12.402597,3.9597316,8.113924,19.798851
2016-11-23,12.597222,2.0403225,5.1375,20.870176,12.441559,4.8389263,8.341772,24.373564
2016-11-24,15.545139,2.0,7.45,22.842106,14.746754,8.087248,12.350211,26.488506
2016-11-25,15.586805,1.8225807,7.1875,22.912281,14.616883,7.6845636,12.063292,25.137932
2016-11-26,15.440972,1.5645162,6.625,23.989473,14.181818,7.543624,11.86076,28.155172
2016-11-27,25.600695,15.467742,21.7375,34.02807,33.175323,18.885906,26.35021,44.350574
2016-11-28,30.666666,34.903225,29.86875,35.694736,50.993507,24.95302,32.35443,46.79885
2016-11-29,31.305555,36.096775,30.55625,36.23158,55.909092,27.315435,34.27426,48.028736
2016-11-30,31.20139,35.60484,30.90625,35.350876,56.636364,27.536913,34.28692,48.632183
2016-12-01,31.180555,35.33871,30.54375,34.357895,55.5,28.335571,34.316456,48.770115
2016-12-02,30.913195,35.725807,29.625,32.838596,53.701298,28.369127,34.489452,48.011494
2016-12-03,30.864584,35.298386,29.49375,32.90877,54.81818,29.194632,34.4346,48.310345
2016-12-04,29.70486,35.048386,28.95625,32.97193,53.863636,29.073826,34.042194,47.229885
2016-12-05,28.975695,33.822582,28.59375,32.54035,55.012985,28.402685,33.83544,47.316093
2016-12-06,28.149305,32.05645,27.85,31.631578,54.79221,28.060402,33.683544,44.62644
2016-12-07,28.059029,32.072582,28.05,33.65263,54.31818,28.09396,33.590717,44.12644
2016-12-08,31.4375,32.903225,33.0125,42.449123,57.454544,34.073826,40.459915,49.557472
2016-12-09,31.79514,38.45968,36.28125,39.42807,66.83766,35.892616,43.772152,49.902298
2016-12-10,31.458334,36.524193,36.7375,37.298244,67.3961,37.43624,45.86076,49.11494
2016-12-11,38.322918,35.048386,46.56875,35.782455,89.55844,53.18792,64.658226,50.402298
2016-12-12,37.72222,32.080647,45.0875,35.754387,88.53896,52.677853,64.27848,49.787357
2016-12-13,36.583332,30.241936,44.35625,36.035088,87.90909,51.704697,63.80169,49.747128
2016-12-14,37.604168,28.620968,43.45,38.238598,88.06493,52.067116,63.767933,51.62644
2016-12-15,36.84375,26.024193,42.975,33.42105,87.733765,51.19463,63.599155,49.95977
2016-12-16,41.663193,72.17742,80.5625,42.85614,163.3961,64.21477,106.18987,52.408047
2016-12-17,40.75347,86.814514,82.20625,42.407017,169.91559,65.66443,105.05064,50.75862
2016-12-18,42.42361,88.298386,81.0,42.589474,169.31818,66.268456,107.73418,51.517242
2016-12-19,41.89236,88.451614,82.3875,42.273685,169.4935,67.34899,103.68355,51.91379
2016-12-20,41.84028,86.97581,81.04375,40.94386,167.87662,67.12752,104.261604,49.683907
2016-12-21,41.850693,83.41936,80.51875,44.526318,168.66234,66.02685,103.540085,52.86207
2016-12-22,42.024307,82.42742,80.7625,42.031578,168.75974,65.20805,104.0,53.67816
2016-12-23,39.98611,81.75,81.06875,42.68421,162.35065,66.24832,104.08017,57.71839
2016-12-24,53.506943,122.32258,90.3,57.48772,206.94806,77.966446,123.47257,73.86207
2016-12-25,54.708332,124.07258,90.8125,63.333332,198.40909,78.13423,122.81013,71.0115
2016-12-26,54.57639,125.72581,91.19375,59.066666,199.95454,78.34899,123.13502,66.695404
2016-12-27,54.71875,125.95968,91.83125,57.65965,198.41559,78.718124,123.32912,67.5977
2016-12-28,54.93403,125.51613,91.1875,60.038597,199.03896,78.51678,122.662445,68.005745
2016-12-29,53.69097,125.33871,89.7625,55.72281,200.27922,77.22147,124.48523,64.89081
2016-12-30,50.96875,125.314514,92.24375,54.245613,199.53247,76.033554,120.55696,65.17242
2016-12-31,50.274307,131.08871,89.35625,52.57193,197.58441,75.04027,123.48945,70.735634
2017-01-01,50.20139,133.16936,91.58125,51.62456,199.62987,74.557045,120.1519,70.83908
2017-01-02,54.10764,133.1371,89.1375,66.44211,197.54546,75.342285,121.44726,75.706894
2017-01-03,74.0625,134.89516,89.7875,85.049126,195.36363,83.52349,125.64979,112.44253
2017-01-04,94.00347,151.34677,108.6125,112.26316,237.51299,107.919464,150.3038,143.78735
2017-01-05,111.62153,212.9758,143.76875,124.88421,303.22726,138.62416,179.00844,166.72989
2017-01-06,118.333336,229.92741,147.4875,121.41403,309.7013,142.25504,186.22363,163.05173
2017-01-07,118.677086,233.08871,151.1125,134.3158,311.11688,143.2953,184.1308,159.67241
2017-01-08,127.673615,275.0242,184.76875,151.27368,390.38962,160.93959,214.03375,176.77011
2017-01-09,128.54514,296.9113,201.95625,144.93684,430.9026,178.52348,245.57806,169.51149
2017-01-10,141.57292,301.80646,217.95625,169.79298,467.87662,199.91946,266.22784,197.18391
2017-01-11,175.3368,327.28226,247.11874,210.7965,525.1883,240.42953,300.11392,232.66667
2017-01-12,187.38542,340.49194,274.1,214.69473,563.94806,259.7047,315.7595,241.38506
2017-01-13,194.87152,362.76614,282.675,215.97543,593.9286,271.67786,327.34177,245.18965
2017-01-14,194.70139,364.6129,282.0,212.23509,588.5325,273.85907,327.91562,243.1954
2017-01-15,194.4618,364.69354,280.5125,224.54736,597.25323,275.19464,327.70465,242.68391
2017-01-16,194.44098,364.44354,280.21875,220.69122,583.3831,276.36243,321.88187,242.01149
2017-01-17,194.22223,364.1613,275.90625,215.81755,584.474,276.9933,327.45993,242.50575
2017-01-18,194.15277,367.66934,276.575,230.16492,583.0974,277.9933,320.27426,247.27586
2017-01-19,205.70486,395.08066,292.18124,243.5193,627.0844,299.51678,345.98312,266.05746
2017-01-20,224.15277,417.7258,298.74374,276.54034,651.7273,319.32886,356.91562,299.22415
2017-01-21,242.24306,470.87097,321.1125,305.33334,699.1039,356.7114,385.20676,310.2299
2017-01-22,256.4375,483.37097,320.80624,323.60352,726.9091,373.4161,394.09283,325.1207
2017-01-23,283.67014,529.1774,344.65,326.44913,796.82465,413.0671,431.02533,372.06323
2017-01-24,293.7604,547.4355,346.775,323.17194,821.9286,423.77853,437.7384,358.43103
2017-01-25,293.67014,547.7823,414.625,333.25262,836.82465,423.7114,437.9958,355.3046
2017-01-26,293.68402,548.379,415.975,337.05264,854.75323,423.78525,436.97467,356.78162
2017-01-27,293.42014,548.621,391.96875,335.3193,839.7013,424.59732,437.1983,361.44254
2017-01-28,293.34027,549.5323,394.775,335.27368,844.2013,424.4564,442.77216,353.0977
2017-01-29,292.35416,548.9274,393.2375,334.58948,844.07794,422.4094,431.03375,353.9885
2017-01-30,286.9375,547.0726,411.85626,334.78946,846.93506,419.59732,438.8734,343.61493
2017-01-31,287.06946,544.0484,409.38126,341.25613,843.9545,416.1074,436.78058,356.43677
2017-02-01,286.23264,542.9113,408.125,334.11227,827.8312,413.5302,434.97046,360.44254
2017-02-02,285.45834,541.64514,412.2625,338.02106,832.7857,413.63757,428.31223,357.35632
2017-02-03,288.9861,543.89514,415.7375,344.5263,841.8052,419.80536,435.86075,356.2586
2017-02-04,297.85764,553.4516,425.03125,353.23157,870.9805,431.8322,444.65823,387.91953
2017-02-05,298.39584,553.4355,424.96875,350.3158,885.07794,432.349,442.9325,371.08047
2017-02-06,302.28473,566.7823,434.45,354.37894,881.93506,440.4765,455.7173,378.5
2017-02-07,316.9861,593.5806,451.54376,370.09122,902.5714,463.7047,477.21518,397.2701
2017-02-08,324.05554,621.1613,472.475,367.54385,942.4156,478.38925,502.173,410.32184
2017-02-09,330.34723,618.54034,477.9125,358.79648,946.24023,477.95972,508.20255,398.41953
2017-02-10,332.1771,614.74194,443.7875,342.6491,950.66235,491.43625,526.8608,415.6954
2017-02-11,341.4618,630.5887,453.15625,345.10175,990.5585,512.20135,542.89453,395.73563
2017-02-12,342.54514,631.9677,456.45624,339.1614,992.8312,515.79193,542.2869,395.8161
2017-02-13,341.84027,631.5242,497.5625,351.89124,1024.013,517.58386,548.16455,397.37357
2017-02-14,340.7743,630.4113,501.03125,338.56842,1026.065,518.84564,538.4641,397.32184
2017-02-15,338.69446,625.10486,496.425,328.22455,1023.2013,517.89264,546.4515,393.93677
2017-02-16,336.71875,625.49194,499.03125,322.26666,1022.513,516.24835,535.2869,393.6954
2017-02-17,338.43054,627.74194,498.79376,326.01053,1026.6624,517.2215,542.9283,399.60345
2017-02-18,342.57986,651.2177,513.6312,326.4,1062.3441,526.0403,551.36285,410.40805
2017-02-19,343.81598,654.9758,517.8063,346.21753,1065.2598,528.5168,551.9156,409.23563
2017-02-20,349.75,660.121,523.3,372.50174,1077.7792,536.90607,562.7384,424.40805
2017-02-21,375.40625,671.5484,545.4,402.1544,1117.6624,565.8255,590.2025,468.2414
2017-02-22,397.78125,679.74194,558.2375,396.51578,1141.4546,590.14764,611.6582,514.02875
2017-02-23,403.90625,681.0968,559.1,398.46317,1142.2402,595.92615,616.70044,488.12643
2017-02-24,404.95486,682.879,561.125,391.73334,1139.5325,597.37585,617.22363,487.9253
2017-02-25,406.1632,679.4113,561.34375,398.85263,1140.5,598.0403,617.5485,481.94827
2017-02-26,406.86804,683.5887,563.2438,396.51578,1142.448,598.15436,612.2152,484.0862
2017-02-27,409.52084,683.7661,562.3063,411.60352,1147.1948,603.4094,619.50214,500.71265
2017-02-28,412.0729,680.1613,566.3688,428.44913,1150.2533,606.9396,622.4515,489.9885
2017-03-01,411.47916,680.4516,567.85626,407.8737,1151.6559,607.3087,618.83545,484.1839
2017-03-02,410.84027,685.129,565.9625,407.6842,1149.7792,606.5168,619.16034,484.32184
2017-03-03,409.44098,683.0484,563.25,398.7193,1149.474,604.62415,618.3375,487.29886
2017-03-04,408.4271,681.2016,563.025,398.85614,1146.8052,603.1275,617.44305,492.94254
2017-03-05,420.8125,677.50806,560.625,407.0702,1145.7142,607.93286,622.6751,519.33905
2017-03-06,435.20834,694.6129,590.78125,419.89474,1182.617,627.2349,636.09705,535.6724
2017-03-07,441.0382,693.0323,578.64374,405.54736,1177.1364,629.45636,636.7173,526.34485
2017-03-08,440.2882,693.0726,577.4875,430.35788,1177.7792,629.54364,636.5949,526.21265
2017-03-09,434.2257,688.64514,574.6937,413.77194,1172.8896,625.2617,634.6582,519.0862
2017-03-10,428.5382,681.9677,572.53125,406.49475,1170.7858,621.651,633.24896,515.0345
2017-03-11,424.55902,674.9274,571.3187,396.01404,1168.9286,619.03357,631.4852,510.11493
2017-03-12,417.99304,668.629,569.1312,385.52982,1165.9935,615.27515,627.4515,487.33334
2017-03-13,415.59723,661.29034,565.28125,377.90527,1160.7013,611.07385,625.9451,499.52875
2017-03-14,407.48264,647.29034,561.0125,376.74387,1155.5,606.396,625.14343,475.91953
2017-03-15,397.8854,635.44354,560.525,359.58948,1149.9155,598.255,623.4008,497.32184
2017-03-16,392.59027,624.2823,557.41876,366.88422,1140.7662,590.3423,620.2658,517.0575
2017-03-17,388.06946,616.9677,555.3187,355.44562,1134.883,582.89264,618.4346,512.82184
2017-03-18,381.7396,606.25,552.8688,341.0877,1131.3182,574.7718,617.3249,507.09195
2017-03-19,378.2257,597.89514,551.9125,332.1193,1129.3636,569.255,616.6118,503.4023
2017-03-20,372.96875,586.621,550.3187,319.89474,1125.565,562.396,615.73,497.97702
2017-03-21,370.25696,579.54034,547.98126,311.2421,1121.7273,558.0537,614.9789,497.40805
2017-03-22,370.1354,580.0968,552.2375,306.0316,1137.2208,565.3154,626.43036,494.76437
2017-03-23,375.22223,582.0323,554.1188,309.76492,1142.0065,574.9933,623.81433,501.6494
2017-03-24,375.4618,582.4274,554.75,308.6351,1142.9675,576.3624,623.0549,503.52298
2017-03-25,383.16666,582.64514,559.9875,313.90176,1158.117,584.4362,628.63715,518.6322
2017-03-26,382.5139,581.99194,561.0,312.25262,1160.4546,584.3893,627.55273,515.3046
2017-03-27,385.42014,579.9516,561.0687,315.89474,1162.3116,586.44965,628.3249,521.65515
2017-03-28,386.875,580.39514,558.5875,315.29825,1161.7792,587.02014,626.2743,523.3563
2017-03-29,385.375,579.0968,554.15625,311.25964,1158.2013,585.6846,623.1519,519.4828
2017-03-30,382.36804,573.1855,548.5,300.45966,1149.3247,580.5168,621.8692,519.41956
2017-03-31,381.02777,574.94354,546.525,299.99298,1151.461,579.90607,620.44727,515.4828
2017-04-01,380.125,575.25806,542.34375,295.51578,1150.2402,580.4094,617.0717,511.50574
2017-04-02,376.47223,570.7177,537.64374,280.58948,1143.3247,574.79193,612.90717,508.2701
2017-04-03,372.89236,564.5484,533.1,268.65262,1134.974,564.5101,609.346,502.18967
2017-04-04,369.47916,560.49194,529.775,260.90176,1130.2078,560.2148,606.50635,493.85632
2017-04-05,365.00348,554.5806,524.71875,248.69473,1123.909,555.79193,602.85657,487.0977
2017-04-06,359.14236,546.2177,519.2875,233.80351,1116.6104,547.604,599.6709,481.8506
2017-04-07,361.25696,541.1371,523.4625,242.17194,1131.3961,550.15436,607.2405,488.00574
2017-04-08,369.46527,560.8226,531.9625,263.86667,1181.7598,576.75165,620.7257,502.8793
2017-04-09,376.69098,570.2984,535.2562,267.78247,1198.8312,589.1812,623.9409,508.58047
2017-04-10,378.2986,558.44354,530.6125,281.88422,1197.7662,592.8121,611.6034,510.01724
2017-04-11,376.8889,552.9677,519.275,279.00702,1193.3376,593.3356,605.519,507.85632
2017-04-12,375.66666,550.2258,515.1625,277.93332,1187.948,592.7651,602.89874,507.76437
2017-04-13,376.71875,543.2742,509.63126,274.58948,1182.052,590.71814,602.63293,518.87933
2017-04-14,386.1111,543.5806,504.38126,282.5614,1188.539,610.047,606.9831,522.73566
2017-04-15,385.62848,541.5242,501.325,283.1579,1191.448,612.67114,604.5443,521.6149
2017-04-16,382.4132,535.0806,495.325,276.7544,1188.0454,609.6846,601.18567,520.3851
2017-04-17,380.04166,527.871,488.26874,270.45966,1188.0779,608.6644,601.8734,524.93677
2017-04-18,377.33334,522.8871,480.5375,264.73334,1189.5454,609.32886,603.81433,519.0
2017-04-19,373.29166,531.4113,472.81876,257.23157,1198.9155,611.3893,600.50214,506.13217
2017-04-20,369.8264,516.95966,463.5,251.28421,1196.1039,610.49664,595.4346,500.49426
2017-04-21,367.2361,514.6613,458.49374,248.3614,1192.052,608.71814,592.2152,499.83334
2017-04-22,361.12848,499.55646,451.475,237.37544,1183.435,601.44965,589.654,495.0862
2017-04-23,354.49304,501.7258,442.33124,228.1228,1172.9286,592.953,586.9578,483.8793
2017-04-24,348.46527,497.8145,435.3875,219.8807,1163.617,588.10736,584.9156,471.39655
2017-04-25,347.10416,495.8871,427.725,218.2807,1156.1104,587.5638,583.6076,471.6839
2017-04-26,344.25348,493.6855,414.8375,213.83157,1134.1884,585.604,580.75104,468.97702
2017-04-27,340.03125,488.2984,404.9,207.70526,1120.448,579.96643,578.37134,466.54022
2017-04-28,334.65625,484.51614,396.16876,202.50877,1106.487,575.5369,575.827,459.41953
2017-04-29,330.8854,483.0484,385.575,197.75438,1093.7792,572.7852,572.77216,445.14368
2017-04-30,326.52084,479.74194,373.96875,187.6772,1078.987,568.1879,569.03796,456.77585
2017-05-01,318.34723,467.4355,364.26874,175.5965,1066.7142,556.24164,565.6034,446.27585
2017-05-02,308.06946,447.99194,350.7875,162.22807,1051.8376,545.2617,560.37134,432.74713
2017-05-03,296.62848,437.69354,341.6625,147.92632,1031.9415,535.38257,554.35864,417.28162
2017-05-04,274.125,423.8629,332.34375,132.89473,1015.53894,524.73157,542.865,408.2414
2017-05-05,260.2396,409.09677,318.1625,119.761406,992.0909,513.89264,527.1772,396.16666
2017-05-06,249.8507,400.96774,305.95624,111.70877,967.83765,504.53693,522.4346,383.28735
2017-05-07,247.15625,402.8145,292.9125,109.34035,945.0585,500.7651,557.42615,393.86206
2017-05-08,242.57986,403.00806,291.11874,103.09824,934.06494,497.2953,556.3502,387.55173
2017-05-09,235.93056,401.6129,289.80624,96.778946,913.0844,490.42953,554.68353,379.25287
2017-05-10,227.30208,394.50806,288.7125,89.617546,901.33765,481.6443,550.30804,371.63217
2017-05-11,218.40973,408.92743,283.55,79.59298,880.5195,468.2416,550.4768,366.20114
2017-05-12,211.10764,402.8871,278.2875,74.61404,862.013,460.91275,546.44727,356.59195
2017-05-13,206.93402,402.21774,273.6625,71.063156,847.1039,458.48322,545.5654,351.3908
2017-05-14,204.69792,398.99194,272.225,66.50877,832.55194,457.10068,544.4177,349.50574
2017-05-15,202.79514,396.5403,269.91876,63.477192,817.6039,455.3557,543.519,349.88507
2017-05-16,200.3993,365.83066,270.64374,58.72281,807.5455,453.57047,543.616,345.93677
2017-05-17,199.96527,394.4355,268.98126,56.270176,806.42206,452.9933,545.0422,345.7586
2017-05-18,197.98264,393.15323,269.50626,52.687717,802.25977,451.14764,544.42194,339.3793
2017-05-19,193.82639,389.0,266.6875,48.259647,794.7013,447.68457,541.94934,331.67242
2017-05-20,186.55556,383.65323,263.5,43.305264,783.85065,440.77182,536.9789,320.99426
2017-05-21,175.36458,373.24194,270.1375,38.48421,765.70776,431.61746,528.77216,308.79886
2017-05-22,167.01389,360.44354,253.46875,43.354385,729.3312,421.20807,519.97046,297.13217
2017-05-23,157.96527,345.67743,242.9375,34.814034,702.1429,409.8322,508.7595,285.97125
2017-05-24,147.55208,328.7984,235.51875,29.263159,682.474,396.86578,496.59073,274.3908
2017-05-25,137.97917,315.85483,222.96875,26.091228,655.35065,375.61075,486.98312,263.50574
2017-05-26,126.90972,305.6855,215.5,24.392982,636.1818,364.32214,481.59073,254.31609
2017-05-27,114.25347,299.25806,196.25,22.968422,602.3831,354.87918,476.16034,246.71838
2017-05-28,106.27778,289.07257,181.4875,20.663158,577.29224,344.89932,469.5696,235.77586
2017-05-29,99.364586,276.71774,175.775,17.74386,562.75323,332.97986,459.38818,220.61494
2017-05-30,92.229164,264.87097,180.01875,14.814035,560.5714,320.04028,447.31647,201.41379
2017-05-31,85.75694,251.91129,205.9625,12.940351,562.6948,308.349,443.6076,185.41379
2017-06-01,82.31597,248.57259,204.6625,12.05614,549.3442,301.42282,439.17722,178.79884
2017-06-02,77.80556,236.57259,201.04375,10.824561,529.6688,295.57047,432.23206,168.81035
2017-06-03,69.232635,223.33871,238.425,9.101754,509.33768,286.66443,431.79745,153.82184
2017-06-04,62.569443,209.69354,230.0375,7.6210527,512.16235,274.79193,405.25317,133.6954
2017-06-05,57.5625,198.42741,225.51875,6.57193,483.64935,263.5235,365.45148,120.33908
2017-06-06,51.96528,187.54033,217.8625,5.6877193,464.7857,252.47652,353.3038,103.29885
2017-06-07,47.29861,177.39516,209.5625,4.968421,445.24677,240.90604,341.01266,92.5115
2017-06-08,45.12847,171.19354,202.0,4.659649,426.16232,230.51678,329.23206,84.75288
2017-06-09,42.368057,159.10484,197.95,4.5789475,415.38312,224.55034,323.0422,82.0
2017-06-10,39.65625,148.95967,194.21875,4.4701753,406.02597,218.39597,319.4557,79.91954
2017-06-11,38.180557,124.34677,192.775,4.4035087,399.77274,214.38255,317.31647,78.0115
2017-06-12,36.336807,105.08871,115.01875,4.866667,355.25974,215.67114,308.72574,78.63793
2017-06-13,36.92014,94.379036,137.45,4.5473685,370.24677,217.2282,306.33334,79.29885
2017-06-14,37.256943,100.90323,191.1875,4.305263,390.81168,217.78523,312.66666,75.333336
2017-06-15,34.35764,96.75,184.73125,3.954386,379.24026,210.42953,303.3038,67.373566
2017-06-16,31.104166,91.15323,176.11874,3.5649123,362.7922,193.6443,289.86075,57.442528
2017-06-17,27.177084,83.76613,173.78125,3.0421052,343.7987,177.51678,286.58228,47.833332
2017-06-18,24.0,99.92742,160.4125,2.4561403,310.4026,160.9463,265.5696,38.87931
2017-06-19,20.371529,87.951614,147.58125,1.9894737,277.513,144.67114,245.01688,30.54023
2017-06-20,16.340279,75.46774,132.65625,1.5754386,254.2013,127.8859,224.47679,22.626436
2017-06-21,12.371528,64.435486,118.5,1.2210526,231.94156,111.979866,209.61182,15.327586
2017-06-22,9.892361,54.241936,106.08125,0.84210527,216.94156,96.630875,167.76793,11.798851
2017-06-23,8.232639,48.298386,94.7,0.47368422,198.07793,82.557045,154.5021,9.896552
2017-06-24,6.21875,42.282257,83.8125,0.09824561,221.57143,75.181206,136.47679,6.4770117
2017-06-25,4.03125,35.548386,73.60625,0.0,205.74675,64.94631,123.223625,3.678161
2017-06-26,2.3090277,30.330645,64.9125,0.0,189.35065,53.778522,111.2827,1.4827586
2017-06-27,1.3645834,27.016129,58.54375,0.0,177.64935,47.94631,102.459915,0.7586207
2017-06-28,0.8020833,24.362904,53.0375,0.0,168.64935,43.62416,95.14768,0.14942528
2017-06-29,0.45833334,22.35484,47.70625,0.0,150.4935,40.19463,88.333336,0.0
2017-06-30,0.28819445,20.096775,41.9,0.0,138.96104,32.449665,80.31223,0.0
2017-07-01,0.08680555,17.782259,35.66875,0.0,126.2013,26.825504,71.24895,0.0
2017-07-02,0.0,16.153225,30.48125,0.0,114.56493,23.134228,62.72152,0.0
2017-07-03,0.0,14.5,25.80625,0.0,104.92857,18.711409,52.970463,0.0
2017-07-04,0.0,13.0161295,22.5375,0.0,93.81169,14.322147,44.232067,0.0
2017-07-05,0.0,11.532258,19.925,0.0,82.44805,12.0,37.881855,0.0
2017-07-06,0.0,9.967742,17.5875,0.0,71.88961,9.691276,31.405064,0.0
2017-07-07,0.0,8.169354,14.925,0.0,59.967533,7.57047,25.472574,0.0
2017-07-08,0.0,6.556452,12.08125,0.0,49.18182,5.677852,19.704641,0.0
2017-07-09,0.0,4.653226,8.7125,0.0,38.103897,3.7651007,14.468354,0.0
2017-07-10,0.0,3.5887096,7.05,0.0,30.311687,2.033557,10.71308,0.0
2017-07-11,0.0,2.637097,5.65625,0.0,24.701298,1.1006712,8.14346,0.0
2017-07-12,0.0,2.0725806,4.48125,0.0,20.454546,0.66442955,6.042194,0.0
2017-07-13,0.0,1.5403225,3.54375,0.0,16.532467,0.30201343,4.3459916,0.0
2017-07-14,0.0,1.1935484,2.525,0.0,12.707792,0.0,2.6413503,0.0
2017-07-15,0.0,0.9435484,1.8375,0.0,9.616883,0.0,1.2742616,0.0
2017-07-16,0.0,0.6451613,1.25625,0.0,7.051948,0.0,0.56962025,0.0
2017-07-17,0.0,0.32258064,0.94375,0.0,5.3116884,0.0,0.16033755,0.0
2017-07-18,0.0,0.032258064,0.68125,0.0,3.8636363,0.0,0.0,0.0
2017-07-19,0.0,0.0,0.45,0.0,2.8766234,0.0,0.0,0.0
2017-07-20,0.0,0.0,0.2125,0.0,2.3051949,0.0,0.0,0.0
2017-07-21,0.0,0.0,0.0,0.0,1.9090909,0.0,0.0,0.0
2017-07-22,0.0,0.0,0.0,0.0,1.4805195,0.0,0.0,0.0
2017-07-23,0.0,0.0,0.0,0.0,0.91558444,0.0,0.0,0.0
2017-07-24,0.0,0.0,0.0,0.0,0.44155845,0.0,0.0,0.0
2017-07-25,0.0,0.0,0.0,0.0,0.24025974,0.0,0.0,0.0
2017-07-26,0.0,0.0,0.0,0.0,0.051948052,0.0,0.0,0.0
2017-07-27,0.0,0.0,0.0,0.0,0.0,0.0,0.0,0.0
2017-07-28,0.0,0.0,0.0,0.0,0.0,0.0,0.0,0.0
2017-07-29,0.0,0.0,0.0,0.0,0.0,0.0,0.0,0.0
2017-07-30,0.0,0.0,0.0,0.0,0.0,0.0,0.0,0.0
2017-07-31,0.0,0.0,0.0,0.0,0.0,0.0,0.0,0.0
2017-08-01,0.0,0.0,0.0,0.0,0.0,0.0,0.0,0.0
2017-08-02,0.0,0.0,0.0,0.0,0.0,0.0,0.0,0.0
2017-08-03,0.0,0.0,0.0,0.0,0.0,0.0,0.0,0.0
2017-08-04,0.0,0.0,0.0,0.0,0.0,0.0,0.0,0.0
2017-08-05,0.0,0.0,0.0,0.0,0.0,0.0,0.0,0.0
2017-08-06,0.0,0.0,0.0,0.0,0.0,0.0,0.0,0.0
2017-08-07,0.0,0.0,0.0,0.0,0.0,0.0,0.0,0.0
2017-08-08,0.0,0.0,0.0,0.0,0.0,0.0,0.0,0.0
2017-08-09,0.0,0.0,0.0,0.0,0.0,0.0,0.0,0.0
2017-08-10,0.0,0.0,0.0,0.0,0.0,0.0,0.0,0.0
2017-08-11,0.0,0.0,0.0,0.0,0.0,0.0,0.0,0.0
2017-08-12,0.0,0.0,0.0,0.0,0.0,0.0,0.0,0.0
2017-08-13,0.0,0.0,0.0,0.0,0.0,0.0,0.0,0.0
2017-08-14,0.0,0.0,0.0,0.0,0.0,0.0,0.0,0.0
2017-08-15,0.0,0.0,0.0,0.0,0.0,0.0,0.0,0.0
2017-08-16,0.0,0.0,0.0,0.0,0.0,0.0,0.0,0.0
2017-08-17,0.0,0.0,0.0,0.0,0.0,0.0,0.0,0.0
2017-08-18,0.0,0.0,0.0,0.0,0.0,0.0,0.0,0.0
2017-08-19,0.0,0.0,0.0,0.0,0.0,0.0,0.0,0.0
2017-08-20,0.0,0.0,0.0,0.0,0.0,0.0,0.0,0.0
2017-08-21,0.0,0.0,0.0,0.0,0.0,0.0,0.0,0.0
2017-08-22,0.0,0.0,0.0,0.0,0.0,0.0,0.0,0.0
2017-08-23,0.0,0.0,0.0,0.0,0.0,0.0,0.0,0.0
2017-08-24,0.0,0.0,0.0,0.0,0.0,0.0,0.0,0.0
2017-08-25,0.0,0.0,0.0,0.0,0.0,0.0,0.0,0.0
2017-08-26,0.0,0.0,0.0,0.0,0.0,0.0,0.0,0.0
2017-08-27,0.0,0.0,0.0,0.0,0.0,0.0,0.0,0.0
2017-08-28,0.0,0.0,0.0,0.0,0.0,0.0,0.0,0.0
2017-08-29,0.0,0.0,0.0,0.0,0.0,0.0,0.0,0.0
2017-08-30,0.0,0.0,0.0,0.0,0.0,0.0,0.0,0.0
2017-08-31,0.0,0.0,0.0,0.0,0.0,0.0,0.0,0.0
2017-09-01,0.0,0.0,0.0,0.0,0.0,0.0,0.0,0.0
2017-09-02,0.0,0.0,0.0,0.0,0.0,0.0,0.0,0.0
2017-09-03,0.0,0.0,0.0,0.0,0.0,0.0,0.0,0.0
2017-09-04,0.0,0.0,0.0,0.0,0.0,0.0,0.0,0.0
2017-09-05,0.0,0.0,0.0,0.0,0.0,0.0,0.0,0.0
2017-09-06,0.0,0.0,0.0,0.0,0.0,0.0,0.0,0.0
2017-09-07,0.0,0.0,0.0,0.0,0.0,0.0,0.0,0.0
2017-09-08,0.0,0.0,0.0,0.0,0.0,0.0,0.0,0.0
2017-09-09,0.0,0.0,0.0,0.0,0.0,0.0,0.0,0.0
2017-09-10,0.0,0.0,0.0,0.0,0.0,0.0,0.0,0.0
2017-09-11,0.0,0.0,0.0,0.0,0.0,0.0,0.0,0.0
2017-09-12,0.0,0.0,0.0,0.0,0.0,0.0,0.0,0.0
2017-09-13,0.0,0.0,0.0,0.0,0.0,0.0,0.0,0.0
2017-09-14,0.0,0.0,0.0,0.0,0.0,0.0,0.0,0.0
2017-09-15,0.0,0.0,0.0,0.0,0.0,0.0,0.0,0.0
2017-09-16,0.0,0.0,0.0,0.0,0.0,0.0,0.0,0.0
2017-09-17,0.0,0.0,0.0,0.0,0.0,0.0,0.0,0.0
2017-09-18,0.0,0.0,0.0,0.0,0.0,0.0,0.0,0.0
2017-09-19,0.0,0.0,0.0,0.0,0.0,0.0,0.0,0.0
2017-09-20,0.0,0.0,0.0,0.0,0.0,0.0,0.0,0.0
2017-09-21,0.017361112,0.0,0.075,0.0,0.46753246,0.12751678,0.03797468,0.0
2017-09-22,0.6840278,2.217742,1.33125,0.0,4.090909,0.48322147,2.1729958,0.8218391
2017-09-23,0.6736111,2.0564516,1.6125,0.0,4.0844154,0.53691274,1.8607595,0.7011494
2017-09-24,0.44444445,1.733871,1.43125,0.0,3.831169,0.6442953,1.7932489,0.20689656
2017-09-25,0.090277776,1.3064516,1.06875,0.0,3.4285715,0.58389264,1.9578059,0.01724138
2017-09-26,0.024305556,1.2741935,0.4625,0.0,3.4025974,0.30872482,1.3966244,0.0
2017-09-27,0.0,0.62096775,0.1375,0.0,2.4935064,0.2147651,0.71308017,0.0
2017-09-28,0.0,0.2580645,0.0625,0.0,1.3181819,0.033557046,0.16877638,0.0
2017-09-29,0.0,0.05645161,0.0,0.0,0.35064936,0.0,0.0,0.0
2017-09-30,0.0,0.024193548,0.0,0.0,0.097402595,0.0,0.0,0.0
2017-10-01,0.0,0.008064516,0.0,0.0,0.0064935065,0.0,0.0,0.0
2017-10-02,0.0,0.0,0.0,0.0,0.0,0.0,0.0,0.0
2017-10-03,0.0,0.0,0.0,0.0,0.0,0.0,0.0,0.0
2017-10-04,0.0,0.0,0.0,0.0,0.0,0.1409396,0.22362868,0.0
2017-10-05,0.0,0.0,0.0,0.0,0.0,0.16107382,0.12236287,0.0
2017-10-06,0.0,0.0,0.0,0.0,0.0,0.0,0.0,0.0
2017-10-07,0.0,0.0,0.0,0.0,0.0,0.0,0.0,0.0
2017-10-08,0.0,0.0,0.0,0.0,0.0,0.0,0.0,0.0
2017-10-09,0.0,0.0,0.0,0.0,0.0,0.0,0.0,0.0
2017-10-10,0.0,0.0,0.0,0.0,0.0,0.0,0.0,0.0
2017-10-11,0.0,0.0,0.0,0.0,0.0,0.0,0.0,0.0
2017-10-12,0.0,0.0,0.0,0.0,0.0,0.0,0.0,0.0
2017-10-13,0.0,0.0,0.0,0.0,0.0,0.0,0.0,0.0
2017-10-14,0.0,0.0,0.0,0.0,0.0,0.0,0.0,0.0
2017-10-15,0.0,0.0,0.0,0.0,0.0,0.0,0.0,0.0
2017-10-16,0.0,0.0,0.0,0.0,0.0,0.0,0.0,0.0
2017-10-17,0.0,0.0,0.0,0.0,0.0,0.0,0.0,0.0
2017-10-18,0.0,0.0,0.0,0.0,0.0,0.0,0.0,0.0
2017-10-19,0.0,0.0,0.0,0.0,0.0,0.0,0.0,0.0
2017-10-20,0.0,0.0,0.00625,1.0807017,0.0,0.0,0.0,0.6896552
2017-10-21,1.09375,0.12096774,0.71875,1.3789474,2.2142856,0.94630873,1.185654,1.1666666
2017-10-22,0.5486111,0.11290322,0.21875,0.97894734,1.1623377,0.2818792,0.46413502,0.66091955
2017-10-23,0.010416667,0.0,0.0,0.3017544,0.038961038,0.0,0.0,0.0
2017-10-24,0.0,0.0,0.0,0.0,0.0,0.0,0.0,0.0
2017-10-25,0.0,0.0,0.0,0.0,0.0,0.0,0.0,0.0
2017-10-26,0.0,0.0,0.0,0.0,0.0,0.0,0.0,0.0
2017-10-27,0.0,0.0,0.0,0.0,0.0,0.0,0.0,0.0
2017-10-28,0.0,0.0,0.0,0.0,0.0,0.0,0.0,0.0
2017-10-29,0.0,0.0,0.0,0.0,0.0,0.0,0.0,0.0
2017-10-30,0.0,0.0,0.0,0.0,0.0,0.0,0.0,0.0
2017-10-31,0.0,0.0,0.0,0.0,0.0,0.0,0.0,0.0
2017-11-01,0.0,0.0,0.0,0.0,0.0,0.0,0.0,0.0
2017-11-02,0.0,0.0,0.0,0.0,0.0,0.0,0.0,0.0
2017-11-03,0.0,0.0,0.0,0.0,0.0,0.0,0.0,0.0
2017-11-04,0.8958333,0.0,0.15,1.8350878,0.0064935065,0.0,0.0,7.097701
2017-11-05,3.0798612,0.0,0.68125,3.3649123,0.032467533,0.96644294,0.42194092,12.862069
2017-11-06,3.1215277,0.2580645,0.7375,3.4210527,0.032467533,1.033557,0.61603373,12.71839
2017-11-07,2.90625,0.27419356,0.6875,3.7508771,0.032467533,0.9395973,0.56962025,11.95977
2017-11-08,2.4652777,0.25,0.50625,3.7614036,0.012987013,0.5771812,0.35443038,11.74138
2017-11-09,2.8229167,0.24193548,0.3125,3.4561403,0.0,0.44295302,0.38818565,12.908046
2017-11-10,3.3819444,0.24193548,0.2875,3.2701755,0.0,1.8120805,0.9746835,13.632184
2017-11-11,3.3263888,0.24193548,0.2875,3.2736843,0.0,1.6040268,0.9451477,13.362069
2017-11-12,3.1319444,0.24193548,0.26875,3.5894737,0.0,1.2818792,0.8649789,12.41954
2017-11-13,2.7118056,0.27419356,0.15,3.1859648,0.0,0.7315436,0.6455696,11.793103
2017-11-14,3.3194444,0.24193548,0.1125,3.8701754,0.0,1.0738255,0.8270042,10.91954
2017-11-15,3.1701388,0.23387097,0.09375,3.7719297,0.0,0.9261745,0.83966243,10.160919
2017-11-16,10.107639,0.30645162,2.4,12.014035,2.7012987,8.959731,9.772152,23.201149
2017-11-17,19.35764,8.290322,17.4875,12.5438595,26.253246,27.543625,34.189873,30.333334
2017-11-18,19.527779,16.32258,17.925,13.024561,29.487013,29.899328,38.08439,31.362068
2017-11-19,20.34375,16.016129,17.55625,12.740351,30.175325,28.791946,36.86498,31.149426
2017-11-20,20.097221,15.306452,17.46875,12.431579,29.649351,28.275167,36.93671,28.994253
2017-11-21,20.427084,13.532258,17.24375,11.610526,28.922077,30.120806,38.99156,30.83908
2017-11-22,19.072916,9.862904,16.3,10.063158,26.077923,28.691275,38.409283,28.649426
2017-11-23,16.57986,5.451613,17.4125,9.294737,23.467533,27.04698,37.13502,26.385057
2017-11-24,14.763889,3.8790324,14.7625,7.3473682,19.292208,25.288591,34.49789,24.821838
2017-11-25,13.614583,3.0403225,12.925,6.164912,16.655844,23.241611,30.565401,23.431034
2017-11-26,12.385417,1.798387,10.4125,6.017544,13.311688,21.832214,27.835443,21.816092
2017-11-27,16.027779,2.967742,14.7875,6.0561404,19.766233,28.530201,40.22363,22.988506
2017-11-28,17.25,8.846774,14.5,6.389474,29.74026,32.892616,43.240505,24.344828
2017-11-29,17.184029,8.032258,14.3125,6.094737,29.344156,33.838924,42.189873,23.95977
2017-11-30,17.024305,7.475806,14.70625,5.877193,28.77922,32.644295,41.898735,23.494253
2017-12-01,16.756945,6.967742,16.54375,5.6350875,27.805195,31.510067,40.907173,23.051723
2017-12-02,16.586805,6.717742,16.11875,5.5649123,26.857143,31.81208,43.16456,22.126436
2017-12-03,18.052084,6.572581,15.875,7.02807,26.025974,31.020134,43.953587,23.93678
2017-12-04,19.159721,6.580645,15.6,7.2877192,26.344156,34.610737,45.07173,28.988506
2017-12-05,18.364584,6.580645,15.66875,7.3192983,26.714285,35.422817,44.772152,26.965517
2017-12-06,18.145834,6.580645,15.60625,7.5157895,25.441559,35.24832,44.64557,26.47701
2017-12-07,17.86111,6.572581,15.94375,6.57193,25.0,34.47651,45.236286,26.011494
2017-12-08,17.659721,6.33871,15.51875,5.8385963,23.5,33.677853,44.654007,25.948277
2017-12-09,17.677084,6.096774,14.75,5.5754385,22.474026,32.516777,43.459915,25.62069
2017-12-10,17.07639,5.790323,14.1125,5.4210525,23.532467,31.442953,41.93671,26.310345
2017-12-11,16.277779,5.451613,13.53125,6.1789474,22.512987,30.617449,40.518986,26.252874
2017-12-12,15.78125,5.25,12.94375,5.9964914,21.792208,29.610739,38.85654,25.02299
2017-12-13,14.822917,4.919355,11.9875,5.5789475,20.357143,28.657719,36.540085,24.172413
2017-12-14,14.038195,4.685484,11.08125,5.0877194,18.98052,27.120806,34.236286,23.609196
2017-12-15,13.21875,4.467742,10.2125,4.7929826,17.51948,25.926174,32.687763,23.678162
2017-12-16,12.552083,4.475806,9.71875,4.642105,19.149351,24.738255,31.493671,23.132183
2017-12-17,12.638889,4.475806,9.71875,4.4421053,19.142857,24.597315,31.50211,23.925287
2017-12-18,12.5625,4.475806,9.70625,4.5929823,19.142857,24.865772,31.493671,23.37931
2017-12-19,12.128472,4.467742,9.6,4.3824563,19.025974,24.37584,31.063292,23.551723
2017-12-20,11.965278,4.467742,9.49375,5.0385966,18.928572,24.073826,30.784811,23.885057
2017-12-21,14.954861,5.677419,11.55,5.0,18.922077,28.369127,35.012657,26.425287
2017-12-22,15.0625,5.685484,11.51875,4.97193,18.922077,29.053692,35.05485,25.511494
2017-12-23,14.798611,5.5,11.21875,4.922807,18.74026,29.315435,34.894516,25.086206
2017-12-24,13.263889,5.306452,10.40625,4.5964913,18.032467,26.939598,33.468353,24.465517
2017-12-25,12.725695,5.169355,10.05,4.4666667,17.532467,25.174496,32.793247,24.637932
2017-12-26,12.493055,5.040323,9.875,4.2596493,17.272728,24.563759,32.312237,24.074713
2017-12-27,11.902778,4.959677,9.64375,4.0701756,16.993507,23.711409,31.670887,23.132183
2017-12-28,11.309028,4.830645,9.3625,3.9614036,18.967533,23.167786,30.966246,22.293104
2017-12-29,10.444445,4.459677,8.73125,3.8140352,17.961039,21.758389,29.827003,20.747126
2017-12-30,9.628472,4.217742,7.93125,3.631579,16.798702,20.295301,28.367088,19.568966
2017-12-31,9.125,4.016129,7.50625,3.463158,16.11039,19.395973,27.274261,18.55747
2018-01-01,8.864583,4.0,7.25,3.2736843,15.941559,18.684565,26.481012,18.701149
2018-01-02,8.260417,3.9112904,7.00625,3.0877192,15.720779,17.986578,25.654009,16.850574
2018-01-03,7.763889,3.814516,6.7625,2.9403508,15.493506,17.389261,24.907173,15.626437
2018-01-04,7.232639,3.814516,6.5125,2.8280702,15.363636,16.644295,23.978903,14.362069
2018-01-05,7.4131947,4.927419,6.8375,3.122807,17.188313,16.979866,24.2827,13.902299
2018-01-06,7.5347223,5.096774,7.75625,3.8701754,17.798702,20.020134,29.383966,14.568966
2018-01-07,11.21875,6.225806,15.275,3.617544,30.88961,29.617449,39.43882,14.614943
2018-01-08,11.239583,6.620968,16.3,3.5649123,30.77922,30.18792,39.93249,13.890804
2018-01-09,13.239583,16.120968,31.14375,6.3473682,60.155846,35.56376,53.848103,25.804598
2018-01-10,12.972222,29.225807,33.83125,6.6842103,64.318184,37.00671,56.481014,24.52299
2018-01-11,13.680555,29.516129,34.14375,6.6245613,64.88961,38.026844,57.43882,25.649426
2018-01-12,13.368055,29.080645,34.5375,6.354386,65.31169,37.939598,57.814346,23.97701
2018-01-13,12.413195,28.290323,35.23125,5.985965,65.11039,37.738255,57.907173,23.01724
2018-01-14,11.225695,27.217741,36.09375,5.1578946,64.818184,37.409397,57.177216,20.45977
2018-01-15,10.166667,25.758064,34.8875,4.554386,63.922077,35.489933,55.80591,21.12069
2018-01-16,9.368055,26.17742,33.11875,4.3157897,63.12987,33.644295,54.350212,19.270115
2018-01-17,9.090278,25.637096,31.975,4.1473684,61.915585,32.483223,53.464134,18.413794
2018-01-18,8.420139,24.564516,29.36875,3.908772,59.922077,30.785234,51.244724,16.62069
2018-01-19,13.75,23.959677,33.3,8.621053,59.564934,34.28188,58.13502,25.270115
2018-01-20,15.826389,28.766129,37.0625,9.361403,65.33117,37.99329,62.105484,27.511494
2018-01-21,15.357639,28.943548,37.11875,9.28772,65.844154,37.798656,62.172997,27.5
2018-01-22,16.104166,28.82258,37.1125,12.22807,65.97403,38.14765,62.177216,29.454023
2018-01-23,16.965279,28.814516,37.44375,13.761403,66.64935,39.080536,62.734177,31.545977
2018-01-24,16.854166,28.782259,37.39375,13.48772,67.292206,39.067116,62.345993,30.609196
2018-01-25,23.868055,28.483871,41.91875,25.873684,72.07792,43.5302,68.776375,44.827587
2018-01-26,34.447918,32.935482,45.6375,32.70877,80.75974,49.677853,73.06329,55.87931
2018-01-27,34.56597,32.91129,45.39375,33.831577,81.35714,49.65772,72.8481,56.17816
2018-01-28,33.32986,32.177418,45.33125,32.298244,81.376625,49.020134,72.48945,55.477013
2018-01-29,29.777779,29.161291,41.81875,28.519299,78.57792,44.778522,70.56118,51.833332
2018-01-30,25.76389,27.040323,37.33125,24.85614,74.74026,40.986576,66.13502,48.45402
2018-01-31,21.177084,27.653225,34.01875,20.56842,72.09091,38.38255,62.388187,46.977013
2018-02-01,18.21875,26.846775,30.71875,17.333334,70.03896,35.65772,58.683544,43.183907
2018-02-02,15.149305,25.338709,27.0375,13.719298,67.17532,32.75839,55.63713,38.53448
2018-02-03,12.756945,23.580645,24.325,10.515789,64.69481,30.194632,52.52321,34.12644
2018-02-04,11.09375,22.016129,22.825,8.494737,62.603897,28.469799,50.126583,30.689655
2018-02-05,9.784722,20.75,21.75,6.9333334,60.44156,27.167786,48.379745,25.729885
2018-02-06,8.975695,20.225807,21.05,6.2982454,59.142857,26.181208,46.759495,22.735632
2018-02-07,8.645833,19.862904,20.6375,5.9614034,58.55195,25.684565,45.755276,21.12069
2018-02-08,7.9583335,19.153225,19.71875,5.477193,57.142857,24.510067,43.670887,18.54023
2018-02-09,7.201389,18.32258,18.55,4.9649124,55.422077,22.95302,41.101265,16.166666
2018-02-10,6.6284723,17.92742,17.64375,4.8421054,54.33117,21.67114,39.101265,14.701149
2018-02-11,6.6041665,17.92742,17.58125,4.9298244,54.285713,21.664429,39.07173,14.511495
2018-02-12,6.673611,17.92742,17.6,5.0035086,54.29221,21.664429,39.088608,14.655172
2018-02-13,7.9027777,17.508064,17.2,5.0666666,56.324677,23.214766,39.79747,14.902299
2018-02-14,7.8125,17.516129,16.81875,5.1263156,56.090908,23.167786,39.772152,14.931034
2018-02-15,7.7465277,17.508064,16.68125,5.2421055,56.0,23.147652,39.772152,14.91954
2018-02-16,7.3055553,17.612904,16.56875,5.3333335,55.909092,23.342281,39.78481,14.931034
2018-02-17,6.7743053,17.588709,16.3625,5.277193,55.616882,22.463087,39.772152,14.41954
2018-02-18,6.517361,18.153225,18.125,5.105263,56.116882,21.570469,39.105484,13.965517
2018-02-19,9.434028,18.169355,16.075,5.445614,55.227272,24.986578,41.19409,17.908047
2018-02-20,9.739583,18.024193,16.3,5.4245615,55.415585,25.221476,41.94515,18.05747
2018-02-21,9.739583,18.048388,16.26875,5.3508773,55.402596,25.241611,42.21519,18.235632
2018-02-22,9.913195,18.088709,16.35,5.57193,55.746754,25.348993,42.253166,18.304598
2018-02-23,16.8125,22.451612,22.1125,8.508772,67.81169,35.37584,53.35865,25.614943
2018-02-24,16.71875,22.870968,22.1125,8.438597,67.844154,35.37584,53.35443,25.551723
2018-02-25,16.479166,22.887096,22.08125,8.361403,67.74675,35.456375,53.130802,25.55747
2018-02-26,15.888889,22.75,22.00625,9.277193,67.74675,35.046978,52.683544,25.149426
2018-02-27,29.496529,26.782259,25.2875,16.508772,76.14286,48.483223,61.91983,48.775864
2018-02-28,29.083334,30.92742,25.75625,16.378948,78.123375,48.52349,61.911392,47.95402
2018-03-01,31.864584,32.024193,26.86875,28.147367,78.92857,49.27517,64.91139,58.270115
2018-03-02,57.84028,49.30645,48.15625,59.968422,153.77922,84.39597,102.177216,100.913795
2018-03-03,81.25694,64.129036,62.76875,69.375435,192.42207,115.744965,132.75528,122.71265
2018-03-04,90.25694,81.08064,67.2375,73.67368,215.62987,127.469795,141.5443,134.60345
2018-03-05,91.15278,81.59677,67.2625,74.210526,215.5974,128.72484,141.76372,135.023
2018-03-06,89.854164,81.33064,67.28125,73.7579,216.11688,127.98658,141.11392,133.32184
2018-03-07,85.760414,79.435486,67.025,70.8807,216.0065,124.966446,139.68355,128.63219
2018-03-08,81.947914,77.34677,66.56875,65.99298,215.48051,122.51678,137.90717,123.05747
2018-03-09,79.232635,74.95968,66.3625,61.894737,214.81818,119.13423,136.36287,119.91954
2018-03-10,76.49653,72.08064,66.375,57.7193,213.80519,116.38926,134.72151,116.0977
2018-03-11,74.91319,76.72581,66.475,56.00351,213.0,114.718124,131.10127,114.25288
2018-03-12,69.927086,74.6371,66.675,50.094738,211.92857,111.818794,126.333336,108.89655
2018-03-13,62.993057,70.548386,68.11875,39.210526,209.0,107.8859,122.021095,102.33908
2018-03-14,75.3125,77.008064,79.74375,44.877193,228.48051,123.24832,140.81857,118.83908
2018-03-15,89.59375,79.758064,83.05,55.821053,237.92207,135.38927,149.32912,134.33908
2018-03-16,117.583336,81.435486,84.33125,72.72281,241.35065,155.46309,156.57806,164.51149
2018-03-17,143.61806,92.72581,94.88125,87.14035,268.72076,194.75168,180.34177,183.17816
2018-03-18,149.53125,94.951614,97.99375,90.221054,275.64935,201.26846,182.25739,190.52873
2018-03-19,150.05556,95.145164,95.46875,89.645615,276.04544,202.91946,180.96625,190.08046
2018-03-20,149.75348,93.16129,97.725,86.82105,274.74026,201.91946,180.42616,192.5
2018-03-21,154.32986,96.629036,100.4875,85.42105,285.17532,202.6443,182.83122,199.27586
2018-03-22,158.02777,118.30645,113.6625,82.649124,338.35065,208.00671,196.84389,201.64943
2018-03-23,169.85764,142.30646,134.95,92.05614,405.02597,229.22148,222.47258,213.22414
2018-03-24,168.8125,141.7258,134.98125,94.67368,403.93506,229.68457,222.41772,213.49425
2018-03-25,177.97917,141.49193,136.7375,96.789474,403.83768,232.20134,226.19832,219.82184
2018-03-26,178.92014,141.90323,137.5625,97.81754,405.16232,231.16107,226.48523,221.41379
2018-03-27,177.29167,141.83871,137.33125,97.39649,404.7143,228.3557,225.30801,220.14943
2018-03-28,170.82986,140.39516,136.4,89.091225,403.84415,225.73825,222.46414,212.44254
2018-03-29,158.0382,136.76613,134.73125,75.8421,400.18832,218.73825,218.05063,201.28162
2018-03-30,146.02083,131.3629,133.4625,63.17193,396.66882,210.96645,212.54852,190.05173
2018-03-31,134.64236,124.8629,132.1,51.698246,389.64935,203.18121,208.20253,179.23563
2018-04-01,123.49653,119.53226,131.3625,41.866665,382.74677,195.56375,205.00423,166.43678
2018-04-02,114.302086,112.814514,130.51875,34.62807,373.35065,189.30202,202.68355,154.90805
2018-04-03,107.84722,108.951614,129.7375,31.392982,366.77924,184.83893,201.27003,148.3793
2018-04-04,101.50347,105.91936,128.41875,28.021053,358.64285,181.44295,198.67932,140.81609
2018-04-05,92.58681,102.42742,127.04375,23.266666,346.56494,175.52348,195.39662,134.0
2018-04-06,86.520836,99.05645,123.83125,21.196491,337.12338,169.55705,193.42194,129.6207
2018-04-07,82.125,95.15323,124.225,19.954386,341.24026,165.73154,173.38818,127.505745
2018-04-08,79.30903,98.185486,127.25625,19.122807,350.84415,170.33557,178.39662,123.39655
2018-04-09,77.420135,95.76613,125.28125,17.210526,345.9156,166.48993,176.99577,120.12069
2018-04-10,70.74306,89.73387,120.33125,12.7578945,335.513,155.89262,174.5021,111.02873
2018-04-11,66.18403,91.870964,116.29375,11.14386,325.39612,145.36913,175.67088,104.045975
2018-04-12,67.80903,83.685486,114.98125,12.719298,322.44156,147.47652,176.38818,105.70115
2018-04-13,68.00347,80.620964,113.975,12.77193,319.5065,149.26175,197.31645,105.9885
2018-04-14,67.010414,81.3629,111.94375,12.298245,315.03897,148.51007,196.48946,104.27586
2018-04-15,62.05903,86.19355,107.61875,10.51228,308.5065,143.2349,193.46414,97.925285
2018-04-16,66.5625,84.91129,107.15625,13.021052,303.94156,147.30873,194.16034,104.586205
2018-04-17,72.427086,76.82258,111.3625,18.649122,311.12338,160.14764,195.1308,112.10345
2018-04-18,72.326385,76.83064,111.35,18.45965,310.7143,161.12752,189.13503,108.764366
2018-04-19,71.40625,77.58871,111.2625,18.617544,311.987,160.24832,180.52321,109.72414
2018-04-20,70.49306,76.83064,109.94375,17.059649,310.77274,159.71141,175.16034,104.804596
2018-04-21,65.013885,80.66129,108.06875,11.614035,313.66882,150.89262,171.31645,101.24138
2018-04-22,55.993057,84.34677,102.36875,9.4,304.0909,141.56375,164.5021,90.0977
2018-04-23,49.927082,76.685486,106.66875,7.9473686,295.66882,130.39597,165.5865,77.67816
2018-04-24,43.40972,73.314514,99.5125,6.5017543,284.3052,121.906044,158.12236,67.14368
2018-04-25,36.71528,67.69355,97.0375,5.1298246,290.25974,114.36242,151.90717,56.988506
2018-04-26,28.961805,64.879036,89.54375,3.8175437,275.89612,105.10738,143.26582,43.068966
2018-04-27,23.559029,71.41129,78.14375,2.9824562,264.96103,95.02685,134.7806,34.28161
2018-04-28,22.125,70.104836,72.875,2.8070176,257.94156,92.67785,130.20253,31.97701
2018-04-29,21.444445,57.967743,71.86875,3.0842106,252.9935,92.1745,129.33755,31.270115
2018-04-30,21.38889,52.379032,71.4375,3.0947368,251.72728,92.20805,129.09705,31.270115
2018-05-01,21.152779,47.76613,71.9375,3.1824563,238.8961,92.68456,129.35864,31.264368
2018-05-02,20.184029,50.25,63.0375,2.891228,237.78572,92.04698,128.98312,29.867817
2018-05-03,18.899305,46.5,68.78125,2.6736841,237.34416,89.281876,121.48101,27.908047
2018-05-04,16.82986,53.435482,67.64375,2.3017545,241.4935,84.08725,121.01266,24.431034
2018-05-05,14.135417,51.177418,66.65625,1.9508772,234.53896,86.07382,124.28692,20.603449
2018-05-06,12.065972,47.94355,64.13125,1.6947368,228.0065,77.77181,117.95781,17.655172
2018-05-07,10.142361,45.024193,60.05625,1.5649123,213.66884,70.63758,111.86498,15.4827585
2018-05-08,8.072917,42.403225,55.2375,1.431579,200.55194,64.49664,104.25317,13.103448
2018-05-09,6.0,44.637096,49.0125,1.1929824,187.51949,55.973156,104.544304,10.609196
2018-05-10,4.875,41.44355,45.14375,1.0315789,179.12338,50.986576,92.62447,9.103448
2018-05-11,4.013889,39.80645,42.29375,0.8912281,172.61688,47.114094,83.540085,8.902299
2018-05-12,3.6631944,39.419353,41.43125,0.82807016,167.85065,46.362415,82.68355,8.3505745
2018-05-13,3.4583333,39.346775,38.7625,0.73333335,162.44806,46.684563,81.658226,7.890805
2018-05-14,3.0104167,39.129032,40.30625,0.5824561,164.05844,45.46309,81.662445,6.8390803
2018-05-15,2.40625,38.572582,38.925,0.40350878,164.30519,43.24832,79.77215,5.7643676
2018-05-16,1.9409722,37.919353,37.69375,0.26666668,160.92207,41.63087,77.96203,5.011494
2018-05-17,1.7638888,37.94355,37.5875,0.18245614,148.7078,41.120804,77.71308,4.821839
2018-05-18,1.4895834,37.798386,36.93125,0.056140352,144.44156,40.08725,76.6076,4.2586207
2018-05-19,1.1770834,36.991936,35.0625,0.0,141.46753,37.81208,73.940926,3.505747
2018-05-20,0.9791667,36.04032,33.0,0.0,141.77272,35.52349,70.98734,2.7183907
2018-05-21,0.8645833,35.629032,31.46875,0.0,137.62987,33.738255,68.72996,2.086207
2018-05-22,0.7673611,35.29032,30.70625,0.0,131.75325,32.778522,67.70886,1.6724138
2018-05-23,0.6215278,34.83871,29.28125,0.0,135.0065,30.402685,65.299576,1.1896552
2018-05-24,0.4826389,33.48387,27.2875,0.0,126.25974,27.67114,62.16034,0.8448276
2018-05-25,0.3715278,32.508064,25.2875,0.0,123.48052,25.483221,58.514767,0.6321839
2018-05-26,0.3715278,24.806452,25.4125,0.0,117.844154,25.255033,58.41772,0.59195405
2018-05-27,0.3715278,28.25,25.3375,0.0,116.123375,25.275167,58.181435,0.5574713
2018-05-28,0.3159722,32.298386,24.34375,0.0,108.14935,24.053692,56.447258,0.43103448
2018-05-29,0.21527778,30.088709,21.5625,0.0,99.62987,21.926174,52.151897,0.21264368
2018-05-30,0.09375,26.298388,18.01875,0.0,93.80519,19.295301,46.616035,0.0
2018-05-31,0.0,24.82258,15.91875,0.0,90.44156,17.489933,42.907173,0.0
2018-06-01,0.0,24.596775,15.65,0.0,89.88961,17.067114,42.16034,0.0
2018-06-02,0.0,23.790323,14.5875,0.0,87.38961,15.375839,39.400845,0.0
2018-06-03,0.0,20.258064,12.28125,0.0,80.097404,12.28859,33.265823,0.0
2018-06-04,0.0,16.467741,10.1,0.0,92.42857,10.2483225,27.616034,0.0
2018-06-05,0.0,18.60484,8.58125,0.0,84.77922,8.302013,23.063292,0.0
2018-06-06,0.0,16.491936,7.29375,0.0,77.62987,6.7651005,19.459915,0.0
2018-06-07,0.0,15.5161295,6.53125,0.0,73.25974,5.8120804,16.911392,0.0
2018-06-08,0.0,14.862904,5.91875,0.0,69.2013,5.1610737,14.810126,0.0
2018-06-09,0.0,13.629032,5.11875,0.0,63.357143,4.3691278,12.417722,0.0
2018-06-10,0.0,13.282258,4.85,0.0,60.883118,4.080537,11.556962,0.0
2018-06-11,0.0,13.064516,4.575,0.0,58.467533,3.6174498,10.337553,0.0
2018-06-12,0.0,11.612904,3.85625,0.0,52.415585,2.577181,7.9409285,0.0
2018-06-13,0.0,9.548388,2.7125,0.0,45.285713,1.3154362,5.3333335,0.0
2018-06-14,0.0,8.362904,1.7,0.0,37.974026,0.5704698,2.8649788,0.0
2018-06-15,0.0,7.274194,1.21875,0.0,32.14935,0.11409396,1.835443,0.0
2018-06-16,0.0,6.5,0.9375,0.0,28.298702,0.0,1.1687764,0.0
2018-06-17,0.0,6.362903,0.85,0.0,27.058441,0.0,0.7679325,0.0
2018-06-18,0.0,6.362903,0.84375,0.0,26.902597,0.0,0.6624473,0.0
2018-06-19,0.0,6.322581,0.79375,0.0,25.954546,0.0,0.48945147,0.0
2018-06-20,0.0,5.75,0.64375,0.0,22.75974,0.0,0.23206751,0.0
2018-06-21,0.0,4.330645,0.4125,0.0,18.266233,0.0,0.012658228,0.0
2018-06-22,0.0,3.1290324,0.18125,0.0,14.376623,0.0,0.0,0.0
2018-06-23,0.0,2.1612904,0.0,0.0,10.597403,0.0,0.0,0.0
2018-06-24,0.0,1.4435484,0.0,0.0,6.844156,0.0,0.0,0.0
2018-06-25,0.0,0.92741936,0.0,0.0,4.0324674,0.0,0.0,0.0
2018-06-26,0.0,0.58064514,0.0,0.0,2.6493506,0.0,0.0,0.0
2018-06-27,0.0,0.3467742,0.0,0.0,1.525974,0.0,0.0,0.0
2018-06-28,0.0,0.14516129,0.0,0.0,0.8636364,0.0,0.0,0.0
2018-06-29,0.0,0.024193548,0.0,0.0,0.46103895,0.0,0.0,0.0
2018-06-30,0.0,0.0,0.0,0.0,0.23376623,0.0,0.0,0.0
2018-07-01,0.0,0.0,0.0,0.0,0.0,0.0,0.0,0.0
2018-07-02,0.0,0.0,0.0,0.0,0.0,0.0,0.0,0.0
2018-07-03,0.0,0.0,0.0,0.0,0.0,0.0,0.0,0.0
2018-07-04,0.0,0.0,0.0,0.0,0.0,0.0,0.0,0.0
2018-07-05,0.0,0.0,0.0,0.0,0.0,0.0,0.0,0.0
2018-07-06,0.0,0.0,0.0,0.0,0.0,0.0,0.0,0.0
2018-07-07,0.0,0.0,0.0,0.0,0.0,0.0,0.0,0.0
2018-07-08,0.0,0.0,0.0,0.0,0.0,0.0,0.0,0.0
2018-07-09,0.0,0.0,0.0,0.0,0.0,0.0,0.0,0.0
2018-07-10,0.0,0.0,0.0,0.0,0.0,0.0,0.0,0.0
2018-07-11,0.0,0.0,0.0,0.0,0.0,0.0,0.0,0.0
2018-07-12,0.0,0.0,0.0,0.0,0.0,0.0,0.0,0.0
2018-07-13,0.0,0.0,0.0,0.0,0.0,0.0,0.0,0.0
2018-07-14,0.0,0.0,0.0,0.0,0.0,0.0,0.0,0.0
2018-07-15,0.0,0.0,0.0,0.0,0.0,0.0,0.0,0.0
2018-07-16,0.0,0.0,0.0,0.0,0.0,0.0,0.0,0.0
2018-07-17,0.0,0.0,0.0,0.0,0.0,0.0,0.0,0.0
2018-07-18,0.0,0.0,0.0,0.0,0.0,0.0,0.0,0.0
2018-07-19,0.0,0.0,0.0,0.0,0.0,0.0,0.0,0.0
2018-07-20,0.0,0.0,0.0,0.0,0.0,0.0,0.0,0.0
2018-07-21,0.0,0.0,0.0,0.0,0.0,0.0,0.0,0.0
2018-07-22,0.0,0.0,0.0,0.0,0.0,0.0,0.0,0.0
2018-07-23,0.0,0.0,0.0,0.0,0.0,0.0,0.0,0.0
2018-07-24,0.0,0.0,0.0,0.0,0.0,0.0,0.0,0.0
2018-07-25,0.0,0.0,0.0,0.0,0.0,0.0,0.0,0.0
2018-07-26,0.0,0.0,0.0,0.0,0.0,0.0,0.0,0.0
2018-07-27,0.0,0.0,0.0,0.0,0.0,0.0,0.0,0.0
2018-07-28,0.0,0.0,0.0,0.0,0.0,0.0,0.0,0.0
2018-07-29,0.0,0.0,0.0,0.0,0.0,0.0,0.0,0.0
2018-07-30,0.0,0.0,0.0,0.0,0.0,0.0,0.0,0.0
2018-07-31,0.0,0.0,0.0,0.0,0.0,0.0,0.0,0.0
2018-08-01,0.0,0.0,0.0,0.0,0.0,0.0,0.0,0.0
2018-08-02,0.0,0.0,0.0,0.0,0.0,0.0,0.0,0.0
2018-08-03,0.0,0.0,0.0,0.0,0.0,0.0,0.0,0.0
2018-08-04,0.0,0.0,0.0,0.0,0.0,0.0,0.0,0.0
2018-08-05,0.0,0.0,0.0,0.0,0.0,0.0,0.0,0.0
2018-08-06,0.0,0.0,0.0,0.0,0.0,0.0,0.0,0.0
2018-08-07,0.0,0.0,0.0,0.0,0.0,0.0,0.0,0.0
2018-08-08,0.0,0.0,0.0,0.0,0.0,0.0,0.0,0.0
2018-08-09,0.0,0.0,0.0,0.0,0.0,0.0,0.0,0.0
2018-08-10,0.0,0.0,0.0,0.0,0.0,0.0,0.0,0.0
2018-08-11,0.0,0.0,0.0,0.0,0.0,0.0,0.0,0.0
2018-08-12,0.0,0.0,0.0,0.0,0.0,0.0,0.0,0.0
2018-08-13,0.0,0.0,0.0,0.0,0.0,0.0,0.0,0.0
2018-08-14,0.0,0.0,0.0,0.0,0.0,0.0,0.0,0.0
2018-08-15,0.0,0.0,0.0,0.0,0.0,0.0,0.0,0.0
2018-08-16,0.0,0.0,0.0,0.0,0.0,0.0,0.0,0.0
2018-08-17,0.0,0.0,0.0,0.0,0.0,0.0,0.0,0.0
2018-08-18,0.0,0.0,0.0,0.0,0.0,0.0,0.0,0.0
2018-08-19,0.0,0.0,0.0,0.0,0.0,0.0,0.0,0.0
2018-08-20,0.0,0.0,0.0,0.0,0.0,0.0,0.0,0.0
2018-08-21,0.0,0.0,0.0,0.0,0.0,0.0,0.0,0.0
2018-08-22,0.0,0.0,0.0,0.0,0.0,0.0,0.0,0.0
2018-08-23,0.0,0.0,0.0,0.0,0.0,0.0,0.0,0.0
2018-08-24,0.0,0.0,0.0,0.0,0.0,0.0,0.0,0.0
2018-08-25,0.0,0.0,0.0,0.0,0.0,0.0,0.0,0.0
2018-08-26,0.0,0.0,0.0,0.0,0.0,0.0,0.0,0.0
2018-08-27,0.0,0.0,0.0,0.0,0.0,0.0,0.0,0.0
2018-08-28,0.0,0.0,0.0,0.0,0.0,0.0,0.0,0.0
2018-08-29,0.0,0.0,0.0,0.0,0.0,0.0,0.0,0.0
2018-08-30,0.0,0.0,0.0,0.0,0.0,0.0,0.0,0.0
2018-08-31,0.0,0.0,0.0,0.0,0.0,0.0,0.0,0.0
2018-09-01,0.0,0.0,0.0,0.0,0.0,0.0,0.0,0.0
2018-09-02,0.0,0.0,0.0,0.0,0.0,0.0,0.0,0.0
2018-09-03,0.0,0.0,0.0,0.0,0.0,0.0,0.0,0.0
2018-09-04,0.0,0.0,0.0,0.0,0.0,0.0,0.0,0.0
2018-09-05,0.0,0.0,0.0,0.0,0.0,0.0,0.0,0.0
2018-09-06,0.0,0.0,0.0,0.0,0.0,0.0,0.0,0.0
2018-09-07,0.0,0.0,0.0,0.0,0.0,0.0,0.0,0.0
2018-09-08,0.0,0.0,0.0,0.0,0.0,0.0,0.0,0.0
2018-09-09,0.0,0.0,0.0,0.0,0.0,0.0,0.0,0.0
2018-09-10,0.0,0.0,0.0,0.0,0.0,0.0,0.0,0.0
2018-09-11,0.0,0.0,0.0,0.0,0.0,0.0,0.0,0.0
2018-09-12,0.0,0.0,0.0,0.0,0.0,0.0,0.0,0.0
2018-09-13,0.0,0.0,0.0,0.0,0.0,0.0,0.0,0.0
2018-09-14,0.0,0.0,0.0,0.0,0.0,0.0,0.0,0.0
2018-09-15,0.0,0.0,0.0,0.0,0.0,0.0,0.0,0.0
2018-09-16,0.0,0.0,0.0,0.0,0.0,0.0,0.0,0.0
2018-09-17,0.0,0.0,0.0,0.0,0.0,0.0,0.0,0.0
2018-09-18,0.0,0.0,0.0,0.0,0.0,0.0,0.0,0.0
2018-09-19,0.0,0.0,0.0,0.0,0.0,0.0,0.0,0.0
2018-09-20,0.0,0.0,0.0,0.0,0.0,0.0,0.0,0.0
2018-09-21,0.0,0.0,0.0,0.0,0.0,0.0,0.0,0.0
2018-09-22,0.0,0.0,0.0,0.0,0.0,0.0,0.0,0.0
2018-09-23,0.0,0.0,0.0,0.0,0.0,0.0,0.0,0.0
2018-09-24,0.0,0.0,0.0,0.0,0.0,0.0,0.0,0.0
2018-09-25,0.0,0.0,0.0,0.0,0.0,0.0,0.0,0.0
2018-09-26,0.0,0.0,0.0,0.0,0.0,0.0,0.0,0.0
2018-09-27,0.0,0.0,0.0,0.0,0.0,0.0,0.0,0.0
2018-09-28,0.0,0.0,0.0,0.0,0.0,0.0,0.0,0.0
2018-09-29,0.0,0.0,0.0,0.0,0.0,0.0,0.0,0.0
2018-09-30,0.0,0.0,0.0,0.0,0.0,0.0,0.0,0.0
2018-10-01,0.0,0.0,0.0,0.0,0.0,0.0,0.0,0.0
2018-10-02,0.0,0.0,0.0,0.0,0.0,0.0,0.0,0.0
2018-10-03,0.0,0.18548387,0.0,0.0,0.25974026,0.0,0.0,0.0
2018-10-04,0.0,2.7903225,0.0625,0.0,2.2012987,0.0,0.016877636,0.0
2018-10-05,0.0,2.8548386,0.06875,0.0,2.3701298,0.0067114094,0.029535865,0.0
2018-10-06,0.0,2.7096775,0.075,0.0,2.6948051,0.0,0.012658228,0.0
2018-10-07,0.0,2.7580645,0.075,0.0,2.474026,0.0,0.008438818,0.0
2018-10-08,0.0,2.782258,0.075,0.0,2.5584416,0.0,0.008438818,0.0
2018-10-09,0.0,3.483871,0.075,0.0,3.2727273,0.0,0.004219409,0.0
2018-10-10,0.0,3.1935484,0.0625,0.0,2.9805195,0.0,0.0,0.0
2018-10-11,0.0,3.1209676,0.0625,0.0,2.9675324,0.0,0.004219409,0.0
2018-10-12,0.0,3.1209676,0.0625,0.0,2.974026,0.0,0.0,0.0
2018-10-13,0.0,2.669355,0.05,0.0,2.6883116,0.0,0.0,0.0
2018-10-14,0.0,2.403226,0.0375,0.0,2.2727273,0.0,0.0,0.0
2018-10-15,0.0,2.2580645,0.0375,0.0,2.2597404,0.0,0.0,0.0
2018-10-16,0.0,2.217742,0.0375,0.0,2.2532468,0.033557046,0.021097047,0.0
2018-10-17,0.0,2.1048386,0.03125,0.0,2.1948051,0.0,0.0,0.0
2018-10-18,0.0,1.9919355,0.01875,0.0,2.0454545,0.0,0.0,0.0
2018-10-19,0.0,2.5725806,0.0125,0.0,1.8571428,0.0,0.0,0.0
2018-10-20,0.0,2.3548386,0.0,0.0,1.4805195,0.0,0.0,0.0
2018-10-21,0.0,2.1048386,0.0,0.0,1.2077922,0.0,0.0,0.0
2018-10-22,0.0,1.9596775,0.0,0.0,1.0064934,0.0,0.0,0.0
2018-10-23,0.0,1.9112903,0.0,0.0,0.9025974,0.0,0.0,0.0
2018-10-24,0.0,1.8306452,0.0,0.0,0.8116883,0.0,0.0,0.0
2018-10-25,0.0,1.6854838,0.0,0.0,0.64935064,0.0,0.0,0.0
2018-10-26,0.0,1.4919355,0.0,0.0,0.46103895,0.0,0.0,0.0
2018-10-27,0.0,1.1290323,0.0,0.0,0.24675325,0.0,0.0,0.0
2018-10-28,0.0,0.86290324,0.0,0.0,0.097402595,0.0,0.0,0.0
2018-10-29,0.0,0.8064516,0.0,0.0,0.071428575,0.0,0.0,0.0
2018-10-30,0.0,0.8064516,0.0,0.0,0.071428575,0.0,0.0,0.0
2018-10-31,0.0,0.8064516,0.0,0.0,0.071428575,0.0,0.0,0.0
2018-11-01,0.0,0.8064516,0.0,0.0,0.071428575,0.0,0.0,0.0
2018-11-02,0.0,0.7822581,0.0,0.0,0.058441557,0.0,0.0,0.0
2018-11-03,0.0,0.67741936,0.0,0.0,0.025974026,0.0,0.0,0.0
2018-11-04,0.0,0.57258064,0.0,0.0,0.0,0.0,0.0,0.0
2018-11-05,0.0,0.47580644,0.0,0.0,0.0,0.0,0.0,0.0
2018-11-06,0.0,0.4516129,0.0,0.0,0.0,0.0,0.0,0.0
2018-11-07,0.0,0.4516129,0.0,0.0,0.0,0.0,0.0,0.0
2018-11-08,0.0,0.4516129,0.0,0.0,0.0,0.0,0.0,0.0
2018-11-09,0.0,0.4516129,0.0,0.0,0.0,0.0,0.0,0.0
2018-11-10,0.0,0.4516129,0.0,0.0,0.0,0.0,0.0,0.0
2018-11-11,0.0,0.4516129,0.0,0.0,0.0,0.0,0.0,0.0
2018-11-12,0.0,0.4516129,0.0,0.0,0.0,0.0,0.0,0.0
2018-11-13,0.0,0.4516129,0.0,0.0,0.0,0.0,0.0,0.0
2018-11-14,0.0,0.4516129,0.0,0.0,0.0,0.0,0.0,0.0
2018-11-15,0.0,0.4516129,0.0,0.0,0.0,0.0,0.0,0.0
2018-11-16,0.0,0.4516129,0.0,0.0,0.0,0.0,0.0,0.0
2018-11-17,0.0,0.4516129,0.0,0.0,0.0,0.0,0.0,0.0
2018-11-18,0.0,0.4516129,0.0,0.0,0.0,0.0,0.0,0.0
2018-11-19,0.0,0.4516129,0.0,0.0,0.0,0.0,0.0,0.0
2018-11-20,0.0,0.4516129,0.0,0.0,0.0,0.0,0.0,0.0
2018-11-21,0.0,0.4516129,0.0,0.0,0.0,0.0,0.0,0.0
2018-11-22,1.375,1.6774193,4.36875,0.15438597,6.766234,1.9798658,3.742616,2.7931035
2018-11-23,5.954861,3.185484,6.20625,0.3017544,9.993506,4.7919464,6.700422,8.4827585
2018-11-24,10.940972,3.1935484,9.71875,0.6315789,13.480519,7.557047,10.476793,12.471265
2018-11-25,10.486111,3.3064516,10.33125,0.6035088,14.214286,7.9798656,12.877637,11.873563
2018-11-26,9.559028,3.233871,11.90625,0.51578945,14.61039,9.355704,13.13924,11.172414
2018-11-27,10.8125,5.306452,14.1,0.51578945,22.766233,10.959731,18.78903,12.775862
2018-11-28,11.003472,4.854839,15.06875,1.2385964,24.006493,10.879194,19.864979,13.574713
2018-11-29,13.368055,18.790323,29.13125,4.02807,56.896103,20.37584,33.02532,17.850574
2018-11-30,22.67014,77.30645,51.01875,13.364912,106.43507,44.409397,56.151897,30.689655
2018-12-01,23.96875,81.685486,53.01875,13.533334,113.58442,45.859062,57.20253,31.488506
2018-12-02,36.31597,87.08871,62.25,19.912281,121.92857,61.90604,70.57806,42.890804
2018-12-03,36.399307,87.07258,62.125,19.908772,121.88961,62.00671,70.61182,42.87931
2018-12-04,37.03472,86.90323,61.8,19.912281,121.766235,62.315437,70.53165,42.942528
2018-12-05,37.381943,86.58064,61.15625,20.340351,121.87013,62.75168,70.25317,43.12069
2018-12-06,38.697918,90.76613,62.50625,21.877193,125.87013,65.1745,71.50211,44.597702
2018-12-07,37.319443,102.0,62.21875,21.635088,126.80519,64.20134,70.55696,43.49425
2018-12-08,35.961807,101.379036,61.74375,21.308771,126.37013,63.040268,69.46835,42.62644
2018-12-09,34.225693,100.19355,60.6375,20.294737,125.00649,61.228188,68.08439,41.344826
2018-12-10,33.010418,98.40323,59.8375,20.021053,123.85065,59.75168,67.03375,40.568966
2018-12-11,32.40278,97.104836,59.525,19.277193,123.49351,59.073826,66.62869,39.867817
2018-12-12,31.274305,96.064514,58.85,18.31579,123.03247,58.34228,66.08861,38.609196
2018-12-13,28.302084,92.104836,55.2,16.375439,119.545456,54.765102,64.45148,34.17816
2018-12-14,26.625,90.21774,53.55,14.407018,117.733765,52.27517,62.793247,32.143677
2018-12-15,25.715279,89.354836,53.0,13.294737,116.987015,51.09396,62.07595,31.103449
2018-12-16,24.934029,86.80645,52.19375,12.449122,115.74026,49.838924,61.181435,30.37931
2018-12-17,24.309029,84.80645,52.025,14.319298,115.2987,48.71812,60.831223,31.109196
2018-12-18,25.663195,85.91129,58.85625,15.2,126.75974,52.389263,66.79325,33.172413
2018-12-19,25.402779,85.28226,58.375,15.105263,125.93507,51.4698,66.261604,32.942528
2018-12-20,23.92361,82.258064,56.41875,13.249123,123.32468,48.644295,64.1519,31.298851
2018-12-21,22.79861,77.94355,54.91875,13.066667,120.35714,46.28188,62.55696,30.298851
2018-12-22,24.01389,76.25,54.94375,13.733334,119.94805,48.355705,64.03375,31.310345
2018-12-23,23.739584,74.65323,54.46875,13.596491,119.207794,48.120804,63.848103,30.885057
2018-12-24,24.222221,73.66936,54.175,15.873684,118.75974,48.060402,63.687763,31.747126
2018-12-25,33.84722,84.354836,61.025,32.403507,130.98701,59.610737,72.691986,49.00575
2018-12-26,34.50347,85.78226,61.04375,32.382458,131.07793,60.020134,73.19409,49.011494
2018-12-27,34.538193,85.77419,61.01875,32.178947,131.06494,60.228188,73.181435,48.775864
2018-12-28,34.538193,85.77419,61.01875,32.178947,131.06494,60.228188,73.181435,48.775864
2018-12-29,34.538193,85.77419,61.01875,32.178947,131.06494,60.322147,73.261604,48.793102
2018-12-30,33.989582,85.685486,60.9875,31.350878,131.04546,60.208054,73.18987,47.982758
2018-12-31,33.677082,85.29032,60.86875,31.052631,130.96753,59.798656,72.97047,47.735634
2019-01-01,33.677082,85.29032,60.86875,31.052631,130.96753,59.798656,72.97047,47.735634
2019-01-02,33.680557,85.29032,60.86875,31.052631,130.96753,59.798656,72.978905,47.747128
2019-01-03,39.32639,93.75,67.5625,34.845615,138.98701,69.04698,79.780594,53.29885
2019-01-04,38.302082,92.895164,67.2375,34.042107,138.77922,68.2349,79.28692,52.655174
2019-01-05,37.45139,91.94355,66.9,33.11579,138.07793,67.24161,78.92405,52.304596
2019-01-06,45.055557,103.629036,77.875,46.259647,161.92857,82.31544,92.2827,63.46552
2019-01-07,68.49306,126.17742,100.425,73.077194,202.13637,107.34899,118.62869,108.9023
2019-01-08,70.395836,126.48387,102.5125,74.53684,205.0974,109.630875,121.01266,109.75288
2019-01-09,64.423615,114.6371,92.9875,68.8421,193.17532,97.48322,113.06329,107.293106
2019-01-10,69.572914,120.09677,97.95625,77.77193,203.7078,103.79195,118.88608,119.534485
2019-01-11,68.795135,119.58871,97.2625,76.3193,203.12987,103.33557,118.219406,118.74712
2019-01-12,67.84722,119.03226,96.925,74.24561,202.75325,102.57718,117.700424,116.90804
2019-01-13,67.43403,119.241936,96.4375,72.68421,202.37013,102.92618,117.097046,115.33908
2019-01-14,66.736115,119.1129,96.3625,71.926315,202.19481,102.61074,117.059074,113.614944
2019-01-15,67.677086,122.08064,97.5875,72.46667,203.85065,104.456375,118.90717,113.81035
2019-01-16,81.357635,128.84677,108.55,94.052635,221.77922,121.369125,133.35443,138.74138
2019-01-17,93.954865,147.17741,132.3,136.47368,271.32468,140.00671,153.88185,166.6207
2019-01-18,102.673615,177.04033,143.5375,151.33684,305.52597,153.52348,163.89873,181.43678
2019-01-19,104.25347,176.12903,142.675,154.2,304.7987,153.47652,162.9367,182.0
2019-01-20,102.732635,174.04033,141.34375,151.57193,303.2987,150.0,161.70464,180.31035
2019-01-21,115.333336,183.62097,155.71875,171.74387,324.88312,175.89262,185.49367,204.6207
2019-01-22,117.65972,187.19354,153.0,172.50175,328.46753,175.1745,180.81012,203.76437
2019-01-23,117.857635,187.09677,152.81876,172.3579,328.4221,174.84564,180.79324,203.12643
2019-01-24,115.951385,185.37903,151.5125,170.2807,327.0974,173.0537,180.03375,199.83908
2019-01-25,114.767365,183.90323,150.09375,167.44913,326.03247,172.349,179.18143,197.58621
2019-01-26,113.00347,181.81451,148.15,163.19298,324.64285,170.81879,177.4979,193.91954
2019-01-27,110.75,177.78226,145.2,158.64561,321.4026,168.20805,175.79747,189.5977
2019-01-28,107.52778,170.76613,141.4875,151.05263,315.85065,163.0537,173.14346,184.8046
2019-01-29,105.4375,165.25,138.63126,145.8386,312.2922,161.16107,171.2152,180.05173
2019-01-30,103.541664,162.46774,137.35,139.5614,310.96103,159.1208,170.03798,177.06897
2019-01-31,101.822914,160.30646,137.325,134.7965,309.83118,158.651,170.33755,173.44827
2019-02-01,100.19097,160.0242,136.53125,129.7965,308.81818,156.85236,169.59915,170.79884
2019-02-02,100.19097,166.89516,141.19376,129.27017,323.83768,158.51678,173.08017,170.64943
2019-02-03,112.65625,207.3629,170.1625,137.33333,388.85065,184.28188,196.07173,184.60919
2019-02-04,126.854164,231.87903,196.46875,154.1228,425.86365,203.71812,219.77637,206.14368
2019-02-05,155.7257,264.71774,235.48125,172.34035,485.4156,234.57718,255.74261,237.48276
2019-02-06,160.32639,267.58066,246.43124,174.26666,499.9026,239.91275,263.5443,241.54597
2019-02-07,160.26389,267.58066,246.45,174.29825,499.96753,239.55034,263.50632,241.77011
2019-02-08,160.2743,267.58066,245.925,174.4,499.83768,239.26846,263.20676,242.21265
2019-02-09,163.6493,272.37097,252.5875,178.1228,513.44806,243.55705,269.62448,248.55746
2019-02-10,197.7743,278.6613,268.3625,199.45264,534.36365,272.5839,294.39664,288.54022
2019-02-11,202.59027,298.2742,286.84375,201.82106,559.9675,287.4564,312.09283,293.06897
2019-02-12,202.82292,298.2742,283.85,202.45264,558.9545,283.57047,307.54007,293.1207
2019-02-13,205.28473,298.2258,283.825,216.82806,560.5714,285.36914,308.0633,300.35632
2019-02-14,221.87848,306.85483,302.09375,261.46317,604.6818,307.92618,331.0,343.78735
2019-02-15,232.62152,335.10483,320.90625,277.05966,648.6169,339.44296,354.18988,344.50574
2019-02-16,247.73611,349.25,345.79376,290.02808,680.1883,369.77853,384.62448,369.5747
2019-02-17,266.93054,354.9113,350.025,294.06317,688.5,377.25504,387.5443,376.37357
2019-02-18,274.72916,358.99194,354.10626,297.92282,697.8117,383.63757,391.4557,386.89655
2019-02-19,275.375,359.2097,354.09375,297.9158,698.0325,384.18793,391.28693,387.64368
2019-02-20,275.78125,359.23386,354.9625,297.99298,698.5,384.1678,392.2363,388.1494
2019-02-21,279.0104,362.73386,357.075,300.39648,700.4286,385.9396,394.40085,392.44254
2019-02-22,279.1875,368.85483,357.51874,300.3614,700.5065,386.04028,393.98734,392.40805
2019-02-23,279.375,368.85483,357.4,300.38596,700.43506,386.20807,393.8903,392.33908
2019-02-24,279.12152,368.85483,357.89374,300.51578,700.93506,385.95303,394.75107,392.38507
2019-02-25,279.63196,368.2097,355.76874,303.0351,700.36365,385.5235,392.92404,393.1092
2019-02-26,283.06946,366.12097,351.775,336.23157,698.3052,381.50336,389.53586,423.06897
2019-02-27,296.8368,362.8871,349.225,372.10175,695.64935,385.1745,390.173,459.9253
2019-02-28,301.2639,360.69354,350.98126,377.18948,699.4935,389.8255,394.41772,470.49426
2019-03-01,304.8125,357.82257,350.10626,377.15088,700.36365,391.2416,394.61182,473.94827
2019-03-02,303.02777,359.7742,349.2125,378.89825,700.62335,389.61746,393.25317,473.52298
2019-03-03,304.25,392.37097,365.14374,377.2807,740.4415,399.48993,411.3671,474.63794
2019-03-04,307.02777,392.15323,367.9875,381.4386,743.94806,402.26846,414.55273,480.82184
2019-03-05,305.0139,390.8387,363.4875,379.3649,740.9545,399.7047,410.59915,479.44827
2019-03-06,306.85416,437.2742,371.08124,386.79297,764.8896,405.2819,417.8059,486.93677
2019-03-07,314.84723,455.51614,385.95624,390.50525,798.56494,425.7651,435.64136,500.84482
2019-03-08,300.09027,467.80646,386.24374,389.20352,807.8571,429.1275,436.0633,479.4885
2019-03-09,322.43054,472.0403,388.05624,393.7614,809.70776,434.66443,441.45148,511.05746
2019-03-10,323.1389,472.30646,390.94376,396.69824,810.4415,437.0,445.07172,512.2184
2019-03-11,323.09027,473.51614,392.08124,396.6316,812.94806,438.97986,446.07172,511.82184
2019-03-12,319.4861,473.2903,390.43124,394.7544,812.5,436.13422,443.7384,508.76437
2019-03-13,318.8264,473.26614,390.8125,395.01053,813.5844,436.46307,443.6329,508.21838
2019-03-14,317.6389,473.21774,390.01874,394.8,813.4026,434.8859,442.65823,507.5977
2019-03-15,313.8611,473.16934,388.85626,393.98947,813.44806,432.67786,441.48944,505.32758
2019-03-16,309.1146,472.66934,386.1125,390.49124,812.46106,429.7584,438.70465,501.58047
2019-03-17,300.99652,469.85483,382.11874,380.3228,810.1039,423.92618,434.34177,493.7299
2019-03-18,292.8993,465.7984,377.6625,366.43158,806.0909,417.42282,429.54852,485.34482
2019-03-19,285.2743,460.4355,373.56876,353.16492,800.6104,411.20135,425.0,478.36783
2019-03-20,280.9861,459.10483,372.7,342.01053,803.42206,408.04697,423.9789,475.98276
2019-03-21,280.86804,466.30646,374.9375,341.0351,808.5195,409.86578,425.41772,479.40805
2019-03-22,279.81598,469.3629,374.31876,337.67017,810.6299,408.6443,423.9958,478.45978
2019-03-23,282.85764,468.83066,376.7,342.02106,811.2987,412.72482,427.4304,486.2069
2019-03-24,286.91666,469.2742,380.16876,347.45615,816.6883,419.19464,432.32068,490.90805
2019-03-25,260.38196,468.00806,377.425,341.01755,814.9935,409.0,424.64557,450.17242
2019-03-26,283.25348,464.66934,378.44376,347.6842,814.474,416.1812,430.4304,489.17816
2019-03-27,281.7257,460.4113,376.55624,347.07367,810.53894,413.84564,429.10126,490.7931
2019-03-28,289.10764,459.8387,393.44376,354.05264,831.85065,425.83893,444.35022,501.8793
2019-03-29,290.54166,459.16934,394.0125,355.23157,831.86365,426.7181,444.64978,503.8506
2019-03-30,289.00696,458.3387,390.76874,352.90176,830.0455,426.18793,442.46835,502.21265
2019-03-31,286.58334,457.6613,390.725,349.52982,829.4286,426.30872,442.5865,500.7414
2019-04-01,283.17014,455.74194,389.33124,342.18597,827.25323,425.7181,441.98312,496.93677
2019-04-02,280.00696,453.05646,386.2625,332.77896,822.03894,422.48993,440.42615,495.28735
2019-04-03,279.5486,455.7258,389.04376,327.70175,826.3312,428.26175,445.66245,494.67242
2019-04-04,276.49304,453.44354,387.46875,321.9579,823.42206,425.36914,444.31223,491.47702
2019-04-05,276.99652,452.24194,387.925,317.14737,821.9545,426.69128,445.3291,492.36206
2019-04-06,278.64584,451.8871,388.3625,313.99298,821.73376,428.20135,446.62024,494.94254
2019-04-07,277.69098,449.59677,387.03125,311.38245,818.24677,427.78525,446.16034,495.28735
2019-04-08,274.74652,442.3871,382.68124,300.84912,810.3312,423.57047,443.0,492.66666
2019-04-09,274.18402,428.19354,377.64374,295.2421,800.25323,418.48322,439.308,495.64368
2019-04-10,236.20833,428.25,363.75,287.42456,798.8117,387.8255,416.21097,435.78735
2019-04-11,273.9618,427.1855,377.85626,288.8772,804.57794,419.698,440.12238,491.37357
2019-04-12,273.29514,426.91934,377.61874,286.6386,804.1948,419.79865,440.05484,490.33908
2019-04-13,271.60416,426.1855,376.8125,281.1544,803.6169,418.91946,439.05484,488.6207
2019-04-14,271.8889,458.19354,399.79376,293.94385,818.57794,413.08054,447.17722,490.454
2019-04-15,268.27084,449.84677,397.15,284.88422,812.35065,408.13422,444.03375,485.6207
2019-04-16,268.01736,449.30646,398.2125,281.51227,815.3896,408.5436,445.95358,484.94827
2019-04-17,265.92014,451.40323,398.825,275.85263,818.25977,408.20135,446.7004,479.3046
2019-04-18,258.65625,447.7016,396.25,264.82104,814.7143,400.04028,444.2363,463.2299
2019-04-19,246.43056,435.7258,391.3,246.21053,806.32465,396.349,439.0211,456.93677
2019-04-20,239.58333,423.5645,386.7,224.24211,793.2727,387.22147,433.65402,448.0345
2019-04-21,237.3125,417.9516,385.28125,214.41052,791.4091,384.44968,431.84387,444.2586
2019-04-22,242.84723,377.80646,344.175,175.15439,759.1818,381.62418,414.34177,424.01724
2019-04-23,240.24652,373.08066,340.70624,162.50175,754.8312,378.33557,411.135,419.4023
2019-04-24,232.94098,363.98386,334.35626,143.69122,744.487,370.97986,406.59494,406.00574
2019-04-25,221.75694,349.3629,324.25,124.82807,727.06494,360.7181,400.18988,388.55173
2019-04-26,209.90625,331.7742,314.6,108.18246,708.0455,350.13422,394.135,372.0345
2019-04-27,199.25694,317.49194,306.15625,95.498245,692.3571,340.44968,388.78482,356.98276
2019-04-28,189.6875,306.4355,298.49374,85.15088,677.9286,332.20135,384.31647,342.22415
2019-04-29,181.38889,295.0,291.725,78.519295,666.6299,326.09396,380.07596,330.22415
2019-04-30,176.39583,292.48386,287.5625,73.34035,660.43506,323.13422,376.01688,319.6494
2019-05-01,174.70139,291.12903,285.2625,72.30877,658.37665,321.26846,374.2363,320.87357
2019-05-02,172.37152,289.6371,285.04376,69.81403,656.70776,316.0067,377.14346,304.89655
2019-05-03,168.09375,286.08066,283.43124,66.16842,653.12335,312.46307,375.94937,278.5862
2019-05-04,161.57292,280.12097,279.775,61.20351,645.9805,308.22147,373.66245,258.32184
2019-05-05,154.94792,273.05646,275.31876,55.76842,637.75977,302.73154,370.5232,269.6954
2019-05-06,147.20139,269.8871,271.7875,50.19649,631.5974,296.27518,367.4304,261.79886
2019-05-07,139.55902,269.4113,266.975,44.85965,625.42206,289.66443,362.9958,250.28162
2019-05-08,133.2118,266.80646,262.0375,40.19298,616.6688,283.4765,358.25317,239.53448
2019-05-09,125.638885,263.25,256.4375,35.27719,607.2987,276.32214,352.827,227.5
2019-05-10,79.77431,262.6129,211.93124,31.670176,588.46106,184.03355,266.48102,170.56322
2019-05-11,114.392365,263.0484,249.1125,28.680702,602.8442,265.38925,345.61603,214.44254
2019-05-12,106.50347,260.1613,243.68124,24.529825,596.0195,257.85236,340.0675,202.27011
2019-05-13,95.1875,255.93549,235.2375,20.638596,584.29224,245.7718,331.1266,186.86208
2019-05-14,82.72222,250.70161,227.3375,17.56842,573.72076,234.03355,322.64978,171.81609
2019-05-15,76.72222,243.83871,220.39375,15.312281,562.53894,224.66443,315.2616,162.73563
2019-05-16,75.00347,242.01613,220.2,14.91579,567.55194,222.57047,314.5865,161.68391
2019-05-17,85.697914,260.10483,230.36874,16.185965,588.70776,239.8792,330.01688,174.477
2019-05-18,86.71875,259.44354,229.6,15.659649,587.70776,239.9463,330.22363,177.43103
2019-05-19,61.73264,262.39517,196.16875,16.817543,586.7013,164.27516,251.0,139.0977
2019-05-20,93.795135,274.7016,243.98125,17.407017,623.4545,261.04697,343.52744,195.12643
2019-05-21,95.34375,274.08066,243.025,17.035088,622.3182,260.9329,343.18143,194.78735
2019-05-22,101.46528,278.76614,247.09375,18.305264,627.6039,272.42953,356.85654,197.86781
2019-05-23,100.104164,282.75806,249.0625,17.2,632.1558,273.95303,358.55698,197.78162
2019-05-24,95.65625,284.07257,248.03125,15.901754,632.9026,268.60403,357.24893,191.7069
2019-05-25,89.142365,281.0484,244.21875,14.42807,629.5974,259.0,352.7342,176.72989
2019-05-26,84.84028,278.71774,242.0375,13.5754385,628.8961,253.16779,349.71307,173.21838
2019-05-27,87.802086,291.40323,249.175,13.65614,642.87665,258.5906,357.8481,175.77011
2019-05-28,85.40625,292.4113,249.65625,12.905263,642.0195,256.81207,357.72574,173.7931
2019-05-29,79.55903,288.4597,242.95,11.48772,635.5585,248.25504,349.7595,166.27011
2019-05-30,73.489586,282.7016,237.5625,9.884211,629.0909,240.30202,342.7342,156.0
2019-05-31,68.739586,277.60483,233.60625,8.754386,622.93506,233.67114,337.9367,148.39081
2019-06-01,64.204865,273.25806,228.90625,7.3824563,617.9935,226.68457,332.64557,139.477
2019-06-02,59.194443,268.8387,223.9875,5.8210526,611.2857,219.1745,327.15613,129.03448
2019-06-03,54.20139,264.46774,217.7125,4.2807016,602.70776,209.01343,320.27005,117.74138
2019-06-04,45.31597,258.42743,201.41875,3.1263158,586.4935,175.69798,282.97046,103.37931
2019-06-05,36.48611,247.23387,197.9125,2.1403508,570.2013,176.33557,297.15613,77.954025
2019-06-06,30.17014,232.50807,170.375,1.5473684,536.9156,160.71812,255.32068,62.563217
2019-06-07,27.065971,220.98387,158.80624,1.3438597,519.5844,150.28188,237.27003,56.37356
2019-06-08,25.75,213.55646,155.89375,1.2526315,511.33118,146.81209,233.72151,53.275864
2019-06-09,24.309029,205.29839,152.575,1.1894736,502.43506,143.5906,229.99577,50.12644
2019-06-10,22.180555,193.32259,146.03125,1.0666667,488.95456,135.91946,221.32489,43.95977
2019-06-11,18.770834,179.87097,136.8,0.85263157,468.83768,123.268456,207.6329,35.45977
2019-06-12,14.5,167.54839,126.44375,0.5859649,446.64935,106.966446,191.48523,27.45977
2019-06-13,10.270833,150.96774,112.65,0.34736842,419.68832,90.30202,171.14767,21.597702
2019-06-14,7.4409723,138.90323,104.4625,0.12280702,400.62988,80.59731,158.81857,15.816092
2019-06-15,5.5972223,128.4758,96.0375,0.0,382.35065,71.630875,146.85233,12.867816
2019-06-16,3.9513888,117.91936,87.6375,0.0,362.0974,62.483223,134.4346,10.787356
2019-06-17,2.5173612,108.77419,79.15625,0.0,343.9091,52.604027,119.39662,8.885057
2019-06-18,1.4305556,100.379036,68.73125,0.0,325.9156,39.637585,95.586494,6.7643676
2019-06-19,0.5659722,91.69355,61.78125,0.0,309.17532,33.671143,85.898735,4.5632186
2019-06-20,0.2013889,83.8871,54.70625,0.0,290.51947,27.785234,75.50211,2.810345
2019-06-21,0.090277776,77.69355,50.425,0.0,277.83768,24.832214,69.64135,1.7643678
2019-06-22,0.024305556,72.73387,47.8375,0.0,269.4026,23.147652,66.12236,1.2011495
2019-06-23,0.0,68.145164,45.225,0.0,260.513,21.81208,63.14346,0.8045977
2019-06-24,0.0,64.16936,42.16875,0.0,251.31169,19.738255,58.80169,0.33908045
2019-06-25,0.0,59.322582,38.88125,0.0,241.03247,17.449665,53.670887,0.07471264
2019-06-26,0.0,54.64516,35.6375,0.0,231.74675,15.563759,48.92827,0.0
2019-06-27,0.0,50.89516,33.6125,0.0,225.80519,14.348993,45.64135,0.0
2019-06-28,0.0,47.94355,32.25,0.0,220.58441,13.342282,43.021095,0.0
2019-06-29,0.0,45.008064,31.14375,0.0,213.95454,12.510067,40.970463,0.0
2019-06-30,0.0,41.370968,29.3125,0.0,205.43506,11.060403,37.734177,0.0
2019-07-01,0.0,38.798386,26.7875,0.0,196.55844,9.442953,33.738396,0.0
2019-07-02,0.0,35.822582,24.40625,0.0,189.21428,8.2348995,29.873417,0.0
2019-07-03,0.0,33.39516,22.1375,0.0,181.83116,7.2416105,25.936708,0.0
2019-07-04,0.0,30.903225,20.21875,0.0,175.65584,6.4362416,22.843882,0.0
2019-07-05,0.0,28.580645,18.5375,0.0,169.21428,5.5503354,19.91983,0.0
2019-07-06,0.0,26.588709,16.8125,0.0,161.2013,4.4362416,16.472574,0.0
2019-07-07,0.0,24.5,15.025,0.0,151.68831,3.1946309,12.953587,0.0
2019-07-08,0.0,22.935484,13.95,0.0,145.4935,2.2818792,10.848102,0.0
2019-07-09,0.0,21.32258,12.925,0.0,138.92207,1.4228188,9.14346,0.0
2019-07-10,0.0,20.112904,11.83125,0.0,131.75974,0.62416106,7.236287,0.0
2019-07-11,0.0,18.717741,10.44375,0.0,121.94805,0.0,5.092827,0.0
2019-07-12,0.0,17.169355,8.89375,0.0,111.35065,0.0,3.3080168,0.0
2019-07-13,0.0,15.346774,7.51875,0.0,100.0,0.0,2.0843883,0.0
2019-07-14,0.0,13.129032,6.16875,0.0,88.61688,0.0,1.1772152,0.0
2019-07-15,0.0,11.491936,5.34375,0.0,80.25974,0.0,0.6075949,0.0
2019-07-16,0.0,10.008064,4.53125,0.0,73.88961,0.0,0.08438819,0.0
2019-07-17,0.0,8.806452,3.76875,0.0,68.49351,0.0,0.0,0.0
2019-07-18,0.0,7.2580647,3.1,0.0,61.577923,0.0,0.0,0.0
2019-07-19,0.0,5.685484,2.51875,0.0,54.25974,0.0,0.0,0.0
2019-07-20,0.0,4.064516,1.9,0.0,47.863636,0.0,0.0,0.0
2019-07-21,0.0,3.096774,1.4875,0.0,42.20779,0.0,0.0,0.0
2019-07-22,0.0,2.3951614,1.175,0.0,36.025974,0.0,0.0,0.0
2019-07-23,0.0,1.6451613,0.83125,0.0,30.551949,0.0,0.0,0.0
2019-07-24,0.0,1.048387,0.5375,0.0,26.532467,0.0,0.0,0.0
2019-07-25,0.0,0.7177419,0.23125,0.0,22.175325,0.0,0.0,0.0
2019-07-26,0.0,0.5,0.0,0.0,18.90909,0.0,0.0,0.0
2019-07-27,0.0,0.23387097,0.0,0.0,16.363636,0.0,0.0,0.0
2019-07-28,0.0,0.0,0.0,0.0,13.136364,0.0,0.0,0.0
2019-07-29,0.0,0.0,0.0,0.0,9.941559,0.0,0.0,0.0
2019-07-30,0.0,0.0,0.0,0.0,7.4935064,0.0,0.0,0.0
2019-07-31,0.0,0.0,0.0,0.0,5.8831167,0.0,0.0,0.0
2019-08-01,0.0,0.0,0.0,0.0,4.7727275,0.0,0.0,0.0
2019-08-02,0.0,0.0,0.0,0.0,3.8896103,0.0,0.0,0.0
2019-08-03,0.0,0.0,0.0,0.0,3.2337663,0.0,0.0,0.0
2019-08-04,0.0,0.0,0.0,0.0,2.4415584,0.0,0.0,0.0
2019-08-05,0.0,0.0,0.0,0.0,1.7402598,0.0,0.0,0.0
2019-08-06,0.0,0.0,0.0,0.0,1.2467532,0.0,0.0,0.0
2019-08-07,0.0,0.0,0.0,0.0,0.6753247,0.0,0.0,0.0
2019-08-08,0.0,0.0,0.0,0.0,0.26623377,0.0,0.0,0.0
2019-08-09,0.0,0.0,0.0,0.0,0.077922076,0.0,0.0,0.0
2019-08-10,0.0,0.0,0.0,0.0,0.0,0.0,0.0,0.0
2019-08-11,0.0,0.0,0.0,0.0,0.0,0.0,0.0,0.0
2019-08-12,0.0,0.0,0.0,0.0,0.0,0.0,0.0,0.0
2019-08-13,0.0,0.0,0.0,0.0,0.0,0.0,0.0,0.0
2019-08-14,0.0,0.0,0.0,0.0,0.0,0.0,0.0,0.0
2019-08-15,0.0,0.0,0.0,0.0,0.0,0.0,0.0,0.0
2019-08-16,0.0,0.0,0.0,0.0,0.0,0.0,0.0,0.0
2019-08-17,0.0,0.0,0.0,0.0,0.0,0.0,0.0,0.0
2019-08-18,0.0,0.0,0.0,0.0,0.0,0.0,0.0,0.0
2019-08-19,0.0,0.0,0.0,0.0,0.0,0.0,0.0,0.0
2019-08-20,0.0,0.0,0.0,0.0,0.0,0.0,0.0,0.0
2019-08-21,0.0,0.0,0.0,0.0,0.0,0.0,0.0,0.0
2019-08-22,0.0,0.0,0.0,0.0,0.0,0.0,0.0,0.0
2019-08-23,0.0,0.0,0.0,0.0,0.0,0.0,0.0,0.0
2019-08-24,0.0,0.0,0.0,0.0,0.0,0.0,0.0,0.0
2019-08-25,0.0,0.0,0.0,0.0,0.0,0.0,0.0,0.0
2019-08-26,0.0,0.0,0.0,0.0,0.0,0.0,0.0,0.0
2019-08-27,0.0,0.0,0.0,0.0,0.0,0.0,0.0,0.0
2019-08-28,0.0,0.0,0.0,0.0,0.0,0.0,0.0,0.0
2019-08-29,0.0,0.0,0.0,0.0,0.0,0.0,0.0,0.0
2019-08-30,0.0,0.0,0.0,0.0,0.0,0.0,0.0,0.0
2019-08-31,0.0,0.0,0.0,0.0,0.0,0.0,0.0,0.0
2019-09-01,0.0,0.0,0.0,0.0,0.0,0.0,0.0,0.0
2019-09-02,0.0,0.0,0.0,0.0,0.0,0.0,0.0,0.0
2019-09-03,0.0,0.0,0.0,0.0,0.0,0.0,0.0,0.0
2019-09-04,0.0,0.0,0.0,0.0,0.0,0.0,0.0,0.0
2019-09-05,0.0,0.0,0.0,0.0,0.0,0.0,0.0,0.0
2019-09-06,0.0,0.0,0.0,0.0,0.0,0.0,0.0,0.0
2019-09-07,0.0,0.0,0.0,0.0,0.0,0.0,0.0,0.0
2019-09-08,0.0,0.0,0.0,0.0,0.0,0.0,0.0,0.0
2019-09-09,0.0,0.0,0.0,0.0,0.0,0.0,0.0,0.0
2019-09-10,0.0,0.0,0.0,0.0,0.0,0.0,0.0,0.0
2019-09-11,0.0,0.0,0.0,0.0,0.0,0.0,0.0,0.0
2019-09-12,0.0,0.0,0.0,0.0,0.0,0.0,0.0,0.0
2019-09-13,0.0,0.0,0.0,0.0,0.0,0.0,0.0,0.0
2019-09-14,0.0,0.0,0.0,0.0,0.0,0.0,0.0,0.0
2019-09-15,0.0,0.0,0.0,0.0,0.0,0.0,0.0,0.0
2019-09-16,0.0,0.0,0.0,0.0,0.0,0.0,0.0,0.0
2019-09-17,0.0,0.0,0.0,0.0,0.0,0.0,0.0,0.0
2019-09-18,0.0,0.0,0.0,0.0,0.0,0.0,0.0,0.0
2019-09-19,0.0,0.0,0.0,0.0,0.0,0.0,0.0,0.0
2019-09-20,0.0,0.0,0.0,0.0,0.0,0.0,0.0,0.0
2019-09-21,0.0,0.0,0.0,0.0,0.0,0.0,0.0,0.0
2019-09-22,0.0,0.0,0.0,0.0,0.0,0.0,0.0,0.0
2019-09-23,0.0,0.0,0.0,0.0,0.0,0.0,0.0,0.0
2019-09-24,0.0,0.0,0.0,0.0,0.0,0.0,0.0,0.0
2019-09-25,0.0,0.0,0.0,0.0,0.0,0.0,0.0,0.0
2019-09-26,0.0,0.0,0.0,0.0,0.0,0.0,0.0,0.0
2019-09-27,0.0,0.0,0.0,0.0,0.0,0.0,0.0,0.0
2019-09-28,0.0,0.0,0.0,0.0,0.0,0.0,0.0,0.0
2019-09-29,0.0034722222,0.0,0.0,0.0,0.3181818,0.0738255,0.08438819,0.06896552
2019-09-30,1.5347222,0.0,0.0375,0.10175438,0.3181818,0.5167785,0.60337555,3.1149426
2019-10-01,1.1770834,0.0,0.0125,0.9017544,0.17532468,0.5100671,0.39240506,2.362069
2019-10-02,0.7986111,0.0,0.01875,0.4245614,0.16883117,0.33557048,0.36708862,2.045977
2019-10-03,0.121527776,0.0,0.0,0.045614034,0.18181819,0.026845638,0.08438819,0.88505745
2019-10-04,0.020833334,0.0,0.0,0.0,0.14935064,0.0,0.0,0.14367816
2019-10-05,0.0,0.0,0.0,0.0,0.0,0.0,0.0,0.040229887
2019-10-06,0.0,0.0,0.0,0.0,0.0,0.0,0.0,0.0
2019-10-07,0.0,0.0,0.0,0.0,0.0,0.0,0.0,0.0
2019-10-08,0.0,0.0,0.0,0.0,0.0,0.0,0.0,0.0
2019-10-09,0.0,0.0,0.0,0.0,0.0,0.0,0.0,0.0
2019-10-10,0.0,0.0,0.0,0.0,0.0,0.0,0.0,0.0
2019-10-11,0.0,0.0,0.0,0.0,0.0,0.0,0.0,0.0
2019-10-12,0.0,0.0,0.0,0.0,0.0,0.0,0.0,0.0
2019-10-13,0.0,0.0,0.0,0.0,0.0,0.0,0.0,0.0
2019-10-14,0.0,0.0,0.0,0.0,0.0,0.0,0.0,0.0
2019-10-15,0.0,0.0,0.0,0.0,0.0,0.0,0.0,0.0
2019-10-16,0.0,0.0,0.0,0.0,0.0,0.0,0.0,0.0
2019-10-17,0.0,0.0,0.0,0.0,0.0,0.0,0.0,0.0
2019-10-18,0.0,0.0,0.0,0.0,0.0,0.0,0.0,0.0
2019-10-19,0.0,0.0,0.0,0.0,0.0,0.0,0.0,0.0
2019-10-20,0.0,0.0,0.0,0.0,0.0,0.0,0.0,0.0
2019-10-21,0.0,0.0,0.0,0.0,0.0,0.0,0.0,0.0
2019-10-22,0.0,0.0,0.0,0.0,0.0,0.0,0.0,0.0
2019-10-23,0.0,0.0,0.0,0.0,0.0,0.0,0.0,0.0
2019-10-24,0.0,0.0,0.0,0.0,0.0,0.0,0.0,0.0
2019-10-25,0.0,0.0,0.0,0.0,0.0,0.0,0.0,0.0
2019-10-26,0.0,0.0,0.0,0.0,0.0,0.0,0.0,0.0
2019-10-27,0.0,0.0,0.0,0.0,0.0,0.0,0.0,0.0
2019-10-28,0.0,0.0,0.0,0.0,0.0,0.0,0.0,0.0
2019-10-29,0.0,0.0,0.0,0.0,0.0,0.0,0.0,0.0
2019-10-30,0.0,0.0,0.0,0.0,0.0,0.0,0.0,0.0
2019-10-31,0.0,0.0,0.0,0.0,0.0,0.033557046,0.008438818,0.0
2019-11-01,0.0,0.0,0.0,0.0,0.0,0.0,0.0,0.0
2019-11-02,0.0,0.0,0.0,0.0,0.0,0.0,0.0,0.0
2019-11-03,0.0,0.0,0.0,0.0,0.0,0.0,0.0,0.0
2019-11-04,0.0,0.0,0.0,0.0,0.0,0.0,0.0,0.0
2019-11-05,0.0,0.0,0.0,0.0,0.0,0.0,0.0,0.0
2019-11-06,0.0,0.0,0.0,0.0,0.0,0.0,0.0,0.0
2019-11-07,0.0,0.0,0.0,0.0,0.0,0.0,0.0,0.0
2019-11-08,0.0,0.0,0.0,0.0,0.0,0.0,0.0,0.0
2019-11-09,0.0,0.0,0.0,0.0,0.0,0.0,0.0,0.0
2019-11-10,0.0,0.0,0.0,0.0,0.0,0.0,0.0,0.0
2019-11-11,0.0,0.0,0.0,0.0,0.0,0.0,0.0,0.0
2019-11-12,0.0,0.0,0.0,0.0,0.0,0.0,0.0,0.0
2019-11-13,0.0,0.0,0.0,0.0,0.0,0.0,0.0,0.0
2019-11-14,0.0,0.0,0.0,0.0,0.0,0.0,0.0,0.0
2019-11-15,0.0,0.0,0.0,0.0,0.0,0.0,0.0,0.0
2019-11-16,0.0,0.0,0.0,0.0,0.0,0.0,0.0,0.0
2019-11-17,0.0,0.0,0.0,0.0,0.0,0.0,0.0,0.0
2019-11-18,0.0,0.0,0.0,0.0,0.0,0.0,0.0,0.0
2019-11-19,0.0,0.0,0.0,0.0,0.0,0.0,0.0,0.0
2019-11-20,0.0,0.0,0.0,0.0,0.0,0.026845638,0.042194095,0.0
2019-11-21,0.28125,7.048387,0.0,0.0,0.09090909,0.42281878,0.18565401,0.0
2019-11-22,0.21180555,6.983871,0.0,0.0,0.09090909,0.5704698,0.21518987,0.0
2019-11-23,0.1701389,6.717742,0.0,0.0,0.09090909,0.4966443,0.21518987,0.0
2019-11-24,0.13541667,6.137097,0.0,0.0,0.09090909,0.44966444,0.21518987,0.0
2019-11-25,0.027777778,4.233871,0.0,0.0,0.09090909,0.08053691,0.080168776,0.0
2019-11-26,0.027777778,4.233871,0.0,0.0,0.09090909,0.06711409,0.067510545,0.0
2019-11-27,13.565972,15.790322,9.11875,15.403509,14.532468,18.067114,14.991561,17.816092
2019-11-28,25.774305,42.612904,25.41875,21.778948,41.974026,34.919464,30.56962,29.896551
2019-11-29,29.559029,57.072582,30.98125,22.526316,52.512985,41.91275,37.590717,31.816092
2019-11-30,32.43403,69.16936,36.925,22.673685,63.79221,44.90604,41.19831,35.16092
2019-12-01,43.38889,77.395164,54.8125,39.547367,80.597404,63.28859,59.118145,50.591953
2019-12-02,55.104168,81.44355,71.53125,71.53333,106.57792,86.40269,80.24473,69.793106
2019-12-03,58.586807,79.73387,71.86875,71.922806,108.00649,102.60403,91.742615,68.94827
2019-12-04,50.25,80.02419,67.96875,66.27719,106.92857,99.2349,87.059074,64.97701
2019-12-05,55.05903,101.55645,75.375,68.25965,131.92857,100.80537,93.51055,65.41954
2019-12-06,53.37153,100.09677,73.14375,65.85965,131.12338,98.442955,91.417725,62.87931
2019-12-07,52.368057,98.75,70.75625,65.063156,130.33766,96.19463,89.025314,64.27586
2019-12-08,59.47222,108.51613,84.8625,75.97895,159.67532,110.818794,103.303795,75.89081
2019-12-09,60.15278,117.79032,88.16875,75.789474,168.6039,111.85906,105.379745,75.64368
2019-12-10,59.39236,115.51613,87.35625,72.75088,161.12338,115.24832,102.64557,69.89081
2019-12-11,57.79514,116.33871,86.40625,72.86316,167.68182,109.73826,103.36709,72.764366
2019-12-12,58.538193,113.8871,85.3375,73.519295,166.36363,109.469795,102.86498,75.58046
2019-12-13,57.67361,108.73387,83.41875,70.97895,163.18182,110.020134,101.383965,73.51724
2019-12-14,62.1875,106.75,86.2625,76.52982,165.03247,114.36242,107.308014,83.333336
2019-12-15,65.86806,108.84677,87.29375,80.08772,166.61038,119.456375,110.8903,87.56896
2019-12-16,65.62153,108.854836,86.5125,80.17895,166.14285,119.24832,110.261604,87.85632
2019-12-17,65.55556,108.879036,86.0875,79.97895,166.07143,118.73826,109.83122,86.833336
2019-12-18,65.517365,108.879036,86.89375,79.83158,166.46753,120.442955,110.70464,85.9885
2019-12-19,65.49306,108.879036,86.40625,81.86667,166.21428,120.020134,109.70886,87.20115
2019-12-20,65.017365,108.75,86.39375,81.477196,166.0974,118.006714,109.81013,87.43104
2019-12-21,63.927082,106.90323,85.15625,79.40702,164.77922,115.979866,108.31645,85.95977
2019-12-22,62.65972,105.19355,84.06875,76.8386,163.52597,111.01342,106.898735,85.31609
2019-12-23,64.78819,109.048386,87.04375,80.505264,169.16234,119.51007,112.79325,87.706894
2019-12-24,65.90972,133.57259,92.81875,80.67719,184.2078,123.57718,118.15612,88.17242
2019-12-25,65.986115,136.28226,93.99375,80.638596,188.07793,123.68456,118.8481,88.06322
2019-12-26,66.18056,137.01613,93.18125,80.75088,188.12338,123.456375,117.79747,88.293106
2019-12-27,66.21875,138.70161,92.9875,80.65263,188.0065,124.033554,117.780594,88.12069
2019-12-28,64.142365,138.70161,94.7875,80.54035,188.88312,130.68457,119.76793,85.75862
2019-12-29,65.670135,138.6371,93.6875,79.83509,188.35065,124.543625,118.68355,86.31609
2019-12-30,65.75694,138.3629,93.8375,80.38596,188.46753,124.59731,118.87342,86.505745
2019-12-31,65.5625,138.08871,93.43125,79.63158,188.16884,124.69798,118.50211,86.31035
2020-01-01,64.50694,137.19354,93.05,78.1614,188.09091,123.2349,118.308014,85.67816
2020-01-02,63.93403,135.15323,92.69375,77.12982,187.74675,121.832214,118.025314,84.074715
2020-01-03,61.52778,133.75,92.05,75.522804,187.06494,128.09396,117.582275,81.89081
2020-01-04,61.82986,130.01613,90.5625,72.15439,185.16234,119.69128,116.173,79.36781
2020-01-05,61.25347,127.72581,89.4625,72.908775,183.54546,116.63758,115.07595,81.89655
2020-01-06,61.25347,126.53226,88.8,72.82456,183.03247,116.181206,114.48523,81.62069
2020-01-07,59.92014,124.84677,87.9,71.68772,182.46104,116.39597,113.56962,80.18391
2020-01-08,59.62847,123.23387,87.71875,71.01053,181.74026,115.94631,113.37131,80.14942
2020-01-09,59.97222,123.120964,87.675,71.86316,181.66884,116.02685,113.40506,79.545975
2020-01-10,61.25,123.120964,87.2,74.40351,181.36363,116.87248,112.60338,83.373566
2020-01-11,61.600693,123.02419,88.1125,74.29474,181.74675,118.469795,113.75527,82.06896
2020-01-12,62.618057,123.008064,87.5125,74.84561,181.43506,116.79195,113.3249,85.06322
2020-01-13,63.65972,122.75,88.075,75.10175,181.64285,118.34899,113.85232,85.89655
2020-01-14,67.604164,122.08871,87.59375,82.45263,181.25974,119.20134,113.658226,92.14368
2020-01-15,69.739586,121.98387,87.41875,86.54737,181.01299,118.89933,114.40506,97.25288
2020-01-16,71.43056,121.379036,87.8,86.40702,181.07793,121.530205,114.18987,95.18391
2020-01-17,81.520836,136.95161,98.0125,105.87018,200.88962,142.56375,129.75105,113.5977
2020-01-18,85.666664,136.95161,97.01875,106.55789,200.38962,135.33557,128.58228,113.55173
2020-01-19,81.079865,135.9758,96.73125,106.063156,200.33116,141.99329,128.9789,112.89081
2020-01-20,77.15972,130.93549,95.15,104.03158,199.16234,138.85905,126.383965,108.5977
2020-01-21,78.875,129.80646,93.6,101.810524,197.46753,129.43625,123.94936,107.64942
2020-01-22,80.673615,129.20967,93.48125,103.61404,196.87662,129.81879,124.054855,112.833336
2020-01-23,79.173615,127.54032,93.025,101.31579,196.03896,128.06041,123.72996,111.24712
2020-01-24,77.68056,125.354836,92.125,98.82456,194.85065,128.09396,123.31223,109.24712
2020-01-25,76.3125,122.798386,91.21875,96.063156,192.91559,125.818794,122.666664,107.27586
2020-01-26,74.44097,120.17742,90.31875,92.81754,190.84416,125.67785,122.139244,104.155174
2020-01-27,76.89931,119.75,92.89375,93.24561,193.76624,131.87248,127.39662,107.4023
2020-01-28,80.69444,124.620964,101.2125,101.41754,196.32468,147.55705,133.07594,114.9023
2020-01-29,76.60069,117.77419,93.00625,92.13684,193.51949,131.20805,127.3924,106.02299
2020-01-30,76.30903,117.701614,92.8125,90.357895,193.46753,132.04027,127.32068,102.20115
2020-01-31,74.947914,116.41936,92.01875,86.55438,192.55844,130.7651,126.691986,100.32758
2020-02-01,72.46181,112.16129,90.2375,79.22456,189.24026,128.81879,125.8692,95.33908
2020-02-02,70.329865,104.97581,87.5375,72.74035,184.03247,126.845634,124.36287,90.01724
2020-02-03,70.96875,104.84677,86.74375,72.82105,183.63637,127.32886,123.65401,91.29885
2020-02-04,64.24306,104.84677,85.225,72.85965,183.14935,127.72483,119.09283,93.18391
2020-02-05,70.88194,104.84677,86.2875,73.214035,183.69481,131.8792,120.535866,95.87931
2020-02-06,69.767365,104.78226,86.975,72.02105,183.9026,130.7047,122.93671,92.75862
2020-02-07,68.99653,102.620964,86.39375,68.25263,182.62987,124.845634,123.55696,93.66092
2020-02-08,67.59375,99.52419,84.91875,63.470177,180.27272,123.67114,122.83966,89.58046
2020-02-09,67.923615,98.201614,84.4625,62.97193,179.2987,124.26174,122.77215,89.55173
2020-02-10,68.28819,98.201614,83.725,62.80702,178.97403,124.20134,122.07173,88.44253
2020-02-11,67.798615,97.75,83.90625,61.74386,178.94156,125.067116,122.29536,84.35058
2020-02-12,67.052086,97.33064,83.025,59.649124,178.69481,126.442955,121.61182,83.52873
2020-02-13,66.46181,97.05645,82.95,57.7193,178.42207,124.57718,122.02953,83.77586
2020-02-14,65.822914,96.69355,82.11875,55.445614,177.59091,122.79866,121.3924,81.06896
2020-02-15,65.31597,96.395164,82.4375,53.017544,177.47403,121.442955,121.616035,81.52873
2020-02-16,64.736115,95.76613,82.28125,51.2807,176.66234,120.38926,121.417725,81.844826
2020-02-17,64.96181,94.57258,81.9125,50.312283,175.43506,119.52349,121.14768,85.235634
2020-02-18,64.78472,93.96774,81.3625,49.831577,174.82468,120.255035,120.96203,85.08046
2020-02-19,64.55556,93.645164,80.73125,49.23158,174.2078,119.97315,120.586494,84.195404
2020-02-20,64.232635,93.42742,80.66875,48.589474,174.13637,120.093956,120.62447,81.28161
2020-02-21,63.805557,93.201614,78.48125,46.88421,172.51299,125.181206,121.29114,77.93678
2020-02-22,62.836807,92.77419,80.08125,44.14737,174.09091,120.39597,120.181435,77.43678
2020-02-23,62.17361,102.814514,82.925,41.214035,181.46104,118.18792,121.27848,77.27586
2020-02-24,61.65972,102.758064,82.51875,39.45614,181.11038,117.89933,120.978905,75.97701
2020-02-25,60.774307,101.298386,81.6,38.02807,180.48051,117.08725,120.40929,75.413795
2020-02-26,59.48264,99.44355,80.31875,35.698246,179.35715,115.932884,119.70886,71.35632
2020-02-27,57.569443,98.145164,78.95625,32.550877,177.46753,114.57047,118.860756,68.68391
2020-02-28,54.989582,96.53226,77.14375,29.17193,175.25325,112.53691,117.43038,66.126434
2020-02-29,53.163193,95.26613,75.7375,26.968422,173.26624,111.0,116.105484,62.977013
2020-03-01,53.256943,94.96774,75.7625,27.02456,173.04546,112.10067,115.261604,61.787357
2020-03-02,55.788193,96.048386,76.175,27.214035,175.94806,115.530205,116.91983,61.08621
2020-03-03,55.61111,96.048386,76.1375,26.968422,175.8961,114.71141,117.36287,61.712643
2020-03-04,53.88889,95.379036,74.74375,24.968422,174.94806,113.68456,115.81013,58.844826
2020-03-05,51.774307,94.25,72.95,22.010527,172.7987,111.718124,114.99578,57.689655
2020-03-06,38.49653,92.8871,67.33125,19.726316,169.30519,95.2953,104.87342,50.13793
2020-03-07,47.32986,92.258064,71.175,18.501755,169.63637,105.966446,113.36287,54.988506
2020-03-08,37.989582,92.258064,66.025,19.343859,167.15584,93.62416,103.79747,49.850574
2020-03-09,38.10764,92.258064,66.025,19.487719,167.15584,93.56376,103.79325,50.712643
2020-03-10,47.072918,92.258064,70.775,19.442104,169.4026,105.79195,112.8481,53.08046
2020-03-11,46.23611,95.629036,71.025,18.119299,170.90909,105.557045,113.27426,52.442528
2020-03-12,45.29514,96.048386,70.825,16.74035,172.14935,104.41611,112.56962,51.57471
2020-03-13,43.82639,95.83064,70.25625,15.357895,171.61038,102.28859,112.383965,49.793102
2020-03-14,43.42361,95.895164,69.86875,14.754386,170.86363,101.94631,112.48101,46.528736
2020-03-15,59.89236,97.66129,71.9875,33.74386,177.85715,111.38255,115.99578,78.804596
2020-03-16,100.39931,98.758064,91.575,55.65614,204.82468,154.71141,149.81012,116.14942
2020-03-17,117.02431,124.241936,109.6125,75.67368,240.72728,174.15436,171.49367,135.48276
2020-03-18,120.013885,124.57258,109.8625,86.6,241.51949,175.2282,172.32489,143.09195
2020-03-19,122.875,124.54032,110.44375,88.522804,241.61038,177.24832,173.91983,147.60345
2020-03-20,123.763885,127.72581,112.1125,88.39298,243.83116,177.84564,175.37553,148.39081
2020-03-21,122.90972,128.62097,111.5875,86.91579,245.08441,177.57047,174.94937,146.6207
2020-03-22,121.298615,129.0,111.425,80.72632,245.03247,176.13423,174.81012,142.82759
2020-03-23,119.489586,142.71774,112.49375,71.98245,253.01949,177.06041,174.02531,139.54024
2020-03-24,119.642365,145.45967,113.9125,69.84561,254.74026,178.11409,174.6287,138.16092
2020-03-25,129.63194,144.62903,121.0,73.8421,260.89612,187.36913,183.16878,147.89081
2020-03-26,132.29167,152.69354,124.55625,77.61053,267.93506,190.9463,186.64557,150.63219
2020-03-27,133.26389,156.25807,126.46875,77.54035,274.17532,192.39597,189.40085,151.64943
2020-03-28,133.06944,156.39516,126.71875,76.954384,275.05844,192.78523,188.97046,150.95976
2020-03-29,134.96527,156.95161,127.5375,77.13684,276.35715,195.73154,189.54852,153.86208
2020-03-30,134.77083,160.45967,128.375,74.477196,279.45456,197.68457,189.91983,152.71265
2020-03-31,133.66667,158.71774,127.975,71.98245,278.24026,198.75168,189.12236,151.71265
2020-04-01,104.201385,151.83871,119.46875,65.14035,271.01947,172.2282,173.56119,132.75287
2020-04-02,129.31944,148.8629,122.9375,65.2807,271.67532,195.93959,181.9325,145.12643
2020-04-03,128.02777,147.66129,122.75625,64.378944,271.33768,195.45638,182.08438,143.6207
2020-04-04,125.15972,145.93549,120.925,61.638596,269.72076,190.57047,178.90717,140.6207
2020-04-05,130.18402,144.04839,122.275,72.53684,269.9091,191.69798,180.05486,157.50575
2020-04-06,158.22223,170.18549,148.6625,88.34737,329.25974,230.44295,214.08017,184.38506
2020-04-07,161.12848,186.05646,154.51875,88.45965,350.8052,238.13423,222.67088,184.75287
2020-04-08,159.19098,199.24193,154.0,81.52982,353.2143,237.5839,222.24051,182.66667
2020-04-09,149.7118,219.43549,152.79375,65.24912,359.0844,232.97316,221.81435,173.89655
2020-04-10,134.8993,221.95161,154.0625,52.56491,365.13635,229.0,223.08438,176.31035
2020-04-11,145.68056,221.2742,153.24374,41.308773,364.76624,239.8255,221.74684,163.8046
2020-04-12,134.95833,216.95161,148.9125,31.835087,361.35065,229.66443,214.51898,151.67241
2020-04-13,123.46528,211.37097,145.7125,27.340351,358.14935,223.79195,210.76793,141.477
2020-04-14,121.25,208.0242,143.48125,25.25614,356.89612,221.00671,209.05907,136.56897
2020-04-15,94.079865,205.45967,141.55624,22.582457,355.01947,192.7718,205.22784,121.206894
2020-04-16,80.12847,199.33064,136.9875,19.147367,348.85065,183.9463,199.7384,106.954025
2020-04-17,73.93403,192.4758,132.45625,17.080702,343.42856,177.65771,195.61603,98.4885
2020-04-18,92.079865,193.76613,134.78125,15.368421,349.18182,199.57047,201.70464,103.735634
2020-04-19,87.64931,197.29033,133.9875,14.059649,348.48053,195.62416,200.45148,97.304596
2020-04-20,84.173615,196.1129,133.3375,13.396491,347.12338,188.11409,204.71307,92.35058
2020-04-21,81.88194,198.44354,133.35625,12.5754385,348.7857,185.79195,204.22784,86.494255
2020-04-22,59.53472,195.2742,127.78125,11.291228,343.7922,161.44295,190.01688,75.94253
2020-04-23,54.552082,189.1129,122.25,9.94386,336.18182,152.8792,184.14767,69.01724
2020-04-24,64.77431,180.8871,124.35,8.617544,329.56494,167.62416,199.04219,65.12069
2020-04-25,59.125,169.73387,120.2375,7.2842107,318.5909,162.43625,197.44725,57.70115
2020-04-26,52.725693,158.42741,114.93125,5.936842,305.36365,156.81209,193.8692,50.50575
2020-04-27,48.09375,150.89516,109.05,4.659649,295.52597,150.38927,189.13503,43.982758
2020-04-28,43.208332,142.45967,103.03125,3.5894737,284.16232,143.28859,183.33333,38.063217
2020-04-29,35.84722,129.42741,92.23125,2.42807,265.25323,131.2282,172.45148,30.45977
2020-04-30,26.260416,116.91936,80.8,1.8,246.07143,116.72483,158.21097,24.41954
2020-05-01,23.927084,107.44355,72.14375,1.5298246,231.35715,108.21477,143.0,21.293104
2020-05-02,21.850695,102.33064,65.03125,1.354386,222.61038,101.12752,130.40929,18.270115
2020-05-03,20.305555,98.1371,62.95,1.2350878,217.55844,96.932884,127.139244,16.402298
2020-05-04,19.309029,96.241936,61.81875,1.1543859,215.68831,94.268456,125.59494,14.965517
2020-05-05,19.32639,93.32258,60.10625,1.0280702,212.45454,89.469795,123.49367,13.695402
2020-05-06,14.996528,88.548386,53.9375,0.8561404,205.31818,67.879196,101.48101,13.321839
2020-05-07,14.006945,82.1371,53.05625,0.75789475,197.75974,73.38926,113.08861,10.58046
2020-05-08,12.291667,73.25,48.4625,0.64912283,186.14285,67.20134,106.54852,12.764368
2020-05-09,8.510417,64.1371,40.3125,0.48070174,172.31818,50.81208,81.79325,7.086207
2020-05-10,7.3020835,56.475807,37.24375,0.29473683,160.93506,50.10067,87.894516,6.724138
2020-05-11,5.5555553,50.70968,32.9,0.15438597,150.07793,43.94631,79.898735,5.0
2020-05-12,4.8541665,49.129032,31.6,0.0877193,146.38962,41.72483,76.93671,4.2011495
2020-05-13,4.875,49.080647,31.43125,0.09122807,145.69481,43.18792,76.894516,4.54023
2020-05-14,4.7916665,48.887096,30.86875,0.077192985,144.85065,42.067116,76.05064,4.6034484
2020-05-15,4.8402777,48.741936,30.19375,0.07368421,144.28572,40.966442,78.18987,4.3965516
2020-05-16,3.9965277,48.241936,29.375,0.0,141.94156,40.604027,72.20253,3.3563218
2020-05-17,3.0902777,45.98387,26.8,0.0,136.58441,34.979866,67.11814,2.0344827
2020-05-18,3.4930556,43.814518,24.1875,0.0,131.51949,30.476511,55.79747,1.6149426
2020-05-19,6.9027777,53.04032,34.025,0.024561403,147.43506,54.91275,85.40084,5.7643676
2020-05-20,7.423611,56.322582,35.15625,0.038596492,150.85715,46.201344,79.21519,7.6666665
2020-05-21,5.2256947,55.48387,34.43125,0.007017544,150.01299,44.040268,78.47257,6.0
2020-05-22,4.3125,53.45968,34.2,0.0,149.09091,38.4698,82.97047,2.7873564
2020-05-23,3.2465277,52.45968,32.55,0.0,148.11038,36.114094,80.36709,2.137931
2020-05-24,2.7708333,50.991936,30.31875,0.0,146.32468,38.18792,75.67088,1.3965517
2020-05-25,2.9895833,47.94355,26.58125,0.0,142.02597,31.912752,60.818565,0.45402297
2020-05-26,1.3333334,43.596775,22.7375,0.0,133.68182,25.610739,54.814346,0.05172414
2020-05-27,0.7951389,37.330647,17.35625,0.0,120.24026,19.442953,43.72574,0.0
2020-05-28,0.7847222,30.717741,13.4125,0.0,106.63636,16.0,35.755276,0.0
2020-05-29,0.3923611,24.282259,9.39375,0.0,92.61688,11.697987,26.64979,0.0
2020-05-30,0.15972222,20.483871,6.1375,0.0,78.46104,7.932886,18.78903,0.0
2020-05-31,0.13194445,19.362904,5.06875,0.0,58.454544,6.09396,16.341772,0.0
2020-06-01,0.072916664,15.048388,4.575,0.0,63.5,5.7449665,14.451477,0.0
2020-06-02,0.0,14.387096,4.2125,0.0,59.584415,4.939597,12.658228,0.0
2020-06-03,0.0,13.112904,3.38125,0.0,53.142857,3.885906,9.590717,0.0
2020-06-04,0.0,11.645162,2.35625,0.0,46.344154,2.6174498,5.957806,0.0
2020-06-05,0.0,10.282258,1.7,0.0,38.597404,1.3825504,3.3670886,0.0
2020-06-06,0.0,9.290322,1.3625,0.0,32.422077,0.75838923,1.9620253,0.0
2020-06-07,0.0,8.991936,1.26875,0.0,32.012985,0.5167785,1.3586497,0.0
2020-06-08,0.055555556,8.991936,1.36875,0.0,32.025974,0.62416106,1.9451476,0.04597701
2020-06-09,0.0,8.991936,1.325,0.0,32.012985,0.738255,1.8607595,0.0
2020-06-10,0.0,8.959678,1.25,0.0,31.285715,0.6510067,1.5316455,0.0
2020-06-11,0.0,8.419354,1.05,0.0,28.467533,0.30201343,0.7679325,0.0
2020-06-12,0.0,7.66129,0.925,0.0,25.27922,0.053691275,0.16455697,0.0
2020-06-13,0.0,7.225806,0.91875,0.0,24.27922,0.040268455,0.11814346,0.0
2020-06-14,0.0,6.887097,0.925,0.0,23.98052,0.033557046,0.11814346,0.0
2020-06-15,0.0,6.790323,0.89375,0.0,23.103895,0.0,0.07594936,0.0
2020-06-16,0.0,6.443548,0.825,0.0,21.506493,0.0,0.0,0.0
2020-06-17,0.0,5.895161,0.7875,0.0,20.428572,0.0,0.0,0.0
2020-06-18,0.0,5.290323,0.74375,0.0,18.915585,0.0,0.0,0.0
2020-06-19,0.0,4.435484,0.6375,0.0,16.928572,0.0,0.0,0.0
2020-06-20,0.0,3.8225806,0.50625,0.0,14.597403,0.0,0.0,0.0
2020-06-21,0.0,3.217742,0.3125,0.0,12.012987,0.0,0.0,0.0
2020-06-22,0.0,2.5,0.08125,0.0,8.194805,0.0,0.0,0.0
2020-06-23,0.0,1.733871,0.0,0.0,4.37013,0.0,0.0,0.0
2020-06-24,0.0,0.983871,0.0,0.0,1.7922078,0.0,0.0,0.0
2020-06-25,0.0,0.5403226,0.0,0.0,1.0519481,0.0,0.0,0.0
2020-06-26,0.0,0.27419356,0.0,0.0,0.64935064,0.0,0.0,0.0
2020-06-27,0.0,0.016129032,0.0,0.0,0.41558442,0.0,0.0,0.0
2020-06-28,0.0,0.0,0.0,0.0,0.17532468,0.0,0.0,0.0
2020-06-29,0.0,0.0,0.0,0.0,0.077922076,0.0,0.0,0.0
2020-06-30,0.0,0.0,0.0,0.0,0.0,0.0,0.0,0.0
2020-07-01,0.0,0.0,0.0,0.0,0.0,0.0,0.0,0.0
2020-07-02,0.0,0.0,0.0,0.0,0.0,0.0,0.0,0.0
2020-07-03,0.0,0.0,0.0,0.0,0.0,0.0,0.0,0.0
2020-07-04,0.0,0.0,0.0,0.0,0.0,0.0,0.0,0.0
2020-07-05,0.0,0.0,0.0,0.0,0.0,0.0,0.0,0.0
2020-07-06,0.0,0.0,0.0,0.0,0.0,0.0,0.0,0.0
2020-07-07,0.0,0.0,0.0,0.0,0.0,0.0,0.0,0.0
2020-07-08,0.0,0.0,0.0,0.0,0.0,0.0,0.0,0.0
2020-07-09,0.0,0.0,0.0,0.0,0.0,0.0,0.0,0.0
2020-07-10,0.0,0.0,0.0,0.0,0.0,0.0,0.0,0.0
2020-07-11,0.0,0.0,0.0,0.0,0.0,0.0,0.0,0.0
2020-07-12,0.0,0.0,0.0,0.0,0.0,0.0,0.0,0.0
2020-07-13,0.0,0.0,0.0,0.0,0.0,0.0,0.0,0.0
2020-07-14,0.0,0.0,0.0,0.0,0.0,0.0,0.0,0.0
2020-07-15,0.0,0.0,0.0,0.0,0.0,0.0,0.0,0.0
2020-07-16,0.0,0.0,0.0,0.0,0.0,0.0,0.0,0.0
2020-07-17,0.0,0.0,0.0,0.0,0.0,0.0,0.0,0.0
2020-07-18,0.0,0.0,0.0,0.0,0.0,0.0,0.0,0.0
2020-07-19,0.0,0.0,0.0,0.0,0.0,0.0,0.0,0.0
2020-07-20,0.0,0.0,0.0,0.0,0.0,0.0,0.0,0.0
2020-07-21,0.0,0.0,0.0,0.0,0.0,0.0,0.0,0.0
2020-07-22,0.0,0.0,0.0,0.0,0.0,0.0,0.0,0.0
2020-07-23,0.0,0.0,0.0,0.0,0.0,0.0,0.0,0.0
2020-07-24,0.0,0.0,0.0,0.0,0.0,0.0,0.0,0.0
2020-07-25,0.0,0.0,0.0,0.0,0.0,0.0,0.0,0.0
2020-07-26,0.0,0.0,0.0,0.0,0.0,0.0,0.0,0.0
2020-07-27,0.0,0.0,0.0,0.0,0.0,0.0,0.0,0.0
2020-07-28,0.0,0.0,0.0,0.0,0.0,0.0,0.0,0.0
2020-07-29,0.0,0.0,0.0,0.0,0.0,0.0,0.0,0.0
2020-07-30,0.0,0.0,0.0,0.0,0.0,0.0,0.0,0.0
2020-07-31,0.0,0.0,0.0,0.0,0.0,0.0,0.0,0.0
2020-08-01,0.0,0.0,0.0,0.0,0.0,0.0,0.0,0.0
2020-08-02,0.0,0.0,0.0,0.0,0.0,0.0,0.0,0.0
2020-08-03,0.0,0.0,0.0,0.0,0.0,0.0,0.0,0.0
2020-08-04,0.0,0.0,0.0,0.0,0.0,0.0,0.0,0.0
2020-08-05,0.0,0.0,0.0,0.0,0.0,0.0,0.0,0.0
2020-08-06,0.0,0.0,0.0,0.0,0.0,0.0,0.0,0.0
2020-08-07,0.0,0.0,0.0,0.0,0.0,0.0,0.0,0.0
2020-08-08,0.0,0.0,0.0,0.0,0.0,0.0,0.0,0.0
2020-08-09,0.0,0.0,0.0,0.0,0.0,0.0,0.0,0.0
2020-08-10,0.0,0.0,0.0,0.0,0.0,0.0,0.0,0.0
2020-08-11,0.0,0.0,0.0,0.0,0.0,0.0,0.0,0.0
2020-08-12,0.0,0.0,0.0,0.0,0.0,0.0,0.0,0.0
2020-08-13,0.0,0.0,0.0,0.0,0.0,0.0,0.0,0.0
2020-08-14,0.0,0.0,0.0,0.0,0.0,0.0,0.0,0.0
2020-08-15,0.0,0.0,0.0,0.0,0.0,0.0,0.0,0.0
2020-08-16,0.0,0.0,0.0,0.0,0.0,0.0,0.0,0.0
2020-08-17,0.0,0.0,0.0,0.0,0.0,0.0,0.0,0.0
2020-08-18,0.0,0.0,0.0,0.0,0.0,0.0,0.0,0.0
2020-08-19,0.0,0.0,0.0,0.0,0.0,0.0,0.0,0.0
2020-08-20,0.0,0.0,0.0,0.0,0.0,0.0,0.0,0.0
2020-08-21,0.0,0.0,0.0,0.0,0.0,0.0,0.0,0.0
2020-08-22,0.0,0.0,0.0,0.0,0.0,0.0,0.0,0.0
2020-08-23,0.0,0.0,0.0,0.0,0.0,0.0,0.0,0.0
2020-08-24,0.0,0.0,0.0,0.0,0.0,0.0,0.0,0.0
2020-08-25,0.0,0.0,0.0,0.0,0.0,0.0,0.0,0.0
2020-08-26,0.0,0.0,0.0,0.0,0.0,0.0,0.0,0.0
2020-08-27,0.0,0.0,0.0,0.0,0.0,0.0,0.0,0.0
2020-08-28,0.0,0.0,0.0,0.0,0.0,0.0,0.0,0.0
2020-08-29,0.0,0.0,0.0,0.0,0.0,0.0,0.0,0.0
2020-08-30,0.0,0.0,0.0,0.0,0.0,0.0,0.0,0.0
2020-08-31,0.0,0.0,0.0,0.0,0.0,0.0,0.0,0.0
2020-09-01,0.0,0.0,0.0,0.0,0.0,0.0,0.0,0.0
2020-09-02,0.0,0.0,0.0,0.0,0.0,0.0,0.0,0.0
2020-09-03,0.0,0.0,0.0,0.0,0.0,0.0,0.0,0.0
2020-09-04,0.0,0.0,0.0,0.0,0.0,0.0,0.0,0.0
2020-09-05,0.0,0.0,0.0,0.0,0.0,0.0,0.0,0.0
2020-09-06,0.0,0.0,0.0,0.0,0.0,0.0,0.0,0.0
2020-09-07,0.0,0.0,0.0,0.0,0.0,0.0,0.0,0.0
2020-09-08,0.0,0.0,0.0,0.0,0.0,0.0,0.0,0.0
2020-09-09,0.0,0.0,0.0,0.0,0.0,0.0,0.0,0.0
2020-09-10,0.0,0.0,0.0,0.0,0.0,0.0,0.0,0.0
2020-09-11,0.0,0.0,0.0,0.0,0.0,0.0,0.0,0.0
2020-09-12,0.0,0.0,0.0,0.0,0.0,0.0,0.0,0.0
2020-09-13,0.0,0.0,0.0,0.0,0.0,0.0,0.0,0.0
2020-09-14,0.0,0.0,0.0,0.0,0.0,0.0,0.0,0.0
2020-09-15,0.0,0.0,0.0,0.0,0.0,0.0,0.0,0.0
2020-09-16,0.0,0.0,0.0,0.0,0.0,0.0,0.0,0.0
2020-09-17,0.0,0.0,0.0,0.0,0.0,0.0,0.0,0.0
2020-09-18,0.0,0.0,0.0,0.0,0.0,0.0,0.0,0.0
2020-09-19,0.0,0.0,0.0,0.0,0.0,0.0,0.0,0.0
2020-09-20,0.0,0.0,0.0,0.0,0.0,0.0,0.0,0.0
2020-09-21,0.0,0.0,0.0,0.0,0.0,0.0,0.0,0.0
2020-09-22,0.0,0.0,0.0,0.0,0.0,0.0,0.0,0.0
2020-09-23,0.0,0.0,0.0,0.0,0.0,0.0,0.0,0.0
2020-09-24,0.0,0.0,0.0,0.0,0.0,0.0,0.0,0.0
2020-09-25,0.0,0.0,0.0,0.0,0.0,0.0,0.0,0.0
2020-09-26,0.0,0.0,0.0,0.0,0.0,0.0,0.0,0.0
2020-09-27,0.0,0.0,0.0,0.0,0.0,0.0,0.0,0.0
2020-09-28,0.0,0.0,0.0,0.0,0.0,0.0,0.0,0.0
2020-09-29,0.0,0.0,0.0,0.0,0.0,0.0,0.0,0.0
2020-09-30,0.0,0.0,0.0,0.0,0.0,0.0,0.0,0.0
2020-10-01,0.0,0.0,0.0,0.0,0.0,0.0,0.0,0.0
2020-10-02,0.0,0.0,0.0,0.0,0.0,0.0,0.0,0.0
2020-10-03,0.0,0.0,0.0,0.0,0.0,0.0,0.0,0.0
2020-10-04,0.0,0.0,0.0,0.0,0.0,0.0,0.0,0.0
2020-10-05,0.0,0.0,0.0,0.0,0.0,0.0,0.0,0.0
2020-10-06,0.0,0.0,0.0,0.0,0.0,0.0,0.0,0.0
2020-10-07,0.0,0.0,0.0,0.0,0.0,0.0,0.0,0.0
2020-10-08,0.0,0.0,0.0,0.0,0.0,0.0,0.0,0.0
2020-10-09,0.0,0.0,0.0,0.0,0.0,0.0,0.0,0.0
2020-10-10,0.0,0.0,0.0,0.0,0.0,0.0,0.0,0.0
2020-10-11,0.0,0.0,0.0,0.0,0.0,0.0,0.0,0.0
2020-10-12,0.0,0.0,0.0,0.0,0.0,0.0,0.0,0.0
2020-10-13,0.0,0.0,0.0,0.0,0.0,0.0,0.0,0.0
2020-10-14,0.0,0.0,0.0,0.0,0.0,0.0,0.0,0.0
2020-10-15,0.0,0.0,0.0,0.0,0.0,0.0,0.0,0.0
2020-10-16,0.0,0.0,0.0,0.0,0.0,0.0,0.0,0.0
2020-10-17,0.0,0.0,0.0,0.0,0.0,0.0,0.0,0.0
2020-10-18,0.0,0.0,0.0,0.0,0.0,0.0,0.0,0.0
2020-10-19,0.0,0.0,0.0,0.0,0.0,0.0,0.0,0.0
2020-10-20,0.0,0.0,0.0,0.0,0.0,0.0,0.0,0.0
2020-10-21,0.0,0.0,0.0,0.0,0.0,0.0,0.0,0.0
2020-10-22,0.0,0.0,0.0,0.0,0.0,0.0,0.0,0.0
2020-10-23,0.0,0.0,0.0,0.0,0.0,0.0,0.0,0.0
2020-10-24,0.0,0.0,0.0,0.0,0.0,0.0,0.0,0.0
2020-10-25,0.0,0.0,0.0,0.0,0.0,0.0,0.0,0.0
2020-10-26,0.0,0.0,0.0,0.0,0.0,0.0,0.0,0.0
2020-10-27,0.0034722222,0.0,0.0,0.0,0.0,0.0,0.0,0.0
2020-10-28,0.0,0.0,0.0,0.0,0.0,0.0,0.0,0.0
2020-10-29,0.0,0.0,0.0,0.0,0.0,0.0,0.0,0.0
2020-10-30,0.0,0.0,0.0,0.0,0.0,0.0,0.0,0.0
2020-10-31,0.0,0.0,0.0,0.0,0.0,0.0,0.0,0.0
2020-11-01,0.0,0.0,0.0,0.0,0.0,0.0,0.0,0.0
2020-11-02,0.0,0.0,0.0,0.0,0.0,0.0,0.0,0.0
2020-11-03,0.0,0.0,0.0,0.0,0.0,0.0,0.0,0.0
2020-11-04,0.0,0.0,0.0,0.0,0.0,0.0,0.0,0.0
2020-11-05,0.0,0.0,0.0,0.0,0.0,0.0,0.0,0.0
2020-11-06,0.0,0.0,0.0,0.0,0.0,0.0,0.0,0.0
2020-11-07,0.121527776,0.09677419,0.45,0.049122807,0.90909094,0.25503355,0.39662448,0.7126437
2020-11-08,2.7604167,2.1290324,4.45625,0.21754386,5.071429,2.3087249,2.9451478,4.051724
2020-11-09,7.1215277,14.387096,10.7625,0.48070174,13.136364,5.704698,6.9662447,5.2011495
2020-11-10,7.0347223,14.7661295,10.65625,0.45964912,13.298701,5.724832,7.012658,4.988506
2020-11-11,6.486111,14.741936,9.7,0.18596491,13.350649,5.5503354,6.434599,4.7873564
2020-11-12,5.875,13.887096,9.00625,0.12280702,13.006494,5.1744967,5.493671,4.4770117
2020-11-13,5.357639,12.258064,8.19375,0.12631579,12.571428,4.8791947,4.835443,3.8850574
2020-11-14,14.131945,11.66129,9.48125,7.2385964,12.506494,8.986577,6.957806,15.833333
2020-11-15,13.795139,9.4838705,9.1375,7.2701755,11.831169,9.369127,6.746835,16.149426
2020-11-16,12.486111,5.5,7.225,5.1929827,7.5974026,8.758389,5.7046413,15.264368
2020-11-17,8.225695,3.5725806,3.5375,0.01754386,3.7922077,6.2080536,3.0084388,9.902299
2020-11-18,11.958333,3.3225806,3.45625,4.5052633,3.116883,7.852349,3.822785,20.126436
2020-11-19,26.989584,3.3790324,11.0375,9.750877,14.090909,22.583893,12.729958,31.95977
2020-11-20,26.753471,3.2580645,10.90625,9.347368,13.603896,22.664429,12.873418,31.655172
2020-11-21,26.163195,3.0725806,9.8625,8.7263155,12.272727,22.711409,12.518988,30.885057
2020-11-22,25.072916,2.798387,8.28125,7.6561403,10.415585,22.510067,13.223629,29.948277
2020-11-23,24.215279,2.782258,7.475,6.9649124,9.837663,21.85906,12.751055,29.327587
2020-11-24,23.854166,2.782258,7.475,6.6175437,9.753246,21.570469,13.552743,28.902298
2020-11-25,23.14236,2.782258,6.98125,5.775439,9.551948,21.37584,13.257384,27.971264
2020-11-26,23.097221,2.782258,6.91875,5.677193,8.88961,21.040268,12.434599,27.816092
2020-11-27,23.34375,2.782258,6.91875,5.7122808,8.538961,20.959732,12.451477,28.074713
2020-11-28,22.819445,2.782258,6.70625,5.185965,7.9545455,20.872482,13.14346,27.41954
2020-11-29,21.715279,2.7741935,6.24375,4.263158,7.318182,20.167786,12.6118145,26.356321
2020-11-30,20.711805,2.7580645,5.96875,3.6140351,7.077922,19.785234,12.303798,24.87931
2020-12-01,19.541666,2.7580645,5.475,3.0245614,6.974026,18.436241,11.797468,23.586206
2020-12-02,18.3125,2.6774194,4.65,2.505263,6.37013,17.100672,10.902953,21.925287
2020-12-03,16.465279,2.669355,4.075,2.0701754,5.7207794,15.201343,9.839663,19.850574
2020-12-04,15.055555,2.6774194,3.8625,1.7578948,5.5454545,14.959731,9.485232,18.54023
2020-12-05,13.8125,2.669355,3.675,1.4385965,5.474026,14.006711,9.033755,17.43678
2020-12-06,12.767361,2.669355,3.4375,1.2035087,5.37013,12.946309,8.400844,16.5
2020-12-07,12.204861,2.669355,3.41875,1.1192982,5.487013,12.912752,8.531646,16.04023
2020-12-08,11.947917,2.669355,3.4,1.0245614,5.4935064,12.704698,8.561181,15.643678
2020-12-09,10.548611,2.669355,3.0875,0.7403509,5.376623,11.422819,7.924051,13.821839
2020-12-10,9.826389,2.669355,3.03125,0.68421054,5.3506494,10.919463,7.751055,12.948276
2020-12-11,9.680555,2.669355,3.03125,0.68070173,5.7207794,10.7382555,7.751055,12.724138
2020-12-12,11.517361,3.6451614,7.89375,3.414035,12.0,17.315435,15.590717,14.586206
2020-12-13,12.711805,4.532258,8.74375,3.9052632,14.175324,20.228188,18.00422,15.385057
2020-12-14,25.333334,13.314516,18.78125,15.564912,28.363636,35.080536,34.244724,30.908047
2020-12-15,25.614584,13.4838705,18.71875,15.4245615,28.337662,35.81879,34.375526,30.810345
2020-12-16,25.89236,14.056452,18.66875,14.687719,28.363636,36.46309,34.63713,31.034483
2020-12-17,27.972221,14.25,19.3,21.294737,30.987013,37.34228,36.320675,36.79885
2020-12-18,33.805557,21.75,24.475,23.37193,38.974026,44.14765,43.206753,42.03448
2020-12-19,33.54514,21.693548,24.30625,22.908772,40.33766,44.55705,43.236286,41.689655
2020-12-20,32.614582,20.088709,23.7125,22.277193,40.012985,44.228188,42.628693,41.07471
2020-12-21,30.92014,17.790323,22.34375,19.136843,38.636364,42.704697,41.540085,39.695404
2020-12-22,29.1875,16.524193,21.2,16.803509,37.383118,41.24161,40.19409,38.71839
2020-12-23,28.708334,16.161291,20.64375,17.157894,36.64935,40.71812,39.670887,39.00575
2020-12-24,28.25,15.9838705,19.78125,16.803509,36.435066,40.315437,39.05907,38.563217
2020-12-25,27.35764,15.903226,19.41875,16.25614,36.16234,39.637585,38.57384,37.988506
2020-12-26,31.95486,15.951612,20.89375,27.785965,36.298702,44.926174,43.088608,45.649426
2020-12-27,38.48611,15.959678,22.65625,35.680702,39.16883,50.52349,46.088608,51.5
2020-12-28,39.54514,30.016129,27.5125,35.649124,49.811687,52.140938,50.42194,51.66092
2020-12-29,40.114582,35.217743,29.29375,35.62456,54.584415,52.959732,51.881855,51.63793
2020-12-30,40.03125,35.467743,29.31875,35.27719,55.655846,52.771812,51.877636,51.396553
2020-12-31,42.010418,35.45968,29.28125,36.670174,56.103897,54.456375,52.396626,54.448277
2021-01-01,43.15278,35.927418,29.2,36.782455,56.116882,58.416107,52.767933,54.511494
2021-01-02,42.90972,36.782257,28.5875,36.701756,55.474026,58.013424,52.350212,54.247128
2021-01-03,43.461807,35.98387,28.125,36.94737,54.824677,58.14765,52.033756,55.67816
2021-01-04,43.59722,35.991936,27.54375,39.042107,53.974026,57.979866,51.687763,57.327587
2021-01-05,53.791668,35.19355,30.28125,57.463158,56.123375,66.8255,59.168777,75.25288
2021-01-06,53.99653,34.153225,30.23125,57.740353,56.045456,67.167786,59.270042,75.28161
2021-01-07,53.524307,33.48387,29.71875,57.48772,55.487015,66.61074,58.670887,75.13793
2021-01-08,53.01389,33.120968,29.20625,57.266666,54.512985,66.40269,58.21519,74.793106
2021-01-09,53.18403,32.669353,28.93125,61.385963,54.935066,66.13423,57.92827,75.586205
2021-01-10,52.479168,33.0,28.525,61.249123,53.811687,65.51678,57.430378,75.06322
2021-01-11,51.864582,32.153225,28.025,60.557896,52.688313,64.79195,56.91983,74.586205
2021-01-12,50.57986,31.85484,27.44375,59.08772,51.46104,63.56376,56.21097,73.35632
2021-01-13,49.63889,31.790323,26.7875,58.88421,50.18182,62.46309,55.527428,72.62069
2021-01-14,48.430557,29.919355,25.04375,56.901756,48.53896,60.72483,54.07595,71.925285
2021-01-15,45.177082,26.838709,22.1875,51.56842,45.422077,57.067116,51.911392,69.75862
2021-01-16,41.35764,22.838709,19.15,46.526318,42.61039,52.52349,49.375526,67.98276
2021-01-17,38.26389,20.17742,17.0625,42.34737,39.597404,49.107384,47.33755,66.155174
2021-01-18,35.291668,18.379032,15.65,37.642105,38.525974,45.84564,45.66245,63.12644
2021-01-19,35.197918,18.120968,15.6,37.08421,38.714287,45.65101,45.57384,62.729885
2021-01-20,35.288193,17.943548,15.6,36.91228,38.31818,45.677853,45.57384,62.729885
2021-01-21,34.94097,18.338709,15.56875,36.210526,38.42857,45.355705,45.468353,62.11494
2021-01-22,34.524307,18.596775,15.525,35.27719,38.75974,45.013424,45.35443,61.74138
2021-01-23,36.97222,25.346775,16.65,32.0807,40.655846,47.409397,47.35443,65.385056
2021-01-24,37.177082,27.274193,16.6375,36.698246,40.506493,48.57047,47.78481,64.78735
2021-01-25,43.4375,38.20968,26.25625,35.607018,50.766235,57.416107,60.19409,72.385056
2021-01-26,46.95139,53.991936,30.06875,36.95088,54.376625,60.44295,62.675106,77.10345
2021-01-27,62.375,67.854836,42.31875,50.90877,69.47403,80.24161,80.28692,97.35632
2021-01-28,95.079865,87.33064,90.1875,76.60351,136.47403,141.07382,140.48523,132.24138
2021-01-29,127.916664,107.1129,131.825,97.23158,194.75974,175.25504,174.17722,163.56322
2021-01-30,135.45139,121.15323,141.2625,101.210526,209.03896,184.75839,186.5021,168.8793
2021-01-31,135.94098,122.604836,142.70625,99.12982,213.88312,185.84564,183.94514,168.77011
2021-02-01,134.61806,123.25,141.8875,99.18597,214.06494,184.96645,183.72574,167.67241
2021-02-02,133.26042,122.3871,139.825,104.378944,213.66884,182.71812,181.75949,166.58621
2021-02-03,140.96527,123.47581,138.475,114.2421,212.68831,185.90604,182.17722,180.43103
2021-02-04,142.30208,124.048386,137.575,115.67719,216.17532,199.75839,190.69199,181.13792
2021-02-05,142.7257,122.991936,136.85,119.58947,224.48051,199.85236,190.08017,182.28735
2021-02-06,140.63542,121.55645,135.15625,115.210526,223.96104,197.74496,188.37553,178.45976
2021-02-07,137.63194,120.048386,133.125,111.74737,223.44806,194.83221,186.32912,173.25862
2021-02-08,134.57639,118.879036,130.76875,106.59298,222.0,191.63759,183.54008,168.61494
2021-02-09,132.03473,117.52419,128.6875,103.05614,221.06494,189.16779,180.91139,166.54597
2021-02-10,130.99306,117.83871,126.90625,99.32983,219.88962,187.04027,178.47258,165.13792
2021-02-11,127.99653,117.02419,125.4375,92.498245,219.18831,184.5302,175.78903,162.51724
2021-02-12,133.0868,120.79032,129.9,102.24912,231.46753,192.7047,184.4979,170.72989
2021-02-13,136.26736,129.66936,131.49374,104.96491,237.85715,194.95973,186.3671,173.91954
2021-02-14,143.09375,135.93549,134.3875,109.55438,240.40909,200.33557,190.32068,180.1954
2021-02-15,145.1493,137.6129,135.3,114.94386,243.68182,201.61073,191.59494,183.16667
2021-02-16,148.14583,136.8629,137.15625,116.82456,246.87013,206.02684,195.99156,187.35057
2021-02-17,148.57292,138.20161,136.98125,117.53684,247.26624,206.12752,195.71307,186.97127
2021-02-18,148.96875,135.59677,136.55624,116.7579,248.63637,205.97316,195.02531,186.85057
2021-02-19,148.53125,135.7742,135.51875,116.97895,249.2987,205.53691,194.66667,187.75287
2021-02-20,151.875,133.79033,134.575,126.26667,249.27272,205.83893,194.08438,193.41954
2021-02-21,153.84723,133.2258,134.96875,128.05263,250.26624,207.97316,195.44304,195.6207
2021-02-22,152.875,132.64516,133.8625,137.26315,250.13637,207.21477,194.0633,193.0747
2021-02-23,147.34027,130.91936,130.7625,129.98245,247.0974,204.07382,191.17299,189.71838
2021-02-24,143.03125,128.07259,126.825,125.45965,245.53896,201.44295,188.23628,186.00575
2021-02-25,141.27083,126.0,124.85,126.094734,243.73376,200.49664,186.33333,185.77011
2021-02-26,138.82986,125.3871,123.08125,124.27368,251.16234,199.14095,184.67511,184.4253
2021-02-27,137.82639,124.48387,122.1875,112.74035,250.09091,198.1208,183.32068,183.78162
2021-02-28,137.48958,124.145164,121.8375,112.617546,249.88962,197.97986,182.66245,183.45976
2021-03-01,135.57986,123.33871,120.76875,112.27368,249.07793,196.63087,179.11392,182.33333
2021-03-02,133.40277,121.08871,119.125,119.30526,247.81818,195.03355,177.47679,180.7931
2021-03-03,130.10417,118.758064,117.04375,112.39649,245.7922,192.65771,175.67511,178.36781
2021-03-04,128.32639,118.69355,116.65625,95.82456,245.45454,192.08054,175.27849,176.66667
2021-03-05,126.90625,118.564514,115.5875,91.60702,241.21428,190.77852,173.62025,175.2931
2021-03-06,125.361115,116.34677,113.4125,88.75439,235.5974,188.34229,171.71307,177.06897
2021-03-07,126.666664,114.451614,112.31875,92.98245,233.88962,189.12752,170.95781,178.01724
2021-03-08,124.65972,112.67742,111.10625,100.63158,230.52597,187.27516,169.16034,177.16092
2021-03-09,125.89931,112.40323,110.925,94.066666,229.68182,187.52348,169.51477,179.33908
2021-03-10,131.8993,113.96774,116.14375,101.69824,236.74675,193.42953,175.00423,191.70116
2021-03-11,138.22223,120.879036,124.1375,104.29825,253.74675,200.22148,180.91983,206.39655
2021-03-12,141.26389,123.491936,126.35625,108.29474,257.5,204.80537,183.91983,208.62643
2021-03-13,141.20486,126.20968,126.56875,122.378944,256.22076,206.52348,184.88608,207.23563
2021-03-14,138.93056,128.7258,126.8,115.27017,260.31168,205.16107,184.03375,204.6207
2021-03-15,143.81944,129.74193,130.6625,108.48421,267.513,209.91275,187.75949,211.93678
2021-03-16,149.07639,133.64516,135.63126,113.58246,276.0974,214.69798,192.82278,213.17241
2021-03-17,149.37152,134.67741,137.99374,113.71228,277.5,215.14764,192.8481,214.09195
2021-03-18,147.4757,134.95161,135.51875,123.24912,273.73376,213.42953,190.46835,214.17241
2021-03-19,148.67014,132.29033,135.675,118.221054,275.68832,217.32886,195.40085,220.83333
2021-03-20,156.82292,136.99193,147.04375,120.908775,295.45456,228.61745,208.05486,224.977
2021-03-21,158.96527,140.14516,149.0375,137.3193,296.94156,229.5839,208.68776,226.89081
2021-03-22,158.69098,138.0,151.175,135.81053,297.17532,229.47652,208.88608,225.94827
2021-03-23,158.71875,137.87903,151.14375,134.54034,298.77924,229.73154,208.27849,225.98276
2021-03-24,160.70486,138.39516,150.9375,136.75789,299.2857,230.81879,209.11392,226.20116
2021-03-25,158.67014,138.40323,149.81876,134.19649,295.37012,229.99329,208.61603,224.10345
2021-03-26,158.34375,136.65323,149.675,132.80702,298.55844,229.88591,208.45148,223.54024
2021-03-27,156.4132,135.87097,148.6625,129.77544,294.03897,229.349,207.82278,221.58046
2021-03-28,148.34375,133.08064,145.95625,114.81403,292.36365,225.349,205.3671,216.67816
2021-03-29,141.05556,132.8629,142.1625,100.46667,284.7922,220.32214,203.20253,212.45403
2021-03-30,137.60764,126.15323,139.4125,92.43509,278.66882,216.1745,201.54852,208.29884
2021-03-31,135.00694,120.16936,136.09375,90.15439,270.2013,212.7651,199.10127,204.25287
2021-04-01,128.95833,111.66129,132.36874,82.72632,262.2143,206.73825,195.0675,197.16092
2021-04-02,122.486115,96.83064,128.90625,71.066666,253.2922,199.89932,191.91983,190.41379
2021-04-03,114.47222,89.78226,122.6375,60.23158,239.77272,190.73154,187.24051,182.08046
2021-04-04,106.72569,83.17742,113.89375,50.245613,228.65584,180.57047,180.6498,172.46552
2021-04-05,100.87153,76.28226,107.98125,42.470177,216.58441,173.61073,174.38818,164.76437
2021-04-06,98.107635,72.91129,106.15,38.45965,210.84416,170.48322,171.44304,160.32759
2021-04-07,94.197914,69.185486,102.83125,32.954388,203.85065,166.30873,168.56963,153.21265
2021-04-08,90.857635,65.65323,99.425,28.764912,197.38312,161.66443,166.37553,148.1954
2021-04-09,87.74653,62.524193,97.3875,25.529825,192.53247,157.77852,164.51054,143.4253
2021-04-10,83.982635,60.927418,94.60625,22.010527,186.5974,153.04698,162.04642,137.08621
2021-04-11,78.03819,57.80645,91.4125,18.487719,181.01299,147.349,159.64557,128.40805
2021-04-12,71.77431,55.89516,87.275,15.821053,174.57143,142.87248,156.41772,119.494255
2021-04-13,66.920135,54.14516,87.85,13.947369,176.51299,139.77852,154.2194,112.833336
2021-04-14,66.80556,52.822582,87.3125,13.466666,175.24026,138.83221,153.91983,112.166664
2021-04-15,67.78819,51.79032,83.60625,13.122807,163.04546,141.51678,155.40506,110.06322
2021-04-16,67.22222,51.362904,87.90625,12.350877,174.25974,141.65771,154.78903,110.05173
2021-04-17,64.451385,50.887096,87.1375,10.680702,173.55194,139.61745,154.17722,106.086205
2021-04-18,61.944443,49.89516,85.95,9.014035,171.05844,138.19463,153.07594,100.87931
2021-04-19,55.166668,49.01613,82.64375,6.091228,167.13637,132.02014,149.46414,91.44827
2021-04-20,47.60764,46.596775,77.71875,4.1684213,163.07143,124.58389,144.07173,81.08046
2021-04-21,43.90278,44.55645,75.29375,3.6245613,160.42207,120.97315,141.24895,75.10919
2021-04-22,41.868057,44.01613,74.83125,3.1157894,159.05194,118.63758,140.29114,70.833336
2021-04-23,39.822918,43.620968,74.1,2.414035,154.85715,116.369125,139.25316,66.965515
2021-04-24,37.177082,47.024193,72.375,1.8666667,150.57793,113.033554,137.17722,63.310345
2021-04-25,36.569443,46.370968,72.10625,1.9087719,148.96104,111.04698,136.42616,62.896553
2021-04-26,40.625,41.217743,77.25625,9.547368,148.96753,120.62416,144.6962,66.68965
2021-04-27,40.822918,41.137096,75.625,9.421053,142.05194,121.268456,145.2827,67.114944
2021-04-28,41.131943,41.129032,75.6125,4.659649,141.56494,120.97315,145.91562,66.13793
2021-04-29,36.083332,46.580647,76.11875,1.6350877,146.16884,115.369125,142.4346,60.07471
2021-04-30,28.9375,39.419353,63.2,0.69473684,133.67532,105.093956,132.48523,50.344826
2021-05-01,23.85764,33.20968,46.375,0.2982456,129.33116,92.59731,119.337555,42.603447
2021-05-02,21.027779,31.524193,43.55625,0.18245614,124.08442,86.167786,115.11814,38.46552
2021-05-03,19.177084,31.306452,42.43125,0.11929824,120.292206,82.932884,113.21097,35.988506
2021-05-04,16.930555,30.314516,40.3875,0.01754386,114.33117,78.369125,110.37131,32.988506
2021-05-05,14.340278,27.85484,37.225,0.0,106.11039,69.62416,105.23629,29.0
2021-05-06,11.489583,25.782259,33.35625,0.0,96.2987,59.36913,97.6751,23.66092
2021-05-07,10.416667,23.298388,30.2375,0.0,91.155846,51.08725,90.27848,19.626436
2021-05-08,9.555555,22.669355,32.0125,0.0,86.75325,48.073826,91.81435,17.614943
2021-05-09,8.840278,21.790323,30.83125,0.0,81.87013,45.72483,87.75949,15.931034
2021-05-10,8.5,23.266129,29.83125,0.0,76.97403,42.61745,82.19409,13.310345
2021-05-11,7.65625,21.862904,28.3625,0.0,71.72078,39.66443,76.78481,10.385057
2021-05-12,6.670139,20.10484,26.58125,0.0,65.68831,35.85235,70.51055,8.247127
2021-05-13,5.28125,20.725807,24.0375,0.0,58.701298,29.785234,62.628693,7.45977
2021-05-14,4.1527777,19.467741,20.98125,0.0,51.57143,24.026846,54.99156,5.7528734
2021-05-15,3.3541667,17.951612,18.225,0.0,51.31818,19.463087,47.827003,4.2356324
2021-05-16,3.0729167,17.903225,17.86875,0.0,46.253246,18.261745,44.312237,3.494253
2021-05-17,2.7604167,12.290322,17.6125,0.0,42.87013,17.127518,41.658226,2.5344827
2021-05-18,2.1909723,17.588709,16.13125,0.0,40.525974,13.838926,37.097046,1.5862069
2021-05-19,1.7569444,16.419355,14.275,0.0,44.363636,10.348993,38.86076,0.98275864
2021-05-20,1.5798612,16.056452,13.84375,0.0,43.5,9.442953,37.548523,0.83908045
2021-05-21,1.6284722,16.088709,10.31875,0.0877193,32.564934,9.852349,27.481012,1.4885057
2021-05-22,1.90625,10.564516,8.09375,0.08421053,29.051949,11.322147,26.160337,1.7471265
2021-05-23,1.875,11.25,8.475,0.014035088,30.123377,10.624161,28.476793,1.4022988
2021-05-24,1.7743056,11.120968,12.98125,0.0,36.83766,7.845638,29.8481,1.0804597
2021-05-25,1.5381944,15.653226,13.60625,0.0,45.409092,7.3691278,37.329113,0.7183908
2021-05-26,1.2881944,15.362904,13.25625,0.0,44.05844,6.7651005,36.097046,0.5344828
2021-05-27,0.9826389,14.846774,12.5875,0.0,41.363636,7.3825502,34.675106,0.33908045
2021-05-28,0.6319444,14.0,11.4125,0.0,37.33117,6.0536914,31.383966,0.18965517
2021-05-29,0.28819445,12.830646,10.625,0.0,32.909092,4.7315435,29.704641,0.0
2021-05-30,0.1388889,12.137096,9.35625,0.0,30.727272,3.6912751,26.324894,0.0
2021-05-31,0.0,10.645162,7.71875,0.0,25.402597,2.5503356,22.088608,0.0
2021-06-01,0.0,8.443548,6.0375,0.0,20.324675,1.1073825,17.01266,0.0
2021-06-02,0.0,7.951613,4.20625,0.0,15.461039,0.16778524,11.14346,0.0
2021-06-03,0.0,5.983871,2.64375,0.0,10.993506,0.0,6.2194095,0.0
2021-06-04,0.0,4.266129,1.5875,0.0,6.577922,0.0,2.949367,0.0
2021-06-05,0.0,3.169355,1.1125,0.0,4.051948,0.0,1.2489451,0.0
2021-06-06,0.0,2.096774,0.93125,0.0,2.3116884,0.0,0.47257385,0.0
2021-06-07,0.0,1.4354838,0.76875,0.0,1.487013,0.0,0.1392405,0.0
2021-06-08,0.0,1.3467742,0.7125,0.0,1.2987013,0.0,0.012658228,0.0
2021-06-09,0.0,1.3306452,0.70625,0.0,1.2727273,0.0,0.0,0.0
2021-06-10,0.0,1.3306452,0.70625,0.0,1.2727273,0.0,0.0,0.0
2021-06-11,0.0,1.3145162,0.70625,0.0,1.2662338,0.0,0.0,0.0
2021-06-12,0.0,1.0967742,0.63125,0.0,1.0844156,0.0,0.0,0.0
2021-06-13,0.0,0.7580645,0.475,0.0,0.71428573,0.0,0.0,0.0
2021-06-14,0.0,0.5080645,0.31875,0.0,0.45454547,0.0,0.0,0.0
2021-06-15,0.0,0.3467742,0.1375,0.0,0.2857143,0.0,0.0,0.0
2021-06-16,0.0,0.088709675,0.0,0.0,0.012987013,0.0,0.0,0.0
2021-06-17,0.0,0.0,0.0,0.0,0.0,0.0,0.0,0.0
2021-06-18,0.0,0.0,0.0,0.0,0.0,0.0,0.0,0.0
2021-06-19,0.0,0.0,0.0,0.0,0.0,0.0,0.0,0.0
2021-06-20,0.0,0.0,0.0,0.0,0.0,0.0,0.0,0.0
2021-06-21,0.0,0.0,0.0,0.0,0.0,0.0,0.0,0.0
2021-06-22,0.0,0.0,0.0,0.0,0.0,0.0,0.0,0.0
2021-06-23,0.0,0.0,0.0,0.0,0.0,0.0,0.0,0.0
2021-06-24,0.0,0.0,0.0,0.0,0.0,0.0,0.0,0.0
2021-06-25,0.0,0.0,0.0,0.0,0.0,0.0,0.0,0.0
2021-06-26,0.0,0.0,0.0,0.0,0.0,0.0,0.0,0.0
2021-06-27,0.0,0.0,0.0,0.0,0.0,0.0,0.0,0.0
2021-06-28,0.0,0.0,0.0,0.0,0.0,0.0,0.0,0.0
2021-06-29,0.0,0.0,0.0,0.0,0.0,0.0,0.0,0.0
2021-06-30,0.0,0.0,0.0,0.0,0.0,0.0,0.0,0.0
2021-07-01,0.0,0.0,0.0,0.0,0.0,0.0,0.0,0.0
2021-07-02,0.0,0.0,0.0,0.0,0.0,0.0,0.0,0.0
2021-07-03,0.0,0.0,0.0,0.0,0.0,0.0,0.0,0.0
2021-07-04,0.0,0.0,0.0,0.0,0.0,0.0,0.0,0.0
2021-07-05,0.0,0.0,0.0,0.0,0.0,0.0,0.0,0.0
2021-07-06,0.0,0.0,0.0,0.0,0.0,0.0,0.0,0.0
2021-07-07,0.0,0.0,0.0,0.0,0.0,0.0,0.0,0.0
2021-07-08,0.0,0.0,0.0,0.0,0.0,0.0,0.0,0.0
2021-07-09,0.0,0.0,0.0,0.0,0.0,0.0,0.0,0.0
2021-07-10,0.0,0.0,0.0,0.0,0.0,0.0,0.0,0.0
2021-07-11,0.0,0.0,0.0,0.0,0.0,0.0,0.0,0.0
2021-07-12,0.0,0.0,0.0,0.0,0.0,0.0,0.0,0.0
2021-07-13,0.0,0.0,0.0,0.0,0.0,0.0,0.0,0.0
2021-07-14,0.0,0.0,0.0,0.0,0.0,0.0,0.0,0.0
2021-07-15,0.0,0.0,0.0,0.0,0.0,0.0,0.0,0.0
2021-07-16,0.0,0.0,0.0,0.0,0.0,0.0,0.0,0.0
2021-07-17,0.0,0.0,0.0,0.0,0.0,0.0,0.0,0.0
2021-07-18,0.0,0.0,0.0,0.0,0.0,0.0,0.0,0.0
2021-07-19,0.0,0.0,0.0,0.0,0.0,0.0,0.0,0.0
2021-07-20,0.0,0.0,0.0,0.0,0.0,0.0,0.0,0.0
2021-07-21,0.0,0.0,0.0,0.0,0.0,0.0,0.0,0.0
2021-07-22,0.0,0.0,0.0,0.0,0.0,0.0,0.0,0.0
2021-07-23,0.0,0.0,0.0,0.0,0.0,0.0,0.0,0.0
2021-07-24,0.0,0.0,0.0,0.0,0.0,0.0,0.0,0.0
2021-07-25,0.0,0.0,0.0,0.0,0.0,0.0,0.0,0.0
2021-07-26,0.0,0.0,0.0,0.0,0.0,0.0,0.0,0.0
2021-07-27,0.0,0.0,0.0,0.0,0.0,0.0,0.0,0.0
2021-07-28,0.0,0.0,0.0,0.0,0.0,0.0,0.0,0.0
2021-07-29,0.0,0.0,0.0,0.0,0.0,0.0,0.0,0.0
2021-07-30,0.0,0.0,0.0,0.0,0.0,0.0,0.0,0.0
2021-07-31,0.0,0.0,0.0,0.0,0.0,0.0,0.0,0.0
2021-08-01,0.0,0.0,0.0,0.0,0.0,0.0,0.0,0.0
2021-08-02,0.0,0.0,0.0,0.0,0.0,0.0,0.0,0.0
2021-08-03,0.0,0.0,0.0,0.0,0.0,0.0,0.0,0.0
2021-08-04,0.0,0.0,0.0,0.0,0.0,0.0,0.0,0.0
2021-08-05,0.0,0.0,0.0,0.0,0.0,0.0,0.0,0.0
2021-08-06,0.0,0.0,0.0,0.0,0.0,0.0,0.0,0.0
2021-08-07,0.0,0.0,0.0,0.0,0.0,0.0,0.0,0.0
2021-08-08,0.0,0.0,0.0,0.0,0.0,0.0,0.0,0.0
2021-08-09,0.0,0.0,0.0,0.0,0.0,0.0,0.0,0.0
2021-08-10,0.0,0.0,0.0,0.0,0.0,0.0,0.0,0.0
2021-08-11,0.0,0.0,0.0,0.0,0.0,0.0,0.0,0.0
2021-08-12,0.0,0.0,0.0,0.0,0.0,0.0,0.0,0.0
2021-08-13,0.0,0.0,0.0,0.0,0.0,0.0,0.0,0.0
2021-08-14,0.0,0.0,0.0,0.0,0.0,0.0,0.0,0.0
2021-08-15,0.0,0.0,0.0,0.0,0.0,0.0,0.0,0.0
2021-08-16,0.0,0.0,0.0,0.0,0.0,0.0,0.0,0.0
2021-08-17,0.0,0.0,0.0,0.0,0.0,0.0,0.0,0.0
2021-08-18,0.0,0.0,0.0,0.0,0.0,0.0,0.0,0.0
2021-08-19,0.0,0.0,0.0,0.0,0.0,0.0,0.0,0.0
2021-08-20,0.0,0.0,0.0,0.0,0.0,0.0,0.0,0.0
2021-08-21,0.0,0.0,0.0,0.0,0.0,0.0,0.0,0.0
2021-08-22,0.0,0.0,0.0,0.0,0.0,0.0,0.0,0.0
2021-08-23,0.0,0.0,0.0,0.0,0.0,0.0,0.0,0.0
2021-08-24,0.0,0.0,0.0,0.0,0.0,0.0,0.0,0.0
2021-08-25,0.0,0.0,0.0,0.0,0.0,0.0,0.0,0.0
2021-08-26,0.0,0.0,0.0,0.0,0.0,0.0,0.0,0.0
2021-08-27,0.0,0.0,0.0,0.0,0.0,0.0,0.0,0.0
2021-08-28,0.0,0.0,0.0,0.0,0.0,0.0,0.0,0.0
2021-08-29,0.0,0.0,0.0,0.0,0.0,0.0,0.0,0.0
2021-08-30,0.0,0.0,0.0,0.0,0.0,0.0,0.0,0.0
2021-08-31,0.0,0.0,0.0,0.0,0.0,0.0,0.0,0.0
2021-09-01,0.0,0.0,0.0,0.0,0.0,0.0,0.0,0.0
2021-09-02,0.0,0.0,0.0,0.0,0.0,0.0,0.0,0.0
2021-09-03,0.0,0.0,0.0,0.0,0.0,0.0,0.0,0.0
2021-09-04,0.0,0.0,0.0,0.0,0.0,0.0,0.0,0.0
2021-09-05,0.0,0.0,0.0,0.0,0.0,0.0,0.0,0.0
2021-09-06,0.0,0.0,0.0,0.0,0.0,0.0,0.0,0.0
2021-09-07,0.0,0.0,0.0,0.0,0.0,0.0,0.0,0.0
2021-09-08,0.0,0.0,0.0,0.0,0.0,0.0,0.0,0.0
2021-09-09,0.0,0.0,0.0,0.0,0.0,0.0,0.0,0.0
2021-09-10,0.0,0.0,0.0,0.0,0.0,0.0,0.0,0.0
2021-09-11,0.0,0.0,0.0,0.0,0.0,0.0,0.0,0.0
2021-09-12,0.0,0.0,0.0,0.0,0.0,0.0,0.0,0.0
2021-09-13,0.0,0.0,0.0,0.0,0.0,0.0,0.0,0.0
2021-09-14,0.0,0.0,0.0,0.0,0.0,0.0,0.0,0.0
2021-09-15,0.0,0.0,0.0,0.0,0.0,0.0,0.0,0.0
2021-09-16,0.0,0.0,0.0,0.0,0.0,0.0,0.0,0.0
2021-09-17,0.0,0.0,0.0,0.0,0.0,0.0,0.0,0.0
2021-09-18,0.0,0.0,0.0,0.0,0.0,0.0,0.0,0.0
2021-09-19,0.0,0.0,0.0,0.0,0.0,0.0,0.0,0.0
2021-09-20,0.0,0.0,0.0,0.0,0.0,0.0,0.0,0.0
2021-09-21,0.0,0.0,0.0,0.0,0.0,0.0,0.0,0.0
2021-09-22,0.0,0.0,0.0,0.0,0.0,0.0,0.0,0.0
2021-09-23,0.0,0.0,0.0,0.0,0.0,0.0,0.0,0.0
2021-09-24,0.0,0.0,0.0,0.0,0.0,0.0,0.0,0.0
2021-09-25,0.0,0.0,0.0,0.0,0.0,0.0,0.0,0.0
2021-09-26,0.0,0.0,0.0,0.0,0.0,0.0,0.0,0.0
2021-09-27,0.0,0.0,0.0,0.0,0.0,0.0,0.0,0.0
2021-09-28,0.0,0.0,0.0,0.0,0.0,0.0,0.0,0.0
2021-09-29,0.0,0.0,0.0,0.0,0.0,0.0,0.004219409,0.0
2021-09-30,0.0,0.0,0.0,0.0,0.0,0.0,0.0,0.0
2021-10-01,0.0,0.0,0.0,0.0,0.0,0.0,0.0,0.0
2021-10-02,0.0,0.0,0.0,0.0,0.0,0.0,0.0,0.0
2021-10-03,0.0,0.0,0.0,0.0,0.0,0.0,0.0,0.0
2021-10-04,0.0,0.0,0.0,0.0,0.0,0.0,0.0,0.0
2021-10-05,0.0,0.0,0.0,0.0,0.0,0.0,0.0,0.0
2021-10-06,0.0,0.0,0.0,0.0,0.0,0.0,0.0,0.0
2021-10-07,0.0,0.0,0.0,0.0,0.0,0.0,0.0,0.0
2021-10-08,0.0,0.0,0.0,0.0,0.0,0.0,0.0,0.0
2021-10-09,0.2847222,0.31451613,1.05,0.0,3.512987,0.36241612,0.75527424,0.09195402
2021-10-10,0.20833333,0.32258064,0.95625,0.0,3.642857,0.32885906,0.59915614,0.022988506
2021-10-11,0.0,0.15322581,0.225,0.0,2.3961039,0.0,0.15189873,0.0
2021-10-12,0.6527778,0.09677419,0.14375,0.0,1.6168832,0.76510066,0.54008436,0.09195402
2021-10-13,0.5729167,0.09677419,0.14375,0.0,1.6363636,0.7785235,0.5611814,0.08045977
2021-10-14,0.59375,0.09677419,0.2375,0.0,1.8506494,0.58389264,0.5316456,0.0057471264
2021-10-15,0.36458334,0.14516129,0.20625,0.0,2.3116884,0.38255033,0.4135021,0.0
2021-10-16,0.0,0.07258064,0.03125,0.0,0.8896104,0.0,0.05485232,0.0
2021-10-17,0.0,0.024193548,0.0,0.0,0.3051948,0.0,0.004219409,0.0
2021-10-18,1.8368056,0.23387097,1.3625,0.44210526,1.9025974,1.2550336,1.8016877,3.1034484
2021-10-19,2.3854167,1.0725807,1.36875,0.6982456,1.9480519,1.704698,2.113924,3.9712644
2021-10-20,1.8055556,0.44354838,0.9625,0.36842105,1.8961039,1.6308725,1.8734177,2.770115
2021-10-21,0.9722222,0.37096775,0.6,0.19298245,1.2857143,1.0738255,1.649789,1.4482758
2021-10-22,0.23958333,0.21774194,0.14375,0.007017544,0.6753247,0.47651008,0.6751055,0.23563218
2021-10-23,0.3611111,0.25,0.20625,0.22807017,0.64935064,0.88590604,0.8691983,0.63793105
2021-10-24,3.59375,0.25,0.8375,1.6526315,0.6818182,2.422819,3.5907173,5.321839
2021-10-25,26.663195,0.5241935,19.75625,10.71579,20.467533,13.147651,26.940928,29.402298
2021-10-26,33.87153,18.048388,33.43125,11.347368,59.032467,27.644295,42.320675,35.83908
2021-10-27,33.81597,16.766129,35.4625,11.2421055,60.35065,27.221476,44.270042,35.66092
2021-10-28,33.01389,13.048388,32.475,10.129825,57.96104,26.154362,41.827003,34.402298
2021-10-29,31.520834,9.403226,28.8875,8.480701,53.272728,23.120806,38.485233,31.856321
2021-10-30,28.635416,6.274194,26.13125,7.336842,47.188313,17.926174,33.966244,29.304598
2021-10-31,26.284721,5.459677,24.35,6.266667,42.33766,17.241611,32.472572,29.655172
2021-11-01,25.059029,4.733871,23.1125,5.5649123,39.415585,15.986577,31.063292,28.568966
2021-11-02,24.180555,4.879032,22.38125,5.203509,37.090908,15.536913,30.118143,27.752874
2021-11-03,22.51389,4.2419353,21.08125,4.6210527,38.012985,14.543624,28.85654,26.408047
2021-11-04,20.569445,3.314516,18.90625,3.8280702,34.201298,12.845637,26.751055,24.264368
2021-11-05,19.552084,3.6048386,17.43125,3.494737,33.025974,12.060403,25.059072,23.770115
2021-11-06,18.572916,3.3225806,15.675,3.1719298,31.272728,11.536913,23.392405,22.862068
2021-11-07,18.29514,3.25,15.0375,3.491228,30.545454,11.342282,22.64135,23.195402
2021-11-08,18.524305,3.25,14.98125,3.0596492,30.454546,11.295302,23.71308,23.505747
2021-11-09,19.833334,3.483871,17.75625,5.9473686,35.272728,13.026846,27.949368,26.091953
2021-11-10,21.309029,4.41129,19.4625,5.57193,43.512985,14.778523,30.751055,26.948277
2021-11-11,20.972221,3.9274194,18.45,4.8842106,40.396103,15.872483,31.438818,26.166666
2021-11-12,19.489584,3.5887096,17.43125,3.6210527,36.98052,14.892617,30.43038,24.212645
2021-11-13,18.395834,3.3225806,17.08125,3.785965,34.324677,13.181208,29.485231,22.229885
2021-11-14,16.725695,2.8548386,17.48125,3.0736842,31.987013,12.040269,29.063292,20.52299
2021-11-15,14.944445,2.330645,17.54375,2.417544,27.253246,11.28859,27.379747,18.637932
2021-11-16,13.715278,2.064516,15.75625,2.2245615,24.246754,10.677853,25.177216,17.678162
2021-11-17,13.128472,2.032258,15.19375,2.1649122,23.584415,9.7449665,24.666666,17.086206
2021-11-18,12.704861,2.0241935,16.2625,2.0070176,23.474026,9.805369,22.185654,16.626436
2021-11-19,12.25,2.0241935,15.9375,1.9859649,23.032467,9.932886,21.679325,16.166666
2021-11-20,11.996528,2.0241935,15.80625,1.9333333,22.90909,9.342282,21.552742,16.155172
2021-11-21,11.864583,2.0241935,15.7375,1.8947369,22.883118,10.697987,21.49789,16.06322
2021-11-22,11.614583,2.0241935,15.66875,1.7894737,22.727272,10.442953,21.603376,15.735632
2021-11-23,11.180555,2.0241935,18.1,1.6736842,22.655844,10.610738,22.974684,15.247127
2021-11-24,11.100695,2.0241935,18.0375,1.6701754,22.681818,10.644296,22.827003,15.172414
2021-11-25,10.819445,2.0241935,18.125,1.6596491,22.675325,8.832214,22.911392,14.333333
2021-11-26,10.555555,2.0241935,17.54375,1.4491228,22.149351,10.348993,21.535866,14.321839
2021-11-27,9.722222,2.0080645,16.9125,1.1964912,21.077923,9.771812,21.27848,13.275862
2021-11-28,9.951389,2.0080645,16.18125,0.97192985,19.83117,9.221477,20.20675,12.3505745
2021-11-29,9.239583,1.9354838,15.0125,0.7508772,18.422077,8.47651,18.675106,11.557471
2021-11-30,8.309028,1.9032258,14.1375,0.6105263,17.116882,7.4832215,17.556963,10.775862
2021-12-01,8.666667,1.8951613,13.0625,0.5122807,16.09091,6.8389263,16.455696,10.41954
2021-12-02,7.8020835,1.8790323,12.0875,0.4280702,15.279221,6.322148,15.50633,9.821839
2021-12-03,6.9409723,1.8790323,11.50625,0.3508772,14.974026,5.7919464,15.324895,8.71839
2021-12-04,6.3541665,1.8790323,11.2375,0.29122806,14.909091,5.4026847,14.957806,7.683908
2021-12-05,5.9131947,1.8790323,10.9625,0.2631579,14.798701,5.060403,14.666667,6.9252872
2021-12-06,5.6215277,1.8467742,10.59375,0.23508772,14.344156,4.8389263,14.443038,6.3448277
2021-12-07,5.9375,1.8467742,10.35625,0.22807017,14.12987,4.6644297,14.1687765,6.724138
2021-12-08,5.8680553,1.8467742,10.4125,0.21754386,14.149351,4.6845636,14.240506,6.62069
2021-12-09,7.1840277,1.4919355,12.51875,0.5017544,12.37013,7.2885904,17.8481,7.3850574
2021-12-10,11.677083,10.096774,22.075,1.0596491,30.422077,12.107383,25.531645,11.04023
2021-12-11,11.583333,10.16129,20.675,1.077193,31.675325,12.610738,25.455696,11.528735
2021-12-12,11.649305,10.241936,22.275,3.8491228,31.77922,12.563759,25.29114,14.902299
2021-12-13,31.14236,11.443548,24.3375,23.708773,36.0,22.134228,31.126583,42.712643
2021-12-14,63.29514,28.75,66.03125,73.45263,102.11039,72.21477,83.35865,90.86781
2021-12-15,72.166664,65.629036,84.30625,78.28772,137.01949,87.85235,98.04219,101.24712
2021-12-16,93.364586,69.05645,92.64375,100.86667,147.48701,107.644295,113.74683,131.97127
2021-12-17,100.53125,73.73387,103.21875,104.375435,166.08441,116.10738,121.29114,141.17816
2021-12-18,101.21875,73.629036,108.9375,105.72281,175.42207,116.53691,123.21519,140.55173
2021-12-19,100.40625,72.53226,108.375,103.32632,175.0974,116.51678,122.91139,139.63792
2021-12-20,99.572914,71.33064,106.73125,103.480705,175.28572,116.006714,121.07173,138.81609
2021-12-21,98.760414,69.814514,105.64375,105.066666,174.0974,114.48322,120.11814,138.04024
2021-12-22,98.28472,67.51613,106.51875,114.47369,173.23376,113.033554,120.40084,137.25287
2021-12-23,106.59028,73.298386,117.41875,126.32632,200.97403,123.355705,130.1308,151.78162
2021-12-24,122.482635,118.91129,142.4125,136.24913,264.88312,149.1208,155.62025,170.66667
2021-12-25,133.45833,128.58871,155.79375,142.16843,290.18182,164.06711,166.81012,186.27586
2021-12-26,158.56944,156.6129,178.65,168.5614,327.10388,197.31543,193.55275,233.43678
2021-12-27,178.36111,159.15323,179.61874,189.94737,335.34415,208.1745,200.0633,269.82184
2021-12-28,197.47917,172.79033,195.93124,184.29474,363.35715,222.46309,215.20676,282.06323
2021-12-29,201.7882,172.04033,198.11874,189.94035,365.37012,224.68457,217.60759,292.68967
2021-12-30,211.11111,188.06451,209.3375,232.12631,374.66232,232.42953,228.47258,305.48276
2021-12-31,210.03473,187.99193,209.03125,232.36491,374.61688,226.08054,229.39241,305.49426
2022-01-01,209.85417,189.00807,143.4875,194.06316,369.03247,226.5302,197.96202,298.6494
2022-01-02,209.78125,188.94354,174.1625,193.95088,374.05844,226.89262,220.10548,301.8506
2022-01-03,209.07292,189.84677,145.8,206.02457,370.74026,227.98657,199.21097,301.4138
2022-01-04,209.7118,192.89516,179.61874,201.01053,372.8052,228.39597,204.92406,306.9138
2022-01-05,210.8368,192.09677,179.1,200.54736,371.77924,213.83221,202.08861,312.31033
2022-01-06,208.68056,190.0242,146.66875,211.10176,367.9026,211.36241,196.7848,310.20114
2022-01-07,206.82639,187.1371,144.81876,209.18245,366.64285,209.60403,194.09283,304.24713
2022-01-08,208.69098,187.12903,144.8375,212.8807,366.88962,210.53691,194.10971,308.11493
2022-01-09,207.91667,185.79839,145.06876,199.7614,366.4091,224.53691,192.54008,315.26437
2022-01-10,206.11111,184.82259,171.70625,198.3193,368.17532,222.34229,213.86497,312.8161
2022-01-11,203.97223,182.98387,198.81876,209.73685,370.63635,221.06711,215.654,299.55173
2022-01-12,200.5382,182.15323,196.65,208.62456,369.9026,219.37584,213.19832,298.1839
2022-01-13,197.80902,180.26613,150.075,206.06667,365.68182,217.51678,183.12659,297.3046
2022-01-14,196.09723,178.7742,160.3125,204.22807,366.2143,214.59732,184.56963,289.44827
2022-01-15,193.79167,177.16936,158.41875,202.8421,365.38962,214.14764,181.70042,288.86206
2022-01-16,191.43402,176.17741,156.3625,201.73334,364.0844,213.08054,181.70042,281.16092
2022-01-17,188.85417,174.2258,155.18124,201.04561,364.52597,210.75168,179.87341,280.7414
2022-01-18,187.3125,172.87097,154.45,200.46666,363.7922,210.349,179.35864,273.77585
2022-01-19,185.97917,172.18549,154.03125,198.58246,363.10388,209.61073,177.20253,271.0345
2022-01-20,184.09027,171.37097,153.675,185.72983,362.81818,208.81209,177.62447,267.9138
2022-01-21,181.78473,167.73387,151.9625,193.9228,362.14285,208.10068,176.34177,263.2069
2022-01-22,180.50694,164.7742,151.225,192.93333,361.82468,207.18791,174.04642,260.32758
2022-01-23,179.25,162.44354,150.45625,191.01053,361.61688,206.97986,175.29114,261.4885
2022-01-24,177.51042,161.6129,149.275,189.47017,360.73376,206.27516,174.12236,258.3908
2022-01-25,175.69792,159.90323,173.7,186.67018,361.75323,205.0,195.32912,250.71265
2022-01-26,173.9618,159.00807,147.55,186.47368,359.987,204.90604,172.51054,248.56897
2022-01-27,172.67361,162.6371,146.3125,194.4807,359.63635,204.38927,169.66667,246.17816
2022-01-28,171.03473,161.6371,145.44376,193.01755,358.82468,203.2953,170.3038,243.81035
2022-01-29,169.11111,160.80646,144.66875,191.1228,358.22076,202.27516,169.3502,241.28735
2022-01-30,167.53473,159.75,168.875,188.94737,359.53897,201.08054,189.00844,242.91379
2022-01-31,165.90973,157.89516,143.4,185.50175,357.65585,200.07382,167.08861,240.477
2022-02-01,164.42014,161.58064,148.28125,184.18947,362.0,203.83221,167.72574,235.27586
2022-02-02,163.70486,160.83871,148.2375,184.17194,362.03247,203.78523,166.08017,235.17241
2022-02-03,164.03473,160.33871,148.14375,184.35088,361.83768,203.79866,165.58228,234.51724
2022-02-04,163.15973,169.99193,148.10625,186.32631,361.7143,203.33557,166.55275,239.78735
2022-02-05,162.00348,169.75,149.53125,182.89824,361.75974,202.8255,164.23207,232.023
2022-02-06,159.58333,168.39516,148.8375,178.62807,361.10388,200.98657,164.66245,234.14943
2022-02-07,155.8368,164.09677,147.78125,181.65965,360.38962,198.84564,163.08438,228.52873
2022-02-08,151.45486,160.70161,144.45,173.18596,358.43506,196.7047,160.75528,220.05746
2022-02-09,147.73611,156.29033,142.0875,164.44562,356.89612,194.16107,159.346,216.0
2022-02-10,144.27083,152.09677,139.64375,155.74738,354.72726,190.95973,157.00844,212.10345
2022-02-11,140.06944,147.16129,136.275,146.25964,351.05844,187.08725,153.2827,206.49425
2022-02-12,135.7882,141.16936,133.48125,133.50877,347.4935,183.7047,151.4135,200.82759
2022-02-13,131.94792,135.58871,130.95,118.1193,344.39612,181.22148,151.33755,195.023
2022-02-14,127.791664,131.2258,129.0875,105.17895,341.57144,178.95973,150.39241,190.85057
2022-02-15,126.59028,128.24193,128.60625,104.792984,339.7013,178.03355,149.87764,191.08046
2022-02-16,127.607635,127.44355,128.48125,106.792984,339.7013,178.13423,149.4979,192.4253
2022-02-17,127.135414,125.870964,126.5,106.070175,339.4156,178.2953,146.47258,192.87357
2022-02-18,125.604164,125.01613,132.85625,103.070175,338.84415,177.2349,146.81435,191.23563
2022-02-19,123.34028,122.96774,125.10625,96.46316,337.14935,175.5839,144.51477,188.27586
2022-02-20,120.89931,121.05645,123.7125,87.54386,335.513,173.78523,144.84389,185.23563
2022-02-21,119.63194,119.69355,123.2125,85.51579,332.63635,173.25504,144.28693,190.18965
2022-02-22,123.083336,119.72581,112.21875,83.39298,331.9935,176.86577,145.83545,200.59195
2022-02-23,130.54861,126.58871,114.40625,88.905266,336.57144,182.85905,153.84389,199.1207
2022-02-24,131.26389,130.70161,111.1125,81.31579,337.35715,183.71141,152.43037,200.21265
2022-02-25,130.88889,133.60484,110.13125,81.14737,336.87012,188.38927,149.16455,199.91954
2022-02-26,130.69444,135.51613,109.3375,86.63158,336.7987,188.08054,146.98734,200.06897
2022-02-27,129.61806,135.28226,108.125,85.39298,336.0844,187.24832,147.76372,199.29884
2022-02-28,125.71528,132.83064,124.59375,75.13684,336.25323,183.99329,148.32912,199.59195
2022-03-01,122.69097,126.66936,155.0875,72.063156,333.46753,180.67114,173.62025,197.6207
2022-03-02,118.107635,121.22581,153.10625,60.80702,328.27274,176.09396,173.84389,195.08621
2022-03-03,113.385414,116.064514,149.925,52.589474,322.38962,171.85236,170.94514,193.21265
2022-03-04,111.045135,112.54032,149.1,48.554386,320.2143,170.0,171.80591,189.32759
2022-03-05,115.74306,122.20968,156.25,50.922806,328.1948,173.85905,176.39241,195.85632
2022-03-06,120.24306,129.08064,159.89375,51.31579,334.9156,175.20805,179.07173,197.58621
2022-03-07,120.78472,142.8629,160.3375,56.866665,336.63635,175.4094,179.26582,197.0977
2022-03-08,120.46181,143.25807,159.1875,57.28421,336.487,175.2282,177.67088,196.39655
2022-03-09,117.99653,143.76613,159.59375,53.596493,336.31168,173.55034,177.18143,194.00575
2022-03-10,117.576385,144.96774,158.90625,52.66316,335.87662,172.89262,176.36287,193.24713
2022-03-11,117.795135,144.62097,158.35,52.635086,335.68832,173.11409,174.44304,193.33908
2022-03-12,116.263885,143.3629,155.09375,48.901756,332.87662,171.53691,174.10127,191.04024
2022-03-13,115.020836,139.68549,153.325,46.37895,329.24026,170.01343,173.15611,189.41954
2022-03-14,114.923615,138.33871,150.24374,46.814034,326.2143,169.28859,170.29958,190.26437
2022-03-15,112.13194,134.79033,148.15,40.649124,319.7013,166.91946,170.36287,188.37357
2022-03-16,112.826385,132.62903,148.225,39.08421,319.17532,167.45638,170.25316,190.46552
2022-03-17,112.489586,131.18549,148.39375,36.831577,316.75323,166.49664,170.92827,188.55173
2022-03-18,111.02778,129.29033,148.98125,34.76842,317.04544,165.46309,170.16034,186.86208
2022-03-19,107.35069,126.41936,149.5625,31.470175,312.987,162.12752,170.87341,183.78162
2022-03-20,110.298615,125.76613,153.9375,31.442104,315.27924,166.7047,174.6962,187.35632
2022-03-21,110.03819,125.16936,153.36874,30.557896,318.11038,166.26846,173.64136,186.70116
2022-03-22,106.548615,120.645164,147.95,27.74035,314.05194,161.97986,167.04642,182.60919
2022-03-23,99.91319,113.508064,138.29375,21.877193,306.16232,156.08725,156.79324,174.25862
2022-03-24,93.19444,109.395164,132.55624,15.515789,292.94156,147.78523,153.72151,165.18965
2022-03-25,86.35069,103.75,120.1875,10.582457,275.4091,139.57718,147.24051,154.97127
2022-03-26,79.65278,98.064514,110.11875,7.396491,258.9935,131.7047,144.67088,144.9253
2022-03-27,73.58681,93.07258,100.6375,5.6280704,250.26624,124.51678,137.18143,135.96552
2022-03-28,69.670135,90.59677,98.81875,4.691228,245.14935,120.46309,134.05063,130.84483
2022-03-29,70.545135,85.90323,106.1375,4.6,254.14935,127.167786,136.1308,131.2931
2022-03-30,68.80903,86.25,113.5875,3.8842106,259.15585,125.456375,141.59915,127.78735
2022-03-31,66.923615,90.53226,107.76875,3.5964913,253.34416,123.36242,137.51054,125.27012
2022-04-01,64.111115,88.55645,107.96875,3.1964912,249.80519,121.72483,138.94514,121.64942
2022-04-02,60.020832,85.08871,105.325,2.5929825,244.74026,120.33557,139.64557,120.005745
2022-04-03,55.65625,81.17742,101.14375,2.1473684,235.7013,118.0,143.7848,114.373566
2022-04-04,51.02778,78.508064,94.3875,1.7719299,228.91559,114.30202,138.96202,109.78161
2022-04-05,48.07639,75.42742,90.30625,1.6350877,220.34416,110.95302,135.96202,105.5
2022-04-06,44.319443,69.370964,87.29375,1.4385965,213.24675,106.268456,133.24895,98.04023
2022-04-07,40.15625,64.395164,81.53125,1.0736842,203.83116,97.8255,126.11814,90.764366
2022-04-08,34.475693,58.814518,75.25625,0.79298246,190.5,86.14094,118.459915,79.75288
2022-04-09,30.649305,54.51613,71.33125,0.7122807,177.74675,78.66443,110.76371,72.844826
2022-04-10,28.82639,51.758064,68.425,0.70526314,171.22728,76.51007,106.27426,70.27586
2022-04-11,27.784721,50.685482,68.11875,0.7473684,167.61038,76.18792,106.06751,68.91954
2022-04-12,35.600693,45.322582,67.80625,3.368421,171.71428,88.67114,115.04219,79.005745
2022-04-13,36.322918,47.177418,74.58125,3.5157895,174.4026,89.65101,116.15612,79.155174
2022-04-14,37.100693,44.387096,74.4375,5.02807,174.33766,90.01342,117.00844,82.52299
2022-04-15,50.520832,46.48387,76.55625,16.463158,173.83766,96.59731,118.383965,110.13219
2022-04-16,52.194443,47.137096,72.725,16.291227,171.48701,95.8859,120.40084,114.77586
2022-04-17,58.72222,47.451614,92.18125,17.277193,191.03247,109.79866,142.39241,126.89081
2022-04-18,57.739582,46.177418,85.9875,13.592982,182.45454,108.093956,135.77216,120.465515
2022-04-19,54.444443,45.26613,84.89375,12.249123,177.08441,104.557045,132.55696,119.93678
2022-04-20,59.04514,45.137096,86.025,12.035088,175.7987,107.81208,132.84389,124.18391
2022-04-21,59.913193,44.685482,82.49375,15.0,174.57143,105.33557,126.37553,131.74138
2022-04-22,82.329865,49.26613,87.06875,22.877193,189.72078,119.530205,135.81857,156.47127
2022-04-23,83.510414,54.991936,90.0625,23.835087,192.02597,119.81208,129.87764,159.82184
2022-04-24,81.72222,56.967743,95.5875,19.052631,197.27922,118.879196,131.27849,155.85632
2022-04-25,77.333336,56.16129,91.3,13.624561,194.04546,113.13423,124.6751,146.75287
2022-04-26,74.677086,53.508064,80.8875,10.0912285,183.67532,104.60403,118.26582,138.60919
2022-04-27,69.74306,50.596775,77.0625,6.8,180.28572,94.07382,113.48523,133.63792
2022-04-28,65.65625,49.024193,76.06875,6.6701756,179.16884,90.10067,113.097046,128.91379
2022-04-29,64.482635,48.629032,75.98125,6.4736843,176.51299,89.355705,112.14346,126.82758
2022-04-30,60.225693,46.66129,74.00625,5.4350877,173.33766,85.13423,109.582275,120.873566
2022-05-01,56.118057,45.435482,72.06875,4.631579,190.74675,81.42282,107.57806,114.55173
2022-05-02,52.90625,43.346775,70.69375,3.9964912,184.97403,79.120804,106.105484,107.764366
2022-05-03,52.84722,41.282257,69.96875,3.8561404,183.2922,77.42282,105.52321,108.58046
2022-05-04,49.458332,40.758064,68.3625,3.3929825,179.46753,74.7651,104.08017,103.264366
2022-05-05,39.95139,39.274193,65.41875,1.8701755,172.66884,69.28859,101.70464,94.66092
2022-05-06,35.69097,37.95968,62.6375,1.4350877,164.68182,64.832214,99.40929,88.90804
2022-05-07,32.74653,35.096775,59.9375,1.2877192,156.11688,59.704697,95.74683,83.954025
2022-05-08,31.440971,34.69355,58.85625,1.2666667,152.48701,57.328857,95.00422,81.14368
2022-05-09,31.916666,34.548386,42.85625,1.9473684,142.7987,57.315437,84.96625,83.35058
2022-05-10,35.260418,34.548386,41.8375,6.2070174,142.35065,60.00671,81.308014,86.074715
2022-05-11,37.364582,34.58871,42.90625,7.866667,123.74675,64.05369,81.07173,89.126434
2022-05-12,38.94097,34.564518,43.09375,5.224561,124.13636,63.61745,81.88608,90.735634
2022-05-13,38.895832,34.669353,56.08125,2.4421053,152.33116,60.65772,91.48523,88.0977
2022-05-14,33.11111,33.225807,57.05,1.2736843,146.46104,57.34228,93.85654,82.94827
2022-05-15,29.38889,29.975807,52.31875,1.0,131.30519,52.61745,94.22785,74.126434
2022-05-16,25.072916,27.016129,47.975,0.80701756,115.92857,45.483223,86.940926,64.885056
2022-05-17,22.03125,33.314518,45.11875,0.6561403,110.402596,40.953022,82.29536,59.37931
2022-05-18,20.71875,30.741936,41.84375,0.47368422,103.12987,35.167786,77.45148,52.287357
2022-05-19,18.496529,27.39516,36.91875,0.2140351,93.07792,28.006712,69.3924,40.528736
2022-05-20,17.003471,24.701612,33.0,0.15438597,85.33117,24.033558,65.021095,37.402298
2022-05-21,17.364584,24.112904,32.36875,0.12982456,84.41558,23.026846,64.81435,39.155174
2022-05-22,16.534721,23.403225,31.5625,0.024561403,83.207794,20.62416,63.329113,36.689655
2022-05-23,15.024305,22.008064,29.01875,0.0,79.123375,17.389261,57.92827,33.172413
2022-05-24,13.079861,20.516129,26.20625,0.0,78.987015,13.95302,51.628693,28.643679
2022-05-25,10.256945,18.548388,22.4,0.0,72.82468,12.295302,45.35443,24.06322
2022-05-26,7.4965277,17.032259,19.05,0.0,64.655846,9.033557,39.236286,19.804598
2022-05-27,5.6597223,14.943548,16.625,0.0,64.96104,6.95302,34.388187,15.275862
2022-05-28,4.8159723,13.725806,15.11875,0.0,60.487015,5.966443,31.14346,11.971265
2022-05-29,4.6631947,13.467742,14.88125,0.0,59.714287,5.7449665,30.514769,11.275862
2022-05-30,4.53125,13.403226,14.83125,0.0,59.136364,5.583893,30.21097,10.885057
2022-05-31,4.3715277,13.403226,14.76875,0.0,59.025974,5.456376,29.945148,10.477012
2022-06-01,4.0243053,13.33871,14.4,0.0,58.35065,5.194631,28.98734,9.637931
2022-06-02,3.2048612,12.612904,13.31875,0.0,54.714287,4.308725,26.400845,8.137931
2022-06-03,2.5347223,11.919354,12.26875,0.0,51.077923,3.4161074,23.514769,6.5574713
2022-06-04,2.1284723,11.387096,11.3,0.0,47.636364,2.7248323,20.924051,5.316092
2022-06-05,1.9791666,10.7661295,10.73125,0.0,45.272728,2.3557048,19.556963,4.7126436
2022-06-06,1.8333334,10.032258,10.1625,0.0,42.597404,1.8456376,18.447258,4.097701
2022-06-07,1.5486112,8.879032,8.98125,0.0,41.597404,1.0067114,16.20675,3.1436782
2022-06-08,1.0902778,9.120968,7.4625,0.0,36.454544,0.38926175,13.004219,2.1609194
2022-06-09,0.6458333,7.266129,5.96875,0.0,31.298702,0.040268455,9.822784,1.2988505
2022-06-10,0.28819445,5.274194,4.48125,0.0,24.746754,0.0,6.535865,0.27011493
2022-06-11,0.059027776,3.5564516,3.0,0.0,19.025974,0.0,3.7552743,0.0
2022-06-12,0.0,2.4435484,2.10625,0.0,14.441559,0.0,2.0,0.0
2022-06-13,0.0,1.9758065,1.76875,0.0,12.136364,0.0,1.278481,0.0
2022-06-14,0.0,1.6854838,1.70625,0.0,11.25974,0.0,1.1983123,0.0
2022-06-15,0.0,1.1693548,1.575,0.0,9.162337,0.0,0.9113924,0.0
2022-06-16,0.0,0.7258065,1.375,0.0,6.285714,0.0,0.4177215,0.0
2022-06-17,0.0,0.5645161,1.2375,0.0,4.7922077,0.0,0.2616034,0.0
2022-06-18,0.0,0.5645161,1.2375,0.0,4.7922077,0.0,0.2616034,0.0
2022-06-19,0.0,0.5645161,1.2375,0.0,4.7922077,0.0,0.2616034,0.0
2022-06-20,0.0,0.5645161,1.2375,0.0,4.7922077,0.0,0.2616034,0.0
2022-06-21,0.0,0.516129,1.2,0.0,4.538961,0.0,0.24050634,0.0
2022-06-22,0.0,0.45967743,1.1,0.0,3.8961039,0.0,0.17721519,0.0
2022-06-23,0.0,0.58064514,1.01875,0.0,3.590909,0.0,0.12236287,0.0
2022-06-24,0.0,0.4516129,0.91875,0.0,3.2792208,0.0,0.05485232,0.0
2022-06-25,0.0,0.3548387,0.75625,0.0,2.7662337,0.0,0.0,0.0
2022-06-26,0.0,0.24193548,0.56875,0.0,2.1103897,0.0,0.0,0.0
2022-06-27,0.0,0.08064516,0.34375,0.0,1.3181819,0.0,0.0,0.0
2022-06-28,0.0,0.0,0.08125,0.0,0.6038961,0.0,0.0,0.0
2022-06-29,0.0,0.0,0.0,0.0,0.3051948,0.0,0.0,0.0
2022-06-30,0.0,0.0,0.0,0.0,0.097402595,0.0,0.0,0.0
2022-07-01,0.0,0.0,0.0,0.0,0.0,0.0,0.0,0.0
2022-07-02,0.0,0.0,0.0,0.0,0.0,0.0,0.0,0.0
2022-07-03,0.0,0.0,0.0,0.0,0.0,0.0,0.0,0.0
2022-07-04,0.0,0.0,0.0,0.0,0.0,0.0,0.0,0.0
2022-07-05,0.0,0.0,0.0,0.0,0.0,0.0,0.0,0.0
2022-07-06,0.0,0.0,0.0,0.0,0.0,0.0,0.0,0.0
2022-07-07,0.0,0.0,0.0,0.0,0.0,0.0,0.0,0.0
2022-07-08,0.0,0.0,0.0,0.0,0.0,0.0,0.0,0.0
2022-07-09,0.0,0.0,0.0,0.0,0.0,0.0,0.0,0.0
2022-07-10,0.0,0.0,0.0,0.0,0.0,0.0,0.0,0.0
2022-07-11,0.0,0.0,0.0,0.0,0.0,0.0,0.0,0.0
2022-07-12,0.0,0.0,0.0,0.0,0.0,0.0,0.0,0.0
2022-07-13,0.0,0.0,0.0,0.0,0.0,0.0,0.0,0.0
2022-07-14,0.0,0.0,0.0,0.0,0.0,0.0,0.0,0.0
2022-07-15,0.0,0.0,0.0,0.0,0.0,0.0,0.0,0.0
2022-07-16,0.0,0.0,0.0,0.0,0.0,0.0,0.0,0.0
2022-07-17,0.0,0.0,0.0,0.0,0.0,0.0,0.0,0.0
2022-07-18,0.0,0.0,0.0,0.0,0.0,0.0,0.0,0.0
2022-07-19,0.0,0.0,0.0,0.0,0.0,0.0,0.0,0.0
2022-07-20,0.0,0.0,0.0,0.0,0.0,0.0,0.0,0.0
2022-07-21,0.0,0.0,0.0,0.0,0.0,0.0,0.0,0.0
2022-07-22,0.0,0.0,0.0,0.0,0.0,0.0,0.0,0.0
2022-07-23,0.0,0.0,0.0,0.0,0.0,0.0,0.0,0.0
2022-07-24,0.0,0.0,0.0,0.0,0.0,0.0,0.0,0.0
2022-07-25,0.0,0.0,0.0,0.0,0.0,0.0,0.0,0.0
2022-07-26,0.0,0.0,0.0,0.0,0.0,0.0,0.0,0.0
2022-07-27,0.0,0.0,0.0,0.0,0.0,0.0,0.0,0.0
2022-07-28,0.0,0.0,0.0,0.0,0.0,0.0,0.0,0.0
2022-07-29,0.0,0.0,0.0,0.0,0.0,0.0,0.0,0.0
2022-07-30,0.0,0.0,0.0,0.0,0.0,0.0,0.0,0.0
2022-07-31,0.0,0.0,0.0,0.0,0.0,0.0,0.0,0.0
2022-08-01,0.0,0.0,0.0,0.0,0.0,0.0,0.0,0.0
2022-08-02,0.0,0.0,0.0,0.0,0.0,0.0,0.0,0.0
2022-08-03,0.0,0.0,0.0,0.0,0.0,0.0,0.0,0.0
2022-08-04,0.0,0.0,0.0,0.0,0.0,0.0,0.0,0.0
2022-08-05,0.0,0.0,0.0,0.0,0.0,0.0,0.0,0.0
2022-08-06,0.0,0.0,0.0,0.0,0.0,0.0,0.0,0.0
2022-08-07,0.0,0.0,0.0,0.0,0.0,0.0,0.0,0.0
2022-08-08,0.0,0.0,0.0,0.0,0.0,0.0,0.0,0.0
2022-08-09,0.0,0.0,0.0,0.0,0.0,0.0,0.0,0.0
2022-08-10,0.0,0.0,0.0,0.0,0.0,0.0,0.0,0.0
2022-08-11,0.0,0.0,0.0,0.0,0.0,0.0,0.0,0.0
2022-08-12,0.0,0.0,0.0,0.0,0.0,0.0,0.0,0.0
2022-08-13,0.0,0.0,0.0,0.0,0.0,0.0,0.0,0.0
2022-08-14,0.0,0.0,0.0,0.0,0.0,0.0,0.0,0.0
2022-08-15,0.0,0.0,0.0,0.0,0.0,0.0,0.0,0.0
2022-08-16,0.0,0.0,0.0,0.0,0.0,0.0,0.0,0.0
2022-08-17,0.0,0.0,0.0,0.0,0.0,0.0,0.0,0.0
2022-08-18,0.0,0.0,0.0,0.0,0.0,0.0,0.0,0.0
2022-08-19,0.0,0.0,0.0,0.0,0.0,0.0,0.0,0.0
2022-08-20,0.0,0.0,0.0,0.0,0.0,0.0,0.0,0.0
2022-08-21,0.0,0.0,0.0,0.0,0.0,0.0,0.0,0.0
2022-08-22,0.0,0.0,0.0,0.0,0.0,0.0,0.0,0.0
2022-08-23,0.0,0.0,0.0,0.0,0.0,0.0,0.0,0.0
2022-08-24,0.0,0.0,0.0,0.0,0.0,0.0,0.0,0.0
2022-08-25,0.0,0.0,0.0,0.0,0.0,0.0,0.0,0.0
2022-08-26,0.0,0.0,0.0,0.0,0.0,0.0,0.0,0.0
2022-08-27,0.0,0.0,0.0,0.0,0.0,0.0,0.0,0.0
2022-08-28,0.0,0.0,0.0,0.0,0.0,0.0,0.0,0.0
2022-08-29,0.0,0.0,0.0,0.0,0.0,0.0,0.0,0.0
2022-08-30,0.0,0.0,0.0,0.0,0.0,0.0,0.0,0.0
2022-08-31,0.0,0.0,0.0,0.0,0.0,0.0,0.0,0.0
2022-09-01,0.0,0.0,0.0,0.0,0.0,0.0,0.0,0.0
2022-09-02,0.0,0.0,0.0,0.0,0.0,0.0,0.0,0.0
2022-09-03,0.0,0.0,0.0,0.0,0.0,0.0,0.0,0.0
2022-09-04,0.0,0.0,0.0,0.0,0.0,0.0,0.0,0.0
2022-09-05,0.0,0.0,0.0,0.0,0.0,0.0,0.0,0.0
2022-09-06,0.0,0.0,0.0,0.0,0.0,0.0,0.0,0.0
2022-09-07,0.0,0.0,0.0,0.0,0.0,0.0,0.0,0.0
2022-09-08,0.0,0.0,0.0,0.0,0.0,0.0,0.0,0.0
2022-09-09,0.0,0.0,0.0,0.0,0.0,0.0,0.0,0.0
2022-09-10,0.0,0.0,0.0,0.0,0.0,0.0,0.0,0.0
2022-09-11,0.0,0.0,0.0,0.0,0.0,0.0,0.0,0.0
2022-09-12,0.0,0.0,0.0,0.0,0.0,0.0,0.0,0.0
2022-09-13,0.0,0.0,0.0,0.0,0.0,0.0,0.0,0.0
2022-09-14,0.0,0.0,0.0,0.0,0.0,0.0,0.0,0.0
2022-09-15,0.0,0.0,0.0,0.0,0.0,0.0,0.0,0.0
2022-09-16,0.0,0.0,0.0,0.0,0.0,0.0,0.0,0.0
2022-09-17,0.0,0.0,0.0,0.0,0.0,0.0,0.0,0.0
2022-09-18,0.0,0.0,0.0,0.0,0.0,0.0,0.0,0.0
2022-09-19,0.0,0.0,0.025,0.0,0.0064935065,0.0067114094,0.012658228,0.0
2022-09-20,0.0,0.0,0.1,0.0,0.0,0.0,0.016877636,0.0
2022-09-21,0.0,0.0,0.29375,0.0,0.032467533,0.10738255,0.10970464,0.0
2022-09-22,0.125,0.0,0.475,0.0,0.038961038,0.26174498,0.47679326,0.0
2022-09-23,0.0034722222,0.0,0.1625,0.0,0.0,0.08053691,0.05485232,0.0
2022-09-24,0.0,0.0,0.05625,0.0,0.0,0.0,0.0,0.0
2022-09-25,0.0,0.0,0.0,0.0,0.0,0.0,0.0,0.0
2022-09-26,0.0,0.0,0.0,0.0,0.0,0.0,0.0,0.0
2022-09-27,0.0,0.0,0.0,0.0,0.0,0.0,0.0,0.0
2022-09-28,0.0,0.0,0.0,0.0,0.0,0.0,0.0,0.0
2022-09-29,0.0,0.0,0.0,0.0,0.0,0.0,0.0,0.0
2022-09-30,0.0,0.0,0.0,0.0,0.0,0.0,0.0,0.0
2022-10-01,0.0,0.0,0.0,0.0,0.0,0.0,0.0,0.0
2022-10-02,0.0,0.0,0.0,0.0,0.0,0.0,0.0,0.0
2022-10-03,0.0,0.0,0.0,0.0,0.0,0.0,0.0,0.0
2022-10-04,0.0,0.0,0.0,0.0,0.0,0.0,0.0,0.0
2022-10-05,0.0,0.0,0.0,0.0,0.0,0.0,0.0,0.0
2022-10-06,0.0,0.0,0.0,0.0,0.0,0.0,0.0,0.0
2022-10-07,0.0,0.0,0.0,0.0,0.0,0.0,0.0,0.0
2022-10-08,0.0,0.0,0.0,0.0,0.0,0.0,0.0,0.0
2022-10-09,0.0,0.0,0.0,0.0,0.0,0.0,0.0,0.0
2022-10-10,0.0,0.0,0.0,0.0,0.0,0.0,0.0,0.0
2022-10-11,0.0,0.0,0.0,0.0,0.0,0.0,0.0,0.0
2022-10-12,0.0,0.0,0.0,0.0,0.0,0.0,0.0,0.0
2022-10-13,0.0,0.0,0.0,0.0,0.0,0.0,0.0,0.0
2022-10-14,0.0,0.0,0.0,0.0,0.0,0.0,0.0,0.0
2022-10-15,0.0,0.0,0.0,0.0,0.0,0.0,0.0,0.0
2022-10-16,0.0,0.0,0.0,0.0,0.0,0.0,0.0,0.0
2022-10-17,0.0,0.0,0.0,0.0,0.0,0.0,0.0,0.0
2022-10-18,0.0,0.0,0.0,0.0,0.0,0.0,0.0,0.0
2022-10-19,0.0,0.0,0.0,0.0,0.0,0.0,0.0,0.0
2022-10-20,0.0,0.0,0.0,0.0,0.0,0.0,0.0,0.0
2022-10-21,0.0,0.0,0.0,0.0,0.0,0.0,0.0,0.0
2022-10-22,0.0,0.0,0.0,0.0,0.0,0.0,0.0,0.0
2022-10-23,0.18055555,0.0,0.15,0.0,0.0,0.37583894,0.6413502,0.01724138
2022-10-24,0.15277778,0.0,0.13125,0.0,0.0,0.37583894,0.5780591,0.01724138
2022-10-25,0.017361112,0.0,0.0,0.0,0.0,0.18120806,0.19831224,0.0
2022-10-26,0.0,0.0,0.0,0.0,0.0,0.053691275,0.10548523,0.0
2022-10-27,0.0,0.0,0.0,0.0,0.0,0.060402684,0.10970464,0.0
2022-10-28,0.0,0.0,0.0,0.0,0.0,0.046979867,0.088607594,0.0
2022-10-29,0.0,0.0,0.0,0.0,0.0,0.046979867,0.050632913,0.0
2022-10-30,0.0,0.0,0.0,0.0,0.0,0.0,0.029535865,0.0
2022-10-31,0.0,0.0,0.0,0.0,0.0,0.0,0.016877636,0.0
2022-11-01,0.0,0.0,0.0,0.0,0.0,0.0,0.0,0.0
2022-11-02,6.9479165,6.548387,3.9625,7.0982456,7.2207794,3.624161,4.5105486,9.166667
2022-11-03,12.625,7.870968,7.11875,10.842105,9.448052,6.4697986,7.8691983,14.551724
2022-11-04,12.666667,8.169354,7.125,11.498245,9.616883,7.510067,7.978903,14.304598
2022-11-05,11.309028,7.9919353,6.1375,10.438597,8.246754,6.590604,6.1729956,13.413794
2022-11-06,11.506945,3.967742,5.4,7.985965,4.961039,6.536913,6.320675,12.689655
2022-11-07,14.038195,4.814516,9.23125,13.912281,12.603896,7.8993287,9.573839,18.218391
2022-11-08,21.677084,17.532259,28.04375,22.445614,40.623375,19.684565,25.126583,25.597702
2022-11-09,44.354168,50.51613,47.64375,40.6,88.87013,52.15436,49.57806,48.304596
2022-11-10,47.03472,52.435482,51.81875,43.326317,94.25325,54.785236,51.86498,54.38506
2022-11-11,45.6875,52.153225,51.61875,45.308773,94.42208,55.14765,51.93249,53.431034
2022-11-12,44.538193,51.75,51.175,43.414036,94.28571,54.872482,51.590717,52.12644
2022-11-13,45.336807,51.741936,50.9,43.119297,94.12987,54.597317,51.27426,53.063217
2022-11-14,44.552082,51.096775,50.64375,42.870174,93.96104,54.38255,50.831223,53.264366
2022-11-15,43.48264,50.60484,50.0,43.91579,93.77273,53.85235,50.2827,52.08621
2022-11-16,42.350693,51.169353,49.5,43.28421,93.49351,52.577183,49.687763,50.327587
2022-11-17,40.25347,49.04032,48.4375,40.922806,92.55844,51.604027,48.751057,47.63793
2022-11-18,39.010418,48.725807,47.5,39.68421,91.85714,50.0,47.594936,45.58621
2022-11-19,37.79861,47.346775,47.06875,37.838596,91.792206,49.114094,45.85654,44.63793
2022-11-20,36.770832,46.919353,46.54375,36.85614,91.51948,48.496643,44.527428,44.00575
2022-11-21,35.583332,45.419353,45.91875,36.14386,90.792206,47.302013,43.27848,42.672413
2022-11-22,34.29861,44.048386,45.35,35.035088,89.97403,44.85235,42.71308,42.03448
2022-11-23,33.125,42.927418,44.75625,33.168423,88.954544,44.308723,42.27426,40.04598
2022-11-24,31.118055,41.532257,43.45625,30.196491,87.09091,42.489933,41.57806,37.988506
2022-11-25,28.65625,39.129032,42.475,27.898245,84.207794,40.107384,39.86076,36.155174
2022-11-26,27.163195,36.782257,41.09375,24.68772,80.1039,38.080536,39.510548,33.87356
2022-11-27,26.097221,35.225807,40.4875,25.0,78.64935,36.362415,38.151897,32.804596
2022-11-28,26.020834,34.258064,39.70625,21.350878,76.623375,35.704697,38.409283,32.195404
2022-11-29,25.753471,33.419353,39.6875,23.557896,76.123375,35.449665,37.27848,32.08046
2022-11-30,25.9375,33.48387,39.7,23.57193,75.98052,36.295303,38.33755,31.252874
2022-12-01,25.940971,33.30645,39.69375,24.947369,77.77273,36.62416,37.78903,34.183907
2022-12-02,54.5625,66.3871,60.625,50.761402,124.902596,68.557045,67.44304,64.93678
2022-12-03,54.92361,70.1371,61.85625,52.82807,127.207794,69.05369,68.00422,70.51724
2022-12-04,66.84028,88.3871,79.875,77.61404,165.74026,82.86577,84.37131,81.94827
2022-12-05,74.392365,98.620964,89.5,92.43158,186.77272,93.0,92.303795,97.086205
2022-12-06,82.65278,99.3871,91.55625,109.81754,190.2078,95.91275,94.29114,109.90804
2022-12-07,81.854164,98.55645,91.5375,105.73684,190.37662,96.33557,93.96203,109.29885
2022-12-08,81.30903,99.22581,91.58125,107.04211,190.4026,94.966446,93.21519,110.36207
2022-12-09,85.11806,100.58064,91.7375,115.947365,190.62987,95.657715,94.22785,115.454025
2022-12-10,86.46181,101.258064,91.81875,122.25965,190.15584,96.020134,94.12658,124.735634
2022-12-11,122.43403,137.75807,132.2,159.38597,256.96103,143.43625,146.42194,168.64943
2022-12-12,140.4618,159.42741,148.05,168.62105,274.62338,160.8792,164.43881,183.24713
2022-12-13,140.51042,161.2258,148.0875,184.16492,275.2987,161.51678,164.7806,181.2069
2022-12-14,139.85764,162.00807,148.03125,177.5193,275.03897,161.44966,164.57384,178.83333
2022-12-15,141.04167,162.73387,147.8125,177.0421,280.4156,161.78523,164.53586,179.0977
2022-12-16,140.08333,162.2258,146.98125,176.81053,280.61688,161.11409,163.72997,185.45403
2022-12-17,139.40277,161.6371,145.75,176.49825,280.42856,160.52348,162.86497,184.00575
2022-12-18,139.0,161.06451,144.83125,176.53683,280.33118,160.28859,161.82701,183.04024
2022-12-19,138.63889,160.3629,144.15625,176.13684,279.84415,159.15436,162.01688,179.08046
2022-12-20,138.7257,159.67741,143.53125,185.62105,279.62338,158.42953,159.72997,178.67241
2022-12-21,137.77777,158.71774,142.55624,175.64561,279.16232,157.40268,158.6962,178.81035
2022-12-22,137.0,158.20967,141.425,174.89824,278.94156,156.5839,156.55696,181.00575
2022-12-23,136.4375,157.19354,140.31876,174.45264,278.4091,155.46309,155.5443,179.58046
2022-12-24,135.69792,156.2742,139.075,174.84561,277.84415,153.24832,153.61603,180.87357
2022-12-25,134.07292,154.58064,137.225,181.58246,277.0844,151.77852,152.17722,177.83908
2022-12-26,132.4375,151.8871,135.15625,180.00351,275.16882,149.63087,148.01266,174.49425
2022-12-27,134.64583,150.69354,135.9625,201.25262,279.56494,153.20134,150.65823,179.75287
2022-12-28,147.6007,189.57259,151.4125,194.31229,326.52597,185.87248,174.73418,190.43678
2022-12-29,145.56598,190.03226,151.84375,210.08772,326.77274,187.32214,176.5865,192.22989
2022-12-30,156.44098,197.80646,154.54375,216.07018,335.64285,198.07382,183.81435,205.68391
2022-12-31,169.6493,201.6129,168.2,206.70526,364.88962,209.24832,197.57384,210.65517
2023-01-01,178.03473,239.5242,217.5,196.23509,442.45456,239.38927,233.5443,233.27586
2023-01-02,179.59027,246.90323,219.8625,190.1193,448.68832,244.71812,236.97046,228.67241
2023-01-03,182.20486,256.8871,225.05,192.25262,460.31818,254.9463,244.3502,233.66667
2023-01-04,183.79861,257.7097,225.05,189.58948,461.75323,257.10068,245.35443,235.32184
2023-01-05,186.625,264.75,230.86874,216.10527,481.38312,265.8322,254.87341,243.22989
2023-01-06,202.91667,306.78226,257.86874,234.95439,529.8831,293.04028,279.7426,264.6494
2023-01-07,203.67014,306.91934,257.725,223.92632,529.70776,293.91946,279.83545,265.5345
2023-01-08,207.29861,308.2258,260.75626,240.77193,533.4805,300.302,284.92828,273.13794
2023-01-09,217.18402,319.15323,273.71875,257.94385,560.1429,314.04697,298.09283,289.6494
2023-01-10,227.34723,393.90323,310.20624,303.4737,649.25977,342.6443,328.75107,305.0345
2023-01-11,250.80208,422.51614,329.56876,308.7193,694.82465,368.5906,349.4388,336.33908
2023-01-12,260.4861,426.67743,334.95624,309.23508,702.66235,379.6443,358.40506,351.2586
2023-01-13,260.14236,426.7903,333.7125,306.0807,702.64935,380.2416,357.78903,347.10345
2023-01-14,270.94098,427.19354,335.08124,314.17545,705.8052,389.51007,363.29114,363.21265
2023-01-15,300.0625,479.26614,367.24374,336.57193,756.87665,427.04697,397.18988,386.37357
2023-01-16,308.82986,492.69354,381.83124,345.13333,774.8442,447.02014,421.6751,405.83334
2023-01-17,325.6389,513.8629,395.6375,370.09473,799.74023,465.7584,437.0042,407.6494
2023-01-18,326.03473,514.6855,395.5875,370.9123,799.03894,484.96643,437.0675,408.58047
2023-01-19,333.33334,515.7016,397.53125,348.61755,801.16235,492.44296,442.6329,422.6092
2023-01-20,335.3854,518.24194,398.9,359.57193,803.8117,493.61075,443.96204,423.29886
2023-01-21,333.5486,518.25806,398.68124,359.8421,803.487,493.62418,443.90295,430.98276
2023-01-22,333.5,518.7016,398.7625,343.85614,804.23376,493.8926,443.76794,425.8908
2023-01-23,334.1493,519.39514,398.3625,359.58246,802.6104,493.39597,443.8017,421.9138
2023-01-24,338.48264,522.3306,396.1125,365.70877,800.72076,493.1745,439.8017,427.89655
2023-01-25,337.62152,521.871,395.30624,387.2,808.6688,492.6577,438.68353,426.55173
2023-01-26,336.60764,522.0887,393.6625,357.54736,808.0974,491.51678,437.57806,417.17242
2023-01-27,336.125,521.24194,392.04376,379.7193,807.44806,490.61746,435.11392,412.40805
2023-01-28,336.27084,520.129,391.31876,356.57895,806.9545,489.01343,434.29535,412.1207
2023-01-29,335.37848,519.85486,391.05624,355.55087,806.5714,488.14093,433.76794,414.70114
2023-01-30,338.89584,521.1774,394.3625,356.50174,809.3896,490.25504,437.09705,409.02875
2023-01-31,337.375,515.4839,394.33124,379.29123,809.26624,490.20807,437.05063,413.60345
2023-02-01,336.85764,515.49194,393.7625,379.5579,795.2727,489.32214,436.4304,369.16666
2023-02-02,336.28473,515.129,395.0,379.39648,790.9415,488.0067,436.55698,368.5747
2023-02-03,334.9618,514.0887,392.93124,377.02457,794.56494,485.90604,433.95358,415.60345
2023-02-04,335.06598,512.70966,392.6875,378.50174,794.94806,484.26175,433.22784,416.60345
2023-02-05,342.07986,514.5,404.94376,382.90878,818.4675,492.20807,443.05484,426.43103
2023-02-06,357.95834,518.29034,409.65625,386.5193,826.487,503.04697,451.8734,438.71265
2023-02-07,357.52777,519.0323,409.59375,386.79648,826.17535,503.27518,451.9325,438.67242
2023-02-08,356.1979,518.6694,408.88126,385.14386,824.8701,501.44968,450.88187,428.20114
2023-02-09,354.69446,517.121,407.85,382.32632,825.2143,498.95303,449.51477,426.7299
2023-02-10,352.55902,514.2339,406.68124,379.7228,824.4415,496.1141,447.88187,433.21838
2023-02-11,353.22916,512.6855,406.49374,379.37543,823.974,495.651,447.48523,434.9655
2023-02-12,354.03473,512.4758,407.3125,378.5614,824.3701,495.84564,447.96625,425.56323
2023-02-13,352.9479,512.7742,409.45624,375.39297,824.67535,494.22147,455.11392,425.3908
2023-02-14,346.87848,511.7742,409.00626,373.70175,824.2727,492.61746,454.05063,424.8161
2023-02-15,346.7639,513.379,406.6875,373.0351,823.5065,492.698,446.47256,425.89655
2023-02-16,347.03125,513.5887,406.71875,373.8421,823.43506,491.8255,446.3038,425.83334
2023-02-17,346.875,513.89514,406.68124,372.82104,823.6818,491.30872,446.38397,425.44827
2023-02-18,346.63196,515.0323,406.5125,372.5579,823.8182,490.14093,445.7342,425.8793
2023-02-19,346.5625,514.4516,406.23126,372.8737,823.6104,489.14764,445.05063,425.47125
2023-02-20,345.22916,513.2339,404.96875,372.37543,822.24023,486.50336,443.8945,422.52298
2023-02-21,343.5868,509.41934,404.025,367.22104,821.4286,483.5906,442.62024,420.85632
2023-02-22,344.8229,509.16934,406.40625,372.44913,819.8896,485.61746,446.21942,421.36783
2023-02-23,351.53125,513.0484,410.80624,348.05966,825.55194,523.396,455.61603,413.72415
2023-02-24,365.31946,519.74194,420.1125,414.09824,838.66235,536.32214,466.68353,448.97702
2023-02-25,387.80554,617.0645,474.3125,414.6,927.2857,566.302,511.7637,462.3161
2023-02-26,393.27084,642.94354,484.26874,396.0316,946.6818,576.6376,520.9789,463.954
2023-02-27,412.4236,647.7339,496.36874,431.0351,960.27924,591.1342,534.6118,485.47125
2023-02-28,436.3993,667.7177,523.91876,417.83157,985.77924,620.55707,566.1097,514.08044
2023-03-01,477.52777,704.1774,563.53125,443.01053,1049.7727,656.79865,595.81854,563.13794
2023-03-02,480.34723,709.7016,555.725,448.53683,1051.513,657.15436,591.4726,562.47125
2023-03-03,486.3507,710.55646,554.975,442.29123,1051.5454,657.1409,591.24896,562.0747
2023-03-04,483.8125,709.0161,552.29376,442.5228,1051.4026,656.745,589.31647,555.36206
2023-03-05,497.70834,714.75,566.5125,459.94034,1067.448,671.5369,603.2743,559.7012
2023-03-06,514.0764,728.10486,583.9437,463.09824,1088.3441,694.84564,624.4557,591.66095
2023-03-07,521.8542,730.121,595.3875,471.8456,1089.3961,698.953,635.62445,601.8506
2023-03-08,527.11456,730.8226,584.675,480.70526,1089.3507,699.8725,627.64557,590.32184
2023-03-09,534.9722,731.121,509.2,487.23157,1078.6299,704.2148,626.83545,625.4598
2023-03-10,552.96875,760.1855,617.2438,516.89825,1149.3766,740.36914,669.519,652.5517
2023-03-11,556.5035,811.99194,656.0062,550.0947,1216.6884,760.8591,697.2194,645.81036
2023-03-12,564.57983,822.5645,656.75,535.32983,1228.9286,773.1879,704.97046,660.4023
2023-03-13,571.85767,823.1694,660.0125,546.1509,1238.0454,793.0604,717.1519,674.15515
2023-03-14,574.11456,817.879,657.5875,578.68774,1239.0714,792.6577,715.37134,675.5345
2023-03-15,583.6007,847.129,683.65,559.17194,1285.987,808.2349,739.37134,700.97125
2023-03-16,578.7083,843.7661,681.5,556.9719,1286.487,815.7651,736.9156,698.37354
2023-03-17,573.8993,838.9677,678.46875,555.7474,1286.3961,815.96643,733.35443,669.5115
2023-03-18,568.92017,837.8145,672.475,577.4982,1285.0585,821.3893,729.63715,681.62067
2023-03-19,564.76733,835.621,668.89374,571.48773,1284.5454,820.03357,725.5907,675.523
2023-03-20,569.38196,847.5,677.475,572.7368,1310.5325,828.953,734.2194,679.54596
2023-03-21,567.4028,847.69354,676.1813,571.6561,1313.7273,830.93286,733.49365,679.8908
2023-03-22,566.8368,873.70966,683.625,569.67017,1335.0454,836.2148,740.9831,696.21265
2023-03-23,569.0764,876.129,597.9437,578.7474,1326.909,834.28186,739.6793,698.27014
2023-03-24,575.6111,881.25806,688.0563,581.50525,1347.948,839.19464,746.9114,693.1724
2023-03-25,577.9583,881.89514,597.95,581.1228,1334.7013,840.24164,742.7806,694.1839
2023-03-26,577.8403,882.1129,689.28125,606.2105,1348.5779,840.0067,747.49365,699.32184
2023-03-27,577.70483,882.4677,687.1,571.05615,1347.9935,839.745,746.11395,697.7759
2023-03-28,575.8125,882.5645,596.7875,572.41406,1334.7273,840.10736,741.6751,697.83905
2023-03-29,602.9965,895.70966,617.725,576.7579,1363.4415,863.5638,762.37976,718.7759
2023-03-30,610.80554,903.5968,630.2625,584.85614,1377.0779,874.09393,773.9789,723.2184
2023-03-31,610.5139,904.2742,627.51874,614.7825,1375.013,872.2148,786.4515,719.0
2023-04-01,609.55206,904.69354,720.76874,617.4456,1383.1559,870.0134,790.29114,748.3333
2023-04-02,608.34375,903.2984,725.6625,605.186,1385.7858,868.27515,801.789,731.2988
2023-04-03,610.86804,904.9516,718.175,640.607,1381.6884,868.7383,787.7257,736.9598
2023-04-04,613.059,907.371,716.29376,606.75085,1382.8116,869.15436,787.8903,740.0172
2023-04-05,611.2778,907.6129,716.6937,607.6421,1384.6104,878.0067,789.62866,755.52875
2023-04-06,613.2465,908.0806,716.4375,648.7018,1386.2858,876.1275,787.64557,751.4885
2023-04-07,608.5208,905.9355,709.1375,641.76843,1384.0325,874.4899,781.35864,749.0115
2023-04-08,611.0347,902.7258,703.73126,641.0842,1381.617,874.6107,777.1941,754.4483
2023-04-09,602.4965,897.3387,699.85626,632.8386,1377.2858,871.5772,772.654,746.5862
2023-04-10,591.9236,888.1532,693.34375,607.8491,1371.3572,866.61743,766.0042,732.3333
2023-04-11,581.13544,875.621,687.0375,588.0175,1358.9935,859.54364,759.50635,699.5402
2023-04-12,573.0903,867.5968,681.3875,574.13336,1346.7142,854.93286,754.6582,687.0862
2023-04-13,566.92017,864.2339,677.4938,570.18243,1327.026,854.1275,752.7468,680.2759
2023-04-14,562.30206,862.4516,671.2,576.5439,1309.065,853.2953,750.55695,693.8851
2023-04-15,557.21875,860.2984,664.3063,558.4421,1294.448,852.6376,749.2616,688.77014
2023-04-16,550.9514,854.4194,653.1813,544.0842,1281.8572,850.5101,743.44305,681.0172
2023-04-17,545.1215,848.9355,647.2375,530.3263,1263.9675,847.2215,741.2574,675.7931
2023-04-18,543.2778,845.19354,644.1375,525.7544,1245.3896,846.44965,741.4852,681.1149
2023-04-19,542.8542,842.9274,631.9875,538.3439,1228.1948,846.90607,736.7426,686.5402
2023-04-20,542.4514,839.94354,616.84375,538.2421,1215.0454,846.7114,728.7384,690.00574
2023-04-21,538.566,836.1694,598.33124,529.1579,1192.8961,845.32214,720.1899,684.7414
2023-04-22,528.67706,784.2742,585.66876,506.57544,1175.6104,839.6107,713.0591,654.93677
2023-04-23,518.4514,776.4758,574.525,474.79297,1160.2727,833.604,705.23627,647.0402
2023-04-24,508.84375,801.95966,566.55,450.78946,1151.6624,828.44965,699.49786,639.54596
2023-04-25,500.17014,784.1694,556.9,428.23508,1137.6753,823.5302,692.2869,631.5115
2023-04-26,482.0868,761.5887,545.7438,408.4,1121.2792,816.7718,683.1477,622.092
2023-04-27,469.16666,731.35486,560.6375,376.95438,1125.3247,808.6644,694.16455,611.12646
2023-04-28,455.6736,704.0968,525.73126,346.3193,1096.0,798.45636,665.2574,614.1667
2023-04-29,442.27777,670.2661,512.60626,301.2842,1084.0585,788.3087,655.44727,601.21265
2023-04-30,426.4236,640.3629,497.2375,262.51578,1070.526,774.255,647.10547,588.2012
2023-05-01,415.99304,611.24194,515.35626,247.3228,1073.6493,767.0134,660.5823,580.7816
2023-05-02,409.9236,598.75806,509.5125,236.32631,1061.1428,768.02686,658.827,575.4023
2023-05-03,408.9271,594.85486,506.23126,234.94386,1059.7273,773.55035,658.6625,575.21265
2023-05-04,408.4375,590.0323,500.925,226.56842,1055.1299,775.07385,655.3882,530.6667
2023-05-05,411.2639,586.1613,492.25,219.32631,1056.1884,779.37585,651.1899,532.83905
2023-05-06,414.90625,582.9677,487.1875,216.9228,1053.7987,783.85236,649.4346,535.1149
2023-05-07,422.0382,579.29034,478.63126,216.93684,1048.7662,788.7651,644.7933,541.45404
2023-05-08,421.7882,575.19354,469.28125,215.06667,1021.57794,787.1342,638.0591,537.569
2023-05-09,421.40277,570.4758,462.375,213.7965,1013.70776,782.84564,632.6709,539.73566
2023-05-10,418.92014,565.2742,459.91876,207.32982,1003.42206,777.7718,630.0169,534.4425
2023-05-11,414.25696,559.6855,458.88126,197.29474,996.8182,769.302,628.6793,532.13794
2023-05-12,406.47916,552.5242,454.76874,181.39648,987.1169,764.7785,625.6582,526.77014
2023-05-13,392.7604,541.6371,446.23126,157.72632,970.4805,757.92615,620.5443,516.8563
2023-05-14,375.7882,531.20966,443.7,132.43158,970.4545,748.75836,615.02954,503.54022
2023-05-15,360.31946,518.30646,436.04376,114.24561,948.026,736.15436,611.3249,488.2701
2023-05-16,345.2396,504.65323,427.2,99.14386,921.7013,723.1275,606.77637,450.28162
2023-05-17,330.7986,492.2016,415.98126,84.55789,894.83765,708.745,601.16455,434.38507
2023-05-18,307.52777,494.07257,405.88126,71.063156,912.53894,694.302,595.23206,425.7414
2023-05-19,294.53125,476.0887,394.6,57.51228,889.526,676.15436,587.4726,408.75287
2023-05-20,282.01736,467.8387,381.26874,50.43509,868.1558,658.7383,577.9409,389.83334
2023-05-21,268.22916,455.8871,367.55624,41.2,845.70776,640.15436,569.27,371.66092
2023-05-22,255.4132,446.94354,356.33124,34.491226,828.1558,624.1745,561.6751,351.05746
2023-05-23,241.94098,436.98386,346.4125,28.71228,810.4415,607.5101,554.88605,349.71838
2023-05-24,244.97223,423.65323,330.34375,24.614035,794.0065,596.6443,550.7173,338.32184
2023-05-25,236.77777,411.23386,322.8,21.659649,783.0195,586.0604,547.7342,326.51724
2023-05-26,229.75348,402.57257,319.35,19.154387,773.3117,575.9866,544.4599,315.4655
2023-05-27,223.74652,395.41934,348.38126,16.961403,802.42206,555.2148,545.0211,305.76437
2023-05-28,212.98264,390.2742,342.35626,14.838596,792.5844,532.09393,539.2785,296.35632
2023-05-29,205.0382,380.7742,335.1375,13.140351,769.7013,519.08057,533.70044,286.73563
2023-05-30,197.125,370.48386,319.09375,10.449122,710.74023,486.4094,525.98737,276.7931
2023-05-31,189.55556,362.62903,313.25626,10.315789,698.2013,477.12082,521.4599,267.61493
2023-06-01,181.76042,354.16934,301.86874,8.905263,654.1039,461.85907,514.8692,254.54597
2023-06-02,174.8507,344.96774,296.96875,7.5964913,644.0974,449.90604,509.94516,244.63792
2023-06-03,167.28125,340.76614,291.275,6.133333,631.1169,436.07382,503.8059,233.77011
2023-06-04,157.6493,327.6613,278.9625,4.133333,610.9156,414.95972,494.11813,223.02873
2023-06-05,140.9375,316.2258,264.50626,2.6701756,587.25323,367.95972,470.24893,211.60345
2023-06-06,127.486115,306.09677,257.51874,1.954386,571.8312,350.7181,460.2405,201.24713
2023-06-07,120.15625,299.82257,253.94376,1.5263158,560.36365,339.08054,455.55273,190.16667
2023-06-08,112.80903,295.08066,251.04375,1.2736843,554.4805,329.55704,450.75107,180.48851
2023-06-09,107.048615,291.49194,247.60625,1.1052631,546.0909,341.78525,456.96625,171.40805
2023-06-10,100.454865,286.00806,243.81876,0.94736844,537.5909,330.04028,450.8734,162.39081
2023-06-11,95.03125,279.25806,240.7,0.80701756,529.8961,319.5839,445.70886,153.99425
2023-06-12,90.34028,276.2742,238.99374,0.6421053,527.79224,287.16107,429.86075,145.49425
2023-06-13,86.94444,273.21774,236.0375,0.49122807,522.3052,277.1275,424.79324,138.52873
2023-06-14,83.451385,277.23386,231.3125,0.29473683,514.25977,265.8188,417.48523,130.523
2023-06-15,79.416664,269.0242,225.41875,0.10526316,505.07144,254.90604,408.35443,121.954025
2023-06-16,75.72569,257.0645,219.54375,0.0,494.46753,244.2349,399.1519,113.93678
2023-06-17,75.416664,245.95967,212.925,0.0,482.27924,234.36913,389.09705,105.75288
2023-06-18,70.670135,256.37903,204.05624,0.0,469.37662,220.4698,370.59073,94.155174
2023-06-19,70.44444,244.03226,195.5125,0.0,458.9935,204.5906,346.40927,84.60345
2023-06-20,69.58681,235.03226,194.51875,0.0,452.54544,197.01343,345.1983,80.034485
2023-06-21,68.486115,226.01613,193.59375,0.0,445.96103,197.48322,343.81012,75.965515
2023-06-22,66.013885,217.91936,191.25626,0.0,440.7922,190.49664,340.692,71.47127
2023-06-23,63.572918,213.4758,220.3125,0.0,436.51947,184.54362,363.21097,68.195404
2023-06-24,65.579865,209.20161,217.71875,0.0,430.65585,177.62416,358.6962,62.87356
2023-06-25,61.729168,204.9758,213.3375,0.0,422.4091,168.39597,351.46414,53.12069
2023-06-26,58.65972,200.5242,208.61874,0.0,414.83768,158.75168,344.60336,45.689655
2023-06-27,55.586807,196.34677,204.8625,0.0,407.2987,152.66443,338.0675,41.022987
2023-06-28,52.37847,191.80646,200.06876,0.0,399.5909,145.32214,329.22784,36.850574
2023-06-29,48.770832,186.98387,193.5625,0.0,388.57144,136.7047,316.53586,32.54023
2023-06-30,45.756943,181.70161,183.39375,0.0,406.2987,127.8859,303.81012,32.36207
2023-07-01,40.083332,171.16129,170.7625,0.0,390.31168,115.24832,287.827,26.862068
2023-07-02,34.81597,161.33871,155.55624,0.0,365.7078,102.32886,267.51056,20.931034
2023-07-03,31.868055,154.45161,139.4875,0.0,344.3052,89.993286,247.44725,15.339081
2023-07-04,28.354166,146.40323,126.64375,0.0,327.18832,80.19463,231.47679,11.724138
2023-07-05,25.211805,138.84677,115.93125,0.0,310.37662,78.27517,217.29536,8.339081
2023-07-06,25.149305,131.03226,106.18125,0.0,293.27274,68.22819,202.46414,5.218391
2023-07-07,22.583334,124.508064,98.36875,0.0,278.66882,58.798656,188.19832,3.0402298
2023-07-08,20.364584,119.20968,90.84375,0.0,273.07144,48.80537,153.89873,1.7701149
2023-07-09,18.135416,113.1371,83.6,0.0,258.62988,41.791946,143.55696,0.87931037
2023-07-10,16.04514,108.298386,76.78125,0.0,245.85065,35.00671,134.10548,0.25862068
2023-07-11,14.013889,102.92742,68.68125,0.0,232.5,29.496645,123.540085,0.0
2023-07-12,12.201389,97.91129,60.8125,0.0,221.75325,28.302013,113.80591,0.0
2023-07-13,10.576389,92.798386,53.88125,0.0,211.7013,23.120806,105.742615,0.0
2023-07-14,9.267361,110.66936,45.625,0.0,198.7987,17.167786,95.87342,0.0
2023-07-15,7.7118053,100.564514,36.09375,0.0,182.92207,9.885906,81.11814,0.0
2023-07-16,5.84375,91.23387,27.925,0.0,165.36363,5.691275,67.3249,0.0
2023-07-17,4.125,82.508064,21.95625,0.0,181.27272,3.5167785,53.616035,0.0
2023-07-18,3.1493056,75.314514,17.6125,0.0,166.63637,1.9530201,42.751057,0.0
2023-07-19,2.4444444,69.29032,14.33125,0.0,152.52597,0.95302016,34.13924,0.0
2023-07-20,1.90625,63.620968,11.7625,0.0,140.38962,0.17449665,27.371307,0.0
2023-07-21,1.5555556,57.19355,9.61875,0.0,139.13637,0.0,20.776371,0.0
2023-07-22,1.2326388,49.919353,7.38125,0.0,123.05195,0.0,14.367088,0.0
2023-07-23,0.8923611,42.548386,5.2875,0.0,107.07792,0.0,9.198312,0.0
2023-07-24,0.59375,37.225807,4.15625,0.0,94.92857,0.0,6.3586497,0.0
2023-07-25,0.3576389,33.55645,3.5,0.0,86.2987,0.0,5.075949,0.0
2023-07-26,0.104166664,30.346775,2.86875,0.0,76.74675,0.0,3.7974684,0.0
2023-07-27,0.0,27.25,2.29375,0.0,69.012985,0.0,2.835443,0.0
2023-07-28,0.0,24.741936,2.05,0.0,62.311687,0.0,2.063291,0.0
2023-07-29,0.0,22.5,1.7875,0.0,55.798702,0.0,1.5189873,0.0
2023-07-30,0.0,25.024193,1.55625,0.0,49.70779,0.0,1.092827,0.0
2023-07-31,0.0,22.975807,1.31875,0.0,44.24026,0.0,0.7763713,0.0
2023-08-01,0.0,21.217741,1.08125,0.0,39.20779,0.0,0.5443038,0.0
2023-08-02,0.0,20.241936,0.8625,0.0,35.18182,0.0,0.38818565,0.0
2023-08-03,0.0,19.314516,0.66875,0.0,32.090908,0.0,0.24050634,0.0
2023-08-04,0.0,18.209677,0.50625,0.0,29.584415,0.0,0.10970464,0.0
2023-08-05,0.0,16.782259,0.31875,0.0,26.51948,0.0,0.0,0.0
2023-08-06,0.0,15.33871,0.1375,0.0,24.058441,0.0,0.0,0.0
2023-08-07,0.0,14.056452,0.0,0.0,21.727272,0.0,0.0,0.0
2023-08-08,0.0,12.943548,0.0,0.0,19.428572,0.0,0.0,0.0
2023-08-09,0.0,11.943548,0.0,0.0,17.474026,0.0,0.0,0.0
2023-08-10,0.0,11.096774,0.0,0.0,15.922078,0.0,0.0,0.0
2023-08-11,0.0,10.564516,0.0,0.0,14.590909,0.0,0.0,0.0
2023-08-12,0.0,10.0161295,0.0,0.0,13.649351,0.0,0.0,0.0
2023-08-13,0.0,9.58871,0.0,0.0,12.532468,0.0,0.0,0.0
2023-08-14,0.0,9.225806,0.0,0.0,11.506494,0.0,0.0,0.0
2023-08-15,0.0,8.701612,0.0,0.0,10.512987,0.0,0.0,0.0
2023-08-16,0.0,8.2661295,0.0,0.0,9.493506,0.0,0.0,0.0
2023-08-17,0.0,7.846774,0.0,0.0,8.246754,0.0,0.0,0.0
2023-08-18,0.0,7.5,0.0,0.0,7.3311687,0.0,0.0,0.0
2023-08-19,0.0,7.25,0.0,0.0,6.62987,0.0,0.0,0.0
2023-08-20,0.0,7.120968,0.0,0.0,6.0454545,0.0,0.0,0.0
2023-08-21,0.0,7.354839,0.0,0.0,5.896104,0.0,0.0,0.0
2023-08-22,0.0,7.362903,0.0,0.0,5.5974026,0.0,0.0,0.0
2023-08-23,0.0,7.201613,0.0,0.0,5.428571,0.0,0.0,0.0
2023-08-24,0.0,6.903226,0.0,0.0,5.051948,0.0,0.0,0.0
2023-08-25,0.0,6.548387,0.0,0.0,4.7077923,0.0,0.0,0.0
2023-08-26,0.0,6.112903,0.0,0.0,4.3506494,0.0,0.0,0.0
2023-08-27,0.0,5.669355,0.0,0.0,4.0064936,0.0,0.0,0.0
2023-08-28,0.0,5.137097,0.0,0.0,3.5714285,0.0,0.0,0.0
2023-08-29,0.0,4.451613,0.0,0.0,3.2077923,0.0,0.0,0.0
2023-08-30,0.0,3.6935484,0.0,0.0,2.8116884,0.0,0.0,0.0
2023-08-31,0.0,3.1774194,0.0,0.0,2.409091,0.0,0.0,0.0
2023-09-01,0.0,2.9112904,0.0,0.0,2.142857,0.0,0.0,0.0
2023-09-02,0.0,2.8387096,0.0,0.0,2.025974,0.0,0.0,0.0
2023-09-03,0.0,2.7580645,0.0,0.0,1.9285715,0.0,0.0,0.0
2023-09-04,0.0,2.733871,0.0375,0.0,1.987013,0.060402684,0.067510545,0.0
2023-09-05,0.0,2.564516,0.0,0.0,1.8831168,0.0,0.0,0.0
2023-09-06,0.0,2.467742,0.0,0.0,1.7792208,0.0,0.0,0.0
2023-09-07,0.0,2.387097,0.0,0.0,1.7207792,0.0,0.0,0.0
2023-09-08,0.0,2.298387,0.0,0.0,1.6428572,0.0,0.0,0.0
2023-09-09,0.0,2.1935484,0.0,0.0,1.5454545,0.0,0.0,0.0
2023-09-10,0.0,2.0887096,0.0,0.0,1.4480519,0.0,0.0,0.0
2023-09-11,0.0,2.048387,0.0,0.0,1.3701298,0.0,0.0,0.0
2023-09-12,0.0,1.9919355,0.0,0.0,1.3181819,0.0,0.0,0.0
2023-09-13,0.0,1.9274193,0.0,0.0,1.2597402,0.0,0.0,0.0
2023-09-14,0.0,1.8709677,0.0,0.0,1.2012987,0.0,0.0,0.0
2023-09-15,0.0,1.8467742,0.0,0.0,1.1493506,0.0,0.0,0.0
2023-09-16,0.0,1.8145162,0.0,0.0,1.0974026,0.0,0.0,0.0
2023-09-17,0.0,1.782258,0.0,0.0,1.0454545,0.0,0.0,0.0
2023-09-18,0.0,1.7419355,0.0,0.0,0.987013,0.0,0.0,0.0
2023-09-19,0.0,1.6774193,0.0,0.0,0.9480519,0.0,0.0,0.0
2023-09-20,0.0,1.6370968,0.0,0.0,0.9025974,0.0,0.0,0.0
2023-09-21,0.0,1.6290323,0.0,0.0,0.8831169,0.0,0.0,0.0
2023-09-22,0.0,1.6290323,0.00625,0.0,0.8831169,0.0,0.0,0.0
2023-09-23,0.0,1.5806452,0.0,0.0,0.8636364,0.0,0.0,0.0
2023-09-24,0.0,1.5564516,0.0,0.0,0.84415585,0.0,0.0,0.0
2023-09-25,0.0,1.516129,0.0,0.0,0.8051948,0.0,0.0,0.0
2023-09-26,0.0,1.4596775,0.0,0.0,0.7532467,0.0,0.0,0.0
2023-09-27,0.0,1.3467742,0.0,0.0,0.6883117,0.0,0.0,0.0
2023-09-28,0.0,1.233871,0.0,0.0,0.6038961,0.0,0.0,0.0
2023-09-29,0.0,1.1370968,0.0,0.0,0.53896105,0.0,0.0,0.0
2023-09-30,0.0,1.1129032,0.0,0.0,0.512987,0.0,0.0,0.0
