date,11446500,11186000,11270900,11403800,11234760,11302000,11289650,11418000
1999-10-01,0.0,0.0,0.0,0.0,0.0,0.0,0.0,0.0
1999-10-02,0.0,0.0,0.0,0.0,0.0,0.0,0.0,0.0
1999-10-03,0.0,0.0,0.0,0.0,0.0,0.0,0.0,0.0
1999-10-04,0.0,0.0,0.0,0.0,0.0,0.0,0.0,0.0
1999-10-05,0.0,0.0,0.0,0.0,0.0,0.0,0.0,0.0
1999-10-06,0.0,0.0,0.0,0.0,0.0,0.0,0.0,0.0
1999-10-07,0.0,0.0,0.0,0.0,0.0,0.0,0.0,0.0
1999-10-08,0.0,0.14634146,0.0,0.0,0.016129032,0.0,0.0,0.0
1999-10-09,0.0,0.0,0.0,0.0,0.0,0.0,0.0,0.0
1999-10-10,0.0,0.0,0.0,0.0,0.0,0.0,0.0,0.0
1999-10-11,0.0,0.0,0.0,0.0,0.0,0.0,0.0,0.0
1999-10-12,0.0,0.0,0.0,0.0,0.0,0.0,0.0,0.0
1999-10-13,0.0,0.0,0.0,0.0,0.0,0.0,0.0,0.0
1999-10-14,0.0,0.0,0.0,0.0,0.0,0.0,0.0,0.0
1999-10-15,0.0,0.0,0.0,0.0,0.0,0.0,0.0,0.0
1999-10-16,0.0,0.0,0.0,0.0,0.0,0.0,0.0,0.0
1999-10-17,0.0,0.0,0.0,0.0,0.0,0.0,0.0,0.0
1999-10-18,0.0,0.0,0.0,0.0,0.0,0.0,0.0,0.0
1999-10-19,0.0,0.0,0.0,0.0,0.0,0.0,0.0,0.0
1999-10-20,0.0,0.0,0.0,0.0,0.0,0.0,0.0,0.0
1999-10-21,0.0,0.0,0.0,0.0,0.0,0.0,0.0,0.0
1999-10-22,0.0,0.0,0.0,0.0,0.0,0.0,0.0,0.0
1999-10-23,0.0,0.0,0.0,0.0,0.0,0.0,0.0,0.0
1999-10-24,0.0,0.0,0.0,0.0,0.0,0.0,0.0,0.0
1999-10-25,0.0,0.0,0.0,0.0,0.0,0.0,0.0,0.0
1999-10-26,0.0,0.0,0.0,0.0,0.0,0.0,0.0,0.0
1999-10-27,0.0,0.0,0.0,0.0,0.0,0.0,0.0,0.0
1999-10-28,0.0,0.0,1.0333333,0.0,0.31451613,0.0,0.3298969,0.0
1999-10-29,0.9484536,0.23170732,1.5333333,0.9516129,1.0564516,2.4857142,5.2371135,0.10958904
1999-10-30,0.57731956,0.8902439,1.3,0.3548387,0.9596774,2.057143,4.989691,0.0
1999-10-31,0.2371134,0.47560975,0.85,0.0,0.4032258,0.9,2.3608248,0.0
1999-11-01,0.041237112,0.0,0.25,0.0,0.12096774,0.028571429,0.36082473,0.0
1999-11-02,0.0,0.0,0.083333336,0.0,0.008064516,0.0,0.030927835,0.0
1999-11-03,0.0,0.0,0.0,0.0,0.0,0.0,0.0,0.0
1999-11-04,0.0,0.0,0.0,0.0,0.0,0.0,0.0,0.0
1999-11-05,0.0,0.0,0.0,0.0,0.0,0.0,0.0,0.0
1999-11-06,0.0,0.0,0.0,0.0,0.0,0.0,0.0,0.0
1999-11-07,0.0,0.0,0.0,0.0,0.0,0.0,0.0,0.0
1999-11-08,2.2783506,1.9634147,7.25,3.6774194,8.556452,4.3285713,12.515464,16.09589
1999-11-09,6.072165,4.6829267,11.183333,6.693548,12.5161295,17.071428,21.896908,22.68493
1999-11-10,4.6907215,5.707317,10.083333,7.435484,12.07258,16.142857,20.969072,21.136986
1999-11-11,2.9381444,5.0,9.533334,8.596774,11.604838,12.214286,19.41237,18.767124
1999-11-12,0.69072163,3.902439,6.65,5.7419353,7.927419,6.5,14.989691,10.945206
1999-11-13,0.06185567,2.3536584,3.9166667,3.903226,3.798387,2.8428571,9.092784,2.890411
1999-11-14,0.0,1.1097561,1.8166667,2.3709676,1.1209677,0.9142857,4.3505154,0.31506848
1999-11-15,0.0,0.6097561,1.0333333,1.6290323,0.36290324,0.17142858,1.7835052,0.08219178
1999-11-16,0.0,0.5609756,1.3,1.532258,0.41129032,0.35714287,2.1958764,0.01369863
1999-11-17,10.340206,1.5853659,8.383333,11.532258,6.346774,7.9714284,17.690722,16.643835
1999-11-18,13.762887,2.3658535,8.833333,14.241936,6.556452,11.185715,19.979382,20.931507
1999-11-19,16.030928,2.121951,11.5,15.629032,7.08871,11.8714285,19.814432,19.739725
1999-11-20,27.453608,5.085366,21.433332,39.177418,14.32258,25.314285,34.814434,40.328766
1999-11-21,34.659794,6.414634,23.766666,39.01613,15.298388,32.785713,42.15464,53.931507
1999-11-22,33.948452,9.719512,23.616667,35.467743,15.42742,32.942856,42.15464,55.0137
1999-11-23,33.75258,10.219512,23.183332,36.387096,15.346774,33.5,42.257732,55.27397
1999-11-24,33.505154,10.365853,23.066668,36.774193,15.548388,34.45714,42.29897,50.36986
1999-11-25,36.494846,9.926829,23.1,40.080647,15.620968,34.9,42.13402,49.63014
1999-11-26,37.195877,9.756098,20.85,39.0,14.370968,32.814285,41.350517,47.27397
1999-11-27,33.927834,9.170732,18.55,38.33871,12.991936,30.12857,40.670105,50.53425
1999-11-28,31.948454,8.731708,17.25,35.20968,12.137096,27.8,40.28866,48.69863
1999-11-29,29.268042,7.4634147,15.3,30.693548,10.82258,25.014286,39.195877,46.47945
1999-11-30,27.402061,7.195122,13.55,31.935484,9.387096,22.214285,37.26804,48.219177
1999-12-01,41.350517,8.02439,22.8,47.258064,16.008064,29.585714,47.85567,71.80822
1999-12-02,45.412373,7.731707,23.466667,43.129032,16.419355,32.228573,50.587627,65.30137
1999-12-03,51.14433,7.743902,24.533333,47.064518,16.42742,34.985714,51.5567,73.9589
1999-12-04,51.82474,7.719512,24.433332,50.532257,16.475807,35.57143,51.42268,80.58904
1999-12-05,52.309277,7.707317,22.9,46.741936,16.10484,35.2,50.484535,80.438354
1999-12-06,50.484535,7.707317,22.633333,46.370968,15.879032,34.357143,50.185566,71.0685
1999-12-07,49.659794,7.707317,22.866667,48.64516,16.008064,35.028572,50.98969,77.520546
1999-12-08,52.12371,7.756098,22.516666,49.822582,16.209677,35.82857,51.340206,79.15069
1999-12-09,57.14433,8.560976,22.883333,62.0,16.25,37.442856,51.381443,87.095894
1999-12-10,63.587627,9.390244,23.366667,69.29032,16.338709,41.214287,53.927834,100.9589
1999-12-11,64.37113,9.0,23.416666,66.5,16.620968,41.42857,54.587627,93.30137
1999-12-12,65.34021,9.182927,23.25,66.40323,16.717741,42.642857,54.5567,94.15069
1999-12-13,68.206184,8.865853,22.516666,66.80645,16.806452,43.214287,54.70103,96.753426
1999-12-14,74.74227,8.878049,22.816668,65.1129,16.64516,44.014286,55.226803,99.630135
1999-12-15,76.46392,8.47561,22.833334,64.741936,16.661291,44.514286,55.216496,101.84931
1999-12-16,73.61855,8.317073,22.2,63.629032,16.403225,43.62857,54.938145,92.76712
1999-12-17,68.37113,8.52439,20.033333,61.596775,15.169354,40.32857,53.54639,93.35616
1999-12-18,62.958763,8.0,18.116667,57.822582,13.540322,37.485714,51.670105,100.287674
1999-12-19,60.26804,8.134147,17.3,56.16129,13.169354,35.728573,50.24742,97.68493
1999-12-20,57.03093,8.073171,16.1,50.30645,12.814516,34.614285,48.98969,82.87671
1999-12-21,54.56701,7.597561,14.816667,46.70968,11.7338705,33.771427,47.793816,79.42466
1999-12-22,52.86598,7.5731707,14.516666,44.112904,11.645162,32.885715,47.56701,77.19178
1999-12-23,51.43299,7.5731707,14.316667,41.064518,11.580646,32.8,47.4433,81.0274
1999-12-24,49.57732,7.5487804,13.833333,38.29032,12.330646,32.485714,47.092785,78.520546
1999-12-25,47.927834,7.5487804,13.616667,35.741936,12.185484,32.314285,46.84536,75.84931
1999-12-26,46.783504,7.5487804,13.433333,36.629032,12.120968,32.3,46.75258,73.821915
1999-12-27,45.391754,7.5487804,13.433333,35.032257,11.274194,32.028572,46.73196,71.9863
1999-12-28,44.45361,7.5487804,13.433333,33.532257,11.274194,32.014286,46.72165,70.520546
1999-12-29,43.216496,7.5487804,13.366667,32.564518,11.2661295,31.857143,46.628864,68.73972
1999-12-30,41.948452,7.5487804,13.333333,31.82258,11.258064,31.714285,46.536083,67.65753
1999-12-31,40.948452,7.5487804,13.3,31.403225,11.25,31.542856,46.463917,66.35616
2000-01-01,40.628864,7.5487804,13.316667,31.483871,11.379032,31.542856,46.494846,64.84931
2000-01-02,44.70103,6.597561,13.816667,37.33871,11.83871,33.857143,48.29897,65.9726
2000-01-03,45.659794,7.609756,13.8,28.758064,11.830646,33.985714,48.309277,72.12329
2000-01-04,45.494846,7.5731707,13.633333,27.193548,11.717742,34.2,48.13402,66.57534
2000-01-05,44.814434,7.4512196,13.833333,30.290323,11.75,34.185715,48.195877,73.54794
2000-01-06,44.360825,7.487805,13.733334,29.838709,11.854838,34.185715,48.164948,73.19178
2000-01-07,42.896908,7.292683,13.8,29.661291,11.66129,33.75714,48.041237,71.328766
2000-01-08,42.206184,7.243902,13.75,34.16129,11.66129,33.62857,48.072166,64.438354
2000-01-09,41.340206,7.243902,13.65,33.51613,11.790322,33.585712,48.0,70.0274
2000-01-10,41.4433,7.1829267,13.633333,33.322582,11.790322,33.585712,47.958763,66.21918
2000-01-11,47.381443,7.1585364,15.333333,53.0,12.032258,34.942856,48.97938,62.164383
2000-01-12,76.53608,7.780488,29.133333,84.145164,21.483871,65.77143,76.35052,100.39726
2000-01-13,82.73196,7.8536587,29.516666,77.72581,22.0,71.75714,78.670105,105.91781
2000-01-14,83.50516,8.573171,29.316668,82.16129,21.564516,72.042854,78.86598,114.287674
2000-01-15,86.103096,8.45122,34.966667,86.548386,22.653225,73.442856,81.329895,125.438354
2000-01-16,112.09278,10.621951,60.333332,101.91936,35.830647,105.5,105.78351,152.36986
2000-01-17,134.59793,13.792683,94.566666,111.69355,55.5,142.02856,136.52577,167.31506
2000-01-18,144.0,27.024391,134.31667,115.40323,96.701614,171.12857,175.08247,174.71233
2000-01-19,154.17526,31.54878,153.61667,119.758064,110.395164,201.07143,205.92784,185.15068
2000-01-20,156.52577,32.42683,157.15,125.27419,112.21774,209.84285,212.41237,188.27397
2000-01-21,161.94846,33.048782,160.58333,127.241936,114.16129,216.24286,220.3299,189.46576
2000-01-22,171.89691,34.67073,162.11667,139.06451,114.685486,219.98572,222.16495,215.71233
2000-01-23,177.34021,35.378048,184.96666,139.93549,121.82258,225.44286,229.5567,220.60274
2000-01-24,220.7732,48.134148,253.96666,184.20967,180.94354,265.0,285.0103,240.46576
2000-01-25,271.50516,99.48781,314.88333,203.12903,238.70967,344.35715,361.58762,289.21918
2000-01-26,300.58762,122.914635,331.98334,198.40323,247.79033,367.3857,378.95877,300.726
2000-01-27,301.26804,127.81707,333.31668,201.79033,248.45161,370.6,380.90723,299.63013
2000-01-28,301.69073,128.80487,337.73334,199.03226,248.81451,370.85715,382.59793,300.8356
2000-01-29,301.81442,129.02438,338.21667,198.25807,248.8871,371.82858,383.0825,342.73972
2000-01-30,303.60825,129.2683,346.41666,228.96774,251.09677,373.92856,383.90723,342.0411
2000-01-31,322.50516,150.09756,363.66666,253.12903,271.69354,399.2,412.70102,324.8356
2000-02-01,332.41238,155.79268,367.68332,248.98387,273.40323,407.6,416.8866,335.30136
2000-02-02,333.6598,156.06097,372.68332,252.3871,274.2258,407.25714,419.6701,334.1507
2000-02-03,333.29898,156.34146,372.66666,248.82259,274.2016,407.24286,419.6598,327.24658
2000-02-04,348.8969,156.43903,371.81668,258.53226,273.26614,409.04285,424.36084,341.67123
2000-02-05,348.60825,156.09756,372.21667,253.09677,273.12903,410.3143,425.38144,395.0959
2000-02-06,346.59793,155.64635,372.1,258.1129,272.82257,410.1,425.49484,395.9452
2000-02-07,343.86597,154.84146,371.63333,249.7742,271.62903,409.55713,425.82474,357.9589
2000-02-08,339.37112,153.62195,370.33334,251.82259,269.0,408.3143,426.90723,353.73972
2000-02-09,335.48453,151.40244,370.25,243.6129,267.40323,406.74286,427.9175,347.54794
2000-02-10,337.92783,156.54878,375.6,241.33871,275.75,410.97144,433.39175,335.21918
2000-02-11,346.48453,185.04878,401.88333,253.66129,308.80646,429.14285,455.57733,351.17807
2000-02-12,379.40207,199.7683,423.86667,315.32257,333.1855,460.67142,483.29898,432.28766
2000-02-13,406.4742,210.80487,448.86667,365.30646,360.69354,485.5,511.64948,435.41095
2000-02-14,466.60825,265.40244,486.56668,371.7258,428.64517,562.5857,569.0618,480.57535
2000-02-15,495.24744,277.9878,508.15,395.5484,446.58066,591.95715,608.75256,512.65753
2000-02-16,502.09277,285.40244,523.9667,398.41934,454.98386,597.5714,613.3505,524.9041
2000-02-17,512.7629,304.0366,486.36667,417.2258,469.15323,610.17145,620.6701,537.13696
2000-02-18,514.835,308.12195,531.88336,414.51614,469.08066,609.7857,627.6083,521.3973
2000-02-19,515.0206,309.5,548.2,416.14517,471.4758,610.6286,627.62885,538.4247
2000-02-20,516.0618,313.97562,552.61664,414.87097,471.50806,613.32855,629.567,536.38354
2000-02-21,520.9382,324.58536,566.3,418.90323,493.7016,618.8571,640.9484,541.5753
2000-02-22,526.51544,329.10974,571.9167,431.37097,495.7097,620.8714,643.2371,566.31506
2000-02-23,564.13403,338.5,610.76666,543.5161,530.3629,654.0857,676.08246,667.34247
2000-02-24,581.14435,358.86584,622.38336,481.7903,548.99194,675.32855,690.26807,611.8493
2000-02-25,581.0516,362.80487,624.51666,511.24194,550.121,680.47144,697.25775,618.65753
2000-02-26,585.57733,367.45123,619.38336,510.85483,555.2823,686.88574,685.29895,652.9726
2000-02-27,611.9897,370.7073,671.9,574.3871,576.0484,705.88574,736.6083,701.71234
2000-02-28,664.47424,393.26828,702.43335,601.5968,607.871,766.17145,785.5567,700.61646
2000-02-29,672.15466,398.10974,706.9167,617.629,611.1613,772.9429,791.48456,713.7808
2000-03-01,683.95874,405.37805,649.31665,619.4516,619.3629,787.9429,796.36084,722.2192
2000-03-02,688.13403,409.97562,706.9667,631.1774,619.54034,790.5143,804.8866,764.9315
2000-03-03,692.0,418.64633,707.68335,631.129,620.7742,797.0143,808.25775,786.83563
2000-03-04,689.51544,418.7439,710.48334,624.29034,621.7742,797.67145,809.6495,822.0685
2000-03-05,690.0618,420.91464,711.56665,642.9032,623.89514,795.8571,812.08246,829.6301
2000-03-06,695.835,446.19513,724.6667,638.7258,643.2661,804.4286,820.41235,717.43835
2000-03-07,700.18555,448.95123,732.0833,647.0323,645.8145,809.8714,822.3196,736.34247
2000-03-08,713.36084,454.7927,744.43335,682.4677,659.6774,825.6429,839.0206,768.6301
2000-03-09,727.0618,468.90244,751.4,701.8387,666.2016,838.0143,856.58765,860.83563
2000-03-10,743.84534,474.18292,753.23334,697.9355,667.0726,846.0857,862.69073,800.43835
2000-03-11,743.81445,474.81708,741.85,690.2742,666.50806,849.2714,863.835,797.6027
2000-03-12,744.2783,474.43903,752.13336,688.8871,667.7016,846.97144,864.57733,810.23285
2000-03-13,739.71136,473.5366,747.5833,675.5,667.4758,842.9143,860.80414,777.2192
2000-03-14,739.1134,471.65854,747.7,670.129,666.7661,840.3571,860.6598,874.13696
2000-03-15,726.18555,470.4634,747.2,666.9839,661.7742,833.4,861.51544,845.9726
2000-03-16,716.8969,467.97562,745.13336,651.7742,661.05646,830.47144,861.25775,840.9863
2000-03-17,712.9897,465.92682,743.85,640.5323,658.5,821.2286,859.14435,839.38354
2000-03-18,706.19586,463.08536,727.65,637.2258,653.7984,817.6429,859.36084,896.26025
2000-03-19,692.71136,459.76828,724.6,621.25806,651.6855,810.34283,857.63916,881.52057
2000-03-20,690.85565,458.41464,723.2167,616.29034,650.4194,801.75714,855.81445,831.0959
2000-03-21,687.8969,457.95123,722.85,615.6613,650.44354,795.67145,855.1031,838.3699
2000-03-22,683.6804,457.2561,721.2,604.74194,649.2742,796.7286,854.91754,829.274
2000-03-23,674.1031,454.9634,719.31665,599.25806,647.129,794.5714,853.51544,872.58905
2000-03-24,664.2268,451.43903,717.36664,592.30646,644.6129,790.3143,853.835,806.6301
2000-03-25,652.4639,449.63416,715.01666,585.371,641.6613,783.5143,850.9484,855.35614
2000-03-26,637.19586,445.7927,721.4167,571.35486,639.69354,776.2286,849.37115,840.23285
2000-03-27,618.3917,438.52438,715.3,559.1613,636.29034,770.04285,847.2268,829.0411
2000-03-28,610.07214,433.41464,713.1,559.6129,634.20966,770.24286,844.51544,773.53424
2000-03-29,602.4639,431.54877,711.73334,549.4355,633.2339,768.1429,843.3505,814.13696
2000-03-30,593.42267,428.10974,709.7,536.8871,631.9839,761.7,840.85565,819.6301
2000-03-31,588.835,424.36584,705.93335,532.9516,629.4113,754.8571,839.3299,820.5753
2000-04-01,580.19586,421.67075,697.93335,516.29034,625.5242,750.1286,837.3917,812.35614
2000-04-02,564.71136,413.95123,689.06665,497.59677,620.129,738.5571,834.0618,838.1918
2000-04-03,537.5361,403.47562,674.75,542.7258,610.6532,720.0571,828.567,765.2466
2000-04-04,505.92783,387.42682,662.05,509.1613,597.1694,696.38574,822.74225,744.8493
2000-04-05,485.38144,370.58536,649.73334,485.0,582.871,678.1286,818.80414,721.43835
2000-04-06,454.12372,359.67075,638.38336,462.19354,571.379,662.2857,816.2165,703.8219
2000-04-07,434.64948,352.06097,628.1,441.08066,561.89514,656.38574,810.36084,696.274
2000-04-08,406.4536,338.32925,616.7,413.0484,553.0968,644.34283,802.3815,705.726
2000-04-09,397.60825,328.4634,609.8333,402.69354,546.80646,633.1857,795.5464,718.3973
2000-04-10,386.8969,322.7927,603.86664,390.7903,541.5242,622.3714,789.6804,655.548
2000-04-11,370.69073,310.93903,595.65,396.7903,534.3468,607.9286,782.7629,629.6712
2000-04-12,348.2268,292.34146,581.2167,364.3871,525.5161,584.4857,770.5361,610.2055
2000-04-13,331.56702,284.30487,566.8,341.8871,518.8226,567.9857,751.73193,594.31506
2000-04-14,338.53607,287.91464,582.8,336.53226,541.379,573.6429,774.0928,600.68494
2000-04-15,338.62888,282.85367,583.2833,334.01614,539.30646,577.2714,779.70105,603.2192
2000-04-16,337.82474,286.02438,584.56665,338.9355,540.0806,577.7143,778.9484,606.76715
2000-04-17,337.63916,290.87805,594.4,345.0484,549.8306,583.34283,784.7732,609.7945
2000-04-18,346.76288,322.7561,617.81665,338.7258,579.9274,602.65717,815.04126,621.1096
2000-04-19,351.04123,324.60974,621.1,316.58066,580.0161,609.6857,818.8763,622.31506
2000-04-20,348.94846,329.76828,620.2833,362.7903,580.129,612.74286,815.7629,624.86304
2000-04-21,334.41238,326.7561,610.98334,347.74194,570.1613,602.4429,804.85565,604.2192
2000-04-22,325.0103,313.60974,605.6667,313.98386,564.8145,590.4143,795.15466,591.86304
2000-04-23,319.6701,310.26828,601.1667,307.2742,565.39514,585.24286,791.18555,585.3288
2000-04-24,314.8866,312.69513,594.2,300.5484,560.8387,576.8714,787.36084,577.0411
2000-04-25,307.62888,307.4634,583.68335,289.3387,552.7742,564.9429,778.1237,572.452
2000-04-26,289.81442,297.23172,573.23334,274.5484,544.35486,544.32855,765.85565,544.5753
2000-04-27,259.86597,287.09756,549.11664,246.35484,528.8387,523.02856,750.7732,540.548
2000-04-28,236.72165,278.09756,531.5333,234.37097,515.7177,499.95715,736.835,522.1507
2000-04-29,231.13402,271.65854,531.45,230.54839,508.84677,495.2143,734.86597,523.53424
2000-04-30,211.1134,259.9878,525.63336,217.85484,504.3629,479.7,726.71136,508.68494
2000-05-01,201.91753,249.0,499.81668,190.25807,483.90323,461.97144,711.91754,480.47946
2000-05-02,182.48454,235.36586,469.96667,166.24193,458.96774,445.75714,696.3815,455.1644
2000-05-03,168.20619,224.2683,451.73334,148.1129,443.2742,429.8143,682.74225,433.17807
2000-05-04,155.31958,209.71951,430.55,131.64516,424.58066,411.74286,666.0103,411.0959
2000-05-05,143.20619,191.65854,413.91666,122.27419,409.9758,397.7,654.165,392.69864
2000-05-06,135.12372,176.40244,406.76666,115.0,402.71774,385.9,647.18555,383.28766
2000-05-07,131.82474,168.02438,402.6,113.048386,401.62097,388.04285,650.6495,384.0959
2000-05-08,138.79381,162.21951,409.8,108.8871,405.69354,397.6,672.9484,382.71234
2000-05-09,132.7629,153.89024,401.46667,102.91936,412.71774,394.07144,663.9484,373.1096
2000-05-10,128.98969,151.47562,394.11667,103.354836,406.8387,385.47144,657.7217,372.58905
2000-05-11,123.59794,148.15854,394.48334,82.1129,401.71774,383.94287,647.3815,353.75342
2000-05-12,128.01031,145.37805,394.25,102.548386,399.07257,383.55713,649.74225,355.78082
2000-05-13,123.81443,144.69513,391.55,101.870964,397.83066,373.95715,651.4536,367.30136
2000-05-14,124.25773,151.90244,381.45,98.53226,392.4758,369.07144,645.15466,357.67123
2000-05-15,119.298965,150.98781,377.13333,94.80645,390.35483,357.5,640.8969,348.35617
2000-05-16,120.4433,155.43903,383.55,98.09677,385.19354,361.25714,648.6701,354.64383
2000-05-17,129.97939,141.85365,393.4,97.129036,387.90323,373.8143,650.17523,360.91782
2000-05-18,112.69072,141.7683,386.25,92.0,381.89517,369.42856,653.08246,349.1507
2000-05-19,108.61855,151.84146,372.91666,81.854836,386.8871,352.32858,638.26807,324.1644
2000-05-20,95.453606,139.01219,333.3,69.854836,367.3871,335.77142,613.7629,289.53424
2000-05-21,81.4433,126.79269,255.26666,59.5,342.2016,318.7143,565.6185,250.87671
2000-05-22,64.14433,116.15854,225.91667,45.29032,311.73386,298.47144,522.92786,208.863
2000-05-23,49.072166,101.64634,198.9,33.096775,283.00806,279.1143,495.61856,161.21918
2000-05-24,41.43299,98.79269,175.3,22.419355,263.30646,259.84286,466.25772,128.78082
2000-05-25,32.98969,105.231705,160.13333,15.83871,247.20967,240.78572,443.18558,108.23288
2000-05-26,27.525774,101.51219,161.23334,13.241936,236.5242,220.68571,437.16495,94.945206
2000-05-27,22.896908,94.84146,148.83333,11.370968,227.83871,216.51428,418.61856,80.89041
2000-05-28,18.082474,86.79269,131.38333,9.854838,213.04839,209.11429,393.68042,68.38356
2000-05-29,13.876288,78.52439,114.48333,8.725806,191.98387,204.21428,370.35052,58.60274
2000-05-30,11.072165,72.17073,103.55,8.258064,176.83871,188.87143,349.5567,51.835617
2000-05-31,9.371134,68.560974,96.76667,8.0,168.18549,167.34285,318.80414,47.219177
2000-06-01,8.103093,64.79269,90.21667,7.66129,161.41129,152.61429,294.68042,40.61644
2000-06-02,6.670103,60.146343,82.23333,6.951613,147.66936,143.5,275.7732,29.50685
2000-06-03,5.1752577,54.658535,73.916664,6.209677,124.66936,130.88571,255.69072,24.123287
2000-06-04,3.3402061,48.060974,63.4,5.306452,105.33064,113.71429,209.74226,18.547945
2000-06-05,2.1752577,41.987804,52.783333,4.5,84.26613,99.457146,191.0,14.369863
2000-06-06,1.3814433,38.719513,46.366665,3.919355,75.298386,89.4,180.78351,11.2739725
2000-06-07,0.9072165,34.792683,40.716667,3.2580645,66.47581,80.48572,167.52577,8.068493
2000-06-08,0.7113402,33.280487,38.166668,2.8387096,63.5,79.52857,160.93814,6.191781
2000-06-09,0.9072165,30.804878,30.566668,2.6612904,60.112904,61.37143,117.391754,5.917808
2000-06-10,0.7113402,36.682926,37.433334,2.467742,59.48387,77.15714,135.84537,5.1643834
2000-06-11,0.5979381,35.085365,37.6,2.1935484,66.629036,76.42857,158.95876,4.027397
2000-06-12,0.39175257,37.743904,32.933334,1.7741935,60.717743,72.11429,151.30928,3.0
2000-06-13,0.0,33.085365,27.9,1.1290323,51.85484,65.0,137.09279,1.150685
2000-06-14,0.0,25.731707,21.3,0.0,38.16129,57.3,119.56701,0.1369863
2000-06-15,0.0,19.146341,16.216667,0.0,26.620968,51.54286,95.09278,0.0
2000-06-16,0.0,13.5,11.616667,0.0,17.153225,38.62857,74.237114,0.0
2000-06-17,0.0,10.060976,8.266666,0.0,11.298388,29.642857,59.72165,0.0
2000-06-18,0.0,7.9390244,5.1833334,0.0,8.08871,25.214285,51.185566,0.0
2000-06-19,0.0,6.878049,3.4,0.0,6.306452,21.528572,45.061855,0.0
2000-06-20,0.0,5.9390244,2.4166667,0.0,4.612903,18.414286,39.505154,0.0
2000-06-21,0.0,4.6463413,1.5333333,0.0,2.7096775,15.342857,33.24742,0.0
2000-06-22,0.0,3.304878,0.85,0.0,1.1612903,11.814285,26.206186,0.0
2000-06-23,0.0,2.0731707,0.16666667,0.0,0.26612905,9.157143,20.195877,0.0
2000-06-24,0.0,1.097561,0.0,0.0,0.0,6.785714,15.195876,0.0
2000-06-25,0.0,0.40243903,0.0,0.0,0.0,4.5285716,10.927835,0.0
2000-06-26,0.0,0.0,0.0,0.0,0.0,3.3428571,8.134021,0.0
2000-06-27,0.0,0.0,0.0,0.0,0.0,2.3857143,6.1546392,0.0
2000-06-28,0.0,0.0,0.0,0.0,0.0,1.4142857,3.927835,0.0
2000-06-29,0.0,0.0,0.0,0.0,0.0,0.7,1.9381443,0.0
2000-06-30,0.0,0.0,0.0,0.0,0.0,0.057142857,0.57731956,0.0
2000-07-01,0.0,0.0,0.0,0.0,0.0,0.0,0.22680412,0.0
2000-07-02,0.0,0.0,0.0,0.0,0.0,0.0,0.0,0.0
2000-07-03,0.0,0.0,0.0,0.0,0.0,0.0,0.0,0.0
2000-07-04,0.0,0.0,0.0,0.0,0.0,0.0,0.0,0.0
2000-07-05,0.0,0.0,0.0,0.0,0.0,0.0,0.0,0.0
2000-07-06,0.0,0.0,0.0,0.0,0.0,0.0,0.0,0.0
2000-07-07,0.0,0.0,0.0,0.0,0.0,0.0,0.0,0.0
2000-07-08,0.0,0.0,0.0,0.0,0.0,0.0,0.0,0.0
2000-07-09,0.0,0.0,0.0,0.0,0.0,0.0,0.0,0.0
2000-07-10,0.0,0.0,0.0,0.0,0.0,0.0,0.0,0.0
2000-07-11,0.0,0.0,0.0,0.0,0.0,0.0,0.0,0.0
2000-07-12,0.0,0.0,0.0,0.0,0.0,0.0,0.0,0.0
2000-07-13,0.0,0.0,0.0,0.0,0.0,0.0,0.0,0.0
2000-07-14,0.0,0.0,0.0,0.0,0.0,0.0,0.0,0.0
2000-07-15,0.0,0.0,0.0,0.0,0.0,0.0,0.0,0.0
2000-07-16,0.0,0.0,0.0,0.0,0.0,0.0,0.0,0.0
2000-07-17,0.0,0.0,0.0,0.0,0.0,0.0,0.0,0.0
2000-07-18,0.0,0.0,0.0,0.0,0.0,0.0,0.0,0.0
2000-07-19,0.0,0.0,0.0,0.0,0.0,0.0,0.0,0.0
2000-07-20,0.0,0.0,0.0,0.0,0.0,0.0,0.0,0.0
2000-07-21,0.0,0.0,0.0,0.0,0.0,0.0,0.0,0.0
2000-07-22,0.0,0.0,0.0,0.0,0.0,0.0,0.0,0.0
2000-07-23,0.0,0.0,0.0,0.0,0.0,0.0,0.0,0.0
2000-07-24,0.0,0.0,0.0,0.0,0.0,0.0,0.0,0.0
2000-07-25,0.0,0.0,0.0,0.0,0.0,0.0,0.0,0.0
2000-07-26,0.0,0.0,0.0,0.0,0.0,0.0,0.0,0.0
2000-07-27,0.0,0.0,0.0,0.0,0.0,0.0,0.0,0.0
2000-07-28,0.0,0.0,0.0,0.0,0.0,0.0,0.0,0.0
2000-07-29,0.0,0.0,0.0,0.0,0.0,0.0,0.0,0.0
2000-07-30,0.0,0.0,0.0,0.0,0.0,0.0,0.0,0.0
2000-07-31,0.0,0.0,0.0,0.0,0.0,0.0,0.0,0.0
2000-08-01,0.0,0.0,0.0,0.0,0.0,0.0,0.0,0.0
2000-08-02,0.0,0.0,0.0,0.0,0.0,0.0,0.0,0.0
2000-08-03,0.0,0.0,0.0,0.0,0.0,0.0,0.0,0.0
2000-08-04,0.0,0.0,0.0,0.0,0.0,0.0,0.0,0.0
2000-08-05,0.0,0.0,0.0,0.0,0.0,0.0,0.0,0.0
2000-08-06,0.0,0.0,0.0,0.0,0.0,0.0,0.0,0.0
2000-08-07,0.0,0.0,0.0,0.0,0.0,0.0,0.0,0.0
2000-08-08,0.0,0.0,0.0,0.0,0.0,0.0,0.0,0.0
2000-08-09,0.0,0.0,0.0,0.0,0.0,0.0,0.0,0.0
2000-08-10,0.0,0.0,0.0,0.0,0.0,0.0,0.0,0.0
2000-08-11,0.0,0.0,0.0,0.0,0.0,0.0,0.0,0.0
2000-08-12,0.0,0.0,0.0,0.0,0.0,0.0,0.0,0.0
2000-08-13,0.0,0.0,0.0,0.0,0.0,0.0,0.0,0.0
2000-08-14,0.0,0.0,0.0,0.0,0.0,0.0,0.0,0.0
2000-08-15,0.0,0.0,0.0,0.0,0.0,0.0,0.0,0.0
2000-08-16,0.0,0.0,0.0,0.0,0.0,0.0,0.0,0.0
2000-08-17,0.0,0.0,0.0,0.0,0.0,0.0,0.0,0.0
2000-08-18,0.0,0.0,0.0,0.0,0.0,0.0,0.0,0.0
2000-08-19,0.0,0.0,0.0,0.0,0.0,0.0,0.0,0.0
2000-08-20,0.0,0.0,0.0,0.0,0.0,0.0,0.0,0.0
2000-08-21,0.0,0.0,0.0,0.0,0.0,0.0,0.0,0.0
2000-08-22,0.0,0.0,0.0,0.0,0.0,0.0,0.0,0.0
2000-08-23,0.0,0.0,0.0,0.0,0.0,0.0,0.0,0.0
2000-08-24,0.0,0.0,0.0,0.0,0.0,0.0,0.0,0.0
2000-08-25,0.0,0.0,0.0,0.0,0.0,0.0,0.0,0.0
2000-08-26,0.0,0.0,0.0,0.0,0.0,0.0,0.0,0.0
2000-08-27,0.0,0.0,0.0,0.0,0.0,0.0,0.0,0.0
2000-08-28,0.0,0.0,0.0,0.0,0.0,0.0,0.0,0.0
2000-08-29,0.0,0.0,0.0,0.0,0.0,0.0,0.0,0.0
2000-08-30,0.0,0.0,0.0,0.0,0.0,0.0,0.0,0.0
2000-08-31,0.0,0.0,0.0,0.0,0.0,0.0,0.0,0.0
2000-09-01,0.0,0.0,0.0,0.0,0.0,0.0,0.0,0.0
2000-09-02,1.4329897,0.58536583,4.616667,0.0,3.532258,0.75714284,5.4639177,0.84931505
2000-09-03,2.2371135,0.40243903,4.75,0.0,2.8951614,2.7,8.773196,1.0547945
2000-09-04,1.2474227,0.2195122,3.4666667,0.0,1.8709677,2.4,7.917526,0.47945204
2000-09-05,0.8041237,0.07317073,2.4666667,0.0,1.717742,1.7142857,6.7010307,0.06849315
2000-09-06,0.4742268,0.048780486,1.6833333,0.0,1.3306452,1.4285715,5.4226804,0.0
2000-09-07,0.14432989,0.0,0.73333335,0.0,0.18548387,0.87142855,2.7113402,0.0
2000-09-08,0.0,0.0,0.0,0.0,0.0,0.0,0.06185567,0.0
2000-09-09,0.0,0.0,0.0,0.0,0.0,0.0,0.0,0.0
2000-09-10,0.0,0.0,0.0,0.0,0.0,0.0,0.0,0.0
2000-09-11,0.0,0.0,0.0,0.0,0.0,0.0,0.0,0.0
2000-09-12,0.0,0.0,0.0,0.0,0.0,0.0,0.0,0.0
2000-09-13,0.0,0.0,0.0,0.0,0.0,0.0,0.0,0.0
2000-09-14,0.0,0.0,0.0,0.0,0.0,0.0,0.0,0.0
2000-09-15,0.0,0.0,0.0,0.0,0.0,0.0,0.0,0.0
2000-09-16,0.0,0.0,0.0,0.0,0.0,0.0,0.0,0.0
2000-09-17,0.0,0.0,0.0,0.0,0.0,0.0,0.0,0.0
2000-09-18,0.0,0.0,0.0,0.0,0.0,0.0,0.0,0.0
2000-09-19,0.0,0.0,0.0,0.0,0.0,0.0,0.0,0.0
2000-09-20,0.0,0.0,0.0,0.0,0.0,0.0,0.0,0.0
2000-09-21,0.0,0.0,0.0,0.0,0.0,0.0,0.0,0.0
2000-09-22,0.0,0.0,0.0,0.0,0.0,0.0,0.0,0.0
2000-09-23,0.0,0.0,0.0,0.0,0.0,0.014285714,0.05154639,0.0
2000-09-24,0.0,0.0,0.0,0.0,0.0,0.0,0.0,0.0
2000-09-25,0.0,0.0,0.0,0.0,0.0,0.0,0.0,0.0
2000-09-26,0.0,0.0,0.0,0.0,0.0,0.0,0.0,0.0
2000-09-27,0.0,0.0,0.0,0.0,0.0,0.0,0.0,0.0
2000-09-28,0.0,0.0,0.0,0.0,0.0,0.0,0.0,0.0
2000-09-29,0.0,0.0,0.0,0.0,0.0,0.0,0.0,0.0
2000-09-30,0.0,0.0,0.0,0.0,0.0,0.0,0.0,0.0
2000-10-01,0.0,0.0,0.0,0.0,0.0,0.0,0.0,0.0
2000-10-02,0.0,0.0,0.0,0.0,0.0,0.0,0.0,0.0
2000-10-03,0.0,0.0,0.0,0.0,0.0,0.0,0.0,0.0
2000-10-04,0.0,0.0,0.0,0.0,0.0,0.0,0.0,0.0
2000-10-05,0.0,0.0,0.0,0.0,0.0,0.0,0.0,0.0
2000-10-06,0.0,0.0,0.0,0.0,0.0,0.0,0.0,0.0
2000-10-07,0.0,0.0,0.0,0.0,0.0,0.0,0.0,0.0
2000-10-08,0.0,0.0,0.0,0.0,0.0,0.0,0.0,0.0
2000-10-09,0.0,0.0,0.0,0.0,0.0,0.0,0.0,0.0
2000-10-10,0.26804122,4.5609756,3.95,0.0,5.379032,2.857143,7.2268043,0.0
2000-10-11,2.030928,19.756098,7.25,2.032258,11.395162,7.4857144,10.103093,2.8767123
2000-10-12,3.8762887,20.634146,7.9166665,4.225806,13.709678,8.228572,10.628866,7.369863
2000-10-13,3.371134,22.353659,7.8333335,3.3064516,14.241936,7.6571426,8.865979,6.917808
2000-10-14,1.4639175,23.890244,5.8166666,2.2580645,13.185484,5.9142857,8.0,5.6712327
2000-10-15,0.5154639,22.670732,4.4666667,0.83870965,11.129032,3.7571428,9.061855,1.1232877
2000-10-16,0.10309278,20.414635,3.0666666,0.032258064,10.306452,2.3428571,6.7113404,0.15068494
2000-10-17,0.0,17.390244,0.98333335,0.0,7.435484,1.0857143,3.5463917,0.0
2000-10-18,0.0,14.036586,0.11666667,0.0,4.822581,0.37142858,1.1237113,0.0
2000-10-19,0.0,11.634147,0.05,0.0,3.4274194,0.057142857,0.371134,0.0
2000-10-20,0.0,9.414634,0.0,0.0,2.346774,0.0,0.020618556,0.0
2000-10-21,0.0,9.02439,0.0,0.0,2.096774,0.0,0.0,0.0
2000-10-22,0.34020618,7.8414636,1.1166667,0.0,2.016129,0.5,1.0412371,0.08219178
2000-10-23,0.34020618,8.682927,0.8833333,0.0,2.1048386,0.5,0.9484536,0.08219178
2000-10-24,0.030927835,8.670732,0.48333332,0.0,1.9112903,0.35714287,0.77319586,0.0
2000-10-25,0.0,8.841463,0.1,0.0,1.9919355,0.057142857,0.30927834,0.0
2000-10-26,2.9175258,9.280488,2.4333334,3.6451614,5.435484,2.9285715,2.742268,6.657534
2000-10-27,7.85567,11.097561,9.95,3.6451614,10.217742,8.928572,7.9072165,11.287671
2000-10-28,6.5670104,11.182927,20.55,2.935484,16.911291,8.857142,9.804124,11.917809
2000-10-29,32.5567,13.792683,44.616665,27.419355,38.548386,30.571428,40.96907,47.328766
2000-10-30,55.329895,29.487804,59.55,34.70968,56.580647,54.92857,54.54639,66.34247
2000-10-31,55.59794,32.414635,62.166668,32.629032,58.45968,58.971428,55.927834,67.30137
2000-11-01,53.690723,33.414635,62.633335,30.758064,58.01613,58.914288,55.505154,59.17808
2000-11-02,50.75258,33.292683,61.566666,31.241936,58.072582,58.714287,55.28866,56.72603
2000-11-03,46.319588,32.609756,60.133335,25.112904,57.83871,57.942856,54.814434,53.19178
2000-11-04,44.051548,31.475609,57.866665,21.467741,56.225807,56.985714,53.72165,50.52055
2000-11-05,40.28866,30.475609,55.883335,17.661291,55.532257,55.771427,52.185566,46.849316
2000-11-06,36.27835,29.182926,54.016666,15.370968,53.98387,53.342857,50.896908,44.71233
2000-11-07,34.793816,29.963415,53.683334,14.629032,53.080647,52.07143,50.43299,42.684933
2000-11-08,33.628864,32.182926,53.283333,13.0161295,52.701614,49.657143,49.5567,41.39726
2000-11-09,38.57732,30.59756,53.0,12.709678,52.467743,49.2,51.938145,43.027397
2000-11-10,41.896908,31.987804,60.633335,14.419354,58.008064,58.32857,60.680412,48.561646
2000-11-11,46.804123,35.365852,67.0,16.693548,61.419353,68.72857,64.948456,47.876713
2000-11-12,46.690723,40.69512,68.95,15.274194,64.48387,69.14286,67.53608,52.10959
2000-11-13,46.814434,42.012196,67.9,17.82258,64.71774,69.671425,67.77319,55.027397
2000-11-14,53.628864,42.060974,67.86667,29.774193,66.45968,72.5,73.46392,65.23288
2000-11-15,54.690723,42.02439,66.73333,30.129032,69.435486,73.38571,72.8866,67.10959
2000-11-16,54.494846,42.09756,70.666664,30.112904,69.629036,73.3,73.92783,62.136986
2000-11-17,54.195877,42.09756,70.666664,30.14516,70.201614,73.38571,73.948456,65.35616
2000-11-18,54.835052,42.085365,70.75,28.338709,70.314514,73.71429,73.80412,60.219177
2000-11-19,52.680412,42.121952,70.2,29.306452,70.241936,74.3,73.762886,63.219177
2000-11-20,48.886597,41.67073,67.166664,26.467741,68.83064,72.38571,72.453606,59.260273
2000-11-21,45.72165,39.40244,64.23333,24.983871,65.629036,69.814285,70.484535,55.232876
2000-11-22,44.381443,38.97561,64.066666,24.435484,65.3629,68.97143,70.24742,54.28767
2000-11-23,44.28866,38.987804,64.066666,21.661291,65.83871,70.828575,70.85567,55.739727
2000-11-24,42.804123,38.19512,62.416668,20.709677,64.95968,69.65714,69.85567,54.671234
2000-11-25,40.85567,37.780487,60.8,16.919355,64.129036,68.457146,68.78351,52.60274
2000-11-26,39.02062,37.243904,58.6,16.483871,62.685482,66.5,67.38145,49.068493
2000-11-27,37.371136,36.719513,56.533333,18.048388,60.951614,65.0,66.22681,48.643837
2000-11-28,36.72165,36.42683,53.866665,16.290323,61.927418,64.22857,64.90722,47.643837
2000-11-29,33.71134,36.512196,50.45,14.370968,60.30645,61.471428,63.391754,43.136986
2000-11-30,55.515465,36.487804,64.333336,27.112904,61.94355,78.57143,82.13402,62.945206
2000-12-01,55.26804,37.146343,64.0,27.032259,62.379032,81.442856,82.793816,64.0137
2000-12-02,52.237114,37.085365,61.95,25.435484,61.79032,80.62857,83.38145,68.520546
2000-12-03,48.092785,37.17073,58.85,24.129032,60.48387,78.88571,81.75258,63.219177
2000-12-04,44.02062,37.243904,55.733334,20.516129,58.89516,76.47143,80.670105,59.19178
2000-12-05,41.4433,36.646343,51.933334,16.596775,57.16129,74.87143,79.15464,53.0
2000-12-06,38.350517,35.97561,47.916668,15.66129,55.508064,72.442856,77.57732,50.19178
2000-12-07,35.814434,35.76829,44.733334,13.774194,54.072582,70.557144,76.237114,45.643837
2000-12-08,34.082474,35.73171,44.783333,12.548388,53.95968,69.27143,74.93814,43.342464
2000-12-09,33.17526,35.756096,44.85,11.82258,53.903225,68.88571,75.98969,41.28767
2000-12-10,35.360825,35.853657,44.816666,12.548388,53.830647,68.84286,75.75258,46.739727
2000-12-11,37.639175,35.865852,46.066666,12.645162,54.298386,68.62857,75.74227,51.438354
2000-12-12,50.051548,37.987804,56.733334,20.82258,66.91936,81.27143,86.5567,68.054794
2000-12-13,55.525772,40.73171,60.883335,23.983871,67.95968,85.51428,90.28866,73.10959
2000-12-14,74.43299,40.646343,67.833336,49.532257,72.83064,96.64286,99.608246,99.630135
2000-12-15,100.5567,40.109756,78.78333,61.30645,74.82258,116.685715,112.515465,122.73972
2000-12-16,103.86598,40.146343,78.433334,57.241936,75.08064,121.75714,114.639175,129.0274
2000-12-17,104.22681,39.80488,76.28333,54.85484,74.258064,121.58572,114.19588,130.30138
2000-12-18,103.91753,39.780487,73.46667,55.258064,73.104836,121.34286,113.75258,132.28767
2000-12-19,102.83505,39.658535,68.36667,52.241936,70.92742,122.2,112.103096,130.53424
2000-12-20,100.4433,39.048782,65.4,49.580647,69.564514,120.557144,110.13402,126.20548
2000-12-21,94.58763,38.756096,63.016666,44.79032,68.70968,118.1,108.515465,121.34247
2000-12-22,91.762886,38.536587,61.783333,46.725807,68.22581,116.08572,107.50516,129.863
2000-12-23,90.896904,38.536587,61.5,46.919353,68.120964,115.11429,107.13402,125.479454
2000-12-24,90.04124,38.5,61.2,47.85484,68.05645,114.52857,106.87629,130.19179
2000-12-25,88.206184,38.487804,61.166668,47.69355,67.98387,114.35714,106.701035,122.561646
2000-12-26,87.64948,38.560974,60.716667,46.580647,67.951614,114.25714,106.515465,122.58904
2000-12-27,84.68041,38.341465,59.15,42.967743,67.19355,112.77143,105.50516,121.863014
2000-12-28,80.4433,38.182926,57.8,41.112904,66.47581,110.15714,104.52577,117.84931
2000-12-29,73.670105,38.390244,55.383335,40.548386,65.1129,106.185715,102.77319,113.328766
2000-12-30,66.83505,37.67073,53.05,37.112904,64.008064,101.957146,101.02062,102.10959
2000-12-31,62.216496,37.560974,51.616665,30.370968,60.725807,99.042854,99.78351,96.16438
2001-01-01,59.463917,37.47561,50.7,31.338709,60.701614,97.27143,98.80412,91.50685
2001-01-02,56.907215,37.341465,49.916668,28.548388,60.19355,96.07143,98.03093,87.35616
2001-01-03,54.45361,37.060974,48.516666,26.629032,59.60484,95.01428,97.02062,81.520546
2001-01-04,50.43299,36.378048,45.55,24.387096,58.274193,91.65714,94.97938,75.712326
2001-01-05,46.783504,35.30488,42.816666,22.387096,56.64516,88.314285,92.762886,70.65753
2001-01-06,43.17526,34.621952,41.3,25.274193,55.637096,85.85714,91.25773,67.054794
2001-01-07,41.0,34.47561,40.716667,24.096775,55.282257,84.057144,90.49484,62.27397
2001-01-08,39.391754,34.121952,42.116665,25.983871,53.25,82.671425,90.61855,59.643837
2001-01-09,43.958763,36.817074,49.516666,36.435482,57.362904,91.28571,100.38145,70.0411
2001-01-10,50.783504,38.23171,71.48333,46.032257,63.70968,93.52857,104.93814,82.84931
2001-01-11,80.04124,73.10976,128.5,79.758064,119.01613,144.81429,163.09279,116.863014
2001-01-12,104.87629,94.768295,133.76666,90.258064,130.58064,169.97144,170.06186,142.75342
2001-01-13,105.298965,99.04878,135.13333,92.451614,134.23387,170.21428,171.46391,141.0137
2001-01-14,108.19588,99.97561,135.1,94.451614,135.33871,170.6,170.81444,143.12329
2001-01-15,108.58763,103.19512,136.5,94.70968,135.96774,171.52856,172.47423,143.95891
2001-01-16,109.65979,106.78049,135.86667,94.59677,136.84677,173.5,173.80412,143.42465
2001-01-17,109.701035,110.68293,135.35,94.564514,134.58871,173.41429,173.80412,143.9726
2001-01-18,110.71134,112.29269,135.05,94.98387,134.79839,174.88571,173.89691,144.20547
2001-01-19,111.608246,112.231705,134.81667,95.29032,135.29033,175.54286,173.98969,144.95891
2001-01-20,111.74227,112.54878,133.38333,94.90323,135.87903,176.98572,171.92784,143.41096
2001-01-21,112.06186,112.57317,134.83333,95.03226,136.06451,177.14285,175.24742,144.27397
2001-01-22,111.175255,112.52439,134.45,98.741936,136.29839,176.54286,175.43298,144.83562
2001-01-23,109.49484,112.54878,142.26666,98.6129,138.75807,176.48572,175.83505,145.75342
2001-01-24,121.19588,115.60976,172.03334,114.741936,153.89516,196.85715,201.8866,166.0548
2001-01-25,133.07216,131.46341,186.5,119.59677,170.14516,216.21428,216.63918,175.78082
2001-01-26,148.78351,139.40244,199.88333,144.30646,180.21774,232.25714,230.82474,201.68494
2001-01-27,154.94846,146.40244,205.0,147.87097,182.66129,246.14285,238.7732,209.67123
2001-01-28,155.97939,151.2317,205.45,149.69354,183.2742,247.14285,239.7732,209.9863
2001-01-29,158.81444,152.2683,207.13333,153.24193,183.84677,249.15715,241.59793,212.32877
2001-01-30,162.92784,152.82927,207.06667,154.69354,184.01613,251.14285,242.1134,214.79453
2001-01-31,163.06186,153.42683,189.03334,150.87097,183.87903,251.07143,241.21649,216.32877
2001-02-01,163.07216,153.28049,209.31667,150.64516,185.53226,251.47144,242.05154,217.50685
2001-02-02,164.92784,153.0,209.0,151.0,186.2258,251.75714,242.43298,214.0137
2001-02-03,164.16495,152.85365,207.26666,154.58064,186.59677,251.17143,242.06186,207.72603
2001-02-04,157.14433,152.7683,204.68333,156.7742,187.04033,249.21428,240.8866,214.54794
2001-02-05,145.37114,152.02438,202.31667,149.8871,189.55646,245.57143,239.31958,205.68494
2001-02-06,135.10309,150.98781,204.35,146.93549,187.49193,241.44286,238.2371,197.137
2001-02-07,139.04124,152.42683,207.85,147.98387,190.58871,245.4,241.74226,201.20547
2001-02-08,139.65979,155.48781,205.45,145.8871,191.46774,246.8,243.10309,196.16438
2001-02-09,143.41237,156.59756,217.58333,158.25807,195.55646,249.3,245.87628,204.38356
2001-02-10,173.04124,164.64635,250.01666,193.70967,218.67741,283.15714,276.13403,255.0685
2001-02-11,209.13402,181.41463,285.35,227.80646,245.58064,326.72858,321.48453,299.0137
2001-02-12,239.70103,215.35365,303.4,253.12903,267.21774,357.42856,345.71133,327.20547
2001-02-13,243.60825,228.84146,309.25,258.08066,272.59677,360.82858,348.85568,333.41095
2001-02-14,245.72165,243.04878,317.35,258.09677,278.9597,364.05713,353.29898,326.9452
2001-02-15,246.85567,245.93903,319.43332,258.35483,279.01614,367.08572,355.92783,328.69864
2001-02-16,248.25774,248.2317,321.38333,254.95161,279.8871,369.3,355.40207,330.61642
2001-02-17,248.19588,248.62195,319.53333,250.8871,280.51614,370.2143,347.14432,337.863
2001-02-18,247.97939,249.84146,318.38333,258.2742,279.8387,376.3143,352.18558,340.60275
2001-02-19,251.10309,252.7561,328.73334,269.40323,288.98386,381.3857,355.28867,346.31506
2001-02-20,277.94846,264.14633,352.6,295.6613,312.2984,412.2,386.53607,372.69864
2001-02-21,289.5464,265.5366,355.01666,320.4516,314.64517,425.7143,391.26804,391.78082
2001-02-22,309.92783,266.87805,361.9,352.80646,319.01614,440.04285,399.25772,420.06848
2001-02-23,329.81442,272.93903,387.96667,366.09677,333.2258,454.6857,434.35052,448.26028
2001-02-24,334.40207,274.15854,396.71667,374.09677,338.3629,461.2143,440.6598,460.64383
2001-02-25,348.83505,311.76828,416.78333,394.64517,357.66934,482.2143,463.87628,479.38358
2001-02-26,355.12372,318.0122,416.76666,397.75806,359.1613,487.1,465.60825,468.8767
2001-02-27,357.31958,320.40244,414.73334,401.08066,360.58066,487.0,466.13403,472.8493
2001-02-28,356.84537,322.90244,407.01666,399.2742,361.76614,487.6,454.36084,472.9589
2001-03-01,354.92783,325.81708,414.71667,390.5484,368.59677,486.65714,464.82474,455.0137
2001-03-02,359.3299,326.86584,419.71667,397.6129,371.83066,494.4,474.7835,483.863
2001-03-03,366.60825,330.41464,427.13333,397.03226,380.91934,503.7,482.90723,491.43835
2001-03-04,374.02063,333.2561,435.9,413.96774,393.8871,513.0143,491.7732,505.36987
2001-03-05,394.30927,355.45123,479.2,453.2742,439.73386,548.17145,535.82477,521.1096
2001-03-06,409.40207,359.82925,491.28333,463.2097,454.50806,571.8143,553.26807,527.86304
2001-03-07,408.71133,363.7805,492.5,469.8871,458.30646,573.6857,555.5361,525.9178
2001-03-08,405.0309,365.84146,490.85,474.0484,458.30646,572.95715,556.0103,522.0685
2001-03-09,401.39175,365.5122,493.13333,485.08066,460.85483,573.6286,556.9484,520.9726
2001-03-10,406.75256,371.81708,494.26666,475.7097,466.49194,576.84283,560.3815,557.5753
2001-03-11,404.58762,373.86584,483.81668,463.53226,468.01614,578.6429,560.73193,552.50684
2001-03-12,402.84537,375.18292,483.35,457.08066,468.2016,579.3143,559.0618,554.548
2001-03-13,396.9691,375.32925,480.8,449.2742,468.62903,579.2857,558.80414,552.6301
2001-03-14,385.5464,377.76828,477.98334,429.3387,468.5403,578.4,558.86597,536.2055
2001-03-15,375.51547,377.0366,475.4,412.8387,468.35483,576.6286,556.81445,533.41095
2001-03-16,374.74228,375.7561,472.75,414.5,468.42743,575.6857,556.5567,557.1096
2001-03-17,365.2268,375.7439,473.03333,410.40323,467.87097,574.25714,556.70105,542.4247
2001-03-18,348.2165,374.35367,472.3,403.67743,466.8629,570.45715,555.30927,531.0959
2001-03-19,328.4536,372.84146,467.61667,389.14517,465.75,563.82855,551.2165,526.26025
2001-03-20,296.3402,366.0366,461.0,361.4355,461.19354,548.7857,545.73193,507.56165
2001-03-21,270.6598,357.0366,455.36667,338.69354,456.0887,535.11426,541.41235,490.75342
2001-03-22,241.07216,349.37805,448.25,337.80646,450.58066,519.7143,533.8969,465.79453
2001-03-23,221.2268,342.13416,442.88333,312.9355,443.58066,507.8143,529.3299,444.80823
2001-03-24,201.46391,333.32925,436.8,287.30646,444.6855,494.15714,524.80414,412.0548
2001-03-25,188.39175,324.54877,429.91666,268.32257,435.0,483.37143,521.17523,401.9863
2001-03-26,180.38144,319.34146,423.63333,264.53226,430.39517,475.25714,518.14435,392.21918
2001-03-27,169.58763,311.10974,416.43332,249.19354,426.30646,463.07144,513.4949,378.36987
2001-03-28,150.51546,300.5366,405.91666,223.96774,419.90323,447.91428,505.48453,351.58905
2001-03-29,130.63918,288.93903,392.66666,195.83871,411.7016,422.7,495.1031,314.80823
2001-03-30,119.701035,276.86584,379.2,174.17741,401.07257,405.27142,486.05154,287.0959
2001-03-31,104.5567,263.9878,362.03333,151.87097,389.55646,386.97144,472.39175,256.26028
2001-04-01,91.03093,251.02438,346.66666,127.32258,361.08066,366.35715,455.85568,222.09589
2001-04-02,86.35052,242.53659,340.56668,119.27419,355.37097,353.87143,450.81442,212.15068
2001-04-03,86.95876,242.07317,340.28333,115.67742,354.0484,350.74286,448.18558,212.36986
2001-04-04,87.24742,241.96341,339.91666,99.58064,352.5242,349.7143,446.9691,215.57535
2001-04-05,87.391754,239.93903,343.16666,112.1129,355.0403,349.58572,445.87628,214.57535
2001-04-06,87.21649,240.7439,351.21667,111.77419,357.57257,349.7,448.05154,218.09589
2001-04-07,105.27835,259.43903,371.55,148.3871,394.71774,375.3143,483.4433,239.0548
2001-04-08,134.8866,296.5,386.01666,139.87097,420.46774,405.92856,509.27835,266.67123
2001-04-09,143.31958,300.59756,387.31668,142.90323,423.6855,410.41428,511.2268,271.43835
2001-04-10,147.60825,307.73172,387.71667,136.51613,426.26614,416.54285,513.37115,281.61642
2001-04-11,151.95876,308.73172,389.61667,135.87097,429.99194,422.62857,516.73193,292.1507
2001-04-12,165.13402,311.95123,400.85,158.80646,435.25806,435.4,529.37115,296.54794
2001-04-13,168.31958,311.82925,402.93332,168.40323,435.87097,445.35715,533.8866,320.9589
2001-04-14,168.56702,313.62195,404.83334,157.75807,434.39517,442.48572,535.96906,319.69864
2001-04-15,169.79381,297.7927,405.03333,154.37097,430.74194,442.37143,534.36084,319.9863
2001-04-16,162.58763,292.82925,399.35,157.85484,428.10483,433.2,527.59796,289.65753
2001-04-17,140.03093,277.09756,383.78333,140.51613,417.2984,413.44287,517.70105,273.39725
2001-04-18,120.12371,263.57318,373.25,116.951614,407.92743,396.1,509.5567,263.47946
2001-04-19,114.237114,248.14635,377.05,136.69354,411.49194,398.12857,516.25775,259.726
2001-04-20,152.6701,257.5366,409.33334,185.01613,443.16934,433.3143,549.30927,294.9726
2001-04-21,186.01031,289.26828,419.9,159.20967,467.39517,472.1143,581.36084,326.0411
2001-04-22,189.98969,288.76828,447.43332,142.51613,467.96774,489.62857,590.42267,301.137
2001-04-23,184.2371,283.35367,448.05,126.758064,469.26614,492.92856,592.3402,290.17807
2001-04-24,153.64949,269.82925,422.9,135.17741,457.9597,477.12857,579.9382,262.0
2001-04-25,122.391754,257.10974,403.95,105.951614,441.99194,442.97144,562.25775,237.78082
2001-04-26,99.78351,255.15854,379.0,83.870964,422.66934,417.77142,536.63916,210.16438
2001-04-27,86.22681,249.07317,359.28333,68.145164,408.0887,400.52856,524.07214,175.9178
2001-04-28,78.34021,240.95122,337.98334,59.951614,386.8387,385.97144,511.61856,161.75342
2001-04-29,76.73196,228.64635,327.28333,58.5,374.85483,380.6857,504.35052,157.84932
2001-04-30,70.49484,219.81708,313.85,53.758064,361.89517,368.85715,493.14432,137.9863
2001-05-01,58.45361,210.07317,288.58334,46.69355,324.83066,346.58572,478.1031,117.39726
2001-05-02,51.87629,201.31708,264.8,43.919353,333.24194,332.95715,461.40207,103.39726
2001-05-03,48.793816,193.60976,255.21666,42.64516,330.49194,328.65714,452.5567,101.712326
2001-05-04,51.14433,183.20732,245.48334,39.725807,328.25,323.15714,442.40207,95.863014
2001-05-05,46.84536,168.41463,230.33333,33.79032,319.69354,311.51428,428.29898,81.68493
2001-05-06,40.12371,169.65854,206.8,28.112904,306.1855,301.54285,415.41238,69.0
2001-05-07,32.85567,163.09756,178.7,22.225807,287.66934,283.85715,401.7835,55.246574
2001-05-08,23.12371,152.57317,158.88333,15.274194,270.32257,259.41428,380.18558,39.80822
2001-05-09,15.422681,155.36586,141.63333,10.467742,250.7258,222.61429,363.0825,26.369864
2001-05-10,10.814433,136.89024,123.566666,7.274194,237.59677,200.05714,339.58762,16.178082
2001-05-11,8.061855,132.19513,115.55,5.209677,221.99193,179.72858,323.20618,10.589041
2001-05-12,5.9690723,122.65854,100.71667,4.096774,201.93549,157.2,296.2268,6.082192
2001-05-13,5.010309,121.15854,93.15,3.403226,208.55646,132.05714,275.0309,3.1643836
2001-05-14,4.2989693,118.902435,87.76667,2.8709676,201.17741,116.97143,261.5258,1.8219178
2001-05-15,3.6907218,115.69512,81.65,2.467742,191.0242,109.72857,249.39175,1.1095891
2001-05-16,3.2061856,111.37805,75.9,2.1774194,182.07259,100.87143,225.54639,0.6712329
2001-05-17,2.6804123,107.268295,66.416664,1.6290323,171.31451,89.457146,193.2371,0.08219178
2001-05-18,2.1546392,103.13415,57.566666,0.88709676,160.03226,78.0,166.29897,0.0
2001-05-19,1.5876288,99.17073,49.383335,0.032258064,149.62903,66.87143,151.89691,0.0
2001-05-20,1.113402,104.19512,41.766666,0.0,139.19354,56.485714,137.85567,0.0
2001-05-21,0.742268,96.731705,33.65,0.0,128.46774,49.37143,121.360825,0.0
2001-05-22,0.36082473,89.62195,26.05,0.0,115.048386,40.8,105.237114,0.0
2001-05-23,0.0,93.768295,19.133333,0.0,105.54032,32.814285,87.72165,0.0
2001-05-24,0.0,84.939026,13.9,0.0,93.20968,29.585714,69.298965,0.0
2001-05-25,0.0,76.731705,9.85,0.0,77.22581,22.785715,54.70103,0.0
2001-05-26,0.0,74.03658,7.266667,0.0,82.52419,16.685715,43.041237,0.0
2001-05-27,0.0,69.0,5.65,0.0,77.354836,13.671429,36.391754,0.0
2001-05-28,0.0,65.65854,4.4166665,0.0,69.814514,11.685715,31.824741,0.0
2001-05-29,0.0,63.012196,3.4166667,0.0,66.30645,10.214286,28.175259,0.0
2001-05-30,0.0,58.365852,2.0833333,0.0,59.862904,7.8,22.195877,0.0
2001-05-31,0.0,50.780487,1.4166666,0.0,53.717743,5.357143,15.659794,0.0
2001-06-01,0.0,42.463413,0.8333333,0.0,42.69355,2.7857144,9.505155,0.0
2001-06-02,0.0,38.0,0.41666666,0.0,36.685482,1.4857143,6.7216496,0.0
2001-06-03,0.0,36.585365,0.31666666,0.0,35.370968,1.2428571,5.886598,0.0
2001-06-04,0.0,35.853657,0.25,0.0,34.741936,1.1571429,5.412371,0.0
2001-06-05,0.0,34.780487,0.13333334,0.0,33.73387,1.0714285,4.9793816,0.0
2001-06-06,0.0,32.939026,0.0,0.0,31.588709,0.8428571,3.8762887,0.0
2001-06-07,0.0,29.987804,0.0,0.0,27.637096,0.37142858,2.2474227,0.0
2001-06-08,0.0,33.414635,0.0,0.0,23.10484,0.0,1.113402,0.0
2001-06-09,0.0,30.231707,0.0,0.0,19.653225,0.0,0.46391752,0.0
2001-06-10,0.0,27.792683,0.0,0.0,17.411291,0.0,0.10309278,0.0
2001-06-11,0.0,25.670732,0.0,0.0,15.556452,0.0,0.0,0.0
2001-06-12,0.0,23.987804,0.0,0.0,14.145162,0.0,0.0,0.0
2001-06-13,0.0,22.963415,0.0,0.0,13.290322,0.0,0.0,0.0
2001-06-14,0.0,22.414635,0.0,0.0,12.596774,0.0,0.0,0.0
2001-06-15,0.0,21.45122,0.0,0.0,10.854838,0.0,0.0,0.0
2001-06-16,0.0,19.609756,0.0,0.0,8.57258,0.0,0.0,0.0
2001-06-17,0.0,17.292683,0.0,0.0,6.274194,0.0,0.0,0.0
2001-06-18,0.0,15.231708,0.0,0.0,4.395161,0.0,0.0,0.0
2001-06-19,0.0,13.219512,0.0,0.0,2.7741935,0.0,0.0,0.0
2001-06-20,0.0,11.463414,0.0,0.0,1.6774193,0.0,0.0,0.0
2001-06-21,0.0,9.853659,0.0,0.0,1.0403225,0.0,0.0,0.0
2001-06-22,0.0,8.256098,0.0,0.0,0.66935486,0.0,0.0,0.0
2001-06-23,0.0,6.768293,0.0,0.0,0.33870968,0.0,0.0,0.0
2001-06-24,0.0,5.52439,0.0,0.0,0.088709675,0.0,0.0,0.0
2001-06-25,0.0,4.792683,0.0,0.0,0.0,0.0,0.0,0.0
2001-06-26,0.0,4.390244,0.0,0.0,0.0,0.0,0.0,0.0
2001-06-27,0.0,4.097561,0.0,0.0,0.0,0.0,0.0,0.0
2001-06-28,0.0,3.7317073,0.0,0.0,0.0,0.0,0.0,0.0
2001-06-29,0.0,3.2195122,0.0,0.0,0.0,0.0,0.0,0.0
2001-06-30,0.0,2.682927,0.0,0.0,0.0,0.0,0.0,0.0
2001-07-01,0.0,1.7682927,0.0,0.0,0.0,0.0,0.0,0.0
2001-07-02,0.0,0.64634144,0.0,0.0,0.0,0.0,0.0,0.0
2001-07-03,0.0,0.0,0.0,0.0,0.0,0.0,0.0,0.0
2001-07-04,0.0,0.0,0.0,0.0,0.0,0.0,0.0,0.0
2001-07-05,0.0,0.0,0.0,0.0,0.0,0.0,0.0,0.0
2001-07-06,0.0,0.0,0.0,0.0,0.0,0.0,0.0,0.0
2001-07-07,0.0,0.2195122,0.0,0.0,0.0,0.0,0.0,0.0
2001-07-08,0.0,0.14634146,0.0,0.0,0.0,0.0,0.0,0.0
2001-07-09,0.0,0.0,0.0,0.0,0.0,0.0,0.0,0.0
2001-07-10,0.0,0.0,0.0,0.0,0.0,0.0,0.0,0.0
2001-07-11,0.0,0.0,0.0,0.0,0.0,0.0,0.0,0.0
2001-07-12,0.0,0.0,0.0,0.0,0.0,0.0,0.0,0.0
2001-07-13,0.0,0.0,0.0,0.0,0.0,0.0,0.0,0.0
2001-07-14,0.0,0.0,0.0,0.0,0.0,0.0,0.0,0.0
2001-07-15,0.0,0.0,0.0,0.0,0.0,0.0,0.0,0.0
2001-07-16,0.0,0.0,0.0,0.0,0.0,0.0,0.0,0.0
2001-07-17,0.0,0.0,0.0,0.0,0.0,0.0,0.0,0.0
2001-07-18,0.0,0.0,0.0,0.0,0.0,0.0,0.0,0.0
2001-07-19,0.0,0.0,0.0,0.0,0.0,0.0,0.0,0.0
2001-07-20,0.0,0.0,0.0,0.0,0.0,0.0,0.0,0.0
2001-07-21,0.0,0.0,0.0,0.0,0.0,0.0,0.0,0.0
2001-07-22,0.0,0.0,0.0,0.0,0.0,0.0,0.0,0.0
2001-07-23,0.0,0.0,0.0,0.0,0.0,0.0,0.0,0.0
2001-07-24,0.0,0.0,0.0,0.0,0.0,0.0,0.0,0.0
2001-07-25,0.0,0.0,0.0,0.0,0.0,0.0,0.0,0.0
2001-07-26,0.0,0.0,0.0,0.0,0.0,0.0,0.0,0.0
2001-07-27,0.0,0.0,0.0,0.0,0.0,0.0,0.0,0.0
2001-07-28,0.0,0.0,0.0,0.0,0.0,0.0,0.0,0.0
2001-07-29,0.0,0.0,0.0,0.0,0.0,0.0,0.0,0.0
2001-07-30,0.0,0.0,0.0,0.0,0.0,0.0,0.0,0.0
2001-07-31,0.0,0.0,0.0,0.0,0.0,0.0,0.0,0.0
2001-08-01,0.0,0.0,0.0,0.0,0.0,0.0,0.0,0.0
2001-08-02,0.0,0.0,0.0,0.0,0.0,0.0,0.0,0.0
2001-08-03,0.0,0.0,0.0,0.0,0.0,0.0,0.0,0.0
2001-08-04,0.0,0.0,0.0,0.0,0.0,0.0,0.0,0.0
2001-08-05,0.0,0.0,0.0,0.0,0.0,0.0,0.0,0.0
2001-08-06,0.0,0.0,0.0,0.0,0.0,0.0,0.0,0.0
2001-08-07,0.0,0.0,0.0,0.0,0.0,0.0,0.0,0.0
2001-08-08,0.0,0.0,0.0,0.0,0.0,0.0,0.0,0.0
2001-08-09,0.0,0.0,0.0,0.0,0.0,0.0,0.0,0.0
2001-08-10,0.0,0.0,0.0,0.0,0.0,0.0,0.0,0.0
2001-08-11,0.0,0.0,0.0,0.0,0.0,0.0,0.0,0.0
2001-08-12,0.0,0.0,0.0,0.0,0.0,0.0,0.0,0.0
2001-08-13,0.0,0.0,0.0,0.0,0.0,0.0,0.0,0.0
2001-08-14,0.0,0.0,0.0,0.0,0.0,0.0,0.0,0.0
2001-08-15,0.0,0.0,0.0,0.0,0.0,0.0,0.0,0.0
2001-08-16,0.0,0.0,0.0,0.0,0.0,0.0,0.0,0.0
2001-08-17,0.0,0.0,0.0,0.0,0.0,0.0,0.0,0.0
2001-08-18,0.0,0.0,0.0,0.0,0.0,0.0,0.0,0.0
2001-08-19,0.0,0.0,0.0,0.0,0.0,0.0,0.0,0.0
2001-08-20,0.0,0.0,0.0,0.0,0.0,0.0,0.0,0.0
2001-08-21,0.0,0.0,0.0,0.0,0.0,0.0,0.0,0.0
2001-08-22,0.0,0.0,0.0,0.0,0.0,0.0,0.0,0.0
2001-08-23,0.0,0.0,0.0,0.0,0.0,0.0,0.0,0.0
2001-08-24,0.0,0.0,0.0,0.0,0.0,0.0,0.0,0.0
2001-08-25,0.0,0.0,0.0,0.0,0.0,0.0,0.0,0.0
2001-08-26,0.0,0.0,0.0,0.0,0.0,0.0,0.0,0.0
2001-08-27,0.0,0.0,0.0,0.0,0.0,0.0,0.0,0.0
2001-08-28,0.0,0.0,0.0,0.0,0.0,0.0,0.0,0.0
2001-08-29,0.0,0.0,0.0,0.0,0.0,0.0,0.0,0.0
2001-08-30,0.0,0.0,0.0,0.0,0.0,0.0,0.0,0.0
2001-08-31,0.0,0.0,0.0,0.0,0.0,0.0,0.0,0.0
2001-09-01,0.0,0.0,0.0,0.0,0.0,0.0,0.0,0.0
2001-09-02,0.0,0.0,0.0,0.0,0.0,0.0,0.0,0.0
2001-09-03,0.0,0.0,0.0,0.0,0.0,0.0,0.0,0.0
2001-09-04,0.0,0.0,0.0,0.0,0.0,0.0,0.0,0.0
2001-09-05,0.0,0.0,0.0,0.0,0.0,0.0,0.0,0.0
2001-09-06,0.0,0.0,0.0,0.0,0.0,0.0,0.0,0.0
2001-09-07,0.0,0.0,0.0,0.0,0.0,0.0,0.0,0.0
2001-09-08,0.0,0.0,0.0,0.0,0.0,0.0,0.0,0.0
2001-09-09,0.0,0.0,0.0,0.0,0.0,0.0,0.0,0.0
2001-09-10,0.0,0.0,0.0,0.0,0.0,0.0,0.0,0.0
2001-09-11,0.0,0.0,0.0,0.0,0.0,0.0,0.0,0.0
2001-09-12,0.0,0.0,0.0,0.0,0.0,0.0,0.0,0.0
2001-09-13,0.0,0.0,0.0,0.0,0.0,0.0,0.0,0.0
2001-09-14,0.0,0.0,0.0,0.0,0.0,0.0,0.0,0.0
2001-09-15,0.0,0.0,0.0,0.0,0.0,0.0,0.0,0.0
2001-09-16,0.0,0.0,0.0,0.0,0.0,0.0,0.0,0.0
2001-09-17,0.0,0.0,0.0,0.0,0.0,0.0,0.0,0.0
2001-09-18,0.0,0.0,0.0,0.0,0.0,0.0,0.0,0.0
2001-09-19,0.0,0.0,0.0,0.0,0.0,0.0,0.0,0.0
2001-09-20,0.0,0.0,0.0,0.0,0.0,0.0,0.0,0.0
2001-09-21,0.0,0.0,0.0,0.0,0.0,0.0,0.0,0.0
2001-09-22,0.0,0.0,0.0,0.0,0.0,0.0,0.0,0.0
2001-09-23,0.0,0.0,0.0,0.0,0.0,0.0,0.0,0.0
2001-09-24,0.0,0.0,0.0,0.0,0.0,0.0,0.0,0.0
2001-09-25,0.0,0.0,0.0,0.0,0.0,0.0,0.0,0.0
2001-09-26,0.0,0.0,0.0,0.0,0.0,0.0,0.0,0.0
2001-09-27,0.0,0.0,0.0,0.0,0.0,0.0,0.0,0.0
2001-09-28,0.0,0.0,0.0,0.0,0.0,0.0,0.0,0.0
2001-09-29,0.0,0.0,0.0,0.0,0.0,0.0,0.0,0.0
2001-09-30,0.0,0.0,0.0,0.0,0.0,0.0,0.0,0.0
2001-10-01,0.0,0.0,0.0,0.0,0.0,0.0,0.0,0.0
2001-10-02,0.0,0.0,0.0,0.0,0.0,0.0,0.0,0.0
2001-10-03,0.0,0.0,0.0,0.0,0.0,0.0,0.0,0.0
2001-10-04,0.0,0.0,0.0,0.0,0.0,0.0,0.0,0.0
2001-10-05,0.0,0.0,0.0,0.0,0.0,0.0,0.0,0.0
2001-10-06,0.0,0.0,0.0,0.0,0.0,0.0,0.0,0.0
2001-10-07,0.0,0.0,0.0,0.0,0.0,0.0,0.0,0.0
2001-10-08,0.0,0.0,0.0,0.0,0.0,0.0,0.0,0.0
2001-10-09,0.0,0.0,0.0,0.0,0.0,0.0,0.0,0.0
2001-10-10,0.0,0.0,0.0,0.0,0.0,0.0,0.0,0.0
2001-10-11,0.0,0.0,0.0,0.0,0.0,0.0,0.0,0.0
2001-10-12,0.0,0.0,0.0,0.0,0.0,0.0,0.0,0.0
2001-10-13,0.0,0.0,0.0,0.0,0.0,0.0,0.0,0.0
2001-10-14,0.0,0.0,0.0,0.0,0.0,0.0,0.0,0.0
2001-10-15,0.0,0.0,0.0,0.0,0.0,0.0,0.0,0.0
2001-10-16,0.0,0.0,0.0,0.0,0.0,0.0,0.0,0.0
2001-10-17,0.0,0.0,0.0,0.0,0.0,0.0,0.0,0.0
2001-10-18,0.0,0.0,0.0,0.0,0.0,0.0,0.0,0.0
2001-10-19,0.0,0.0,0.0,0.0,0.0,0.0,0.0,0.0
2001-10-20,0.0,0.0,0.0,0.0,0.0,0.0,0.0,0.0
2001-10-21,0.0,0.0,0.0,0.0,0.0,0.0,0.0,0.0
2001-10-22,0.0,0.0,0.0,0.0,0.0,0.0,0.0,0.0
2001-10-23,0.0,0.0,0.0,0.0,0.0,0.0,0.0,0.0
2001-10-24,0.0,0.0,0.0,0.0,0.0,0.0,0.0,0.0
2001-10-25,0.0,0.0,0.0,0.0,0.0,0.0,0.0,0.0
2001-10-26,0.0,0.0,0.0,0.0,0.0,0.0,0.0,0.0
2001-10-27,0.0,0.0,0.0,0.0,0.0,0.0,0.0,0.0
2001-10-28,0.0,0.0,0.0,0.0,0.0,0.0,0.0,0.0
2001-10-29,0.0,0.0,0.0,0.0,0.0,0.0,0.0,0.0
2001-10-30,0.0,0.15853658,2.1833334,0.0,3.096774,0.0,0.88659793,0.0
2001-10-31,3.0824742,13.182927,13.933333,1.4193548,17.717741,10.457143,19.154638,3.6164384
2001-11-01,2.8659794,14.621951,13.733334,1.1935484,17.943548,10.8,19.27835,2.9178083
2001-11-02,2.185567,13.085366,12.083333,0.8064516,17.387096,9.842857,16.896908,1.4109589
2001-11-03,1.4432989,11.682927,10.566667,0.4516129,16.403225,9.614285,16.247423,0.8767123
2001-11-04,0.8659794,10.743902,8.35,0.048387095,13.798388,8.142858,18.226805,0.19178082
2001-11-05,0.371134,10.134147,5.133333,0.0,10.2661295,5.9714284,14.030928,0.0
2001-11-06,0.15463917,8.560976,3.3333333,0.0,8.258064,4.3714285,10.917526,0.0
2001-11-07,0.11340206,8.280488,2.75,0.0,7.483871,3.942857,9.886598,0.0
2001-11-08,0.0927835,7.780488,2.2333333,0.0,7.137097,4.142857,9.391752,0.0
2001-11-09,0.06185567,7.3414636,1.6666666,0.0,6.379032,3.7,8.216495,0.0
2001-11-10,0.030927835,7.1585364,1.4666667,0.0,6.443548,3.4571428,7.7525773,0.0
2001-11-11,0.010309278,7.3170733,2.0833333,0.0,7.379032,3.4857142,8.515464,0.0
2001-11-12,0.20618556,8.268292,6.5,0.0,9.403226,4.742857,9.061855,0.12328767
2001-11-13,5.1030927,25.268293,28.6,7.16129,29.112904,20.442858,31.979382,19.561644
2001-11-14,7.402062,24.926828,31.716667,7.806452,29.75,25.528572,32.5567,23.342466
2001-11-15,5.515464,24.329268,30.283333,6.483871,29.185484,24.085714,30.752577,20.31507
2001-11-16,3.5257733,22.658537,26.483334,4.951613,29.387096,18.942858,31.917526,15.561644
2001-11-17,2.4536083,22.109756,22.216667,3.935484,29.653225,14.828571,25.360825,11.657535
2001-11-18,1.9690722,22.45122,20.55,3.467742,29.096775,13.142858,28.597939,9.369863
2001-11-19,1.4020618,21.512196,17.35,2.8548386,28.532259,11.257143,27.70103,5.5068493
2001-11-20,1.0309278,20.963415,15.1,2.1612904,27.75,9.828571,25.515465,2.958904
2001-11-21,0.83505154,20.780487,15.7,1.8225807,28.314516,8.928572,25.082474,1.8219178
2001-11-22,22.907217,23.207317,41.9,12.4838705,37.23387,34.42857,66.91753,28.69863
2001-11-23,37.54639,27.914635,50.0,12.241936,43.379032,62.357143,80.07217,38.424656
2001-11-24,40.309277,30.865854,70.916664,36.677418,53.580647,63.842857,85.77319,53.28767
2001-11-25,75.87629,64.439026,113.7,53.19355,97.92742,109.52857,137.41237,90.12329
2001-11-26,83.04124,75.54878,112.9,60.83871,100.120964,119.042854,140.16495,96.27397
2001-11-27,84.56701,76.84146,114.066666,59.5,101.008064,121.25714,140.87628,97.76712
2001-11-28,84.85567,78.65854,117.7,61.29032,101.854836,121.61429,141.53609,98.49315
2001-11-29,98.87629,86.743904,138.4,89.98387,120.48387,142.88571,170.8866,120.0685
2001-11-30,112.02062,95.82927,145.55,92.16129,130.26613,164.31429,185.86598,124.76712
2001-12-01,115.87629,102.402435,153.48334,114.80645,134.20967,171.08571,191.8866,141.0822
2001-12-02,144.12372,112.28049,194.18333,171.95161,161.91129,218.11429,235.19588,171.0137
2001-12-03,232.08247,137.15854,251.1,205.06451,238.07259,300.92856,302.9175,231.12329
2001-12-04,242.24742,153.07317,253.45,213.3871,240.28226,317.1857,315.75256,244.19179
2001-12-05,250.68042,158.5,253.4,221.64516,240.3871,318.01428,316.49484,257.65753
2001-12-06,282.38144,160.48781,257.05,231.93549,241.51613,329.51428,321.02063,283.20547
2001-12-07,264.24744,160.65854,258.3,236.14516,240.90323,330.98572,322.86597,310.1644
2001-12-08,260.20618,160.90244,259.46667,237.2742,241.31451,332.6857,323.13403,301.39725
2001-12-09,267.0825,161.15854,264.11667,242.70967,243.5,334.64285,328.19586,301.58905
2001-12-10,284.4742,164.10976,270.06668,243.93549,247.45161,339.6143,330.35052,303.50684
2001-12-11,268.8866,164.71951,268.61667,244.19354,247.56451,341.25714,331.90723,295.9589
2001-12-12,271.35052,164.92683,273.03333,244.14516,247.92741,342.8857,340.0309,293.19177
2001-12-13,269.7835,166.54878,273.2,247.79033,247.76613,345.04285,340.71133,292.36987
2001-12-14,304.74228,168.82927,289.8,275.25806,264.71774,353.65714,346.84537,341.0137
2001-12-15,307.6598,174.96341,298.7,282.96774,269.39517,370.51428,362.37112,335.21918
2001-12-16,311.73196,175.20732,297.18332,282.0484,269.6613,374.27142,361.72165,360.78082
2001-12-17,323.93814,177.69513,295.13333,306.03226,270.08066,377.52856,359.49484,370.9589
2001-12-18,344.93814,177.97562,302.88333,316.19354,275.00806,387.14285,368.40207,390.9863
2001-12-19,346.71133,177.93903,305.05,328.64517,276.67743,389.3,370.14432,388.0
2001-12-20,357.28867,179.07317,323.46667,346.69354,282.1371,392.7857,387.43298,416.43835
2001-12-21,350.37112,190.7683,361.98334,361.8871,310.5403,415.9,412.23712,431.42465
2001-12-22,355.58762,191.92683,351.21667,369.1613,311.2903,419.8143,412.42267,445.20547
2001-12-23,379.9175,194.2561,368.76666,390.75806,318.25,440.27142,427.50516,475.9041
2001-12-24,384.15463,193.86586,355.51666,392.41934,319.5887,445.97144,427.07217,479.0
2001-12-25,381.16495,194.2561,389.8,387.87097,320.2258,450.22858,433.74228,472.60275
2001-12-26,403.16495,194.43903,357.95,390.2903,319.37903,450.14285,430.07217,460.53424
2001-12-27,381.0103,193.78049,360.66666,390.59677,319.30646,451.51428,431.7732,458.0137
2001-12-28,380.60825,193.86586,358.03333,391.80646,320.4113,454.02856,429.26804,461.274
2001-12-29,387.0,211.10976,392.4,398.2903,365.00806,468.58572,454.48453,482.69864
2001-12-30,388.81442,251.20732,411.9,395.3387,391.05646,483.08572,467.07217,471.0411
2001-12-31,392.41238,255.54878,417.98334,393.0484,403.0645,496.51428,484.06186,478.1233
2002-01-01,407.2268,257.64633,423.08334,378.51614,408.35483,499.55713,496.0,494.78082
2002-01-02,418.19586,257.91464,433.33334,384.5645,414.51614,502.8,502.24744,485.8356
2002-01-03,443.6701,263.60974,448.61667,397.12903,433.7097,521.5714,524.24744,518.46576
2002-01-04,403.20618,269.4634,450.5,392.9516,436.1129,522.7,526.2062,491.863
2002-01-05,402.59793,271.04877,449.93332,389.35483,437.08066,527.74286,529.40204,498.56165
2002-01-06,409.74228,270.65854,450.11667,395.62903,436.82257,529.17145,529.9897,498.28766
2002-01-07,441.46393,270.85367,452.33334,389.32257,437.59677,532.02856,533.25775,487.0548
2002-01-08,408.50516,269.9634,453.85,394.67743,438.3145,531.38574,533.9897,501.137
2002-01-09,445.28867,269.52438,453.68332,390.1613,438.25806,530.82855,534.3917,505.30136
2002-01-10,444.9691,268.95123,495.63333,390.09677,438.3871,531.75714,540.30927,490.42465
2002-01-11,403.87628,269.14633,495.21667,388.2903,439.0,531.38574,539.92786,495.35617
2002-01-12,401.46393,267.5122,453.76666,382.53226,439.82257,530.47144,534.4949,477.93152
2002-01-13,399.80414,266.08536,453.55,382.2097,440.0242,529.3571,534.7732,478.9452
2002-01-14,431.09277,264.30487,453.45,381.2097,439.98386,529.04285,534.6598,475.0548
2002-01-15,430.2268,263.4634,453.28333,388.2742,440.08066,527.15717,533.9897,474.79453
2002-01-16,431.09277,264.56097,452.66666,376.48386,439.92743,528.0571,534.3505,473.57535
2002-01-17,429.95877,268.5366,452.51666,376.24194,439.5242,525.97144,533.4433,476.52054
2002-01-18,396.0,270.2439,452.83334,375.90323,439.30646,523.75714,533.0928,475.57535
2002-01-19,397.43298,270.95123,450.76666,375.24194,439.4597,522.8714,533.3815,508.26028
2002-01-20,398.35052,270.85367,451.08334,371.6129,439.30646,521.75714,533.6701,481.67123
2002-01-21,398.84537,270.5122,452.8,374.69354,438.9758,521.25714,534.17523,521.1096
2002-01-22,408.4742,270.2561,453.33334,393.7742,441.75,524.0,537.29895,483.1644
2002-01-23,414.59793,270.69513,448.18332,384.9355,442.05646,525.82855,529.7732,498.26028
2002-01-24,417.0,270.56097,446.36667,382.08066,441.28226,526.52856,530.0103,491.80823
2002-01-25,417.18558,269.80487,461.98334,387.30646,441.49194,524.9,537.4433,507.78082
2002-01-26,425.28867,268.7805,452.25,424.14517,441.8145,524.9429,537.95874,547.56165
2002-01-27,444.4433,272.35367,466.4,429.98386,453.00806,541.8714,557.18555,577.5753
2002-01-28,452.37112,281.19513,474.73334,438.4355,475.9113,548.6429,566.9897,576.38354
2002-01-29,496.56702,284.86584,504.15,459.19354,488.98386,557.2714,578.71136,570.13696
2002-01-30,502.83505,286.7073,480.8,453.0484,492.8387,561.61426,577.2062,570.6986
2002-01-31,505.4742,289.56097,480.26666,444.09677,493.23386,564.6429,578.28864,565.548
2002-02-01,508.3402,292.08536,485.93332,444.1129,485.83066,566.6429,574.85565,574.64386
2002-02-02,513.4949,292.42682,484.53333,439.03226,487.59677,568.4,574.3917,607.1507
2002-02-03,514.57733,292.52438,528.9,427.74194,487.2016,567.4429,579.5051,574.9589
2002-02-04,509.38144,291.42682,527.85,436.0645,487.5645,568.1,579.04126,559.9178
2002-02-05,508.95877,291.08536,493.65,430.25806,488.12097,569.47144,576.0103,554.0274
2002-02-06,506.2268,289.90244,486.06668,440.91934,488.74194,569.6429,563.9072,555.52057
2002-02-07,505.38144,289.32925,493.51666,432.62903,490.28226,568.6,573.6804,551.86304
2002-02-08,517.3196,288.63416,490.41666,449.17743,499.7984,579.8714,592.9794,568.58905
2002-02-09,518.75256,288.13416,494.88333,446.8871,500.62903,583.7714,594.81445,575.0548
2002-02-10,523.62885,287.87805,530.55,450.7097,500.8629,585.0,599.24744,576.9452
2002-02-11,523.2165,286.82925,528.0,457.6129,500.07257,584.82855,598.9897,578.9589
2002-02-12,514.6185,284.31708,524.61664,454.5484,499.0403,585.11426,597.6185,601.6301
2002-02-13,511.75256,282.56097,521.48334,448.37097,498.2903,585.3143,595.8866,596.38354
2002-02-14,509.3402,281.65854,521.0833,445.2742,498.42743,584.88574,597.165,597.3699
2002-02-15,505.93814,278.7927,518.7,455.41934,496.9516,584.54285,596.74225,605.9178
2002-02-16,504.57733,277.08536,524.8,442.85483,498.6371,584.45715,597.95874,593.1233
2002-02-17,510.73196,278.4878,537.5333,443.69354,513.80646,592.8714,614.26807,630.9589
2002-02-18,522.41235,285.7195,546.23334,437.5645,528.5887,611.8143,630.17523,640.26025
2002-02-19,519.25775,286.81708,548.2167,449.58066,530.0161,615.82855,631.40204,618.71234
2002-02-20,551.59796,287.37805,554.93335,425.4516,531.2661,630.1857,641.5051,675.9726
2002-02-21,551.1134,284.13416,553.2833,421.14517,529.9274,632.17145,645.8763,644.9315
2002-02-22,547.30927,279.08536,549.86664,418.35483,527.3306,633.1429,643.58765,661.50684
2002-02-23,535.5567,272.81708,544.3,417.2258,523.89514,631.5857,642.84534,651.53424
2002-02-24,532.9484,269.31708,544.0,418.0,523.5484,631.61426,642.86597,650.65753
2002-02-25,528.3917,267.5122,546.7,419.0645,523.129,631.9,641.80414,651.58905
2002-02-26,524.30927,263.23172,540.68335,412.32257,520.0887,629.8714,639.82477,648.64386
2002-02-27,512.567,256.80487,534.4,404.4355,516.629,626.61426,637.73193,638.726
2002-02-28,508.5567,251.85365,529.7167,397.2097,513.8468,623.15717,635.7629,636.73975
2002-03-01,503.1134,247.29268,526.63336,397.2097,518.20966,622.3714,639.7732,613.7945
2002-03-02,502.46393,246.68292,525.8333,397.17743,517.9355,622.4143,639.7629,618.23285
2002-03-03,503.7732,244.46341,525.35,391.12903,517.6129,622.3143,639.6701,600.34247
2002-03-04,497.09277,244.31708,524.55,387.14517,516.9194,622.4143,639.42267,590.9178
2002-03-05,494.40207,243.17073,523.01666,383.7097,515.4516,622.0571,638.82477,589.4247
2002-03-06,494.9175,240.69513,529.9167,392.85483,514.4194,623.4,640.3196,591.0685
2002-03-07,563.86597,256.57318,562.6,410.80646,544.50806,662.04285,679.433,677.34247
2002-03-08,592.52576,269.43903,580.38336,406.32257,558.8145,698.3714,703.75256,643.7945
2002-03-09,585.6701,270.47562,580.51666,455.12903,558.9113,702.0571,704.2062,641.53424
2002-03-10,593.0618,270.65854,580.81665,455.67743,558.3306,710.02856,708.5361,763.6027
2002-03-11,602.18555,269.42682,585.23334,463.35483,558.6855,720.54285,718.08246,756.2192
2002-03-12,601.13403,266.90244,578.88336,456.08066,556.5484,717.1,716.41235,708.46576
2002-03-13,602.7938,264.56097,577.36664,446.7258,555.7016,717.4,716.3299,686.5753
2002-03-14,604.2371,261.97562,580.9667,443.59677,556.621,720.8143,718.5567,699.64386
2002-03-15,610.48456,263.56097,599.23334,456.7097,557.10486,721.54285,721.42267,678.23285
2002-03-16,616.5464,264.87805,593.43335,464.3871,565.00806,724.02856,724.30927,734.68494
2002-03-17,623.2062,268.58536,582.5333,479.3387,570.1774,734.25714,730.1134,750.76715
2002-03-18,634.17523,277.7195,603.36664,471.1129,572.8871,742.17145,739.3196,711.41095
2002-03-19,633.41235,278.85367,564.23334,490.24194,573.9032,749.2714,724.18555,791.31506
2002-03-20,624.7217,274.7805,595.01666,460.01614,573.379,747.52856,738.63916,723.68494
2002-03-21,614.07214,266.02438,589.48334,454.67743,567.9516,741.5143,736.48456,729.68494
2002-03-22,601.04126,259.06097,585.7833,433.67743,564.1855,731.3714,733.7732,712.8219
2002-03-23,605.73193,260.81708,605.86664,445.7097,573.6694,738.0143,750.4639,697.58905
2002-03-24,636.26807,271.90244,620.6,446.2097,589.2339,776.9857,779.91754,786.3014
2002-03-25,635.9794,276.7195,621.6667,445.41934,589.5323,781.97144,781.1237,814.1507
2002-03-26,637.84534,275.52438,621.7833,442.3387,590.1532,783.8714,781.19586,756.71234
2002-03-27,626.8763,271.5366,619.4167,430.7258,588.4113,778.1286,778.5464,746.6301
2002-03-28,616.2268,266.37805,613.01666,416.17743,584.7016,772.0,775.08246,742.46576
2002-03-29,600.15466,259.14633,604.5333,400.67743,579.5726,765.11426,770.59796,735.0137
2002-03-30,577.85565,253.91463,596.25,374.8871,571.0484,749.7857,764.75256,801.52057
2002-03-31,544.3196,243.59756,582.18335,372.90323,562.0968,736.84283,755.4949,765.68494
2002-04-01,519.41235,236.07317,566.1,343.4355,542.3226,720.2714,744.59796,684.9041
2002-04-02,492.56702,228.35365,549.18335,337.5645,527.4113,703.3714,731.1134,672.3973
2002-04-03,453.1031,224.13414,530.7,304.90323,519.3468,680.5,714.19586,695.9726
2002-04-04,420.79382,224.67073,513.0333,274.80646,509.6129,662.7714,700.0618,672.6712
2002-04-05,395.53607,217.52438,501.35,248.7258,501.40323,642.5143,689.03094,659.726
2002-04-06,384.24744,215.70732,497.88333,219.01613,497.34677,630.8143,683.6598,623.23285
2002-04-07,374.30927,214.34146,495.81668,207.95161,493.0887,620.1286,679.47424,635.0959
2002-04-08,362.97937,206.59756,489.53333,239.64516,488.26614,604.4857,672.5567,620.3014
2002-04-09,350.05154,200.19513,479.83334,224.74193,481.39517,585.8571,664.9484,600.58905
2002-04-10,336.68042,194.40244,473.5,219.8871,475.6613,573.7,656.5051,583.16437
2002-04-11,325.18558,184.32927,463.76666,209.7742,471.4355,556.7857,645.30927,570.0822
2002-04-12,317.39175,177.39024,449.56668,199.33871,460.90323,537.4857,634.62885,548.56165
2002-04-13,295.07217,171.19513,430.23334,181.06451,445.5645,517.9,623.14435,498.34247
2002-04-14,268.92783,162.2683,404.5,154.7742,427.9597,489.92856,608.14435,460.137
2002-04-15,250.96907,153.64635,393.28333,147.62903,413.62097,472.91428,599.73193,447.31506
2002-04-16,250.89691,153.21951,395.31668,147.1129,408.87903,472.22858,599.835,480.863
2002-04-17,267.36084,151.2439,405.95,158.7742,420.80646,485.17142,611.2165,491.50684
2002-04-18,294.56702,153.51219,409.05,163.09677,424.1371,503.6,620.7629,485.8767
2002-04-19,314.69073,156.56097,408.11667,140.08064,425.7016,512.95715,623.0206,521.9315
2002-04-20,310.56702,163.18292,408.8,153.20967,427.0484,519.7,624.73193,505.91782
2002-04-21,314.17526,162.2439,406.73334,142.80646,426.09677,523.7143,625.86597,510.9589
2002-04-22,295.6701,159.31708,402.16666,161.46774,424.28226,516.1857,619.6598,508.49316
2002-04-23,268.30927,153.58537,391.18332,142.90323,414.26614,494.42856,608.91754,486.63013
2002-04-24,247.45361,152.68292,374.73334,123.41936,402.78226,478.7143,598.3196,460.17807
2002-04-25,232.02061,148.58537,364.3,112.03226,393.66934,466.41428,591.0,431.1096
2002-04-26,214.05154,149.2683,360.91666,101.46774,392.49194,457.07144,587.26807,410.49316
2002-04-27,210.93814,152.30487,367.83334,95.629036,400.75,457.25714,596.5567,406.9726
2002-04-28,215.89691,145.85365,371.26666,97.40323,401.4355,463.7,600.9072,414.24658
2002-04-29,215.43298,146.47562,373.35,88.241936,396.71774,467.22858,603.567,413.24658
2002-04-30,234.15463,146.92683,392.88333,98.20968,394.4355,483.24286,626.4536,407.43835
2002-05-01,240.74226,146.2439,398.81668,101.22581,396.78226,496.3,627.28864,424.80823
2002-05-02,243.09279,146.47562,400.26666,96.91936,392.94354,498.24286,626.57733,421.63013
2002-05-03,225.19588,149.43903,401.03333,100.79032,403.3871,484.74286,619.52576,394.137
2002-05-04,209.1134,152.18292,392.96667,95.27419,398.58066,472.05713,608.24744,380.76712
2002-05-05,196.54639,149.30487,380.13333,88.53226,392.4597,458.92856,597.9897,367.91782
2002-05-06,183.24742,149.86586,360.06668,84.129036,373.80646,444.6,586.9072,352.08218
2002-05-07,171.03093,144.7561,346.16666,79.29032,364.0887,429.22858,571.92786,338.1507
2002-05-08,164.62886,141.31708,338.18332,77.69355,355.87097,419.2143,563.4639,329.39725
2002-05-09,158.30928,137.54878,332.35,74.98387,346.74194,411.87143,557.26807,320.9589
2002-05-10,154.46391,134.62195,327.41666,71.70968,340.5484,402.27142,548.6701,315.17807
2002-05-11,151.75258,133.7561,323.63333,71.1129,340.53226,392.2857,539.6083,313.0548
2002-05-12,145.92784,154.58537,311.73334,68.40323,334.7097,379.67142,529.51544,303.08218
2002-05-13,134.01031,150.14635,286.81668,61.29032,326.23386,362.32858,513.15466,283.69864
2002-05-14,120.87629,143.64635,254.83333,56.064518,311.80646,347.0,489.09277,264.274
2002-05-15,106.175255,139.7317,232.53334,50.64516,316.33066,333.44287,462.92783,243.87671
2002-05-16,95.49484,135.43903,220.51666,45.387096,303.0403,319.6,450.76288,224.72603
2002-05-17,84.96907,130.0,213.28334,39.69355,290.05646,303.95715,435.53607,201.09589
2002-05-18,73.52577,123.53658,202.71666,33.387096,273.7097,281.51428,418.82474,176.64383
2002-05-19,65.18557,118.10976,189.96666,29.483871,256.21774,265.27142,401.50516,160.49315
2002-05-20,63.75258,116.84146,194.81667,39.30645,249.54839,255.1,406.86597,158.21918
2002-05-21,78.40206,108.71951,214.51666,32.822582,254.90323,281.57144,427.3402,182.27397
2002-05-22,83.484535,107.12195,218.93333,43.0,260.57257,287.02856,428.70102,181.53424
2002-05-23,84.14433,108.98781,223.95,35.83871,261.4758,280.6,426.40207,187.15068
2002-05-24,68.453606,110.256096,234.48334,30.709677,251.71774,264.15714,429.7732,169.47945
2002-05-25,63.206184,121.45122,197.31667,26.838709,255.07259,259.17142,409.76288,151.50685
2002-05-26,54.907215,117.71951,185.5,22.370968,239.07259,245.34285,395.61856,132.41096
2002-05-27,45.051548,113.231705,173.53334,19.580645,219.87097,224.58571,383.46393,116.69863
2002-05-28,39.938145,110.17073,177.1,17.193548,209.12097,201.52856,377.62888,104.479454
2002-05-29,37.75258,106.35366,165.51666,14.387096,199.53226,185.81429,358.36084,90.26028
2002-05-30,29.226805,98.65854,146.15,11.967742,185.1129,170.54286,334.43298,70.84931
2002-05-31,21.092783,104.51219,124.75,9.612904,167.9758,132.64285,296.46393,56.38356
2002-06-01,14.639175,99.914635,109.25,7.403226,154.35484,132.18571,277.6701,40.054794
2002-06-02,12.206185,96.30488,103.85,6.790323,149.1129,122.48572,249.8866,29.726027
2002-06-03,10.360825,94.085365,98.26667,6.225806,145.1129,114.814285,234.75258,26.027397
2002-06-04,7.917526,90.95122,90.28333,5.419355,139.04033,103.21429,208.14433,22.342466
2002-06-05,5.1752577,85.48781,77.05,4.370968,128.23387,91.328575,200.09279,17.39726
2002-06-06,2.7628865,74.82927,60.3,3.096774,113.83871,75.62857,176.86598,11.438356
2002-06-07,1.5360825,65.268295,46.95,2.1290324,100.41936,66.15714,157.24742,6.6712327
2002-06-08,0.814433,59.012196,39.2,1.548387,94.008064,59.228573,141.72165,3.9452055
2002-06-09,0.72164947,56.841465,37.45,1.3870968,110.129036,57.714287,138.4433,3.1917808
2002-06-10,0.7010309,56.743904,36.35,1.1774193,109.064514,57.685715,138.09279,2.9452055
2002-06-11,0.58762884,54.243904,33.916668,0.61290324,105.69355,55.92857,132.91753,1.9726027
2002-06-12,0.34020618,50.048782,30.3,0.0,98.741936,51.75714,124.09278,0.9726027
2002-06-13,0.0,44.621952,25.7,0.0,89.29032,45.528572,110.93814,0.23287672
2002-06-14,0.0,39.463413,22.25,0.0,87.32258,44.9,97.93814,0.0
2002-06-15,0.0,34.76829,18.566668,0.0,78.46774,39.3,86.762886,0.0
2002-06-16,0.0,36.365852,14.55,0.0,67.51613,33.12857,73.92783,0.0
2002-06-17,0.0,31.975609,10.716666,0.0,57.30645,25.957144,60.309277,0.0
2002-06-18,0.0,27.426828,9.1,0.0,53.370968,21.971428,52.061855,0.0
2002-06-19,0.0,23.658537,7.266667,0.0,45.879032,19.042856,45.917526,0.0
2002-06-20,0.0,20.560976,5.516667,0.0,39.685482,16.4,40.061855,0.0
2002-06-21,0.0,18.426828,3.9833333,0.0,34.98387,14.3,34.98969,0.0
2002-06-22,0.0,17.353659,3.0833333,0.0,33.298386,12.828571,31.917526,0.0
2002-06-23,0.0,16.060976,1.8833333,0.0,31.07258,10.9,28.041237,0.0
2002-06-24,0.0,14.060976,1.0833334,0.0,27.709677,8.442857,23.072165,0.0
2002-06-25,0.0,12.146341,0.48333332,0.0,23.983871,5.7,17.515465,0.0
2002-06-26,0.0,9.95122,0.0,0.0,19.60484,3.7857144,12.896907,0.0
2002-06-27,0.0,7.9512196,0.0,0.0,15.92742,2.3857143,9.051546,0.0
2002-06-28,0.0,6.487805,0.0,0.0,12.975806,1.3142858,6.7216496,0.0
2002-06-29,0.0,5.5609756,0.0,0.0,9.895162,0.64285713,4.443299,0.0
2002-06-30,0.0,4.4634147,0.0,0.0,7.104839,0.0,2.1134021,0.0
2002-07-01,0.0,3.0243902,0.0,0.0,4.362903,0.0,0.556701,0.0
2002-07-02,0.0,1.5609756,0.0,0.0,2.6048386,0.0,0.0,0.0
2002-07-03,0.0,0.64634144,0.0,0.0,1.5403225,0.0,0.0,0.0
2002-07-04,0.0,0.036585364,0.0,0.0,0.91935486,0.0,0.0,0.0
2002-07-05,0.0,0.0,0.0,0.0,0.4919355,0.0,0.0,0.0
2002-07-06,0.0,0.0,0.0,0.0,0.08064516,0.0,0.0,0.0
2002-07-07,0.0,0.0,0.0,0.0,0.0,0.0,0.0,0.0
2002-07-08,0.0,0.0,0.0,0.0,0.0,0.0,0.0,0.0
2002-07-09,0.0,0.0,0.0,0.0,0.0,0.0,0.0,0.0
2002-07-10,0.0,0.0,0.0,0.0,0.0,0.0,0.0,0.0
2002-07-11,0.0,0.0,0.0,0.0,0.0,0.0,0.0,0.0
2002-07-12,0.0,0.0,0.0,0.0,0.0,0.0,0.0,0.0
2002-07-13,0.0,0.0,0.0,0.0,0.0,0.0,0.0,0.0
2002-07-14,0.0,0.0,0.0,0.0,0.0,0.0,0.0,0.0
2002-07-15,0.0,0.0,0.0,0.0,0.0,0.0,0.0,0.0
2002-07-16,0.0,0.0,0.0,0.0,0.0,0.0,0.0,0.0
2002-07-17,0.0,0.0,0.0,0.0,0.0,0.0,0.0,0.0
2002-07-18,0.0,0.0,0.0,0.0,0.0,0.0,0.0,0.0
2002-07-19,0.0,0.0,0.0,0.0,0.0,0.0,0.0,0.0
2002-07-20,0.0,0.0,0.0,0.0,0.0,0.0,0.0,0.0
2002-07-21,0.0,0.0,0.0,0.0,0.0,0.0,0.0,0.0
2002-07-22,0.0,0.0,0.0,0.0,0.0,0.0,0.0,0.0
2002-07-23,0.0,0.0,0.0,0.0,0.0,0.0,0.0,0.0
2002-07-24,0.0,0.0,0.0,0.0,0.0,0.0,0.0,0.0
2002-07-25,0.0,0.0,0.0,0.0,0.0,0.0,0.0,0.0
2002-07-26,0.0,0.0,0.0,0.0,0.0,0.0,0.0,0.0
2002-07-27,0.0,0.0,0.0,0.0,0.0,0.0,0.0,0.0
2002-07-28,0.0,0.0,0.0,0.0,0.0,0.0,0.0,0.0
2002-07-29,0.0,0.0,0.0,0.0,0.0,0.0,0.0,0.0
2002-07-30,0.0,0.0,0.0,0.0,0.0,0.0,0.0,0.0
2002-07-31,0.0,0.0,0.0,0.0,0.0,0.0,0.0,0.0
2002-08-01,0.0,0.0,0.0,0.0,0.0,0.0,0.0,0.0
2002-08-02,0.0,0.0,0.0,0.0,0.0,0.0,0.0,0.0
2002-08-03,0.0,0.0,0.0,0.0,0.0,0.0,0.0,0.0
2002-08-04,0.0,0.0,0.0,0.0,0.0,0.0,0.0,0.0
2002-08-05,0.0,0.0,0.0,0.0,0.0,0.0,0.0,0.0
2002-08-06,0.0,0.0,0.0,0.0,0.0,0.0,0.0,0.0
2002-08-07,0.0,0.0,0.0,0.0,0.0,0.0,0.0,0.0
2002-08-08,0.0,0.0,0.0,0.0,0.0,0.0,0.0,0.0
2002-08-09,0.0,0.0,0.0,0.0,0.0,0.0,0.0,0.0
2002-08-10,0.0,0.0,0.0,0.0,0.0,0.0,0.0,0.0
2002-08-11,0.0,0.0,0.0,0.0,0.0,0.0,0.0,0.0
2002-08-12,0.0,0.0,0.0,0.0,0.0,0.0,0.0,0.0
2002-08-13,0.0,0.0,0.0,0.0,0.0,0.0,0.0,0.0
2002-08-14,0.0,0.0,0.0,0.0,0.0,0.0,0.0,0.0
2002-08-15,0.0,0.0,0.0,0.0,0.0,0.0,0.0,0.0
2002-08-16,0.0,0.0,0.0,0.0,0.0,0.0,0.0,0.0
2002-08-17,0.0,0.0,0.0,0.0,0.0,0.0,0.0,0.0
2002-08-18,0.0,0.0,0.0,0.0,0.0,0.0,0.0,0.0
2002-08-19,0.0,0.0,0.0,0.0,0.0,0.0,0.0,0.0
2002-08-20,0.0,0.0,0.0,0.0,0.0,0.0,0.0,0.0
2002-08-21,0.0,0.0,0.0,0.0,0.0,0.0,0.0,0.0
2002-08-22,0.0,0.0,0.0,0.0,0.0,0.0,0.0,0.0
2002-08-23,0.0,0.0,0.0,0.0,0.0,0.0,0.0,0.0
2002-08-24,0.0,0.0,0.0,0.0,0.0,0.0,0.0,0.0
2002-08-25,0.0,0.0,0.0,0.0,0.0,0.0,0.0,0.0
2002-08-26,0.0,0.0,0.0,0.0,0.0,0.0,0.0,0.0
2002-08-27,0.0,0.0,0.0,0.0,0.0,0.0,0.0,0.0
2002-08-28,0.0,0.0,0.0,0.0,0.0,0.0,0.0,0.0
2002-08-29,0.0,0.0,0.0,0.0,0.0,0.0,0.0,0.0
2002-08-30,0.0,0.0,0.0,0.0,0.0,0.0,0.0,0.0
2002-08-31,0.0,0.0,0.0,0.0,0.0,0.0,0.0,0.0
2002-09-01,0.0,0.0,0.0,0.0,0.0,0.0,0.0,0.0
2002-09-02,0.0,0.0,0.0,0.0,0.0,0.0,0.0,0.0
2002-09-03,0.0,0.0,0.0,0.0,0.0,0.0,0.0,0.0
2002-09-04,0.0,0.0,0.0,0.0,0.0,0.0,0.0,0.0
2002-09-05,0.0,0.0,0.0,0.0,0.0,0.0,0.0,0.0
2002-09-06,0.0,0.0,0.0,0.0,0.0,0.0,0.0,0.0
2002-09-07,0.0,0.0,1.85,0.0,3.112903,0.8857143,4.402062,0.0
2002-09-08,0.0,0.0,0.93333334,0.0,2.7258065,0.8142857,3.2061856,0.0
2002-09-09,0.0,0.0,0.11666667,0.0,1.951613,0.22857143,1.2268041,0.0
2002-09-10,0.0,0.0,0.0,0.0,0.24193548,0.0,0.082474224,0.0
2002-09-11,0.0,0.0,0.0,0.0,0.0,0.0,0.0,0.0
2002-09-12,0.0,0.0,0.0,0.0,0.0,0.0,0.0,0.0
2002-09-13,0.0,0.0,0.0,0.0,0.0,0.0,0.0,0.0
2002-09-14,0.0,0.0,0.0,0.0,0.0,0.0,0.0,0.0
2002-09-15,0.0,0.0,0.0,0.0,0.0,0.0,0.0,0.0
2002-09-16,0.0,0.0,0.0,0.0,0.0,0.0,0.0,0.0
2002-09-17,0.0,0.0,0.0,0.0,0.0,0.0,0.0,0.0
2002-09-18,0.0,0.0,0.0,0.0,0.0,0.0,0.0,0.0
2002-09-19,0.0,0.0,0.0,0.0,0.0,0.0,0.0,0.0
2002-09-20,0.0,0.0,0.0,0.0,0.0,0.0,0.0,0.0
2002-09-21,0.0,0.0,0.0,0.0,0.0,0.0,0.0,0.0
2002-09-22,0.0,0.0,0.0,0.0,0.0,0.0,0.0,0.0
2002-09-23,0.0,0.0,0.0,0.0,0.0,0.0,0.0,0.0
2002-09-24,0.0,0.0,0.0,0.0,0.0,0.0,0.0,0.0
2002-09-25,0.0,0.0,0.0,0.0,0.0,0.0,0.0,0.0
2002-09-26,0.0,0.0,0.0,0.0,0.0,0.0,0.0,0.0
2002-09-27,0.0,0.0,0.0,0.0,0.0,0.0,0.0,0.0
2002-09-28,0.0,0.0,0.0,0.0,0.0,0.0,0.0,0.0
2002-09-29,0.0,0.5487805,1.6333333,0.0,1.282258,0.27142859,1.4020618,0.0
2002-09-30,0.0,0.4878049,0.8,0.0,1.25,0.14285715,1.0824742,0.0
2002-10-01,0.0,0.5731707,0.35,0.0,1.25,0.1,0.6597938,0.0
2002-10-02,0.0,1.5,2.2,0.0,3.7096775,0.37142858,2.257732,0.0
2002-10-03,0.010309278,1.5,2.6833334,0.0,3.8225806,0.35714287,2.329897,0.0
2002-10-04,0.0,1.4146341,1.7666667,0.0,3.3387096,0.21428572,1.6804124,0.0
2002-10-05,0.0,1.195122,0.81666666,0.0,3.330645,0.17142858,1.0206186,0.0
2002-10-06,0.0,1.097561,0.18333334,0.0,2.7741935,0.028571429,0.45360824,0.0
2002-10-07,0.0,0.70731705,0.0,0.0,0.8951613,0.0,0.030927835,0.0
2002-10-08,0.0,0.18292683,0.0,0.0,0.024193548,0.0,0.0,0.0
2002-10-09,0.0,0.0,0.0,0.0,0.0,0.0,0.0,0.0
2002-10-10,0.0,0.0,0.0,0.0,0.0,0.0,0.0,0.0
2002-10-11,0.0,0.0,0.0,0.0,0.0,0.0,0.0,0.0
2002-10-12,0.0,0.0,0.0,0.0,0.0,0.0,0.0,0.0
2002-10-13,0.0,0.0,0.0,0.0,0.0,0.0,0.0,0.0
2002-10-14,0.0,0.0,0.0,0.0,0.0,0.0,0.0,0.0
2002-10-15,0.0,0.0,0.0,0.0,0.0,0.0,0.0,0.0
2002-10-16,0.0,0.0,0.0,0.0,0.0,0.0,0.0,0.0
2002-10-17,0.0,0.0,0.0,0.0,0.0,0.0,0.0,0.0
2002-10-18,0.0,0.0,0.0,0.0,0.0,0.0,0.0,0.0
2002-10-19,0.0,0.0,0.0,0.0,0.0,0.0,0.0,0.0
2002-10-20,0.0,0.0,0.0,0.0,0.0,0.0,0.0,0.0
2002-10-21,0.0,0.0,0.0,0.0,0.0,0.0,0.0,0.0
2002-10-22,0.0,0.0,0.0,0.0,0.0,0.0,0.020618556,0.0
2002-10-23,0.0,0.0,0.0,0.0,0.0,0.0,0.010309278,0.0
2002-10-24,0.0,0.0,0.0,0.0,0.0,0.0,0.020618556,0.0
2002-10-25,0.0,0.0,0.0,0.0,0.0,0.0,0.020618556,0.0
2002-10-26,0.0,0.0,0.0,0.0,0.0,0.22857143,0.185567,0.0
2002-10-27,0.0,0.0,0.0,0.0,0.0,0.2,0.185567,0.0
2002-10-28,0.0,0.0,0.0,0.0,0.0,0.18571429,0.19587629,0.0
2002-10-29,0.0,0.0,0.0,0.0,0.0,0.17142858,0.24742268,0.0
2002-10-30,0.0,0.0,0.0,0.0,0.0,0.17142858,0.24742268,0.0
2002-10-31,0.0,0.0,0.0,0.0,0.0,0.15714286,0.2371134,0.0
2002-11-01,0.0,0.0,0.0,0.0,0.0,0.15714286,0.21649484,0.0
2002-11-02,0.0,0.0,0.0,0.0,0.0,0.15714286,0.26804122,0.0
2002-11-03,0.0,0.0,0.0,0.0,0.008064516,0.15714286,0.35051546,0.0
2002-11-04,0.0,0.0,0.0,0.0,0.008064516,0.15714286,0.35051546,0.0
2002-11-05,0.0,0.0,0.11666667,0.0,0.2016129,0.12857144,1.515464,0.0
2002-11-06,0.0,0.0,0.18333334,0.0,0.41129032,0.071428575,2.298969,0.0
2002-11-07,0.0,1.2195122,1.0666667,0.08064516,5.717742,0.08571429,4.134021,0.0
2002-11-08,24.917526,33.09756,74.88333,7.83871,68.27419,36.657143,62.360825,38.575344
2002-11-09,50.639175,103.060974,109.88333,15.532258,127.1129,82.542854,119.57732,56.424656
2002-11-10,65.61855,118.04878,113.333336,30.451612,129.04839,99.58572,136.17526,73.9726
2002-11-11,97.13402,116.15854,115.4,45.629032,129.58871,112.78571,144.62886,113.328766
2002-11-12,95.25773,116.70731,113.316666,43.580647,130.37903,113.07143,145.25774,105.369865
2002-11-13,92.360825,115.29269,113.333336,40.887096,129.25,112.24286,148.63918,102.39726
2002-11-14,92.515465,114.914635,112.433334,37.548386,126.6371,111.38571,148.86598,114.178085
2002-11-15,89.46392,114.34146,110.53333,34.564518,125.370964,109.35714,147.95876,109.73972
2002-11-16,84.74227,113.85366,109.88333,28.596775,124.71774,107.38571,147.74226,113.49315
2002-11-17,82.69072,112.95122,113.46667,26.532259,123.70968,105.85714,147.6701,109.79452
2002-11-18,80.4433,112.560974,115.3,25.596775,124.3871,105.057144,147.37114,107.45206
2002-11-19,77.02062,111.63415,116.2,23.032259,127.32258,103.87143,146.2268,104.945206
2002-11-20,72.639175,110.35366,117.05,18.17742,128.30646,102.52857,143.08247,99.31507
2002-11-21,67.73196,108.02439,113.03333,13.903226,124.185486,100.14286,138.29897,92.21918
2002-11-22,59.319588,105.756096,107.38333,10.387096,120.758064,98.78571,134.87628,86.15069
2002-11-23,59.804123,104.85366,104.75,9.629032,119.629036,99.87143,133.28867,81.91781
2002-11-24,58.0,104.70731,103.8,8.306452,119.42742,99.4,132.25774,79.054794
2002-11-25,56.835052,104.28049,102.666664,7.854839,119.03226,98.37143,131.62886,76.520546
2002-11-26,55.82474,104.19512,101.86667,7.709677,118.814514,98.5,131.49484,76.054794
2002-11-27,54.587627,103.98781,100.5,6.7580647,118.3871,98.6,131.24742,72.9589
2002-11-28,53.4433,103.63415,98.8,5.935484,117.79032,98.2,130.53609,69.91781
2002-11-29,51.917526,103.12195,96.9,4.870968,117.064514,97.64286,129.59793,66.53425
2002-11-30,50.515465,102.98781,95.85,4.16129,116.58871,97.08572,129.08247,63.575344
2002-12-01,50.15464,103.63415,94.46667,3.951613,111.354836,97.08572,127.670105,63.219177
2002-12-02,49.804123,102.34146,94.4,3.7580645,111.8629,96.98572,127.65979,62.657536
2002-12-03,49.13402,102.743904,97.48333,3.483871,115.42742,96.88571,127.329895,61.260273
2002-12-04,48.02062,102.10976,97.8,3.467742,114.67742,96.61429,127.31959,59.49315
2002-12-05,46.587627,101.45122,97.1,3.1451614,114.435486,95.77143,127.13402,56.767124
2002-12-06,45.536083,103.47561,96.0,2.7096775,113.94355,95.28571,126.57732,54.28767
2002-12-07,44.927834,103.35366,95.833336,2.483871,113.854836,94.942856,126.56701,53.10959
2002-12-08,44.40206,103.28049,95.51667,2.3225806,113.82258,94.88571,126.28866,52.0137
2002-12-09,43.412373,102.92683,95.11667,2.2419355,113.604836,94.28571,126.21649,50.424656
2002-12-10,45.29897,102.86585,95.23333,7.032258,113.57258,95.542854,127.46392,56.9863
2002-12-11,43.907215,102.82927,91.9,8.919354,110.435486,97.14286,126.546394,65.246574
2002-12-12,45.71134,102.64634,95.3,8.790322,113.51613,96.78571,127.56701,66.054794
2002-12-13,46.618557,102.85366,97.73333,13.0,114.370964,96.685715,129.91753,71.0274
2002-12-14,83.43299,102.67073,151.5,47.564518,127.20968,120.01428,163.03093,100.38356
2002-12-15,113.35052,105.17073,192.73334,79.064514,153.8629,165.82857,205.31958,148.45206
2002-12-16,143.7629,107.5,236.21666,125.5,179.71774,196.61429,236.78351,197.84932
2002-12-17,205.93814,155.64635,310.13333,154.87097,234.68549,284.67142,306.4536,241.71233
2002-12-18,232.30928,168.53659,339.71667,160.03226,253.12903,316.04285,330.31958,264.63013
2002-12-19,234.93814,179.34146,342.9,174.01613,256.30646,321.42856,333.05154,269.79453
2002-12-20,255.87628,211.82927,376.05,204.59677,284.8871,350.35715,367.53607,285.0411
2002-12-21,272.6701,220.92683,385.11667,224.37097,289.2097,365.7857,380.8969,329.39725
2002-12-22,282.90723,221.48781,380.81668,239.41936,289.34677,370.34286,383.46393,322.28766
2002-12-23,283.2165,221.7439,381.11667,238.6129,289.6129,371.01428,383.6598,321.93152
2002-12-24,282.84537,222.51219,381.53333,239.09677,290.33066,371.4,383.94846,342.68494
2002-12-25,283.61856,223.36586,382.11667,242.82259,290.49194,370.92856,383.9175,342.19177
2002-12-26,284.6701,225.01219,382.51666,242.33871,290.24194,374.08572,385.64948,326.1096
2002-12-27,292.38144,225.56097,389.68332,276.40323,291.44354,383.24286,393.40207,350.53424
2002-12-28,296.30927,226.07317,392.31668,326.8871,291.82257,385.24286,395.62888,374.54794
2002-12-29,324.3299,230.63414,440.83334,350.5645,325.8145,415.57144,439.40207,407.0548
2002-12-30,337.07217,242.48781,444.88333,382.9355,332.73386,429.1143,446.95877,432.8493
2002-12-31,358.12372,249.28049,473.05,444.5645,358.1855,450.94287,470.6701,431.17807
2003-01-01,382.30927,255.48781,484.56668,418.58066,366.08066,448.12857,480.64948,499.34247
2003-01-02,388.20618,256.09756,483.81668,422.64517,366.1371,453.4,480.5567,489.0959
2003-01-03,385.28867,256.54877,488.33334,452.6129,367.1129,453.75714,481.4742,486.35617
2003-01-04,382.19586,257.18292,496.93332,426.46774,367.53226,453.62857,480.69073,493.65753
2003-01-05,381.43298,257.5,492.16666,422.91934,366.48386,453.6,480.4742,467.0274
2003-01-06,381.2165,267.32925,495.9,420.5645,366.7258,453.91428,481.24744,459.75342
2003-01-07,379.95877,266.93903,494.38333,418.6129,365.76614,453.15714,480.29898,446.43835
2003-01-08,378.05154,265.62195,495.55,415.9516,365.65323,469.2857,478.93814,445.50684
2003-01-09,377.58762,265.90244,492.8,415.67743,365.0403,450.92856,478.97937,471.75342
2003-01-10,385.93814,269.7439,505.9,426.7097,373.44354,460.77142,490.61856,483.58905
2003-01-11,392.51547,273.62195,515.63336,482.9516,383.8145,465.2,501.83505,480.46576
2003-01-12,394.5567,271.19513,513.65,474.69354,384.12097,466.15714,502.39175,487.50684
2003-01-13,394.12372,269.37805,516.11664,453.30646,385.5484,465.75714,503.06186,489.8904
2003-01-14,392.58762,266.2073,515.86664,448.2742,385.12903,465.37143,503.37112,486.49316
2003-01-15,392.64948,265.58536,515.8333,444.41934,385.12903,468.34286,503.38144,488.8493
2003-01-16,391.4742,263.63416,515.45,443.35483,384.83066,467.6,503.3402,484.60275
2003-01-17,387.60825,259.7195,499.51666,436.62903,385.6613,465.98572,501.0103,497.53424
2003-01-18,386.28867,254.7683,494.91666,436.1129,384.73386,464.27142,499.82474,462.38358
2003-01-19,379.3402,251.52438,491.23334,433.74194,383.82257,462.62857,498.86597,523.452
2003-01-20,379.58762,248.67073,488.35,426.24194,383.4597,460.9,498.17526,524.7945
2003-01-21,378.05154,246.42683,501.4,419.7742,382.84677,460.14285,500.06186,520.274
2003-01-22,379.74228,245.02438,485.35,412.87097,382.7016,460.3857,497.09277,484.1644
2003-01-23,379.8969,242.53659,498.76666,419.98386,381.67743,460.14285,500.0103,491.26028
2003-01-24,383.29898,241.13414,497.0,416.90323,383.59677,459.3143,499.13403,513.3288
2003-01-25,380.79382,239.59756,495.13333,418.0,382.64517,458.6,499.20618,526.9863
2003-01-26,377.80414,237.68292,495.85,412.58066,381.5242,456.22858,497.26804,522.1918
2003-01-27,363.94846,234.51219,476.73334,412.17743,378.87097,451.94287,493.72165,517.274
2003-01-28,360.37112,233.71951,471.01666,391.7097,376.55646,451.57144,494.4742,481.08218
2003-01-29,356.87628,233.18292,468.85,389.7258,375.6371,449.72858,493.62888,513.8493
2003-01-30,350.24744,232.10976,465.33334,380.80646,373.89517,447.2,491.93814,508.65753
2003-01-31,341.18558,230.46341,460.16666,378.2097,370.7258,443.08572,489.61856,490.9452
2003-02-01,329.81442,225.07317,450.26666,348.7903,376.37903,455.3,490.0103,472.8356
2003-02-02,334.5464,221.51219,451.05,363.5484,376.7984,458.37143,493.14432,492.9452
2003-02-03,339.06186,221.7439,450.76666,353.48386,376.7903,459.94287,493.8969,495.26028
2003-02-04,337.38144,221.78049,449.73334,361.14517,376.35483,460.12857,493.31958,494.63013
2003-02-05,338.81442,221.54878,449.61667,356.35483,375.92743,460.15714,493.1031,493.8904
2003-02-06,334.39175,221.42683,449.26666,357.98386,375.92743,460.12857,492.62888,494.91782
2003-02-07,333.9175,221.57317,448.96667,358.96774,375.92743,460.3,492.56702,522.1233
2003-02-08,333.97937,221.54878,448.73334,376.30646,375.9355,460.55713,492.73196,485.0137
2003-02-09,334.1031,221.84146,448.45,359.74194,375.9758,460.51428,492.6701,495.0274
2003-02-10,332.83505,221.82927,448.36667,354.03226,375.9758,460.42856,492.62888,487.78082
2003-02-11,328.85568,221.87805,445.83334,340.59677,375.10483,457.1857,491.0103,490.69864
2003-02-12,325.9175,226.47562,443.78333,331.03226,374.75806,456.27142,490.85568,485.45206
2003-02-13,325.17526,249.40244,457.0,340.12903,396.71774,458.3857,497.9897,437.21918
2003-02-14,329.09277,255.89024,469.15,335.0484,405.05646,466.1143,510.86597,454.63013
2003-02-15,325.39175,256.2561,466.53333,330.3871,404.2258,465.17142,509.17526,465.06848
2003-02-16,330.09277,257.93903,477.93332,445.8387,415.84677,470.1857,522.82477,471.9863
2003-02-17,347.94846,261.0366,485.63333,390.35483,418.98386,477.17142,530.3299,521.0822
2003-02-18,349.8969,263.52438,485.78333,389.3387,418.94354,478.58572,531.2165,540.8904
2003-02-19,353.84537,265.81708,482.48334,431.1613,418.33066,481.64285,532.3917,517.3288
2003-02-20,364.16495,266.7439,489.4,440.30646,425.32257,487.8,537.6804,537.1918
2003-02-21,362.2268,269.02438,491.76666,427.75806,425.14517,488.58572,537.2268,545.9178
2003-02-22,359.80414,268.30487,489.26666,429.7742,426.1371,488.4,536.70105,551.9041
2003-02-23,350.02063,267.2805,484.66666,428.90323,423.2258,486.75714,535.75256,511.45206
2003-02-24,344.18558,266.26828,483.1,416.6613,422.58066,484.65714,534.69073,514.2055
2003-02-25,345.51547,270.7073,490.25,419.14517,428.75,489.17142,543.2062,537.83563
2003-02-26,348.25772,274.02438,495.96667,418.0484,433.75806,491.07144,549.0516,512.1781
2003-02-27,358.95877,282.5366,480.41666,382.3387,446.0403,495.1857,550.95874,489.08218
2003-02-28,366.35052,290.23172,508.43332,374.51614,449.55646,498.62857,555.9897,553.1781
2003-03-01,369.37112,294.31708,510.15,384.03226,436.9113,500.5,551.9897,478.57535
2003-03-02,365.35052,295.0,510.58334,412.4516,434.67743,502.42856,553.59796,528.53424
2003-03-03,363.06186,296.4634,510.36667,434.0484,435.0,501.82858,553.28864,527.16437
2003-03-04,361.23712,297.06097,514.7,420.53226,440.35483,503.01428,555.17523,525.31506
2003-03-05,363.61856,298.58536,513.1667,393.03226,440.48386,502.6,556.7938,497.80823
2003-03-06,362.57733,298.0366,510.83334,381.1129,438.9758,502.8,556.15466,474.58905
2003-03-07,354.28867,297.47562,513.9,376.8387,438.75,501.64285,555.4433,484.8493
2003-03-08,352.0,295.82925,511.48334,393.67743,437.69354,498.5,553.73193,494.0274
2003-03-09,340.80414,291.59756,503.45,390.85483,432.7097,493.0,551.24744,464.9863
2003-03-10,333.63916,286.37805,498.41666,404.5484,430.1371,487.58572,547.69073,465.60275
2003-03-11,331.41238,283.09756,493.36667,369.1129,427.32257,481.2857,544.3917,466.08218
2003-03-12,321.35052,280.7927,488.33334,389.8871,425.92743,473.02856,540.4639,460.42465
2003-03-13,304.27835,276.86584,482.95,422.7258,421.41934,464.0,536.6804,443.34247
2003-03-14,295.62888,270.02438,477.15,373.7903,417.4597,456.48572,532.3299,471.56165
2003-03-15,293.28867,272.2439,517.25,388.9516,434.39517,466.87143,556.1237,470.54794
2003-03-16,319.7732,303.0366,543.31665,390.6613,464.05646,504.58572,589.70105,456.32877
2003-03-17,326.6598,312.2927,549.4,428.35483,466.98386,509.82858,594.2165,483.30136
2003-03-18,328.35052,319.7073,550.25,385.59677,470.7903,519.0714,598.6804,476.42465
2003-03-19,330.07217,324.62195,550.63336,385.19354,470.83066,523.97144,600.2165,481.45206
2003-03-20,330.13403,326.40244,551.36664,396.09677,471.5645,523.2,600.7217,513.1507
2003-03-21,333.09277,325.73172,550.1667,394.5484,470.5242,522.5143,600.3505,547.0822
2003-03-22,316.0309,326.15854,544.5333,385.82257,469.8145,514.82855,596.86597,540.53424
2003-03-23,309.5567,323.95123,537.4667,382.7258,464.0887,504.2857,592.3505,496.0
2003-03-24,312.43298,314.41464,540.7167,383.32257,464.0645,503.92856,596.433,501.30136
2003-03-25,303.30927,318.65854,538.05,377.75806,461.83066,498.42856,594.433,487.06848
2003-03-26,296.36084,311.86584,531.76666,367.5645,459.1129,490.47144,589.95874,476.80823
2003-03-27,299.85568,306.80487,532.43335,368.0,456.6613,491.3143,593.6701,476.71234
2003-03-28,297.4433,303.91464,530.9167,366.2097,456.21774,490.6143,592.3196,507.17807
2003-03-29,298.8866,300.69513,529.18335,362.58066,454.9113,489.7,590.835,518.0685
2003-03-30,289.41238,297.81708,522.8333,344.2258,450.16934,482.3857,585.3299,464.9589
2003-03-31,272.81442,291.7073,511.95,320.69354,440.4597,468.8,575.9484,476.34247
2003-04-01,260.48453,284.9878,502.8,301.7742,449.08066,456.57144,573.0516,464.54794
2003-04-02,273.87628,286.7195,532.1,396.5484,463.7984,480.6143,599.2062,481.43835
2003-04-03,294.72165,298.2927,559.8,346.1129,481.9355,502.91428,621.92786,501.9863
2003-04-04,312.3402,302.91464,567.68335,378.41934,484.3871,519.3714,633.69073,518.76715
2003-04-05,331.5258,297.42682,573.0,335.9355,495.0,537.5857,641.59796,543.49316
2003-04-06,341.49484,302.07318,579.65,337.7097,495.35483,543.8143,642.4433,534.6712
2003-04-07,343.84537,301.87805,583.4,334.8871,494.5887,544.8,648.07214,570.3699
2003-04-08,347.72165,302.57318,579.55,355.2258,494.32257,541.4143,648.7217,537.5753
2003-04-09,321.64948,294.9878,571.75,347.98386,485.74194,527.02856,643.433,526.3973
2003-04-10,292.69073,293.85367,547.25,332.0,473.92743,507.75714,629.86597,495.1507
2003-04-11,283.53607,289.82925,540.95,288.7742,465.2742,497.92856,621.9484,539.38354
2003-04-12,274.7835,282.67075,536.05,294.35483,464.2984,491.2143,617.28864,483.726
2003-04-13,318.94846,281.76828,596.13336,445.41934,482.7903,531.1,662.70105,570.8219
2003-04-14,376.94846,295.62195,659.63336,390.12903,527.69354,591.1286,724.8866,615.2192
2003-04-15,390.46393,313.08536,653.7833,358.9516,534.75806,619.47144,727.07214,594.0137
2003-04-16,392.38144,317.32925,666.86664,369.87097,536.4274,624.4143,735.47424,612.0411
2003-04-17,396.0103,318.2439,670.38336,408.37097,539.5484,630.5571,740.8763,604.76715
2003-04-18,402.51547,314.7927,673.88336,365.67743,546.6694,636.2,748.51544,604.9863
2003-04-19,406.5258,316.30487,675.4667,332.7097,548.1855,638.0714,749.95874,631.49316
2003-04-20,404.73196,317.86584,675.36664,347.80646,549.5484,638.17145,750.6598,574.52057
2003-04-21,397.19586,318.12195,681.26666,376.5,552.3145,638.67145,753.9072,577.38354
2003-04-22,409.40207,325.91464,696.8333,379.37097,568.3387,651.1286,769.95874,579.4247
2003-04-23,412.2268,328.2195,718.88336,341.09677,564.9677,654.5571,773.6495,627.68494
2003-04-24,406.23712,329.0,719.4,374.01614,565.5887,653.4857,773.7835,583.71234
2003-04-25,440.40207,325.2195,721.7167,415.35483,570.7177,668.5857,790.1237,677.43835
2003-04-26,469.85568,321.93903,724.1,453.03226,568.2661,687.7,800.3815,716.8082
2003-04-27,488.51547,317.80487,723.7833,425.09677,569.9274,699.8714,802.1237,670.9041
2003-04-28,486.43298,309.92682,735.8333,430.8871,575.0242,706.74286,814.2371,719.9315
2003-04-29,503.8866,312.14633,744.9667,422.46774,577.7661,719.5,822.07214,703.6712
2003-04-30,516.2371,311.17075,746.5833,446.4516,577.64514,721.2,824.433,700.6712
2003-05-01,510.94846,309.23172,744.4,411.6129,580.9516,723.5857,826.29895,691.53424
2003-05-02,494.51547,305.23172,742.51666,428.9516,573.2661,722.0571,826.5361,741.2055
2003-05-03,493.18558,323.43903,752.93335,439.7258,585.371,719.74286,835.3299,634.9178
2003-05-04,498.23712,342.04877,775.3333,455.8871,604.74194,732.1857,851.2165,644.47943
2003-05-05,499.19586,350.04877,782.2167,491.08066,602.9194,741.9,861.29895,683.9178
2003-05-06,499.02063,342.87805,781.06665,485.30646,607.20966,739.0857,862.9072,694.1096
2003-05-07,482.59793,339.4878,781.1667,481.30646,606.64514,733.54285,863.41235,728.1507
2003-05-08,482.14432,342.07318,791.2833,444.5,608.9274,734.8714,874.0103,684.9452
2003-05-09,512.03094,350.17075,797.01666,557.9839,625.10486,749.61426,880.5051,727.1233
2003-05-10,517.17523,354.63416,807.43335,495.0484,622.0887,776.7714,890.52576,779.47943
2003-05-11,508.9897,352.89026,806.9,443.7742,617.2177,772.0714,888.62885,701.548
2003-05-12,486.13403,343.97562,800.0333,428.75806,616.00806,757.7857,881.7938,674.6027
2003-05-13,450.28867,330.67075,776.6,405.90323,600.0968,735.2143,868.85565,662.8219
2003-05-14,418.64948,325.13416,753.45,374.3387,582.5242,703.8571,852.4433,648.9041
2003-05-15,394.4536,318.10974,743.8333,382.4516,578.2339,678.52856,842.4536,687.2055
2003-05-16,376.74228,308.47562,726.6,328.08066,568.25,663.0,825.75256,667.8082
2003-05-17,358.50516,298.0122,708.4167,341.0484,556.85486,647.5,812.7835,627.73975
2003-05-18,335.5464,290.81708,695.0333,329.01614,547.0,632.8143,803.84534,608.56165
2003-05-19,311.13403,284.35367,679.8333,318.62903,536.9113,620.0143,793.3505,590.52057
2003-05-20,292.5258,275.19513,659.15,344.58066,512.8306,604.02856,781.24744,567.0822
2003-05-21,271.15463,264.58536,630.93335,314.01614,489.37903,581.45715,764.4639,535.73975
2003-05-22,244.64949,256.0366,599.4,278.7097,465.07257,556.38574,744.1237,493.53424
2003-05-23,216.7732,241.30487,564.4667,239.83871,441.9113,518.8571,716.0206,434.9726
2003-05-24,189.41237,226.35365,526.65,207.8871,416.17743,473.75714,680.86597,386.726
2003-05-25,167.26804,214.57317,496.45,188.74193,413.84677,445.1143,627.95874,350.08218
2003-05-26,155.82474,205.81708,480.36667,179.14516,397.19354,425.58572,607.3402,328.726
2003-05-27,141.08247,194.19513,456.36667,167.08064,375.25806,403.2857,581.84534,312.60275
2003-05-28,117.14433,184.14635,409.66666,148.37097,345.05646,365.62857,540.3196,264.76712
2003-05-29,93.206184,162.30487,290.28333,127.01613,293.0887,324.97144,483.41238,210.16438
2003-05-30,72.61855,146.65854,262.81668,114.69355,274.1855,286.2143,442.13403,174.57535
2003-05-31,58.896908,137.2317,245.36667,107.17742,254.7742,264.41428,414.09277,150.09589
2003-06-01,49.587627,119.53658,226.41667,98.01613,238.12097,242.1,384.7835,130.56165
2003-06-02,39.814434,100.45122,217.28334,85.645164,217.90323,215.2,361.4536,106.58904
2003-06-03,28.948454,111.60976,190.38333,74.241936,190.48387,165.41429,313.07217,84.80822
2003-06-04,18.72165,99.60976,164.5,60.870968,165.51613,142.44286,255.10309,62.068493
2003-06-05,10.938145,89.34146,140.11667,49.01613,141.16129,121.442856,225.41237,48.63014
2003-06-06,5.85567,79.68293,119.28333,40.322582,114.23387,103.57143,183.79381,30.561644
2003-06-07,2.8453608,71.30488,100.51667,34.629032,98.95968,86.0,155.96907,23.986301
2003-06-08,0.7113402,63.560974,80.7,29.258064,83.70968,75.62857,135.40207,17.726027
2003-06-09,0.0,56.30488,61.55,25.32258,70.120964,57.3,116.19588,12.328767
2003-06-10,0.0,50.121952,50.716667,22.870968,56.935482,49.057144,104.237114,8.684932
2003-06-11,0.0,47.207317,43.6,21.290323,48.69355,42.728573,94.103096,5.657534
2003-06-12,0.0,45.060974,38.7,19.951612,40.20968,36.114285,84.14433,3.2328768
2003-06-13,0.0,43.439026,34.7,18.790323,37.903225,32.0,77.15464,1.8630137
2003-06-14,0.0,46.719513,30.75,17.532259,37.54032,28.842857,70.22681,1.3150685
2003-06-15,0.0,42.036587,25.05,15.82258,32.26613,24.27143,60.75258,0.8082192
2003-06-16,0.0,37.42683,21.45,13.629032,26.629032,19.657143,52.98969,0.12328767
2003-06-17,0.0,32.865852,17.966667,10.709678,20.282259,15.442857,43.319588,0.0
2003-06-18,0.0,28.04878,14.666667,9.258064,14.145162,10.842857,33.72165,0.0
2003-06-19,0.0,25.317074,12.616667,8.387096,10.66129,8.685715,27.86598,0.0
2003-06-20,0.0,24.09756,11.483334,7.645161,9.556452,7.642857,24.86598,0.0
2003-06-21,0.0,23.329268,10.716666,7.032258,8.975806,7.0,23.061855,0.0
2003-06-22,0.0,22.634146,10.0,6.467742,8.435484,6.285714,21.206186,0.0
2003-06-23,0.0,21.804878,9.166667,5.935484,7.870968,5.6285715,19.618557,0.0
2003-06-24,0.0,21.5,8.533334,5.483871,7.814516,5.542857,19.402061,0.0
2003-06-25,0.0,21.085365,8.416667,4.854839,7.459677,5.1571426,18.340206,0.0
2003-06-26,0.0,19.036585,6.6,3.8064516,6.0,4.1714287,15.113402,0.0
2003-06-27,0.0,15.853659,4.3333335,2.403226,4.282258,2.7142856,10.618557,0.0
2003-06-28,0.0,12.597561,2.55,0.82258064,2.766129,1.4714285,7.2989693,0.0
2003-06-29,0.0,9.792683,0.6666667,0.0,1.3306452,0.67142856,4.412371,0.0
2003-06-30,0.0,7.756098,0.0,0.0,0.5403226,0.2,2.7525773,0.0
2003-07-01,0.0,6.5,0.0,0.0,0.23387097,0.0,1.7938144,0.0
2003-07-02,0.0,5.4268293,0.0,0.0,0.05645161,0.0,1.185567,0.0
2003-07-03,0.0,4.5487804,0.0,0.0,0.0,0.0,0.53608245,0.0
2003-07-04,0.0,3.6341465,0.0,0.0,0.0,0.0,0.0927835,0.0
2003-07-05,0.0,2.4756098,0.0,0.0,0.0,0.0,0.0,0.0
2003-07-06,0.0,1.4878049,0.0,0.0,0.0,0.0,0.0,0.0
2003-07-07,0.0,1.1097561,0.0,0.0,0.0,0.0,0.0,0.0
2003-07-08,0.0,0.85365856,0.0,0.0,0.0,0.0,0.0,0.0
2003-07-09,0.0,0.5609756,0.0,0.0,0.0,0.0,0.0,0.0
2003-07-10,0.0,0.09756097,0.0,0.0,0.0,0.0,0.0,0.0
2003-07-11,0.0,0.0,0.0,0.0,0.0,0.0,0.0,0.0
2003-07-12,0.0,0.0,0.0,0.0,0.0,0.0,0.0,0.0
2003-07-13,0.0,0.0,0.0,0.0,0.0,0.0,0.0,0.0
2003-07-14,0.0,0.0,0.0,0.0,0.0,0.0,0.0,0.0
2003-07-15,0.0,0.0,0.0,0.0,0.0,0.0,0.0,0.0
2003-07-16,0.0,0.0,0.0,0.0,0.0,0.0,0.0,0.0
2003-07-17,0.0,0.0,0.0,0.0,0.0,0.0,0.0,0.0
2003-07-18,0.0,0.0,0.0,0.0,0.0,0.0,0.0,0.0
2003-07-19,0.0,0.0,0.0,0.0,0.0,0.0,0.0,0.0
2003-07-20,0.0,0.0,0.0,0.0,0.0,0.0,0.0,0.0
2003-07-21,0.0,0.0,0.0,0.0,0.0,0.0,0.0,0.0
2003-07-22,0.0,0.0,0.0,0.0,0.0,0.0,0.0,0.0
2003-07-23,0.0,0.0,0.0,0.0,0.0,0.0,0.0,0.0
2003-07-24,0.0,0.0,0.0,0.0,0.0,0.0,0.0,0.0
2003-07-25,0.0,0.0,0.0,0.0,0.0,0.0,0.0,0.0
2003-07-26,0.0,0.0,0.0,0.0,0.0,0.0,0.0,0.0
2003-07-27,0.0,0.0,0.0,0.0,0.0,0.0,0.0,0.0
2003-07-28,0.0,0.0,0.0,0.0,0.0,0.0,0.0,0.0
2003-07-29,0.0,0.0,0.0,0.0,0.0,0.0,0.0,0.0
2003-07-30,0.0,0.0,0.0,0.0,0.0,0.0,0.0,0.0
2003-07-31,0.0,0.0,0.0,0.0,0.0,0.0,0.0,0.0
2003-08-01,0.0,0.0,0.0,0.0,0.0,0.0,0.0,0.0
2003-08-02,0.0,0.0,0.0,0.0,0.0,0.0,0.0,0.0
2003-08-03,0.0,0.0,0.0,0.0,0.0,0.0,0.0,0.0
2003-08-04,0.0,0.0,0.0,0.0,0.0,0.0,0.0,0.0
2003-08-05,0.0,0.0,0.0,0.0,0.0,0.0,0.0,0.0
2003-08-06,0.0,0.0,0.0,0.0,0.0,0.0,0.0,0.0
2003-08-07,0.0,0.0,0.0,0.0,0.0,0.0,0.0,0.0
2003-08-08,0.0,0.0,0.0,0.0,0.0,0.0,0.0,0.0
2003-08-09,0.0,0.0,0.0,0.0,0.0,0.0,0.0,0.0
2003-08-10,0.0,0.0,0.0,0.0,0.0,0.0,0.0,0.0
2003-08-11,0.0,0.0,0.0,0.0,0.0,0.0,0.0,0.0
2003-08-12,0.0,0.0,0.0,0.0,0.0,0.0,0.0,0.0
2003-08-13,0.0,0.0,0.0,0.0,0.0,0.0,0.0,0.0
2003-08-14,0.0,0.0,0.0,0.0,0.0,0.0,0.0,0.0
2003-08-15,0.0,0.0,0.0,0.0,0.0,0.0,0.0,0.0
2003-08-16,0.0,0.0,0.0,0.0,0.0,0.0,0.0,0.0
2003-08-17,0.0,0.0,0.0,0.0,0.0,0.0,0.0,0.0
2003-08-18,0.0,0.0,0.0,0.0,0.0,0.0,0.0,0.0
2003-08-19,0.0,0.0,0.0,0.0,0.0,0.0,0.0,0.0
2003-08-20,0.0,0.0,0.0,0.0,0.0,0.0,0.0,0.0
2003-08-21,0.0,0.0,0.0,0.0,0.0,0.0,0.0,0.0
2003-08-22,0.0,0.0,0.0,0.0,0.0,0.0,0.0,0.0
2003-08-23,0.0,0.0,0.0,0.0,0.0,0.0,0.0,0.0
2003-08-24,0.0,0.0,0.0,0.0,0.0,0.0,0.0,0.0
2003-08-25,0.0,0.0,0.0,0.0,0.0,0.0,0.0,0.0
2003-08-26,0.0,0.0,0.0,0.0,0.0,0.0,0.0,0.0
2003-08-27,0.0,0.0,0.0,0.0,0.0,0.0,0.0,0.0
2003-08-28,0.0,0.0,0.0,0.0,0.0,0.0,0.0,0.0
2003-08-29,0.0,0.0,0.0,0.0,0.0,0.0,0.0,0.0
2003-08-30,0.0,0.0,0.0,0.0,0.0,0.0,0.0,0.0
2003-08-31,0.0,0.0,0.0,0.0,0.0,0.0,0.0,0.0
2003-09-01,0.0,0.0,0.0,0.0,0.0,0.0,0.0,0.0
2003-09-02,0.0,0.0,0.0,0.0,0.0,0.0,0.0,0.0
2003-09-03,0.0,0.0,0.0,0.0,0.0,0.0,0.0,0.0
2003-09-04,0.0,0.0,0.0,0.0,0.0,0.0,0.0,0.0
2003-09-05,0.0,0.0,0.0,0.0,0.0,0.0,0.0,0.0
2003-09-06,0.0,0.0,0.0,0.0,0.0,0.0,0.0,0.0
2003-09-07,0.0,0.0,0.0,0.0,0.0,0.0,0.0,0.0
2003-09-08,0.0,0.0,0.0,0.0,0.0,0.0,0.0,0.0
2003-09-09,0.0,0.0,0.0,0.0,0.0,0.0,0.0,0.0
2003-09-10,0.0,0.0,0.0,0.0,0.0,0.0,0.0,0.0
2003-09-11,0.0,0.0,0.0,0.0,0.0,0.0,0.0,0.0
2003-09-12,0.0,0.0,0.0,0.0,0.0,0.0,0.0,0.0
2003-09-13,0.0,0.0,0.0,0.0,0.0,0.0,0.0,0.0
2003-09-14,0.0,0.0,0.0,0.0,0.0,0.0,0.0,0.0
2003-09-15,0.0,0.0,0.0,0.0,0.0,0.0,0.0,0.0
2003-09-16,0.0,0.0,0.0,0.0,0.0,0.0,0.0,0.0
2003-09-17,0.0,0.0,0.0,0.0,0.0,0.0,0.0,0.0
2003-09-18,0.0,0.0,0.0,0.0,0.0,0.0,0.0,0.0
2003-09-19,0.0,0.0,0.0,0.0,0.0,0.0,0.0,0.0
2003-09-20,0.0,0.0,0.0,0.0,0.0,0.0,0.0,0.0
2003-09-21,0.0,0.0,0.0,0.0,0.0,0.0,0.0,0.0
2003-09-22,0.0,0.0,0.0,0.0,0.0,0.0,0.0,0.0
2003-09-23,0.0,0.0,0.0,0.0,0.0,0.0,0.0,0.0
2003-09-24,0.0,0.0,0.0,0.0,0.0,0.0,0.0,0.0
2003-09-25,0.0,0.0,0.0,0.0,0.0,0.0,0.0,0.0
2003-09-26,0.0,0.0,0.0,0.0,0.0,0.0,0.0,0.0
2003-09-27,0.0,0.0,0.0,0.0,0.0,0.0,0.0,0.0
2003-09-28,0.0,0.0,0.0,0.0,0.0,0.0,0.0,0.0
2003-09-29,0.0,0.0,0.0,0.0,0.0,0.0,0.0,0.0
2003-09-30,0.0,0.0,0.0,0.0,0.0,0.0,0.0,0.0
2003-10-01,0.0,0.0,0.0,0.0,0.0,0.0,0.0,0.0
2003-10-02,0.0,0.0,0.0,0.0,0.0,0.0,0.0,0.0
2003-10-03,0.0,0.0,0.0,0.0,0.0,0.0,0.0,0.0
2003-10-04,0.0,0.0,0.0,0.0,0.0,0.0,0.0,0.0
2003-10-05,0.0,0.0,0.0,0.0,0.0,0.0,0.0,0.0
2003-10-06,0.0,0.0,0.0,0.0,0.0,0.0,0.0,0.0
2003-10-07,0.0,0.0,0.0,0.0,0.0,0.0,0.0,0.0
2003-10-08,0.0,0.0,0.0,0.0,0.0,0.0,0.0,0.0
2003-10-09,0.0,0.0,0.0,0.0,0.0,0.0,0.0,0.0
2003-10-10,0.0,0.0,0.0,0.0,0.0,0.0,0.0,0.0
2003-10-11,0.0,0.0,0.0,0.0,0.0,0.0,0.0,0.0
2003-10-12,0.0,0.0,0.0,0.0,0.0,0.0,0.0,0.0
2003-10-13,0.0,0.0,0.0,0.0,0.0,0.0,0.0,0.0
2003-10-14,0.0,0.0,0.0,0.0,0.0,0.0,0.0,0.0
2003-10-15,0.0,0.0,0.0,0.0,0.0,0.0,0.0,0.0
2003-10-16,0.0,0.0,0.0,0.0,0.0,0.0,0.0,0.0
2003-10-17,0.0,0.0,0.0,0.0,0.0,0.0,0.0,0.0
2003-10-18,0.0,0.0,0.0,0.0,0.0,0.0,0.0,0.0
2003-10-19,0.0,0.0,0.0,0.0,0.0,0.0,0.0,0.0
2003-10-20,0.0,0.0,0.0,0.0,0.0,0.0,0.0,0.0
2003-10-21,0.0,0.0,0.0,0.0,0.0,0.0,0.0,0.0
2003-10-22,0.0,0.0,0.0,0.0,0.0,0.0,0.0,0.0
2003-10-23,0.0,0.0,0.0,0.0,0.0,0.0,0.0,0.0
2003-10-24,0.0,0.0,0.0,0.0,0.0,0.0,0.0,0.0
2003-10-25,0.0,0.0,0.0,0.0,0.0,0.0,0.0,0.0
2003-10-26,0.0,0.0,0.0,0.0,0.0,0.0,0.0,0.0
2003-10-27,0.0,0.0,0.0,0.0,0.0,0.0,0.0,0.0
2003-10-28,0.0,0.0,0.0,0.0,0.0,0.0,0.0,0.0
2003-10-29,0.0,0.0,0.0,0.0,0.0,0.0,0.0,0.0
2003-10-30,0.0,0.0,0.0,0.0,0.0,0.0,0.0,0.0
2003-10-31,1.0103092,0.76829267,1.05,0.5967742,0.33870968,0.32857144,1.185567,2.7123287
2003-11-01,16.195877,3.7560976,4.55,1.3548387,1.25,5.7285714,5.515464,10.164384
2003-11-02,21.195877,4.256098,4.6833334,1.2903225,1.5725807,8.085714,6.1649485,19.178082
2003-11-03,28.020618,6.5,17.0,11.33871,7.370968,10.242857,13.4536085,30.109589
2003-11-04,34.15464,10.47561,26.15,11.080646,11.830646,18.114286,18.309278,32.53425
2003-11-05,35.71134,11.585366,26.7,12.048388,11.854838,20.171429,19.020618,32.232876
2003-11-06,36.072166,11.54878,26.416666,11.967742,11.903226,20.671429,19.27835,29.561644
2003-11-07,35.75258,10.853659,26.883333,12.258064,11.830646,20.942858,19.793814,32.027397
2003-11-08,38.773197,10.012196,27.266666,13.693548,11.5,22.357143,23.185568,34.0
2003-11-09,50.319588,17.182926,55.8,39.241936,36.129032,33.67143,47.515465,66.80822
2003-11-10,67.35052,23.487804,66.73333,40.096775,42.467743,65.08572,75.26804,68.83562
2003-11-11,66.95876,23.59756,66.21667,38.467743,42.475807,71.42857,77.84536,73.60274
2003-11-12,65.77319,23.024391,66.05,41.80645,42.35484,71.828575,78.07217,62.90411
2003-11-13,64.1134,30.658537,68.8,39.548386,48.35484,72.21429,78.98969,60.589043
2003-11-14,62.958763,32.26829,69.03333,39.096775,48.629032,72.1,79.27835,59.739727
2003-11-15,69.03093,33.47561,72.9,52.5,50.830647,75.98572,83.40206,64.76712
2003-11-16,77.16495,35.59756,76.0,61.129032,53.51613,83.84286,90.103096,77.10959
2003-11-17,78.5567,36.414635,76.51667,64.241936,53.91129,86.328575,90.43299,79.27397
2003-11-18,76.515465,35.719513,77.78333,63.903225,54.14516,86.07143,90.34021,78.0685
2003-11-19,71.84536,33.707317,75.71667,57.580647,52.782257,84.27143,90.47423,73.520546
2003-11-20,66.701035,30.829268,72.4,49.870968,50.548386,80.91428,90.360825,70.64384
2003-11-21,64.64948,28.609756,70.933334,49.741936,50.072582,79.25714,89.62887,78.561646
2003-11-22,65.24742,29.426828,70.86667,47.64516,50.14516,79.6,89.19588,79.38356
2003-11-23,64.484535,31.670732,70.8,47.580647,50.04032,79.62857,89.02062,70.39726
2003-11-24,64.18557,31.536585,70.48333,47.129032,49.629032,79.171425,88.52577,70.15069
2003-11-25,63.17526,31.414635,70.35,47.080647,49.60484,78.74286,88.206184,69.821915
2003-11-26,62.87629,31.207317,70.35,47.048386,49.60484,78.72857,88.0,77.53425
2003-11-27,63.195877,31.182926,70.23333,49.79032,49.951614,78.557144,87.95876,77.46575
2003-11-28,61.257732,30.792683,69.98333,47.274193,49.137096,77.47143,87.22681,75.42466
2003-11-29,58.57732,29.487804,68.3,45.596775,47.79032,75.328575,87.8866,74.34247
2003-11-30,55.14433,28.219513,66.51667,46.870968,46.314518,73.37143,87.57732,71.863014
2003-12-01,52.773197,27.5,66.26667,47.80645,45.89516,72.42857,86.85567,70.095894
2003-12-02,54.42268,27.378048,68.38333,54.548386,46.41129,75.457146,90.103096,76.69863
2003-12-03,52.70103,28.073172,68.28333,53.241936,45.975807,74.84286,89.50516,75.08219
2003-12-04,48.87629,27.780487,67.65,49.935482,45.129032,73.557144,88.97938,73.0411
2003-12-05,46.525772,26.768293,66.86667,49.322582,43.548386,71.671425,89.59794,71.369865
2003-12-06,44.329895,29.012196,81.0,48.467743,55.346775,74.98572,100.40206,70.753426
2003-12-07,69.56701,31.926828,114.7,68.59677,74.23387,112.47143,141.20619,107.328766
2003-12-08,78.50516,40.42683,121.95,70.90323,78.935486,125.171425,150.79381,115.753426
2003-12-09,78.762886,41.109756,121.95,73.19355,78.895164,126.74286,150.83505,115.76712
2003-12-10,90.793816,44.17073,147.6,109.08064,93.78226,139.05714,171.58763,147.47945
2003-12-11,125.12371,48.5,163.0,127.96774,107.40323,174.24286,199.87628,179.75342
2003-12-12,136.15463,63.463413,167.7,124.870964,112.241936,181.01428,204.04124,188.73973
2003-12-13,151.49484,65.914635,172.28334,144.01613,113.98387,194.12857,213.02061,187.137
2003-12-14,163.10309,68.31707,185.5,165.12903,118.44355,199.42857,224.01031,221.87671
2003-12-15,187.12372,78.12195,176.26666,182.70967,130.65323,221.98572,239.52577,228.26027
2003-12-16,190.97939,79.21951,176.4,176.70967,130.83871,223.7,240.03093,246.89041
2003-12-17,191.8866,79.70731,176.36667,175.24193,130.90323,237.41429,241.6701,240.89041
2003-12-18,192.25774,79.60976,193.96666,175.01613,131.41129,239.12857,244.53609,241.20547
2003-12-19,191.5567,78.35366,194.21666,172.79033,130.58064,239.52856,245.07216,221.67123
2003-12-20,194.26804,75.87805,201.35,169.90323,135.44354,242.55714,254.04124,247.9178
2003-12-21,199.02061,77.62195,211.41667,184.45161,140.6371,246.05714,260.83505,234.50685
2003-12-22,199.93814,78.79269,210.58333,177.64516,141.45967,248.98572,261.70102,243.38356
2003-12-23,200.41237,79.36585,212.95,168.53226,141.16129,251.54286,262.5567,238.64383
2003-12-24,206.59793,83.914635,230.13333,196.32259,154.58871,262.1143,279.16495,282.17807
2003-12-25,252.27835,132.42683,285.68332,226.24193,203.3871,314.67142,329.76288,340.1644
2003-12-26,267.86597,162.21951,315.96667,220.7742,234.54033,332.72858,347.0825,351.9863
2003-12-27,274.85568,173.0,320.65,222.16129,235.41936,349.15714,350.69073,352.64383
2003-12-28,281.42267,180.62195,321.0,222.56451,235.49193,355.04285,351.63916,311.1644
2003-12-29,286.73196,183.97562,302.58334,282.74194,236.71774,361.25714,356.07217,322.46576
2003-12-30,350.9175,196.37805,374.03333,306.8387,262.10483,423.64285,407.0103,384.63013
2003-12-31,352.71133,197.01219,377.86667,315.4516,264.09677,430.64285,408.31958,395.137
2004-01-01,366.58762,197.84146,358.25,357.30646,267.1129,442.8,421.62888,430.06848
2004-01-02,419.09277,251.40244,418.4,398.3387,329.78226,495.85715,475.07217,491.71234
2004-01-03,438.25772,269.12195,456.68332,393.5484,347.9758,513.75714,501.2268,507.8904
2004-01-04,439.72165,269.9878,442.7,395.62903,348.10483,513.9,495.53607,517.8767
2004-01-05,443.46393,271.37805,480.5,422.98386,348.21774,514.8,501.58762,497.58905
2004-01-06,445.90723,272.36584,479.71667,416.74194,348.23386,516.38574,500.63916,511.43835
2004-01-07,447.5258,278.81708,433.56668,423.2903,350.4758,523.7143,496.16495,518.1233
2004-01-08,458.46393,279.62195,435.98334,436.7903,353.03226,534.6857,503.20618,521.23285
2004-01-09,459.07217,279.87805,439.1,414.7258,352.7016,534.4143,506.75256,508.67123
2004-01-10,458.20618,279.87805,480.4,415.37097,352.48386,533.6429,515.84534,534.6027
2004-01-11,457.26804,279.5,441.03333,415.14517,352.0403,532.7714,509.05154,512.46576
2004-01-12,456.35052,278.9878,440.08334,439.8871,351.49194,531.7286,508.1134,504.31506
2004-01-13,454.76288,278.14633,439.3,425.2903,351.94354,531.3714,507.30927,502.50684
2004-01-14,452.63916,277.52438,484.73334,419.7742,351.4516,530.4,514.3917,501.32877
2004-01-15,451.7732,276.15854,483.88333,417.24194,351.28226,529.9,514.1134,502.8767
2004-01-16,449.94846,275.54877,441.91666,410.74194,351.2984,529.65717,507.71133,501.23288
2004-01-17,449.63916,274.97562,480.38333,409.98386,353.9758,529.7,513.0618,522.3973
2004-01-18,446.4536,277.32925,478.03333,413.51614,352.7742,529.17145,512.0103,510.50684
2004-01-19,445.0,273.37805,437.96667,419.59677,352.92743,528.9,505.94846,520.28766
2004-01-20,443.92783,273.2805,449.83334,400.25806,353.1371,529.0571,507.46393,498.8904
2004-01-21,444.06186,272.84146,476.5,416.14517,353.2097,530.5143,512.7217,508.9726
2004-01-22,446.5464,272.73172,475.8,391.74194,353.3629,530.2286,512.62885,496.9589
2004-01-23,442.42267,272.2439,473.63333,394.2903,353.30646,530.8714,511.95877,508.53424
2004-01-24,440.73196,277.08536,471.4,398.85483,353.25,531.5857,511.86597,518.7534
2004-01-25,445.25772,277.34146,470.91666,401.37097,353.23386,532.6857,511.87628,526.83563
2004-01-26,444.84537,277.2561,432.56668,403.62903,353.33066,532.5143,506.12372,508.9452
2004-01-27,450.07217,277.64633,471.5,420.08066,353.35483,535.7286,513.6495,534.2055
2004-01-28,473.2268,281.06097,480.65,435.51614,359.6371,550.0571,527.3402,548.3288
2004-01-29,475.8866,281.0,480.45,432.40323,359.5242,550.4857,527.5051,543.6712
2004-01-30,473.25772,280.08536,441.88333,426.41934,359.5484,550.3143,520.62885,560.1781
2004-01-31,475.57733,280.15854,439.21667,433.25806,359.4758,550.0,517.29895,564.0822
2004-02-01,479.14432,280.19513,437.55,429.0484,365.2742,550.3143,517.0928,565.5753
2004-02-02,477.57733,280.23172,437.26666,471.2903,361.83066,550.84283,518.84534,575.9178
2004-02-03,510.36084,306.69513,470.06668,488.7097,403.99194,592.67145,556.92786,629.34247
2004-02-04,516.8763,310.30487,514.8333,506.69354,408.74194,600.7286,571.03094,629.41095
2004-02-05,518.26807,311.73172,516.06665,508.09677,404.66934,601.47144,570.70105,603.43835
2004-02-06,519.71136,317.73172,519.81665,498.85483,405.0,602.8,571.7835,630.9726
2004-02-07,527.4949,314.63416,528.9,503.30646,406.09677,606.52856,574.0103,627.35614
2004-02-08,528.9484,315.56097,521.15,506.1613,406.3629,609.6429,565.2062,655.34247
2004-02-09,528.84534,315.39026,530.26666,508.51614,405.3145,609.1429,575.835,623.43835
2004-02-10,529.57733,315.80487,531.01666,506.4516,405.5403,609.17145,575.5567,629.6301
2004-02-11,532.7629,317.2073,531.45,505.96774,405.87903,608.9429,574.1134,624.71234
2004-02-12,527.5567,317.08536,529.26666,499.58066,405.28226,608.4,573.25775,624.8493
2004-02-13,526.6185,317.0122,509.33334,469.7742,405.50806,608.2143,569.36084,628.1096
2004-02-14,526.70105,316.76828,528.7833,482.37097,405.48386,607.8,572.42267,642.16437
2004-02-15,524.9484,316.4634,515.6667,490.09677,404.4355,607.75714,572.2268,636.8219
2004-02-16,525.04126,316.02438,518.36664,523.129,404.4597,611.65717,576.7835,632.26025
2004-02-17,541.24744,316.32925,536.63336,495.14517,414.3871,639.0857,604.85565,657.73975
2004-02-18,541.58765,314.5366,544.9667,568.1774,417.4355,654.9143,620.96906,697.1507
2004-02-19,570.59796,330.5366,559.75,608.9032,434.51614,678.5143,644.7629,693.0274
2004-02-20,566.3917,330.5,577.31665,595.9516,434.9113,683.4143,650.8969,741.0137
2004-02-21,567.6083,335.0,576.9167,616.64514,436.2984,684.3,645.71136,747.274
2004-02-22,570.26807,339.14633,528.2167,579.14514,437.74194,687.25714,641.5464,725.26025
2004-02-23,579.4949,344.69513,548.88336,644.24194,455.8871,693.52856,649.82477,741.83563
2004-02-24,574.81445,350.60974,550.45,672.6613,460.5242,698.8,652.1134,750.6301
2004-02-25,593.4639,353.31708,551.9167,678.5,461.94354,703.5143,656.6083,772.65753
2004-02-26,654.71136,399.86584,670.86664,733.5,528.75806,775.7714,730.82477,868.50684
2004-02-27,703.5464,417.87805,708.23334,746.8387,562.04034,809.84283,765.2268,848.3014
2004-02-28,707.03094,427.64633,646.48334,749.1613,563.1371,811.45715,759.73193,925.0411
2004-02-29,709.9794,429.7561,646.06665,734.69354,562.9677,812.9429,758.36084,891.73975
2004-03-01,716.8866,430.17075,709.0,784.6129,571.1129,813.95715,772.58765,889.0274
2004-03-02,725.47424,447.65854,723.65,785.7258,591.371,827.4286,785.7938,903.6027
2004-03-03,727.42267,453.04877,724.2833,816.6129,592.3226,828.25714,785.8969,940.726
2004-03-04,728.57733,455.41464,723.86664,771.871,592.3226,828.6286,786.3196,940.5753
2004-03-05,728.36084,455.36584,721.7167,717.4355,592.1613,828.34283,784.567,939.3288
2004-03-06,728.0103,458.19513,719.1667,708.69354,592.39514,827.9,783.86597,961.65753
2004-03-07,720.37115,457.32925,721.1,702.79034,591.85486,823.97144,782.165,926.46576
2004-03-08,710.6598,454.06097,720.5333,781.20966,594.3226,821.38574,781.6804,930.28766
2004-03-09,692.25775,444.7195,715.56665,747.5161,591.4839,819.52856,777.3917,936.0822
2004-03-10,668.8866,435.18292,703.9,753.0161,587.3629,813.04285,777.0516,890.9315
2004-03-11,653.52576,426.97562,696.63336,739.0484,582.25806,806.1429,773.9794,885.0548
2004-03-12,640.70105,413.4878,689.8333,638.5161,577.25806,797.1429,767.41235,871.73975
2004-03-13,619.1237,403.5122,682.73334,623.5161,572.8226,788.02856,764.59796,873.35614
2004-03-14,598.0206,388.85367,674.11664,604.129,566.1613,778.0714,760.37115,862.7808
2004-03-15,573.6701,373.60974,660.65,567.0645,557.5,765.6,755.51544,858.5753
2004-03-16,552.62885,362.13416,651.4167,550.0484,549.5323,754.0714,748.7835,852.9452
2004-03-17,529.73193,343.7073,641.0333,536.371,539.8629,742.6,741.7732,794.9589
2004-03-18,500.38144,327.2927,624.68335,508.98386,528.6855,729.17145,733.7217,835.52057
2004-03-19,469.9691,302.7439,609.35,478.90323,516.25,712.6286,722.15466,774.1507
2004-03-20,426.27835,284.7439,594.0,447.08066,506.65323,696.17145,711.41235,797.1918
2004-03-21,395.4536,268.89026,570.45,412.62903,489.2016,671.2,695.0103,767.56165
2004-03-22,366.14432,259.76828,545.8,413.67743,469.17743,638.1429,676.58765,736.2466
2004-03-23,343.70102,254.03659,528.88336,362.4516,455.87097,602.4286,660.86597,690.13696
2004-03-24,328.07217,250.84146,518.1,347.1129,447.07257,580.1,648.58765,692.35614
2004-03-25,320.35052,249.46341,513.6667,330.48386,442.10483,567.84283,652.26807,675.13696
2004-03-26,343.6598,253.70732,528.63336,360.32257,458.82257,594.3143,673.1031,708.452
2004-03-27,352.38144,258.31708,530.1667,358.8871,461.37097,606.4,678.9072,719.3288
2004-03-28,342.73196,257.85367,527.85,352.90323,460.3629,597.5,676.25775,694.8082
2004-03-29,323.56702,251.39024,516.13336,362.9355,452.55646,580.8143,668.52576,641.6301
2004-03-30,303.68042,244.64635,501.56668,335.2258,441.8629,563.3714,659.9072,618.71234
2004-03-31,293.48453,240.10976,495.55,328.74194,437.2742,553.6429,657.03094,607.2466
2004-04-01,287.4433,238.91463,490.56668,323.3871,434.87097,546.5571,654.2268,600.7534
2004-04-02,286.49484,240.62195,476.71667,319.51614,434.12903,545.2714,652.2062,622.7808
2004-04-03,283.75256,240.58537,473.7,311.98386,433.6129,539.74286,648.58765,615.34247
2004-04-04,270.43298,238.53659,466.11667,288.59677,430.7097,524.88574,642.96906,567.71234
2004-04-05,257.59793,237.13414,458.35,247.64516,426.25806,507.91428,635.3505,547.452
2004-04-06,247.6701,236.03659,451.7,238.20967,419.51614,495.2143,628.95874,533.28766
2004-04-07,240.36082,234.85365,447.08334,229.08064,415.5887,488.5,624.81445,521.0137
2004-04-08,226.28867,232.34146,439.68332,211.51613,410.19354,477.34286,618.0103,497.93152
2004-04-09,208.38144,229.78049,427.58334,209.20967,399.23386,465.6857,608.91754,490.0
2004-04-10,192.69072,225.31708,413.0,189.30646,387.2984,455.1857,599.5361,441.45206
2004-04-11,181.53609,222.2683,401.46667,173.04839,379.4516,446.07144,590.835,433.93152
2004-04-12,167.71133,217.30487,389.18332,176.75807,370.7984,433.62857,580.48456,390.8767
2004-04-13,157.89691,214.65854,378.65,162.3871,364.87903,421.3143,570.7629,372.9863
2004-04-14,154.48454,214.06097,375.68332,157.95161,363.5242,415.8857,566.85565,368.41095
2004-04-15,151.63918,212.07317,372.45,158.67741,362.2903,414.07144,563.7938,365.78082
2004-04-16,152.10309,210.20732,373.0,167.01613,361.17743,410.2143,560.9382,380.63013
2004-04-17,151.89691,209.90244,374.5,160.19354,352.7016,412.05713,565.08246,367.57535
2004-04-18,156.09279,212.84146,384.06668,166.48387,360.55646,418.7143,574.567,388.61642
2004-04-19,160.75258,215.86586,386.61667,161.01613,352.07257,425.5,580.2165,360.06848
2004-04-20,172.14433,217.30487,391.61667,161.2742,357.62097,430.3857,585.58765,384.71234
2004-04-21,175.2371,214.20732,386.56668,186.40323,358.85483,426.97144,582.19586,391.47946
2004-04-22,180.68042,215.20732,379.7,187.6129,360.50806,422.85715,579.15466,399.8904
2004-04-23,176.98969,215.06097,376.65,180.70967,353.5484,420.75714,576.19586,394.41095
2004-04-24,163.7629,209.62195,368.61667,161.37097,343.2016,412.8,569.3917,398.0274
2004-04-25,150.18556,203.95122,354.18332,141.01613,334.41934,402.54285,558.2371,367.9452
2004-04-26,134.16495,196.14635,319.68332,120.59677,317.37097,388.2,540.07214,334.45206
2004-04-27,116.175255,187.62195,288.53333,101.48387,301.0484,367.44287,501.17526,293.9589
2004-04-28,101.5567,184.18292,257.48334,88.370964,298.37903,345.5,476.56702,260.1233
2004-04-29,96.27835,175.06097,237.28334,85.0,290.65323,334.7,466.6701,247.80821
2004-04-30,93.360825,168.28049,221.33333,80.935486,284.19354,328.98572,459.81442,239.49315
2004-05-01,83.793816,162.30487,213.58333,73.29032,287.0645,316.7143,452.5258,214.39726
2004-05-02,71.84536,152.98781,202.81667,64.29032,266.00806,301.72858,433.71133,186.58904
2004-05-03,60.041237,147.04878,184.13333,54.51613,249.79839,278.32858,410.42267,155.19179
2004-05-04,48.87629,129.31708,163.55,45.177418,223.23387,244.18571,381.90723,125.479454
2004-05-05,38.804123,110.5,164.7,38.129032,209.62903,219.44286,366.37112,103.369865
2004-05-06,32.72165,103.78049,155.4,33.70968,199.84677,203.11429,348.63916,88.79452
2004-05-07,28.082474,99.32927,147.91667,30.919355,193.45967,191.28572,336.76288,79.31507
2004-05-08,24.958763,97.32927,140.33333,28.629032,187.87903,180.17143,326.81442,73.38356
2004-05-09,22.28866,94.5,135.18333,27.129032,183.57259,170.97144,318.40207,67.561646
2004-05-10,19.525774,90.89024,128.01666,25.870968,177.93549,153.11429,303.27835,61.657536
2004-05-11,19.164948,90.60976,128.55,26.806452,177.60484,152.38571,302.19586,68.80822
2004-05-12,24.350515,89.97561,128.35,26.790323,175.59677,151.01428,302.2165,70.78082
2004-05-13,21.319588,88.37805,125.53333,23.403225,172.4758,144.71428,301.8866,64.9863
2004-05-14,18.41237,85.62195,119.73333,22.112904,167.6371,129.31429,289.72165,57.69863
2004-05-15,15.608248,81.731705,111.13333,18.85484,163.32259,118.78571,276.23712,50.835617
2004-05-16,12.845361,78.62195,104.066666,17.064516,153.34677,109.35714,264.5567,46.136986
2004-05-17,10.536082,75.19512,97.35,15.306452,146.57259,102.35714,251.16495,38.164383
2004-05-18,9.525773,73.53658,92.96667,14.274194,142.70161,99.328575,238.15463,34.452053
2004-05-19,9.175258,71.30488,91.71667,13.758064,138.1371,96.92857,230.57732,32.219177
2004-05-20,8.422681,70.01219,89.86667,13.129032,133.66129,93.828575,220.3299,28.986301
2004-05-21,7.7628865,69.89024,88.666664,12.67742,122.90323,91.8,213.50516,27.136986
2004-05-22,7.268041,69.85366,87.933334,12.080646,117.57258,90.38571,207.8866,26.150684
2004-05-23,6.546392,69.64634,85.75,11.5,111.19355,87.77143,197.90721,24.90411
2004-05-24,5.6804123,69.35366,82.48333,10.951612,104.16129,84.65714,190.7629,23.50685
2004-05-25,5.0,69.18293,80.666664,10.112904,95.629036,80.48572,187.87628,21.876713
2004-05-26,4.268041,69.14634,78.65,9.0,94.23387,76.65714,184.31958,19.80822
2004-05-27,3.4123712,67.81707,72.5,7.870968,91.991936,70.171425,175.68042,16.60274
2004-05-28,2.6597939,64.18293,66.1,7.467742,85.491936,62.45714,165.69072,13.630137
2004-05-29,2.7216494,65.63415,67.48333,7.322581,90.05645,60.842857,157.31958,12.931507
2004-05-30,2.3917525,65.42683,67.066666,7.032258,88.66129,62.25714,175.3299,11.520548
2004-05-31,1.7628866,62.341465,60.25,6.419355,81.685486,57.585712,162.52577,9.054794
2004-06-01,1.298969,56.560974,51.133335,5.629032,85.54032,53.385715,147.86598,5.8630137
2004-06-02,0.9381443,50.609756,41.433334,4.790323,74.90323,47.085712,134.30928,4.260274
2004-06-03,0.49484536,43.792683,32.45,3.8225806,68.53226,40.557144,117.69072,2.3424656
2004-06-04,0.010309278,36.92683,26.433332,2.8709676,56.701614,39.8,101.38145,1.0136986
2004-06-05,0.0,30.45122,20.666666,1.9032258,48.370968,33.028572,84.237114,0.0
2004-06-06,0.0,30.560976,16.166666,1.0645162,38.346775,26.585714,69.58763,0.0
2004-06-07,0.0,25.695122,13.016666,0.5483871,31.17742,21.8,58.75258,0.0
2004-06-08,0.0,23.682926,13.0,0.32258064,29.685484,20.485714,54.96907,0.0
2004-06-09,0.0,23.658537,11.783334,0.16129032,29.225807,20.457144,54.71134,0.0
2004-06-10,0.0,14.902439,11.516666,0.0,23.14516,20.457144,54.54639,0.0
2004-06-11,0.0,20.268293,12.616667,0.0,30.266129,19.742857,52.96907,0.0
2004-06-12,0.0,22.756098,11.316667,0.0,28.774193,18.4,49.340206,0.0
2004-06-13,0.0,20.719513,9.233334,0.0,25.67742,15.928572,43.24742,0.0
2004-06-14,0.0,17.939024,6.75,0.0,20.548388,12.342857,33.896908,0.0
2004-06-15,0.0,15.682927,4.25,0.0,16.096775,8.342857,25.092783,0.0
2004-06-16,0.0,12.902439,3.0333333,0.0,11.862904,5.3142858,18.628866,0.0
2004-06-17,0.0,11.097561,2.45,0.0,8.306452,3.5428572,13.742268,0.0
2004-06-18,0.0,9.768292,2.0,0.0,6.120968,2.142857,10.948454,0.0
2004-06-19,0.0,8.719512,1.6666666,0.0,4.5080647,1.1857142,8.948454,0.0
2004-06-20,0.0,7.707317,1.25,0.0,3.2096775,0.6571429,6.6494846,0.0
2004-06-21,0.0,6.609756,0.75,0.0,2.080645,0.08571429,4.2474227,0.0
2004-06-22,0.0,5.487805,0.21666667,0.0,1.2741935,0.0,2.2886598,0.0
2004-06-23,0.0,4.268293,0.0,0.0,0.63709676,0.0,1.0412371,0.0
2004-06-24,0.0,3.2682927,0.0,0.0,0.36290324,0.0,0.39175257,0.0
2004-06-25,0.0,2.4268293,0.0,0.0,0.12903225,0.0,0.0,0.0
2004-06-26,0.0,1.8658537,0.0,0.0,0.0,0.0,0.0,0.0
2004-06-27,0.0,1.4146341,0.0,0.0,0.0,0.0,0.0,0.0
2004-06-28,0.0,0.9390244,0.0,0.0,0.0,0.0,0.0,0.0
2004-06-29,0.0,0.6707317,0.0,0.0,0.0,0.0,0.0,0.0
2004-06-30,0.0,0.5243902,0.0,0.0,0.0,0.0,0.0,0.0
2004-07-01,0.0,0.4512195,0.0,0.0,0.0,0.0,0.0,0.0
2004-07-02,0.0,0.36585367,0.0,0.0,0.0,0.0,0.0,0.0
2004-07-03,0.0,0.23170732,0.0,0.0,0.0,0.0,0.0,0.0
2004-07-04,0.0,0.07317073,0.0,0.0,0.0,0.0,0.0,0.0
2004-07-05,0.0,0.0,0.0,0.0,0.0,0.0,0.0,0.0
2004-07-06,0.0,0.0,0.0,0.0,0.0,0.0,0.0,0.0
2004-07-07,0.0,0.0,0.0,0.0,0.0,0.0,0.0,0.0
2004-07-08,0.0,0.0,0.0,0.0,0.0,0.0,0.0,0.0
2004-07-09,0.0,0.0,0.0,0.0,0.0,0.0,0.0,0.0
2004-07-10,0.0,0.0,0.0,0.0,0.0,0.0,0.0,0.0
2004-07-11,0.0,0.0,0.0,0.0,0.0,0.0,0.0,0.0
2004-07-12,0.0,0.0,0.0,0.0,0.0,0.0,0.0,0.0
2004-07-13,0.0,0.0,0.0,0.0,0.0,0.0,0.0,0.0
2004-07-14,0.0,0.0,0.0,0.0,0.0,0.0,0.0,0.0
2004-07-15,0.0,0.0,0.0,0.0,0.0,0.0,0.0,0.0
2004-07-16,0.0,0.0,0.0,0.0,0.0,0.0,0.0,0.0
2004-07-17,0.0,0.0,0.0,0.0,0.0,0.0,0.0,0.0
2004-07-18,0.0,0.0,0.0,0.0,0.0,0.0,0.0,0.0
2004-07-19,0.0,0.0,0.0,0.0,0.0,0.0,0.0,0.0
2004-07-20,0.0,0.0,0.0,0.0,0.0,0.0,0.0,0.0
2004-07-21,0.0,0.0,0.0,0.0,0.0,0.0,0.0,0.0
2004-07-22,0.0,0.0,0.0,0.0,0.0,0.0,0.0,0.0
2004-07-23,0.0,0.0,0.0,0.0,0.0,0.0,0.0,0.0
2004-07-24,0.0,0.0,0.0,0.0,0.0,0.0,0.0,0.0
2004-07-25,0.0,0.0,0.0,0.0,0.0,0.0,0.0,0.0
2004-07-26,0.0,0.0,0.0,0.0,0.0,0.0,0.0,0.0
2004-07-27,0.0,0.0,0.0,0.0,0.0,0.0,0.0,0.0
2004-07-28,0.0,0.0,0.0,0.0,0.0,0.0,0.0,0.0
2004-07-29,0.0,0.0,0.0,0.0,0.0,0.0,0.0,0.0
2004-07-30,0.0,0.0,0.0,0.0,0.0,0.0,0.0,0.0
2004-07-31,0.0,0.0,0.0,0.0,0.0,0.0,0.0,0.0
2004-08-01,0.0,0.0,0.0,0.0,0.0,0.0,0.0,0.0
2004-08-02,0.0,0.0,0.0,0.0,0.0,0.0,0.0,0.0
2004-08-03,0.0,0.0,0.0,0.0,0.0,0.0,0.0,0.0
2004-08-04,0.0,0.0,0.0,0.0,0.0,0.0,0.0,0.0
2004-08-05,0.0,0.0,0.0,0.0,0.0,0.0,0.0,0.0
2004-08-06,0.0,0.0,0.0,0.0,0.0,0.0,0.0,0.0
2004-08-07,0.0,0.0,0.0,0.0,0.0,0.0,0.0,0.0
2004-08-08,0.0,0.0,0.0,0.0,0.0,0.0,0.0,0.0
2004-08-09,0.0,0.0,0.0,0.0,0.0,0.0,0.0,0.0
2004-08-10,0.0,0.0,0.0,0.0,0.0,0.0,0.0,0.0
2004-08-11,0.0,0.0,0.0,0.0,0.0,0.0,0.0,0.0
2004-08-12,0.0,0.0,0.0,0.0,0.0,0.0,0.0,0.0
2004-08-13,0.0,0.0,0.0,0.0,0.0,0.0,0.0,0.0
2004-08-14,0.0,0.0,0.0,0.0,0.0,0.0,0.0,0.0
2004-08-15,0.0,0.0,0.0,0.0,0.0,0.0,0.0,0.0
2004-08-16,0.0,0.0,0.0,0.0,0.0,0.0,0.0,0.0
2004-08-17,0.0,0.0,0.0,0.0,0.0,0.0,0.0,0.0
2004-08-18,0.0,0.0,0.0,0.0,0.0,0.0,0.0,0.0
2004-08-19,0.0,0.0,0.0,0.0,0.0,0.0,0.0,0.0
2004-08-20,0.0,0.0,0.0,0.0,0.0,0.0,0.0,0.0
2004-08-21,0.0,0.0,0.0,0.0,0.0,0.0,0.0,0.0
2004-08-22,0.0,0.0,0.0,0.0,0.0,0.0,0.0,0.0
2004-08-23,0.0,0.0,0.0,0.0,0.0,0.0,0.0,0.0
2004-08-24,0.0,0.0,0.0,0.0,0.0,0.0,0.0,0.0
2004-08-25,0.0,0.0,0.0,0.0,0.0,0.0,0.0,0.0
2004-08-26,0.0,0.0,0.0,0.0,0.0,0.0,0.0,0.0
2004-08-27,0.0,0.0,0.0,0.0,0.0,0.0,0.0,0.0
2004-08-28,0.0,0.0,0.0,0.0,0.0,0.0,0.0,0.0
2004-08-29,0.0,0.0,0.0,0.0,0.0,0.0,0.0,0.0
2004-08-30,0.0,0.0,0.0,0.0,0.0,0.0,0.0,0.0
2004-08-31,0.0,0.0,0.0,0.0,0.0,0.0,0.0,0.0
2004-09-01,0.0,0.0,0.0,0.0,0.0,0.0,0.0,0.0
2004-09-02,0.0,0.0,0.0,0.0,0.0,0.0,0.0,0.0
2004-09-03,0.0,0.0,0.0,0.0,0.0,0.0,0.0,0.0
2004-09-04,0.0,0.0,0.0,0.0,0.008064516,0.0,0.05154639,0.0
2004-09-05,0.0,0.0,0.0,0.0,0.0,0.0,0.0,0.0
2004-09-06,0.0,0.0,0.0,0.0,0.0,0.0,0.0,0.0
2004-09-07,0.0,0.0,0.0,0.0,0.0,0.0,0.0,0.0
2004-09-08,0.0,0.0,0.0,0.0,0.0,0.0,0.0,0.0
2004-09-09,0.0,0.0,0.0,0.0,0.0,0.0,0.0,0.0
2004-09-10,0.0,0.0,0.0,0.0,0.0,0.0,0.0,0.0
2004-09-11,0.0,0.0,0.0,0.0,0.0,0.0,0.0,0.0
2004-09-12,0.0,0.0,0.0,0.0,0.0,0.0,0.0,0.0
2004-09-13,0.0,0.0,0.0,0.0,0.0,0.0,0.0,0.0
2004-09-14,0.0,0.0,0.0,0.0,0.0,0.0,0.0,0.0
2004-09-15,0.0,0.0,0.0,0.0,0.0,0.0,0.0,0.0
2004-09-16,0.0,0.0,0.0,0.0,0.0,0.0,0.0,0.0
2004-09-17,0.0,0.0,0.0,0.0,0.0,0.0,0.0,0.0
2004-09-18,0.0,0.0,0.0,0.0,0.0,0.0,0.0,0.0
2004-09-19,0.0,0.0,0.0,0.0,0.008064516,0.18571429,0.24742268,0.0
2004-09-20,0.96907216,0.0,1.1,0.91935486,0.21774194,1.2714286,1.9175258,0.739726
2004-09-21,0.72164947,0.25609756,1.55,0.38709676,0.3548387,1.5,2.701031,0.21917808
2004-09-22,0.0,0.2804878,0.016666668,0.0,0.2016129,0.8142857,2.041237,0.0
2004-09-23,0.0,0.41463414,0.0,0.0,0.0,0.057142857,0.46391752,0.0
2004-09-24,0.0,0.17073171,0.0,0.0,0.0,0.0,0.0,0.0
2004-09-25,0.0,0.024390243,0.0,0.0,0.0,0.0,0.0,0.0
2004-09-26,0.0,0.0,0.0,0.0,0.0,0.0,0.0,0.0
2004-09-27,0.0,0.0,0.0,0.0,0.0,0.0,0.0,0.0
2004-09-28,0.0,0.0,0.0,0.0,0.0,0.0,0.0,0.0
2004-09-29,0.0,0.0,0.0,0.0,0.0,0.0,0.0,0.0
2004-09-30,0.0,0.0,0.0,0.0,0.0,0.0,0.0,0.0
2004-10-01,0.0,0.0,0.0,0.0,0.0,0.0,0.0,0.0
2004-10-02,0.0,0.0,0.0,0.0,0.0,0.0,0.0,0.0
2004-10-03,0.0,0.0,0.0,0.0,0.0,0.0,0.0,0.0
2004-10-04,0.0,0.0,0.0,0.0,0.0,0.0,0.0,0.0
2004-10-05,0.0,0.0,0.0,0.0,0.0,0.0,0.0,0.0
2004-10-06,0.0,0.0,0.0,0.0,0.0,0.0,0.0,0.0
2004-10-07,0.0,0.0,0.0,0.0,0.0,0.0,0.0,0.0
2004-10-08,0.0,0.0,0.0,0.0,0.0,0.0,0.0,0.0
2004-10-09,0.0,0.0,0.0,0.0,0.0,0.0,0.0,0.0
2004-10-10,0.0,0.0,0.0,0.0,0.008064516,0.0,0.0,0.0
2004-10-11,0.0,0.0,0.0,0.0,0.09677419,0.0,0.020618556,0.0
2004-10-12,0.0,0.0,0.0,0.0,0.04032258,0.0,0.030927835,0.0
2004-10-13,0.0,0.0,0.0,0.0,0.0,0.0,0.0,0.0
2004-10-14,0.0,0.0,0.0,0.0,0.0,0.0,0.0,0.0
2004-10-15,0.0,0.0,0.0,0.0,0.0,0.0,0.0,0.0
2004-10-16,0.0,0.0,0.0,0.0,0.0,0.0,0.0,0.0
2004-10-17,0.0,0.19512194,0.0,0.0,0.12903225,0.0,0.0,0.0
2004-10-18,11.515464,3.2560976,38.8,3.983871,30.040323,16.72857,41.17526,6.3013697
2004-10-19,13.597939,5.4390244,48.1,5.7419353,35.580647,29.485714,53.927834,7.1643834
2004-10-20,51.463917,44.560974,113.833336,33.935482,88.370964,77.92857,116.824745,62.232876
2004-10-21,79.02062,55.82927,144.33333,38.048386,114.5,112.7,148.46391,76.16438
2004-10-22,78.608246,55.951218,143.21666,36.629032,115.76613,114.64286,147.97939,85.287674
2004-10-23,76.73196,55.951218,141.26666,37.258064,116.95968,113.84286,147.94846,82.50685
2004-10-24,77.0,54.707317,144.26666,38.967743,117.07258,122.07143,151.81444,85.0411
2004-10-25,74.701035,54.012196,150.6,45.0,123.69355,124.3,154.90721,86.30137
2004-10-26,77.52577,52.73171,150.98334,67.33871,123.46774,129.37143,160.28867,88.095894
2004-10-27,114.08247,77.47561,186.18333,73.758064,166.21774,176.2,199.72165,113.479454
2004-10-28,114.52577,77.81707,187.2,80.645164,169.74193,178.0,202.21649,115.72603
2004-10-29,115.639175,78.42683,186.55,71.72581,169.85484,178.25714,202.07216,118.79452
2004-10-30,112.85567,79.268295,187.0,66.370964,171.2258,180.04286,202.81444,117.65753
2004-10-31,110.47423,78.39024,187.11667,59.951614,171.85484,179.42857,202.78351,122.08219
2004-11-01,109.22681,77.939026,184.93333,67.370964,171.01613,178.38571,202.50516,130.46576
2004-11-02,107.25773,77.10976,188.15,64.854836,172.12097,177.71428,201.98969,114.60274
2004-11-03,102.21649,75.47561,186.01666,66.548386,171.12097,176.17143,201.39175,110.712326
2004-11-04,116.07217,74.914635,190.06667,70.951614,174.8871,186.08571,211.62886,148.80821
2004-11-05,117.64948,74.39024,190.5,68.96774,175.50807,193.52856,215.2268,125.178085
2004-11-06,113.59794,73.768295,189.53334,63.30645,176.04839,195.02856,215.12372,134.35617
2004-11-07,107.52577,71.15854,187.03334,54.548386,176.33871,194.61429,214.15463,131.9178
2004-11-08,101.41237,76.70731,188.16667,49.096775,184.56451,193.92857,217.71133,124.753426
2004-11-09,98.38145,83.97561,191.73334,41.83871,189.24193,192.24286,222.27835,119.945206
2004-11-10,94.896904,83.57317,191.38333,39.951614,189.41129,190.14285,221.74226,116.246574
2004-11-11,93.35052,82.51219,191.66667,40.0,191.42741,190.32857,224.68042,118.31507
2004-11-12,96.46392,82.28049,195.56667,39.596775,190.79839,200.91429,231.7732,119.328766
2004-11-13,94.896904,81.98781,193.7,36.596775,192.23387,200.27142,231.58763,116.87671
2004-11-14,93.56701,81.902435,193.28334,34.20968,190.95161,199.88571,231.91753,115.68493
2004-11-15,91.90722,80.89024,191.81667,31.467741,190.49193,198.27142,231.14433,113.10959
2004-11-16,88.74227,79.98781,190.08333,28.838709,189.70967,195.85715,229.79381,109.91781
2004-11-17,84.68041,78.89024,187.91667,26.838709,188.16936,193.11429,228.20619,107.39726
2004-11-18,80.30928,77.21951,186.06667,23.709677,186.57259,190.34285,226.7629,101.91781
2004-11-19,76.91753,77.71951,183.63333,21.709677,182.23387,187.67143,224.97939,98.945206
2004-11-20,76.34021,75.78049,182.61667,21.419355,182.05646,186.48572,224.62886,98.27397
2004-11-21,76.30928,75.45122,183.56667,21.403225,181.99193,185.5,224.91753,97.50685
2004-11-22,76.18557,79.52439,183.8,21.338709,182.00807,185.28572,225.19588,97.50685
2004-11-23,75.103096,80.81707,182.03334,20.403225,181.7742,185.07143,224.37114,94.41096
2004-11-24,74.28866,80.78049,180.73334,19.532259,181.37903,184.55714,223.7732,93.12329
2004-11-25,71.701035,80.560974,179.53334,17.35484,180.48387,182.98572,222.83505,94.328766
2004-11-26,72.07217,82.060974,178.88333,22.35484,179.7742,182.58571,223.24742,96.9315
2004-11-27,76.92783,80.30488,178.35,38.532257,182.70967,184.42857,227.34021,102.863014
2004-11-28,117.360825,95.768295,190.1,50.967743,216.2258,216.68571,253.14433,134.137
2004-11-29,118.639175,96.17073,193.26666,47.596775,215.1371,216.84285,254.05154,130.68494
2004-11-30,120.90722,96.35366,192.03334,44.66129,215.4758,217.07143,254.04124,126.9863
2004-12-01,121.41237,98.414635,192.4,39.177418,214.76613,216.98572,253.90721,123.38356
2004-12-02,121.58763,98.414635,194.5,39.70968,213.92741,216.94286,254.54639,118.34247
2004-12-03,121.57732,98.54878,195.65,40.048386,214.42741,217.07143,254.52577,118.68493
2004-12-04,121.84536,98.597565,195.96666,38.629032,217.16129,217.02856,254.47423,132.57535
2004-12-05,122.01031,98.62195,197.1,37.741936,220.45967,217.08571,254.60825,121.0137
2004-12-06,121.84536,98.62195,195.75,37.532257,220.40323,217.35715,254.78351,130.53424
2004-12-07,135.93814,100.37805,200.45,80.370964,224.94354,229.72858,268.3402,168.20547
2004-12-08,178.82474,124.560974,260.18332,111.48387,265.1371,276.1,311.35052,207.30138
2004-12-09,220.52577,131.2317,274.08334,123.8871,272.4355,306.17142,329.46393,239.87671
2004-12-10,218.84537,131.95122,273.68332,119.90323,274.23386,307.15714,328.71133,232.27397
2004-12-11,216.51546,128.71951,271.11667,116.70968,272.12097,306.25714,327.40207,238.78082
2004-12-12,211.15463,120.97561,266.18332,112.451614,269.89517,304.91428,324.29898,236.78082
2004-12-13,206.79381,115.31707,262.88333,109.870964,262.5887,303.2857,322.59793,230.58904
2004-12-14,201.57732,112.439026,259.21667,105.09677,260.34677,300.77142,321.13403,243.36986
2004-12-15,196.50516,110.597565,256.8,106.33871,258.9758,298.2,319.49484,236.54794
2004-12-16,192.20619,110.085365,254.6,95.8871,257.53226,297.0,317.9175,236.63014
2004-12-17,188.53609,108.20731,253.58333,87.854836,256.16934,296.01428,317.0825,230.9178
2004-12-18,182.19588,107.743904,252.26666,78.5,254.25807,292.6857,315.31958,217.9726
2004-12-19,173.8866,106.731705,249.23334,79.129036,250.83064,287.48572,312.57733,212.9452
2004-12-20,164.69072,105.597565,246.16667,66.129036,253.18549,282.15714,309.90723,209.79453
2004-12-21,160.92784,105.085365,244.36667,64.17742,251.01613,279.51428,308.38144,213.15068
2004-12-22,159.45361,105.10976,243.21666,69.09677,247.15323,279.05713,308.06186,210.61644
2004-12-23,158.98969,104.78049,242.86667,68.80645,249.91936,279.0,307.6701,208.82191
2004-12-24,159.24742,104.79269,241.98334,62.48387,246.8871,279.04285,307.8866,214.10959
2004-12-25,155.2371,104.52439,239.98334,60.66129,248.67741,276.8143,306.5567,211.20547
2004-12-26,153.08247,104.39024,238.7,60.19355,247.4758,274.8857,305.7835,203.56165
2004-12-27,152.46391,105.85366,239.18333,68.1129,244.9758,274.3,306.18558,202.84932
2004-12-28,157.84537,111.39024,255.53334,81.03226,254.10484,289.17142,323.76288,220.20547
2004-12-29,171.93814,140.48781,281.43332,115.79032,278.25,308.1857,345.53607,232.863
2004-12-30,203.26804,155.89024,309.66666,183.67741,305.30646,341.51428,374.50516,279.06848
2004-12-31,295.28867,193.37805,414.33334,223.24193,402.98386,411.8143,451.79382,359.21918
2005-01-01,344.80414,235.90244,427.1,258.96774,442.28226,460.37143,492.60825,395.79453
2005-01-02,369.17526,238.7561,428.86667,271.7258,430.82257,475.7857,490.97937,409.43835
2005-01-03,381.85568,240.7317,434.95,288.80646,436.24194,481.6143,497.19586,417.1096
2005-01-04,383.63916,256.43903,446.68332,283.24194,459.09677,486.1143,502.19586,416.53424
2005-01-05,384.23712,264.69513,453.76666,289.90323,465.8871,487.35715,505.25772,416.9589
2005-01-06,384.75256,266.2439,450.48334,292.5,469.40323,487.3143,504.92783,419.65753
2005-01-07,386.68042,268.67075,454.36667,293.64517,459.5403,487.12857,511.94846,424.8904
2005-01-08,443.07217,299.56097,516.1,339.19354,526.8387,541.04285,569.7629,491.49316
2005-01-09,507.53607,355.93903,570.9167,354.12903,579.8226,598.8571,623.9897,541.86304
2005-01-10,533.26807,398.18292,616.75,363.46774,619.0323,648.0,674.96906,542.1233
2005-01-11,560.59796,437.18292,658.26666,383.9516,670.50806,673.7286,706.0,591.16437
2005-01-12,568.04126,451.81708,670.15,372.17743,680.2258,683.24286,715.69073,590.4247
2005-01-13,571.9484,454.65854,720.25,382.67743,681.0968,683.65717,720.0618,592.6986
2005-01-14,575.8763,454.82925,718.93335,385.01614,681.0323,686.0143,721.18555,597.41095
2005-01-15,577.0206,455.17075,718.43335,387.01614,680.5726,685.7857,721.2268,604.9452
2005-01-16,576.9794,455.43903,718.01666,375.9516,679.2661,685.3143,720.92786,602.8219
2005-01-17,574.71136,455.4878,717.7,379.69354,679.1532,684.95715,720.52576,602.0
2005-01-18,572.48456,458.89026,715.7167,380.14517,678.5242,683.9857,719.91754,591.35614
2005-01-19,568.6804,456.15854,713.86664,368.91934,678.49194,682.75714,719.9382,596.49316
2005-01-20,559.92786,456.45123,710.01666,363.0484,677.24194,680.97144,717.71136,580.34247
2005-01-21,553.7217,456.68292,708.5333,349.5645,676.25,677.8714,716.7629,588.9315
2005-01-22,546.2062,455.42682,706.8,346.03226,675.121,674.45715,715.84534,577.34247
2005-01-23,539.0206,455.09756,705.11664,335.08066,673.7258,670.8571,714.7732,588.9589
2005-01-24,533.18555,454.91464,703.81665,327.96774,672.6774,667.5,714.0928,579.16437
2005-01-25,526.36084,454.18292,694.68335,318.24194,655.7339,664.47144,715.70105,578.61646
2005-01-26,528.28864,459.87805,714.36664,324.9355,679.5645,668.61426,741.13403,572.31506
2005-01-27,536.5051,472.54877,750.7833,340.69354,696.2339,692.4,767.91754,589.83563
2005-01-28,540.7835,475.60974,748.38336,368.35483,699.0,696.84283,774.4536,588.452
2005-01-29,561.7732,488.7073,716.61664,352.62903,726.0726,722.15717,776.19586,610.28766
2005-01-30,563.37115,495.7073,762.56665,365.8871,740.0806,723.5143,783.2268,621.6986
2005-01-31,563.36084,497.14633,770.23334,359.0645,740.04034,723.2714,795.0928,600.34247
2005-02-01,561.0,496.76828,784.6667,337.5,750.9194,721.8143,799.3917,605.23285
2005-02-02,557.2268,496.0122,783.35,366.2097,750.0242,718.04285,797.48456,599.53424
2005-02-03,553.5361,496.2439,781.48334,363.4516,749.3871,716.8,796.74225,598.1233
2005-02-04,547.95874,496.0,779.86664,346.64517,749.0484,716.0,795.81445,587.9041
2005-02-05,542.6701,495.5366,778.88336,327.0,748.25806,713.6,794.9072,603.0959
2005-02-06,541.15466,495.5366,778.2,318.7097,749.20966,711.9143,794.07214,609.0548
2005-02-07,538.567,493.91464,778.95,327.5645,748.9758,714.5571,796.26807,591.6027
2005-02-08,546.13403,493.81708,779.45,304.41934,749.9677,718.9286,798.04126,601.2192
2005-02-09,545.6185,493.65854,778.8333,314.4355,750.0,718.8143,797.84534,588.26025
2005-02-10,543.6495,493.7805,778.15,307.32257,749.9758,715.52856,796.0618,588.2055
2005-02-11,542.3402,493.81708,776.45,303.40323,733.00806,715.15717,795.40204,579.2192
2005-02-12,542.1134,496.07318,765.4667,312.2903,754.8145,719.11426,801.433,598.83563
2005-02-13,539.2371,496.37805,765.9167,332.41934,756.7016,717.6286,801.92786,612.7534
2005-02-14,542.4639,496.59756,765.43335,291.75806,739.7177,717.2714,800.95874,601.23285
2005-02-15,542.14435,495.80487,766.06665,293.96774,740.4274,717.9857,802.6083,607.71234
2005-02-16,549.96906,496.52438,812.05,299.17743,771.8871,746.3571,840.0618,607.13696
2005-02-17,551.73193,495.87805,821.76666,304.96774,793.5484,756.95715,851.2165,586.86304
2005-02-18,547.96906,495.60974,822.88336,306.6613,793.25806,758.1286,853.57733,582.0959
2005-02-19,548.36084,510.31708,839.23334,304.0645,809.49194,764.4429,861.3917,603.53424
2005-02-20,568.73193,526.0854,867.7,355.69354,819.25,790.6857,880.7629,663.8082
2005-02-21,583.2062,535.39026,907.0,314.8387,833.95966,807.95715,897.3402,638.73975
2005-02-22,589.6185,544.5,946.9167,311.90323,856.9274,822.5714,910.47424,621.58905
2005-02-23,591.19586,549.0854,946.6,312.01614,856.3387,825.65717,911.8763,678.61646
2005-02-24,589.41235,550.0122,926.2,305.17743,857.44354,826.17145,910.58765,663.452
2005-02-25,587.0516,550.3049,904.0833,302.2903,872.6613,826.0857,911.4433,653.86304
2005-02-26,584.41235,550.3415,905.0,300.0645,872.5323,825.8571,912.07214,671.13696
2005-02-27,585.7938,550.6951,908.2,299.6129,873.3871,824.7857,911.80414,690.0
2005-02-28,595.3299,553.62195,947.56665,329.51614,889.5161,847.1857,932.62885,704.9452
2005-03-01,600.71136,554.7439,932.31665,343.64517,894.2339,850.4143,936.6598,719.9589
2005-03-02,611.7938,554.061,937.23334,346.5,895.44354,863.34283,943.6495,749.452
2005-03-03,615.8763,553.9146,938.86664,353.7742,895.85486,866.9143,945.85565,745.2466
2005-03-04,615.47424,554.2439,938.65,365.4355,895.64514,866.4,945.6701,715.65753
2005-03-05,612.73193,556.95123,940.15,329.96774,901.629,866.82855,946.48456,738.5753
2005-03-06,605.2062,556.2439,937.6667,323.5645,901.4516,865.24286,945.2165,721.0
2005-03-07,595.0206,554.79266,935.86664,313.8387,897.4516,862.2286,943.7732,725.1507
2005-03-08,580.0928,550.2683,928.56665,303.69354,896.0323,856.6,939.3505,717.53424
2005-03-09,558.4639,542.95123,920.15,263.35483,895.0323,850.3143,934.3815,700.0411
2005-03-10,535.14435,530.3415,910.6667,243.59677,891.5323,838.11426,929.04126,674.2466
2005-03-11,517.30927,518.8171,903.43335,255.06451,886.4113,828.4429,925.42267,652.0822
2005-03-12,486.2268,499.87805,891.3333,229.82259,877.69354,813.3143,918.52576,623.2055
2005-03-13,457.0309,486.52438,881.6,209.03226,871.7742,797.0,911.4639,598.274
2005-03-14,449.49484,480.73172,876.7,201.43549,869.0968,791.9143,908.75256,590.16437
2005-03-15,447.0,479.2805,874.2167,198.37097,867.9516,789.6857,908.15466,586.9178
2005-03-16,441.95877,478.10974,869.68335,205.90323,865.6855,785.54285,906.3505,579.83563
2005-03-17,436.7732,473.04877,869.2167,201.82259,863.2016,782.8,904.85565,575.52057
2005-03-18,433.0,470.90244,867.01666,199.56451,862.2742,780.5,904.0103,554.6712
2005-03-19,431.0825,469.68292,866.9,197.87097,862.75,781.97144,907.0928,571.23285
2005-03-20,479.06186,503.34146,911.15,218.43549,902.8629,827.3,950.51544,632.1781
2005-03-21,518.6701,521.59753,940.06665,253.8871,925.9839,861.4429,977.91754,683.3014
2005-03-22,539.08246,533.1707,962.3,278.96774,943.60486,885.45715,1003.30927,723.452
2005-03-23,591.4639,606.4878,1046.4333,268.53226,1016.69354,947.7714,1073.9175,792.7808
2005-03-24,624.433,621.46344,1058.0167,312.7097,1030.5483,971.32855,1082.6907,832.8904
2005-03-25,629.0103,625.2805,1082.3334,311.25806,1038.4274,979.2143,1078.299,834.1096
2005-03-26,631.3402,625.7561,1102.4667,312.7903,1038.3146,979.7714,1087.8351,833.9726
2005-03-27,632.0,624.3049,1110.25,306.30646,1037.8629,976.2143,1104.4434,820.8082
2005-03-28,648.8969,625.54877,1097.05,346.32257,1048.1532,988.6,1124.3711,862.47943
2005-03-29,665.0103,652.40247,1102.55,348.37097,1053.4517,999.34283,1129.4742,887.65753
2005-03-30,684.5051,652.03656,1106.5,347.46774,1053.4678,1016.4857,1139.237,905.1918
2005-03-31,687.8763,652.2805,1104.0667,367.2097,1053.5726,1017.45715,1138.0103,862.3014
2005-04-01,684.82477,643.8293,1127.5,334.98386,1046.629,1011.2714,1137.3815,896.8082
2005-04-02,677.25775,635.79266,1122.2667,322.8387,1009.1613,1002.24286,1135.4124,869.73975
2005-04-03,666.70105,626.9268,1117.7333,323.59677,1007.9758,995.4857,1134.8351,902.0137
2005-04-04,685.1134,632.54877,1137.5333,418.7903,1026.5807,1012.9143,1155.9485,924.0137
2005-04-05,692.3505,635.8171,1169.15,368.9516,1030.4032,1016.74286,1158.0619,928.6301
2005-04-06,674.3196,629.7439,1162.9,356.03226,1027.7822,1007.6,1155.5566,875.6712
2005-04-07,648.4949,614.7439,1151.3167,337.17743,1019.2016,992.34283,1147.8969,854.6712
2005-04-08,655.85565,616.6585,1159.65,401.2258,1025.6371,992.25714,1159.6392,880.0411
2005-04-09,681.6083,630.70734,1156.6833,401.7903,1040.9032,1020.9286,1184.2783,917.8082
2005-04-10,690.0928,632.36584,1177.3667,384.3387,1044.629,1023.1429,1169.8866,955.8767
2005-04-11,683.6701,641.6707,1187.8667,377.96774,1044.2178,1022.5571,1186.5258,949.64386
2005-04-12,670.57733,628.45123,1181.9,358.7258,1040.25,1015.4286,1183.134,940.28766
2005-04-13,662.81445,624.40247,1150.7167,393.64517,1033.4193,1007.9,1182.3608,937.1507
2005-04-14,662.85565,623.0,1150.75,332.0484,1032.242,1008.5857,1182.2681,935.2466
2005-04-15,659.0516,618.9268,1148.4667,349.51614,1029.9517,1004.54285,1178.8145,937.8082
2005-04-16,637.80414,610.0732,1141.35,358.91934,1023.0645,994.52856,1175.7423,873.548
2005-04-17,604.9794,590.5244,1145.0333,332.69354,1015.39514,980.5,1169.8041,893.31506
2005-04-18,594.6804,579.939,1133.2,316.67743,1008.9516,966.32855,1163.8041,857.1781
2005-04-19,593.4536,576.6707,1130.55,314.2097,1006.871,964.11426,1163.5876,879.28766
2005-04-20,591.7732,578.0,1130.8833,311.3387,1011.621,966.6,1166.67,849.83563
2005-04-21,588.70105,574.4268,1128.8667,310.96774,1027.7017,965.0571,1165.5979,846.9863
2005-04-22,576.19586,568.7561,1121.9667,292.85483,1023.8387,961.0,1159.8351,858.6712
2005-04-23,557.95874,562.4268,1113.65,269.5484,1020.2661,948.8571,1153.4949,837.9315
2005-04-24,554.70105,560.4878,1110.95,268.17743,1017.6774,943.9429,1153.4949,838.68494
2005-04-25,553.70105,561.6585,1114.4166,265.7903,998.0323,941.2,1153.1031,838.64386
2005-04-26,546.4949,554.3171,1110.35,253.64516,995.2339,936.3143,1149.8866,817.50684
2005-04-27,530.96906,545.62195,1100.3167,235.58064,988.95966,919.8143,1140.0413,772.8082
2005-04-28,524.75256,542.53656,1100.7333,224.19354,990.4355,915.2,1146.0825,774.49316
2005-04-29,521.08246,550.7561,1105.25,217.91936,994.4032,912.3143,1152.2166,741.0411
2005-04-30,511.56702,546.1585,1100.8167,207.19354,1013.371,902.4,1150.4227,756.28766
2005-05-01,500.85568,550.6707,1092.7833,197.08064,1018.0806,945.88574,1144.67,716.0822
2005-05-02,492.97937,530.1951,1086.6333,188.7258,1009.4274,934.5714,1139.7217,704.8767
2005-05-03,479.38144,523.64636,1079.5667,174.19354,997.0968,907.0714,1130.5876,710.56165
2005-05-04,463.64948,510.40244,1068.1833,155.12903,989.24194,881.2857,1121.237,663.2055
2005-05-05,448.56702,500.37805,1057.0333,145.59677,980.85486,862.5857,1112.4021,647.0959
2005-05-06,443.51547,517.1707,1075.6,135.91936,1010.55646,860.2,1125.0413,643.8219
2005-05-07,441.90723,524.46344,1076.7833,130.58064,1018.1129,860.9286,1126.2062,639.73975
2005-05-08,434.0309,523.39026,1074.9333,123.629036,1019.7258,856.6,1124.2681,651.7945
2005-05-09,445.0309,508.52438,1091.8,136.98387,1032.758,874.32855,1150.8041,679.31506
2005-05-10,473.43298,513.6585,1110.5834,152.1129,1050.9436,915.5143,1170.2166,677.43835
2005-05-11,474.26804,508.65854,1112.3167,134.29033,1052.008,924.0857,1176.5876,632.726
2005-05-12,463.80414,496.4634,1106.1333,145.41936,1059.7339,913.8714,1171.9175,660.31506
2005-05-13,446.37112,485.90244,1094.3167,128.93549,1052.1613,886.75714,1157.2268,635.3699
2005-05-14,420.64948,474.56097,1066.1,106.69355,1019.5161,861.7286,1141.1031,597.8219
2005-05-15,398.0103,458.02438,1037.0,88.30645,999.80646,831.9,1121.5464,558.2055
2005-05-16,379.5567,443.30487,1004.93335,89.41936,983.2177,806.2143,1092.8763,539.38354
2005-05-17,380.27835,458.2927,1009.38336,83.870964,995.6694,808.52856,1104.0928,543.7808
2005-05-18,379.6598,439.69513,1011.0333,87.20968,993.7177,766.45715,1109.5464,543.6986
2005-05-19,374.23712,426.06097,1000.43335,85.70968,973.75,749.34283,1099.0619,551.16437
2005-05-20,352.56702,412.32925,973.26666,81.629036,954.3145,722.8714,1082.8763,535.7534
2005-05-21,336.18558,397.5122,936.2,81.6129,928.50806,703.84283,1070.3815,524.83563
2005-05-22,314.24744,381.4878,918.6,73.17742,906.1774,678.8143,1055.1134,494.49316
2005-05-23,285.1031,361.87805,886.76666,63.112904,875.8226,648.7286,1036.3505,461.1507
2005-05-24,261.92783,344.80487,859.26666,54.580647,853.75806,618.97144,1013.86597,425.75342
2005-05-25,238.7629,328.39026,837.95,45.258064,822.94354,597.15717,991.95874,389.0137
2005-05-26,212.41237,306.30487,818.63336,33.258064,791.1613,570.5857,965.2165,348.8904
2005-05-27,184.81444,288.2561,789.0833,22.193548,754.4113,533.2286,936.03094,303.863
2005-05-28,159.4433,271.2561,759.61664,14.112904,722.0242,503.55713,905.28864,263.0959
2005-05-29,148.54639,258.13416,718.23334,12.5161295,675.7984,485.1,887.2268,248.89041
2005-05-30,143.79381,250.48781,698.65,11.887096,655.10486,478.32858,880.69073,239.58904
2005-05-31,133.29897,243.7561,681.86664,10.419354,643.1694,464.3143,866.7629,217.34247
2005-06-01,117.91753,228.41463,659.6667,9.0,625.7177,449.34286,842.567,184.31506
2005-06-02,106.22681,224.7561,621.2167,7.983871,604.79034,432.12857,820.6598,169.76712
2005-06-03,99.546394,219.60976,606.0833,7.403226,588.89514,420.64285,808.433,158.68494
2005-06-04,93.329895,212.89024,590.88336,6.83871,572.6613,410.34286,792.85565,145.95891
2005-06-05,85.30928,203.82927,572.86664,6.306452,556.5726,397.07144,761.7217,131.82191
2005-06-06,82.71134,199.91463,566.8,6.145161,547.35486,390.87143,739.4639,126.438354
2005-06-07,82.515465,198.85365,557.2833,5.5,541.2742,388.74286,732.8866,126.08219
2005-06-08,82.4433,198.40244,546.11664,5.580645,532.5887,386.9,723.433,125.287674
2005-06-09,83.04124,197.47562,543.4167,6.145161,528.25,383.37143,714.04126,124.9589
2005-06-10,77.01031,196.46341,539.1,5.822581,519.6694,370.45715,704.86597,115.46575
2005-06-11,71.5567,193.04878,511.98334,5.33871,504.37097,356.32858,688.3917,103.83562
2005-06-12,64.92783,188.82927,467.7,4.806452,485.85483,346.3143,666.1031,94.39726
2005-06-13,58.237114,179.36586,440.48334,4.193548,468.4516,332.75714,641.24744,82.72603
2005-06-14,48.226803,150.53659,386.01666,3.3064516,438.87903,312.85715,609.0928,70.328766
2005-06-15,39.02062,139.29268,357.33334,2.467742,442.15323,292.2,586.4433,60.561646
2005-06-16,32.185566,130.81708,339.61667,1.6774193,421.4355,274.32858,561.165,45.054794
2005-06-17,30.226805,127.0,333.15,1.5645162,412.1129,266.91428,552.1134,38.945206
2005-06-18,29.28866,126.52439,332.71667,1.4354838,409.83066,270.94287,555.25775,42.52055
2005-06-19,30.443298,126.39024,331.3,1.4354838,407.71774,267.07144,552.6804,41.123287
2005-06-20,27.226805,124.63415,325.88333,1.1935484,397.92743,260.3143,544.8969,37.246574
2005-06-21,22.051546,130.04878,311.7,0.66129035,380.39517,246.11429,523.86597,33.342464
2005-06-22,18.030928,120.46342,313.38333,0.14516129,366.23386,225.2,513.3196,29.630136
2005-06-23,13.865979,135.56097,296.33334,0.0,352.87903,185.88571,467.79382,25.369864
2005-06-24,10.206185,127.32927,279.78333,0.0,343.7903,171.22858,444.7835,20.739725
2005-06-25,7.7628865,120.79269,265.11667,0.0,321.3387,159.31429,424.3402,16.178082
2005-06-26,7.0,116.95122,255.66667,0.0,306.10483,151.67143,411.9691,12.958904
2005-06-27,5.443299,112.439026,244.95,0.0,295.4597,144.51428,399.28867,10.0
2005-06-28,4.0,106.939026,232.0,0.0,284.84677,136.61429,361.19586,7.4931507
2005-06-29,3.0618556,101.51219,218.85,0.0,274.53226,125.185715,327.94846,4.917808
2005-06-30,2.1340206,102.597565,201.61667,0.0,259.16934,110.21429,315.84537,1.6712328
2005-07-01,1.3402061,92.15854,178.7,0.0,242.03226,98.84286,287.15463,0.34246576
2005-07-02,0.7010309,83.42683,154.56667,0.0,223.12097,87.28571,258.81442,0.0
2005-07-03,0.14432989,73.71951,133.98334,0.0,206.49193,78.24286,235.13402,0.0
2005-07-04,0.0,64.585365,115.88333,0.0,195.1371,70.542854,214.13402,0.0
2005-07-05,0.0,58.243904,100.23333,0.0,180.00807,62.657143,193.30928,0.0
2005-07-06,0.0,53.048782,85.05,0.0,166.32259,62.04286,169.54639,0.0
2005-07-07,0.0,48.07317,70.683334,0.0,153.29839,54.085712,147.40207,0.0
2005-07-08,0.0,43.451218,58.4,0.0,139.95161,47.014286,127.43299,0.0
2005-07-09,0.0,39.853657,48.166668,0.0,129.4758,41.1,110.824745,0.0
2005-07-10,0.0,37.32927,41.016666,0.0,156.33871,37.114285,99.298965,0.0
2005-07-11,0.0,34.878048,35.3,0.0,145.6371,32.485714,86.92783,0.0
2005-07-12,0.0,30.939024,29.15,0.0,130.94354,27.1,71.948456,0.0
2005-07-13,0.0,25.939024,23.183332,0.0,120.6371,18.457144,51.70103,0.0
2005-07-14,0.0,22.109756,18.866667,0.0,100.491936,13.6285715,38.97938,0.0
2005-07-15,0.0,18.585365,14.7,0.0,82.91129,9.171429,27.597939,0.0
2005-07-16,0.0,15.597561,11.866667,0.0,69.67742,5.257143,19.01031,0.0
2005-07-17,0.0,12.195122,7.6833334,0.0,55.725807,2.2142856,12.896907,0.0
2005-07-18,0.0,9.426829,3.8833334,0.0,43.427418,1.1,8.051546,0.0
2005-07-19,0.0,6.6829267,1.4833333,0.0,34.475807,0.1,4.474227,0.0
2005-07-20,0.0,4.768293,0.51666665,0.0,26.911291,0.0,2.1752577,0.0
2005-07-21,0.0,3.4634147,0.0,0.0,19.903225,0.0,0.5051546,0.0
2005-07-22,0.0,2.3658535,0.0,0.0,14.92742,0.0,0.0,0.0
2005-07-23,0.0,1.3780488,0.0,0.0,11.330646,0.0,0.0,0.0
2005-07-24,0.0,0.4512195,0.0,0.0,8.080646,0.0,0.0,0.0
2005-07-25,0.0,0.0121951215,0.0,0.0,5.653226,0.0,0.0,0.0
2005-07-26,0.0,0.0,0.0,0.0,4.08871,0.0,0.0,0.0
2005-07-27,0.0,0.0,0.0,0.0,2.596774,0.0,0.0,0.0
2005-07-28,0.0,0.0,0.0,0.0,1.4193548,0.0,0.0,0.0
2005-07-29,0.0,0.0,0.0,0.0,0.58064514,0.0,0.0,0.0
2005-07-30,0.0,0.0,0.0,0.0,0.008064516,0.0,0.0,0.0
2005-07-31,0.0,0.0,0.0,0.0,0.0,0.0,0.0,0.0
2005-08-01,0.0,0.0,0.0,0.0,0.0,0.0,0.0,0.0
2005-08-02,0.0,0.0,0.0,0.0,0.0,0.0,0.0,0.0
2005-08-03,0.0,0.0,0.0,0.0,0.0,0.0,0.0,0.0
2005-08-04,0.0,0.0,0.0,0.0,0.0,0.0,0.0,0.0
2005-08-05,0.0,0.0,0.0,0.0,0.0,0.0,0.0,0.0
2005-08-06,0.0,0.0,0.0,0.0,0.0,0.0,0.0,0.0
2005-08-07,0.0,0.0,0.0,0.0,0.0,0.0,0.0,0.0
2005-08-08,0.0,0.0,0.0,0.0,0.0,0.0,0.0,0.0
2005-08-09,0.0,0.0,0.0,0.0,0.0,0.0,0.0,0.0
2005-08-10,0.0,0.0,0.0,0.0,0.0,0.0,0.0,0.0
2005-08-11,0.0,0.0,0.0,0.0,0.0,0.0,0.0,0.0
2005-08-12,0.0,0.0,0.0,0.0,0.0,0.0,0.0,0.0
2005-08-13,0.0,0.0,0.0,0.0,0.0,0.0,0.0,0.0
2005-08-14,0.0,0.0,0.0,0.0,0.0,0.0,0.0,0.0
2005-08-15,0.0,0.0,0.0,0.0,0.0,0.0,0.0,0.0
2005-08-16,0.0,0.1097561,0.0,0.0,0.0,0.0,0.0,0.0
2005-08-17,0.0,0.0,0.0,0.0,0.0,0.0,0.0,0.0
2005-08-18,0.0,0.0,0.0,0.0,0.0,0.0,0.0,0.0
2005-08-19,0.0,0.0,0.0,0.0,0.0,0.0,0.0,0.0
2005-08-20,0.0,0.0,0.0,0.0,0.0,0.0,0.0,0.0
2005-08-21,0.0,0.0,0.0,0.0,0.0,0.0,0.0,0.0
2005-08-22,0.0,0.0,0.0,0.0,0.0,0.0,0.0,0.0
2005-08-23,0.0,0.0,0.0,0.0,0.0,0.0,0.0,0.0
2005-08-24,0.0,0.0,0.0,0.0,0.0,0.0,0.0,0.0
2005-08-25,0.0,0.0,0.0,0.0,0.0,0.0,0.0,0.0
2005-08-26,0.0,0.0,0.0,0.0,0.0,0.0,0.0,0.0
2005-08-27,0.0,0.0,0.0,0.0,0.0,0.0,0.0,0.0
2005-08-28,0.0,0.0,0.0,0.0,0.0,0.0,0.0,0.0
2005-08-29,0.0,0.0,0.0,0.0,0.0,0.0,0.0,0.0
2005-08-30,0.0,0.0,0.0,0.0,0.0,0.0,0.0,0.0
2005-08-31,0.0,0.0,0.0,0.0,0.0,0.0,0.0,0.0
2005-09-01,0.0,0.0,0.0,0.0,0.0,0.0,0.0,0.0
2005-09-02,0.0,0.0,0.0,0.0,0.0,0.0,0.0,0.0
2005-09-03,0.0,0.0,0.0,0.0,0.0,0.0,0.0,0.0
2005-09-04,0.0,0.0,0.0,0.0,0.0,0.0,0.0,0.0
2005-09-05,0.0,0.0,0.0,0.0,0.0,0.0,0.0,0.0
2005-09-06,0.0,0.0,0.0,0.0,0.0,0.0,0.0,0.0
2005-09-07,0.0,0.0,0.0,0.0,0.0,0.0,0.0,0.0
2005-09-08,0.0,0.0,0.0,0.0,0.0,0.0,0.0,0.0
2005-09-09,0.0,0.0,0.0,0.0,0.0,0.0,0.0,0.0
2005-09-10,0.0,0.0,0.0,0.0,0.0,0.0,0.0,0.0
2005-09-11,0.0,0.0,0.0,0.0,0.0,0.0,0.0,0.0
2005-09-12,0.0,0.0,0.0,0.0,0.0,0.0,0.0,0.0
2005-09-13,0.0,0.0,0.0,0.0,0.0,0.0,0.0,0.0
2005-09-14,0.0,0.0,0.0,0.0,0.0,0.0,0.0,0.0
2005-09-15,0.0,0.0,0.0,0.0,0.0,0.0,0.0,0.0
2005-09-16,0.0,0.0,0.0,0.0,0.0,0.0,0.0,0.0
2005-09-17,0.0,0.0,0.0,0.0,0.0,0.0,0.0,0.0
2005-09-18,0.0,0.0,0.0,0.0,0.0,0.0,0.0,0.0
2005-09-19,0.0,0.0,0.0,0.0,0.0,0.0,0.0,0.0
2005-09-20,0.0,0.0,0.0,0.0,0.0,0.0,0.0,0.0
2005-09-21,0.0,1.5487804,0.0,0.0,0.12903225,0.0,0.0,0.0
2005-09-22,0.0,1.4878049,0.0,0.0,0.032258064,0.0,0.0,0.0
2005-09-23,0.0,0.74390244,0.0,0.0,0.0,0.0,0.0,0.0
2005-09-24,0.0,0.35365853,0.0,0.0,0.0,0.0,0.0,0.0
2005-09-25,0.0,0.3292683,0.0,0.0,0.0,0.0,0.0,0.0
2005-09-26,0.0,0.2804878,0.0,0.0,0.0,0.0,0.0,0.0
2005-09-27,0.0,3.207317,0.3,0.0,0.88709676,0.0,0.44329897,0.0
2005-09-28,0.0,2.7682927,0.11666667,0.0,0.48387095,0.0,0.17525773,0.0
2005-09-29,0.0,1.9756098,0.0,0.0,0.024193548,0.0,0.0,0.0
2005-09-30,0.0,0.79268295,0.0,0.0,0.0,0.0,0.0,0.0
2005-10-01,0.0,0.15853658,0.0,0.0,0.0,0.0,0.0,0.0
2005-10-02,0.0,0.06097561,0.0,0.0,0.0,0.0,0.0,0.0
2005-10-03,0.0,0.048780486,0.0,0.0,0.0,0.0,0.0,0.0
2005-10-04,0.0,0.048780486,0.0,0.0,0.0,0.0,0.0,0.0
2005-10-05,0.0,0.048780486,0.0,0.0,0.0,0.0,0.0,0.0
2005-10-06,0.0,0.048780486,0.0,0.0,0.0,0.0,0.0,0.0
2005-10-07,0.0,0.0121951215,0.0,0.0,0.0,0.0,0.0,0.0
2005-10-08,0.0,0.0,0.0,0.0,0.0,0.0,0.0,0.0
2005-10-09,0.0,0.0,0.0,0.0,0.0,0.0,0.0,0.0
2005-10-10,0.0,0.0,0.0,0.0,0.0,0.0,0.0,0.0
2005-10-11,0.0,0.0,0.0,0.0,0.0,0.0,0.0,0.0
2005-10-12,0.0,0.0,0.0,0.0,0.0,0.0,0.0,0.0
2005-10-13,0.0,0.0,0.0,0.0,0.0,0.0,0.0,0.0
2005-10-14,0.0,0.0,0.0,0.0,0.0,0.0,0.0,0.0
2005-10-15,0.0,0.0,0.0,0.0,0.0,0.0,0.0,0.0
2005-10-16,0.0,1.3536586,0.0,0.0,0.04032258,0.0,0.0,0.0
2005-10-17,0.0,0.75609756,0.0,0.0,0.04032258,0.0,0.0,0.0
2005-10-18,0.0,1.3170732,0.0,0.0,0.024193548,0.0,0.0,0.0
2005-10-19,0.0,1.2804878,0.0,0.0,0.048387095,0.0,0.0,0.0
2005-10-20,0.0,1.3780488,0.0,0.0,0.04032258,0.0,0.0,0.0
2005-10-21,0.0,1.2682927,0.0,0.0,0.032258064,0.0,0.0,0.0
2005-10-22,0.0,1.1585366,0.0,0.0,0.0,0.0,0.0,0.0
2005-10-23,0.0,0.9390244,0.0,0.0,0.0,0.0,0.0,0.0
2005-10-24,0.0,0.6219512,0.0,0.0,0.0,0.0,0.0,0.0
2005-10-25,0.0,0.7195122,0.0,0.0,0.024193548,0.0,0.0,0.0
2005-10-26,0.0,0.597561,0.0,0.0,0.024193548,0.0,0.0,0.0
2005-10-27,0.0,0.81707317,0.11666667,1.5806452,0.024193548,0.042857144,0.40206185,0.05479452
2005-10-28,0.8969072,2.0609756,5.6833334,2.403226,3.612903,2.2571428,6.6391754,0.5068493
2005-10-29,0.814433,2.804878,5.25,3.032258,4.548387,2.2428572,7.0,1.9726027
2005-10-30,0.742268,2.792683,3.7666667,2.7741935,3.9274194,1.8857143,5.814433,1.7260274
2005-10-31,0.34020618,2.792683,3.4166667,2.3548386,3.8387096,1.2428571,4.257732,1.1095891
2005-11-01,0.0,1.5609756,0.38333333,1.2258065,1.4596775,0.31428573,1.4329897,0.16438356
2005-11-02,0.0,1.1707317,0.0,0.87096775,0.21774194,0.014285714,0.34020618,0.0
2005-11-03,0.010309278,1.1707317,0.0,5.209677,0.21774194,0.2,0.63917524,0.0
2005-11-04,3.2061856,0.9390244,0.016666668,18.241936,0.21774194,0.37142858,0.8453608,11.369863
2005-11-05,5.4639177,0.91463417,0.016666668,17.967741,0.21774194,0.6142857,0.78350514,13.808219
2005-11-06,5.0515466,1.1585366,0.0,18.225807,0.21774194,0.42857143,0.7628866,13.7260275
2005-11-07,2.6597939,1.4756098,0.0,14.66129,0.21774194,0.24285714,0.5051546,10.547945
2005-11-08,2.6494846,1.1829268,0.68333334,23.629032,0.63709676,2.2142856,3.742268,8.739726
2005-11-09,1.2680413,1.1829268,1.25,19.693548,1.5645162,2.8142858,5.4639177,5.657534
2005-11-10,0.5154639,1.1829268,0.6333333,16.64516,1.3225807,2.5714285,4.628866,2.1232877
2005-11-11,0.082474224,2.2195122,0.53333336,15.274194,1.4032258,2.1571429,4.340206,1.0136986
2005-11-12,0.010309278,2.6463416,0.48333332,14.887096,1.4032258,2.1142857,4.3608246,0.739726
2005-11-13,0.0,2.6463416,0.38333333,14.435484,1.548387,1.8714286,4.0206184,0.4520548
2005-11-14,0.0,2.2317073,0.13333334,13.548388,1.3467742,1.4571428,3.2371135,0.24657534
2005-11-15,0.0,2.4756098,0.0,12.67742,1.016129,1.1857142,2.5360825,0.08219178
2005-11-16,0.0,1.5609756,0.0,11.451612,0.28225806,1.0285715,1.9896908,0.0
2005-11-17,0.0,1.804878,0.0,11.16129,0.12903225,0.5857143,1.4020618,0.0
2005-11-18,0.0,1.6463414,0.0,9.919354,0.048387095,0.4,1.0721649,0.0
2005-11-19,0.0,1.4390244,0.0,8.709678,0.008064516,0.14285715,0.68041235,0.0
2005-11-20,0.0,1.2195122,0.0,7.548387,0.0,0.0,0.3298969,0.0
2005-11-21,0.0,1.1707317,0.0,6.387097,0.0,0.0,0.11340206,0.0
2005-11-22,0.0,1.1585366,0.0,5.548387,0.0,0.0,0.05154639,0.0
2005-11-23,0.0,1.1097561,0.0,6.66129,0.0,0.0,0.020618556,0.0
2005-11-24,0.0,1.1097561,0.0,6.177419,0.0,0.0,0.0,0.0
2005-11-25,0.0,1.1097561,0.0,5.870968,0.0,0.0,0.0,0.0
2005-11-26,11.3092785,0.8780488,4.483333,22.048388,0.20967741,6.928571,6.8247423,14.657535
2005-11-27,12.43299,0.8902439,4.4666667,20.67742,0.21774194,7.285714,7.123711,15.369863
2005-11-28,13.969072,0.8902439,4.483333,21.629032,0.21774194,7.1,7.1649485,15.465754
2005-11-29,40.072166,2.0243902,23.15,41.66129,10.57258,41.07143,37.793816,37.72603
2005-11-30,57.4433,3.2804878,36.383335,49.79032,18.951612,57.271427,55.340206,47.452053
2005-12-01,61.5567,3.390244,41.516666,72.77419,18.39516,59.057144,58.45361,59.10959
2005-12-02,101.95876,30.536585,138.38333,90.435486,104.435486,119.38571,148.53609,92.60274
2005-12-03,104.50516,60.5,150.13333,85.51613,124.379036,124.78571,156.36082,93.69863
2005-12-04,104.58763,60.987804,150.06667,85.40323,124.6371,125.171425,156.36082,97.54794
2005-12-05,104.57732,60.682926,149.51666,85.19355,123.28226,127.85714,156.48454,98.50685
2005-12-06,104.81443,60.256096,148.6,78.79032,121.064514,128.18571,156.60825,96.9863
2005-12-07,104.98969,58.97561,148.45,86.935486,120.951614,128.5,156.47423,96.31507
2005-12-08,110.56701,61.19512,154.65,89.435486,127.65323,135.22858,162.7732,95.58904
2005-12-09,111.16495,60.76829,155.46666,88.67742,130.04839,137.78572,164.04124,94.27397
2005-12-10,111.18557,60.012196,154.75,87.27419,130.01613,137.87143,163.71133,93.136986
2005-12-11,108.28866,58.682926,153.86667,79.98387,129.70967,137.95714,163.38144,98.0685
2005-12-12,106.47423,57.67073,153.56667,76.0,129.42741,136.61429,163.17526,95.45206
2005-12-13,105.09278,57.17073,155.78334,77.96774,129.53226,136.35715,164.65979,93.9315
2005-12-14,103.93814,57.317074,155.6,77.19355,128.84677,135.62857,164.28867,91.31507
2005-12-15,100.65979,56.939026,154.98334,75.854836,129.29033,134.8,163.93814,114.08219
2005-12-16,98.84536,56.865852,154.91667,74.46774,129.16129,134.7,163.06186,113.68493
2005-12-17,97.237114,56.853657,155.58333,72.935486,129.4758,133.91429,164.04124,112.34247
2005-12-18,107.18557,60.0,171.83333,88.548386,136.95967,167.67143,194.40207,126.58904
2005-12-19,140.97939,99.0,232.18333,102.935486,205.33064,220.44286,252.14433,113.58904
2005-12-20,139.41237,102.51219,234.98334,111.72581,206.23387,225.75714,261.28867,132.19179
2005-12-21,137.50516,100.5,239.46666,110.48387,206.81451,224.94286,262.69073,136.137
2005-12-22,146.07216,98.10976,255.83333,109.46774,209.66936,230.5,282.2165,135.47945
2005-12-23,139.72165,93.86585,263.91666,90.741936,209.59677,236.37143,296.40207,131.0685
2005-12-24,134.89691,90.47561,262.76666,87.67742,207.7258,234.55714,294.93814,121.671234
2005-12-25,130.26804,86.84146,259.23334,85.51613,205.54033,231.31429,294.36084,116.945206
2005-12-26,148.70103,90.89024,278.56668,94.951614,219.26613,252.58571,324.5464,165.21918
2005-12-27,169.17526,104.12195,298.06668,111.29032,239.25,274.44287,344.87628,183.9178
2005-12-28,183.97939,101.28049,303.75,118.8871,240.75,288.07144,358.6598,179.24658
2005-12-29,206.06186,102.98781,328.75,134.96774,264.42743,309.95715,390.35052,228.36986
2005-12-30,209.70103,103.62195,329.4,162.7258,264.16934,314.22858,393.4742,208.79453
2005-12-31,250.26804,106.731705,378.93332,175.96774,292.94354,351.1,444.37112,290.54794
2006-01-01,284.24744,160.01219,441.76666,193.79033,368.1613,400.82858,495.5567,310.76712
2006-01-02,311.85568,219.52438,493.1,298.90323,423.58066,437.64285,544.1031,343.41095
2006-01-03,343.24744,286.36584,515.5,275.2742,503.30646,493.62857,608.6495,372.9041
2006-01-04,347.85568,289.65854,521.36664,322.2742,506.4758,497.3857,609.18555,381.45206
2006-01-05,352.26804,289.5366,576.56665,252.2258,508.30646,496.9,616.1134,372.0
2006-01-06,345.87628,289.09756,576.18335,284.91934,507.99194,496.17142,617.2371,375.47946
2006-01-07,338.81442,289.0366,574.7,277.12903,508.1371,495.45715,617.85565,353.19177
2006-01-08,339.18558,288.73172,575.8333,275.7903,508.9516,498.2,619.84534,362.43835
2006-01-09,338.0309,288.7439,574.61664,266.0645,508.9597,497.7143,619.96906,374.50684
2006-01-10,334.0309,287.86584,572.35,261.62903,509.33066,497.2143,619.5567,347.0959
2006-01-11,331.46393,287.60974,571.6,271.30646,509.44354,497.08572,619.5567,345.863
2006-01-12,335.06186,287.39026,571.9,242.09677,509.6855,499.17142,620.567,373.93152
2006-01-13,332.76288,287.06097,571.5333,246.54839,510.67743,499.01428,620.0516,347.52054
2006-01-14,330.92783,286.73172,570.01666,297.69354,510.7258,502.9,622.5567,417.32877
2006-01-15,382.62888,314.14633,608.98334,329.0645,547.75806,546.6286,669.29895,479.1507
2006-01-16,385.38144,320.31708,604.1,331.91934,550.3387,548.5571,657.41235,413.274
2006-01-17,388.15463,318.30487,604.15,329.87097,550.9032,550.17145,657.5051,436.76712
2006-01-18,403.82474,319.7805,606.06665,399.74194,557.871,563.9429,673.4536,461.0411
2006-01-19,439.82474,329.9878,575.2167,411.62903,576.00806,585.32855,697.25775,498.31506
2006-01-20,442.6701,330.2561,570.93335,376.0645,576.60486,587.0143,688.40204,481.54794
2006-01-21,444.07217,330.5122,627.5,439.48386,577.05646,588.1286,695.80414,474.0959
2006-01-22,444.49484,330.54877,626.63336,374.67743,576.9677,588.52856,695.0206,463.0959
2006-01-23,446.80414,330.9878,626.7833,401.25806,576.879,588.7143,694.86597,454.57535
2006-01-24,447.1031,330.95123,625.48334,371.74194,576.8145,588.95715,694.7835,477.91782
2006-01-25,448.72165,331.34146,637.86664,408.5645,578.6532,587.5857,694.81445,437.8493
2006-01-26,450.2268,331.87805,637.88336,398.7258,578.4274,587.67145,694.71136,455.64383
2006-01-27,453.9897,331.7439,627.35,442.4516,576.8387,590.02856,700.3815,481.8493
2006-01-28,457.19586,331.85367,626.2167,447.2903,576.8387,590.34283,699.41235,472.0959
2006-01-29,477.46393,331.06097,576.8,465.09677,578.2823,598.7286,701.62885,507.28766
2006-01-30,480.36084,330.5,652.0333,445.14517,580.2742,599.52856,722.3917,495.93152
2006-01-31,502.51547,333.04877,659.0833,480.17743,586.7177,613.9286,734.52576,520.46576
2006-02-01,508.71133,333.07318,658.31665,466.14517,587.1855,615.1286,734.1031,505.1233
2006-02-02,520.8763,331.87805,659.5,474.35483,586.4516,617.95715,738.2783,586.274
2006-02-03,525.9897,330.9634,660.26666,458.98386,585.9113,623.4429,741.5567,556.6027
2006-02-04,525.5567,329.59756,658.4167,425.48386,585.74194,621.9143,740.7835,487.21918
2006-02-05,534.4536,328.73172,657.81665,437.6129,585.4677,624.0143,741.2268,563.49316
2006-02-06,535.0618,328.12195,655.95,417.2097,585.4758,623.2,740.3815,606.4247
2006-02-07,536.1031,326.95123,654.26666,459.37097,584.0968,622.0857,740.4639,532.1507
2006-02-08,530.03094,325.84146,650.61664,521.9516,583.49194,619.75714,740.0,607.8219
2006-02-09,521.69073,323.4634,646.0833,402.5645,581.1129,618.45715,739.04126,598.7534
2006-02-10,515.26807,318.62195,642.06665,371.2097,579.0887,616.8571,738.29895,556.0
2006-02-11,505.9691,313.64633,638.98334,370.14517,577.24194,612.5571,737.4639,581.38354
2006-02-12,492.86597,308.19513,635.98334,376.3387,575.39514,607.74286,736.6804,584.64386
2006-02-13,476.90723,302.57318,632.8,355.2097,573.1774,604.0857,736.0618,585.56165
2006-02-14,467.0309,296.59756,629.18335,340.0484,570.379,604.9,734.84534,537.38354
2006-02-15,466.0,294.7805,628.76666,338.75806,569.7177,604.3,734.7732,635.3973
2006-02-16,466.82474,294.62195,621.35,339.2742,568.9839,606.3,735.4639,520.5753
2006-02-17,469.83505,294.39026,613.56665,338.2258,569.0887,607.32855,723.69073,516.0137
2006-02-18,487.3402,301.93903,593.8,458.0484,585.1371,618.5571,737.03094,570.47943
2006-02-19,496.87628,303.92682,604.7,406.96774,594.1774,625.45715,746.42267,562.16437
2006-02-20,499.0309,306.31708,608.3333,408.41934,602.0484,628.8,749.3402,564.6986
2006-02-21,498.53607,305.73172,608.63336,397.1129,602.2016,628.38574,749.5361,529.53424
2006-02-22,499.38144,305.19513,597.7833,377.85483,602.1129,628.9143,735.57733,552.53424
2006-02-23,499.5258,306.7073,646.25,376.32257,601.80646,628.4,751.40204,544.3699
2006-02-24,490.70102,305.7927,646.4167,357.82257,600.75806,626.84283,752.2783,539.38354
2006-02-25,483.73196,304.60974,644.88336,347.9516,599.9032,624.4429,750.84534,529.9315
2006-02-26,479.95877,300.63416,651.13336,348.3387,599.3306,621.3714,748.74225,541.0137
2006-02-27,480.53607,299.37805,658.7,390.69354,590.9516,624.3714,759.15466,534.548
2006-02-28,500.59793,335.60974,716.65,362.9516,657.8871,644.7,808.62885,556.6986
2006-03-01,518.8763,344.7073,731.06665,412.8387,674.379,652.5,819.81445,555.1096
2006-03-02,524.8969,345.64633,739.8,481.19354,674.25,654.2,825.8763,565.49316
2006-03-03,554.3196,348.07318,744.0833,401.7258,690.5,683.8714,851.08246,594.2192
2006-03-04,586.47424,365.23172,745.0,479.90323,733.44354,719.0143,884.25775,605.7808
2006-03-05,587.70105,368.52438,744.73334,400.09677,731.85486,720.4429,883.48456,608.9726
2006-03-06,595.40204,369.95123,749.98334,650.1613,748.871,729.24286,890.73193,620.64386
2006-03-07,620.7938,392.92682,821.31665,601.4032,775.70966,749.95715,915.8866,795.68494
2006-03-08,638.85565,401.68292,774.81665,594.9839,770.7742,761.4,914.165,655.38354
2006-03-09,645.41235,403.2805,822.7833,607.0484,774.80646,771.6429,912.9897,817.71234
2006-03-10,663.14435,409.82925,792.15,628.0484,786.1855,796.1286,937.15466,721.46576
2006-03-11,683.86597,419.30487,804.5,688.19354,796.6532,813.1429,948.9897,704.8219
2006-03-12,691.3815,424.84146,810.25,633.0323,803.1694,817.1,952.73193,864.43835
2006-03-13,697.91754,428.80487,812.0333,673.0323,806.25,819.6286,952.7835,748.71234
2006-03-14,706.0618,439.4878,811.81665,728.0484,805.121,825.0571,956.04126,770.83563
2006-03-15,735.24744,439.06097,831.38336,754.4516,824.871,855.8143,977.84534,802.64386
2006-03-16,739.80414,440.5122,828.5833,730.8226,823.0887,832.9143,975.96906,750.6301
2006-03-17,747.1031,440.63416,835.76666,783.129,823.4032,835.3,987.3402,958.46576
2006-03-18,764.5567,443.06097,849.43335,736.9032,835.2177,850.38574,999.48456,933.3699
2006-03-19,767.6185,444.2561,851.6,724.0,843.5968,852.7143,1000.85565,926.43835
2006-03-20,767.4433,444.9878,849.75,725.35486,845.10486,853.4143,996.51544,801.3014
2006-03-21,774.25775,462.19513,879.0333,758.70966,871.4274,866.6286,1024.3093,818.7945
2006-03-22,775.30927,464.56097,864.36664,732.4839,867.7016,867.4286,1002.2783,814.73975
2006-03-23,777.29895,465.67075,873.95,739.3871,866.4758,868.4143,1015.9072,989.0
2006-03-24,776.835,461.7439,933.13336,653.1774,864.9355,864.1429,1022.835,816.35614
2006-03-25,780.3917,457.32925,931.55,663.85486,862.2742,861.65717,1026.8453,922.9589
2006-03-26,832.0,470.86584,899.95,676.29034,896.69354,898.75714,1054.8145,931.7534
2006-03-27,832.75256,470.09756,900.06665,664.6129,890.6129,901.52856,1055.7319,833.726
2006-03-28,833.6598,478.45123,969.88336,652.4516,904.2339,898.3714,1068.0928,936.2055
2006-03-29,856.95874,519.62195,1003.2,668.7258,959.6855,926.7857,1101.7834,1040.9315
2006-03-30,857.69073,522.0854,1003.26666,654.4032,950.9677,928.5143,1097.6289,945.13696
2006-03-31,864.6495,523.35364,1007.31665,628.4194,957.50806,938.11426,1105.3608,880.0137
2006-04-01,901.1237,532.60974,1038.9333,764.4355,981.4194,971.7286,1134.5051,929.3288
2006-04-02,904.62885,547.1585,1041.1666,652.9355,983.0968,977.7286,1133.4742,1127.9452
2006-04-03,914.85565,549.8293,1071.95,719.9677,999.6532,992.5571,1151.9381,1050.2739
2006-04-04,929.1031,575.14636,1115.8334,725.0968,1082.879,1020.24286,1188.7938,1127.1096
2006-04-05,965.18555,613.5854,1175.1,729.9355,1144.0726,1067.1,1242.237,1128.0137
2006-04-06,974.0206,630.5122,1190.3334,706.4032,1159.8226,1076.8715,1251.0928,1148.5068
2006-04-07,974.433,629.5122,1189.4333,675.5806,1159.9597,1076.7142,1249.7319,1146.3151
2006-04-08,979.0516,626.939,1194.5333,691.0161,1160.9032,1076.3429,1255.4949,1153.7261
2006-04-09,979.8866,624.59753,1197.1833,689.0,1161.5646,1075.3857,1256.6083,1156.6028
2006-04-10,986.6598,623.439,1200.2167,721.5968,1160.6774,1076.7428,1260.33,1170.8082
2006-04-11,1001.57733,623.35364,1209.8167,694.0484,1162.2822,1090.6714,1271.2062,1182.6165
2006-04-12,1011.0928,626.13416,1221.1666,723.3871,1168.2017,1100.2285,1281.8969,1201.4657
2006-04-13,1011.6804,622.20734,1241.3334,705.5323,1171.3307,1098.6285,1282.299,1243.0548
2006-04-14,1008.6701,616.0,1235.8,697.5484,1170.9354,1090.2285,1280.1134,1208.2054
2006-04-15,1004.70105,619.12195,1239.9166,729.9839,1172.4354,1083.8429,1282.1134,1172.6438
2006-04-16,1010.1031,619.9878,1238.9,771.75806,1172.7742,1085.1714,1282.1649,1200.4384
2006-04-17,1081.33,625.0,1245.3833,912.24194,1186.8871,1140.2142,1302.3917,1315.411
2006-04-18,1082.6083,626.95123,1251.3,769.4194,1191.8307,1143.2428,1312.0,1270.137
2006-04-19,1085.7319,625.7439,1256.3667,774.14514,1187.629,1141.2,1321.7834,1283.2329
2006-04-20,1079.9485,617.4268,1267.45,874.0645,1187.0242,1128.6714,1312.1547,1271.2192
2006-04-21,1061.9072,601.7195,1258.9833,782.4032,1182.8146,1116.4,1307.3093,1343.2877
2006-04-22,1045.8866,591.95123,1255.8334,744.2258,1174.7822,1109.9286,1307.3402,1323.9589
2006-04-23,1036.0721,596.20734,1257.8833,834.629,1175.742,1112.9714,1312.2268,1325.7534
2006-04-24,1028.5051,599.3293,1260.05,822.79034,1185.75,1110.1,1313.7423,1320.9315
2006-04-25,1013.25775,600.061,1256.5834,814.4194,1181.2017,1102.1714,1311.4536,1194.1918
2006-04-26,997.18555,594.5732,1253.7,836.9839,1181.008,1092.3286,1309.9794,1326.5068
2006-04-27,971.2165,592.5,1247.1167,815.14514,1177.3871,1079.6285,1300.8145,1152.904
2006-04-28,935.58765,580.7805,1236.75,773.3387,1164.8387,1056.3286,1290.9279,1119.0137
2006-04-29,887.71136,562.2317,1220.1833,721.871,1149.5646,1032.1571,1280.8557,1035.3287
2006-04-30,849.6083,540.20734,1202.1333,639.0161,1134.5,1012.0571,1269.1753,1180.9589
2006-05-01,791.28864,514.96344,1182.75,607.20966,1120.9032,990.3714,1257.1443,1158.8904
2006-05-02,754.03094,492.5366,1162.9,560.79034,1092.2822,969.52856,1243.2783,1123.4384
2006-05-03,729.5051,470.82925,1145.2333,561.85486,1097.8871,947.17145,1229.7319,941.9452
2006-05-04,709.5051,455.36584,1131.1833,510.37097,1083.4193,919.9857,1219.1547,919.4247
2006-05-05,691.82477,448.89026,1118.0333,484.03226,1070.7661,900.02856,1210.3815,891.76715
2006-05-06,672.4639,433.80487,1104.4833,466.03226,1057.4678,883.7714,1196.8866,869.47943
2006-05-07,653.13403,423.97562,1088.8667,458.51614,1041.008,866.7143,1179.5258,839.49316
2006-05-08,631.5464,412.41464,1069.0834,432.1613,1016.5726,844.9429,1164.433,813.2192
2006-05-09,609.6495,400.34146,1051.25,408.51614,993.2339,824.8571,1152.6907,791.1233
2006-05-10,588.5567,394.9878,1027.4667,438.01614,975.7823,804.9143,1137.1237,766.86304
2006-05-11,564.57733,378.73172,1004.76666,400.7742,944.1532,783.1,1121.2577,732.71234
2006-05-12,542.4433,360.76828,977.48334,363.5645,916.2984,757.1429,1103.0721,695.9178
2006-05-13,509.38144,340.97562,945.5833,328.0645,879.0887,727.2857,1081.8866,659.9041
2006-05-14,475.9691,322.56097,914.65,297.2903,847.9194,698.4,1056.0,625.76715
2006-05-15,443.68042,301.82925,874.38336,258.87097,821.3387,665.11426,1021.82477,588.1233
2006-05-16,407.05154,285.31708,828.11664,219.37097,783.7742,636.5857,990.30927,548.7534
2006-05-17,356.83505,267.08536,777.76666,184.30646,742.7339,600.0571,952.0,590.9726
2006-05-18,315.24744,256.32925,711.65,168.59677,688.95966,564.04285,916.7629,548.9315
2006-05-19,284.82474,244.0,668.15,150.17741,667.4113,532.4143,881.80414,512.6986
2006-05-20,265.58762,233.81708,642.73334,142.14516,646.0645,503.58572,864.14435,493.52054
2006-05-21,246.93814,226.53659,622.35,136.5,631.75,481.9,847.6598,476.8767
2006-05-22,235.20619,237.59756,643.1,133.24193,643.49194,477.2,865.58765,467.8767
2006-05-23,224.52577,240.32927,645.81665,130.82259,637.5645,473.34286,871.5464,463.68494
2006-05-24,215.94846,238.51219,637.45,127.46774,628.5323,465.22858,861.42267,455.60275
2006-05-25,201.54639,236.81708,622.2,124.048386,618.05646,450.8143,842.28864,442.30136
2006-05-26,189.01031,229.7439,604.01666,119.41936,608.4194,433.91428,826.51544,430.0137
2006-05-27,183.68042,220.48781,599.01666,117.758064,600.8145,425.7857,814.73193,427.75342
2006-05-28,184.39175,215.78049,600.2833,107.03226,592.0645,419.48572,813.1031,452.08218
2006-05-29,186.21649,212.60976,597.06665,109.91936,596.9516,427.2143,808.17523,431.53424
2006-05-30,180.37114,206.31708,589.93335,115.548386,589.879,423.47144,794.57733,421.93152
2006-05-31,170.58763,201.64635,571.45,109.0,577.14514,411.4,760.7629,402.863
2006-06-01,155.92784,186.90244,545.25,99.32258,561.8468,391.41428,736.42267,376.31506
2006-06-02,139.05154,159.80487,517.0833,91.40323,566.3306,370.95715,707.8969,348.60275
2006-06-03,124.04124,151.2317,491.01666,84.548386,551.44354,350.01428,682.9484,322.08218
2006-06-04,109.83505,149.81708,422.16666,75.6129,531.2823,316.45715,640.7629,290.60275
2006-06-05,93.96907,128.7561,383.63333,68.22581,510.7258,296.04285,607.0206,263.76712
2006-06-06,76.75258,116.21951,341.31668,60.741936,482.19354,272.48572,571.29895,227.0822
2006-06-07,67.824745,120.52439,303.31668,53.080647,462.10483,237.11429,527.6804,195.0137
2006-06-08,59.27835,114.48781,300.63333,47.241936,431.7016,201.21428,504.75256,170.41096
2006-06-09,52.45361,108.36585,285.36667,44.33871,410.53226,185.84285,482.02063,154.10959
2006-06-10,46.350517,103.69512,272.83334,41.548386,395.89517,172.22858,463.3402,140.75342
2006-06-11,41.28866,96.42683,259.9,38.451614,375.1613,160.87143,444.04123,127.84931
2006-06-12,34.525772,89.71951,246.56667,35.580647,358.2742,148.68571,410.4742,112.821915
2006-06-13,28.907217,87.768295,236.85,33.822582,342.90323,138.98572,374.53607,101.35616
2006-06-14,27.845362,87.52439,234.31667,32.774193,330.2742,135.54286,366.4742,98.0
2006-06-15,25.773195,86.68293,229.16667,31.338709,317.9758,130.58571,357.5567,92.095894
2006-06-16,23.597939,85.32927,219.28334,29.0,301.9355,122.942856,341.97937,83.69863
2006-06-17,18.371134,83.902435,202.23334,25.161291,283.78226,111.77143,320.0103,70.42466
2006-06-18,12.917526,75.52439,181.4,22.532259,261.2016,98.57143,261.0309,55.50685
2006-06-19,8.268042,67.560974,162.46666,20.580645,237.15323,87.442856,239.21649,38.82192
2006-06-20,6.329897,61.634148,145.56667,18.709677,211.8871,78.72857,220.41237,32.575344
2006-06-21,4.731959,55.73171,127.8,16.258064,191.74193,61.92857,201.51546,28.082191
2006-06-22,2.8969073,48.890244,106.71667,13.806452,173.43549,50.885715,178.8866,21.794521
2006-06-23,1.7731959,40.585365,89.6,12.290322,155.66936,42.32857,152.96907,14.109589
2006-06-24,0.30927834,32.73171,70.88333,10.532258,135.94354,34.07143,124.37113,6.767123
2006-06-25,0.0,32.317074,53.75,8.467742,138.26613,23.785715,94.84536,1.479452
2006-06-26,0.0,25.804878,40.65,6.435484,123.3629,16.642857,72.08247,0.04109589
2006-06-27,0.0,21.756098,29.733334,4.483871,100.41936,11.485714,53.82474,0.0
2006-06-28,0.0,19.40244,23.05,2.8225806,82.30645,8.971429,42.103092,0.0
2006-06-29,0.0,17.670732,19.033333,1.7258065,71.120964,7.3285713,34.948452,0.0
2006-06-30,0.0,15.646341,15.333333,0.5322581,61.274193,5.6,27.824741,0.0
2006-07-01,0.0,14.085366,11.683333,0.0,52.169353,4.2285714,21.072165,0.0
2006-07-02,0.0,12.646341,8.133333,0.0,44.846775,2.7142856,14.927835,0.0
2006-07-03,0.0,11.146341,5.733333,0.0,39.701614,1.3714286,9.907216,0.0
2006-07-04,0.0,9.329268,4.4,0.0,34.5,0.67142856,5.7216496,0.0
2006-07-05,0.0,7.97561,3.0166667,0.0,30.0,0.0,2.8247423,0.0
2006-07-06,0.0,6.890244,1.95,0.0,26.532259,0.0,1.113402,0.0
2006-07-07,0.0,5.902439,1.3166667,0.0,23.782259,0.0,0.35051546,0.0
2006-07-08,0.0,4.914634,0.73333335,0.0,19.862904,0.0,0.0,0.0
2006-07-09,0.0,4.012195,0.06666667,0.0,15.693548,0.0,0.0,0.0
2006-07-10,0.0,3.1463416,0.0,0.0,12.056452,0.0,0.0,0.0
2006-07-11,0.0,2.3292682,0.0,0.0,8.790322,0.0,0.0,0.0
2006-07-12,0.0,1.6097561,0.0,0.0,6.7419353,0.0,0.0,0.0
2006-07-13,0.0,1.0,0.0,0.0,5.572581,0.0,0.0,0.0
2006-07-14,0.0,0.29268292,0.0,0.0,4.322581,0.0,0.0,0.0
2006-07-15,0.0,0.0,0.0,0.0,3.2741935,0.0,0.0,0.0
2006-07-16,0.0,0.0,0.0,0.0,2.0403225,0.0,0.0,0.0
2006-07-17,0.0,0.0,0.0,0.0,0.7983871,0.0,0.0,0.0
2006-07-18,0.0,0.0,0.0,0.0,0.06451613,0.0,0.0,0.0
2006-07-19,0.0,0.0,0.0,0.0,0.0,0.0,0.0,0.0
2006-07-20,0.0,0.0,0.0,0.0,0.0,0.0,0.0,0.0
2006-07-21,0.0,0.0,0.0,0.0,0.0,0.0,0.0,0.0
2006-07-22,0.0,0.0,0.0,0.0,0.0,0.0,0.0,0.0
2006-07-23,0.0,0.0,0.0,0.0,0.0,0.0,0.0,0.0
2006-07-24,0.0,0.0,0.0,0.0,0.0,0.0,0.0,0.0
2006-07-25,0.0,0.0,0.0,0.0,0.0,0.0,0.0,0.0
2006-07-26,0.0,0.0,0.0,0.0,0.0,0.0,0.0,0.0
2006-07-27,0.0,0.0,0.0,0.0,0.0,0.0,0.0,0.0
2006-07-28,0.0,0.0,0.0,0.0,0.0,0.0,0.0,0.0
2006-07-29,0.0,0.0,0.0,0.0,0.0,0.0,0.0,0.0
2006-07-30,0.0,0.0,0.0,0.0,0.0,0.0,0.0,0.0
2006-07-31,0.0,0.0,0.0,0.0,0.0,0.0,0.0,0.0
2006-08-01,0.0,0.0,0.0,0.0,0.0,0.0,0.0,0.0
2006-08-02,0.0,0.0,0.0,0.0,0.0,0.0,0.0,0.0
2006-08-03,0.0,0.0,0.0,0.0,0.0,0.0,0.0,0.0
2006-08-04,0.0,0.0,0.0,0.0,0.0,0.0,0.0,0.0
2006-08-05,0.0,0.0,0.0,0.0,0.0,0.0,0.0,0.0
2006-08-06,0.0,0.0,0.0,0.0,0.0,0.0,0.0,0.0
2006-08-07,0.0,0.0,0.0,0.0,0.0,0.0,0.0,0.0
2006-08-08,0.0,0.0,0.0,0.0,0.0,0.0,0.0,0.0
2006-08-09,0.0,0.0,0.0,0.0,0.0,0.0,0.0,0.0
2006-08-10,0.0,0.0,0.0,0.0,0.0,0.0,0.0,0.0
2006-08-11,0.0,0.0,0.0,0.0,0.0,0.0,0.0,0.0
2006-08-12,0.0,0.0,0.0,0.0,0.0,0.0,0.0,0.0
2006-08-13,0.0,0.0,0.0,0.0,0.0,0.0,0.0,0.0
2006-08-14,0.0,0.0,0.0,0.0,0.0,0.0,0.0,0.0
2006-08-15,0.0,0.0,0.0,0.0,0.0,0.0,0.0,0.0
2006-08-16,0.0,0.0,0.0,0.0,0.0,0.0,0.0,0.0
2006-08-17,0.0,0.0,0.0,0.0,0.0,0.0,0.0,0.0
2006-08-18,0.0,0.0,0.0,0.0,0.0,0.0,0.0,0.0
2006-08-19,0.0,0.0,0.0,0.0,0.0,0.0,0.0,0.0
2006-08-20,0.0,0.0,0.0,0.0,0.0,0.0,0.0,0.0
2006-08-21,0.0,0.0,0.0,0.0,0.0,0.0,0.0,0.0
2006-08-22,0.0,0.0,0.0,0.0,0.0,0.0,0.0,0.0
2006-08-23,0.0,0.0,0.0,0.0,0.0,0.0,0.0,0.0
2006-08-24,0.0,0.0,0.0,0.0,0.0,0.0,0.0,0.0
2006-08-25,0.0,0.0,0.0,0.0,0.0,0.0,0.0,0.0
2006-08-26,0.0,0.0,0.0,0.0,0.0,0.0,0.0,0.0
2006-08-27,0.0,0.0,0.0,0.0,0.0,0.0,0.0,0.0
2006-08-28,0.0,0.0,0.0,0.0,0.0,0.0,0.0,0.0
2006-08-29,0.0,0.0,0.0,0.0,0.0,0.0,0.0,0.0
2006-08-30,0.0,0.0,0.0,0.0,0.0,0.0,0.0,0.0
2006-08-31,0.0,0.0,0.0,0.0,0.0,0.0,0.0,0.0
2006-09-01,0.0,0.0,0.0,0.0,0.0,0.0,0.0,0.0
2006-09-02,0.0,0.0,0.0,0.0,0.0,0.0,0.0,0.0
2006-09-03,0.0,0.0,0.0,0.0,0.0,0.0,0.0,0.0
2006-09-04,0.0,0.0,0.0,0.0,0.0,0.0,0.0,0.0
2006-09-05,0.0,0.0,0.0,0.0,0.0,0.0,0.0,0.0
2006-09-06,0.0,0.0,0.0,0.0,0.0,0.0,0.0,0.0
2006-09-07,0.0,0.0,0.0,0.0,0.0,0.0,0.0,0.0
2006-09-08,0.0,0.0,0.0,0.0,0.0,0.0,0.0,0.0
2006-09-09,0.0,0.0,0.0,0.0,0.0,0.0,0.0,0.0
2006-09-10,0.0,0.0,0.0,0.0,0.0,0.0,0.0,0.0
2006-09-11,0.0,0.0,0.0,0.0,0.0,0.0,0.0,0.0
2006-09-12,0.0,0.0,0.0,0.0,0.0,0.0,0.0,0.0
2006-09-13,0.0,0.0,0.0,0.0,0.0,0.0,0.0,0.0
2006-09-14,0.0,0.0,0.0,0.0,0.0,0.0,0.0,0.0
2006-09-15,0.0,0.0,0.0,0.0,0.0,0.0,0.0,0.0
2006-09-16,0.0,0.0,0.0,0.0,0.0,0.0,0.0,0.0
2006-09-17,0.0,0.0,0.0,0.0,0.0,0.0,0.0,0.0
2006-09-18,0.0,0.0,0.0,0.0,0.0,0.0,0.0,0.0
2006-09-19,0.0,0.0,0.0,0.0,0.0,0.0,0.0,0.0
2006-09-20,0.0,0.0,0.0,0.0,0.0,0.0,0.0,0.0
2006-09-21,0.0,0.0,0.0,0.0,0.0,0.0,0.0,0.0
2006-09-22,0.0,0.0,0.0,0.0,0.0,0.0,0.0,0.0
2006-09-23,0.0,0.0,0.0,0.0,0.0,0.0,0.0,0.0
2006-09-24,0.0,0.0,0.0,0.0,0.0,0.0,0.0,0.0
2006-09-25,0.0,0.0,0.0,0.0,0.0,0.0,0.0,0.0
2006-09-26,0.0,0.0,0.0,0.0,0.0,0.0,0.0,0.0
2006-09-27,0.0,0.0,0.0,0.0,0.0,0.0,0.0,0.0
2006-09-28,0.0,0.0,0.0,0.0,0.0,0.0,0.0,0.0
2006-09-29,0.0,0.0,0.0,0.0,0.0,0.0,0.0,0.0
2006-09-30,0.0,0.0,0.0,0.0,0.0,0.0,0.0,0.0
2006-10-01,0.0,0.0,0.0,0.0,0.0,0.0,0.0,0.0
2006-10-02,0.0,0.0,0.0,0.0,0.032258064,0.0,0.0,0.0
2006-10-03,0.0,0.0,0.0,0.0,0.024193548,0.0,0.0,0.0
2006-10-04,0.0,0.0,0.0,0.0,0.024193548,0.0,0.0,0.0
2006-10-05,0.0,0.0,0.0,0.0,0.032258064,0.0,0.0,0.0
2006-10-06,0.030927835,0.2804878,4.6666665,0.0,1.1774193,0.44285715,2.628866,0.0
2006-10-07,0.0,0.8414634,6.866667,0.0,1.217742,0.42857143,3.371134,0.0
2006-10-08,0.0,1.1341463,5.366667,0.0,0.8467742,0.37142858,3.1546392,0.0
2006-10-09,0.0,0.9390244,2.0833333,0.0,0.3467742,0.14285715,1.3092784,0.0
2006-10-10,0.0,0.70731705,0.76666665,0.0,0.5645161,0.0,0.82474226,0.0
2006-10-11,0.5154639,0.73170733,0.76666665,0.0,0.6451613,0.7714286,1.6082474,0.0
2006-10-12,0.25773194,0.9268293,0.38333333,0.0,0.7177419,0.4,1.2061856,0.0
2006-10-13,0.06185567,0.75609756,0.1,0.0,0.57258064,0.028571429,0.8041237,0.0
2006-10-14,0.0,1.9512196,0.033333335,0.0,0.7903226,0.0,0.26804122,0.0
2006-10-15,0.0,2.3536584,0.0,0.0,0.7419355,0.0,0.10309278,0.0
2006-10-16,0.0,2.1341465,0.0,0.0,0.7016129,0.0,0.0,0.0
2006-10-17,0.0,2.109756,0.0,0.0,0.733871,0.014285714,0.0,0.0
2006-10-18,0.0,2.1585367,0.0,0.0,0.766129,0.014285714,0.0,0.0
2006-10-19,0.0,2.109756,0.0,0.0,0.8548387,0.0,0.0,0.0
2006-10-20,0.0,2.5365853,0.0,0.0,1.0,0.0,0.0,0.0
2006-10-21,0.0,1.8902439,0.0,0.0,0.47580644,0.0,0.0,0.0
2006-10-22,0.0,2.1341465,0.0,0.0,0.25,0.0,0.0,0.0
2006-10-23,0.0,1.9634147,0.0,0.0,0.13709678,0.0,0.0,0.0
2006-10-24,0.0,1.7073171,0.0,0.0,0.05645161,0.0,0.0,0.0
2006-10-25,0.0,1.6707317,0.0,0.0,0.04032258,0.0,0.0,0.0
2006-10-26,0.0,1.6707317,0.0,0.0,0.04032258,0.0,0.0,0.0
2006-10-27,0.0,1.6707317,0.0,0.0,0.04032258,0.0,0.0,0.0
2006-10-28,0.0,1.8414634,0.0,0.0,0.016129032,0.0,0.0,0.0
2006-10-29,0.0,1.7682927,0.0,0.0,0.0,0.0,0.0,0.0
2006-10-30,0.0,1.7682927,0.0,0.0,0.0,0.0,0.0,0.0
2006-10-31,0.0,1.7682927,0.0,0.0,0.0,0.0,0.0,0.0
2006-11-01,0.0,1.7682927,0.0,0.0,0.0,0.0,0.0,0.0
2006-11-02,0.0,1.7682927,0.0,0.06451613,0.0,0.0,0.0,0.0
2006-11-03,0.41237113,1.7682927,0.0,0.33870968,0.0,0.1,0.05154639,1.2876712
2006-11-04,0.45360824,1.7682927,0.18333334,0.16129032,0.0,1.0142857,0.6597938,1.1780822
2006-11-05,0.3814433,1.7682927,0.06666667,0.032258064,0.0,0.55714285,0.39175257,0.8767123
2006-11-06,0.2783505,1.6585366,0.0,0.0,0.0,0.014285714,0.0,0.7808219
2006-11-07,0.041237112,1.4268292,0.0,0.0,0.0,0.0,0.0,0.04109589
2006-11-08,0.0,1.1341463,0.0,0.0,0.0,0.0,0.0,0.0
2006-11-09,0.36082473,1.1219512,0.18333334,0.5,0.0,0.8142857,1.9278351,0.06849315
2006-11-10,0.2783505,1.0609756,0.13333334,0.48387095,0.0,1.0,2.226804,0.05479452
2006-11-11,0.16494845,1.0609756,0.16666667,2.435484,0.0,0.9285714,2.298969,0.02739726
2006-11-12,5.8350515,1.0853659,0.65,8.548388,1.016129,4.885714,5.546392,10.054794
2006-11-13,8.618557,0.76829267,0.8833333,19.983871,1.0241935,7.8,7.804124,17.479452
2006-11-14,17.206186,2.2195122,15.566667,23.290323,10.048388,24.014286,26.01031,21.054794
2006-11-15,14.360825,2.3658535,14.466666,20.306452,10.596774,23.3,27.092783,20.150684
2006-11-16,11.422681,2.317073,16.216667,17.580645,10.241936,20.22857,26.56701,15.191781
2006-11-17,11.391752,2.317073,14.3,13.790322,9.258064,16.742857,25.391752,12.821918
2006-11-18,11.319588,1.902439,12.466666,10.258064,7.693548,15.142858,22.474226,10.643836
2006-11-19,8.71134,1.7073171,10.45,6.774194,6.41129,13.942857,19.525774,7.520548
2006-11-20,5.4226804,1.5121951,8.033334,4.790323,4.75,10.742857,16.268042,5.1369863
2006-11-21,4.0927835,1.6585366,6.0666666,3.903226,3.266129,7.571429,13.3092785,3.6575344
2006-11-22,3.4123712,1.6463414,5.9,3.967742,3.0887096,7.4857144,12.865979,3.2191782
2006-11-23,3.3195877,1.6463414,5.883333,8.5161295,3.0887096,7.357143,12.824742,4.739726
2006-11-24,5.484536,1.6463414,5.9,9.758064,3.0887096,6.2,12.298969,7.410959
2006-11-25,5.0927835,1.6463414,5.883333,8.725806,3.0887096,6.142857,12.3092785,7.0958905
2006-11-26,5.082474,1.6463414,5.8333335,8.564516,3.016129,6.3285713,12.247422,6.821918
2006-11-27,18.103092,1.0731708,13.183333,28.564516,3.8951614,19.028572,21.597939,31.438356
2006-11-28,34.98969,2.2439024,17.85,36.403225,5.516129,28.87143,25.70103,50.60274
2006-11-29,34.938145,2.2804878,17.816668,37.048386,5.5080647,28.857143,25.680412,46.315067
2006-11-30,35.40206,2.304878,17.8,37.48387,5.620968,28.87143,25.71134,46.876713
2006-12-01,34.75258,2.2195122,16.733334,35.177418,5.435484,28.514286,25.350515,45.89041
2006-12-02,32.195877,2.0731707,14.816667,34.129032,5.056452,27.385714,24.28866,46.39726
2006-12-03,29.13402,2.0243902,12.683333,32.467743,4.701613,26.485714,23.268042,44.60274
2006-12-04,23.98969,1.9756098,10.666667,30.82258,4.395161,22.9,21.350515,44.20548
2006-12-05,18.57732,1.9146341,9.133333,27.5,4.072581,17.357143,18.783504,39.589043
2006-12-06,13.216495,1.6585366,7.616667,23.64516,3.548387,12.514286,16.546392,32.753426
2006-12-07,9.680412,1.804878,6.766667,20.258064,3.153226,9.271428,14.752578,23.876713
2006-12-08,7.453608,1.6341463,5.483333,18.032259,2.6451614,7.4857144,13.0,16.931507
2006-12-09,6.6494846,1.6341463,5.6,16.741936,2.637097,7.7285714,13.474227,14.246575
2006-12-10,21.845362,16.963415,27.166666,44.870968,20.370968,26.27143,36.742268,42.561646
2006-12-11,33.309277,29.975609,36.2,49.48387,30.080645,36.557144,47.659794,60.08219
2006-12-12,42.86598,31.365854,33.95,66.3871,29.346775,40.7,51.773197,68.72603
2006-12-13,47.42268,31.768293,41.6,72.0,36.14516,44.785713,59.886597,72.38356
2006-12-14,47.628864,31.121952,47.366665,64.80645,37.435482,44.885715,62.28866,70.20548
2006-12-15,44.27835,29.146341,46.916668,66.645164,37.41129,42.057144,64.53608,68.83562
2006-12-16,52.515465,27.914635,47.1,70.33871,37.30645,47.0,65.74227,76.19178
2006-12-17,56.783504,40.182926,58.933334,69.145164,45.314518,57.642857,76.608246,77.671234
2006-12-18,57.84536,42.353657,59.25,74.6129,46.370968,59.471428,78.0,77.08219
2006-12-19,57.917526,42.414635,52.05,69.29032,46.387096,59.485714,76.18557,78.561646
2006-12-20,57.835052,41.939026,51.833332,69.33871,45.782257,59.32857,75.95876,76.16438
2006-12-21,57.54639,42.67073,51.816666,69.370964,45.782257,59.185715,75.92783,78.27397
2006-12-22,94.28866,53.280487,85.25,86.33871,69.33064,91.15714,100.4433,118.46575
2006-12-23,94.40206,56.939026,85.38333,85.90323,68.77419,91.12857,100.61855,118.60274
2006-12-24,94.21649,57.292683,85.13333,85.258064,68.508064,91.42857,101.07217,117.78082
2006-12-25,93.051544,57.146343,84.51667,89.564514,68.83871,91.11429,101.43299,130.36986
2006-12-26,91.0,53.47561,84.5,97.354836,68.40323,90.042854,103.85567,115.39726
2006-12-27,106.92783,60.951218,104.6,119.354836,83.145164,112.78571,131.38144,139.78082
2006-12-28,129.2268,83.97561,113.73333,131.59677,106.604836,132.11429,146.30928,148.45206
2006-12-29,128.83505,87.756096,123.46667,125.66129,106.67742,132.74286,147.34021,144.84932
2006-12-30,128.17526,87.70731,122.583336,129.85484,106.71774,133.04286,146.85567,164.26027
2006-12-31,126.74227,86.92683,121.53333,129.19354,106.145164,133.14285,147.09279,145.71233
2007-01-01,125.762886,86.939026,121.666664,125.951614,106.185486,132.95714,147.10309,163.30138
2007-01-02,124.72165,86.71951,122.01667,128.53226,105.66936,133.34285,147.25774,144.64383
2007-01-03,121.42268,86.5,120.2,122.854836,105.064514,131.5,147.14433,141.79453
2007-01-04,129.85567,84.414635,119.8,129.51613,104.370964,136.12857,152.40207,154.73973
2007-01-05,171.20619,104.52439,145.35,133.58064,118.758064,174.25714,180.19588,175.23288
2007-01-06,171.51546,104.86585,146.28334,138.5,118.629036,174.35715,180.35051,175.83562
2007-01-07,171.05154,104.560974,145.66667,133.06451,118.879036,174.2,180.15463,175.73973
2007-01-08,168.37114,103.51219,144.38333,135.25807,118.48387,173.17143,180.01031,173.67123
2007-01-09,164.45361,100.69512,143.5,134.58064,117.120964,172.47144,182.25774,170.43835
2007-01-10,161.3299,97.14634,141.16667,129.98387,115.67742,171.21428,181.72165,162.21918
2007-01-11,160.34021,95.597565,140.48334,129.41936,114.604836,170.55714,181.35051,162.30138
2007-01-12,161.09279,95.42683,140.4,122.20968,114.83064,171.21428,181.34021,162.42465
2007-01-13,161.21649,95.57317,140.55,122.1129,114.854836,165.94286,181.45361,162.49315
2007-01-14,161.25774,95.65854,140.36667,122.064514,115.51613,165.94286,181.4433,162.52055
2007-01-15,161.26804,95.743904,140.36667,122.048386,114.91129,165.94286,181.43298,180.64383
2007-01-16,161.30928,95.65854,140.48334,122.09677,114.48387,165.9,181.43298,162.43835
2007-01-17,160.62886,95.768295,140.41667,122.20968,114.564514,165.72858,181.41237,162.45206
2007-01-18,160.27835,95.731705,140.41667,122.19355,114.629036,165.72858,181.38144,180.52055
2007-01-19,159.47423,95.597565,140.08333,121.72581,114.53226,165.72858,180.78351,179.52055
2007-01-20,155.59793,94.60976,138.43333,126.758064,111.58064,165.07143,180.27835,176.71233
2007-01-21,153.97939,94.52439,137.81667,119.145164,111.3629,165.02856,180.02061,158.28767
2007-01-22,154.09279,94.60976,137.93333,119.16129,105.33064,165.17143,179.28867,158.68494
2007-01-23,152.13402,94.54878,136.98334,124.70968,105.17742,164.81429,178.81444,157.19179
2007-01-24,145.87628,92.03658,134.78334,113.09677,106.33871,163.11429,178.43298,152.68494
2007-01-25,136.92784,88.29269,133.46666,108.645164,103.95968,160.21428,178.07216,147.50685
2007-01-26,130.70103,86.17073,132.28334,105.935486,102.41129,156.45714,177.51546,159.19179
2007-01-27,127.824745,85.53658,132.03334,103.69355,102.17742,154.8,177.08247,156.52055
2007-01-28,126.92783,91.268295,135.0,103.129036,107.3871,154.62857,177.52577,155.58904
2007-01-29,126.41237,94.256096,137.61667,102.83871,111.129036,154.62857,178.52577,155.21918
2007-01-30,124.91753,94.37805,137.8,101.6129,111.83064,154.15715,178.35051,153.41096
2007-01-31,122.96907,95.14634,137.53334,107.80645,111.991936,153.44286,178.18556,152.0274
2007-02-01,122.103096,96.18293,137.61667,107.41936,113.104836,153.41429,178.20619,151.50685
2007-02-02,121.0,96.085365,137.4,99.5,111.80645,154.02856,177.89691,151.0548
2007-02-03,119.206184,95.84146,136.25,98.145164,111.72581,152.55714,177.46391,149.90411
2007-02-04,115.43299,93.80488,134.4,102.1129,110.008064,147.2,176.48454,145.17809
2007-02-05,104.13402,87.52439,127.51667,86.29032,108.83871,138.01428,172.40207,136.87671
2007-02-06,92.52577,80.902435,117.86667,86.40323,104.0,126.72857,167.26804,129.0137
2007-02-07,84.896904,76.69512,113.45,82.20968,101.6129,120.37143,164.61856,124.19178
2007-02-08,87.329895,75.97561,117.0,96.20968,101.8871,122.38571,168.87628,140.73973
2007-02-09,96.46392,75.47561,122.583336,108.59677,102.97581,136.51428,179.53609,158.137
2007-02-10,115.35052,74.60976,135.03334,120.90323,110.83064,159.45714,196.48454,180.47945
2007-02-11,142.42268,103.18293,198.85,140.33871,171.87903,198.28572,249.87628,215.28767
2007-02-12,157.47423,117.756096,220.53334,147.17741,194.0242,226.41429,268.4536,227.90411
2007-02-13,157.86598,118.64634,221.66667,148.56451,196.70967,229.02856,270.82474,228.82191
2007-02-14,158.45361,120.51219,220.68333,158.35484,196.79033,229.91429,271.41238,229.19179
2007-02-15,157.81444,120.82927,222.76666,149.19354,197.39516,231.87143,271.38144,228.9726
2007-02-16,152.86598,120.902435,222.56667,155.96774,198.29033,231.87143,271.57733,225.61644
2007-02-17,146.95876,119.39024,220.13333,140.06451,197.62097,227.02856,270.48453,221.61644
2007-02-18,139.42268,114.04878,213.36667,141.16129,196.51613,217.98572,266.2165,216.57535
2007-02-19,140.49484,116.95122,215.61667,140.46774,199.78226,220.75714,269.23712,214.72603
2007-02-20,140.37114,121.39024,215.35,153.14516,200.30646,220.6,269.09277,230.0548
2007-02-21,139.73196,120.756096,214.11667,152.96774,199.62097,219.87143,268.5258,228.9178
2007-02-22,137.28867,119.45122,213.21666,169.80646,199.87903,218.44286,268.20618,241.42465
2007-02-23,180.1134,143.70732,251.35,196.16129,235.65323,275.25714,309.19586,285.0959
2007-02-24,185.17526,146.30487,253.83333,187.20967,236.62903,279.44287,311.04123,289.73972
2007-02-25,210.59793,147.08537,255.11667,232.03226,235.5,295.6143,320.04123,329.41095
2007-02-26,265.48453,153.14635,284.83334,258.3387,268.30646,343.17142,356.50516,384.1644
2007-02-27,330.0103,170.54878,326.66666,297.8387,301.71774,404.5,409.43298,436.43835
2007-02-28,350.02063,185.0,343.33334,313.69354,322.62903,422.2,426.14432,459.80823
2007-03-01,356.81442,189.08537,325.96667,324.25806,331.5645,424.1,424.19586,460.0959
2007-03-02,358.87628,187.39024,325.26666,322.74194,331.5645,424.47144,424.48453,460.0
2007-03-03,360.23712,187.65854,345.7,329.0645,331.8629,424.27142,427.13403,464.863
2007-03-04,359.06186,186.91463,344.4,320.0484,331.4355,424.45715,427.04123,456.19177
2007-03-05,357.28867,185.06097,342.78333,321.25806,330.59677,423.1857,427.4742,449.8767
2007-03-06,354.6701,180.2439,339.7,317.53226,329.24194,420.55713,426.94846,447.35617
2007-03-07,350.0309,172.79268,338.41666,311.7742,325.1613,416.34286,429.6701,442.47946
2007-03-08,347.7732,168.36586,335.65,302.25806,320.1613,412.02856,427.84537,431.54794
2007-03-09,339.20618,163.85365,331.68332,298.32257,316.1613,405.7143,426.04123,414.9041
2007-03-10,328.15463,159.01219,326.86667,299.25806,314.0403,399.35715,423.29898,423.42465
2007-03-11,311.42267,154.7317,317.96667,284.85483,310.32257,391.1857,419.0103,417.41095
2007-03-12,281.90723,147.65854,300.73334,251.35484,300.12903,375.92856,408.79382,400.274
2007-03-13,239.37114,137.82927,279.5,212.67741,286.1613,352.41428,396.72165,382.31506
2007-03-14,209.89691,129.69513,262.31668,178.2258,273.49194,327.87143,384.70102,368.53424
2007-03-15,193.29897,121.69512,249.15,162.04839,266.0403,310.92856,375.70102,356.64383
2007-03-16,175.41237,115.79269,232.8,141.37097,256.17743,294.54285,367.15463,325.1233
2007-03-17,146.59793,104.79269,209.4,123.354836,241.06451,270.08572,354.41238,290.0
2007-03-18,125.81443,98.36585,193.26666,116.77419,231.5242,247.92857,343.40207,257.45206
2007-03-19,114.13402,95.07317,183.51666,107.258064,226.21774,233.68571,334.56702,241.9315
2007-03-20,106.24742,93.47561,177.26666,102.258064,222.42741,224.54286,328.36084,231.9863
2007-03-21,108.453606,103.231705,192.16667,95.90323,232.78226,230.68571,342.2268,231.58904
2007-03-22,108.948456,104.939026,193.21666,105.01613,234.35484,233.01428,343.0,229.78082
2007-03-23,105.22681,104.64634,186.91667,96.09677,232.7742,231.07143,340.6598,230.24658
2007-03-24,96.69072,104.17073,179.41667,89.29032,230.92741,221.85715,334.93814,207.16438
2007-03-25,86.8866,102.28049,168.46666,77.19355,223.09677,207.12857,326.25772,190.68494
2007-03-26,81.608246,99.32927,160.35,70.83871,218.37097,198.87143,319.5258,182.64383
2007-03-27,106.52577,104.96342,186.45,99.53226,232.78226,223.01428,347.09277,217.53424
2007-03-28,123.8866,112.39024,183.75,101.41936,237.4758,233.94286,351.0,229.27397
2007-03-29,123.38145,116.902435,191.66667,94.46774,236.46774,235.8,352.4742,223.0137
2007-03-30,118.19588,114.86585,188.1,89.08064,233.50807,234.14285,349.93814,214.9863
2007-03-31,99.90722,113.02439,176.23334,77.3871,228.75807,218.54286,342.35052,204.17809
2007-04-01,88.30928,109.902435,161.3,65.48387,222.75807,207.07143,329.8969,185.76712
2007-04-02,81.78351,107.13415,145.3,60.580647,215.1129,198.47144,317.46393,176.87671
2007-04-03,77.56701,105.04878,132.96666,56.51613,209.4758,190.08571,304.28867,167.46576
2007-04-04,69.26804,101.32927,123.35,52.35484,199.95161,178.04286,292.0,152.69862
2007-04-05,60.237114,94.62195,115.15,48.048386,193.6371,164.24286,278.86597,137.36986
2007-04-06,49.26804,89.0,105.15,41.870968,187.6129,147.91429,261.83505,117.31507
2007-04-07,39.73196,84.42683,91.333336,35.532257,180.00807,129.05714,241.38144,95.9726
2007-04-08,36.938145,82.69512,86.183334,33.112904,184.70161,120.542854,233.29897,89.9726
2007-04-09,34.28866,81.19512,82.78333,30.64516,176.7258,112.38571,226.6701,83.630135
2007-04-10,33.216496,81.39024,81.416664,30.403225,170.41129,107.185715,223.5567,81.328766
2007-04-11,32.484535,78.30488,80.8,29.241936,168.62903,104.92857,222.56702,79.136986
2007-04-12,45.474228,80.243904,80.61667,38.80645,153.94354,128.68571,230.83505,99.9726
2007-04-13,50.639175,80.5,80.583336,32.951614,153.28226,132.48572,232.02061,99.65753
2007-04-14,42.948452,80.95122,78.28333,29.741936,159.75,130.34285,232.09279,90.89041
2007-04-15,47.762886,86.07317,82.0,34.403225,175.75807,138.34285,239.56702,101.89041
2007-04-16,45.927834,89.939026,84.01667,27.919355,180.10484,143.47144,244.74226,96.08219
2007-04-17,36.360825,89.81707,78.28333,28.903225,177.67741,131.44286,236.27835,84.42466
2007-04-18,43.536083,90.12195,78.9,26.85484,177.62903,133.47144,238.6701,92.479454
2007-04-19,46.484535,89.86585,78.26667,27.209677,176.80646,135.8,238.69072,89.26028
2007-04-20,49.319588,89.80488,79.38333,32.580647,179.1129,139.94286,239.0,92.10959
2007-04-21,49.97938,90.36585,79.01667,43.30645,174.91936,142.01428,239.07216,91.61644
2007-04-22,70.13402,94.256096,94.1,56.032257,176.91936,167.52856,272.94846,127.0685
2007-04-23,100.43299,114.69512,114.11667,61.01613,190.87097,198.75714,294.7732,157.0274
2007-04-24,96.72165,112.80488,116.85,50.64516,191.69354,198.6,297.18558,144.87671
2007-04-25,74.43299,109.02439,116.53333,34.129032,192.87903,175.28572,287.7732,120.34247
2007-04-26,54.87629,106.84146,93.73333,29.82258,185.96774,155.47144,267.81442,108.0137
2007-04-27,40.371136,99.54878,88.75,25.548388,189.69354,138.0,257.37112,89.50685
2007-04-28,31.42268,87.46342,75.75,19.935484,176.64516,112.72857,233.3299,71.287674
2007-04-29,24.525774,74.15854,62.95,15.32258,164.91936,90.542854,208.19588,55.150684
2007-04-30,19.41237,66.69512,55.016666,12.806452,158.20161,77.72857,184.92784,44.561646
2007-05-01,15.319588,62.658535,48.816666,10.67742,155.34677,66.21429,153.59793,36.53425
2007-05-02,12.680412,58.951218,44.816666,9.580646,143.14516,59.614285,136.49484,32.19178
2007-05-03,28.14433,55.23171,49.316666,11.225806,140.83871,72.14286,150.91753,58.30137
2007-05-04,33.28866,56.19512,49.35,17.451612,134.16129,80.171425,155.83505,67.57534
2007-05-05,37.927834,57.792683,53.55,17.758064,135.99193,92.0,166.71133,73.753426
2007-05-06,37.092785,55.780487,53.516666,12.806452,132.7258,91.37143,166.5567,71.54794
2007-05-07,24.29897,50.182926,52.916668,8.467742,134.04839,87.87143,178.81444,49.068493
2007-05-08,12.762887,55.780487,45.216667,6.516129,137.81451,66.5,150.96907,29.849316
2007-05-09,8.175258,49.40244,38.616665,5.548387,131.79839,56.0,133.12372,19.80822
2007-05-10,5.7010307,42.341465,32.016666,4.822581,126.435486,47.157143,121.71134,17.054794
2007-05-11,4.0309277,38.80488,26.333334,4.290323,121.83871,36.528572,111.06186,14.506849
2007-05-12,2.5670104,35.707317,22.366667,3.7258065,117.258064,29.171429,100.59794,11.767123
2007-05-13,1.886598,34.646343,20.416666,3.3548386,106.97581,26.585714,94.051544,10.136987
2007-05-14,1.3608247,33.719513,18.683332,2.8225806,93.185486,24.414286,88.329895,8.616438
2007-05-15,0.7628866,30.707317,16.116667,2.080645,90.40323,21.542856,79.051544,5.780822
2007-05-16,0.21649484,27.170732,13.25,1.2419355,82.95968,16.9,65.90722,3.5068493
2007-05-17,0.0,24.695122,10.95,0.5645161,72.814514,13.1,54.938145,2.1369863
2007-05-18,0.0,22.585365,8.633333,0.0,72.22581,10.542857,46.814434,1.1232877
2007-05-19,0.0,20.987804,6.9,0.0,67.47581,8.642858,40.463917,0.2739726
2007-05-20,0.0,20.109756,5.6666665,0.0,60.572582,6.8714285,34.061855,0.0
2007-05-21,0.0,19.073172,4.633333,0.0,56.10484,5.8142858,29.185568,0.0
2007-05-22,0.0,18.475609,3.9666667,0.0,53.225807,5.242857,26.474226,0.0
2007-05-23,0.0,18.085365,3.75,0.0,51.548386,5.0571427,25.28866,0.0
2007-05-24,0.0,17.756098,3.6333334,0.0,50.282257,4.8,23.85567,0.0
2007-05-25,0.0,16.719513,3.1833334,0.0,46.620968,4.0142856,20.0,0.0
2007-05-26,0.0,15.52439,3.2,0.0,42.01613,3.1571429,15.639175,0.0
2007-05-27,0.0,17.329268,2.8,0.0,34.991936,2.2142856,11.56701,0.0
2007-05-28,0.0,16.036585,2.45,0.0,30.725807,1.3285714,8.020618,0.0
2007-05-29,0.0,15.487804,2.2,0.0,27.217741,0.78571427,5.061856,0.0
2007-05-30,0.0,14.317073,1.85,0.0,23.435484,0.32857144,2.6597939,0.0
2007-05-31,0.0,13.280488,1.45,0.0,20.435484,0.0,0.97938144,0.0
2007-06-01,0.0,12.134147,0.96666664,0.0,16.709677,0.0,0.28865978,0.0
2007-06-02,0.0,11.02439,0.5,0.0,14.064516,0.0,0.0,0.0
2007-06-03,0.0,9.670732,0.05,0.0,11.362904,0.0,0.0,0.0
2007-06-04,0.0,8.231708,0.0,0.0,8.41129,0.0,0.0,0.0
2007-06-05,0.0,6.97561,0.0,0.0,6.266129,0.0,0.0,0.0
2007-06-06,0.010309278,6.987805,0.16666667,5.645161,5.209677,0.114285715,0.53608245,0.04109589
2007-06-07,0.185567,7.0,0.11666667,4.467742,4.596774,0.24285714,0.39175257,1.3150685
2007-06-08,0.0,6.987805,0.15,0.38709676,5.201613,0.071428575,0.3814433,0.0
2007-06-09,0.0,6.914634,0.0,0.0,6.314516,0.0,0.020618556,0.0
2007-06-10,0.0,6.304878,0.0,0.0,5.548387,0.0,0.0,0.0
2007-06-11,0.0,5.3536587,0.0,0.0,4.540323,0.0,0.0,0.0
2007-06-12,0.0,4.6829267,0.0,0.0,3.6209676,0.0,0.0,0.0
2007-06-13,0.0,3.804878,0.0,0.0,2.5,0.0,0.0,0.0
2007-06-14,0.0,2.609756,0.0,0.0,1.451613,0.0,0.0,0.0
2007-06-15,0.0,1.7317073,0.0,0.0,0.7580645,0.0,0.0,0.0
2007-06-16,0.0,0.9512195,0.0,0.0,0.12096774,0.0,0.0,0.0
2007-06-17,0.0,0.69512194,0.0,0.0,0.0,0.0,0.0,0.0
2007-06-18,0.0,0.4512195,0.0,0.0,0.0,0.0,0.0,0.0
2007-06-19,0.0,0.14634146,0.0,0.0,0.0,0.0,0.0,0.0
2007-06-20,0.0,0.0,0.0,0.0,0.0,0.0,0.0,0.0
2007-06-21,0.0,0.0,0.0,0.0,0.0,0.0,0.0,0.0
2007-06-22,0.0,0.0,0.0,0.0,0.0,0.0,0.0,0.0
2007-06-23,0.0,0.0,0.0,0.0,0.0,0.0,0.0,0.0
2007-06-24,0.0,0.0,0.0,0.0,0.0,0.0,0.0,0.0
2007-06-25,0.0,0.0,0.0,0.0,0.0,0.0,0.0,0.0
2007-06-26,0.0,0.0,0.0,0.0,0.0,0.0,0.0,0.0
2007-06-27,0.0,0.0,0.0,0.0,0.0,0.0,0.0,0.0
2007-06-28,0.0,0.0,0.0,0.0,0.0,0.0,0.0,0.0
2007-06-29,0.0,0.0,0.0,0.0,0.0,0.0,0.0,0.0
2007-06-30,0.0,0.0,0.0,0.0,0.0,0.0,0.0,0.0
2007-07-01,0.0,0.0,0.0,0.0,0.0,0.0,0.0,0.0
2007-07-02,0.0,0.0,0.0,0.0,0.0,0.0,0.0,0.0
2007-07-03,0.0,0.0,0.0,0.0,0.0,0.0,0.0,0.0
2007-07-04,0.0,0.0,0.0,0.0,0.0,0.0,0.0,0.0
2007-07-05,0.0,0.0,0.0,0.0,0.0,0.0,0.0,0.0
2007-07-06,0.0,0.0,0.0,0.0,0.0,0.0,0.0,0.0
2007-07-07,0.0,0.0,0.0,0.0,0.0,0.0,0.0,0.0
2007-07-08,0.0,0.0,0.0,0.0,0.0,0.0,0.0,0.0
2007-07-09,0.0,0.0,0.0,0.0,0.0,0.0,0.0,0.0
2007-07-10,0.0,0.0,0.0,0.0,0.0,0.0,0.0,0.0
2007-07-11,0.0,0.0,0.0,0.0,0.0,0.0,0.0,0.0
2007-07-12,0.0,0.0,0.0,0.0,0.0,0.0,0.0,0.0
2007-07-13,0.0,0.0,0.0,0.0,0.0,0.0,0.0,0.0
2007-07-14,0.0,0.0,0.0,0.0,0.0,0.0,0.0,0.0
2007-07-15,0.0,0.0,0.0,0.0,0.0,0.0,0.0,0.0
2007-07-16,0.0,0.0,0.0,0.0,0.0,0.0,0.0,0.0
2007-07-17,0.0,0.0,0.0,0.0,0.0,0.0,0.0,0.0
2007-07-18,0.0,0.0,0.0,0.0,0.0,0.0,0.0,0.0
2007-07-19,0.0,0.0,0.0,0.0,0.0,0.0,0.0,0.0
2007-07-20,0.0,0.0,0.0,0.0,0.0,0.0,0.0,0.0
2007-07-21,0.0,0.0,0.0,0.0,0.0,0.0,0.0,0.0
2007-07-22,0.0,0.0,0.0,0.0,0.0,0.0,0.0,0.0
2007-07-23,0.0,0.0,0.0,0.0,0.0,0.0,0.0,0.0
2007-07-24,0.0,0.0,0.0,0.0,0.0,0.0,0.0,0.0
2007-07-25,0.0,0.0,0.0,0.0,0.0,0.0,0.0,0.0
2007-07-26,0.0,0.0,0.0,0.0,0.0,0.0,0.0,0.0
2007-07-27,0.0,0.0,0.0,0.0,0.0,0.0,0.0,0.0
2007-07-28,0.0,0.0,0.0,0.0,0.0,0.0,0.0,0.0
2007-07-29,0.0,0.0,0.0,0.0,0.0,0.0,0.0,0.0
2007-07-30,0.0,0.0,0.0,0.0,0.0,0.0,0.0,0.0
2007-07-31,0.0,0.0,0.0,0.0,0.0,0.0,0.0,0.0
2007-08-01,0.0,0.0,0.0,0.0,0.0,0.0,0.0,0.0
2007-08-02,0.0,0.0,0.0,0.0,0.0,0.0,0.0,0.0
2007-08-03,0.0,0.0,0.0,0.0,0.0,0.0,0.0,0.0
2007-08-04,0.0,0.0,0.0,0.0,0.0,0.0,0.0,0.0
2007-08-05,0.0,0.0,0.0,0.0,0.0,0.0,0.0,0.0
2007-08-06,0.0,0.0,0.0,0.0,0.0,0.0,0.0,0.0
2007-08-07,0.0,0.0,0.0,0.0,0.0,0.0,0.0,0.0
2007-08-08,0.0,0.0,0.0,0.0,0.0,0.0,0.0,0.0
2007-08-09,0.0,0.0,0.0,0.0,0.0,0.0,0.0,0.0
2007-08-10,0.0,0.0,0.0,0.0,0.0,0.0,0.0,0.0
2007-08-11,0.0,0.0,0.0,0.0,0.0,0.0,0.0,0.0
2007-08-12,0.0,0.0,0.0,0.0,0.0,0.0,0.0,0.0
2007-08-13,0.0,0.0,0.0,0.0,0.0,0.0,0.0,0.0
2007-08-14,0.0,0.0,0.0,0.0,0.0,0.0,0.0,0.0
2007-08-15,0.0,0.0,0.0,0.0,0.0,0.0,0.0,0.0
2007-08-16,0.0,0.0,0.0,0.0,0.0,0.0,0.0,0.0
2007-08-17,0.0,0.0,0.0,0.0,0.0,0.0,0.0,0.0
2007-08-18,0.0,0.0,0.0,0.0,0.0,0.0,0.0,0.0
2007-08-19,0.0,0.0,0.0,0.0,0.0,0.0,0.0,0.0
2007-08-20,0.0,0.0,0.0,0.0,0.0,0.0,0.0,0.0
2007-08-21,0.0,0.0,0.0,0.0,0.0,0.0,0.0,0.0
2007-08-22,0.0,0.0,0.0,0.0,0.0,0.0,0.0,0.0
2007-08-23,0.0,0.0,0.0,0.0,0.0,0.0,0.0,0.0
2007-08-24,0.0,0.0,0.0,0.0,0.0,0.0,0.0,0.0
2007-08-25,0.0,0.0,0.0,0.0,0.0,0.0,0.0,0.0
2007-08-26,0.0,0.0,0.0,0.0,0.0,0.0,0.0,0.0
2007-08-27,0.0,0.0,0.0,0.0,0.0,0.0,0.0,0.0
2007-08-28,0.0,0.0,0.0,0.0,0.0,0.0,0.0,0.0
2007-08-29,0.0,0.0,0.0,0.0,0.0,0.0,0.0,0.0
2007-08-30,0.0,0.0,0.0,0.0,0.0,0.0,0.0,0.0
2007-08-31,0.0,0.0,0.0,0.0,0.0,0.0,0.0,0.0
2007-09-01,0.0,0.0,0.0,0.0,0.0,0.0,0.0,0.0
2007-09-02,0.0,0.0,0.0,0.0,0.0,0.0,0.0,0.0
2007-09-03,0.0,0.0,0.0,0.0,0.0,0.0,0.0,0.0
2007-09-04,0.0,0.0,0.0,0.0,0.0,0.0,0.0,0.0
2007-09-05,0.0,0.0,0.0,0.0,0.0,0.0,0.0,0.0
2007-09-06,0.0,0.0,0.0,0.0,0.0,0.0,0.0,0.0
2007-09-07,0.0,0.0,0.0,0.0,0.0,0.0,0.0,0.0
2007-09-08,0.0,0.0,0.0,0.0,0.0,0.0,0.0,0.0
2007-09-09,0.0,0.0,0.0,0.0,0.0,0.0,0.0,0.0
2007-09-10,0.0,0.0,0.0,0.0,0.0,0.0,0.0,0.0
2007-09-11,0.0,0.0,0.0,0.0,0.0,0.0,0.0,0.0
2007-09-12,0.0,0.0,0.0,0.0,0.0,0.0,0.0,0.0
2007-09-13,0.0,0.0,0.0,0.0,0.0,0.0,0.0,0.0
2007-09-14,0.0,0.0,0.0,0.0,0.0,0.0,0.0,0.0
2007-09-15,0.0,0.0,0.0,0.0,0.0,0.0,0.0,0.0
2007-09-16,0.0,0.0,0.0,0.0,0.0,0.0,0.0,0.0
2007-09-17,0.0,0.0,0.0,0.0,0.0,0.0,0.0,0.0
2007-09-18,0.0,0.0,0.0,0.0,0.0,0.0,0.0,0.0
2007-09-19,0.0,0.0,0.0,0.0,0.0,0.0,0.0,0.0
2007-09-20,0.0,0.0,0.9166667,0.0,0.0,0.18571429,0.5154639,0.0
2007-09-21,0.0,0.1097561,1.85,0.0,0.20967741,0.62857145,2.7628865,0.0
2007-09-22,0.0,0.63414633,0.8,0.0,0.86290324,0.114285715,1.5463917,0.0
2007-09-23,0.0,2.4268293,3.0333333,0.0,1.516129,0.51428574,3.6391752,0.0
2007-09-24,0.0,2.5487804,3.5,0.0,1.5080645,0.4,3.8762887,0.0
2007-09-25,0.0,2.512195,1.7166667,0.0,1.5967742,0.24285714,2.742268,0.0
2007-09-26,0.0,2.4634147,0.31666666,0.0,1.4435484,0.0,0.63917524,0.0
2007-09-27,0.0,1.8536586,0.0,0.0,0.87096775,0.0,0.0,0.0
2007-09-28,0.0,1.9146341,0.0,0.0,0.4516129,0.0,0.0,0.0
2007-09-29,0.010309278,1.9146341,0.0,0.0,0.44354838,0.08571429,0.05154639,0.01369863
2007-09-30,0.082474224,1.9146341,0.0,0.0,0.44354838,0.14285715,0.082474224,0.0
2007-10-01,0.0,1.6097561,0.0,0.0,0.2983871,0.0,0.0,0.0
2007-10-02,0.0,1.5,0.0,0.0,0.22580644,0.0,0.0,0.0
2007-10-03,0.0,1.1707317,0.0,0.0,0.10483871,0.0,0.0,0.0
2007-10-04,0.0,0.86585367,0.0,0.0,0.008064516,0.0,0.0,0.0
2007-10-05,0.62886596,0.69512194,0.15,1.1612903,0.08064516,0.08571429,0.39175257,5.3013697
2007-10-06,2.9381444,2.6585367,0.6666667,1.451613,0.67741936,2.357143,2.1134021,11.534246
2007-10-07,2.1752577,3.902439,0.71666664,0.7741935,1.298387,2.4714286,2.2474227,10.643836
2007-10-08,0.185567,2.9756098,0.016666668,0.0,0.7983871,0.3,0.6701031,4.0
2007-10-09,0.0,1.5731708,0.0,0.0,0.032258064,0.0,0.0,0.369863
2007-10-10,0.0,1.1463414,0.0,0.0,0.008064516,0.0,0.0,0.0
2007-10-11,2.5773196,1.1463414,0.0,1.016129,0.008064516,0.45714286,0.31958762,2.9863014
2007-10-12,0.2783505,1.1341463,0.0,0.5,0.016129032,0.0,0.010309278,0.79452056
2007-10-13,0.11340206,2.402439,1.15,0.5967742,0.37903225,0.0,0.57731956,0.5753425
2007-10-14,0.0,2.317073,0.55,0.17741935,0.5483871,0.0,0.19587629,0.12328767
2007-10-15,0.0,1.5609756,0.0,0.0,0.24193548,0.0,0.0,0.0
2007-10-16,0.0,1.5121951,0.0,0.0,0.24193548,0.0,0.0,0.0
2007-10-17,0.8041237,0.9634146,0.6666667,4.483871,0.24193548,0.9,1.515464,7.2739725
2007-10-18,2.814433,0.9756098,0.73333335,4.7419353,0.24193548,1.1571429,1.7113402,11.424658
2007-10-19,1.4432989,1.4634147,0.016666668,3.3064516,0.23387097,0.4857143,0.6597938,9.7260275
2007-10-20,0.15463917,1.4390244,0.0,1.983871,0.04032258,0.0,0.010309278,5.547945
2007-10-21,0.14432989,1.4268292,0.0,1.8548387,0.04032258,0.0,0.010309278,4.3150687
2007-10-22,0.12371134,1.4390244,0.0,1.5967742,0.04032258,0.0,0.010309278,2.4383562
2007-10-23,0.0,1.2317073,0.0,0.33870968,0.008064516,0.0,0.0,0.43835616
2007-10-24,0.0,0.76829267,0.0,0.0,0.0,0.0,0.0,0.0
2007-10-25,0.0,0.5,0.0,0.0,0.0,0.0,0.0,0.0
2007-10-26,0.0,0.34146342,0.0,0.0,0.0,0.0,0.0,0.0
2007-10-27,0.0,0.25609756,0.0,0.0,0.0,0.0,0.0,0.0
2007-10-28,0.0,0.24390244,0.0,0.0,0.0,0.0,0.0,0.0
2007-10-29,0.0,0.20731707,0.0,0.0,0.0,0.0,0.0,0.0
2007-10-30,0.0,1.9146341,0.18333334,0.0,1.7580645,0.0,0.072164945,0.0
2007-10-31,0.0,1.9146341,0.15,0.0,1.7580645,0.0,0.072164945,0.0
2007-11-01,0.0,1.6585366,0.1,0.0,1.6612903,0.0,0.041237112,0.0
2007-11-02,0.0,1.4634147,0.1,0.0,1.4274193,0.0,0.030927835,0.0
2007-11-03,0.0,1.6219512,0.06666667,0.0,0.8145161,0.0,0.020618556,0.0
2007-11-04,0.0,1.597561,0.0,0.0,0.6048387,0.0,0.0,0.0
2007-11-05,0.0,1.3780488,0.0,0.0,0.2983871,0.0,0.0,0.0
2007-11-06,0.0,1.1219512,0.0,0.0,0.12903225,0.0,0.0,0.0
2007-11-07,0.0,0.63414633,0.0,0.0,0.008064516,0.0,0.0,0.0
2007-11-08,0.0,0.46341464,0.0,0.0,0.0,0.0,0.0,0.0
2007-11-09,0.0,0.3902439,0.0,0.0,0.0,0.0,0.0,0.0
2007-11-10,0.0,0.3902439,0.0,0.0,0.0,0.0,0.0,0.0
2007-11-11,1.2164948,0.23170732,1.0333333,0.5,0.2580645,1.0285715,1.8762887,0.3561644
2007-11-12,3.8659794,2.4390244,2.75,0.3548387,2.612903,4.457143,4.2268043,0.91780823
2007-11-13,4.0309277,2.3414633,1.6,0.12903225,2.096774,4.4142857,3.7938144,0.5479452
2007-11-14,1.5979382,1.1341463,0.36666667,0.048387095,1.4435484,1.5428572,2.8247423,0.10958904
2007-11-15,0.185567,0.8780488,0.0,0.0,0.58064514,0.071428575,0.49484536,0.0
2007-11-16,0.0,0.63414633,0.0,0.0,0.2016129,0.0,0.0,0.0
2007-11-17,0.0,0.6219512,0.0,0.0,0.12096774,0.0,0.0,0.0
2007-11-18,0.0,0.4878049,0.0,0.0,0.048387095,0.0,0.0,0.0
2007-11-19,0.0,0.46341464,0.0,0.0,0.032258064,0.0,0.0,0.0
2007-11-20,0.0,0.597561,0.0,1.483871,0.032258064,0.0,0.0,0.6164383
2007-11-21,0.0,0.597561,0.0,1.451613,0.032258064,0.0,0.0,0.31506848
2007-11-22,0.020618556,0.597561,0.0,1.3709677,0.032258064,0.0,0.0,0.30136988
2007-11-23,0.010309278,0.597561,0.0,1.3870968,0.032258064,0.0,0.0,0.28767124
2007-11-24,0.010309278,0.75609756,0.0,1.2580645,0.032258064,0.0,0.0,0.2739726
2007-11-25,0.0,0.597561,0.0,1.1451613,0.032258064,0.0,0.0,0.01369863
2007-11-26,0.0,0.597561,0.0,0.61290324,0.032258064,0.0,0.0,0.0
2007-11-27,0.0,0.597561,0.0,0.38709676,0.032258064,0.0,0.0,0.0
2007-11-28,0.0,0.597561,0.0,0.38709676,0.032258064,0.0,0.0,0.0
2007-11-29,0.0,0.597561,0.0,0.46774194,0.032258064,0.0,0.0,0.0
2007-11-30,0.0,0.597561,0.0,0.38709676,0.032258064,0.0,0.0,0.0
2007-12-01,0.0,0.6097561,0.0,0.46774194,0.032258064,0.0,0.0,0.0
2007-12-02,0.0,0.6097561,0.0,0.43548387,0.032258064,0.0,0.0,0.0
2007-12-03,0.0,0.6097561,0.0,0.62903225,0.032258064,0.0,0.0,0.0
2007-12-04,0.41237113,0.5365854,0.0,7.693548,0.024193548,0.0,0.0,0.16438356
2007-12-05,0.14432989,0.42682928,0.0,6.516129,0.008064516,0.0,0.0,0.0
2007-12-06,0.020618556,0.42682928,0.0,4.709677,0.008064516,0.0,0.0,0.0
2007-12-07,25.70103,30.54878,40.016666,19.451612,36.258064,28.814285,44.948452,28.479452
2007-12-08,45.73196,56.109756,55.45,19.17742,54.475807,48.357143,62.835052,42.30137
2007-12-09,46.17526,59.19512,60.3,18.935484,56.975807,51.07143,64.896904,41.958904
2007-12-10,46.185566,59.243904,58.033333,18.516129,56.919353,51.54286,65.14433,42.438354
2007-12-11,46.02062,58.585365,57.966667,17.161291,56.903225,52.0,65.15464,42.342464
2007-12-12,45.773197,58.487804,56.8,17.596775,56.774193,51.8,65.35052,42.684933
2007-12-13,46.051548,58.609756,57.35,18.209677,56.798386,52.014286,65.26804,42.82192
2007-12-14,45.670105,58.548782,58.966667,17.193548,56.48387,52.3,65.40206,43.219177
2007-12-15,45.226803,58.865852,58.083332,16.887096,56.41129,52.714287,65.31959,46.767124
2007-12-16,44.70103,58.90244,59.016666,16.725807,56.491936,52.642857,65.56701,42.164383
2007-12-17,46.886597,59.036587,59.116665,24.935484,56.717743,52.75714,65.71134,56.328766
2007-12-18,58.608246,60.439026,63.583332,37.870968,58.25,61.657143,73.83505,72.054794
2007-12-19,87.61855,101.14634,113.9,66.5,116.19355,94.08572,116.69072,106.84931
2007-12-20,107.824745,105.47561,121.63333,101.19355,120.604836,110.542854,130.84537,134.80821
2007-12-21,137.49484,111.67073,146.61667,108.67742,142.29839,132.44286,149.96907,156.30138
2007-12-22,137.46391,112.45122,146.7,109.5,142.0,133.28572,149.93814,156.79453
2007-12-23,137.39175,112.92683,147.93333,109.258064,143.29033,133.52856,149.94846,152.82191
2007-12-24,136.51546,112.86585,148.06667,109.645164,143.09677,133.37143,150.12372,155.34247
2007-12-25,136.81444,112.585365,145.96666,111.0,142.79839,132.95714,149.73196,152.0822
2007-12-26,136.6701,112.48781,145.98334,111.22581,143.31451,133.32857,149.72165,154.87671
2007-12-27,136.16495,112.439026,147.68333,112.08064,144.5,131.95714,149.92784,149.68494
2007-12-28,136.42268,112.439026,150.31667,114.435486,145.85484,136.94286,155.31958,156.43835
2007-12-29,145.89691,112.414635,151.75,123.27419,146.20967,143.15715,157.04124,166.82191
2007-12-30,154.98969,112.30488,151.88333,128.79033,146.08064,150.24286,158.53609,178.9178
2007-12-31,154.74226,112.10976,151.68333,128.35484,146.2258,151.05714,158.69072,176.0137
2008-01-01,155.25774,111.86585,151.3,125.741936,146.45161,151.81429,158.84537,173.24658
2008-01-02,154.20619,111.48781,151.71666,126.064514,146.18549,151.02856,160.87628,175.32877
2008-01-03,152.3299,111.060974,151.75,126.27419,146.6129,150.27142,160.56702,174.28767
2008-01-04,155.07216,110.92683,155.63333,151.90323,148.30646,155.01428,169.47423,182.57535
2008-01-05,246.46391,197.90244,277.86667,234.95161,263.21774,247.44286,272.2165,289.1233
2008-01-06,294.94846,237.80487,306.83334,257.6129,312.34677,304.3,333.79382,335.80823
2008-01-07,301.2165,242.60976,330.5,266.1129,320.82257,310.92856,339.14432,352.34247
2008-01-08,302.86597,242.91463,336.8,269.01614,321.82257,311.97144,338.68042,353.60275
2008-01-09,346.0309,249.68292,342.83334,299.9516,330.5645,337.3143,359.81442,402.23288
2008-01-10,347.14432,250.2439,343.78333,305.2742,331.41934,338.41428,358.86597,394.41095
2008-01-11,349.80414,250.31708,346.9,312.03226,333.41934,340.6143,362.58762,406.8493
2008-01-12,349.5258,250.30487,346.18332,310.2097,333.32257,340.57144,361.90723,389.9589
2008-01-13,349.79382,250.2683,345.88333,313.53226,333.55646,340.25714,361.18558,406.8904
2008-01-14,349.28867,250.12195,345.53333,312.6129,333.75806,339.58572,361.56702,406.24658
2008-01-15,347.79382,249.91463,345.8,309.1129,333.12097,338.91428,360.50516,396.0274
2008-01-16,347.16495,249.98781,345.43332,309.4516,328.26614,338.55713,361.28867,390.67123
2008-01-17,346.8866,249.7317,345.01666,309.14517,327.49194,338.97144,359.62888,389.24658
2008-01-18,346.29898,249.7317,343.7,308.69354,327.15323,338.95715,359.74228,390.8767
2008-01-19,344.90723,249.14635,342.28333,306.0645,326.69354,339.0,357.75256,389.93152
2008-01-20,343.79382,249.0,342.83334,305.87097,332.84677,338.8857,357.60825,399.1644
2008-01-21,346.73196,248.7683,343.46667,315.64517,326.91934,340.52856,358.57733,408.91782
2008-01-22,350.94846,248.81708,343.36667,327.09677,327.94354,344.95715,360.97937,417.42465
2008-01-23,362.24744,248.85365,347.9,324.91934,329.7097,356.74286,373.12372,415.9589
2008-01-24,367.71133,263.35367,375.93332,329.75806,355.87097,376.98572,405.60825,426.17807
2008-01-25,373.85568,272.10974,389.5,345.62903,368.90323,390.1,412.04123,440.28766
2008-01-26,385.48453,275.81708,393.08334,386.69354,371.82257,398.98572,417.27835,446.71234
2008-01-27,385.50516,281.92682,405.63333,395.1613,386.44354,410.6,430.0825,454.78082
2008-01-28,430.97937,309.2561,478.06668,431.09677,452.37903,466.34286,490.09277,515.28766
2008-01-29,441.20618,317.30487,488.18332,438.09677,463.6129,482.95715,498.73196,510.24658
2008-01-30,461.4433,318.9878,495.98334,428.8871,471.5887,495.67142,512.433,553.35614
2008-01-31,466.7835,318.42682,497.43332,447.96774,473.37097,497.8,509.8969,545.0137
2008-02-01,497.48453,321.34146,519.56665,479.8871,493.10483,520.6429,536.17523,585.9863
2008-02-02,499.02063,322.26828,521.7,482.6129,495.0,523.7714,535.4949,572.34247
2008-02-03,544.7217,351.08536,569.48334,520.0806,535.121,569.0714,590.2371,661.49316
2008-02-04,571.433,377.30487,587.36664,522.6129,555.5,590.7286,601.8866,672.35614
2008-02-05,573.7835,377.65854,588.4167,525.9032,556.80646,590.74286,600.0103,676.0685
2008-02-06,574.86597,377.86584,589.0833,521.9355,556.70966,591.24286,599.59796,672.0548
2008-02-07,579.92786,377.91464,589.26666,522.2258,557.0645,588.6857,597.9484,676.9452
2008-02-08,579.567,377.91464,588.9,524.14514,557.7823,590.4,597.14435,653.3699
2008-02-09,578.81445,377.7927,589.06665,516.85486,558.30646,589.04285,596.40204,635.6986
2008-02-10,578.2783,377.07318,587.7833,517.2742,557.30646,586.0571,594.84534,651.6986
2008-02-11,573.3505,376.45123,587.15,521.0,556.6613,586.3571,593.95874,639.8767
2008-02-12,568.08246,375.82925,587.25,511.6613,555.6855,584.9286,595.13403,628.73975
2008-02-13,562.9794,374.57318,585.45,506.2742,555.8306,582.95715,594.0103,615.65753
2008-02-14,562.48456,374.35367,585.65,514.1613,556.0887,583.2143,592.92786,610.0
2008-02-15,562.5567,374.35367,585.2167,505.24194,554.7339,583.24286,593.4536,580.16437
2008-02-16,560.69073,374.2561,583.76666,505.0484,554.1774,583.11426,592.37115,605.41095
2008-02-17,558.41235,373.85367,583.35,503.69354,554.7339,581.6,592.2371,588.1781
2008-02-18,555.5567,372.91464,579.68335,485.7097,554.2258,580.2857,590.14435,565.86304
2008-02-19,552.25775,372.12195,577.5833,480.58066,554.379,578.8,596.9072,596.0822
2008-02-20,552.1031,375.30487,585.9167,485.09677,562.0484,582.4429,603.5464,592.3699
2008-02-21,556.5051,389.30487,590.8,487.0484,571.80646,587.7143,608.2062,592.43835
2008-02-22,574.6083,410.4878,615.43335,510.5645,604.6532,607.17145,638.47424,609.35614
2008-02-23,589.6185,441.90244,655.0833,526.29034,632.1694,628.61426,660.70105,645.41095
2008-02-24,622.26807,467.4878,684.81665,554.0484,679.44354,685.6,709.8969,676.43835
2008-02-25,662.6701,489.10974,734.05,581.1129,722.4113,727.8143,744.6701,713.41095
2008-02-26,661.6083,489.32925,729.2833,578.1774,721.74194,727.5857,745.73193,706.6712
2008-02-27,659.0103,488.69513,730.13336,577.4677,719.3306,726.88574,743.62885,698.0959
2008-02-28,654.5464,487.57318,729.63336,580.4677,717.6694,723.9429,742.96906,691.548
2008-02-29,648.71136,486.2561,726.5333,575.5161,716.60486,722.3,749.567,651.68494
2008-03-01,638.6598,483.80487,725.3,570.0968,716.4113,720.1,748.30927,694.1507
2008-03-02,638.5051,483.0366,724.68335,570.9677,714.3629,719.5143,748.13403,687.8493
2008-03-03,638.3196,482.41464,723.9167,571.871,712.629,719.9143,747.81445,673.0411
2008-03-04,633.9897,479.45123,721.56665,569.74194,714.2661,718.7143,746.2783,636.52057
2008-03-05,629.2783,477.2927,720.86664,567.29034,714.0,717.82855,745.6495,679.0685
2008-03-06,627.3815,476.26828,713.13336,575.0645,706.8468,717.8,745.37115,676.65753
2008-03-07,621.15466,474.84146,714.6,560.20966,706.379,716.5571,745.835,721.548
2008-03-08,615.41235,472.81708,714.68335,560.14514,704.55646,713.8571,745.29895,708.6027
2008-03-09,609.17523,471.0,710.7,555.6613,702.879,711.82855,744.1031,740.65753
2008-03-10,600.37115,469.93903,709.35,552.5161,700.0806,709.2286,742.6598,732.26025
2008-03-11,590.73193,467.4878,702.15,547.4839,694.6532,703.7714,742.40204,713.726
2008-03-12,579.30927,462.43903,694.2833,538.9839,690.2742,698.17145,740.42267,703.83563
2008-03-13,568.3299,455.69513,686.45,544.24194,687.1532,693.4429,741.19586,698.41095
2008-03-14,575.8969,454.43903,689.48334,547.4032,690.19354,697.0571,746.5567,687.3699
2008-03-15,587.8763,454.60974,691.2167,565.19354,690.70966,702.6857,748.52576,699.52057
2008-03-16,597.63916,457.45123,695.01666,571.5484,693.80646,704.02856,749.14435,739.41095
2008-03-17,598.70105,457.63416,695.9667,562.871,693.29034,705.9429,748.3505,719.0548
2008-03-18,594.70105,457.42682,695.38336,547.5968,692.5968,706.5571,747.4536,727.3288
2008-03-19,585.5051,455.7195,691.5833,553.35486,708.00806,703.0714,745.07214,718.73975
2008-03-20,580.96906,455.09756,687.51666,539.871,709.74194,700.32855,742.13403,719.1233
2008-03-21,577.3299,454.52438,685.18335,551.8387,703.9355,699.52856,741.3196,719.7534
2008-03-22,570.5464,450.5366,681.0333,548.9032,703.4677,696.2143,738.81445,701.31506
2008-03-23,558.86597,445.0366,696.7,539.2742,702.79034,692.4143,737.165,714.43835
2008-03-24,544.1134,436.9878,671.01666,539.7742,697.75,685.9429,735.3299,700.64386
2008-03-25,530.8866,429.82925,663.9667,530.25806,694.2742,678.5714,731.7938,694.0959
2008-03-26,520.7732,423.47562,660.13336,499.01614,691.8306,669.97144,728.86597,686.8904
2008-03-27,518.41235,420.65854,656.88336,501.51614,688.629,666.8,727.5051,666.35614
2008-03-28,516.30927,419.2439,656.15,499.87097,687.1613,664.38574,726.57733,688.726
2008-03-29,515.433,416.41464,651.98334,503.4516,684.879,662.9429,726.7732,667.9452
2008-03-30,512.433,414.0366,652.25,503.46774,678.29034,660.5714,726.4433,696.7808
2008-03-31,513.85565,422.58536,656.56665,502.7742,683.3145,659.7,727.07214,681.46576
2008-04-01,512.9794,421.06097,655.8333,514.7742,683.4516,660.4143,726.2268,655.8904
2008-04-02,506.4433,417.92682,652.9,508.03226,667.8306,657.0,722.9897,654.76715
2008-04-03,499.14432,412.97562,647.75,500.2097,664.5968,652.5857,720.3299,695.9863
2008-04-04,487.75256,410.95123,638.55,490.59677,661.0484,646.7,714.2371,667.726
2008-04-05,478.04123,405.7927,631.88336,484.82257,657.64514,642.15717,710.6804,688.0137
2008-04-06,468.06186,401.93903,625.0833,475.48386,652.99194,636.04285,706.7835,673.9589
2008-04-07,463.07217,397.95123,620.15,472.98386,649.3387,630.9286,703.6598,673.46576
2008-04-08,457.5258,392.2195,616.4667,482.91934,645.49194,627.75714,699.0103,669.0
2008-04-09,456.56702,388.69513,617.38336,467.4516,643.29034,629.8,699.7217,669.8082
2008-04-10,454.37112,383.86584,615.43335,462.96774,640.7661,629.75714,696.40204,643.6301
2008-04-11,443.39175,375.95123,607.81665,450.3871,636.70966,621.15717,694.04126,633.38354
2008-04-12,419.4433,364.17075,595.76666,424.74194,624.5887,601.3143,688.62885,633.6027
2008-04-13,388.19586,346.93903,583.0,388.67743,612.80646,577.8714,682.03094,603.0685
2008-04-14,354.8969,332.84146,568.6,359.96774,614.20966,554.65717,671.6598,572.38354
2008-04-15,344.30927,324.35367,555.9167,354.0484,603.3871,543.9286,652.08246,565.8904
2008-04-16,342.38144,321.31708,551.48334,355.32257,600.879,542.5857,649.47424,563.9726
2008-04-17,335.9175,316.5366,542.88336,346.32257,593.70966,535.11426,645.0,553.0685
2008-04-18,316.2165,300.54877,531.35,316.98386,580.5726,514.2143,636.86597,528.6986
2008-04-19,297.5258,292.58536,529.45,302.25806,571.3306,497.6,629.47424,506.34247
2008-04-20,293.37112,287.26828,521.65,300.40323,564.5,494.45715,626.8866,485.75342
2008-04-21,290.93814,282.63416,518.86664,293.35483,559.5323,493.1857,626.15466,500.60275
2008-04-22,285.87628,279.43903,513.75,292.51614,552.6532,491.84286,626.0618,498.46576
2008-04-23,281.49484,277.63416,511.91666,277.3387,548.3226,486.9,629.51544,501.19177
2008-04-24,292.0309,271.41464,506.21667,286.32257,546.2823,496.08572,636.0103,508.9726
2008-04-25,287.8866,264.82925,498.18332,285.0484,539.25,494.47144,634.2062,487.0411
2008-04-26,271.51547,260.65854,487.31668,264.03226,526.129,475.4,624.71136,466.726
2008-04-27,248.16495,251.2683,468.98334,230.69354,510.12097,452.98572,612.07214,443.9726
2008-04-28,221.78351,236.86586,450.46667,198.33871,488.67743,426.37143,597.41235,400.26028
2008-04-29,197.14433,224.60976,437.25,174.46774,476.0484,404.82858,581.7217,349.32877
2008-04-30,182.78351,222.34146,420.21667,171.53226,462.40323,392.1,574.57733,341.30136
2008-05-01,179.87628,215.30487,406.25,167.74193,465.69354,388.87143,571.2371,339.8767
2008-05-02,172.80412,209.7683,395.08334,153.3871,433.6129,379.87143,567.2268,343.45206
2008-05-03,164.29897,204.2439,387.93332,140.7258,419.90323,366.1857,561.9072,318.1096
2008-05-04,152.40207,200.09756,384.8,125.67742,413.0484,355.52856,558.1031,310.32877
2008-05-05,142.06186,197.07317,379.26666,114.064514,407.0887,348.44287,553.8866,283.9589
2008-05-06,123.71134,194.28049,373.75,101.20968,400.0484,335.3,547.15466,258.24658
2008-05-07,105.96907,186.7439,353.33334,79.370964,388.85483,313.0,532.17523,234.9315
2008-05-08,96.237114,183.20732,341.86667,67.5,379.9113,302.2143,525.1237,225.75342
2008-05-09,87.74227,179.07317,333.36667,59.419353,369.9597,291.7,516.82477,212.95891
2008-05-10,79.762886,173.15854,322.51666,53.35484,361.76614,280.24286,508.2165,200.80821
2008-05-11,71.5567,164.96341,307.6,45.14516,350.2016,268.91428,496.19586,182.57535
2008-05-12,62.618557,156.58537,293.71667,40.822582,340.03226,259.35715,484.39175,164.90411
2008-05-13,57.412373,152.32927,282.88333,33.096775,333.80646,251.12857,469.8969,153.89041
2008-05-14,52.360825,148.12195,285.03333,27.080645,342.28226,238.9,456.83505,133.61644
2008-05-15,41.71134,138.08537,261.66666,20.129032,325.41934,223.95714,419.09277,109.0411
2008-05-16,30.835052,122.0,217.75,11.870968,300.89517,202.27142,373.39175,85.328766
2008-05-17,22.329897,109.18293,165.46666,7.0,275.03226,180.74286,336.70102,57.9863
2008-05-18,13.721649,89.28049,165.08333,5.016129,251.54033,163.91429,309.6598,38.780823
2008-05-19,7.082474,73.80488,138.83333,3.2741935,223.57259,140.6,281.6701,21.30137
2008-05-20,3.4123712,68.82927,124.05,1.548387,209.71774,101.171425,249.26804,13.602739
2008-05-21,2.4329896,65.80488,114.933334,1.0645162,195.6371,91.78571,236.10309,11.027397
2008-05-22,2.628866,65.36585,113.316666,0.87096775,196.62097,90.47143,234.53609,10.369863
2008-05-23,2.7525773,60.439026,104.933334,0.7258065,192.9758,92.77143,224.65979,10.287671
2008-05-24,4.6082473,61.512196,88.666664,0.66129035,183.41129,96.98572,228.75258,10.109589
2008-05-25,10.896907,62.19512,87.48333,0.7258065,178.75807,114.92857,257.31958,16.136986
2008-05-26,9.278351,65.87805,95.63333,0.58064514,177.20161,116.72857,266.36084,13.068493
2008-05-27,7.453608,66.36585,89.066666,0.38709676,186.2258,115.57143,266.46393,11.69863
2008-05-28,6.402062,64.07317,87.21667,0.11290322,190.71774,112.97143,264.8969,10.808219
2008-05-29,5.525773,64.79269,92.75,0.0,198.54033,110.62857,264.26804,10.315068
2008-05-30,4.4226804,64.439026,115.6,0.0,200.96774,106.557144,272.2268,9.424658
2008-05-31,2.8865979,60.90244,108.816666,0.0,196.66936,101.814285,262.5464,7.6164384
2008-06-01,1.7216495,71.96342,119.183334,0.0,206.62903,95.77143,251.42268,5.917808
2008-06-02,1.5360825,69.81707,113.55,0.0,197.79839,89.27143,239.80412,4.9452057
2008-06-03,1.0618557,67.65854,108.11667,0.0,186.58064,80.671425,219.71133,3.4520547
2008-06-04,0.7010309,65.18293,101.61667,0.0,172.96774,72.78571,199.37114,2.5753424
2008-06-05,0.6185567,64.84146,100.5,0.0,172.58064,69.24286,195.64949,2.2328768
2008-06-06,0.48453608,62.378048,96.45,0.0,171.35484,65.314285,184.12372,1.3835616
2008-06-07,0.371134,60.158535,91.566666,0.0,166.57259,60.3,170.58763,0.7671233
2008-06-08,0.24742268,57.865852,87.25,0.0,163.62903,57.085712,162.50516,0.2739726
2008-06-09,0.010309278,53.585365,79.13333,0.0,156.66936,54.3,152.87628,0.0
2008-06-10,0.0,49.487804,65.933334,0.0,144.93549,46.37143,135.8866,0.0
2008-06-11,0.0,45.439026,58.833332,0.0,137.87097,42.057144,127.8866,0.0
2008-06-12,0.0,42.5,53.833332,0.0,132.65323,30.714285,129.13402,0.0
2008-06-13,0.0,38.17073,45.733334,0.0,124.1371,27.928572,119.09278,0.0
2008-06-14,0.0,31.40244,35.4,0.0,113.491936,25.457144,101.948456,0.0
2008-06-15,0.0,25.439024,27.666666,0.0,101.34677,18.428572,82.95876,0.0
2008-06-16,0.0,20.695122,22.9,0.0,90.44355,14.542857,69.19588,0.0
2008-06-17,0.0,20.170732,18.733334,0.0,80.46774,10.8,55.618557,0.0
2008-06-18,0.0,16.036585,14.833333,0.0,90.16129,8.1285715,44.73196,0.0
2008-06-19,0.0,13.182927,11.5,0.0,78.65323,5.5285716,34.587627,0.0
2008-06-20,0.0,10.609756,8.65,0.0,70.25,3.442857,25.381443,0.0
2008-06-21,0.0,8.439024,5.8333335,0.0,56.201614,1.5428572,16.969072,0.0
2008-06-22,0.0,6.365854,3.4333334,0.0,43.387096,0.8857143,11.123712,0.0
2008-06-23,0.0,4.756098,2.2666667,0.0,35.564518,0.32857144,7.742268,0.0
2008-06-24,0.0,3.792683,1.8333334,0.0,29.516129,0.0,4.886598,0.0
2008-06-25,0.0,2.8536584,1.5666667,0.0,23.685484,0.0,2.6391752,0.0
2008-06-26,0.0,2.012195,1.0166667,0.0,18.887096,0.0,0.87628865,0.0
2008-06-27,0.0,1.3536586,0.45,0.0,14.846774,0.0,0.20618556,0.0
2008-06-28,0.0,0.74390244,0.0,0.0,10.346774,0.0,0.0,0.0
2008-06-29,0.0,0.36585367,0.0,0.0,6.645161,0.0,0.0,0.0
2008-06-30,0.0,0.0,0.0,0.0,4.104839,0.0,0.0,0.0
2008-07-01,0.0,0.0,0.0,0.0,2.782258,0.0,0.0,0.0
2008-07-02,0.0,0.0,0.0,0.0,1.5967742,0.0,0.0,0.0
2008-07-03,0.0,0.0,0.0,0.0,0.87096775,0.0,0.0,0.0
2008-07-04,0.0,0.0,0.0,0.0,0.42741936,0.0,0.0,0.0
2008-07-05,0.0,0.0,0.0,0.0,0.15322581,0.0,0.0,0.0
2008-07-06,0.0,0.0,0.0,0.0,0.0,0.0,0.0,0.0
2008-07-07,0.0,0.0,0.0,0.0,0.0,0.0,0.0,0.0
2008-07-08,0.0,0.0,0.0,0.0,0.0,0.0,0.0,0.0
2008-07-09,0.0,0.0,0.0,0.0,0.0,0.0,0.0,0.0
2008-07-10,0.0,0.0,0.0,0.0,0.0,0.0,0.0,0.0
2008-07-11,0.0,0.0,0.0,0.0,0.0,0.0,0.0,0.0
2008-07-12,0.0,0.0,0.0,0.0,0.0,0.0,0.0,0.0
2008-07-13,0.0,0.0,0.0,0.0,0.0,0.0,0.0,0.0
2008-07-14,0.0,0.0,0.0,0.0,0.0,0.0,0.0,0.0
2008-07-15,0.0,0.0,0.0,0.0,0.0,0.0,0.0,0.0
2008-07-16,0.0,0.0,0.0,0.0,0.0,0.0,0.0,0.0
2008-07-17,0.0,0.0,0.0,0.0,0.0,0.0,0.0,0.0
2008-07-18,0.0,0.0,0.0,0.0,0.0,0.0,0.0,0.0
2008-07-19,0.0,0.0,0.0,0.0,0.0,0.0,0.0,0.0
2008-07-20,0.0,0.0,0.0,0.0,0.0,0.0,0.0,0.0
2008-07-21,0.0,0.0,0.0,0.0,0.0,0.0,0.0,0.0
2008-07-22,0.0,0.0,0.0,0.0,0.0,0.0,0.0,0.0
2008-07-23,0.0,0.0,0.0,0.0,0.0,0.0,0.0,0.0
2008-07-24,0.0,0.0,0.0,0.0,0.0,0.0,0.0,0.0
2008-07-25,0.0,0.0,0.0,0.0,0.0,0.0,0.0,0.0
2008-07-26,0.0,0.0,0.0,0.0,0.0,0.0,0.0,0.0
2008-07-27,0.0,0.0,0.0,0.0,0.0,0.0,0.0,0.0
2008-07-28,0.0,0.0,0.0,0.0,0.0,0.0,0.0,0.0
2008-07-29,0.0,0.0,0.0,0.0,0.0,0.0,0.0,0.0
2008-07-30,0.0,0.0,0.0,0.0,0.0,0.0,0.0,0.0
2008-07-31,0.0,0.0,0.0,0.0,0.0,0.0,0.0,0.0
2008-08-01,0.0,0.0,0.0,0.0,0.0,0.0,0.0,0.0
2008-08-02,0.0,0.0,0.0,0.0,0.0,0.0,0.0,0.0
2008-08-03,0.0,0.0,0.0,0.0,0.0,0.0,0.0,0.0
2008-08-04,0.0,0.0,0.0,0.0,0.0,0.0,0.0,0.0
2008-08-05,0.0,0.0,0.0,0.0,0.0,0.0,0.0,0.0
2008-08-06,0.0,0.0,0.0,0.0,0.0,0.0,0.0,0.0
2008-08-07,0.0,0.0,0.0,0.0,0.0,0.0,0.0,0.0
2008-08-08,0.0,0.0,0.0,0.0,0.0,0.0,0.0,0.0
2008-08-09,0.0,0.0,0.0,0.0,0.0,0.0,0.0,0.0
2008-08-10,0.0,0.0,0.0,0.0,0.0,0.0,0.0,0.0
2008-08-11,0.0,0.0,0.0,0.0,0.0,0.0,0.0,0.0
2008-08-12,0.0,0.0,0.0,0.0,0.0,0.0,0.0,0.0
2008-08-13,0.0,0.0,0.0,0.0,0.0,0.0,0.0,0.0
2008-08-14,0.0,0.0,0.0,0.0,0.0,0.0,0.0,0.0
2008-08-15,0.0,0.0,0.0,0.0,0.0,0.0,0.0,0.0
2008-08-16,0.0,0.0,0.0,0.0,0.0,0.0,0.0,0.0
2008-08-17,0.0,0.0,0.0,0.0,0.0,0.0,0.0,0.0
2008-08-18,0.0,0.0,0.0,0.0,0.0,0.0,0.0,0.0
2008-08-19,0.0,0.0,0.0,0.0,0.0,0.0,0.0,0.0
2008-08-20,0.0,0.0,0.0,0.0,0.0,0.0,0.0,0.0
2008-08-21,0.0,0.0,0.0,0.0,0.0,0.0,0.0,0.0
2008-08-22,0.0,0.0,0.0,0.0,0.0,0.0,0.0,0.0
2008-08-23,0.0,0.0,0.0,0.0,0.0,0.0,0.0,0.0
2008-08-24,0.0,0.0,0.0,0.0,0.0,0.0,0.0,0.0
2008-08-25,0.0,0.0,0.0,0.0,0.0,0.0,0.0,0.0
2008-08-26,0.0,0.0,0.0,0.0,0.0,0.0,0.0,0.0
2008-08-27,0.0,0.0,0.0,0.0,0.0,0.0,0.0,0.0
2008-08-28,0.0,0.0,0.0,0.0,0.0,0.0,0.0,0.0
2008-08-29,0.0,0.0,0.0,0.0,0.0,0.0,0.0,0.0
2008-08-30,0.0,0.0,0.0,0.0,0.0,0.0,0.0,0.0
2008-08-31,0.0,0.0,0.0,0.0,0.0,0.0,0.0,0.0
2008-09-01,0.0,0.0,0.0,0.0,0.0,0.0,0.0,0.0
2008-09-02,0.0,0.0,0.0,0.0,0.0,0.0,0.0,0.0
2008-09-03,0.0,0.0,0.0,0.0,0.0,0.0,0.0,0.0
2008-09-04,0.0,0.0,0.0,0.0,0.0,0.0,0.0,0.0
2008-09-05,0.0,0.0,0.0,0.0,0.0,0.0,0.0,0.0
2008-09-06,0.0,0.0,0.0,0.0,0.0,0.0,0.0,0.0
2008-09-07,0.0,0.0,0.0,0.0,0.0,0.0,0.0,0.0
2008-09-08,0.0,0.0,0.0,0.0,0.0,0.0,0.0,0.0
2008-09-09,0.0,0.0,0.0,0.0,0.0,0.0,0.0,0.0
2008-09-10,0.0,0.0,0.0,0.0,0.0,0.0,0.0,0.0
2008-09-11,0.0,0.0,0.0,0.0,0.0,0.0,0.0,0.0
2008-09-12,0.0,0.0,0.0,0.0,0.0,0.0,0.0,0.0
2008-09-13,0.0,0.0,0.0,0.0,0.0,0.0,0.0,0.0
2008-09-14,0.0,0.0,0.0,0.0,0.0,0.0,0.0,0.0
2008-09-15,0.0,0.0,0.0,0.0,0.0,0.0,0.0,0.0
2008-09-16,0.0,0.0,0.0,0.0,0.0,0.0,0.0,0.0
2008-09-17,0.0,0.0,0.0,0.0,0.0,0.0,0.0,0.0
2008-09-18,0.0,0.0,0.0,0.0,0.0,0.0,0.0,0.0
2008-09-19,0.0,0.0,0.0,0.0,0.0,0.0,0.0,0.0
2008-09-20,0.0,0.0,0.0,0.0,0.0,0.0,0.0,0.0
2008-09-21,0.0,0.0,0.0,0.0,0.0,0.0,0.0,0.0
2008-09-22,0.0,0.0,0.0,0.0,0.0,0.0,0.0,0.0
2008-09-23,0.0,0.0,0.0,0.0,0.0,0.0,0.0,0.0
2008-09-24,0.0,0.0,0.0,0.0,0.0,0.0,0.0,0.0
2008-09-25,0.0,0.0,0.0,0.0,0.0,0.0,0.0,0.0
2008-09-26,0.0,0.0,0.0,0.0,0.0,0.0,0.0,0.0
2008-09-27,0.0,0.0,0.0,0.0,0.0,0.0,0.0,0.0
2008-09-28,0.0,0.0,0.0,0.0,0.0,0.0,0.0,0.0
2008-09-29,0.0,0.0,0.0,0.0,0.0,0.0,0.0,0.0
2008-09-30,0.0,0.0,0.0,0.0,0.0,0.0,0.0,0.0
2008-10-01,0.0,0.0,0.0,0.0,0.0,0.0,0.0,0.0
2008-10-02,0.0,0.0,0.0,0.0,0.0,0.0,0.0,0.0
2008-10-03,0.0,0.0,0.0,0.0,0.0,0.0,0.0,0.0
2008-10-04,0.0,0.19512194,0.16666667,0.0,0.7741935,0.0,0.0,0.0
2008-10-05,0.35051546,0.85365856,5.45,0.0,4.185484,1.5428572,4.6185565,0.0
2008-10-06,0.0927835,0.9634146,3.3833334,0.0,4.467742,1.0714285,3.3195877,0.0
2008-10-07,0.0,0.2195122,0.33333334,0.0,2.516129,0.0,0.0927835,0.0
2008-10-08,0.0,0.0,0.0,0.0,0.63709676,0.0,0.0,0.0
2008-10-09,0.0,0.0,0.0,0.0,0.11290322,0.0,0.0,0.0
2008-10-10,0.010309278,0.0,0.0,0.0,0.11290322,0.0,0.010309278,0.0
2008-10-11,0.05154639,0.0,0.0,0.0,0.06451613,0.057142857,0.06185567,0.0
2008-10-12,0.15463917,0.0,0.0,0.0,0.07258064,0.8,0.25773194,0.0
2008-10-13,0.31958762,0.0,0.0,0.0,0.06451613,0.8428571,0.26804122,0.01369863
2008-10-14,0.030927835,0.0,0.0,0.0,0.06451613,0.5,0.40206185,0.0
2008-10-15,0.0,0.0,0.0,0.0,0.06451613,0.0,0.030927835,0.0
2008-10-16,0.0,0.0,0.0,0.0,0.0,0.0,0.0,0.0
2008-10-17,0.0,0.0,0.0,0.0,0.0,0.0,0.0,0.0
2008-10-18,0.0,0.0,0.0,0.0,0.0,0.0,0.0,0.0
2008-10-19,0.0,0.0,0.0,0.0,0.0,0.0,0.0,0.0
2008-10-20,0.0,0.0,0.0,0.0,0.0,0.0,0.0,0.0
2008-10-21,0.0,0.0,0.0,0.0,0.0,0.0,0.0,0.0
2008-10-22,0.0,0.0,0.0,0.0,0.0,0.0,0.0,0.0
2008-10-23,0.0,0.0,0.0,0.0,0.0,0.0,0.0,0.0
2008-10-24,0.0,0.0,0.0,0.0,0.0,0.0,0.0,0.0
2008-10-25,0.0,0.0,0.0,0.0,0.0,0.0,0.0,0.0
2008-10-26,0.0,0.0,0.0,0.0,0.0,0.0,0.0,0.0
2008-10-27,0.0,0.0,0.0,0.0,0.0,0.0,0.0,0.0
2008-10-28,0.0,0.0,0.0,0.0,0.0,0.0,0.0,0.0
2008-10-29,0.0,0.0,0.0,0.0,0.0,0.0,0.0,0.0
2008-10-30,0.0,0.0,0.0,0.0,0.0,0.0,0.0,0.0
2008-10-31,0.0,0.0121951215,1.1333333,0.0,2.887097,0.0,0.13402061,0.0
2008-11-01,0.13402061,0.85365856,5.516667,1.2096775,9.201612,2.4571428,8.247422,0.0
2008-11-02,9.865979,13.768292,28.166666,1.2580645,32.98387,9.414286,40.804123,7.8767123
2008-11-03,14.402061,14.719512,33.666668,3.0,39.032257,15.2,50.56701,8.438356
2008-11-04,29.206186,16.536585,42.116665,18.725807,44.032257,24.1,64.90722,25.150684
2008-11-05,32.072166,16.390244,44.083332,18.209677,47.387096,25.485714,65.86598,28.178082
2008-11-06,31.804123,16.158537,46.883335,19.306452,47.79032,26.0,69.051544,27.739725
2008-11-07,25.505156,17.109756,45.616665,16.435484,47.58871,23.971428,66.95876,22.58904
2008-11-08,18.103092,16.121952,42.15,10.32258,46.919353,21.114286,65.37113,17.657534
2008-11-09,18.237114,21.134146,49.133335,7.645161,51.774193,22.385714,76.49484,18.054794
2008-11-10,19.103092,23.280487,49.766666,8.290322,53.05645,22.585714,76.85567,17.260275
2008-11-11,18.505156,23.09756,49.8,6.516129,52.991936,22.37143,76.701035,15.493151
2008-11-12,17.391752,22.487804,49.266666,6.177419,52.620968,21.3,76.41237,15.835616
2008-11-13,13.5463915,20.695122,43.4,4.290323,49.98387,18.071428,72.948456,13.246575
2008-11-14,10.0,17.780487,36.216667,3.1290324,47.419353,15.6,69.71134,12.082191
2008-11-15,7.5360823,14.256098,29.916666,2.1774194,43.846775,17.0,64.74227,9.452055
2008-11-16,5.412371,10.609756,25.266666,1.7258065,40.60484,12.671429,59.14433,7.369863
2008-11-17,3.4226804,7.890244,21.0,1.048387,35.919353,10.114285,52.793816,5.7534246
2008-11-18,2.4742267,5.5731707,16.933332,0.6935484,32.274193,10.228572,45.57732,3.4383562
2008-11-19,1.8556701,4.6463413,14.733334,0.48387095,31.096775,8.985714,41.206184,2.1369863
2008-11-20,1.484536,3.9268293,13.216666,0.37096775,31.903225,8.785714,37.28866,1.4520547
2008-11-21,1.3814433,3.8658535,12.5,0.38709676,31.830645,8.642858,35.45361,1.150685
2008-11-22,1.2164948,3.6707318,11.35,0.33870968,31.57258,8.142858,33.226803,0.7671233
2008-11-23,1.1030928,3.512195,10.666667,0.30645162,31.42742,7.9714284,31.824741,0.5479452
2008-11-24,0.9587629,3.4390244,9.916667,0.2580645,30.637096,6.928571,30.340206,0.21917808
2008-11-25,0.83505154,3.2195122,9.2,0.17741935,29.693548,7.3285713,29.237114,0.01369863
2008-11-26,0.7628866,3.9634147,9.716666,0.11290322,27.975807,7.3285713,28.71134,0.0
2008-11-27,2.0,18.195122,16.5,0.048387095,39.58871,9.314285,33.96907,0.06849315
2008-11-28,1.6185567,20.04878,16.15,0.016129032,39.98387,9.0,33.670105,0.04109589
2008-11-29,1.2268041,21.268293,14.6,0.0,37.330647,8.471429,33.4433,0.01369863
2008-11-30,0.91752577,17.439024,12.266666,0.0,37.741936,7.042857,30.515465,0.0
2008-12-01,0.7010309,13.109756,9.483334,0.0,35.95968,7.614286,29.257732,0.0
2008-12-02,0.52577317,9.914634,7.8166666,0.0,34.048386,6.5142856,26.175259,0.0
2008-12-03,0.48453608,9.682927,7.483333,0.0,34.024193,6.385714,25.628866,0.0
2008-12-04,0.45360824,9.585366,7.1666665,0.0,32.701614,6.0285716,24.86598,0.0
2008-12-05,0.45360824,9.585366,7.15,0.0,32.701614,6.0285716,24.85567,0.0
2008-12-06,0.45360824,9.54878,7.1,0.0,32.685482,6.0142856,24.783504,0.0
2008-12-07,0.41237113,9.414634,6.733333,0.0,31.935484,5.6571426,24.092783,0.0
2008-12-08,0.39175257,9.121951,6.733333,0.0,31.92742,5.5,23.814432,0.0
2008-12-09,0.39175257,9.121951,6.733333,0.0,32.524193,5.5,23.814432,0.0
2008-12-10,0.39175257,9.121951,6.733333,0.0,31.911291,5.5,23.814432,0.0
2008-12-11,0.28865978,8.597561,5.9,0.0,31.701612,4.642857,21.670103,0.0
2008-12-12,0.20618556,7.8292685,4.983333,0.0,31.540323,4.0285716,19.639175,0.0
2008-12-13,0.19587629,7.8536587,5.366667,0.0,32.403225,4.0857143,20.195877,0.09589041
2008-12-14,7.0,8.719512,8.766666,0.0,30.814516,12.985714,29.762886,2.9041095
2008-12-15,23.628866,28.036585,25.1,17.435484,48.830647,25.157143,44.40206,25.616438
2008-12-16,50.57732,57.012196,53.833332,35.403225,70.92742,56.157143,73.42268,47.0137
2008-12-17,53.14433,60.280487,54.0,35.225807,71.65323,59.57143,74.49484,56.39726
2008-12-18,53.237114,60.463413,53.9,35.629032,72.33064,59.485714,74.58763,47.63014
2008-12-19,65.03093,60.42683,55.416668,50.177418,73.129036,64.08572,76.762886,77.561646
2008-12-20,78.85567,60.07317,58.366665,51.177418,73.47581,70.814285,79.896904,77.520546
2008-12-21,80.639175,59.865852,58.383335,53.629032,72.935486,70.97143,80.31959,87.945206
2008-12-22,108.051544,67.28049,90.38333,77.53226,102.814514,100.1,117.74227,102.39726
2008-12-23,124.73196,79.768295,104.3,85.46774,113.3871,113.72857,132.27835,128.90411
2008-12-24,129.49484,79.939026,104.76667,87.46774,114.991936,118.11429,133.72165,115.61644
2008-12-25,162.69072,83.060974,136.28334,138.20967,136.00807,146.62857,162.87628,169.82191
2008-12-26,200.89691,105.29269,187.6,148.0,179.07259,183.64285,208.97939,186.0
2008-12-27,201.15463,105.31707,186.73334,150.46774,179.12903,186.87143,208.12372,188.79453
2008-12-28,201.85567,105.64634,183.05,152.08064,178.57259,188.51428,208.12372,187.46576
2008-12-29,202.04124,106.12195,183.93333,151.80646,178.25807,189.25714,207.81444,185.09589
2008-12-30,201.0,106.0,185.36667,152.37097,178.03226,188.44286,209.42268,191.45206
2008-12-31,200.2371,105.30488,185.81667,152.46774,177.8871,187.42857,208.47423,191.20547
2009-01-01,200.09279,105.060974,187.55,149.96774,176.51613,186.81429,206.09279,191.69862
2009-01-02,199.15463,103.85366,157.81667,150.53226,176.49193,188.95714,208.0,185.0685
2009-01-03,220.07216,105.81707,164.3,161.83871,182.35484,202.05714,219.2371,200.87671
2009-01-04,220.47423,104.69512,164.7,159.79033,182.41936,202.7,217.28867,199.63014
2009-01-05,220.16495,105.01219,164.88333,163.53226,183.20161,203.55714,217.53609,199.16438
2009-01-06,222.92784,107.63415,166.08333,163.56451,182.9758,208.84285,220.90721,202.34247
2009-01-07,222.26804,108.439026,163.88333,162.90323,182.76613,208.37143,221.40207,201.09589
2009-01-08,220.09279,106.768295,163.66667,161.19354,183.55646,208.27142,222.80412,199.39726
2009-01-09,219.81444,104.85366,163.85,162.2258,184.91936,206.98572,221.56702,200.76712
2009-01-10,218.89691,104.03658,163.65,161.82259,184.5,207.3,222.03093,203.42465
2009-01-11,216.68042,102.36585,183.06667,155.19354,185.39516,207.62857,222.81444,197.15068
2009-01-12,214.80412,98.82927,189.11667,152.95161,184.37903,207.15715,220.7732,198.52055
2009-01-13,212.24742,94.47561,175.85,154.30646,185.04839,206.74286,222.2371,190.34247
2009-01-14,205.14433,88.53658,173.13333,150.69354,183.66129,206.31429,221.8866,185.82191
2009-01-15,196.72165,83.64634,168.43333,146.16129,182.56451,203.45714,227.19588,181.9726
2009-01-16,189.07216,80.32927,163.63333,138.5,178.99193,202.04286,225.75258,197.89041
2009-01-17,181.41237,78.243904,160.63333,132.91936,178.7258,201.2,224.52577,179.20547
2009-01-18,172.81444,76.14634,158.31667,126.09677,174.75807,199.1,223.40207,186.04109
2009-01-19,166.18556,74.32927,153.91667,118.83871,173.57259,198.1,221.53609,179.0822
2009-01-20,158.50516,72.81707,150.81667,113.03226,168.8871,196.65715,219.93814,164.60274
2009-01-21,148.62886,71.04878,146.91667,108.09677,167.56451,192.6,218.27835,157.863
2009-01-22,142.50516,71.085365,146.15,108.90323,165.78226,190.27142,220.74226,153.60274
2009-01-23,158.36082,80.78049,188.98334,114.01613,206.20967,215.34285,252.40207,164.50685
2009-01-24,162.26804,93.63415,230.83333,116.03226,237.37903,233.44286,295.0309,158.78082
2009-01-25,179.46391,109.92683,266.48334,153.7258,271.78226,262.91428,322.94846,180.9315
2009-01-26,192.43298,120.414635,272.36667,162.2742,281.0484,272.42856,328.4536,187.36986
2009-01-27,192.40207,121.902435,271.93332,166.74193,280.87097,276.2143,339.6701,190.95891
2009-01-28,192.24742,122.35366,272.45,166.69354,273.69354,279.82858,339.74228,187.84932
2009-01-29,189.82474,122.60976,272.05,165.43549,273.12903,280.82858,339.0,187.45206
2009-01-30,185.15463,122.19512,271.08334,162.3871,271.5887,281.32858,327.5464,185.39726
2009-01-31,177.38144,118.402435,269.06668,150.96774,272.40323,278.25714,334.24744,183.10959
2009-02-01,167.2371,116.79269,268.38333,142.64516,268.75,275.3143,333.94846,174.9863
2009-02-02,162.03093,113.65854,265.6,137.70967,267.4597,274.4,332.81442,171.76712
2009-02-03,151.87628,111.085365,258.9,132.85484,263.5242,268.34286,330.25772,163.61644
2009-02-04,141.4433,108.256096,251.41667,116.77419,258.9516,262.07144,327.26804,145.21918
2009-02-05,134.1134,106.65854,255.5,111.3871,255.12903,258.35715,324.83505,139.17809
2009-02-06,135.49484,108.756096,262.85,121.67742,261.80646,261.27142,331.27835,150.26027
2009-02-07,142.72165,135.2561,288.06668,121.870964,283.4355,273.3143,346.71133,159.23288
2009-02-08,146.81444,142.45122,282.23334,128.37097,285.4516,276.3,348.1031,159.863
2009-02-09,173.10309,161.69513,316.7,142.67741,311.44354,299.2,376.02063,193.10959
2009-02-10,182.15463,165.95122,339.3,142.91936,317.3145,304.7857,378.19586,197.56165
2009-02-11,190.09279,166.68292,326.78333,153.45161,319.41934,312.54285,383.27835,204.58904
2009-02-12,207.84537,171.98781,343.4,162.19354,327.78226,328.91428,397.06186,230.42465
2009-02-13,211.82474,172.7561,347.48334,185.01613,329.1129,331.77142,397.76288,239.23288
2009-02-14,242.89691,180.41463,365.3,210.7742,339.5242,354.7857,421.7732,292.43835
2009-02-15,251.64949,180.20732,380.41666,221.83871,341.7742,363.04285,426.3402,305.9589
2009-02-16,271.09277,181.04878,381.31668,255.1129,343.12903,377.08572,438.13403,324.31506
2009-02-17,293.05154,215.28049,430.83334,279.12903,384.78226,403.87143,474.09277,345.1096
2009-02-18,317.75256,226.41463,470.76666,292.75806,407.6855,455.91428,518.567,382.63013
2009-02-19,317.72165,226.98781,472.33334,297.51614,412.5484,457.41428,516.59796,392.726
2009-02-20,316.6701,227.30487,474.11667,298.62903,411.7742,457.27142,515.8763,380.9041
2009-02-21,315.40207,227.47562,474.68332,297.14517,409.90323,455.27142,516.74225,353.06848
2009-02-22,313.4742,227.39024,475.03333,295.67743,407.7742,454.14285,515.5051,368.35617
2009-02-23,332.39175,239.59756,511.28333,335.25806,431.7984,484.8857,558.2062,387.71234
2009-02-24,347.73196,243.5,525.68335,339.8387,446.5645,508.67142,564.73193,410.06848
2009-02-25,347.60825,243.20732,507.28333,334.0484,443.6129,507.1143,565.08246,411.20547
2009-02-26,349.39175,243.2317,505.35,337.7903,476.1371,510.52856,565.2268,432.28766
2009-02-27,358.1031,243.12195,498.71667,338.30646,474.94354,516.0714,569.1134,439.9726
2009-02-28,357.6598,245.14635,519.8333,335.4516,472.73386,515.1857,567.59796,432.0274
2009-03-01,354.37112,243.84146,510.81668,336.40323,468.85483,510.62857,583.08246,447.69864
2009-03-02,376.9691,238.39024,503.66666,356.32257,482.10483,527.67145,609.7835,464.68494
2009-03-03,423.50516,237.35365,517.7833,405.82257,493.6129,572.1286,651.2062,502.45206
2009-03-04,489.5258,245.0,584.06665,445.4355,546.1371,637.67145,704.5361,608.35614
2009-03-05,509.93814,266.39026,565.86664,446.48386,570.3226,662.8,699.47424,595.2055
2009-03-06,513.92786,266.36584,605.05,432.87097,559.25,666.52856,715.2783,601.3973
2009-03-07,515.47424,266.7195,605.85,438.1129,560.0726,667.8571,700.8866,616.452
2009-03-08,516.15466,266.80487,605.6667,428.96774,560.1371,669.6429,701.14435,604.71234
2009-03-09,516.8969,266.4634,583.68335,439.37097,556.8629,671.1286,721.9794,600.9589
2009-03-10,517.165,266.32925,583.11664,437.24194,558.5726,670.6429,721.86597,604.56165
2009-03-11,517.7732,266.2195,581.2833,433.96774,553.621,671.5714,721.07214,602.8904
2009-03-12,516.48456,265.85367,580.25,444.0645,553.8306,672.02856,720.91754,600.49316
2009-03-13,516.2268,264.68292,579.15,436.53226,553.0161,672.02856,720.5051,597.8219
2009-03-14,511.8866,262.2439,577.26666,423.53226,552.1371,669.8,718.29895,614.76715
2009-03-15,509.76288,260.26828,577.0,423.8871,549.4355,668.34283,718.165,617.2466
2009-03-16,514.6804,258.39026,576.25,430.40323,546.0161,667.4429,719.07214,621.23285
2009-03-17,516.1134,251.37805,573.1,427.5484,543.7339,663.8,716.7732,615.46576
2009-03-18,505.93814,243.39024,568.86664,439.12903,541.0161,659.25714,716.36084,613.0411
2009-03-19,489.04123,232.20732,562.76666,415.32257,538.74194,653.02856,714.9382,607.46576
2009-03-20,470.2268,222.82927,555.56665,406.96774,533.6855,643.02856,713.07214,620.6027
2009-03-21,453.6701,217.85365,548.7833,397.2258,529.9032,635.9,710.7217,609.41095
2009-03-22,472.35052,224.98781,601.7167,404.5,580.5161,654.45715,748.1031,665.31506
2009-03-23,502.50516,247.30487,560.2,422.51614,590.5,671.2143,766.0,661.3973
2009-03-24,501.68042,247.43903,602.98334,418.96774,596.9194,676.4143,750.70105,664.50684
2009-03-25,496.14432,247.7439,637.5333,406.41934,587.6774,673.3143,763.5361,645.7534
2009-03-26,487.1134,246.43903,633.9667,404.7903,588.8387,671.84283,763.4639,657.0685
2009-03-27,476.51547,241.7561,628.61664,387.41934,593.54034,667.7143,761.3815,631.86304
2009-03-28,461.5258,237.91463,622.4,369.41934,587.55646,658.74286,758.7217,639.61646
2009-03-29,442.61856,233.91463,615.1667,357.6129,584.3871,647.8,755.62885,605.726
2009-03-30,437.6701,233.7317,612.93335,364.9355,578.5887,644.95715,753.8763,603.2055
2009-03-31,431.27835,233.68292,609.56665,360.17743,605.4032,644.02856,751.4536,614.9178
2009-04-01,420.36084,233.54878,606.26666,337.4516,596.99194,637.1286,748.5051,603.61646
2009-04-02,405.48453,231.81708,617.68335,320.9355,591.10486,629.67145,743.42267,588.3699
2009-04-03,398.05154,231.10976,614.0,336.0484,588.5,624.9,740.73193,563.0274
2009-04-04,398.3402,231.13414,614.7,318.7903,587.8871,626.7714,741.4949,582.31506
2009-04-05,394.7835,230.87805,614.2,314.6129,586.7339,626.8571,740.37115,579.1507
2009-04-06,383.1031,229.90244,609.45,301.1613,583.44354,620.65717,738.6083,568.49316
2009-04-07,362.39175,226.60976,599.2167,281.12903,576.2258,610.32855,733.6495,531.16437
2009-04-08,359.60825,239.0,612.9,271.98386,591.6694,610.6857,749.0516,520.1096
2009-04-09,370.9897,243.96341,625.0333,273.9355,606.0645,617.3143,757.51544,532.4247
2009-04-10,387.29898,244.92683,615.85,276.41934,597.0,631.9,771.7938,552.7945
2009-04-11,389.76288,246.80487,621.6,286.3871,631.9677,634.4,774.9484,558.56165
2009-04-12,382.85568,246.93903,639.9,280.7742,603.79034,631.7857,772.13403,536.7808
2009-04-13,368.26804,243.81708,634.3333,278.91934,599.89514,621.9,769.15466,522.9178
2009-04-14,356.72165,241.09756,627.88336,269.17743,615.2339,609.2714,766.835,511.38358
2009-04-15,357.63916,241.01219,629.48334,267.0,621.5484,614.25714,769.24744,498.1233
2009-04-16,357.27835,240.65854,630.2,266.7742,601.9032,614.74286,769.51544,512.0822
2009-04-17,352.92783,225.92683,626.31665,244.51613,527.79034,580.3143,735.41235,506.1233
2009-04-18,338.9691,224.79268,615.1,226.12903,533.4516,566.9857,728.47424,501.56165
2009-04-19,318.95877,221.47562,593.5833,201.51613,515.9839,542.5571,712.7629,458.9452
2009-04-20,293.70102,222.2317,565.2,187.69354,569.75,545.75714,731.8866,420.54794
2009-04-21,262.1134,212.36586,535.15,175.35484,543.3871,542.7,705.51544,374.45206
2009-04-22,223.0,198.5,490.88333,141.09677,521.5242,512.4143,683.8969,326.1507
2009-04-23,190.54639,188.02438,455.85,114.41936,503.65323,488.97144,665.52576,292.67123
2009-04-24,176.0,188.45122,443.91666,102.90323,495.7097,474.8857,656.6701,277.28766
2009-04-25,186.20619,181.29268,449.88333,99.91936,491.66934,494.3857,680.4639,284.53424
2009-04-26,186.42268,175.69513,451.81668,100.51613,468.05646,492.7143,681.42267,281.80823
2009-04-27,177.89691,161.29268,447.71667,92.548386,490.5645,484.15714,678.29895,270.91782
2009-04-28,171.90721,161.15854,444.6,89.3871,488.5242,478.32858,675.5051,266.63013
2009-04-29,169.5567,161.29268,441.55,90.0,484.12903,473.2857,674.13403,265.35617
2009-04-30,166.68042,161.01219,435.78333,86.951614,476.92743,467.05713,671.04126,261.1096
2009-05-01,158.02061,158.7439,422.06668,83.048386,467.24194,455.8,660.08246,251.26027
2009-05-02,162.4433,175.7561,437.01666,82.59677,488.10483,480.91428,706.835,263.21918
2009-05-03,168.19588,176.79268,449.43332,92.951614,497.7097,491.7143,720.5464,270.34247
2009-05-04,168.14433,175.43903,449.73334,84.435486,497.75,496.7143,724.7217,272.0959
2009-05-05,167.30928,172.7439,438.93332,82.08064,489.5484,491.25714,718.84534,281.20547
2009-05-06,156.1134,180.40244,385.06668,78.83871,465.71774,479.72858,675.2268,267.0274
2009-05-07,142.35051,179.37805,361.63333,74.3871,439.9758,464.84286,660.75256,250.90411
2009-05-08,128.53609,172.69513,344.38333,69.564514,421.3871,446.5,643.7732,234.27397
2009-05-09,117.08247,164.86586,327.68332,63.20968,398.03226,429.04285,627.4433,215.90411
2009-05-10,106.453606,151.7683,309.01666,55.435482,378.73386,414.35715,597.7835,197.64383
2009-05-11,94.103096,133.81708,287.31668,47.774193,359.65323,392.91428,569.1134,178.09589
2009-05-12,83.4433,101.37805,262.53333,42.725807,381.10483,374.14285,548.9794,163.38356
2009-05-13,77.93814,97.80488,235.5,39.69355,371.5403,361.74286,531.95874,153.52055
2009-05-14,71.80412,94.52439,216.45,35.83871,360.32257,349.1,518.9484,141.65753
2009-05-15,63.092785,90.21951,205.18333,30.758064,346.9758,331.98572,503.6701,122.34247
2009-05-16,53.42268,99.78049,189.38333,23.032259,319.76614,309.91428,482.63916,102.49315
2009-05-17,45.092785,86.82927,168.9,14.370968,296.7097,275.92856,455.13403,81.520546
2009-05-18,33.092785,69.70731,152.71666,9.387096,262.0242,228.38571,424.97937,63.69863
2009-05-19,24.01031,58.451218,130.35,7.112903,230.18549,202.54286,386.56702,52.410957
2009-05-20,19.030928,53.548782,117.35,5.919355,218.67741,184.27142,364.9175,40.780823
2009-05-21,15.371134,49.743904,106.48333,5.290323,208.28226,167.72858,340.80414,30.520548
2009-05-22,11.28866,45.463413,94.71667,4.580645,198.45967,136.78572,291.09277,25.178082
2009-05-23,6.2371135,32.341465,75.666664,3.6451614,149.43549,123.828575,250.81444,20.643835
2009-05-24,4.1752577,30.268293,67.316666,2.903226,143.25,110.942856,230.41237,16.68493
2009-05-25,3.8247423,36.73171,66.4,2.2903225,172.24193,91.42857,211.3299,15.041096
2009-05-26,2.3608248,35.07317,60.216667,1.467742,165.74193,85.58572,192.20619,11.493151
2009-05-27,1.2886598,31.792683,52.316666,0.41935483,157.6371,74.27143,177.58763,7.917808
2009-05-28,0.92783505,27.646341,42.4,0.0,147.6129,64.75714,161.19588,4.260274
2009-05-29,0.58762884,23.975609,34.6,0.0,138.34677,56.442856,145.96907,1.9452055
2009-05-30,0.25773194,21.426828,28.316668,0.0,129.2742,48.514286,130.68042,0.1780822
2009-05-31,0.0,19.780487,23.833334,0.0,123.370964,41.857143,114.86598,0.0
2009-06-01,0.0,18.121952,21.333334,0.0,118.97581,36.685715,109.14433,0.0
2009-06-02,0.0,16.95122,19.183332,0.0,127.8629,33.2,101.608246,0.0
2009-06-03,0.0,16.04878,17.85,0.0,126.16936,30.6,95.52577,0.0
2009-06-04,0.0,10.646341,17.6,0.0,126.6371,29.157143,92.62887,0.0
2009-06-05,0.0,14.329268,16.9,0.0,127.44355,28.085714,89.824745,0.0
2009-06-06,0.0927835,13.780488,17.05,0.0,108.991936,29.042856,90.24742,0.0
2009-06-07,0.14432989,14.097561,19.083334,0.0,126.98387,29.585714,92.16495,0.0
2009-06-08,0.0,14.146341,19.516666,0.0,118.45968,27.414286,89.50516,0.0
2009-06-09,0.0,16.939024,16.983334,0.0,109.34677,24.985714,84.15464,0.0
2009-06-10,0.0,18.207317,16.383333,0.0,120.51613,22.942858,79.64948,0.0
2009-06-11,0.0,18.036585,16.216667,0.0,120.15323,22.071428,77.75258,0.0
2009-06-12,0.0,17.768293,15.983334,0.0,119.28226,20.942858,75.26804,0.0
2009-06-13,0.0,17.573172,15.566667,0.0,118.29032,19.87143,72.62887,0.0
2009-06-14,0.0,17.487804,15.466666,0.0,118.0,19.428572,71.670105,0.0
2009-06-15,0.0,17.317074,15.183333,0.0,117.145164,18.742857,69.91753,0.0
2009-06-16,0.0,17.182926,14.383333,0.0,115.379036,17.6,64.75258,0.0
2009-06-17,0.0,16.853659,13.966666,0.0,119.70968,16.314285,63.329895,0.0
2009-06-18,0.0,15.804878,12.55,0.0,115.120964,14.328571,57.57732,0.0
2009-06-19,0.0,14.195122,10.35,0.0,106.95968,12.085714,49.43299,0.0
2009-06-20,0.0,12.536586,8.25,0.0,98.94355,10.085714,40.886597,0.0
2009-06-21,0.0,12.170732,7.9666667,0.0,96.41129,9.357142,39.381443,0.0
2009-06-22,0.0,12.036586,7.5333333,0.0,94.645164,8.757143,37.041237,0.0
2009-06-23,0.0,11.695122,6.8,0.0,90.34677,7.9857144,33.649483,0.0
2009-06-24,0.0,10.621951,5.5333333,0.0,83.298386,6.3428574,28.164948,0.0
2009-06-25,0.0,9.073171,4.45,0.0,74.129036,4.357143,19.381443,0.0
2009-06-26,0.0,7.9390244,3.7333333,0.0,66.54032,2.8142858,14.907216,0.0
2009-06-27,0.0,6.780488,3.3,0.0,59.30645,1.6428572,10.886598,0.0
2009-06-28,0.0,4.865854,3.1,0.0,48.20968,0.74285716,6.3092785,0.0
2009-06-29,0.0,3.0609756,2.1333334,0.0,36.991936,0.0,2.7113402,0.0
2009-06-30,0.0,1.4634147,1.2833333,0.0,29.0,0.0,0.7010309,0.0
2009-07-01,0.0,0.6707317,0.6666667,0.0,23.862904,0.0,0.26804122,0.0
2009-07-02,0.0,0.1097561,0.033333335,0.0,19.588709,0.0,0.0,0.0
2009-07-03,0.0,0.0,0.0,0.0,15.7661295,0.0,0.0,0.0
2009-07-04,0.0,0.0,0.0,0.0,12.137096,0.0,0.0,0.0
2009-07-05,0.0,0.0,0.0,0.0,8.870968,0.0,0.0,0.0
2009-07-06,0.0,0.0,0.0,0.0,6.33871,0.0,0.0,0.0
2009-07-07,0.0,0.0,0.0,0.0,5.0,0.0,0.0,0.0
2009-07-08,0.0,0.0,0.0,0.0,4.129032,0.0,0.0,0.0
2009-07-09,0.0,0.0,0.0,0.0,3.330645,0.0,0.0,0.0
2009-07-10,0.0,0.0,0.0,0.0,2.5887096,0.0,0.0,0.0
2009-07-11,0.0,0.0,0.0,0.0,1.782258,0.0,0.0,0.0
2009-07-12,0.0,0.0,0.0,0.0,1.0241935,0.0,0.0,0.0
2009-07-13,0.0,0.0,0.0,0.0,0.5322581,0.0,0.0,0.0
2009-07-14,0.0,0.0,0.0,0.0,0.24193548,0.0,0.0,0.0
2009-07-15,0.0,0.0,0.0,0.0,0.0,0.0,0.0,0.0
2009-07-16,0.0,0.0,0.0,0.0,0.0,0.0,0.0,0.0
2009-07-17,0.0,0.0,0.0,0.0,0.0,0.0,0.0,0.0
2009-07-18,0.0,0.0,0.0,0.0,0.0,0.0,0.0,0.0
2009-07-19,0.0,0.0,0.0,0.0,0.0,0.0,0.0,0.0
2009-07-20,0.0,0.0,0.0,0.0,0.0,0.0,0.0,0.0
2009-07-21,0.0,0.0,0.0,0.0,0.0,0.0,0.0,0.0
2009-07-22,0.0,0.0,0.0,0.0,0.0,0.0,0.0,0.0
2009-07-23,0.0,0.0,0.0,0.0,0.0,0.0,0.0,0.0
2009-07-24,0.0,0.0,0.0,0.0,0.0,0.0,0.0,0.0
2009-07-25,0.0,0.0,0.0,0.0,0.0,0.0,0.0,0.0
2009-07-26,0.0,0.0,0.0,0.0,0.0,0.0,0.0,0.0
2009-07-27,0.0,0.0,0.0,0.0,0.0,0.0,0.0,0.0
2009-07-28,0.0,0.0,0.0,0.0,0.0,0.0,0.0,0.0
2009-07-29,0.0,0.0,0.0,0.0,0.0,0.0,0.0,0.0
2009-07-30,0.0,0.0,0.0,0.0,0.0,0.0,0.0,0.0
2009-07-31,0.0,0.0,0.0,0.0,0.0,0.0,0.0,0.0
2009-08-01,0.0,0.0,0.0,0.0,0.0,0.0,0.0,0.0
2009-08-02,0.0,0.0,0.0,0.0,0.0,0.0,0.0,0.0
2009-08-03,0.0,0.0,0.0,0.0,0.0,0.0,0.0,0.0
2009-08-04,0.0,0.0,0.0,0.0,0.0,0.0,0.0,0.0
2009-08-05,0.0,0.0,0.0,0.0,0.0,0.0,0.0,0.0
2009-08-06,0.0,0.0,0.0,0.0,0.0,0.0,0.0,0.0
2009-08-07,0.0,0.0,0.0,0.0,0.0,0.0,0.0,0.0
2009-08-08,0.0,0.0,0.0,0.0,0.0,0.0,0.0,0.0
2009-08-09,0.0,0.0,0.0,0.0,0.0,0.0,0.0,0.0
2009-08-10,0.0,0.0,0.0,0.0,0.0,0.0,0.0,0.0
2009-08-11,0.0,0.0,0.0,0.0,0.0,0.0,0.0,0.0
2009-08-12,0.0,0.0,0.0,0.0,0.0,0.0,0.0,0.0
2009-08-13,0.0,0.0,0.0,0.0,0.0,0.0,0.0,0.0
2009-08-14,0.0,0.0,0.0,0.0,0.0,0.0,0.0,0.0
2009-08-15,0.0,0.0,0.0,0.0,0.0,0.0,0.0,0.0
2009-08-16,0.0,0.0,0.0,0.0,0.0,0.0,0.0,0.0
2009-08-17,0.0,0.0,0.0,0.0,0.0,0.0,0.0,0.0
2009-08-18,0.0,0.0,0.0,0.0,0.0,0.0,0.0,0.0
2009-08-19,0.0,0.0,0.0,0.0,0.0,0.0,0.0,0.0
2009-08-20,0.0,0.0,0.0,0.0,0.0,0.0,0.0,0.0
2009-08-21,0.0,0.0,0.0,0.0,0.0,0.0,0.0,0.0
2009-08-22,0.0,0.0,0.0,0.0,0.0,0.0,0.0,0.0
2009-08-23,0.0,0.0,0.0,0.0,0.0,0.0,0.0,0.0
2009-08-24,0.0,0.0,0.0,0.0,0.0,0.0,0.041237112,0.0
2009-08-25,0.0,0.0,0.0,0.0,0.0,0.0,0.0,0.0
2009-08-26,0.0,0.0,0.0,0.0,0.0,0.0,0.0,0.0
2009-08-27,0.0,0.0,0.0,0.0,0.0,0.0,0.0,0.0
2009-08-28,0.0,0.0,0.0,0.0,0.0,0.0,0.0,0.0
2009-08-29,0.0,0.0,0.0,0.0,0.0,0.0,0.0,0.0
2009-08-30,0.0,0.0,0.0,0.0,0.0,0.0,0.0,0.0
2009-08-31,0.0,0.0,0.0,0.0,0.0,0.0,0.0,0.0
2009-09-01,0.0,0.0,0.0,0.0,0.0,0.0,0.0,0.0
2009-09-02,0.0,0.0,0.0,0.0,0.0,0.0,0.0,0.0
2009-09-03,0.0,0.0,0.0,0.0,0.0,0.0,0.0,0.0
2009-09-04,0.0,0.0,0.0,0.0,0.0,0.0,0.0,0.0
2009-09-05,0.0,0.0,0.0,0.0,0.0,0.0,0.0,0.0
2009-09-06,0.0,0.0,0.0,0.0,0.0,0.0,0.0,0.0
2009-09-07,0.0,0.0,0.0,0.0,0.0,0.0,0.0,0.0
2009-09-08,0.0,0.0,0.0,0.0,0.0,0.0,0.0,0.0
2009-09-09,0.0,0.0,0.0,0.0,0.0,0.0,0.0,0.0
2009-09-10,0.0,0.0,0.0,0.0,0.0,0.0,0.0,0.0
2009-09-11,0.0,0.0,0.0,0.0,0.0,0.0,0.0,0.0
2009-09-12,0.0,0.0,0.0,0.0,0.0,0.0,0.0,0.0
2009-09-13,0.0,0.0,0.0,0.0,0.0,0.0,0.0,0.0
2009-09-14,0.0,0.0,0.0,0.0,0.0,0.0,0.0,0.0
2009-09-15,0.0,0.17073171,0.0,0.0,0.0,0.0,0.0,0.0
2009-09-16,0.0,0.0,0.0,0.0,0.0,0.0,0.0,0.0
2009-09-17,0.0,0.0,0.0,0.0,0.0,0.0,0.0,0.0
2009-09-18,0.0,0.0,0.0,0.0,0.0,0.0,0.0,0.0
2009-09-19,0.0,0.0,0.0,0.0,0.0,0.0,0.0,0.0
2009-09-20,0.0,0.0,0.0,0.0,0.0,0.0,0.0,0.0
2009-09-21,0.0,0.0,0.0,0.0,0.0,0.0,0.0,0.0
2009-09-22,0.0,0.0,0.0,0.0,0.0,0.0,0.0,0.0
2009-09-23,0.0,0.0,0.0,0.0,0.0,0.0,0.0,0.0
2009-09-24,0.0,0.0,0.0,0.0,0.0,0.0,0.0,0.0
2009-09-25,0.0,0.0,0.0,0.0,0.0,0.0,0.0,0.0
2009-09-26,0.0,0.0,0.0,0.0,0.0,0.0,0.0,0.0
2009-09-27,0.0,0.0,0.0,0.0,0.0,0.0,0.0,0.0
2009-09-28,0.0,0.0,0.0,0.0,0.0,0.0,0.0,0.0
2009-09-29,0.0,0.0,0.0,0.0,0.0,0.0,0.0,0.0
2009-09-30,0.0,0.0,0.0,0.0,0.0,0.0,0.0,0.0
2009-10-01,0.0,0.0,0.0,0.0,0.0,0.0,0.0,0.0
2009-10-02,0.0,0.0,0.0,0.0,0.0,0.0,0.0,0.0
2009-10-03,0.0,0.0,0.0,0.0,0.0,0.0,0.0,0.0
2009-10-04,0.0,0.0,0.0,0.0,0.0,0.0,0.06185567,0.0
2009-10-05,1.9896908,0.0,0.2,0.0,0.07258064,2.857143,1.6082474,0.98630136
2009-10-06,1.6391753,0.0,0.16666667,0.0,0.10483871,2.7428572,1.5257732,0.8767123
2009-10-07,0.5154639,0.0,0.2,0.0,0.05645161,1.3142858,1.2680413,0.16438356
2009-10-08,0.05154639,0.0,0.033333335,0.0,0.04032258,0.6142857,0.87628865,0.0
2009-10-09,0.0,0.0,0.0,0.0,0.0,0.0,0.030927835,0.0
2009-10-10,0.0,0.0,0.0,0.0,0.0,0.0,0.0,0.0
2009-10-11,0.0,0.0,0.0,0.0,0.0,0.0,0.0,0.0
2009-10-12,0.0,0.0,0.0,0.0,0.0,0.0,0.0,0.0
2009-10-13,0.0,0.0,0.0,0.0,0.0,0.0,0.10309278,0.0
2009-10-14,28.206186,45.280487,61.1,14.548388,69.40323,35.557144,72.52577,38.30137
2009-10-15,24.938145,43.57317,56.366665,11.17742,64.991936,32.32857,65.56701,33.315067
2009-10-16,18.773195,39.646343,61.583332,8.548388,61.137096,24.342857,59.237114,25.849316
2009-10-17,12.979382,34.487804,51.466667,4.66129,65.048386,17.4,49.27835,15.287671
2009-10-18,7.4948454,31.04878,41.733334,1.467742,52.758064,11.8,39.525772,8.863013
2009-10-19,4.4948454,30.341463,36.85,0.5322581,46.04032,8.542857,32.835052,3.8356164
2009-10-20,5.0927835,27.963415,40.016666,2.7741935,47.419353,8.571428,39.793816,4.082192
2009-10-21,4.525773,29.524391,38.683334,0.7741935,46.80645,6.3428574,33.896908,2.630137
2009-10-22,2.927835,29.634146,34.983334,0.29032257,42.596775,6.6,30.14433,1.2054795
2009-10-23,1.701031,28.609756,33.066666,0.16129032,42.177418,4.9428573,27.98969,0.16438356
2009-10-24,0.7010309,22.060976,27.433332,0.0,35.83871,3.0428572,20.402061,0.0
2009-10-25,0.35051546,19.5,23.433332,0.0,32.080647,2.2142856,16.43299,0.0
2009-10-26,0.22680412,18.54878,20.133333,0.0,29.870968,1.7714286,14.0,0.0
2009-10-27,0.11340206,17.756098,17.3,0.0,28.185484,1.2571429,11.103093,0.0
2009-10-28,0.11340206,18.353659,18.0,0.0,28.620968,1.3857143,11.989691,0.0
2009-10-29,0.11340206,18.329268,20.65,0.0,29.048388,1.3857143,12.298969,0.0
2009-10-30,0.11340206,17.634146,20.433332,0.0,29.35484,1.1,12.061855,0.0
2009-10-31,0.05154639,16.304878,15.25,0.0,28.274193,1.0857143,9.907216,0.0
2009-11-01,0.0,15.97561,13.966666,0.0,26.07258,0.6,7.3092785,0.0
2009-11-02,0.0,14.317073,9.15,0.0,21.766129,0.114285715,4.123711,0.0
2009-11-03,0.0,11.841463,5.35,0.0,17.798388,0.0,1.9278351,0.0
2009-11-04,0.0,9.646341,3.0666666,0.0,13.774194,0.0,0.7525773,0.0
2009-11-05,0.0,8.756098,2.3,0.0,12.137096,0.0,0.44329897,0.0
2009-11-06,0.0,8.695122,2.2666667,0.0,12.451612,0.0,0.39175257,0.0
2009-11-07,0.0,8.695122,2.2166667,0.0,11.959678,0.0,0.371134,0.0
2009-11-08,0.0,8.695122,2.2166667,0.0,12.508064,0.0,0.371134,0.0
2009-11-09,0.0,8.682927,2.2,0.0,13.5161295,0.0,0.371134,0.0
2009-11-10,0.0,9.0,2.1166666,0.0,13.258064,0.0,0.36082473,0.0
2009-11-11,0.0,8.707317,2.0166667,0.0,13.048388,0.0,0.31958762,0.0
2009-11-12,0.13402061,8.390244,1.9833333,0.9354839,12.951612,0.0,0.28865978,0.1780822
2009-11-13,4.8350515,8.731708,7.016667,0.9354839,15.056452,4.428571,7.783505,3.1917808
2009-11-14,5.0309277,8.890244,7.0333333,0.91935486,15.040322,4.1571426,7.8247423,3.1643836
2009-11-15,4.443299,8.963414,7.0333333,0.62903225,14.9838705,4.1,7.7628865,2.9178083
2009-11-16,2.298969,11.426829,6.0333333,0.7096774,13.58871,3.8142858,6.876289,1.4520547
2009-11-17,0.21649484,11.060976,2.9666667,0.14516129,12.580646,1.1571429,3.773196,0.39726028
2009-11-18,0.05154639,8.780488,2.4833333,4.967742,13.508064,0.51428574,2.5154638,0.15068494
2009-11-19,0.05154639,11.0,2.4833333,4.580645,13.508064,0.5,2.5154638,0.16438356
2009-11-20,0.020618556,11.0,2.2833333,2.7096775,13.508064,0.25714287,2.030928,0.01369863
2009-11-21,15.958763,11.0,3.2833333,25.048388,13.508064,8.5,10.329897,21.986301
2009-11-22,15.969072,10.95122,3.2333333,25.338709,13.508064,8.1285715,10.154639,22.082191
2009-11-23,16.268042,10.914634,3.05,26.209677,13.508064,7.1571426,9.43299,25.219177
2009-11-24,14.072165,10.902439,2.7166667,24.725807,13.524194,6.614286,9.082474,22.931507
2009-11-25,9.845361,8.731708,2.2333333,18.5,13.467742,5.8428574,8.268042,16.342466
2009-11-26,6.8350515,8.731708,1.9666667,13.209678,13.258064,4.571429,7.257732,9.493151
2009-11-27,3.9175258,11.634147,1.7666667,10.951612,12.959678,2.8142858,5.546392,5.5753427
2009-11-28,10.402061,15.04878,3.7666667,18.85484,15.419354,12.9,13.886598,18.50685
2009-11-29,12.556701,17.658537,5.0333333,18.629032,19.153225,29.0,24.371134,18.616438
2009-11-30,11.752578,16.768293,4.2833333,16.467741,19.258064,30.257143,23.896908,16.205479
2009-12-01,9.381443,15.780488,3.6166666,13.854838,18.556452,28.928572,23.164948,11.890411
2009-12-02,7.3505154,15.378049,3.35,11.532258,18.233871,26.428572,22.57732,8.671233
2009-12-03,6.814433,15.317073,3.3166666,10.870968,18.225807,25.085714,22.0,7.520548
2009-12-04,6.5773196,15.292683,3.3166666,10.693548,18.07258,25.885714,22.206186,6.849315
2009-12-05,5.886598,15.256098,3.2666667,10.645162,18.040323,26.042856,22.824741,6.178082
2009-12-06,5.7010307,15.280488,3.2666667,10.612904,18.056452,26.014286,22.845362,6.0958905
2009-12-07,25.27835,15.426829,5.95,15.0161295,18.346775,41.471428,32.051548,33.232876
2009-12-08,51.092785,46.292683,32.483334,15.66129,47.80645,69.77143,55.525772,47.91781
2009-12-09,51.26804,46.146343,32.3,15.596774,47.830647,69.88571,55.474228,48.260273
2009-12-10,51.329895,46.219513,32.4,15.935484,47.94355,69.51428,55.412373,48.328766
2009-12-11,54.793816,49.52439,43.5,16.209677,58.64516,74.74286,62.309277,51.164383
2009-12-12,85.31959,69.14634,85.583336,44.935482,102.6129,103.75714,97.72165,101.79452
2009-12-13,138.38144,123.87805,174.41667,89.8871,171.32259,146.68571,163.60825,147.84932
2009-12-14,157.31958,135.07317,196.53334,95.80645,186.06451,163.95714,184.96907,169.65753
2009-12-15,157.61856,135.07317,197.06667,94.758064,185.81451,165.37143,184.87628,170.42465
2009-12-16,157.78351,135.39024,195.85,108.79032,185.1129,165.48572,185.73196,172.27397
2009-12-17,157.68042,135.28049,196.76666,112.51613,185.05646,165.91429,185.20619,173.137
2009-12-18,157.20619,136.2439,198.11667,112.32258,203.35484,166.67143,185.18556,172.63014
2009-12-19,157.01031,138.29268,199.01666,112.564514,204.80646,166.9,184.6701,170.9863
2009-12-20,155.8866,138.42683,198.95,111.82258,204.8871,166.37143,185.08247,169.28767
2009-12-21,155.46391,135.28049,194.31667,113.370964,205.09677,166.6,185.79381,170.17809
2009-12-22,175.15463,155.06097,227.6,128.87097,226.55646,185.48572,214.5567,188.95891
2009-12-23,176.21649,160.2683,230.0,127.40323,229.81451,187.11429,215.62886,188.57535
2009-12-24,177.94846,160.28049,229.68333,127.03226,229.0,187.25714,215.59793,188.9863
2009-12-25,177.39175,160.14635,229.55,126.0,227.74193,187.27142,216.1134,187.80821
2009-12-26,176.72165,160.15854,228.88333,126.66129,228.25807,187.47144,215.74226,187.04109
2009-12-27,177.0,159.69513,229.23334,130.12903,225.62903,187.72858,216.94846,187.82191
2009-12-28,178.48454,159.78049,234.21666,132.3871,228.33871,191.35715,220.15463,190.09589
2009-12-29,183.5567,159.64635,235.31667,133.32259,228.1371,192.8,222.39175,198.21918
2009-12-30,193.6701,163.53659,243.38333,143.82259,236.10484,199.87143,231.34021,213.89041
2009-12-31,201.50516,170.13414,251.56667,144.6129,241.20967,207.57143,238.36082,222.95891
2010-01-01,202.25774,171.12195,252.06667,145.33871,234.8629,209.64285,238.24742,222.12329
2010-01-02,204.51546,172.53659,250.51666,150.16129,245.33064,211.61429,237.91753,227.38356
2010-01-03,203.69072,176.35365,247.08333,150.37097,250.34677,213.07143,238.35051,226.72603
2010-01-04,199.65979,171.89024,249.28334,149.53226,241.95967,211.94286,238.17526,226.68494
2010-01-05,197.07216,170.35365,248.76666,152.29033,246.25807,211.34285,238.36082,225.71233
2010-01-06,194.47423,169.53659,248.3,150.35484,246.66936,210.55714,238.0,222.61644
2010-01-07,189.38144,172.59756,249.15,148.46774,244.91129,210.14285,237.79381,218.84932
2010-01-08,184.93814,171.71951,248.53334,144.3871,249.45161,208.51428,237.94846,216.50685
2010-01-09,178.56702,174.2561,246.48334,144.17741,249.5,206.58571,238.84537,214.60274
2010-01-10,173.42268,173.7439,246.35,141.66129,249.0,204.44286,240.39175,212.56165
2010-01-11,167.1134,171.42683,246.03334,134.80646,248.32259,202.15715,239.60825,209.10959
2010-01-12,161.58763,169.2317,245.15,130.0,247.70161,199.07143,238.75258,204.49315
2010-01-13,169.8866,175.35365,256.63333,171.58064,256.39517,212.9,262.7835,235.0274
2010-01-14,183.50516,187.0,274.9,171.51613,277.1129,234.02856,279.53607,240.57535
2010-01-15,170.74226,180.95122,269.15,142.85484,272.69354,209.51428,264.86597,241.65753
2010-01-16,177.30928,185.21951,272.83334,172.59677,277.59677,232.37143,278.18558,233.16438
2010-01-17,173.53609,184.43903,272.33334,170.35484,277.3387,231.15715,277.63916,230.53424
2010-01-18,187.2371,189.51219,282.18332,213.67741,279.66934,239.35715,287.25772,271.42465
2010-01-19,232.36082,218.19513,336.15,276.37097,337.6855,288.4,342.79382,327.80823
2010-01-20,253.04124,235.2683,354.08334,327.51614,348.62097,312.84286,367.13403,358.21918
2010-01-21,292.48453,262.31708,400.56668,369.67743,390.64517,367.55713,418.62888,411.24658
2010-01-22,315.70102,304.0122,441.28333,385.85483,431.2903,395.4,452.69073,432.41095
2010-01-23,329.60825,316.82925,462.26666,400.3871,442.0645,407.45715,465.0825,438.57535
2010-01-24,332.76288,316.87805,460.06668,402.85483,443.4113,409.3,465.85568,443.53424
2010-01-25,339.36084,319.9634,461.51666,417.87097,435.41934,416.08572,470.2268,458.93152
2010-01-26,373.9175,320.5366,469.38333,449.9355,454.01614,429.72858,481.40207,486.8356
2010-01-27,377.43298,320.91464,470.86667,452.2097,454.4355,430.67142,481.50516,489.73972
2010-01-28,377.56702,320.89026,460.3,455.0484,441.75806,431.35715,481.4742,486.863
2010-01-29,377.05154,321.65854,470.76666,453.53226,443.6613,431.7,480.94846,485.8904
2010-01-30,377.40207,321.54877,471.81668,457.46774,443.5887,432.42856,482.14432,492.80823
2010-01-31,378.6701,321.76828,473.2,469.37097,445.37097,434.7,483.06186,497.20547
2010-02-01,378.07217,321.92682,472.85,469.1613,445.8629,434.82858,483.6598,497.8904
2010-02-02,376.97937,321.95123,472.15,474.08066,457.41934,435.1,483.76288,496.9863
2010-02-03,378.12372,321.86584,471.76666,477.12903,446.1371,437.3857,484.02063,502.39725
2010-02-04,378.97937,321.69513,471.05,478.3387,457.91934,437.9,483.15463,504.41095
2010-02-05,389.42267,323.81708,478.08334,503.41934,451.5,449.37143,495.92783,517.9863
2010-02-06,397.23712,341.30487,505.35,517.0968,486.12903,454.7857,513.69073,530.6712
2010-02-07,406.53607,363.41464,521.7167,525.0645,499.44354,471.07144,529.91754,538.71234
2010-02-08,405.92783,366.64633,525.73334,524.1129,501.6371,472.47144,531.3505,540.8219
2010-02-09,406.97937,365.87805,526.23334,529.129,501.8629,474.05713,532.57733,546.6027
2010-02-10,408.87628,371.7927,529.4667,529.9355,507.8145,477.91428,536.0103,544.28766
2010-02-11,405.38144,373.09756,529.61664,529.5,507.4113,478.85715,535.9794,545.28766
2010-02-12,404.29898,374.5,528.65,532.0,509.69354,479.8857,535.7629,545.5753
2010-02-13,405.8866,379.04877,530.98334,534.371,501.5645,480.4,535.8866,544.1781
2010-02-14,400.42267,379.10974,527.15,530.1129,501.39517,477.8143,534.9897,541.71234
2010-02-15,393.5464,381.32925,525.7833,522.30646,516.9516,475.01428,533.74225,537.9726
2010-02-16,381.7835,381.85367,523.68335,527.5806,503.57257,471.82858,532.7938,532.7945
2010-02-17,374.53607,381.0122,522.0333,522.371,516.9194,468.22858,532.15466,527.8493
2010-02-18,367.8969,377.7195,520.6667,514.70966,516.00806,465.2857,531.1134,520.6301
2010-02-19,360.49484,377.69513,519.4667,520.25806,515.4677,463.02856,531.37115,516.1096
2010-02-20,358.62888,381.73172,521.2833,514.9355,503.3145,463.08572,532.91754,516.23285
2010-02-21,365.59793,388.7195,529.75,526.1129,508.84677,471.6143,541.07214,527.9589
2010-02-22,371.3299,410.41464,547.43335,527.4355,526.2016,480.65714,555.41235,536.548
2010-02-23,371.4536,413.15854,548.88336,525.4194,525.5887,480.51428,554.14435,535.53424
2010-02-24,400.41238,421.32925,574.9167,550.74194,545.2661,517.24286,590.91754,583.452
2010-02-25,419.86597,453.4634,603.98334,554.64514,585.74194,535.3714,611.165,598.38354
2010-02-26,418.37112,453.58536,601.26666,563.3871,569.30646,535.32855,610.9484,595.0137
2010-02-27,441.87628,462.92682,647.9667,588.0,611.9274,574.8571,660.15466,618.35614
2010-02-28,448.94846,473.7073,660.0333,587.8871,612.80646,585.38574,670.165,620.1781
2010-03-01,444.17526,474.31708,660.7167,577.4516,615.0242,584.17145,669.63916,621.0685
2010-03-02,440.48453,473.59756,662.5833,573.69354,631.7016,582.11426,669.567,618.52057
2010-03-03,457.80414,476.43903,670.01666,593.6774,620.7177,600.88574,684.03094,656.0685
2010-03-04,483.82474,500.7195,702.56665,610.80646,646.75806,629.9143,713.2783,684.64386
2010-03-05,482.76288,501.82925,704.0333,622.5968,660.3226,630.8571,713.41235,678.9041
2010-03-06,483.97937,501.92682,699.13336,616.14514,660.4758,630.9286,713.80414,680.7534
2010-03-07,485.09277,501.76828,700.43335,618.5806,642.6532,630.11426,713.3299,678.3973
2010-03-08,479.49484,502.2195,704.26666,589.4032,648.0968,628.0714,712.5051,677.3973
2010-03-09,488.5464,509.60974,715.0833,618.5806,652.25806,636.2714,722.2371,693.41095
2010-03-10,495.48453,510.08536,713.4,627.5968,669.2742,639.1857,724.8969,703.53424
2010-03-11,496.8866,511.73172,701.4667,630.1613,669.129,641.9,727.73193,703.16437
2010-03-12,495.94846,515.4146,710.9,634.5968,651.0484,641.6429,728.69073,706.9178
2010-03-13,536.07214,527.14636,744.76666,661.70966,675.8629,673.32855,760.5361,754.2466
2010-03-14,535.4433,529.10974,744.56665,659.5161,671.1371,675.5,762.40204,749.0685
2010-03-15,532.0103,529.04877,727.35,634.3871,671.20966,676.1,762.6701,748.46576
2010-03-16,520.81445,527.939,737.3,630.1613,669.9113,671.2143,761.41235,743.16437
2010-03-17,505.60825,524.40247,725.81665,644.9839,687.0806,663.9429,757.18555,733.7945
2010-03-18,483.1031,520.4146,723.2833,626.0968,667.60486,656.2714,756.2268,723.73975
2010-03-19,477.80414,516.6951,719.31665,617.3226,668.5323,654.1857,752.5464,711.0274
2010-03-20,457.6598,511.93903,715.31665,614.5,666.5968,648.97144,752.24744,703.47943
2010-03-21,446.85568,505.7927,710.31665,602.75806,662.9758,642.52856,749.24744,691.64386
2010-03-22,436.0309,501.54877,708.5,586.0323,675.35486,636.8,749.165,686.0685
2010-03-23,426.24744,498.26828,706.1,588.30646,654.129,632.75714,747.5051,675.83563
2010-03-24,413.85568,497.57318,701.0333,576.9194,658.95966,627.7714,744.7629,666.3973
2010-03-25,400.68042,494.7195,697.51666,573.14514,668.6855,620.7714,740.59796,660.6712
2010-03-26,415.87628,494.87805,698.36664,577.371,651.20966,628.8571,747.4639,676.28766
2010-03-27,419.73196,494.68292,697.68335,583.9194,655.879,627.97144,745.5464,673.0959
2010-03-28,405.18558,491.80487,694.86664,573.9194,649.0887,623.0143,744.29895,665.5753
2010-03-29,393.38144,481.7195,691.2833,562.70966,636.8387,612.9,740.29895,657.1233
2010-03-30,390.9691,474.9634,687.11664,567.371,645.19354,604.61426,737.5464,675.0
2010-03-31,440.12372,476.19513,710.25,574.5161,659.379,638.84283,767.1237,706.1233
2010-04-01,455.5567,481.47562,727.25,604.75806,689.50806,652.88574,778.82477,715.9315
2010-04-02,456.46393,482.82925,726.61664,603.69354,691.3871,654.7143,779.5361,718.4247
2010-04-03,478.84537,483.68292,717.26666,632.0,673.50806,670.3714,792.24744,751.6986
2010-04-04,479.5258,484.04877,735.26666,627.0484,697.871,670.95715,791.14435,754.5753
2010-04-05,512.6185,500.36584,773.63336,658.629,731.1129,712.6,833.96906,789.8904
2010-04-06,522.15466,522.45123,790.26666,661.5161,752.6613,728.5,846.15466,804.16437
2010-04-07,528.0103,525.36584,793.13336,659.9839,751.6371,729.0,847.19586,802.0822
2010-04-08,519.25775,520.6585,793.88336,646.3871,723.5645,722.9429,841.0516,786.68494
2010-04-09,507.09277,516.0854,788.31665,640.1774,739.00806,713.0714,836.2062,773.9178
2010-04-10,492.05154,509.76828,777.6,630.5806,739.0968,707.2857,834.0928,765.58905
2010-04-11,482.40207,506.84146,781.8,628.24194,715.5806,702.1429,832.4639,761.8082
2010-04-12,494.74228,518.6707,811.6667,649.35486,756.9355,729.84283,865.6701,783.0137
2010-04-13,514.03094,532.2439,831.55,670.3387,766.3387,752.1,883.73193,808.452
2010-04-14,511.84537,533.2439,823.1,670.3871,759.4355,751.9429,883.92786,803.1507
2010-04-15,507.4433,530.5244,821.01666,676.69354,781.3387,749.8143,880.4433,802.3973
2010-04-16,487.12372,524.2439,823.2,664.8226,777.8145,741.1286,875.3505,792.23285
2010-04-17,466.83505,518.4756,818.93335,648.5968,773.621,732.1286,872.3299,780.64386
2010-04-18,436.50516,508.0,812.5333,627.1774,767.129,717.2286,867.26807,765.35614
2010-04-19,406.3402,500.07318,802.3333,590.4516,761.75806,695.34283,856.85565,723.2055
2010-04-20,387.18558,491.43903,793.05,570.0323,735.7016,677.0714,848.3196,701.9315
2010-04-21,401.82474,509.39026,828.0833,597.64514,778.74194,708.4143,877.37115,721.548
2010-04-22,416.25772,510.31708,828.4667,604.29034,784.9274,723.15717,890.19586,736.58905
2010-04-23,415.70102,513.1707,834.36664,578.70966,768.25806,728.61426,895.30927,738.2055
2010-04-24,394.07217,509.73172,824.61664,564.9355,787.19354,716.3571,886.6598,713.3288
2010-04-25,377.58762,496.18292,830.8333,539.0484,760.4113,697.2,876.15466,690.2466
2010-04-26,357.68042,486.91464,817.5,501.62903,769.621,679.82855,866.3917,665.7808
2010-04-27,336.63916,468.87805,792.5833,474.8387,731.25806,655.7714,852.04126,641.53424
2010-04-28,361.64948,458.07318,799.85,520.4677,731.10486,667.32855,874.0103,702.41095
2010-04-29,390.5567,451.14633,825.51666,531.0968,759.5968,701.38574,898.6598,731.26025
2010-04-30,390.28867,452.2927,828.6,521.1613,742.0645,709.2143,905.0206,731.35614
2010-05-01,384.26804,459.65854,831.38336,523.75806,763.0806,706.5857,902.7732,735.23285
2010-05-02,375.57733,453.39026,826.73334,507.6613,758.9355,694.2857,897.6495,716.73975
2010-05-03,359.60825,431.5,814.7833,476.46774,751.8629,674.32855,884.25775,690.6986
2010-05-04,342.2268,419.68292,789.43335,445.7903,722.4758,650.2,871.13403,662.452
2010-05-05,328.12372,396.95123,775.5833,423.85483,726.8387,631.8714,862.07214,636.61646
2010-05-06,321.79382,384.84146,776.38336,413.17743,705.85486,627.5571,859.0928,624.13696
2010-05-07,317.76288,374.5122,767.36664,409.12903,701.7661,623.02856,850.42267,614.1507
2010-05-08,308.42267,362.41464,752.2,390.80646,705.8387,611.4857,838.73193,596.31506
2010-05-09,298.05154,355.73172,741.23334,374.2097,696.9032,599.4,831.3505,581.1507
2010-05-10,294.2268,354.41464,750.06665,360.53226,669.4839,600.2143,836.4949,573.1781
2010-05-11,318.71133,351.23172,763.1,387.12903,684.35486,629.9,858.7629,618.1781
2010-05-12,325.19586,343.10974,762.9,388.7903,683.6694,633.84283,864.5567,626.26025
2010-05-13,310.85568,341.86584,761.43335,360.69354,681.75806,624.6429,859.1031,597.7945
2010-05-14,296.6701,336.31708,747.3333,333.25806,689.2742,610.3,849.69073,571.76715
2010-05-15,280.61856,332.32925,738.0,306.30646,699.9274,590.1857,839.26807,544.28766
2010-05-16,255.16495,334.2439,723.65,271.74194,686.70966,568.45715,825.82477,509.28766
2010-05-17,231.38144,326.4634,702.93335,240.66129,643.1613,547.4286,806.7217,474.47946
2010-05-18,223.72165,322.57318,712.2,227.80646,643.70966,540.9143,807.3505,466.71234
2010-05-19,216.79381,322.67075,707.38336,218.67741,640.7339,530.1857,799.6598,457.8356
2010-05-20,202.35051,309.90244,697.1667,209.98387,632.04034,515.7,793.13403,445.9863
2010-05-21,190.59793,301.30487,692.7,205.01613,625.24194,500.3857,785.7629,441.19177
2010-05-22,195.54639,293.08536,691.68335,203.2742,643.3468,496.45715,782.28864,438.71234
2010-05-23,201.94846,281.80487,686.36664,203.25807,626.879,499.4,785.30927,444.45206
2010-05-24,200.78351,281.10974,689.43335,201.3871,588.74194,497.07144,788.8866,449.69864
2010-05-25,198.62886,280.9878,685.75,200.2742,617.80646,485.9,788.18555,444.23288
2010-05-26,192.79381,278.84146,657.88336,196.90323,636.379,478.2857,787.7629,438.9589
2010-05-27,208.47423,277.97562,628.8,198.3871,630.79034,474.6857,792.03094,458.8356
2010-05-28,229.1134,278.5366,613.86664,204.33871,634.0484,496.5,818.42267,488.32877
2010-05-29,231.04124,278.36584,588.56665,198.56451,631.0242,492.22858,824.19586,484.41095
2010-05-30,206.61856,275.60974,561.2,183.06451,621.8871,474.22858,809.29895,461.76712
2010-05-31,187.13402,266.04877,530.3,149.24193,601.3387,456.3,793.71136,433.08218
2010-06-01,172.08247,255.5,535.5333,128.32259,581.0806,439.6143,779.7732,408.8493
2010-06-02,157.2371,247.13414,532.5,123.564514,561.2823,422.41428,769.07214,384.17807
2010-06-03,139.98969,235.32927,511.78333,111.17742,542.3226,395.47144,750.47424,356.8767
2010-06-04,124.762886,223.06097,491.06668,102.77419,503.78226,374.22858,733.433,334.1233
2010-06-05,110.68041,210.30487,448.48334,95.30645,482.76614,356.22858,715.3402,312.0548
2010-06-06,91.47423,194.19513,409.81668,85.048386,451.05646,335.92856,686.7629,275.8356
2010-06-07,73.051544,181.02438,418.46667,73.6129,423.44354,302.64285,644.47424,238.47945
2010-06-08,60.82474,169.78049,377.51666,62.33871,380.39517,276.4,604.36084,205.56165
2010-06-09,51.70103,162.59756,344.15,51.83871,358.49194,254.71428,572.5361,178.35617
2010-06-10,45.28866,156.89024,303.11667,47.370968,361.6613,237.54286,549.03094,162.54794
2010-06-11,40.97938,155.7439,287.65,45.01613,355.9597,229.21428,534.9072,152.17809
2010-06-12,36.793816,154.79268,283.68332,40.064518,351.94354,226.12857,524.70105,141.16438
2010-06-13,31.72165,152.67073,274.6,33.629032,344.98386,219.1,510.0103,125.68493
2010-06-14,25.86598,146.2439,258.91666,26.85484,328.3629,207.91429,487.50516,106.863014
2010-06-15,19.86598,137.29268,239.41667,21.483871,313.91934,191.45714,464.56702,86.712326
2010-06-16,15.85567,130.67073,225.36667,19.225807,296.16934,179.37143,443.09277,74.479454
2010-06-17,13.71134,123.03658,218.81667,17.85484,292.75,174.07143,426.09277,67.91781
2010-06-18,11.402061,111.54878,209.4,16.5,276.8871,166.11429,410.73196,60.863014
2010-06-19,9.061855,106.19512,214.43333,15.0,261.5,148.01428,407.31958,54.068493
2010-06-20,7.340206,103.29269,207.11667,13.870968,254.68549,130.85715,389.5258,49.219177
2010-06-21,6.082474,123.68293,197.66667,12.870968,246.48387,121.85714,379.72165,44.589043
2010-06-22,4.917526,120.12195,188.01666,11.145162,238.40323,114.88571,369.07217,36.246574
2010-06-23,3.773196,112.89024,173.55,9.854838,225.87903,104.942856,354.75256,26.219177
2010-06-24,2.958763,104.36585,155.23334,8.403226,214.40323,93.71429,307.04123,20.972603
2010-06-25,1.6185567,97.52439,141.85,7.032258,198.70161,81.0,249.46391,15.753425
2010-06-26,1.1443299,92.585365,128.2,5.677419,188.34677,75.84286,226.86598,12.123287
2010-06-27,0.7113402,85.768295,111.433334,3.935484,175.66936,67.557144,206.7629,7.2465754
2010-06-28,0.0927835,73.68293,88.36667,1.7258065,157.70967,64.171425,178.30928,2.4383562
2010-06-29,0.0,62.32927,67.36667,0.0,136.45967,51.485714,149.4433,0.23287672
2010-06-30,0.0,54.292683,53.766666,0.0,126.814514,42.557144,126.47423,0.0
2010-07-01,0.0,50.317074,45.083332,0.0,114.5,37.12857,111.40206,0.0
2010-07-02,0.0,46.621952,37.566666,0.0,109.379036,32.357143,98.06186,0.0
2010-07-03,0.0,43.40244,31.283333,0.0,127.26613,28.585714,86.5567,0.0
2010-07-04,0.0,40.26829,27.4,0.0,119.80645,25.714285,78.15464,0.0
2010-07-05,0.0,36.26829,23.283333,0.0,110.69355,20.814285,65.4433,0.0
2010-07-06,0.0,38.890244,19.416666,0.0,98.51613,16.457144,52.45361,0.0
2010-07-07,0.0,35.036587,16.233334,0.0,87.77419,13.0,42.42268,0.0
2010-07-08,0.0,30.963415,13.416667,0.0,85.104836,9.942857,34.082474,0.0
2010-07-09,0.0,26.743902,12.016666,0.0,74.3871,6.3714285,26.29897,0.0
2010-07-10,0.0,22.878048,8.633333,0.0,68.23387,3.7428572,19.350515,0.0
2010-07-11,0.0,19.426828,5.616667,0.0,56.580647,2.0285714,13.072165,0.0
2010-07-12,0.0,16.853659,3.6333334,0.0,46.5,0.8142857,8.103093,0.0
2010-07-13,0.0,15.0,2.95,0.0,39.096775,0.0,5.134021,0.0
2010-07-14,0.0,13.47561,2.3666666,0.0,33.935482,0.0,2.7319589,0.0
2010-07-15,0.0,11.914634,1.6666666,0.0,28.685484,0.0,1.4432989,0.0
2010-07-16,0.0,9.597561,0.73333335,0.0,22.5,0.0,0.21649484,0.0
2010-07-17,0.0,7.621951,0.0,0.0,17.451612,0.0,0.0,0.0
2010-07-18,0.0,5.731707,0.0,0.0,12.467742,0.0,0.0,0.0
2010-07-19,0.0,3.987805,0.0,0.0,7.870968,0.0,0.0,0.0
2010-07-20,0.0,2.4146342,0.0,0.0,4.580645,0.0,0.0,0.0
2010-07-21,0.0,1.0487804,0.0,0.0,2.467742,0.0,0.0,0.0
2010-07-22,0.0,0.3902439,0.0,0.0,1.5967742,0.0,0.0,0.0
2010-07-23,0.0,0.0,0.0,0.0,1.048387,0.0,0.0,0.0
2010-07-24,0.0,0.0,0.0,0.0,0.766129,0.0,0.0,0.0
2010-07-25,0.0,0.0,0.0,0.0,0.41129032,0.0,0.0,0.0
2010-07-26,0.0,0.0,0.0,0.0,0.12096774,0.0,0.0,0.0
2010-07-27,0.0,0.0,0.0,0.0,0.0,0.0,0.0,0.0
2010-07-28,0.0,0.0,0.0,0.0,0.0,0.0,0.0,0.0
2010-07-29,0.0,0.0,0.0,0.0,0.0,0.0,0.0,0.0
2010-07-30,0.0,0.0,0.0,0.0,0.0,0.0,0.0,0.0
2010-07-31,0.0,0.0,0.0,0.0,0.0,0.0,0.0,0.0
2010-08-01,0.0,0.0,0.0,0.0,0.0,0.0,0.0,0.0
2010-08-02,0.0,0.0,0.0,0.0,0.0,0.0,0.0,0.0
2010-08-03,0.0,0.0,0.0,0.0,0.0,0.0,0.0,0.0
2010-08-04,0.0,0.0,0.0,0.0,0.0,0.0,0.0,0.0
2010-08-05,0.0,0.0,0.0,0.0,0.0,0.0,0.0,0.0
2010-08-06,0.0,0.0,0.0,0.0,0.0,0.0,0.0,0.0
2010-08-07,0.0,0.0,0.0,0.0,0.0,0.0,0.0,0.0
2010-08-08,0.0,0.0,0.0,0.0,0.0,0.0,0.0,0.0
2010-08-09,0.0,0.0,0.0,0.0,0.0,0.0,0.0,0.0
2010-08-10,0.0,0.0,0.0,0.0,0.0,0.0,0.0,0.0
2010-08-11,0.0,0.0,0.0,0.0,0.0,0.0,0.0,0.0
2010-08-12,0.0,0.0,0.0,0.0,0.0,0.0,0.0,0.0
2010-08-13,0.0,0.0,0.0,0.0,0.0,0.0,0.0,0.0
2010-08-14,0.0,0.0,0.0,0.0,0.0,0.0,0.0,0.0
2010-08-15,0.0,0.0,0.0,0.0,0.0,0.0,0.0,0.0
2010-08-16,0.0,0.0,0.0,0.0,0.0,0.0,0.0,0.0
2010-08-17,0.0,0.0,0.0,0.0,0.0,0.0,0.0,0.0
2010-08-18,0.0,0.0,0.0,0.0,0.0,0.0,0.0,0.0
2010-08-19,0.0,0.0,0.0,0.0,0.0,0.0,0.0,0.0
2010-08-20,0.0,0.0,0.0,0.0,0.0,0.0,0.0,0.0
2010-08-21,0.0,0.0,0.0,0.0,0.0,0.0,0.0,0.0
2010-08-22,0.0,0.0,0.0,0.0,0.0,0.0,0.0,0.0
2010-08-23,0.0,0.0,0.0,0.0,0.0,0.0,0.0,0.0
2010-08-24,0.0,0.0,0.0,0.0,0.0,0.0,0.0,0.0
2010-08-25,0.0,0.0,0.0,0.0,0.0,0.0,0.0,0.0
2010-08-26,0.0,0.0,0.0,0.0,0.0,0.0,0.0,0.0
2010-08-27,0.0,0.0,0.0,0.0,0.0,0.0,0.0,0.0
2010-08-28,0.0,0.0,0.0,0.0,0.0,0.0,0.0,0.0
2010-08-29,0.0,0.0,0.0,0.0,0.0,0.0,0.0,0.0
2010-08-30,0.0,0.0,0.0,0.0,0.0,0.0,0.0,0.0
2010-08-31,0.0,0.0,0.0,0.0,0.0,0.0,0.0,0.0
2010-09-01,0.0,0.0,0.0,0.0,0.0,0.0,0.0,0.0
2010-09-02,0.0,0.0,0.0,0.0,0.0,0.0,0.0,0.0
2010-09-03,0.0,0.0,0.0,0.0,0.0,0.0,0.0,0.0
2010-09-04,0.0,0.0,0.0,0.0,0.0,0.0,0.0,0.0
2010-09-05,0.0,0.0,0.0,0.0,0.0,0.0,0.0,0.0
2010-09-06,0.0,0.0,0.0,0.0,0.0,0.0,0.0,0.0
2010-09-07,0.0,0.0,0.0,0.0,0.0,0.0,0.0,0.0
2010-09-08,0.0,0.0,0.0,0.0,0.0,0.0,0.0,0.0
2010-09-09,0.0,0.0,0.0,0.0,0.04032258,0.0,0.0,0.0
2010-09-10,0.0,0.0,0.0,0.0,0.04032258,0.0,0.0,0.0
2010-09-11,0.0,0.0,0.0,0.0,0.0,0.0,0.0,0.0
2010-09-12,0.0,0.0,0.0,0.0,0.0,0.0,0.0,0.0
2010-09-13,0.0,0.0,0.0,0.0,0.0,0.0,0.0,0.0
2010-09-14,0.0,0.0,0.0,0.0,0.0,0.0,0.0,0.0
2010-09-15,0.0,0.0,0.0,0.0,0.0,0.0,0.0,0.0
2010-09-16,0.0,0.0,0.0,0.0,0.0,0.0,0.0,0.0
2010-09-17,0.0,0.0,0.0,0.0,0.0,0.0,0.0,0.0
2010-09-18,0.0,0.0,0.0,0.0,0.0,0.0,0.0,0.0
2010-09-19,0.0,0.0,0.0,0.0,0.0,0.0,0.0,0.0
2010-09-20,0.0,0.0,0.0,0.0,0.0,0.0,0.0,0.0
2010-09-21,0.0,0.0,0.0,0.0,0.0,0.0,0.0,0.0
2010-09-22,0.0,0.0,0.0,0.0,0.0,0.0,0.0,0.0
2010-09-23,0.0,0.0,0.0,0.0,0.0,0.0,0.0,0.0
2010-09-24,0.0,0.0,0.0,0.0,0.0,0.0,0.0,0.0
2010-09-25,0.0,0.0,0.0,0.0,0.0,0.0,0.0,0.0
2010-09-26,0.0,0.0,0.0,0.0,0.0,0.0,0.0,0.0
2010-09-27,0.0,0.0,0.0,0.0,0.0,0.0,0.0,0.0
2010-09-28,0.0,0.0,0.0,0.0,0.0,0.0,0.0,0.0
2010-09-29,0.0,0.0,0.0,0.0,0.0,0.0,0.0,0.0
2010-09-30,0.0,0.0,0.0,0.0,0.0,0.0,0.0,0.0
2010-10-01,0.0,0.0,0.0,0.0,0.0,0.0,0.0,0.0
2010-10-02,0.0,0.0,0.0,0.0,0.0,0.0,0.0,0.0
2010-10-03,0.0,0.0,0.0,0.0,0.0,0.0,0.0,0.0
2010-10-04,0.0,0.0,0.21666667,0.0,0.63709676,0.0,0.0,0.0
2010-10-05,0.0,0.75609756,7.2,0.0,8.07258,2.7714286,6.484536,0.0
2010-10-06,0.06185567,0.8292683,8.666667,0.0,12.258064,4.428571,8.3092785,0.0
2010-10-07,0.020618556,1.3536586,10.5,0.0,15.741936,4.3428574,8.886598,0.0
2010-10-08,0.05154639,1.3536586,12.966666,0.0,15.693548,4.7,11.43299,0.0
2010-10-09,0.0,1.0731708,12.883333,0.0,14.258064,3.7,12.185567,0.0
2010-10-10,0.0,0.19512194,7.483333,0.0,10.298388,2.3,7.6804123,0.0
2010-10-11,0.0,0.0,1.95,0.0,8.024194,0.87142855,2.4123712,0.0
2010-10-12,0.0,0.0,0.4,0.0,4.064516,0.12857144,0.62886596,0.0
2010-10-13,0.0,0.0,0.18333334,0.0,1.5564516,0.0,0.22680412,0.0
2010-10-14,0.0,0.0,0.0,0.0,0.3951613,0.0,0.082474224,0.0
2010-10-15,0.0,0.0,0.0,0.0,0.15322581,0.0,0.0,0.0
2010-10-16,0.0,0.0,0.0,0.0,0.08064516,0.0,0.0,0.0
2010-10-17,0.0,0.0,0.0,0.0,0.048387095,0.0,0.0,0.0
2010-10-18,0.0,0.09756097,0.033333335,0.0,0.30645162,0.0,0.11340206,0.0
2010-10-19,0.0,0.07317073,0.033333335,0.0,0.33870968,0.057142857,0.20618556,0.0
2010-10-20,0.0,0.09756097,0.0,0.0,0.21774194,0.0,0.0927835,0.0
2010-10-21,0.0,0.17073171,0.0,0.0,0.23387097,0.0,0.05154639,0.0
2010-10-22,0.0,0.17073171,0.0,0.0,0.23387097,0.0,0.041237112,0.0
2010-10-23,0.0,0.17073171,0.083333336,0.0,0.23387097,0.014285714,0.20618556,0.0
2010-10-24,1.0,0.13414635,5.516667,1.3548387,0.91935486,2.4857142,7.886598,1.0410959
2010-10-25,6.2783504,3.8292682,35.616665,4.064516,18.185484,17.028572,40.371136,15.20548
2010-10-26,6.329897,3.2560976,35.466667,3.951613,18.879032,17.028572,40.525772,15.164384
2010-10-27,6.329897,3.2560976,35.416668,4.0,18.838709,17.028572,40.494846,14.876713
2010-10-28,5.876289,3.8292682,34.983334,3.8064516,18.491936,17.085714,40.57732,13.863013
2010-10-29,5.3814435,3.390244,39.483334,3.2580645,18.201612,15.885715,40.13402,13.164384
2010-10-30,4.597938,4.0609756,39.716667,2.6935484,19.451612,15.057143,38.886597,12.890411
2010-10-31,4.474227,6.5609756,26.733334,2.532258,20.362904,13.3,34.773197,14.684932
2010-11-01,3.9072165,5.9268293,35.183334,2.2419355,21.346775,15.414286,36.96907,12.972603
2010-11-02,3.371134,4.97561,39.583332,1.6129032,20.032259,13.5,45.40206,8.876713
2010-11-03,2.3402061,2.0243902,30.016666,0.82258064,14.540322,11.914286,36.690723,4.630137
2010-11-04,1.3917526,0.4512195,20.733334,0.22580644,10.354838,8.528571,32.40206,2.3561645
2010-11-05,0.7525773,0.14634146,13.683333,0.0,5.935484,6.071429,25.0,1.4383562
2010-11-06,0.48453608,0.085365854,9.983334,0.0,3.637097,4.8428574,20.824741,0.8356164
2010-11-07,0.41237113,0.4512195,9.15,0.0,3.548387,4.457143,19.56701,0.6164383
2010-11-08,11.804124,3.207317,20.95,6.2580647,8.991936,9.571428,23.536083,20.178082
2010-11-09,13.938145,3.597561,17.083334,9.032258,9.774194,7.9142857,21.773195,22.616438
2010-11-10,20.154638,3.390244,16.983334,16.516129,9.67742,11.1,24.051546,38.671234
2010-11-11,29.85567,3.878049,18.416666,17.67742,9.33871,15.257143,26.443298,44.53425
2010-11-12,29.742268,3.8658535,18.383333,16.612904,9.540322,15.157143,26.082474,42.958904
2010-11-13,26.381443,3.512195,19.05,13.387096,10.032258,13.671429,25.309278,40.260273
2010-11-14,24.041237,3.6341465,17.716667,9.854838,9.7661295,12.942857,24.556702,36.547947
2010-11-15,19.58763,3.609756,23.416666,6.370968,9.274194,10.942857,26.020618,29.575342
2010-11-16,15.103093,2.609756,22.1,4.548387,11.258064,13.842857,42.061855,22.821918
2010-11-17,12.3092785,2.5365853,20.383333,3.532258,10.596774,12.1,39.73196,18.273973
2010-11-18,9.577319,2.0487804,18.783333,2.7903225,9.879032,12.271428,36.690723,15.589041
2010-11-19,8.061855,1.8902439,17.95,2.387097,9.193548,9.957143,35.092785,14.506849
2010-11-20,31.195877,3.4146342,41.033333,18.774193,18.10484,26.957144,55.061855,50.53425
2010-11-21,70.75258,22.743902,76.45,51.612904,56.451614,66.7,103.22681,99.20548
2010-11-22,100.62887,30.560976,92.53333,65.59677,69.564514,93.58572,127.051544,126.095894
2010-11-23,120.06186,32.548782,91.316666,84.129036,75.5,103.61429,133.34021,158.9863
2010-11-24,157.4433,45.682926,116.55,88.09677,92.40323,137.84285,162.64949,189.90411
2010-11-25,157.4433,45.658535,117.13333,85.354836,91.77419,137.47144,162.75258,190.12329
2010-11-26,157.40207,45.658535,116.95,84.17742,92.52419,138.14285,162.62886,189.863
2010-11-27,157.54639,45.682926,115.1,89.66129,92.42742,139.32857,162.17526,191.9726
2010-11-28,188.75258,60.219513,136.91667,97.98387,106.21774,169.82857,189.51546,224.0548
2010-11-29,188.70103,60.17073,136.63333,101.80645,106.30645,169.67143,189.30928,223.90411
2010-11-30,188.7732,60.207317,135.63333,100.20968,106.30645,170.55714,188.91753,223.84932
2010-12-01,188.73196,60.09756,133.95,100.70968,110.90323,171.35715,188.7732,223.56165
2010-12-02,188.04124,60.07317,132.68333,99.77419,110.79032,171.08571,189.18556,223.31506
2010-12-03,196.65979,59.40244,136.25,106.16129,111.45968,172.48572,191.57732,248.12329
2010-12-04,197.38144,57.47561,135.2,106.59677,111.604836,172.14285,192.41237,247.15068
2010-12-05,197.35051,56.878048,136.78334,112.29032,111.91129,172.3,193.41237,249.23288
2010-12-06,204.40207,67.10976,164.06667,127.16129,138.26613,188.2,215.31958,255.46576
2010-12-07,210.6701,66.81707,167.71666,152.30646,138.70161,191.21428,220.86598,269.34247
2010-12-08,209.74226,64.36585,167.86667,149.08064,139.66129,191.47144,221.57732,267.1233
2010-12-09,221.51546,61.963413,169.36667,154.17741,139.29033,201.25714,231.97939,273.17807
2010-12-10,220.87628,59.780487,171.36667,156.53226,139.43549,207.77142,236.87628,277.47946
2010-12-11,217.83505,57.987804,172.55,150.16129,140.2742,207.68571,235.60825,275.34247
2010-12-12,216.02061,55.07317,173.43333,148.48387,139.9758,207.0,235.39175,273.8493
2010-12-13,213.54639,50.59756,170.4,146.08064,138.03226,205.55714,237.0,271.0
2010-12-14,210.06186,45.780487,167.61667,143.3871,136.46774,203.25714,237.84537,271.38358
2010-12-15,248.93814,48.09756,199.98334,159.66129,158.59677,245.78572,279.49484,310.91782
2010-12-16,250.01031,51.82927,208.05,142.87097,170.75807,247.01428,282.24744,312.43835
2010-12-17,249.18556,52.719513,212.63333,152.98387,171.83064,248.17143,283.90723,313.45206
2010-12-18,295.30927,123.42683,295.4,175.01613,247.26613,308.05713,345.0103,357.1096
2010-12-19,329.69073,244.21951,374.28333,198.12903,358.58066,365.27142,406.23712,400.0137
2010-12-20,372.73196,373.7805,460.58334,251.51613,469.15323,421.37143,470.18558,450.67123
2010-12-21,384.62888,406.39026,492.36667,281.03226,510.12903,443.34286,494.20618,468.0
2010-12-22,387.12372,422.15854,495.41666,287.35483,518.0484,449.2,498.4742,476.67123
2010-12-23,391.38144,444.37805,510.5,304.4355,538.9032,462.58572,509.76288,480.75342
2010-12-24,390.3299,440.41464,499.1,302.8387,536.3629,462.58572,508.17526,484.19177
2010-12-25,391.04123,440.81708,504.81668,302.80646,535.79034,463.6857,507.1134,487.863
2010-12-26,403.36084,457.4634,541.5833,328.8871,562.1129,478.72858,536.7732,503.54794
2010-12-27,412.36084,457.45123,531.68335,338.7903,561.74194,483.65714,538.8763,520.1507
2010-12-28,415.1031,454.2195,533.9,335.01614,564.45966,483.7,538.51544,523.9178
2010-12-29,467.93814,491.2561,589.7167,367.9355,613.79034,540.15717,599.17523,574.8493
2010-12-30,490.6701,518.7439,627.93335,358.9516,643.5887,567.45715,622.6495,586.3288
2010-12-31,493.13403,513.96344,625.56665,363.2742,643.00806,568.32855,621.5051,585.1918
2011-01-01,495.29898,510.0,606.6,379.80646,641.9032,569.8571,621.14435,591.3973
2011-01-02,511.82474,530.0732,646.95,390.2258,675.4194,597.2714,648.2783,603.6027
2011-01-03,513.9484,551.2805,662.4,394.9355,704.00806,613.4857,667.8763,606.9315
2011-01-04,513.84534,545.64636,670.5833,386.1613,706.5806,612.6286,666.7835,606.274
2011-01-05,513.48456,543.9268,668.65,387.4516,705.8306,613.0714,664.86597,604.8904
2011-01-06,513.0618,543.60974,669.23334,367.7903,708.3468,614.3571,667.26807,601.41095
2011-01-07,513.165,543.7195,668.7167,374.09677,707.0726,614.17145,664.6083,607.9589
2011-01-08,511.57733,543.4268,669.38336,383.2903,706.7823,614.0714,665.2268,608.1507
2011-01-09,509.13403,542.8171,671.05,383.03226,706.2016,613.17145,666.4639,606.2192
2011-01-10,508.31958,542.9878,667.0833,389.35483,705.9758,611.9857,664.62885,601.4247
2011-01-11,508.86597,542.1585,667.35,367.58066,705.6129,613.15717,666.13403,605.1233
2011-01-12,513.567,543.70734,675.5833,395.17743,710.00806,619.02856,674.57733,615.548
2011-01-13,511.69073,543.64636,671.8333,387.2742,711.2742,618.8571,673.1031,611.0822
2011-01-14,512.0618,542.36584,673.85,397.8871,713.25,620.0714,675.47424,618.38354
2011-01-15,510.18558,541.1707,672.61664,397.8387,714.05646,620.5714,673.7938,615.452
2011-01-16,506.40207,541.4146,672.73334,401.62903,714.621,619.9,671.5464,610.0137
2011-01-17,502.36084,540.9146,672.5833,404.59677,715.5726,617.9429,673.95874,607.34247
2011-01-18,498.3299,540.4878,669.25,407.08066,713.54034,616.32855,673.17523,604.9315
2011-01-19,494.9897,540.2805,668.61664,405.14517,713.4839,613.95715,672.165,602.6986
2011-01-20,492.1134,540.5854,671.2,385.96774,715.4677,611.75714,669.29895,595.9726
2011-01-21,488.53607,540.2561,672.38336,376.37097,714.6532,612.32855,671.7732,599.9178
2011-01-22,483.94846,540.64636,667.0333,369.03226,714.8145,610.4429,670.2371,591.43835
2011-01-23,480.2165,539.29266,667.38336,350.7742,714.2823,610.2286,670.3196,588.7808
2011-01-24,476.0309,539.0854,666.88336,339.7258,714.60486,609.0143,671.85565,585.28766
2011-01-25,466.18558,540.2317,667.3,368.17743,713.85486,608.1857,671.48456,567.9863
2011-01-26,462.4742,524.561,666.4667,372.14517,712.2177,607.4143,669.30927,565.8767
2011-01-27,458.36084,539.1829,671.61664,369.87097,713.0,606.82855,669.95874,557.7808
2011-01-28,453.46393,538.439,672.8333,365.0484,711.7742,605.61426,669.26807,560.6027
2011-01-29,452.15463,538.4756,664.7833,365.24194,710.04034,604.32855,667.5464,567.6986
2011-01-30,453.1134,539.939,674.6,367.19354,710.95966,605.9286,672.15466,575.52057
2011-01-31,465.9691,573.1951,686.55,368.01614,720.7177,620.7286,687.57733,584.0548
2011-02-01,467.04123,573.0,692.65,379.91934,722.05646,620.88574,687.0928,584.7945
2011-02-02,468.0309,573.3049,688.95,336.7258,721.121,620.4429,687.4536,589.46576
2011-02-03,467.72165,574.79266,685.6,378.7258,720.1694,621.3143,687.2371,584.0548
2011-02-04,464.12372,577.7195,684.11664,368.37097,720.39514,621.2286,686.3917,586.56165
2011-02-05,456.90723,576.8171,679.4,368.19354,719.5323,619.15717,682.7732,577.43835
2011-02-06,450.43298,576.4878,680.11664,350.58066,719.2258,615.9,682.0516,574.452
2011-02-07,444.17526,576.2439,677.7,348.19354,719.20966,614.04285,681.15466,569.43835
2011-02-08,440.4433,575.04877,680.95,331.6613,720.5968,614.1429,686.24744,567.2192
2011-02-09,440.24744,574.0,681.63336,339.8871,719.8145,614.34283,688.26807,566.83563
2011-02-10,439.4742,574.09753,688.5,332.74194,719.49194,613.84283,685.5361,567.0959
2011-02-11,438.12372,574.1707,712.2833,322.40323,721.04034,613.8143,690.5567,564.64386
2011-02-12,432.6701,562.45123,709.36664,314.0,720.25806,611.3143,685.73193,560.65753
2011-02-13,425.2268,563.14636,708.85,318.85483,719.95966,608.5,686.3505,554.41095
2011-02-14,418.26804,562.6707,710.98334,308.69354,720.30646,604.9143,688.433,549.0959
2011-02-15,421.49484,572.6829,711.8333,335.6613,719.6129,604.9143,688.2062,570.1096
2011-02-16,437.60825,575.4146,713.56665,397.0484,722.20966,613.9429,706.2783,631.2466
2011-02-17,491.51547,599.4146,817.86664,424.6129,760.14514,664.2286,782.433,672.5753
2011-02-18,534.4536,602.2195,863.06665,460.40323,786.9758,720.2143,831.85565,706.1918
2011-02-19,576.0,622.1707,906.1667,470.6613,831.129,773.17145,883.0206,740.0959
2011-02-20,582.74225,630.79266,933.9,480.90323,847.50806,784.8714,898.75256,750.3014
2011-02-21,588.74225,631.35364,911.4667,481.40323,847.3468,786.0857,900.0516,753.53424
2011-02-22,588.5567,631.7439,916.7833,490.82257,846.35486,787.1286,901.3917,747.8219
2011-02-23,587.75256,631.7439,917.31665,493.19354,848.04034,786.97144,900.0206,752.50684
2011-02-24,588.07214,631.62195,917.88336,488.91934,842.4274,788.11426,901.70105,751.0411
2011-02-25,613.85565,635.4268,932.13336,514.70966,842.6694,796.6286,912.8866,801.2192
2011-02-26,658.82477,676.439,985.23334,549.8226,881.19354,832.1286,953.6598,846.0
2011-02-27,659.1237,682.5122,983.26666,553.1774,883.49194,832.8571,953.1031,847.3288
2011-02-28,660.0103,684.04877,986.6,557.5,884.7823,834.2714,954.2371,849.9178
2011-03-01,659.62885,685.40247,985.1,551.5484,878.25806,836.3571,952.40204,850.9041
2011-03-02,658.58765,686.439,990.65,555.6129,877.3629,838.0714,958.73193,854.34247
2011-03-03,686.2371,694.3171,1003.9167,589.4677,886.1694,863.0571,983.0516,892.76715
2011-03-04,694.0206,695.7439,1013.25,571.64514,878.8226,869.4857,991.9072,898.65753
2011-03-05,692.5361,697.2439,1012.1667,571.29034,874.629,871.02856,989.5051,897.274
2011-03-06,690.1134,697.20734,1017.11664,600.5161,872.8226,872.7714,997.0516,901.76715
2011-03-07,709.0928,704.1951,1036.4166,611.0323,890.5726,902.6,1031.4742,914.0137
2011-03-08,715.15466,712.10974,1043.1833,626.8871,892.621,913.15717,1035.3711,919.0959
2011-03-09,713.0,714.3293,1042.5834,605.0645,895.4113,913.0714,1034.701,914.6986
2011-03-10,707.9072,714.89026,1046.4667,595.8871,893.50806,912.2714,1038.9279,911.3699
2011-03-11,706.59796,712.95123,1044.3334,598.25806,890.9758,908.3143,1033.9279,919.23285
2011-03-12,702.9072,712.5244,1042.2667,585.70966,891.8226,905.15717,1033.4639,920.274
2011-03-13,698.73193,712.54877,1067.2167,558.7258,893.5968,902.47144,1030.9175,919.0822
2011-03-14,707.47424,711.5732,1068.7833,570.74194,893.10486,912.74286,1035.0928,938.68494
2011-03-15,711.73193,710.3171,1045.7833,585.24194,889.20966,916.6286,1046.2268,944.3288
2011-03-16,745.75256,706.8415,1042.5333,664.871,879.2742,947.5571,1072.9279,980.274
2011-03-17,777.165,708.7683,1064.3,612.0,893.2661,969.38574,1086.866,1006.8219
2011-03-18,776.6701,707.64636,1066.7833,708.0,890.4113,970.97144,1085.8041,1008.3973
2011-03-19,807.7732,705.0732,1122.8334,761.64514,916.20966,1005.2,1116.7217,1052.548
2011-03-20,839.3815,723.04877,1137.6,814.30646,937.621,1042.1857,1140.8145,1096.9178
2011-03-21,882.6598,774.89026,1213.7333,833.69354,1006.0806,1096.6571,1208.0103,1114.411
2011-03-22,904.84534,786.86584,1238.0333,846.6613,1023.94354,1114.5857,1230.0206,1145.3287
2011-03-23,909.9484,788.8415,1233.5,853.9516,1031.121,1117.6857,1225.9072,1153.4795
2011-03-24,940.19586,823.439,1292.1666,880.0161,1076.3951,1157.9714,1271.6083,1184.4384
2011-03-25,994.8763,854.96344,1352.35,920.1774,1124.129,1212.1428,1324.7113,1241.4384
2011-03-26,1025.567,865.90247,1366.3,946.129,1138.3468,1227.3429,1338.5155,1267.8082
2011-03-27,1051.67,871.8293,1391.4333,955.14514,1153.0161,1247.1285,1362.3608,1302.0137
2011-03-28,1058.8351,871.63416,1379.6666,968.2742,1165.4032,1249.8572,1371.3196,1296.2054
2011-03-29,1049.1753,871.6829,1377.4,919.1774,1162.4517,1247.0,1369.5876,1311.1644
2011-03-30,1045.9897,870.79266,1373.35,919.4032,1159.75,1243.0143,1371.33,1297.7946
2011-03-31,1028.7834,866.12195,1370.55,901.8871,1157.3629,1234.1,1367.0928,1297.2329
2011-04-01,1010.86597,860.4756,1383.7,914.0806,1157.0726,1219.8,1360.1959,1279.5343
2011-04-02,982.80414,849.45123,1362.55,896.9516,1149.6532,1205.9,1350.8145,1261.9315
2011-04-03,974.40204,845.5854,1361.6666,896.25806,1139.258,1198.7428,1351.8763,1247.1918
2011-04-04,968.0103,840.39026,1353.9833,872.5,1136.2339,1195.4143,1332.9381,1238.6576
2011-04-05,950.13403,833.89026,1325.7,800.4194,1128.9758,1188.9714,1336.5979,1238.5616
2011-04-06,935.14435,824.53656,1337.85,785.5806,1124.7178,1179.8,1330.9175,1223.9315
2011-04-07,928.82477,819.39026,1333.8,884.0968,1122.0807,1175.5428,1329.134,1225.2739
2011-04-08,948.6598,829.2439,1358.7667,833.5806,1130.1451,1198.3715,1354.1855,1228.0273
2011-04-09,952.7629,832.03656,1357.3334,849.30646,1144.242,1200.9572,1355.6907,1237.5616
2011-04-10,953.7938,834.2561,1365.8667,818.9355,1135.6936,1199.8286,1354.866,1235.4932
2011-04-11,948.9897,834.2317,1359.3334,810.4677,1140.379,1200.9714,1347.5051,1230.452
2011-04-12,938.58765,831.9146,1353.4166,778.5968,1135.0726,1197.7858,1349.9485,1229.8767
2011-04-13,930.5051,829.64636,1349.2833,851.0,1133.5242,1188.7142,1348.5464,1219.8494
2011-04-14,940.7732,826.0,1357.05,784.4516,1135.2339,1190.6,1356.9794,1225.8904
2011-04-15,937.567,819.90247,1349.2,857.35486,1125.7903,1187.0857,1352.0825,1229.3151
2011-04-16,922.51544,809.35364,1349.8667,848.5968,1125.0968,1177.7572,1346.1753,1226.5343
2011-04-17,898.3196,793.3171,1330.1666,841.8871,1106.3146,1158.7428,1345.9485,1206.6576
2011-04-18,877.13403,777.7317,1299.4833,730.29034,1094.8387,1140.5857,1334.8866,1181.7808
2011-04-19,869.9794,763.63416,1286.2333,739.129,1086.8468,1135.0428,1328.0206,1176.3972
2011-04-20,851.433,751.7805,1270.15,760.29034,1077.5403,1123.7572,1323.433,1156.2739
2011-04-21,841.86597,744.6829,1276.2,761.0484,1077.0,1120.2715,1328.3505,1149.1233
2011-04-22,836.84534,737.90247,1272.7,783.1613,1075.0564,1120.9286,1334.3815,1152.4247
2011-04-23,832.7835,727.04877,1281.9166,785.4677,1077.0322,1124.4572,1343.9794,1148.8356
2011-04-24,833.2783,683.5244,1280.3833,781.1774,1073.6693,1122.8715,1338.3608,1153.4384
2011-04-25,837.04126,706.96344,1275.95,752.74194,1071.008,1121.3286,1338.9587,1156.7261
2011-04-26,839.7938,696.4146,1278.25,779.9677,1071.9193,1119.8143,1346.1855,1168.904
2011-04-27,841.08246,691.0,1274.3667,751.75806,1065.8146,1109.4,1345.9381,1161.1233
2011-04-28,821.9897,684.3049,1274.1833,676.871,1055.5887,1097.1571,1341.0825,1151.3562
2011-04-29,814.6495,677.3171,1255.15,730.24194,1048.129,1087.1428,1341.4536,1147.6028
2011-04-30,813.75256,676.36584,1259.9,666.5323,1051.4032,1082.4857,1334.5876,1146.452
2011-05-01,808.30927,672.59753,1253.7333,645.85486,1046.9839,1076.8286,1323.1959,1141.6438
2011-05-02,794.41235,631.36584,1244.95,723.6774,1042.1693,1064.3715,1313.5566,1124.8219
2011-05-03,773.8969,645.79266,1227.85,665.14514,1031.0403,1050.8,1308.8969,1099.2603
2011-05-04,738.73193,638.45123,1206.15,642.5,1029.1532,1025.7,1298.6907,1054.904
2011-05-05,703.2268,613.7805,1177.0167,546.9677,1009.121,999.7857,1285.9794,1007.68494
2011-05-06,662.6495,586.04877,1143.4833,482.12903,982.621,957.6,1270.9794,974.6301
2011-05-07,625.62885,544.5854,1111.55,448.7258,959.69354,917.1286,1260.3608,943.1781
2011-05-08,605.42267,517.1707,1095.6833,481.09677,937.29034,892.65717,1244.5773,916.9178
2011-05-09,599.25775,499.13416,1084.9833,514.35486,934.0806,889.6,1243.5155,903.35614
2011-05-10,598.4949,494.54877,1087.35,508.09677,950.1371,895.3714,1252.1959,900.34247
2011-05-11,587.75256,488.43903,1086.2167,413.41934,934.1694,882.4,1252.9279,886.23285
2011-05-12,570.0103,478.62195,1071.8167,385.30646,918.45966,850.74286,1251.7938,869.2055
2011-05-13,548.36084,462.7195,1057.6833,364.4516,891.871,827.84283,1228.5361,845.38354
2011-05-14,516.69073,445.36584,1041.45,403.7742,870.9274,794.25714,1217.0721,824.2192
2011-05-15,504.68042,434.2439,1022.36664,318.40323,863.94354,786.0,1215.7732,798.9863
2011-05-16,529.08246,428.43903,1032.65,324.35483,878.5887,809.5571,1231.7423,794.452
2011-05-17,536.57733,426.87805,1037.25,336.74194,891.371,818.97144,1232.4434,786.3014
2011-05-18,565.1134,438.39026,1061.05,366.0645,906.5887,847.5,1254.8041,788.56165
2011-05-19,571.26807,444.31708,1065.7167,358.46774,901.371,856.97144,1257.0309,797.8767
2011-05-20,551.25775,443.97562,1074.5667,386.03226,899.8306,836.11426,1255.8866,763.0685
2011-05-21,526.04126,425.7073,1069.1833,358.37097,900.04034,806.7714,1247.7526,746.46576
2011-05-22,505.16495,425.40244,1047.3,291.59677,886.9194,787.32855,1235.0825,740.53424
2011-05-23,489.79382,409.0366,1027.1,350.69354,866.1774,772.5714,1221.237,695.0822
2011-05-24,479.15463,394.2927,1015.0,319.0645,867.94354,764.6857,1215.2681,679.8767
2011-05-25,467.23712,381.5,1003.9,308.53226,856.5,754.0857,1206.8145,671.28766
2011-05-26,467.37112,364.45123,989.13336,271.46774,834.75,742.17145,1195.2783,672.726
2011-05-27,464.40207,360.85367,983.76666,277.74194,832.2016,734.54285,1191.0103,669.7945
2011-05-28,458.49484,354.7073,967.63336,272.14517,811.879,723.32855,1184.299,667.13696
2011-05-29,469.4433,355.52438,963.11664,349.0484,812.4355,724.6286,1185.7938,672.71234
2011-05-30,470.05154,356.54877,963.61664,345.01614,814.4355,726.9,1191.866,672.34247
2011-05-31,464.5258,359.42682,958.1667,343.19354,803.0161,722.3571,1178.4536,667.6301
2011-06-01,452.15463,355.04877,945.8,313.25806,793.54034,708.9857,1152.2474,663.76715
2011-06-02,458.58762,359.02438,930.9167,325.1129,789.9839,714.0857,1142.6083,667.47943
2011-06-03,458.13403,356.69513,930.15,352.7097,798.30646,711.0857,1137.8247,665.0822
2011-06-04,451.76288,344.93903,912.6667,277.98386,780.5484,681.4429,1110.763,657.8904
2011-06-05,443.16495,347.23172,915.38336,305.0484,787.8145,678.0857,1114.7732,651.52057
2011-06-06,432.17526,347.37805,916.0833,322.96774,787.6855,663.3,1104.7834,642.47943
2011-06-07,424.71133,346.58536,900.9167,288.5645,773.7016,657.6,1102.2681,637.4247
2011-06-08,401.81442,343.9634,863.15,273.6613,747.10486,647.3714,1088.4949,623.0274
2011-06-09,365.61856,337.93903,828.36664,266.4516,715.9355,632.4286,1073.9279,623.5753
2011-06-10,331.26804,319.13416,799.11664,245.12903,693.379,613.88574,1054.1649,590.2055
2011-06-11,307.70102,340.52438,766.15,221.03226,670.4677,593.9857,1035.4639,562.1781
2011-06-12,285.46393,332.7195,745.93335,205.96774,658.69354,580.2857,1021.6185,538.7534
2011-06-13,261.83505,320.08536,727.55,179.75807,637.4194,549.9857,1005.74225,513.47943
2011-06-14,240.09279,314.2561,706.86664,181.87097,606.35486,523.88574,988.0103,481.20547
2011-06-15,216.27835,295.82925,693.5333,161.7742,577.54034,504.2857,970.4949,467.35617
2011-06-16,190.56702,271.31708,681.88336,144.12903,550.1613,492.98572,941.24744,427.8356
2011-06-17,172.56702,265.9878,665.5,140.3871,535.5323,473.4,920.63916,397.56165
2011-06-18,159.13402,258.73172,651.01666,124.09677,538.6613,455.35715,902.8763,370.9726
2011-06-19,144.34021,249.43903,648.3333,117.129036,596.4194,433.1857,892.2371,339.0
2011-06-20,128.74226,238.06097,586.61664,107.064514,499.3145,413.84286,842.07214,310.78082
2011-06-21,112.824745,219.90244,522.01666,85.435486,472.66934,387.3143,781.47424,270.91782
2011-06-22,89.74227,199.95122,475.31668,66.96774,435.9113,346.05713,729.3299,218.19179
2011-06-23,71.18557,182.31708,377.16666,55.225807,424.53226,310.1857,675.2783,173.84932
2011-06-24,60.309277,195.7683,341.88333,46.629032,392.92743,284.12857,631.14435,152.82191
2011-06-25,51.948452,185.09756,317.33334,39.112904,364.21774,262.72858,599.04126,134.0274
2011-06-26,44.762886,173.65854,288.38333,31.967741,344.4758,242.8,564.17523,116.42466
2011-06-27,37.85567,167.62195,260.28333,24.64516,326.3387,211.77142,515.95874,98.87671
2011-06-28,30.917526,157.2439,241.0,17.935484,305.0,171.02856,461.7732,84.9589
2011-06-29,25.71134,150.95122,233.45,16.290323,293.14517,160.17143,448.6598,78.19178
2011-06-30,22.969072,150.67073,227.7,14.774194,291.59677,156.1,442.9175,73.69863
2011-07-01,19.113401,144.80487,212.83333,12.580646,282.84677,147.57143,395.92783,65.79452
2011-07-02,13.371134,140.82927,188.05,10.9838705,263.6613,134.07143,345.59793,56.10959
2011-07-03,8.6907215,147.42683,160.26666,9.774194,239.62097,121.91428,313.12372,44.50685
2011-07-04,4.6082473,132.32927,130.68333,8.548388,216.70161,114.35714,278.6598,29.917809
2011-07-05,2.0824742,118.80488,104.666664,7.290323,196.7742,102.942856,248.49484,28.246574
2011-07-06,0.6494845,109.768295,83.01667,5.903226,200.08064,87.35714,221.51546,21.136986
2011-07-07,0.0,100.39024,65.9,4.532258,181.73387,65.97143,197.25774,14.575342
2011-07-08,0.0,90.85366,53.633335,3.3064516,166.45161,57.32857,176.37114,9.616438
2011-07-09,0.0,82.82927,43.716667,2.1935484,150.79839,50.714287,156.26804,5.630137
2011-07-10,0.0,75.64634,36.533333,1.1935484,136.95967,45.3,138.98969,3.4520547
2011-07-11,0.0,69.78049,30.95,0.27419356,124.548386,40.714287,124.53608,2.0821917
2011-07-12,0.0,65.47561,26.483334,0.0,114.685486,34.32857,104.09278,1.1780822
2011-07-13,0.0,65.01219,23.1,0.0,105.8871,30.257143,90.50516,0.6164383
2011-07-14,0.0,62.743904,21.083334,0.0,100.1371,28.3,83.670105,0.15068494
2011-07-15,0.0,61.57317,19.533333,0.0,95.76613,26.5,78.1134,0.0
2011-07-16,0.0,60.439026,17.683332,0.0,91.30645,24.2,71.86598,0.0
2011-07-17,0.0,59.134148,16.583334,0.0,87.52419,22.542856,66.5567,0.0
2011-07-18,0.0,56.414635,15.183333,0.0,81.94355,20.485714,59.948452,0.0
2011-07-19,0.0,52.40244,12.65,0.0,73.870964,17.814285,52.103092,0.0
2011-07-20,0.0,48.048782,10.733334,0.0,67.798386,15.285714,45.494846,0.0
2011-07-21,0.0,43.92683,8.716666,0.0,62.185482,12.685715,39.350517,0.0
2011-07-22,0.0,39.890244,7.1666665,0.0,56.887096,10.3,33.216496,0.0
2011-07-23,0.0,36.134148,5.766667,0.0,51.95968,8.428572,27.391752,0.0
2011-07-24,0.0,39.853657,4.1666665,0.0,46.282257,6.242857,21.041237,0.0
2011-07-25,0.0,35.756096,2.95,0.0,48.35484,4.042857,15.896907,0.0
2011-07-26,0.0,32.365852,2.3166666,0.0,43.572582,2.3142858,12.371134,0.0
2011-07-27,0.0,29.414635,1.75,0.0,40.274193,1.3714286,9.783505,0.0
2011-07-28,0.0,26.414635,1.1833333,0.0,36.66129,0.74285716,7.402062,0.0
2011-07-29,0.0,22.634146,0.4,0.0,31.580645,0.0,4.7010307,0.0
2011-07-30,0.0,19.45122,0.0,0.0,26.653225,0.0,2.5051546,0.0
2011-07-31,0.0,17.170732,0.0,0.0,21.282259,0.0,1.484536,0.0
2011-08-01,0.0,15.853659,0.0,0.0,19.467741,0.0,0.6597938,0.0
2011-08-02,0.0,14.207317,0.0,0.0,16.516129,0.0,0.0,0.0
2011-08-03,0.0,12.597561,0.0,0.0,13.951612,0.0,0.0,0.0
2011-08-04,0.0,11.292683,0.0,0.0,11.903226,0.0,0.0,0.0
2011-08-05,0.0,10.329268,0.0,0.0,10.32258,0.0,0.0,0.0
2011-08-06,0.0,9.463414,0.0,0.0,8.758064,0.0,0.0,0.0
2011-08-07,0.0,8.646341,0.0,0.0,7.177419,0.0,0.0,0.0
2011-08-08,0.0,7.768293,0.0,0.0,6.217742,0.0,0.0,0.0
2011-08-09,0.0,6.695122,0.0,0.0,5.120968,0.0,0.0,0.0
2011-08-10,0.0,5.695122,0.0,0.0,4.016129,0.0,0.0,0.0
2011-08-11,0.0,4.597561,0.0,0.0,3.0887096,0.0,0.0,0.0
2011-08-12,0.0,3.7195122,0.0,0.0,2.6290324,0.0,0.0,0.0
2011-08-13,0.0,3.0731707,0.0,0.0,2.016129,0.0,0.0,0.0
2011-08-14,0.0,2.3292682,0.0,0.0,1.483871,0.0,0.0,0.0
2011-08-15,0.0,2.0853658,0.0,0.0,1.2419355,0.0,0.0,0.0
2011-08-16,0.0,1.8780488,0.0,0.0,1.0403225,0.0,0.0,0.0
2011-08-17,0.0,1.695122,0.0,0.0,0.83064514,0.0,0.0,0.0
2011-08-18,0.0,1.4634147,0.0,0.0,0.5483871,0.0,0.0,0.0
2011-08-19,0.0,1.2317073,0.0,0.0,0.28225806,0.0,0.0,0.0
2011-08-20,0.0,1.0487804,0.0,0.0,0.06451613,0.0,0.0,0.0
2011-08-21,0.0,0.8902439,0.0,0.0,0.0,0.0,0.0,0.0
2011-08-22,0.0,0.7195122,0.0,0.0,0.0,0.0,0.0,0.0
2011-08-23,0.0,0.4878049,0.0,0.0,0.0,0.0,0.0,0.0
2011-08-24,0.0,0.15853658,0.0,0.0,0.0,0.0,0.0,0.0
2011-08-25,0.0,0.0,0.0,0.0,0.0,0.0,0.0,0.0
2011-08-26,0.0,0.0,0.0,0.0,0.0,0.0,0.0,0.0
2011-08-27,0.0,0.0,0.0,0.0,0.0,0.0,0.0,0.0
2011-08-28,0.0,0.0,0.0,0.0,0.0,0.0,0.0,0.0
2011-08-29,0.0,0.0,0.0,0.0,0.0,0.0,0.0,0.0
2011-08-30,0.0,0.0,0.0,0.0,0.0,0.0,0.0,0.0
2011-08-31,0.0,0.0,0.0,0.0,0.0,0.0,0.0,0.0
2011-09-01,0.0,0.0,0.0,0.0,0.0,0.0,0.0,0.0
2011-09-02,0.0,0.0,0.0,0.0,0.0,0.0,0.0,0.0
2011-09-03,0.0,0.0,0.0,0.0,0.0,0.0,0.0,0.0
2011-09-04,0.0,0.0,0.0,0.0,0.0,0.0,0.0,0.0
2011-09-05,0.0,0.0,0.0,0.0,0.0,0.0,0.0,0.0
2011-09-06,0.0,0.0,0.0,0.0,0.0,0.0,0.0,0.0
2011-09-07,0.0,0.0,0.0,0.0,0.0,0.0,0.0,0.0
2011-09-08,0.0,0.0,0.0,0.0,0.0,0.0,0.0,0.0
2011-09-09,0.0,0.0,0.0,0.0,0.0,0.0,0.0,0.0
2011-09-10,0.0,0.0,0.0,0.0,0.0,0.0,0.0,0.0
2011-09-11,0.0,0.0,0.0,0.0,0.0,0.0,0.0,0.0
2011-09-12,0.0,0.0,0.0,0.0,0.0,0.0,0.0,0.0
2011-09-13,0.0,0.0,0.0,0.0,0.0,0.0,0.0,0.0
2011-09-14,0.0,0.0,0.0,0.0,0.0,0.0,0.0,0.0
2011-09-15,0.0,0.0,0.0,0.0,0.0,0.0,0.0,0.0
2011-09-16,0.0,0.0,0.0,0.0,0.0,0.0,0.0,0.0
2011-09-17,0.0,0.0,0.0,0.0,0.0,0.0,0.0,0.0
2011-09-18,0.0,0.0,0.0,0.0,0.0,0.0,0.0,0.0
2011-09-19,0.0,0.0,0.0,0.0,0.0,0.0,0.0,0.0
2011-09-20,0.0,0.0,0.0,0.0,0.0,0.0,0.0,0.0
2011-09-21,0.0,0.0,0.0,0.0,0.0,0.0,0.0,0.0
2011-09-22,0.0,0.0,0.0,0.0,0.0,0.0,0.0,0.0
2011-09-23,0.0,0.0,0.0,0.0,0.0,0.0,0.0,0.0
2011-09-24,0.0,0.0,0.0,0.0,0.0,0.0,0.0,0.0
2011-09-25,0.0,0.0,0.0,0.0,0.0,0.0,0.0,0.0
2011-09-26,0.0,0.0,0.0,0.0,0.0,0.0,0.0,0.0
2011-09-27,0.0,0.0,0.0,0.0,0.0,0.0,0.0,0.0
2011-09-28,0.0,0.0,0.0,0.0,0.0,0.0,0.0,0.0
2011-09-29,0.0,0.0,0.0,0.0,0.0,0.0,0.0,0.0
2011-09-30,0.0,0.0,0.0,0.0,0.0,0.0,0.0,0.0
2011-10-01,0.0,0.0,0.0,0.0,0.0,0.0,0.0,0.0
2011-10-02,0.0,0.0,0.0,0.0,0.0,0.0,0.0,0.0
2011-10-03,0.0,0.0,0.0,0.0,0.0,0.0,0.0,0.0
2011-10-04,0.0,0.0,0.0,0.0,0.0,0.0,0.0,0.0
2011-10-05,1.5773196,0.37804878,6.0833335,11.0,4.217742,1.2857143,1.9381443,22.123287
2011-10-06,19.680412,29.390244,37.9,17.419355,34.83871,27.914286,35.896908,39.589043
2011-10-07,22.783504,30.90244,41.833332,17.064516,38.903225,34.4,40.71134,44.027397
2011-10-08,18.690722,30.231707,41.516666,12.0161295,37.20968,33.24286,39.03093,39.342464
2011-10-09,11.659794,25.939024,38.183334,10.145162,32.975807,25.757143,35.103092,32.80822
2011-10-10,7.2474227,22.646341,24.183332,6.967742,27.459677,14.785714,26.804123,25.58904
2011-10-11,4.0927835,15.268292,16.35,4.516129,22.411291,9.071428,22.350515,17.712328
2011-10-12,1.3505155,7.6463413,7.8166666,3.1935484,13.887096,4.114286,13.28866,12.397261
2011-10-13,0.082474224,3.890244,2.0666666,1.548387,5.895161,0.8142857,3.9896908,4.082192
2011-10-14,0.0,1.4634147,0.26666668,0.5483871,1.8548387,0.071428575,0.36082473,0.43835616
2011-10-15,0.0,0.5487805,0.0,0.08064516,0.3951613,0.0,0.0,0.0
2011-10-16,0.0,0.23170732,0.0,0.0,0.04032258,0.0,0.0,0.0
2011-10-17,0.0,0.036585364,0.0,0.0,0.0,0.0,0.0,0.0
2011-10-18,0.0,0.0,0.0,0.0,0.0,0.0,0.0,0.0
2011-10-19,0.0,0.0,0.0,0.0,0.0,0.0,0.0,0.0
2011-10-20,0.0,0.0,0.0,0.0,0.0,0.0,0.0,0.0
2011-10-21,0.0,0.0,0.0,0.0,0.0,0.0,0.0,0.0
2011-10-22,0.0,0.0,0.0,0.0,0.0,0.0,0.0,0.0
2011-10-23,0.0,0.0,0.0,0.0,0.0,0.0,0.0,0.0
2011-10-24,0.0,0.0,0.0,0.0,0.0,0.0,0.0,0.0
2011-10-25,0.0,0.0,0.0,0.0,0.0,0.0,0.0,0.0
2011-10-26,0.0,0.0,0.0,0.0,0.0,0.0,0.0,0.0
2011-10-27,0.0,0.0,0.0,0.0,0.0,0.0,0.0,0.0
2011-10-28,0.0,0.0,0.0,0.0,0.0,0.0,0.0,0.0
2011-10-29,0.0,0.0,0.0,0.0,0.0,0.0,0.0,0.0
2011-10-30,0.0,0.0,0.0,0.0,0.0,0.0,0.0,0.0
2011-10-31,0.0,0.0,0.0,0.0,0.0,0.0,0.0,0.0
2011-11-01,0.0,0.0,0.0,0.0,0.0,0.0,0.0,0.0
2011-11-02,0.0,0.0,0.0,0.0,0.0,0.0,0.0,0.0
2011-11-03,0.0,0.0,0.0,0.0,0.0,0.0,0.0,0.0
2011-11-04,5.742268,3.0243902,7.016667,6.467742,4.580645,6.614286,9.391752,10.369863
2011-11-05,6.3505154,6.5609756,7.4666667,6.274194,4.774194,9.285714,11.783505,10.616438
2011-11-06,15.793815,7.9390244,15.266666,13.129032,10.0,17.928572,20.041237,24.547945
2011-11-07,17.86598,14.329268,15.95,14.967742,14.403226,22.542856,23.87629,29.520548
2011-11-08,17.742268,14.268292,16.566668,15.241936,14.685484,23.185715,24.42268,29.69863
2011-11-09,18.42268,14.304878,17.883333,15.209678,15.725806,23.214285,24.628866,29.013699
2011-11-10,14.948454,13.268292,16.233334,13.5161295,14.403226,22.442858,23.70103,27.287672
2011-11-11,8.865979,11.560976,11.733334,10.032258,12.637096,18.614286,21.505156,24.178082
2011-11-12,6.938144,20.95122,16.616667,8.5161295,18.459677,17.37143,23.061855,22.726027
2011-11-13,5.7628865,21.353659,16.45,6.903226,18.82258,16.085714,22.58763,20.452055
2011-11-14,3.030928,20.463415,14.45,4.887097,17.967741,13.528571,21.041237,15.616438
2011-11-15,1.5979382,18.646341,13.283334,3.596774,17.629032,11.842857,20.072165,11.835616
2011-11-16,0.9896907,16.231707,11.883333,2.419355,16.709677,10.314285,18.948454,8.506849
2011-11-17,0.5154639,15.353659,10.433333,1.7580645,15.92742,8.257143,17.639175,5.5616436
2011-11-18,0.6082474,14.756098,9.683333,1.6290323,15.620968,7.6285715,17.103092,4.890411
2011-11-19,11.134021,14.353659,9.75,10.564516,15.701612,12.2,17.87629,27.356165
2011-11-20,16.618557,14.146341,10.3,16.35484,16.120968,13.842857,18.72165,34.89041
2011-11-21,25.371134,23.329268,17.533333,22.870968,25.298388,24.842857,29.051546,49.328766
2011-11-22,26.27835,23.829268,17.783333,24.532259,25.362904,25.457144,28.969072,49.63014
2011-11-23,25.453608,23.073172,16.583334,24.274193,24.806452,24.928572,28.814432,48.79452
2011-11-24,20.87629,20.731707,14.383333,23.629032,23.185484,19.985714,27.27835,47.164383
2011-11-25,20.103092,20.90244,14.233334,26.064516,23.008064,18.62857,27.051546,48.150684
2011-11-26,16.247423,20.207317,13.433333,24.919355,22.491936,15.6285715,25.845362,45.753426
2011-11-27,7.6907215,17.634146,10.5,17.870968,20.290323,10.942857,22.907217,32.684933
2011-11-28,3.1958764,13.97561,7.4666667,11.209678,17.758064,7.7285714,18.28866,21.876713
2011-11-29,1.6391753,13.329268,6.2,8.725806,16.42742,5.7714286,15.670103,15.232877
2011-11-30,0.742268,10.804878,4.5833335,6.0,14.056452,3.9142857,12.835052,10.493151
2011-12-01,0.7628866,12.780488,4.516667,5.919355,13.895162,4.1285715,12.917526,10.438356
2011-12-02,0.742268,12.97561,4.616667,5.725806,14.0161295,4.1857142,12.865979,10.493151
2011-12-03,0.742268,12.97561,4.5833335,5.33871,14.040322,4.1857142,12.85567,10.547945
2011-12-04,0.742268,13.012196,4.6,5.419355,14.048388,4.1857142,12.958763,10.589041
2011-12-05,0.7628866,12.97561,4.616667,5.2580647,13.532258,4.1285715,12.948454,10.164384
2011-12-06,0.742268,12.743902,4.6,5.2580647,13.67742,4.1857142,12.948454,10.602739
2011-12-07,0.73195875,13.0,4.6,5.0,14.048388,4.2,12.958763,10.20548
2011-12-08,0.556701,12.97561,4.5833335,4.370968,13.67742,4.0142856,12.835052,8.876713
2011-12-09,0.49484536,12.902439,4.616667,3.7096775,13.701612,4.0142856,13.0,7.7260275
2011-12-10,0.4226804,12.707317,4.4166665,3.1935484,13.637096,3.9571428,12.793815,6.712329
2011-12-11,0.40206185,12.707317,4.4166665,3.016129,13.9838705,3.9142857,12.845361,6.0
2011-12-12,0.40206185,12.719512,4.4,3.6290324,13.9838705,3.9142857,12.85567,5.9863014
2011-12-13,0.3814433,12.829268,4.4,3.6451614,13.991936,3.9142857,12.762887,5.9863014
2011-12-14,0.3814433,12.817073,4.4,3.6290324,13.975806,3.9142857,12.762887,5.972603
2011-12-15,0.40206185,12.829268,4.4166665,4.983871,13.9838705,4.071429,12.927835,6.342466
2011-12-16,0.5051546,12.829268,4.4166665,5.629032,13.991936,4.071429,12.865979,7.917808
2011-12-17,0.4329897,12.780488,4.4166665,5.032258,13.991936,4.071429,12.865979,7.410959
2011-12-18,0.36082473,12.768292,4.383333,4.048387,14.024194,4.071429,12.927835,6.219178
2011-12-19,0.31958762,12.756098,4.383333,3.887097,14.008064,3.9857142,12.835052,5.7260275
2011-12-20,0.31958762,12.768292,4.383333,3.8225806,14.0161295,3.9857142,12.835052,5.6986303
2011-12-21,0.31958762,12.768292,4.383333,3.3709676,14.008064,4.0142856,12.845361,5.5753427
2011-12-22,0.31958762,12.768292,4.383333,3.3548386,14.008064,4.0142856,12.835052,5.5616436
2011-12-23,0.31958762,12.792683,4.383333,3.3548386,14.008064,4.0142856,12.835052,5.5616436
2011-12-24,0.31958762,12.804878,4.45,3.1451614,14.0,4.0142856,12.948454,5.39726
2011-12-25,0.28865978,12.621951,4.366667,2.887097,14.008064,4.0285716,12.865979,5.150685
2011-12-26,0.2783505,12.54878,4.133333,2.7258065,13.862904,3.6571429,12.381443,4.630137
2011-12-27,0.19587629,12.280488,3.9666667,2.564516,13.7338705,3.3714285,11.845361,4.219178
2011-12-28,0.11340206,12.04878,3.7166667,2.403226,13.548388,2.942857,11.185567,3.4657533
2011-12-29,0.041237112,10.695122,3.0,1.967742,12.604838,2.2428572,9.515464,2.7808218
2011-12-30,0.0,9.170732,2.75,1.6129032,12.137096,1.8857143,8.649485,2.2328768
2011-12-31,0.010309278,8.707317,2.7,4.548387,12.040322,1.8,8.443299,2.7534246
2012-01-01,0.0,8.231708,2.55,4.306452,11.975806,1.6571429,8.082474,2.2054794
2012-01-02,0.0,6.707317,1.8166667,3.016129,10.67742,1.2571429,6.4948454,1.3424658
2012-01-03,0.0,5.402439,1.4666667,2.3387096,10.0161295,1.0714285,5.628866,0.98630136
2012-01-04,0.0,4.219512,1.05,1.8225807,9.137096,0.82857144,4.484536,0.60273975
2012-01-05,0.0,3.012195,0.6666667,1.2096775,7.766129,0.45714286,3.030928,0.23287672
2012-01-06,0.0,2.7439024,0.56666666,0.88709676,7.5,0.31428573,2.4123712,0.12328767
2012-01-07,0.0,2.7317073,0.56666666,0.88709676,7.4919353,0.3,2.3402061,0.06849315
2012-01-08,0.0,2.7317073,0.56666666,0.88709676,7.4919353,0.3,2.3402061,0.06849315
2012-01-09,0.0,2.7317073,0.55,0.7096774,7.4919353,0.3,2.3402061,0.02739726
2012-01-10,0.0,2.6707318,0.5,0.48387095,7.419355,0.2,1.9587629,0.0
2012-01-11,0.0,2.6707318,0.5,0.33870968,7.419355,0.2,1.9278351,0.0
2012-01-12,0.0,2.6585367,0.5,0.29032257,7.443548,0.2,1.9278351,0.0
2012-01-13,0.0,2.6585367,0.5,0.2580645,7.419355,0.2,1.9278351,0.0
2012-01-14,0.0,2.6341465,0.48333332,0.17741935,7.403226,0.17142858,1.8556701,0.0
2012-01-15,0.0,2.6341465,0.46666667,0.11290322,7.403226,0.14285715,1.7422681,0.0
2012-01-16,0.0,2.621951,0.46666667,0.11290322,7.403226,0.14285715,1.7422681,0.01369863
2012-01-17,0.0927835,2.621951,0.46666667,0.11290322,7.403226,0.1,1.7422681,0.08219178
2012-01-18,0.15463917,2.6341465,0.46666667,0.11290322,7.41129,0.1,1.7422681,0.08219178
2012-01-19,0.2371134,2.6341465,0.46666667,0.09677419,7.41129,0.12857144,1.7628866,0.20547946
2012-01-20,8.835052,2.609756,0.46666667,25.209677,7.403226,2.1714287,2.1443298,14.958904
2012-01-21,48.072166,34.707317,62.9,71.08064,62.83871,48.385715,56.494846,65.35616
2012-01-22,65.42268,63.09756,87.9,83.241936,90.354836,70.28571,79.18557,79.9726
2012-01-23,95.56701,78.768295,110.433334,118.741936,112.83064,99.814285,101.84536,121.89041
2012-01-24,128.52577,117.31707,145.71666,133.70967,151.84677,138.05714,140.25774,143.19179
2012-01-25,130.1134,117.57317,148.08333,123.96774,151.57259,139.72858,139.14433,143.41096
2012-01-26,129.30928,118.36585,146.23334,128.91936,152.96774,139.08571,141.20619,141.0274
2012-01-27,129.09279,118.42683,146.61667,126.935486,154.2258,138.92857,140.75258,142.10959
2012-01-28,128.48454,118.29269,145.26666,121.951614,154.76613,138.92857,140.46391,139.23288
2012-01-29,125.701035,116.42683,147.48334,117.29032,154.87097,138.47144,140.52577,137.67123
2012-01-30,121.41237,117.768295,148.15,126.870964,153.46774,136.81429,141.27835,130.67123
2012-01-31,117.896904,117.20731,148.28334,119.82258,153.46774,136.38571,141.36082,127.79452
2012-02-01,113.608246,116.560974,147.01666,118.629036,152.79839,135.21428,141.31958,129.863
2012-02-02,114.175255,116.439026,145.98334,122.80645,154.62097,135.81429,135.08247,130.43835
2012-02-03,113.15464,115.89024,145.45,118.33871,151.37903,136.31429,127.08247,129.58904
2012-02-04,111.65979,116.02439,143.95,123.27419,152.33871,136.01428,126.896904,128.28767
2012-02-05,110.07217,115.46342,141.95,113.951614,151.18549,136.01428,126.824745,124.73972
2012-02-06,108.453606,115.03658,139.48334,121.19355,150.29033,135.92857,126.78351,120.561646
2012-02-07,105.27835,114.47561,142.05,120.41936,149.10484,135.6,126.206184,118.49315
2012-02-08,104.14433,114.32927,140.56667,123.370964,149.66129,136.37143,126.74227,120.31507
2012-02-09,101.14433,113.37805,138.78334,122.629036,151.08064,135.81429,126.15464,117.9863
2012-02-10,95.22681,110.13415,140.53334,119.741936,148.37097,132.41429,127.670105,114.0
2012-02-11,91.12371,107.0,141.33333,120.33871,148.96774,128.84285,127.298965,113.630135
2012-02-12,90.35052,109.402435,142.55,113.645164,150.06451,127.41428,128.03093,113.0685
2012-02-13,97.90722,112.95122,150.58333,126.40323,151.89516,134.54286,132.28867,121.9863
2012-02-14,112.41237,131.31708,162.95,123.370964,169.25,148.92857,144.53609,132.46576
2012-02-15,115.49484,131.58537,168.26666,132.62903,168.70161,152.15715,146.81444,136.75342
2012-02-16,122.051544,138.68292,175.6,124.0,185.41936,157.04286,154.02061,140.17809
2012-02-17,122.07217,138.7561,174.06667,123.370964,185.93549,157.44286,152.0,139.34247
2012-02-18,116.49484,137.39024,174.35,125.08064,183.53226,155.75714,153.15463,137.54794
2012-02-19,116.09278,136.06097,176.46666,125.1129,186.55646,155.05714,153.4433,138.12329
2012-02-20,116.07217,136.91463,174.93333,125.27419,183.69354,155.27142,153.10309,137.78082
2012-02-21,115.453606,136.52438,172.86667,123.79032,183.4758,155.18571,152.8866,137.61644
2012-02-22,109.68041,136.18292,172.23334,124.16129,183.05646,153.7,152.5567,131.53424
2012-02-23,100.85567,131.97562,171.53334,126.19355,183.7258,148.7,152.03093,124.095894
2012-02-24,94.95876,127.597565,168.66667,111.645164,183.45967,144.34285,151.73196,117.369865
2012-02-25,89.21649,122.17073,164.48334,110.935486,183.78226,136.54286,148.91753,112.58904
2012-02-26,88.83505,120.86585,163.98334,110.758064,183.76613,135.77142,148.12372,112.27397
2012-02-27,88.68041,120.04878,163.98334,110.951614,181.57259,136.14285,148.40207,111.53425
2012-02-28,103.37113,121.560974,165.21666,110.80645,186.57259,142.5,149.79381,123.0137
2012-02-29,110.91753,121.34146,170.16667,120.69355,184.93549,146.82857,151.01031,141.45206
2012-03-01,140.0,121.01219,180.68333,144.98387,193.90323,175.5,167.14433,184.65753
2012-03-02,163.8866,117.01219,184.13333,146.6129,198.42741,187.28572,173.20619,215.65753
2012-03-03,164.63918,111.731705,185.85,143.79033,197.41936,188.97144,172.81444,215.28767
2012-03-04,161.5567,104.097565,179.33333,155.98387,192.57259,183.18571,171.24742,212.69862
2012-03-05,141.98969,96.07317,172.5,148.66129,190.28226,172.11429,169.14433,205.60274
2012-03-06,130.84537,91.14634,167.78334,139.7258,185.58871,161.44286,182.20619,198.42465
2012-03-07,140.62886,93.21951,166.3,148.85484,188.5,171.91429,188.61856,206.95891
2012-03-08,139.85567,92.80488,169.58333,141.37097,189.21774,172.71428,188.39175,203.65753
2012-03-09,130.69072,90.47561,164.33333,132.95161,186.08064,167.62857,169.38144,197.50685
2012-03-10,119.360825,88.80488,158.25,115.370964,181.7258,154.68571,164.01031,183.78082
2012-03-11,112.53608,87.52439,156.7,106.564514,179.6129,146.65715,159.82474,176.46576
2012-03-12,114.24742,85.560974,156.15,109.69355,179.03226,145.1,157.60825,187.65753
2012-03-13,115.38145,81.14634,156.01666,126.16129,178.91129,142.81429,158.10309,197.42465
2012-03-14,151.10309,80.18293,156.95,186.5,178.58871,153.35715,162.21649,282.0137
2012-03-15,178.89691,78.768295,157.8,229.67741,176.99193,166.48572,166.04124,318.67123
2012-03-16,198.90721,77.36585,155.3,237.14516,174.2258,165.6,167.64949,347.8493
2012-03-17,280.1134,80.02439,222.61667,221.98387,210.07259,237.87143,223.96907,433.9452
2012-03-18,298.12372,99.35366,263.51666,293.62903,263.55646,263.1,244.47423,455.76712
2012-03-19,317.95877,105.96342,277.18332,325.7742,280.62097,281.35715,260.39175,478.61642
2012-03-20,320.59793,106.97561,276.6,297.46774,279.16934,283.6143,259.0,480.67123
2012-03-21,318.46393,109.756096,277.06668,296.82257,284.62097,280.02856,259.60825,484.28766
2012-03-22,316.02063,111.439026,282.78333,297.3871,282.8871,271.6143,258.76288,484.46576
2012-03-23,316.2268,105.80488,274.06668,298.82257,282.05646,265.14285,260.23712,493.1233
2012-03-24,315.74228,101.42683,283.38333,311.53226,281.80646,262.62857,259.13403,491.863
2012-03-25,312.80414,97.268295,282.4,312.7742,276.09677,257.3857,256.94846,494.46576
2012-03-26,316.0103,109.12195,296.11667,313.9516,277.42743,268.22858,271.81442,498.0548
2012-03-27,319.04123,109.743904,294.98334,324.32257,279.07257,272.8857,275.5567,503.46576
2012-03-28,332.07217,107.86585,297.15,358.14517,277.9758,286.67142,283.40207,532.3288
2012-03-29,347.1134,103.81707,298.01666,370.48386,278.78226,293.32858,289.5464,544.7534
2012-03-30,343.6701,97.68293,305.98334,379.5645,271.74194,287.2,291.9691,537.71234
2012-03-31,333.51547,93.37805,296.5,379.09677,264.7016,274.64285,285.79382,542.31506
2012-04-01,367.19586,99.86585,320.88333,406.74194,266.7903,296.75714,304.68042,588.0411
2012-04-02,368.59793,101.20731,326.5,395.8871,260.9758,303.7,302.94846,586.0822
2012-04-03,366.0309,99.64634,325.36667,445.0484,257.5242,302.02856,302.4536,582.6027
2012-04-04,357.24744,96.756096,317.73334,402.75806,262.3629,292.55713,300.81442,587.0548
2012-04-05,358.06186,95.69512,317.36667,410.1129,262.4516,292.45715,301.7835,587.23285
2012-04-06,360.25772,95.01219,317.08334,394.40323,262.3629,292.52856,301.41238,584.53424
2012-04-07,363.49484,93.46342,317.03333,415.1613,261.78226,293.74286,302.5258,597.83563
2012-04-08,351.43298,91.37805,310.93332,414.40323,257.9758,287.02856,297.84537,585.548
2012-04-09,335.35052,86.80488,298.45,387.2097,252.17741,275.2,291.6701,580.0411
2012-04-10,314.8969,80.57317,281.81668,377.59677,246.94354,258.4,282.74228,565.9863
2012-04-11,299.1134,79.97561,276.46667,408.6613,245.83064,246.72858,279.36084,555.0
2012-04-12,321.49484,88.18293,297.53333,386.5484,247.85484,261.57144,301.0103,586.0822
2012-04-13,363.40207,94.231705,318.43332,429.14517,266.24194,296.85715,325.0309,653.83563
2012-04-14,388.70102,119.07317,356.91666,448.03226,295.98386,324.01428,354.93814,678.35614
2012-04-15,386.72165,118.52439,356.96667,464.1129,289.21774,322.51428,355.43298,680.41095
2012-04-16,379.14432,120.18293,366.68332,465.17743,292.40323,316.97144,348.29898,670.47943
2012-04-17,360.16495,118.902435,359.41666,452.32257,289.9113,302.24286,343.63916,661.58905
2012-04-18,336.93814,106.80488,347.33334,438.85483,290.7742,279.7,335.5464,648.3699
2012-04-19,316.9175,103.71951,333.16666,408.98386,280.25,259.32858,332.43298,633.0548
2012-04-20,287.7835,97.53658,311.43332,377.91934,272.75,236.95714,336.12372,599.7945
2012-04-21,249.95876,91.03658,262.61667,320.7097,248.5242,210.0,307.81442,571.49316
2012-04-22,212.18556,78.04878,223.75,296.5645,225.46774,180.91429,271.79382,524.3973
2012-04-23,168.39175,75.63415,193.55,228.93549,203.01613,151.24286,244.03093,474.32877
2012-04-24,139.34021,69.51219,173.15,188.74193,189.04839,132.28572,223.07216,432.76712
2012-04-25,119.13402,67.21951,161.1,163.19354,177.48387,119.3,207.64949,401.9726
2012-04-26,110.92783,67.731705,157.21666,148.80646,178.45967,114.14286,203.2268,385.79453
2012-04-27,120.27835,63.878048,166.25,158.53226,183.64516,118.51428,215.73196,384.56165
2012-04-28,113.78351,70.731705,164.06667,151.98387,182.01613,115.91428,213.49484,377.19177
2012-04-29,101.12371,69.79269,164.88333,128.08064,188.20161,110.41428,216.63918,351.726
2012-04-30,85.50516,65.87805,153.11667,94.96774,174.73387,101.92857,206.07216,315.43835
2012-05-01,72.04124,62.134148,136.36667,83.5,161.85484,89.25714,190.95876,291.863
2012-05-02,64.49484,60.756096,122.6,74.354836,171.1371,79.28571,181.1134,274.9041
2012-05-03,58.773197,59.939026,112.51667,66.758064,162.01613,70.92857,172.40207,260.0411
2012-05-04,56.13402,59.609756,106.583336,63.258064,156.7258,67.98572,169.85567,253.32877
2012-05-05,54.041237,59.609756,105.1,61.612904,138.95967,66.15714,169.3299,246.87671
2012-05-06,51.164948,59.780487,103.03333,55.774193,137.25,64.61429,168.28867,236.28767
2012-05-07,46.092785,58.26829,98.083336,48.241936,132.85484,61.0,160.83505,216.42465
2012-05-08,40.216496,55.73171,90.666664,38.032257,127.379036,55.614285,147.89691,188.53424
2012-05-09,31.556702,60.951218,81.166664,28.32258,118.26613,47.82857,126.26804,153.53424
2012-05-10,24.474226,56.146343,69.2,20.951612,108.47581,40.385715,107.74227,119.9863
2012-05-11,18.360825,51.621952,62.016666,15.887096,101.09677,37.785713,98.515465,98.054794
2012-05-12,14.092784,48.17073,55.4,10.5,93.75,31.942858,90.87629,78.19178
2012-05-13,9.515464,44.243904,46.833332,6.854839,87.08064,26.114286,78.90722,56.232876
2012-05-14,5.185567,39.365852,37.433334,4.806452,80.80645,17.885714,62.381443,37.246574
2012-05-15,3.7216494,38.060974,34.483334,3.7903225,77.91936,15.214286,55.742268,27.835617
2012-05-16,1.8659794,36.853657,31.216667,3.048387,75.29032,13.4,49.670105,20.109589
2012-05-17,0.6185567,33.292683,24.033333,2.1451614,68.370964,10.014286,37.97938,14.232877
2012-05-18,0.185567,31.853659,21.383333,1.7741935,65.758064,8.957143,33.98969,11.328767
2012-05-19,0.0,31.426828,20.15,1.3548387,64.53226,8.257143,32.051548,9.465754
2012-05-20,0.0,29.219513,17.066668,0.67741936,72.92742,6.785714,27.649485,6.780822
2012-05-21,0.0,24.890244,13.7,0.0,64.05645,4.8,20.28866,3.5479453
2012-05-22,0.0,21.365854,11.25,0.0,55.798386,3.4142857,14.082474,1.9863014
2012-05-23,0.0,19.146341,10.666667,0.0,55.66129,2.442857,10.56701,1.2739726
2012-05-24,0.0,18.280487,9.866667,0.0,53.33871,1.9142857,8.979382,0.739726
2012-05-25,0.0,18.146341,9.633333,0.0,52.822582,1.7142857,8.340206,0.4520548
2012-05-26,0.68041235,18.268293,5.1833334,0.5483871,34.41129,1.4285715,6.329897,2.30137
2012-05-27,1.3092784,13.256098,6.0666666,0.032258064,30.17742,2.6857142,9.164948,1.6849315
2012-05-28,0.62886596,13.682927,9.316667,0.0,37.80645,2.3285713,9.257732,0.38356164
2012-05-29,0.0,17.963415,9.333333,0.0,51.782257,1.8142858,9.020618,0.02739726
2012-05-30,0.0,16.975609,8.216666,0.0,48.35484,1.0142857,6.412371,0.0
2012-05-31,0.0,19.743902,6.366667,0.0,42.80645,0.51428574,3.6391752,0.0
2012-06-01,0.0,14.939024,3.9833333,0.0,34.830647,0.0,1.2680413,0.0
2012-06-02,0.0,11.45122,1.9,0.0,28.209677,0.0,0.072164945,0.0
2012-06-03,0.0,9.353659,0.6666667,0.0,23.451612,0.0,0.0,0.0
2012-06-04,0.0,8.073171,0.13333334,0.0,19.790323,0.0,0.0,0.0
2012-06-05,0.28865978,8.060976,1.4833333,3.419355,20.282259,1.4714285,5.412371,3.2054794
2012-06-06,0.62886596,8.060976,1.1166667,4.145161,20.209677,1.7714286,4.2061853,4.0
2012-06-07,0.06185567,8.060976,0.6666667,1.3870968,20.024193,2.0142858,5.2268043,0.7123288
2012-06-08,0.0,7.621951,0.0,0.48387095,19.290323,0.3857143,1.4226804,0.01369863
2012-06-09,0.0,7.097561,0.0,0.24193548,17.943548,0.0,0.020618556,0.0
2012-06-10,0.0,6.743902,0.0,0.0,16.935484,0.0,0.0,0.0
2012-06-11,0.0,6.1585364,0.0,0.0,15.629032,0.0,0.0,0.0
2012-06-12,0.0,5.0365853,0.0,0.0,13.137096,0.0,0.0,0.0
2012-06-13,0.0,3.7560976,0.0,0.0,10.209678,0.0,0.0,0.0
2012-06-14,0.0,2.8292682,0.0,0.0,7.7580647,0.0,0.0,0.0
2012-06-15,0.0,2.0731707,0.0,0.0,5.2419353,0.0,0.0,0.0
2012-06-16,0.0,1.2195122,0.0,0.0,3.3387096,0.0,0.0,0.0
2012-06-17,0.0,0.63414633,0.0,0.0,1.4112903,0.0,0.0,0.0
2012-06-18,0.0,0.14634146,0.0,0.0,0.47580644,0.0,0.0,0.0
2012-06-19,0.0,0.0,0.0,0.0,0.19354838,0.0,0.0,0.0
2012-06-20,0.0,0.0,0.0,0.0,0.0,0.0,0.0,0.0
2012-06-21,0.0,0.0,0.0,0.0,0.0,0.0,0.0,0.0
2012-06-22,0.0,0.0,0.0,0.0,0.0,0.0,0.0,0.0
2012-06-23,0.0,0.0,0.0,0.0,0.0,0.0,0.0,0.0
2012-06-24,0.0,0.0,0.0,0.0,0.0,0.0,0.0,0.0
2012-06-25,0.0,0.0,0.0,0.0,0.0,0.0,0.0,0.0
2012-06-26,0.0,0.0,0.0,0.0,0.0,0.0,0.0,0.0
2012-06-27,0.0,0.0,0.0,0.0,0.0,0.0,0.0,0.0
2012-06-28,0.0,0.0,0.0,0.0,0.0,0.0,0.0,0.0
2012-06-29,0.0,0.0,0.0,0.0,0.0,0.0,0.0,0.0
2012-06-30,0.0,0.0,0.0,0.0,0.0,0.0,0.0,0.0
2012-07-01,0.0,0.0,0.0,0.0,0.0,0.0,0.0,0.0
2012-07-02,0.0,0.0,0.0,0.0,0.0,0.0,0.0,0.0
2012-07-03,0.0,0.0,0.0,0.0,0.0,0.0,0.0,0.0
2012-07-04,0.0,0.0,0.0,0.0,0.0,0.0,0.0,0.0
2012-07-05,0.0,0.0,0.0,0.0,0.0,0.0,0.0,0.0
2012-07-06,0.0,0.0,0.0,0.0,0.0,0.0,0.0,0.0
2012-07-07,0.0,0.0,0.0,0.0,0.0,0.0,0.0,0.0
2012-07-08,0.0,0.0,0.0,0.0,0.0,0.0,0.0,0.0
2012-07-09,0.0,0.0,0.0,0.0,0.0,0.0,0.0,0.0
2012-07-10,0.0,0.0,0.0,0.0,0.0,0.0,0.0,0.0
2012-07-11,0.0,0.0,0.0,0.0,0.0,0.0,0.0,0.0
2012-07-12,0.0,0.0,0.0,0.0,0.0,0.0,0.0,0.0
2012-07-13,0.0,0.0,0.0,0.0,0.0,0.0,0.0,0.0
2012-07-14,0.0,0.0,0.0,0.0,0.0,0.0,0.0,0.0
2012-07-15,0.0,0.0,0.0,0.0,0.0,0.0,0.0,0.0
2012-07-16,0.0,0.0,0.0,0.0,0.0,0.0,0.0,0.0
2012-07-17,0.0,0.0,0.0,0.0,0.0,0.0,0.0,0.0
2012-07-18,0.0,0.0,0.0,0.0,0.0,0.0,0.0,0.0
2012-07-19,0.0,0.0,0.0,0.0,0.0,0.0,0.0,0.0
2012-07-20,0.0,0.0,0.0,0.0,0.0,0.0,0.0,0.0
2012-07-21,0.0,0.0,0.0,0.0,0.0,0.0,0.0,0.0
2012-07-22,0.0,0.0,0.0,0.0,0.0,0.0,0.0,0.0
2012-07-23,0.0,0.0,0.0,0.0,0.0,0.0,0.0,0.0
2012-07-24,0.0,0.0,0.0,0.0,0.0,0.0,0.0,0.0
2012-07-25,0.0,0.0,0.0,0.0,0.0,0.0,0.0,0.0
2012-07-26,0.0,0.0,0.0,0.0,0.0,0.0,0.0,0.0
2012-07-27,0.0,0.0,0.0,0.0,0.0,0.0,0.0,0.0
2012-07-28,0.0,0.0,0.0,0.0,0.0,0.0,0.0,0.0
2012-07-29,0.0,0.0,0.0,0.0,0.0,0.0,0.0,0.0
2012-07-30,0.0,0.0,0.0,0.0,0.0,0.0,0.0,0.0
2012-07-31,0.0,0.0,0.0,0.0,0.0,0.0,0.0,0.0
2012-08-01,0.0,0.0,0.0,0.0,0.0,0.0,0.0,0.0
2012-08-02,0.0,0.0,0.0,0.0,0.0,0.0,0.0,0.0
2012-08-03,0.0,0.0,0.0,0.0,0.0,0.0,0.0,0.0
2012-08-04,0.0,0.0,0.0,0.0,0.0,0.0,0.0,0.0
2012-08-05,0.0,0.0,0.0,0.0,0.0,0.0,0.0,0.0
2012-08-06,0.0,0.0,0.0,0.0,0.0,0.0,0.0,0.0
2012-08-07,0.0,0.0,0.0,0.0,0.0,0.0,0.0,0.0
2012-08-08,0.0,0.0,0.0,0.0,0.0,0.0,0.0,0.0
2012-08-09,0.0,0.0,0.0,0.0,0.0,0.0,0.0,0.0
2012-08-10,0.0,0.0,0.0,0.0,0.0,0.0,0.0,0.0
2012-08-11,0.0,0.0,0.0,0.0,0.0,0.0,0.0,0.0
2012-08-12,0.0,0.0,0.0,0.0,0.0,0.0,0.0,0.0
2012-08-13,0.0,0.0,0.0,0.0,0.0,0.0,0.0,0.0
2012-08-14,0.0,0.0,0.0,0.0,0.0,0.0,0.0,0.0
2012-08-15,0.0,0.0,0.0,0.0,0.0,0.0,0.0,0.0
2012-08-16,0.0,0.0,0.0,0.0,0.0,0.0,0.0,0.0
2012-08-17,0.0,0.0,0.0,0.0,0.0,0.0,0.0,0.0
2012-08-18,0.0,0.0,0.0,0.0,0.0,0.0,0.0,0.0
2012-08-19,0.0,0.0,0.0,0.0,0.0,0.0,0.0,0.0
2012-08-20,0.0,0.0,0.0,0.0,0.0,0.0,0.0,0.0
2012-08-21,0.0,0.0,0.0,0.0,0.0,0.0,0.0,0.0
2012-08-22,0.0,0.0,0.0,0.0,0.0,0.0,0.0,0.0
2012-08-23,0.0,0.0,0.0,0.0,0.0,0.0,0.0,0.0
2012-08-24,0.0,0.0,0.0,0.0,0.0,0.0,0.0,0.0
2012-08-25,0.0,0.0,0.0,0.0,0.0,0.0,0.0,0.0
2012-08-26,0.0,0.0,0.0,0.0,0.0,0.0,0.0,0.0
2012-08-27,0.0,0.0,0.0,0.0,0.0,0.0,0.0,0.0
2012-08-28,0.0,0.0,0.0,0.0,0.0,0.0,0.0,0.0
2012-08-29,0.0,0.0,0.0,0.0,0.0,0.0,0.0,0.0
2012-08-30,0.0,0.0,0.0,0.0,0.0,0.0,0.0,0.0
2012-08-31,0.0,0.0,0.0,0.0,0.0,0.0,0.0,0.0
2012-09-01,0.0,0.0,0.0,0.0,0.0,0.0,0.0,0.0
2012-09-02,0.0,0.0,0.0,0.0,0.0,0.0,0.0,0.0
2012-09-03,0.0,0.0,0.0,0.0,0.0,0.0,0.0,0.0
2012-09-04,0.0,0.0,0.0,0.0,0.0,0.0,0.0,0.0
2012-09-05,0.0,0.0,0.0,0.0,0.0,0.0,0.0,0.0
2012-09-06,0.0,0.0,0.0,0.0,0.0,0.0,0.0,0.0
2012-09-07,0.0,0.0,0.0,0.0,0.0,0.0,0.0,0.0
2012-09-08,0.0,0.0,0.0,0.0,0.0,0.0,0.0,0.0
2012-09-09,0.0,0.0,0.0,0.0,0.0,0.0,0.0,0.0
2012-09-10,0.0,0.0,0.0,0.0,0.0,0.0,0.0,0.0
2012-09-11,0.0,0.0,0.0,0.0,0.0,0.0,0.0,0.0
2012-09-12,0.0,0.0,0.0,0.0,0.0,0.0,0.0,0.0
2012-09-13,0.0,0.0,0.0,0.0,0.0,0.0,0.0,0.0
2012-09-14,0.0,0.0,0.0,0.0,0.0,0.0,0.0,0.0
2012-09-15,0.0,0.0,0.0,0.0,0.0,0.0,0.0,0.0
2012-09-16,0.0,0.0,0.0,0.0,0.0,0.0,0.0,0.0
2012-09-17,0.0,0.0,0.0,0.0,0.0,0.0,0.0,0.0
2012-09-18,0.0,0.0,0.0,0.0,0.0,0.0,0.0,0.0
2012-09-19,0.0,0.0,0.0,0.0,0.0,0.0,0.0,0.0
2012-09-20,0.0,0.0,0.0,0.0,0.0,0.0,0.0,0.0
2012-09-21,0.0,0.0,0.0,0.0,0.0,0.0,0.0,0.0
2012-09-22,0.0,0.0,0.0,0.0,0.0,0.0,0.0,0.0
2012-09-23,0.0,0.0,0.0,0.0,0.0,0.0,0.0,0.0
2012-09-24,0.0,0.0,0.0,0.0,0.0,0.0,0.0,0.0
2012-09-25,0.0,0.0,0.0,0.0,0.0,0.0,0.0,0.0
2012-09-26,0.0,0.0,0.0,0.0,0.0,0.0,0.0,0.0
2012-09-27,0.0,0.0,0.0,0.0,0.0,0.0,0.0,0.0
2012-09-28,0.0,0.0,0.0,0.0,0.0,0.0,0.0,0.0
2012-09-29,0.0,0.0,0.0,0.0,0.0,0.0,0.0,0.0
2012-09-30,0.0,0.0,0.0,0.0,0.0,0.0,0.0,0.0
2012-10-01,0.0,0.0,0.0,0.0,0.0,0.0,0.0,0.0
2012-10-02,0.0,0.0,0.0,0.0,0.0,0.0,0.0,0.0
2012-10-03,0.0,0.0,0.0,0.0,0.0,0.0,0.0,0.0
2012-10-04,0.0,0.0,0.0,0.0,0.0,0.0,0.0,0.0
2012-10-05,0.0,0.0,0.0,0.0,0.0,0.0,0.0,0.0
2012-10-06,0.0,0.0,0.0,0.0,0.0,0.0,0.0,0.0
2012-10-07,0.0,0.0,0.0,0.0,0.0,0.0,0.0,0.0
2012-10-08,0.0,0.0,0.0,0.0,0.0,0.0,0.0,0.0
2012-10-09,0.0,0.0,0.0,0.0,0.0,0.0,0.0,0.0
2012-10-10,0.0,0.0,0.0,0.0,0.0,0.0,0.0,0.0
2012-10-11,0.0,0.0,0.0,0.0,0.0,0.0,0.0,0.0
2012-10-12,0.0,2.317073,0.36666667,0.0,1.032258,0.042857144,1.0927835,0.0
2012-10-13,0.0,2.6707318,0.5,0.0,1.0725807,0.0,1.0206186,0.0
2012-10-14,0.0,1.6463414,0.0,0.0,0.62903225,0.0,0.0,0.0
2012-10-15,0.0,0.5121951,0.0,0.0,0.016129032,0.0,0.0,0.0
2012-10-16,0.0,0.07317073,0.0,0.0,0.0,0.0,0.0,0.0
2012-10-17,0.0,0.0,0.0,0.0,0.0,0.0,0.0,0.0
2012-10-18,0.0,0.0,0.0,0.0,0.0,0.0,0.0,0.0
2012-10-19,0.0,0.0,0.0,0.0,0.0,0.0,0.0,0.0
2012-10-20,0.0,0.0,0.0,0.0,0.0,0.0,0.0,0.0
2012-10-21,0.0,0.0,0.0,0.0,0.0,0.0,0.0,0.0
2012-10-22,1.0,0.0,0.26666668,0.7096774,0.032258064,0.014285714,0.44329897,4.9315066
2012-10-23,45.381443,3.012195,10.883333,24.129032,18.758064,11.8,16.556702,72.30137
2012-10-24,60.01031,3.012195,10.95,28.64516,18.806452,20.542856,18.556702,79.712326
2012-10-25,71.95876,2.9390244,10.6,36.870968,18.588709,24.985714,18.948454,98.57534
2012-10-26,71.15464,2.902439,12.966666,36.580647,18.153225,25.642857,22.072165,98.0685
2012-10-27,68.175255,2.7317073,10.833333,32.629032,15.169354,22.557142,19.85567,96.45206
2012-10-28,51.237114,1.7195122,7.9333334,19.887096,9.774194,17.785715,16.29897,87.0685
2012-10-29,32.412373,0.58536583,4.0,6.435484,5.451613,10.714286,11.989691,70.0274
2012-10-30,16.546392,0.30487806,1.0333333,1.0967742,3.0080645,5.4,7.072165,46.89041
2012-10-31,7.4226804,0.1097561,0.16666667,0.14516129,1.5725807,2.4,3.9793816,27.31507
2012-11-01,4.5670104,0.07317073,0.11666667,0.0,1.0645162,1.3142858,2.6804123,19.013699
2012-11-02,5.804124,0.07317073,0.11666667,0.0,1.1370968,1.6142857,2.927835,15.849315
2012-11-03,3.7938144,0.07317073,0.11666667,0.0,1.1129032,1.3714286,2.4536083,10.547945
2012-11-04,2.3195877,0.048780486,0.06666667,0.0,0.9032258,0.7714286,1.4742268,5.287671
2012-11-05,1.113402,0.0,0.0,0.0,0.37903225,0.37142858,0.8659794,1.9863014
2012-11-06,0.2371134,0.0,0.0,0.0,0.032258064,0.08571429,0.34020618,0.39726028
2012-11-07,0.010309278,0.0,0.0,0.0,0.0,0.0,0.0,0.0
2012-11-08,0.0,0.0,0.0,0.0,0.0,0.0,0.0,0.0
2012-11-09,16.164948,0.4512195,3.15,11.564516,2.8387096,6.5,10.608248,12.575342
2012-11-10,24.360825,2.8414633,6.25,14.612904,6.16129,11.742857,16.082474,24.205479
2012-11-11,30.216496,4.97561,8.016666,16.774193,9.9838705,13.328571,17.113401,27.80822
2012-11-12,32.24742,4.97561,8.033334,16.774193,10.258064,14.114285,16.979382,27.890411
2012-11-13,31.43299,4.195122,7.1833334,16.806452,9.975806,13.1,16.329897,26.68493
2012-11-14,27.608248,2.621951,5.3333335,14.548388,8.2661295,10.314285,14.649485,24.068493
2012-11-15,18.42268,1.6097561,3.7,7.145161,5.604839,7.928571,12.319588,15.986301
2012-11-16,10.237113,2.5609756,3.5666666,2.8064516,6.427419,7.457143,10.876288,8.986301
2012-11-17,11.628866,4.47561,10.533334,5.435484,11.443548,12.114285,23.113401,23.342466
2012-11-18,31.103092,11.207317,31.8,19.887096,43.637096,31.528572,52.762886,58.767124
2012-11-19,46.670105,11.329268,35.6,21.790323,48.41129,44.37143,64.93814,67.945206
2012-11-20,46.28866,11.207317,34.866665,26.564516,47.975807,43.8,64.58763,67.479454
2012-11-21,45.938145,11.02439,34.866665,27.516129,47.564518,43.471428,65.824745,76.31507
2012-11-22,49.86598,10.695122,36.016666,25.870968,47.491936,46.25714,68.68041,77.0274
2012-11-23,45.72165,10.121951,42.416668,24.129032,46.30645,48.985714,68.52577,74.83562
2012-11-24,40.14433,7.609756,40.983334,22.709677,42.30645,45.114285,66.639175,71.561646
2012-11-25,34.938145,6.195122,39.516666,20.467741,38.91129,41.17143,65.31959,69.12329
2012-11-26,31.43299,5.768293,40.05,21.080645,37.282257,38.7,64.26804,67.31507
2012-11-27,28.309278,5.621951,37.15,19.661291,35.55645,36.414288,62.216496,64.520546
2012-11-28,26.546392,5.5487804,38.066666,14.33871,34.758064,34.771427,61.59794,61.876713
2012-11-29,39.525772,12.207317,56.916668,25.709677,55.548386,50.0,82.08247,83.30137
2012-11-30,44.350517,12.829268,75.5,35.032257,66.94355,60.385715,104.86598,94.520546
2012-12-01,70.52577,21.524391,138.66667,40.370968,130.5242,121.7,173.01031,114.27397
2012-12-02,77.22681,23.073172,146.95,39.532257,137.65323,137.11429,191.95876,123.9589
2012-12-03,103.03093,42.09756,189.21666,63.14516,186.55646,174.37143,239.81444,150.79453
2012-12-04,103.22681,41.73171,197.66667,60.69355,189.50807,174.08571,239.34021,141.39726
2012-12-05,109.21649,41.817074,201.08333,76.58064,187.84677,173.58571,240.7732,163.36986
2012-12-06,112.670105,41.207317,205.96666,70.17742,189.9758,181.61429,255.90721,157.0
2012-12-07,111.762886,41.048782,210.4,69.66129,189.70967,180.45714,256.16495,158.39726
2012-12-08,110.41237,40.97561,212.96666,72.548386,188.68549,179.44286,255.7629,152.73973
2012-12-09,102.37113,40.792683,211.28334,71.5,190.46774,178.97144,254.92784,151.39726
2012-12-10,103.95876,40.817074,205.25,70.3871,185.68549,179.0,254.45361,154.20547
2012-12-11,99.8866,40.682926,203.15,61.387096,185.54033,175.48572,256.05154,149.49315
2012-12-12,97.8866,40.207317,204.1,81.16129,187.18549,176.37143,257.23712,157.04109
2012-12-13,115.8866,51.682926,225.66667,85.30645,206.59677,196.01428,276.05154,160.863
2012-12-14,116.639175,52.390244,233.05,80.16129,206.91129,197.21428,277.7732,158.54794
2012-12-15,117.762886,52.90244,235.0,81.5,207.1371,198.97144,279.27835,162.38356
2012-12-16,121.75258,53.378048,235.55,90.16129,208.74193,200.47144,281.68042,166.28767
2012-12-17,134.83505,53.207317,239.81667,88.048386,206.25,209.78572,289.61856,174.24658
2012-12-18,159.89691,63.243904,280.21667,92.77419,236.18549,239.37143,319.75256,199.27397
2012-12-19,167.0,69.87805,260.58334,94.20968,237.78226,240.77142,323.5567,208.0685
2012-12-20,169.29897,69.731705,288.13333,91.91936,242.04839,242.8,322.75256,221.30138
2012-12-21,165.50516,69.914635,287.73334,118.80645,241.79839,243.48572,323.60825,215.27397
2012-12-22,182.45361,69.78049,303.66666,164.5,243.91129,255.12857,341.57733,252.58904
2012-12-23,230.81444,84.03658,327.73334,196.03226,275.7984,298.5,386.05154,302.56165
2012-12-24,278.69073,111.10976,392.31668,240.75807,327.5484,340.34286,436.51547,362.1233
2012-12-25,286.20618,112.17073,383.46667,243.16129,327.76614,341.67142,438.1134,373.50684
2012-12-26,315.9175,127.060974,436.36667,277.69354,363.7984,364.85715,463.62888,414.34247
2012-12-27,331.20618,143.86586,446.71667,272.8387,374.09677,379.27142,478.20618,425.0274
2012-12-28,334.28867,143.97562,437.38333,289.08066,375.0,380.05713,477.4536,443.0411
2012-12-29,334.20618,144.0,419.48334,293.7742,374.35483,382.54285,478.75256,444.0274
2012-12-30,334.41238,144.42683,449.95,294.75806,381.5484,387.0,479.8969,443.49316
2012-12-31,334.84537,144.64635,438.63333,286.82257,380.4758,387.6,480.53607,435.31506
2013-01-01,334.6701,144.59756,465.28333,298.3871,381.37903,389.64285,479.84537,428.1233
2013-01-02,334.59793,145.2561,464.56668,292.1613,383.2742,390.2857,479.28867,427.63013
2013-01-03,336.57733,145.18292,463.35,293.19354,383.51614,390.27142,479.42267,435.0548
2013-01-04,336.0,145.15854,465.53333,287.41934,383.87097,390.84286,478.97937,425.46576
2013-01-05,336.24744,145.28049,466.03333,298.3387,383.0484,390.74286,479.06186,433.47946
2013-01-06,337.15463,146.54878,469.3,293.6613,386.41934,390.92856,480.1134,426.64383
2013-01-07,331.41238,149.63414,464.56668,314.08066,387.75,396.7143,486.26804,422.26028
2013-01-08,332.19586,149.84146,458.33334,300.35483,386.8871,397.91428,485.70102,415.75342
2013-01-09,331.76288,150.46341,457.78333,289.17743,381.83066,398.1,486.12372,414.39725
2013-01-10,353.2268,152.09756,466.63333,324.98386,393.55646,407.54285,495.14432,447.50684
2013-01-11,355.64948,160.10976,476.61667,314.17743,396.7742,408.2143,494.5464,445.73972
2013-01-12,356.51547,160.89024,461.56668,320.0484,394.34677,409.01428,495.62888,446.17807
2013-01-13,355.06186,160.91463,477.18332,319.0645,395.4597,409.54285,509.4433,446.53424
2013-01-14,347.9175,160.96341,474.7,322.8387,394.28226,409.58572,509.49484,436.28766
2013-01-15,355.62888,161.19513,486.7,323.0645,394.98386,410.9,508.9691,445.17807
2013-01-16,349.43298,162.03659,464.1,324.09677,392.05646,411.01428,509.14432,432.42465
2013-01-17,357.43298,162.21951,478.43332,328.85483,395.73386,410.72858,509.05154,443.67123
2013-01-18,358.31958,162.19513,486.81668,320.87097,397.7903,409.82858,509.28867,441.64383
2013-01-19,358.57733,161.90244,494.26666,324.32257,393.5242,408.41428,508.39175,440.75342
2013-01-20,359.85568,161.39024,491.23334,321.2258,394.9758,407.48572,508.02063,441.78082
2013-01-21,359.6701,159.86586,487.21667,323.80646,394.21774,407.54285,506.16495,439.1644
2013-01-22,355.5258,156.85365,484.5,334.2903,394.7258,405.85715,507.49484,436.73972
2013-01-23,350.4742,153.18292,482.33334,331.85483,395.1613,403.72858,507.31958,431.38358
2013-01-24,343.69073,153.80487,485.51666,334.85483,399.75806,400.87143,508.87628,425.54794
2013-01-25,340.69073,157.0,478.76666,335.19354,408.10483,401.0,516.42267,425.34247
2013-01-26,336.0825,156.71951,479.55,325.98386,406.2742,399.3,517.9072,418.137
2013-01-27,336.37112,161.57317,477.95,337.08066,413.09677,400.3,519.25775,426.1233
2013-01-28,340.36084,163.18292,479.9,332.82257,411.1613,402.51428,521.2062,433.93152
2013-01-29,340.2268,162.30487,481.58334,331.5,407.10483,403.08572,520.69073,442.137
2013-01-30,337.19586,162.18292,476.3,322.90323,413.0403,402.2857,520.3917,437.8767
2013-01-31,332.6701,159.03659,477.96667,335.85483,411.85483,400.54285,519.9897,440.1644
2013-02-01,325.19586,154.82927,480.48334,332.5,405.9758,396.87143,519.85565,438.36987
2013-02-02,314.74228,152.70732,479.43332,316.46774,407.53226,392.12857,518.82477,428.274
2013-02-03,310.13403,151.57317,476.26666,313.59677,407.34677,387.01428,517.37115,434.1507
2013-02-04,305.93814,150.37805,478.26666,328.2097,409.17743,384.08572,517.433,429.93152
2013-02-05,296.93814,149.10976,488.01666,319.46774,411.0242,379.7143,516.17523,423.76712
2013-02-06,296.28867,148.01219,472.41666,323.2742,411.4113,377.97144,515.3299,429.64383
2013-02-07,294.5258,147.95122,469.13333,314.80646,415.26614,377.02856,514.85565,418.63013
2013-02-08,302.14432,153.52438,479.53333,328.67743,412.87903,381.65714,520.2371,435.45206
2013-02-09,301.0103,161.47562,482.38333,307.8387,414.84677,384.32858,523.24744,425.49316
2013-02-10,302.9175,161.45122,482.75,335.14517,415.03226,384.54285,523.7732,431.47946
2013-02-11,304.13403,161.52438,480.03333,332.0645,416.40323,384.24286,523.24744,438.24658
2013-02-12,303.93814,161.43903,493.06668,308.48386,414.24194,384.94287,523.2371,444.38358
2013-02-13,303.29898,161.47562,491.98334,344.8387,416.6129,384.7857,523.4536,445.47946
2013-02-14,299.39175,161.02438,490.43332,317.0484,415.60483,384.2857,523.3299,440.274
2013-02-15,292.4742,159.13414,472.68332,309.9516,415.08066,382.7,522.85565,424.69864
2013-02-16,281.1031,156.71951,468.65,304.58066,409.5645,377.24286,520.6701,403.64383
2013-02-17,268.75256,154.91463,464.86667,305.01614,408.24194,373.17142,518.59796,400.38358
2013-02-18,262.3299,154.03659,477.13333,301.6129,409.69354,369.82858,517.58765,396.0
2013-02-19,259.85568,153.15854,476.31668,307.69354,416.59677,369.27142,517.0103,397.65753
2013-02-20,278.1031,156.5,474.26666,313.8871,415.3145,381.74286,527.82477,410.78082
2013-02-21,282.1031,156.53659,440.6,283.53226,415.75,383.44287,528.567,416.47946
2013-02-22,284.09277,156.53659,442.66666,309.46774,416.5645,383.32858,528.5361,413.08218
2013-02-23,283.8866,156.80487,440.76666,314.03226,425.44354,382.7857,527.28864,415.49316
2013-02-24,286.0,156.7439,444.26666,325.91934,412.2984,383.55713,528.63916,415.75342
2013-02-25,285.81442,156.7683,440.61667,326.1129,413.3387,383.01428,527.51544,414.9589
2013-02-26,281.40207,156.51219,486.73334,313.1613,415.12097,382.3143,526.69073,423.0548
2013-02-27,280.30927,156.31708,487.11667,312.35483,416.8387,381.7857,526.69073,421.80823
2013-02-28,274.1031,156.04878,483.76666,308.74194,414.4597,379.12857,525.4536,416.36987
2013-03-01,268.09277,154.06097,480.95,307.91934,413.1855,374.52856,523.86597,406.82193
2013-03-02,254.14433,149.06097,477.38333,294.80646,407.10483,366.65714,517.74225,396.137
2013-03-03,243.8866,144.19513,457.43332,281.32257,403.74194,361.45715,512.4949,388.58905
2013-03-04,250.3299,143.98781,466.38333,283.40323,412.7016,372.01428,522.59796,382.8493
2013-03-05,242.91753,143.29268,466.38333,272.96774,412.28226,369.3857,521.24744,385.9452
2013-03-06,246.7732,142.56097,473.65,285.5,412.66934,369.91428,525.57733,400.0411
2013-03-07,277.5567,144.01219,493.71667,312.30646,424.0887,394.08572,547.29895,418.726
2013-03-08,284.0309,147.01219,510.7,304.2742,437.15323,405.62857,557.8969,421.274
2013-03-09,289.19586,153.02438,503.91666,311.03226,444.46774,418.01428,568.07214,435.1507
2013-03-10,290.0825,153.40244,486.6,308.2258,444.4355,418.35715,568.42267,433.35617
2013-03-11,278.87628,149.79268,489.31668,294.14517,443.25806,416.37143,568.0206,423.20547
2013-03-12,260.20618,148.91463,513.4167,281.30646,441.90323,405.22858,562.70105,412.65753
2013-03-13,244.85567,143.36586,509.01666,263.4355,436.28226,392.74286,555.73193,397.726
2013-03-14,227.81444,135.06097,501.98334,250.98387,423.07257,377.82858,546.41235,380.49316
2013-03-15,215.29897,127.15854,487.43332,214.59677,415.0,364.6,537.165,356.68494
2013-03-16,202.30928,123.47561,479.25,204.58064,422.90323,356.3857,532.8969,351.67123
2013-03-17,194.37114,121.28049,471.48334,200.48387,407.7258,350.97144,530.07214,342.38358
2013-03-18,189.61856,119.42683,465.85,191.24193,402.5242,346.98572,527.0516,334.35617
2013-03-19,184.64949,118.36585,458.71667,186.19354,397.76614,341.8857,524.9382,318.28766
2013-03-20,182.8866,116.14634,453.46667,180.17741,387.40323,337.74286,525.92786,330.91782
2013-03-21,200.46391,115.57317,454.45,184.96774,389.62097,344.27142,532.5567,355.43835
2013-03-22,198.36082,115.45122,455.06668,164.01613,389.39517,343.2,532.433,355.1644
2013-03-23,196.61856,115.46342,455.08334,188.40323,384.23386,341.94287,531.6185,354.76712
2013-03-24,193.80412,115.10976,451.33334,154.95161,378.51614,340.85715,529.835,350.8767
2013-03-25,187.71133,114.085365,445.18332,171.37097,369.15323,334.82858,526.7732,341.20547
2013-03-26,182.56702,112.52439,442.05,155.79033,360.0403,328.85715,523.0206,327.91782
2013-03-27,178.89691,110.80488,438.18332,153.7258,357.34677,325.41428,521.91754,327.91782
2013-03-28,172.29897,111.02439,435.56668,144.5,354.1129,321.7857,521.7217,319.26028
2013-03-29,167.0,110.14634,432.56668,139.1129,351.6855,319.2143,520.9072,312.50684
2013-03-30,157.98969,106.69512,424.1,125.46774,348.28226,314.3,520.13403,299.274
2013-03-31,146.7629,106.10976,421.15,119.19355,347.5887,306.62857,517.7732,285.34247
2013-04-01,150.20619,108.68293,435.9,115.3871,360.8629,315.98572,531.7835,284.1233
2013-04-02,149.40207,107.92683,438.1,113.72581,351.30646,317.97144,536.3917,282.80823
2013-04-03,143.0,106.79269,431.91666,107.354836,353.08066,315.2,533.1237,268.63013
2013-04-04,137.90721,102.98781,423.76666,89.29032,345.4758,307.54285,528.0103,259.64383
2013-04-05,137.5567,103.256096,425.48334,86.46774,346.0242,305.47144,528.92786,264.91782
2013-04-06,131.54639,100.96342,421.61667,84.129036,343.4355,301.7857,525.8866,256.0
2013-04-07,128.82474,98.597565,418.13333,81.145164,331.65323,298.94287,522.9897,249.0137
2013-04-08,128.15463,96.68293,421.6,95.3871,330.4758,299.84286,528.42267,249.35617
2013-04-09,131.94846,98.81707,399.75,87.79032,320.64517,306.1857,533.0928,248.20547
2013-04-10,130.36082,94.060974,414.81668,73.30645,323.01614,307.08572,531.74225,244.0822
2013-04-11,123.0,95.87805,410.01666,84.435486,332.12903,297.92856,524.96906,227.64383
2013-04-12,116.31959,93.597565,399.56668,76.09677,317.6613,292.51428,521.17523,214.19179
2013-04-13,108.30928,88.585365,382.18332,71.53226,299.57257,286.32858,514.28864,201.50685
2013-04-14,100.87629,83.95122,377.61667,74.82258,276.51614,279.34286,508.48453,189.16438
2013-04-15,96.391754,80.87805,388.26666,71.32258,272.2903,273.98572,507.62888,181.21918
2013-04-16,107.43299,78.89024,367.13333,67.22581,272.5,278.7857,507.64948,176.20547
2013-04-17,108.56701,70.268295,350.45,57.29032,281.62097,286.34286,510.5464,178.87671
2013-04-18,108.09278,67.92683,352.43332,66.82258,266.0484,287.1143,510.5258,180.47945
2013-04-19,99.80412,76.939026,367.43332,70.951614,264.19354,284.6857,504.8866,171.69862
2013-04-20,95.639175,72.52439,365.68332,83.451614,263.75,276.64285,500.95877,162.137
2013-04-21,87.824745,66.0,362.88333,79.66129,257.24194,269.95715,487.7732,148.65753
2013-04-22,78.64948,62.036587,361.15,71.758064,246.26613,258.95715,466.17526,133.87671
2013-04-23,72.24742,58.085365,349.1,66.46774,245.14516,249.62857,455.26804,123.78082
2013-04-24,66.69072,55.30488,340.26666,62.69355,225.04839,241.51428,446.19586,112.19178
2013-04-25,61.85567,52.987804,328.8,57.048386,228.96774,232.74286,435.74228,103.561646
2013-04-26,55.29897,51.59756,317.01666,53.967743,231.82259,221.64285,422.62888,91.60274
2013-04-27,47.56701,49.23171,291.56668,47.14516,220.83064,209.1,397.57733,78.246574
2013-04-28,40.01031,44.048782,237.93333,39.01613,194.91936,196.84285,361.06186,68.08219
2013-04-29,33.463917,43.23171,218.21666,31.741936,182.37097,181.44286,341.41238,58.054794
2013-04-30,26.43299,42.57317,200.7,26.661291,166.70967,164.41429,320.61856,48.72603
2013-05-01,24.896908,39.756096,192.16667,24.193548,148.8629,149.67143,307.0825,46.835617
2013-05-02,22.618557,37.390244,182.86667,22.5,142.41129,142.34285,299.35052,44.30137
2013-05-03,18.659794,34.719513,170.53334,18.85484,135.10484,130.15715,286.60825,38.575344
2013-05-04,14.845361,32.987804,160.46666,15.709678,135.56451,118.41428,271.51547,32.09589
2013-05-05,12.721649,30.987804,152.46666,13.919354,133.12097,112.171425,261.9691,26.479452
2013-05-06,11.85567,30.841463,150.05,13.225806,131.79839,108.92857,258.56702,22.232876
2013-05-07,12.556701,23.609756,154.5,12.903226,132.12097,110.314285,261.0825,21.739725
2013-05-08,12.969072,25.40244,146.23334,12.532258,125.91936,110.88571,260.60825,21.41096
2013-05-09,12.43299,25.146341,155.18333,11.967742,127.33064,108.02857,261.71133,19.39726
2013-05-10,10.3092785,24.560976,150.75,10.83871,127.54032,102.442856,253.20619,16.424658
2013-05-11,8.185567,32.060974,139.4,8.967742,129.66129,93.8,238.72165,11.602739
2013-05-12,5.731959,26.853659,124.46667,7.596774,116.201614,81.1,196.3299,7.8356166
2013-05-13,3.9381444,20.865854,108.73333,6.709677,103.15323,70.328575,172.89691,4.4383564
2013-05-14,2.7628865,16.0,93.96667,5.854839,91.314514,59.07143,155.82474,2.6575344
2013-05-15,2.1958764,14.036586,88.73333,4.983871,85.25,52.971428,153.70103,1.4520547
2013-05-16,1.5773196,12.402439,80.55,4.451613,80.19355,45.0,143.69072,0.72602737
2013-05-17,1.4742268,12.390244,79.55,4.306452,79.8871,40.614285,142.48454,0.5890411
2013-05-18,1.3402061,12.390244,77.38333,4.096774,80.77419,37.82857,140.54639,0.4520548
2013-05-19,1.185567,12.317073,73.73333,3.7903225,79.41936,36.057144,136.2371,0.24657534
2013-05-20,1.0618557,11.804878,69.03333,3.3709676,77.23387,34.385715,130.71133,0.0
2013-05-21,0.83505154,13.402439,62.366665,2.6290324,73.951614,31.942858,123.43299,0.0
2013-05-22,0.6494845,12.402439,56.533333,2.532258,70.41129,34.585712,115.37113,0.0
2013-05-23,0.6185567,12.402439,56.083332,2.5,70.29032,34.3,114.93814,0.0
2013-05-24,0.6082474,12.390244,55.75,2.3709676,69.145164,34.228573,114.69072,0.0
2013-05-25,0.5051546,12.402439,52.85,2.096774,69.25,32.728573,111.01031,0.0
2013-05-26,0.3814433,12.329268,50.283333,1.7580645,67.82258,31.114286,107.175255,0.0
2013-05-27,0.2783505,12.268292,48.266666,1.451613,66.201614,29.928572,104.01031,0.0
2013-05-28,0.19587629,12.158537,45.966667,1.2580645,65.79032,28.72857,100.75258,0.0
2013-05-29,0.072164945,12.097561,42.65,0.9032258,64.0,27.157143,95.90722,0.0
2013-05-30,0.0,11.646341,38.983334,0.5322581,68.16129,25.0,89.83505,0.0
2013-05-31,0.0,10.621951,33.35,0.08064516,78.854836,22.028572,79.78351,0.0
2013-06-01,0.0,8.646341,27.366667,0.0,70.451614,18.114286,67.22681,0.0
2013-06-02,0.0,6.402439,22.133333,0.0,57.814518,13.914286,53.54639,0.0
2013-06-03,0.0,4.731707,17.65,0.0,45.927418,10.885715,41.587627,0.0
2013-06-04,0.0,3.182927,13.633333,0.0,37.137096,8.0,32.12371,0.0
2013-06-05,0.0,1.9512196,10.15,0.0,29.540323,5.0857143,23.082474,0.0
2013-06-06,0.0,0.64634144,7.6833334,0.0,22.475807,2.6857142,14.85567,0.0
2013-06-07,0.0,0.0,5.133333,0.0,16.467741,0.54285717,8.030928,0.0
2013-06-08,0.0,0.0,1.8833333,0.0,10.58871,0.0,3.226804,0.0
2013-06-09,0.0,0.0,0.38333333,0.0,4.427419,0.0,1.185567,0.0
2013-06-10,0.0,0.0,0.0,0.0,2.4919355,0.0,0.0927835,0.0
2013-06-11,0.0,0.0,0.0,0.0,2.153226,0.0,0.0,0.0
2013-06-12,0.0,0.0,0.0,0.0,1.532258,0.0,0.0,0.0
2013-06-13,0.0,0.0,0.0,0.0,1.0806452,0.0,0.0,0.0
2013-06-14,0.0,0.0,0.0,0.0,0.83064514,0.0,0.0,0.0
2013-06-15,0.0,0.0,0.0,0.0,0.62096775,0.0,0.0,0.0
2013-06-16,0.0,0.0,0.0,0.0,0.3951613,0.0,0.0,0.0
2013-06-17,0.0,0.0,0.0,0.0,0.2580645,0.0,0.0,0.0
2013-06-18,0.0,0.0,0.0,0.0,0.12903225,0.0,0.0,0.0
2013-06-19,0.0,0.0,0.0,0.0,0.09677419,0.0,0.0,0.0
2013-06-20,0.0,0.0,0.0,0.0,0.08064516,0.0,0.0,0.0
2013-06-21,0.0,0.0,0.0,0.0,0.04032258,0.0,0.0,0.0
2013-06-22,0.0,0.0,0.0,0.0,0.0,0.0,0.0,0.0
2013-06-23,0.0,0.0,0.0,0.0,0.0,0.0,0.0,0.0
2013-06-24,0.0,0.0,0.0,0.0,0.0,0.0,0.0,0.0
2013-06-25,0.0,0.0,0.0,0.0,0.0,0.0,0.0,0.0
2013-06-26,0.0,0.0,0.0,0.0,0.0,0.0,0.0,0.0
2013-06-27,0.0,0.0,0.0,0.0,0.0,0.0,0.0,0.0
2013-06-28,0.0,0.0,0.0,0.0,0.0,0.0,0.0,0.0
2013-06-29,0.0,0.0,0.0,0.0,0.0,0.0,0.0,0.0
2013-06-30,0.0,0.0,0.0,0.0,0.0,0.0,0.0,0.0
2013-07-01,0.0,0.0,0.0,0.0,0.0,0.0,0.0,0.0
2013-07-02,0.0,0.0,0.0,0.0,0.0,0.0,0.0,0.0
2013-07-03,0.0,0.0,0.0,0.0,0.0,0.0,0.0,0.0
2013-07-04,0.0,0.0,0.0,0.0,0.0,0.0,0.0,0.0
2013-07-05,0.0,0.0,0.0,0.0,0.0,0.0,0.0,0.0
2013-07-06,0.0,0.0,0.0,0.0,0.0,0.0,0.0,0.0
2013-07-07,0.0,0.0,0.0,0.0,0.0,0.0,0.0,0.0
2013-07-08,0.0,0.0,0.0,0.0,0.0,0.0,0.0,0.0
2013-07-09,0.0,0.0,0.0,0.0,0.0,0.0,0.0,0.0
2013-07-10,0.0,0.0,0.0,0.0,0.0,0.0,0.0,0.0
2013-07-11,0.0,0.0,0.0,0.0,0.0,0.0,0.0,0.0
2013-07-12,0.0,0.0,0.0,0.0,0.0,0.0,0.0,0.0
2013-07-13,0.0,0.0,0.0,0.0,0.0,0.0,0.0,0.0
2013-07-14,0.0,0.0,0.0,0.0,0.0,0.0,0.0,0.0
2013-07-15,0.0,0.0,0.0,0.0,0.0,0.0,0.0,0.0
2013-07-16,0.0,0.0,0.0,0.0,0.0,0.0,0.0,0.0
2013-07-17,0.0,0.0,0.0,0.0,0.0,0.0,0.0,0.0
2013-07-18,0.0,0.0,0.0,0.0,0.0,0.0,0.0,0.0
2013-07-19,0.0,0.0,0.0,0.0,0.0,0.0,0.0,0.0
2013-07-20,0.0,0.0,0.0,0.0,0.0,0.0,0.0,0.0
2013-07-21,0.0,0.0,0.0,0.0,0.0,0.0,0.0,0.0
2013-07-22,0.0,0.0,0.0,0.0,0.0,0.0,0.0,0.0
2013-07-23,0.0,0.0,0.0,0.0,0.0,0.0,0.0,0.0
2013-07-24,0.0,0.0,0.0,0.0,0.0,0.0,0.0,0.0
2013-07-25,0.0,0.0,0.0,0.0,0.0,0.0,0.0,0.0
2013-07-26,0.0,0.0,0.0,0.0,0.0,0.0,0.0,0.0
2013-07-27,0.0,0.0,0.0,0.0,0.0,0.0,0.0,0.0
2013-07-28,0.0,0.0,0.0,0.0,0.0,0.0,0.0,0.0
2013-07-29,0.0,0.0,0.0,0.0,0.0,0.0,0.0,0.0
2013-07-30,0.0,0.0,0.0,0.0,0.0,0.0,0.0,0.0
2013-07-31,0.0,0.0,0.0,0.0,0.0,0.0,0.0,0.0
2013-08-01,0.0,0.0,0.0,0.0,0.0,0.0,0.0,0.0
2013-08-02,0.0,0.0,0.0,0.0,0.0,0.0,0.0,0.0
2013-08-03,0.0,0.0,0.0,0.0,0.0,0.0,0.0,0.0
2013-08-04,0.0,0.0,0.0,0.0,0.0,0.0,0.0,0.0
2013-08-05,0.0,0.0,0.0,0.0,0.0,0.0,0.0,0.0
2013-08-06,0.0,0.0,0.0,0.0,0.0,0.0,0.0,0.0
2013-08-07,0.0,0.0,0.0,0.0,0.0,0.0,0.0,0.0
2013-08-08,0.0,0.0,0.0,0.0,0.0,0.0,0.0,0.0
2013-08-09,0.0,0.0,0.0,0.0,0.0,0.0,0.0,0.0
2013-08-10,0.0,0.0,0.0,0.0,0.0,0.0,0.0,0.0
2013-08-11,0.0,0.0,0.0,0.0,0.0,0.0,0.0,0.0
2013-08-12,0.0,0.0,0.0,0.0,0.0,0.0,0.0,0.0
2013-08-13,0.0,0.0,0.0,0.0,0.0,0.0,0.0,0.0
2013-08-14,0.0,0.0,0.0,0.0,0.0,0.0,0.0,0.0
2013-08-15,0.0,0.0,0.0,0.0,0.0,0.0,0.0,0.0
2013-08-16,0.0,0.0,0.0,0.0,0.0,0.0,0.0,0.0
2013-08-17,0.0,0.0,0.0,0.0,0.0,0.0,0.0,0.0
2013-08-18,0.0,0.0,0.0,0.0,0.0,0.0,0.0,0.0
2013-08-19,0.0,0.0,0.0,0.0,0.0,0.0,0.0,0.0
2013-08-20,0.0,0.0,0.0,0.0,0.0,0.0,0.0,0.0
2013-08-21,0.0,0.0,0.0,0.0,0.0,0.0,0.0,0.0
2013-08-22,0.0,0.0,0.0,0.0,0.0,0.0,0.0,0.0
2013-08-23,0.0,0.0,0.0,0.0,0.0,0.0,0.0,0.0
2013-08-24,0.0,0.0,0.0,0.0,0.0,0.0,0.0,0.0
2013-08-25,0.0,0.0,0.0,0.0,0.0,0.0,0.0,0.0
2013-08-26,0.0,0.0,0.0,0.0,0.0,0.0,0.0,0.0
2013-08-27,0.0,0.0,0.0,0.0,0.0,0.0,0.0,0.0
2013-08-28,0.0,0.0,0.0,0.0,0.0,0.0,0.0,0.0
2013-08-29,0.0,0.0,0.0,0.0,0.0,0.0,0.0,0.0
2013-08-30,0.0,0.0,0.0,0.0,0.0,0.0,0.0,0.0
2013-08-31,0.0,0.0,0.0,0.0,0.0,0.0,0.0,0.0
2013-09-01,0.0,0.0,0.0,0.0,0.0,0.0,0.0,0.0
2013-09-02,0.0,0.0,0.0,0.0,0.0,0.0,0.0,0.0
2013-09-03,0.0,0.0,0.0,0.0,0.0,0.0,0.0,0.0
2013-09-04,0.0,0.0,0.0,0.0,0.0,0.0,0.0,0.0
2013-09-05,0.0,0.0,0.0,0.0,0.0,0.0,0.0,0.0
2013-09-06,0.0,0.0,0.0,0.0,0.0,0.0,0.0,0.0
2013-09-07,0.0,0.0,0.0,0.0,0.0,0.0,0.0,0.0
2013-09-08,0.0,0.0,0.0,0.0,0.0,0.0,0.0,0.0
2013-09-09,0.0,0.0,0.0,0.0,0.0,0.0,0.0,0.0
2013-09-10,0.0,0.0,0.0,0.0,0.0,0.0,0.0,0.0
2013-09-11,0.0,0.0,0.0,0.0,0.0,0.0,0.0,0.0
2013-09-12,0.0,0.0,0.0,0.0,0.0,0.0,0.0,0.0
2013-09-13,0.0,0.0,0.0,0.0,0.0,0.0,0.0,0.0
2013-09-14,0.0,0.0,0.0,0.0,0.0,0.0,0.0,0.0
2013-09-15,0.0,0.0,0.0,0.0,0.0,0.0,0.0,0.0
2013-09-16,0.0,0.0,0.0,0.0,0.0,0.0,0.0,0.0
2013-09-17,0.0,0.0,0.0,0.0,0.0,0.0,0.0,0.0
2013-09-18,0.0,0.0,0.0,0.0,0.0,0.0,0.0,0.0
2013-09-19,0.0,0.0,0.0,0.0,0.0,0.0,0.0,0.0
2013-09-20,0.0,0.0,0.0,0.0,0.0,0.0,0.0,0.0
2013-09-21,0.0,0.0,0.0,0.0,0.0,0.0,0.0,0.0
2013-09-22,0.072164945,0.5,3.1333334,0.0,2.314516,1.6,6.2783504,0.0
2013-09-23,0.05154639,0.5,3.7833333,0.0,2.330645,1.5428572,6.742268,0.0
2013-09-24,0.0,0.0,0.6,0.0,1.0887097,0.14285715,1.4226804,0.0
2013-09-25,0.0,0.0,0.06666667,0.0,0.27419356,0.0,0.030927835,0.0
2013-09-26,0.0,0.0,0.06666667,0.016129032,0.27419356,0.0,0.030927835,0.0
2013-09-27,0.010309278,0.07317073,0.06666667,0.0,0.19354838,0.014285714,0.030927835,0.01369863
2013-09-28,0.0,0.06097561,0.06666667,0.0,0.21774194,0.0,0.041237112,0.0
2013-09-29,0.0,0.0,0.016666668,0.0,0.19354838,0.0,0.0,0.0
2013-09-30,0.0,0.0,0.0,0.0,0.06451613,0.0,0.0,0.0
2013-10-01,0.0,0.0,0.0,0.0,0.0,0.0,0.0,0.0
2013-10-02,0.0,0.0,0.0,0.0,0.0,0.0,0.0,0.0
2013-10-03,0.0,0.0,0.0,0.0,0.0,0.0,0.0,0.0
2013-10-04,0.0,0.0,0.0,0.0,0.0,0.0,0.0,0.0
2013-10-05,0.0,0.0,0.0,0.0,0.0,0.0,0.0,0.0
2013-10-06,0.0,0.0,0.0,0.0,0.0,0.0,0.0,0.0
2013-10-07,0.0,0.0,0.0,0.0,0.0,0.0,0.0,0.0
2013-10-08,0.0,0.0,0.0,0.0,0.0,0.0,0.0,0.0
2013-10-09,0.0,0.0,0.0,0.0,0.0,0.0,0.0,0.0
2013-10-10,0.16494845,2.4146342,3.4,0.0,3.814516,0.71428573,2.072165,0.01369863
2013-10-11,0.030927835,2.5731707,2.7833333,0.0,3.782258,0.5857143,1.9484537,0.0
2013-10-12,0.0,1.8536586,1.7166667,0.0,2.4274194,0.18571429,1.3092784,0.0
2013-10-13,0.0,1.5243902,1.1,0.0,1.9032258,0.114285715,0.78350514,0.0
2013-10-14,0.0,1.5243902,1.05,0.0,1.9354838,0.071428575,0.7938144,0.0
2013-10-15,0.0,1.5,0.71666664,0.0,1.6048387,0.042857144,0.6082474,0.0
2013-10-16,0.0,1.3536586,0.48333332,0.0,1.4919355,0.042857144,0.5463917,0.0
2013-10-17,0.0,1.2560976,0.15,0.0,1.4274193,0.0,0.14432989,0.0
2013-10-18,0.0,1.1585366,0.05,0.0,1.048387,0.0,0.020618556,0.0
2013-10-19,0.0,0.8780488,0.0,0.0,0.25,0.0,0.0,0.0
2013-10-20,0.0,0.74390244,0.0,0.0,0.016129032,0.0,0.0,0.0
2013-10-21,0.0,0.37804878,0.0,0.0,0.0,0.0,0.0,0.0
2013-10-22,0.0,0.09756097,0.0,0.0,0.0,0.0,0.0,0.0
2013-10-23,0.0,0.036585364,0.0,0.0,0.0,0.0,0.0,0.0
2013-10-24,0.0,0.0121951215,0.0,0.0,0.0,0.0,0.0,0.0
2013-10-25,0.0,0.0,0.0,0.0,0.0,0.0,0.0,0.0
2013-10-26,0.0,0.0,0.0,0.0,0.0,0.0,0.0,0.0
2013-10-27,0.0,0.0,0.0,0.0,0.0,0.0,0.0,0.0
2013-10-28,0.020618556,0.0,0.6,0.0,0.0,0.12857144,1.6907216,0.01369863
2013-10-29,7.597938,5.6463413,12.833333,0.62903225,6.612903,1.8142858,4.7113404,3.041096
2013-10-30,8.907216,5.634146,12.866667,1.516129,6.5080647,1.8,4.3092785,4.520548
2013-10-31,10.412371,8.609756,16.583334,2.1290324,8.7338705,2.4142857,6.3917527,5.3013697
2013-11-01,5.6804123,4.8170733,11.433333,0.032258064,6.41129,1.5857143,4.8247423,1.9315069
2013-11-02,1.1340206,2.8292682,6.1,0.0,3.8548386,0.4,2.3608248,0.7671233
2013-11-03,0.30927834,2.292683,3.7,0.0,2.9112904,0.08571429,1.4639175,0.32876712
2013-11-04,0.22680412,2.2804878,3.4333334,0.0,3.201613,0.08571429,1.4639175,0.23287672
2013-11-05,0.21649484,2.2804878,3.4333334,0.0,3.201613,0.057142857,1.3402061,0.23287672
2013-11-06,0.13402061,2.2804878,3.3666666,0.0,3.201613,0.071428575,1.4432989,0.09589041
2013-11-07,0.0,2.0,1.7833333,0.0,2.3548386,0.0,0.742268,0.0
2013-11-08,0.0,1.7073171,0.71666664,0.0,2.048387,0.0,0.2371134,0.0
2013-11-09,0.0,1.1829268,0.25,0.0,1.282258,0.0,0.082474224,0.0
2013-11-10,0.0,0.9756098,0.13333334,0.0,0.8467742,0.0,0.030927835,0.0
2013-11-11,0.0,0.902439,0.033333335,0.0,0.4919355,0.0,0.0,0.0
2013-11-12,0.0,0.5609756,0.0,0.0,0.16129032,0.0,0.0,0.0
2013-11-13,0.0,0.5,0.0,0.0,0.088709675,0.0,0.0,0.0
2013-11-14,0.0,0.41463414,0.0,0.0,0.05645161,0.0,0.0,0.0
2013-11-15,0.0,0.41463414,0.0,0.0,0.05645161,0.0,0.0,0.0
2013-11-16,0.0,0.41463414,0.0,0.0,0.05645161,0.0,0.0,0.0
2013-11-17,0.0,0.41463414,0.0,0.0,0.05645161,0.0,0.0,0.0
2013-11-18,0.0,0.41463414,0.0,0.0,0.05645161,0.0,0.0,0.0
2013-11-19,0.0,0.41463414,0.0,0.06451613,0.05645161,0.0,0.0,0.0
2013-11-20,4.072165,0.25609756,2.4666667,2.5,0.9516129,2.5142858,5.1546392,5.712329
2013-11-21,10.051546,3.0731707,14.533334,3.580645,6.346774,10.757143,20.938145,10.452055
2013-11-22,10.381443,8.182927,19.383333,3.8387096,10.17742,10.285714,21.536083,10.027397
2013-11-23,10.072165,11.707317,18.033333,3.6612904,10.7338705,11.4,21.329897,9.79452
2013-11-24,9.845361,11.609756,18.8,3.1935484,10.709678,11.414286,21.41237,9.315068
2013-11-25,9.226804,11.268292,18.866667,3.1290324,10.774194,12.6285715,21.484535,9.452055
2013-11-26,7.783505,10.939024,17.933332,2.5,10.959678,12.157143,20.020618,7.4657536
2013-11-27,5.257732,9.243902,14.5,1.5645162,10.104838,10.314285,17.835052,4.9589043
2013-11-28,4.041237,8.963414,13.083333,0.88709676,9.32258,9.1285715,16.175259,3.369863
2013-11-29,3.5154638,8.829268,12.55,0.5483871,9.193548,8.842857,16.206186,2.630137
2013-11-30,3.5670104,8.719512,11.683333,0.22580644,9.104838,8.728572,15.6907215,2.1643836
2013-12-01,2.8865979,8.402439,11.0,0.032258064,8.806452,7.7,12.360825,1.6575342
2013-12-02,1.9175258,8.036586,9.7,0.0,8.08871,5.8714285,12.670103,0.91780823
2013-12-03,1.484536,8.097561,8.8,0.032258064,7.225806,5.3428574,12.824742,0.6164383
2013-12-04,8.731958,11.621951,27.233334,0.9032258,23.040323,19.185715,30.154638,7.3287673
2013-12-05,10.412371,11.634147,27.383333,0.9516129,23.024193,18.957144,30.195877,8.219178
2013-12-06,10.649485,11.646341,27.333334,0.91935486,23.370968,19.557142,30.113401,8.410959
2013-12-07,29.164948,14.634147,41.15,11.612904,29.314516,35.157143,45.82474,33.547947
2013-12-08,40.257732,19.292683,51.266666,11.790322,38.637096,41.557144,55.804123,37.123287
2013-12-09,40.092785,19.280487,50.75,11.67742,38.870968,43.271427,55.98969,34.60274
2013-12-10,39.484535,19.243902,50.916668,11.225806,39.45968,43.95714,55.804123,35.17808
2013-12-11,39.938145,19.658537,50.816666,12.241936,39.435482,45.614285,55.762886,33.91781
2013-12-12,40.02062,19.353659,50.816666,11.419354,39.725807,45.314285,56.072166,35.219177
2013-12-13,39.59794,18.658537,50.95,10.5161295,39.725807,44.842857,55.85567,34.684933
2013-12-14,38.463917,18.317074,51.133335,9.4838705,39.798386,45.114285,55.75258,33.657536
2013-12-15,35.381443,16.804878,49.516666,7.467742,38.653225,43.57143,55.4433,31.60274
2013-12-16,26.670103,13.158537,42.1,4.596774,35.26613,38.385715,50.608246,22.041096
2013-12-17,17.515465,9.256098,30.966667,2.7741935,30.080645,29.485714,43.350517,15.876713
2013-12-18,10.845361,6.52439,23.916666,1.5806452,24.717741,23.942858,37.85567,10.602739
2013-12-19,9.0,6.52439,22.516666,1.1774193,23.967741,21.571428,35.97938,8.712329
2013-12-20,12.103093,6.707317,22.75,1.1774193,24.040323,26.87143,40.17526,9.027397
2013-12-21,11.536082,6.707317,22.683332,1.1774193,24.032259,27.37143,40.474228,8.958904
2013-12-22,10.907216,6.6829267,22.6,0.7419355,24.040323,27.114286,40.381443,8.2739725
2013-12-23,10.061855,6.6829267,22.1,0.30645162,23.838709,26.157143,39.793816,7.232877
2013-12-24,8.247422,6.634146,20.766666,0.06451613,23.282259,23.428572,37.484535,5.3561645
2013-12-25,7.1546392,6.207317,18.966667,0.016129032,22.064516,22.028572,36.13402,4.0958905
2013-12-26,6.0927835,5.756098,17.466667,0.016129032,20.85484,20.071428,34.907215,3.1780822
2013-12-27,4.7525773,5.219512,15.716666,0.0,19.346775,17.985714,32.896908,2.2876713
2013-12-28,4.0515466,4.780488,14.633333,0.0,18.467741,16.5,31.12371,1.7945205
2013-12-29,4.010309,4.780488,14.45,0.0,18.483871,16.471428,31.041237,1.479452
2013-12-30,3.6597939,4.707317,13.833333,0.0,18.201612,15.671429,30.56701,1.5342466
2013-12-31,2.8659794,4.597561,12.55,0.0,17.241936,13.1,28.072165,1.0684931
2014-01-01,2.3608248,4.52439,11.816667,0.0,16.879032,11.942857,26.98969,0.69863015
2014-01-02,2.1134021,4.414634,10.816667,0.0,16.379032,10.857142,25.71134,0.41095892
2014-01-03,1.6701031,4.3414636,9.95,0.0,15.82258,9.442857,24.185568,0.15068494
2014-01-04,1.3608247,4.304878,9.216666,0.0,15.612904,8.242857,22.979382,0.02739726
2014-01-05,1.2680413,4.280488,9.066667,0.0,15.604838,8.271428,22.783504,0.02739726
2014-01-06,1.2164948,4.268293,8.733334,0.0,15.475806,8.114285,22.556702,0.0
2014-01-07,1.1237113,4.207317,8.616667,0.0,15.41129,7.742857,22.030928,0.0
2014-01-08,1.0309278,4.219512,8.55,0.0,15.379032,7.614286,22.175259,0.0
2014-01-09,1.0206186,4.207317,8.55,0.0,15.395162,7.5142856,22.164948,0.0
2014-01-10,1.0,4.207317,8.55,0.0,15.379032,7.5,22.030928,0.0
2014-01-11,0.8041237,4.1829267,8.066667,0.0,15.290322,6.7714286,21.257732,0.0
2014-01-12,8.340206,4.1829267,8.25,6.66129,15.290322,10.485714,23.505156,10.520548
2014-01-13,8.422681,4.195122,8.266666,6.7419353,15.282258,11.685715,23.226805,10.479452
2014-01-14,6.0515466,4.1829267,7.9,3.3225806,15.25,10.542857,22.824741,5.8767123
2014-01-15,3.0,3.682927,7.116667,0.48387095,14.564516,8.714286,21.319588,1.6712328
2014-01-16,1.5360825,3.0853658,6.3166666,0.0,13.717742,7.6857142,20.309278,0.43835616
2014-01-17,1.0103092,2.621951,5.6,0.0,12.92742,7.3,19.350515,0.04109589
2014-01-18,0.5670103,2.3414633,4.8333335,0.0,12.290322,6.214286,17.783504,0.0
2014-01-19,0.3814433,2.109756,4.266667,0.0,11.806452,5.3714285,16.72165,0.0
2014-01-20,0.2783505,2.0365853,3.9833333,0.0,11.33871,4.9,16.041237,0.0
2014-01-21,0.2371134,2.012195,3.7833333,0.0,11.145162,4.614286,15.515464,0.0
2014-01-22,0.19587629,2.0,3.6,0.0,10.975806,4.071429,14.85567,0.0
2014-01-23,0.16494845,2.0,3.3833334,0.0,10.903226,3.6857142,14.268042,0.0
2014-01-24,0.16494845,2.0,3.3833334,0.0,10.903226,3.6857142,14.247422,0.0
2014-01-25,0.16494845,2.0,3.3833334,0.0,10.806452,3.6857142,14.257732,0.0
2014-01-26,0.15463917,2.0,3.35,0.0,10.798388,3.5,14.072165,0.0
2014-01-27,0.14432989,2.0,3.35,0.0,10.798388,3.5,14.051546,0.0
2014-01-28,0.13402061,2.0,3.35,0.0,10.798388,3.3,13.989691,0.0
2014-01-29,0.0927835,2.0,3.05,0.0,10.725806,2.7571428,13.051546,0.0
2014-01-30,4.670103,1.9756098,7.733333,4.016129,10.717742,10.985714,33.70103,9.863013
2014-01-31,20.29897,22.085365,47.833332,4.016129,50.467743,42.04286,67.80412,12.191781
2014-02-01,21.608248,31.243902,51.25,3.080645,57.274193,47.6,71.21649,13.232877
2014-02-02,21.350515,31.219513,49.833332,3.080645,57.008064,47.9,71.92783,13.287671
2014-02-03,24.309278,31.219513,51.1,3.112903,57.0,51.214287,74.15464,13.136987
2014-02-04,24.0,31.182926,51.0,2.967742,56.967743,51.45714,74.14433,12.835616
2014-02-05,24.0,31.170732,51.166668,3.032258,57.298386,51.585712,74.27835,12.835616
2014-02-06,27.103092,31.475609,54.55,4.370968,57.26613,53.028572,77.04124,17.39726
2014-02-07,37.639175,42.59756,61.7,9.387096,66.451614,61.0,83.58763,27.794521
2014-02-08,62.041237,51.841465,76.38333,41.20968,77.92742,80.442856,104.93814,68.753426
2014-02-09,120.07217,54.146343,99.63333,73.048386,98.46774,132.9,155.09279,129.0
2014-02-10,143.70103,55.756096,107.933334,89.46774,107.55645,167.95714,187.75258,140.56165
2014-02-11,146.45361,55.23171,108.166664,82.03226,109.298386,175.95714,191.5567,138.46576
2014-02-12,143.51546,53.682926,107.683334,87.51613,109.395164,174.22858,190.62886,135.73973
2014-02-13,139.6701,48.121952,109.666664,84.564514,109.91129,171.11429,190.72165,133.79453
2014-02-14,136.25774,42.19512,108.46667,77.32258,109.6371,168.15715,191.42268,126.45206
2014-02-15,132.17526,37.853657,105.86667,70.98387,105.879036,163.84285,193.38144,127.753426
2014-02-16,132.80412,35.09756,106.333336,72.53226,104.185486,167.42857,199.45361,127.561646
2014-02-17,133.39175,34.02439,105.48333,65.241936,102.879036,168.35715,203.57732,125.9726
2014-02-18,131.38144,33.451218,103.48333,71.83871,100.935486,167.31429,202.58763,122.26028
2014-02-19,129.12372,33.121952,101.63333,70.98387,99.58871,166.48572,202.12372,119.91781
2014-02-20,127.793816,32.951218,100.48333,61.69355,99.03226,166.24286,201.50516,118.89041
2014-02-21,125.27835,32.707317,98.433334,64.30645,97.951614,163.52856,200.74226,115.87671
2014-02-22,122.69072,32.378048,95.88333,62.16129,96.51613,160.08571,199.26804,111.9315
2014-02-23,119.13402,32.158535,93.13333,61.20968,95.02419,156.6,197.68042,107.08219
2014-02-24,114.40206,31.59756,89.53333,62.048386,93.314514,152.0,197.84537,104.095894
2014-02-25,108.64948,30.914635,84.23333,47.919353,91.120964,148.24286,195.14433,99.50685
2014-02-26,102.58763,29.756098,78.21667,46.548386,88.55645,143.2,192.17526,92.08219
2014-02-27,112.30928,50.243904,117.76667,71.258064,118.548386,164.72858,232.29897,95.9726
2014-02-28,130.25774,56.5,133.25,73.46774,137.26613,178.34285,249.24742,105.41096
2014-03-01,149.38144,104.82927,195.05,97.03226,203.98387,223.8,295.1134,129.87671
2014-03-02,151.43298,107.87805,198.56667,107.16129,212.59677,224.44286,296.0103,134.90411
2014-03-03,153.70103,109.37805,197.21666,108.69355,213.92741,225.91429,298.0,140.54794
2014-03-04,168.28867,110.19512,202.13333,129.53226,215.64516,240.02856,311.02063,152.23288
2014-03-05,161.6701,110.097565,203.95,127.59677,216.62903,236.08571,310.84537,149.16438
2014-03-06,156.8866,108.80488,204.48334,106.58064,215.5,231.62857,316.28867,144.39726
2014-03-07,158.64949,106.92683,205.68333,119.01613,218.65323,235.38571,318.85568,146.43835
2014-03-08,154.93814,105.268295,203.95,106.01613,218.10484,234.1,317.92783,150.57535
2014-03-09,148.69072,99.01219,197.76666,116.0,213.8871,225.58571,315.4433,145.0
2014-03-10,141.85567,91.29269,191.48334,105.129036,207.53226,217.04286,312.90723,139.58904
2014-03-11,144.86598,88.268295,187.9,127.09677,204.58871,218.55714,312.2165,145.17809
2014-03-12,143.7629,86.92683,183.8,126.53226,203.18549,218.31429,310.46393,142.79453
2014-03-13,142.29897,86.67073,182.35,125.5,201.81451,217.52856,310.04123,139.42465
2014-03-14,137.02061,85.39024,179.96666,105.645164,200.58871,214.3,308.5258,133.76712
2014-03-15,130.64949,83.18293,174.38333,112.258064,197.1371,209.02856,305.4536,129.80821
2014-03-16,120.26804,79.60976,166.36667,102.6129,190.96774,202.01428,300.6701,122.87671
2014-03-17,112.37113,76.10976,155.78334,87.741936,184.08064,193.6,294.2268,115.57534
2014-03-18,109.93814,75.62195,152.25,86.741936,182.35484,191.8,292.56702,107.68493
2014-03-19,107.78351,75.35366,150.36667,80.354836,181.35484,191.14285,291.81442,106.095894
2014-03-20,105.13402,74.585365,147.06667,78.48387,179.51613,188.6,289.61856,103.19178
2014-03-21,99.35052,73.5,142.5,70.79032,176.67741,183.55714,286.85568,95.369865
2014-03-22,95.051544,72.439026,138.48334,65.58064,174.5242,179.87143,284.1031,93.287674
2014-03-23,92.298965,71.81707,134.4,60.887096,172.24193,177.21428,281.74228,90.178085
2014-03-24,88.453606,70.85366,127.48333,55.370968,169.33064,172.28572,276.87628,91.61644
2014-03-25,81.91753,68.92683,116.4,50.20968,164.60484,166.12857,269.86597,78.0274
2014-03-26,82.16495,69.439026,120.9,44.919353,165.16129,172.15715,276.30927,78.64384
2014-03-27,103.61855,83.71951,148.26666,72.370964,180.41129,198.07143,301.24744,104.15069
2014-03-28,110.896904,86.085365,152.56667,79.80645,187.84677,203.3,306.62888,114.39726
2014-03-29,113.5567,85.35366,152.15,85.46774,188.09677,200.57143,305.59793,124.9315
2014-03-30,142.14433,92.37805,169.95,126.258064,194.25,221.45714,331.48453,187.68494
2014-03-31,145.19588,95.57317,174.63333,137.59677,199.16129,224.92857,333.83505,192.27397
2014-04-01,169.68042,114.21951,195.01666,153.7258,220.06451,257.17142,358.79382,222.39726
2014-04-02,182.2371,122.64634,179.76666,151.70967,231.65323,266.48572,371.57733,239.28767
2014-04-03,182.1134,123.939026,180.83333,146.19354,234.62903,269.72858,374.04123,235.17809
2014-04-04,182.14433,124.5,181.13333,149.0,234.83871,269.2857,374.09277,238.35617
2014-04-05,183.3299,125.01219,179.5,149.5,234.60484,270.8857,376.86597,237.9315
2014-04-06,182.45361,124.67073,179.81667,157.93549,234.8629,270.41428,377.18558,234.46576
2014-04-07,178.87628,117.402435,178.3,149.19354,233.26613,266.75714,373.23712,226.9315
2014-04-08,153.50516,103.48781,157.83333,125.80645,218.1371,238.74286,361.8969,213.16438
2014-04-09,119.72165,93.04878,137.8,108.064514,207.07259,219.71428,343.06186,185.24658
2014-04-10,98.21649,85.84146,138.55,77.5,200.91129,206.77142,327.80414,152.0
2014-04-11,87.96907,79.19512,123.4,63.419353,192.08064,192.08571,306.12372,128.34247
2014-04-12,77.824745,75.95122,111.416664,51.79032,184.23387,177.81429,278.0825,103.76712
2014-04-13,69.0,73.585365,103.916664,46.64516,179.19354,165.88571,263.05154,85.68493
2014-04-14,64.02062,70.756096,98.46667,43.387096,176.2258,159.98572,254.43298,77.39726
2014-04-15,56.87629,65.57317,92.36667,38.16129,171.32259,150.25714,245.14433,66.27397
2014-04-16,49.17526,60.634148,85.48333,32.241936,162.96774,137.72858,233.54639,55.589043
2014-04-17,41.793816,55.939026,77.433334,26.048388,152.0,125.75714,222.92784,44.136986
2014-04-18,35.350517,52.158535,69.71667,21.661291,143.42741,115.87143,211.56702,36.89041
2014-04-19,29.237114,50.47561,63.766666,18.096775,137.12903,102.78571,199.79381,29.90411
2014-04-20,25.154638,49.048782,58.483334,15.33871,132.62903,91.942856,189.08247,26.109589
2014-04-21,21.12371,46.30488,53.6,12.112904,127.77419,81.91428,178.50516,22.31507
2014-04-22,18.752577,44.80488,51.3,10.9838705,124.451614,76.61429,173.93814,19.205479
2014-04-23,23.13402,44.82927,49.1,8.774194,125.29032,82.57143,175.09279,21.424658
2014-04-24,22.731958,44.280487,52.1,10.66129,124.97581,81.442856,179.03093,19.013699
2014-04-25,22.14433,43.182926,50.333332,10.129032,123.70968,77.42857,174.42268,18.958904
2014-04-26,55.680412,64.86585,79.183334,10.919354,163.92741,117.58572,220.83505,43.53425
2014-04-27,54.814434,67.52439,79.433334,10.5161295,167.12097,118.557144,216.93814,41.315067
2014-04-28,52.96907,66.53658,78.15,14.66129,163.37903,118.75714,217.82474,39.575344
2014-04-29,44.73196,61.158535,70.933334,10.919354,161.2258,113.75714,219.50516,29.575342
2014-04-30,30.12371,47.19512,54.2,7.870968,150.5242,96.91428,191.69072,19.986301
2014-05-01,21.020618,43.512196,58.116665,6.193548,149.30646,81.9,180.68042,13.739726
2014-05-02,14.793815,44.109756,47.4,4.983871,136.60484,69.78571,158.04124,9.958904
2014-05-03,10.371134,40.23171,36.35,4.322581,125.370964,58.1,125.28866,7.2465754
2014-05-04,7.3917527,37.853657,30.416666,4.0,119.01613,51.971428,113.19588,5.60274
2014-05-05,5.9793816,35.82927,28.466667,3.7903225,116.064514,48.6,108.77319,4.5753427
2014-05-06,6.0206184,31.012196,28.283333,3.7580645,114.0,48.74286,110.03093,4.3287673
2014-05-07,6.7628865,39.036587,24.433332,3.596774,118.685486,51.24286,113.81443,4.191781
2014-05-08,6.123711,34.182926,25.416666,3.403226,114.34677,51.814285,114.65979,3.6849315
2014-05-09,5.7010307,33.682926,29.966667,3.2258065,114.97581,49.57143,113.051544,3.1369863
2014-05-10,5.257732,31.585365,29.15,3.1451614,123.508064,48.07143,109.97938,2.8493152
2014-05-11,5.484536,29.585365,29.116667,3.048387,121.48387,48.228573,109.93814,2.9178083
2014-05-12,5.2886596,28.853659,28.983334,2.8548386,118.55645,48.17143,109.68041,2.69863
2014-05-13,4.14433,29.939024,26.366667,2.2903225,112.20968,44.95714,105.484535,1.8630137
2014-05-14,2.1649485,26.378048,22.4,1.4354838,105.72581,38.57143,96.56701,0.8356164
2014-05-15,1.0,22.841463,16.9,0.4032258,93.80645,29.428572,83.57732,0.15068494
2014-05-16,0.63917524,19.414635,12.416667,0.0,79.83871,21.242857,67.25773,0.0
2014-05-17,0.25773194,18.975609,9.066667,0.0,60.16129,15.557143,53.45361,0.0
2014-05-18,0.0,15.731708,7.45,0.0,58.387096,13.142858,45.57732,0.0
2014-05-19,0.0,15.170732,7.116667,0.0,57.298386,12.442857,43.463917,0.0
2014-05-20,0.0,10.865853,7.0333333,0.0,57.185482,12.142858,42.680412,0.0
2014-05-21,2.9381444,8.54878,7.883333,0.0,51.64516,16.77143,48.350517,0.5479452
2014-05-22,0.6701031,8.695122,8.166667,0.0,52.879032,15.942857,47.092785,0.0
2014-05-23,0.0,10.890244,6.616667,0.0,50.379032,13.957143,42.0,0.0
2014-05-24,0.0,10.768292,6.0666666,0.0,57.16129,11.4,40.15464,0.0
2014-05-25,0.0,13.207317,3.85,0.0,51.26613,9.357142,32.927834,0.0
2014-05-26,0.0,10.926829,2.9333334,0.0,43.0,6.9857144,24.639175,0.0
2014-05-27,0.0,8.573171,2.1166666,0.0,33.830647,4.7714286,17.762886,0.0
2014-05-28,0.0,7.0487804,2.0666666,0.0,27.459677,2.7857144,12.948454,0.0
2014-05-29,0.0,6.3170733,1.8666667,0.0,24.967741,1.9428571,10.762887,0.0
2014-05-30,0.0,5.865854,1.7166667,0.0,18.064516,1.6,9.113402,0.0
2014-05-31,0.0,4.9512196,1.5333333,0.0,16.25,1.0857143,7.0309277,0.0
2014-06-01,0.0,4.3292685,1.3333334,0.0,14.741936,0.55714285,5.4329896,0.0
2014-06-02,0.0,3.487805,1.0,0.0,12.540322,0.114285715,3.6494846,0.0
2014-06-03,0.0,2.7317073,0.75,0.0,11.032258,0.0,2.0824742,0.0
2014-06-04,0.0,2.0,0.46666667,0.0,9.57258,0.0,1.1030928,0.0
2014-06-05,0.0,1.3780488,0.083333336,0.0,7.927419,0.0,0.39175257,0.0
2014-06-06,0.0,0.75609756,0.0,0.0,5.516129,0.0,0.0,0.0
2014-06-07,0.0,0.47560975,0.0,0.0,3.362903,0.0,0.0,0.0
2014-06-08,0.0,0.12195122,0.0,0.0,1.967742,0.0,0.0,0.0
2014-06-09,0.0,0.0,0.0,0.0,1.016129,0.0,0.0,0.0
2014-06-10,0.0,0.0,0.0,0.0,0.27419356,0.0,0.0,0.0
2014-06-11,0.0,0.0,0.0,0.0,0.09677419,0.0,0.0,0.0
2014-06-12,0.0,0.0,0.0,0.0,0.0,0.0,0.0,0.0
2014-06-13,0.0,0.0,0.0,0.0,0.0,0.0,0.0,0.0
2014-06-14,0.0,0.0,0.0,0.0,0.0,0.0,0.0,0.0
2014-06-15,0.0,0.0,0.0,0.0,0.0,0.0,0.0,0.0
2014-06-16,0.0,0.0,0.0,0.0,0.0,0.0,0.0,0.0
2014-06-17,0.0,0.0,0.0,0.0,0.0,0.0,0.0,0.0
2014-06-18,0.0,0.0,0.0,0.0,0.0,0.0,0.0,0.0
2014-06-19,0.0,0.0,0.0,0.0,0.0,0.0,0.0,0.0
2014-06-20,0.0,0.0,0.0,0.0,0.0,0.0,0.0,0.0
2014-06-21,0.0,0.0,0.0,0.0,0.0,0.0,0.0,0.0
2014-06-22,0.0,0.0,0.0,0.0,0.0,0.0,0.0,0.0
2014-06-23,0.0,0.0,0.0,0.0,0.0,0.0,0.0,0.0
2014-06-24,0.0,0.0,0.0,0.0,0.0,0.0,0.0,0.0
2014-06-25,0.0,0.0,0.0,0.0,0.0,0.0,0.0,0.0
2014-06-26,0.0,0.0,0.0,0.0,0.0,0.0,0.0,0.0
2014-06-27,0.0,0.0,0.0,0.0,0.0,0.0,0.0,0.0
2014-06-28,0.0,0.0,0.0,0.0,0.0,0.0,0.0,0.0
2014-06-29,0.0,0.0,0.0,0.0,0.0,0.0,0.0,0.0
2014-06-30,0.0,0.0,0.0,0.0,0.0,0.0,0.0,0.0
2014-07-01,0.0,0.0,0.0,0.0,0.0,0.0,0.0,0.0
2014-07-02,0.0,0.0,0.0,0.0,0.0,0.0,0.0,0.0
2014-07-03,0.0,0.0,0.0,0.0,0.0,0.0,0.0,0.0
2014-07-04,0.0,0.0,0.0,0.0,0.0,0.0,0.0,0.0
2014-07-05,0.0,0.0,0.0,0.0,0.0,0.0,0.0,0.0
2014-07-06,0.0,0.0,0.0,0.0,0.0,0.0,0.0,0.0
2014-07-07,0.0,0.0,0.0,0.0,0.0,0.0,0.0,0.0
2014-07-08,0.0,0.0,0.0,0.0,0.0,0.0,0.0,0.0
2014-07-09,0.0,0.0,0.0,0.0,0.0,0.0,0.0,0.0
2014-07-10,0.0,0.0,0.0,0.0,0.0,0.0,0.0,0.0
2014-07-11,0.0,0.0,0.0,0.0,0.0,0.0,0.0,0.0
2014-07-12,0.0,0.0,0.0,0.0,0.0,0.0,0.0,0.0
2014-07-13,0.0,0.0,0.0,0.0,0.0,0.0,0.0,0.0
2014-07-14,0.0,0.0,0.0,0.0,0.0,0.0,0.0,0.0
2014-07-15,0.0,0.0,0.0,0.0,0.0,0.0,0.0,0.0
2014-07-16,0.0,0.0,0.0,0.0,0.0,0.0,0.0,0.0
2014-07-17,0.0,0.0,0.0,0.0,0.0,0.0,0.0,0.0
2014-07-18,0.0,0.0,0.0,0.0,0.0,0.0,0.0,0.0
2014-07-19,0.0,0.0,0.0,0.0,0.0,0.0,0.0,0.0
2014-07-20,0.0,0.0,0.0,0.0,0.0,0.0,0.0,0.0
2014-07-21,0.0,0.0,0.0,0.0,0.0,0.0,0.0,0.0
2014-07-22,0.0,0.0,0.0,0.0,0.0,0.0,0.0,0.0
2014-07-23,0.0,0.0,0.0,0.0,0.0,0.0,0.0,0.0
2014-07-24,0.0,0.0,0.0,0.0,0.0,0.0,0.0,0.0
2014-07-25,0.0,0.0,0.0,0.0,0.0,0.0,0.0,0.0
2014-07-26,0.0,0.0,0.0,0.0,0.0,0.0,0.0,0.0
2014-07-27,0.0,0.0,0.0,0.0,0.0,0.0,0.0,0.0
2014-07-28,0.0,0.0,0.0,0.0,0.0,0.0,0.0,0.0
2014-07-29,0.0,0.0,0.0,0.0,0.0,0.0,0.0,0.0
2014-07-30,0.0,0.0,0.0,0.0,0.0,0.0,0.0,0.0
2014-07-31,0.0,0.0,0.0,0.0,0.0,0.0,0.0,0.0
2014-08-01,0.0,0.0,0.0,0.0,0.0,0.0,0.0,0.0
2014-08-02,0.0,0.0,0.0,0.0,0.0,0.0,0.0,0.0
2014-08-03,0.0,0.0,0.0,0.0,0.0,0.0,0.0,0.0
2014-08-04,0.0,0.24390244,0.0,0.0,0.0,0.0,0.0,0.0
2014-08-05,0.0,0.048780486,0.0,0.0,0.0,0.0,0.0,0.0
2014-08-06,0.0,0.0,0.0,0.0,0.0,0.0,0.0,0.0
2014-08-07,0.0,0.0,0.0,0.0,0.0,0.0,0.0,0.0
2014-08-08,0.0,0.0,0.0,0.0,0.0,0.0,0.0,0.0
2014-08-09,0.0,0.0,0.0,0.0,0.0,0.0,0.0,0.0
2014-08-10,0.0,0.0,0.0,0.0,0.0,0.0,0.0,0.0
2014-08-11,0.0,0.0,0.0,0.0,0.0,0.0,0.0,0.0
2014-08-12,0.0,0.0,0.0,0.0,0.0,0.0,0.0,0.0
2014-08-13,0.0,0.0,0.0,0.0,0.0,0.0,0.0,0.0
2014-08-14,0.0,0.0,0.0,0.0,0.0,0.0,0.0,0.0
2014-08-15,0.0,0.0,0.0,0.0,0.0,0.0,0.0,0.0
2014-08-16,0.0,0.0,0.0,0.0,0.0,0.0,0.0,0.0
2014-08-17,0.0,0.0,0.0,0.0,0.0,0.0,0.0,0.0
2014-08-18,0.0,0.0,0.0,0.0,0.0,0.0,0.0,0.0
2014-08-19,0.0,0.0,0.0,0.0,0.0,0.0,0.0,0.0
2014-08-20,0.0,0.0,0.0,0.0,0.0,0.0,0.0,0.0
2014-08-21,0.0,0.0,0.0,0.0,0.0,0.0,0.0,0.0
2014-08-22,0.0,0.0,0.0,0.0,0.0,0.0,0.0,0.0
2014-08-23,0.0,0.0,0.0,0.0,0.0,0.0,0.0,0.0
2014-08-24,0.0,0.0,0.0,0.0,0.0,0.0,0.0,0.0
2014-08-25,0.0,0.0,0.0,0.0,0.0,0.0,0.0,0.0
2014-08-26,0.0,0.0,0.0,0.0,0.0,0.0,0.0,0.0
2014-08-27,0.0,0.0,0.0,0.0,0.0,0.0,0.0,0.0
2014-08-28,0.0,0.0,0.0,0.0,0.0,0.0,0.0,0.0
2014-08-29,0.0,0.0,0.0,0.0,0.0,0.0,0.0,0.0
2014-08-30,0.0,0.0,0.0,0.0,0.0,0.0,0.0,0.0
2014-08-31,0.0,0.0,0.0,0.0,0.0,0.0,0.0,0.0
2014-09-01,0.0,0.0,0.0,0.0,0.0,0.0,0.0,0.0
2014-09-02,0.0,0.0,0.0,0.0,0.0,0.0,0.0,0.0
2014-09-03,0.0,0.0,0.0,0.0,0.0,0.0,0.0,0.0
2014-09-04,0.0,0.0,0.0,0.0,0.0,0.0,0.0,0.0
2014-09-05,0.0,0.0,0.0,0.0,0.0,0.0,0.0,0.0
2014-09-06,0.0,0.0,0.0,0.0,0.0,0.0,0.0,0.0
2014-09-07,0.0,0.0,0.0,0.0,0.0,0.0,0.0,0.0
2014-09-08,0.0,0.0,0.0,0.0,0.0,0.0,0.0,0.0
2014-09-09,0.0,0.0,0.0,0.0,0.0,0.0,0.0,0.0
2014-09-10,0.0,0.0,0.0,0.0,0.0,0.0,0.0,0.0
2014-09-11,0.0,0.0,0.0,0.0,0.0,0.0,0.0,0.0
2014-09-12,0.0,0.0,0.0,0.0,0.0,0.0,0.0,0.0
2014-09-13,0.0,0.0,0.0,0.0,0.0,0.0,0.0,0.0
2014-09-14,0.0,0.0,0.0,0.0,0.0,0.0,0.0,0.0
2014-09-15,0.0,0.0,0.0,0.0,0.0,0.0,0.0,0.0
2014-09-16,0.0,0.0,0.0,0.0,0.0,0.0,0.0,0.0
2014-09-17,0.0,0.0,0.0,0.0,0.0,0.0,0.0,0.0
2014-09-18,0.0,0.0,0.0,0.0,0.0,0.0,0.0,0.0
2014-09-19,0.0,0.0,0.0,0.0,0.0,0.0,0.0,0.0
2014-09-20,0.0,0.0,0.0,0.0,0.0,0.0,0.0,0.0
2014-09-21,0.0,0.0,0.0,0.0,0.0,0.0,0.0,0.0
2014-09-22,0.0,0.0,0.0,0.0,0.0,0.0,0.0,0.0
2014-09-23,0.0,0.0,0.0,0.0,0.0,0.0,0.0,0.0
2014-09-24,0.0,0.0,0.0,0.0,0.0,0.0,0.0,0.0
2014-09-25,0.0,0.0,0.0,0.0,0.0,0.0,0.0,0.0
2014-09-26,0.0,0.0,0.0,0.0,0.0,0.0,0.0,0.0
2014-09-27,0.22680412,0.0,0.0,0.0,0.0,0.0,0.0,0.0
2014-09-28,0.185567,0.18292683,1.4833333,0.0,0.7903226,0.5714286,2.3608248,0.0
2014-09-29,0.185567,1.597561,4.1833334,0.0,5.451613,0.71428573,4.443299,0.0
2014-09-30,0.11340206,0.9512195,2.0333333,0.0,3.951613,0.31428573,2.030928,0.0
2014-10-01,0.0,0.34146342,0.18333334,0.0,1.1774193,0.0,0.10309278,0.0
2014-10-02,0.0,0.15853658,0.016666668,0.0,0.24193548,0.0,0.041237112,0.0
2014-10-03,0.0,0.0,0.0,0.0,0.0,0.0,0.0,0.0
2014-10-04,0.0,0.0,0.0,0.0,0.0,0.0,0.0,0.0
2014-10-05,0.0,0.0,0.0,0.0,0.0,0.0,0.0,0.0
2014-10-06,0.0,0.0,0.0,0.0,0.0,0.0,0.0,0.0
2014-10-07,0.0,0.0,0.0,0.0,0.0,0.0,0.0,0.0
2014-10-08,0.0,0.0,0.0,0.0,0.0,0.0,0.0,0.0
2014-10-09,0.0,0.0,0.0,0.0,0.0,0.0,0.0,0.0
2014-10-10,0.0,0.0,0.0,0.0,0.0,0.0,0.0,0.0
2014-10-11,0.0,0.0,0.0,0.0,0.0,0.0,0.0,0.0
2014-10-12,0.0,0.0,0.0,0.0,0.0,0.0,0.0,0.0
2014-10-13,0.0,0.0,0.0,0.0,0.0,0.0,0.0,0.0
2014-10-14,0.0,0.0,0.0,0.0,0.0,0.0,0.0,0.0
2014-10-15,0.0,0.0,0.0,0.0,0.0,0.0,0.0,0.0
2014-10-16,0.0,0.0,0.0,0.0,0.0,0.0,0.0,0.0
2014-10-17,0.0,0.0,0.0,0.0,0.0,0.0,0.0,0.0
2014-10-18,0.0,0.0,0.0,0.0,0.0,0.0,0.0,0.0
2014-10-19,0.0,0.0,0.0,0.0,0.0,0.0,0.0,0.0
2014-10-20,0.0,0.0,0.0,0.0,0.0,0.0,0.0,0.0
2014-10-21,0.0,0.0,0.0,0.0,0.0,0.0,0.0,0.0
2014-10-22,0.0,0.0,0.0,0.0,0.0,0.0,0.0,0.0
2014-10-23,0.0,0.0,0.0,0.0,0.0,0.0,0.0,0.0
2014-10-24,0.0,0.0,0.0,0.0,0.0,0.0,0.0,0.0
2014-10-25,0.0,0.0,0.0,0.0,0.0,0.0,0.0,0.0
2014-10-26,0.06185567,0.0,0.016666668,1.3709677,0.0,0.0,0.0,0.06849315
2014-10-27,0.05154639,0.0,0.016666668,1.2903225,0.0,0.0,0.0,0.0
2014-10-28,0.020618556,0.0,0.016666668,1.1451613,0.0,0.0,0.0,0.0
2014-10-29,0.0,0.0,0.0,0.58064514,0.0,0.0,0.0,0.0
2014-10-30,0.0,0.0,0.0,0.06451613,0.0,0.0,0.0,0.0
2014-10-31,0.0,0.0,0.0,0.0,0.0,0.0,0.0,0.0
2014-11-01,0.24742268,4.1829267,13.1,0.0,6.056452,2.7285714,13.123712,0.3561644
2014-11-02,6.113402,9.060976,15.4,0.82258064,16.338709,7.785714,15.329897,1.8630137
2014-11-03,5.2061853,9.097561,14.95,0.88709676,16.258064,7.5,15.092784,1.6438357
2014-11-04,4.061856,9.012196,14.45,0.2580645,15.846774,6.4857144,14.752578,1.4520547
2014-11-05,0.82474226,7.195122,15.416667,0.0,15.209678,3.142857,13.216495,0.4520548
2014-11-06,0.0,5.585366,8.6,0.0,11.41129,1.1,7.484536,0.0
2014-11-07,0.0,5.3170733,3.3,0.0,7.41129,0.1,2.556701,0.0
2014-11-08,0.0,3.695122,0.68333334,0.0,4.096774,0.0,0.24742268,0.0
2014-11-09,0.0,2.378049,0.0,0.0,1.6129032,0.0,0.0,0.0
2014-11-10,0.0,1.5731708,0.0,0.0,0.87096775,0.0,0.0,0.0
2014-11-11,0.0,1.195122,0.0,0.0,0.58870965,0.0,0.0,0.0
2014-11-12,0.0,1.195122,0.0,0.0,0.58064514,0.0,0.0,0.0
2014-11-13,0.0,1.195122,0.31666666,0.4032258,0.58064514,0.0,0.0927835,0.0
2014-11-14,0.2783505,1.2195122,4.5666666,0.4032258,4.08871,2.5,4.4226804,0.5890411
2014-11-15,0.19587629,1.195122,3.5833333,0.27419356,3.9274194,2.3,5.061856,0.42465752
2014-11-16,0.19587629,1.195122,3.5166667,0.2580645,3.9274194,2.1857142,4.443299,0.32876712
2014-11-17,0.21649484,1.195122,3.4166667,0.22580644,3.887097,1.7428571,4.6185565,0.32876712
2014-11-18,0.082474224,1.1585366,3.0,0.17741935,3.6935484,2.1857142,4.5360823,0.12328767
2014-11-19,0.030927835,1.3170732,2.9166667,0.09677419,3.75,2.1857142,4.628866,0.02739726
2014-11-20,0.082474224,1.3170732,3.0333333,2.451613,3.9274194,2.3,5.082474,0.08219178
2014-11-21,1.6701031,4.256098,7.7166667,5.806452,5.83871,3.6857142,8.670103,4.4383564
2014-11-22,2.9072165,4.231707,8.15,8.451612,5.709677,4.4857144,10.360825,6.287671
2014-11-23,7.804124,4.4512196,10.633333,12.693548,7.895161,11.071428,21.680412,10.890411
2014-11-24,7.0515466,4.195122,11.05,13.290322,8.16129,12.342857,21.56701,10.2739725
2014-11-25,7.1752577,4.02439,11.816667,12.419354,8.387096,12.085714,21.57732,8.69863
2014-11-26,4.546392,2.7682927,8.516666,9.4838705,5.927419,10.7,18.649485,4.9863014
2014-11-27,1.5463917,1.9146341,5.9,6.919355,2.9274194,7.9142857,14.412371,2.260274
2014-11-28,0.46391752,1.3536586,3.75,5.677419,1.4112903,5.2,10.237113,0.98630136
2014-11-29,0.9072165,1.3170732,3.0333333,10.241936,1.2419355,3.9285715,8.525773,3.1369863
2014-11-30,14.515464,1.3170732,4.366667,21.774193,1.2419355,12.557143,23.608248,12.767123
2014-12-01,21.061855,1.2804878,6.4,27.370968,1.2419355,17.828571,33.96907,18.054794
2014-12-02,21.195877,1.2926829,6.7166667,25.935484,1.2419355,18.057142,34.98969,16.726027
2014-12-03,26.103092,26.121952,24.733334,35.451614,32.39516,33.714287,54.927834,26.657534
2014-12-04,31.649485,26.390244,31.733334,48.580647,36.70968,58.442856,77.0,53.08219
2014-12-05,32.216496,26.621952,32.016666,41.032257,37.653225,59.0,78.298965,53.945206
2014-12-06,31.092783,26.54878,35.216667,38.16129,38.620968,58.985714,78.608246,54.28767
2014-12-07,29.453608,26.207317,32.066666,39.79032,38.564518,57.885715,79.27835,53.08219
2014-12-08,28.43299,25.524391,30.983334,39.403225,37.846775,58.271427,79.09278,51.69863
2014-12-09,27.319588,24.365854,29.983334,35.69355,37.26613,58.114285,79.31959,51.657536
2014-12-10,28.28866,23.073172,28.983334,37.16129,36.612904,56.814285,79.16495,50.10959
2014-12-11,27.58763,22.268293,29.383333,36.225807,36.225807,56.414288,81.12371,48.50685
2014-12-12,50.319588,28.524391,47.7,102.258064,45.274193,66.11429,99.71134,92.87671
2014-12-13,60.59794,64.414635,61.183334,96.870964,74.870964,86.21429,110.81443,98.671234
2014-12-14,60.618557,64.756096,61.716667,99.758064,77.46774,85.97143,110.38145,98.64384
2014-12-15,60.917526,64.80488,61.483334,97.20968,77.629036,89.21429,109.793816,98.904106
2014-12-16,67.81443,69.02439,78.71667,113.129036,90.71774,94.48572,120.30928,115.863014
2014-12-17,76.84536,75.04878,85.11667,126.08064,100.33064,103.814285,128.18556,134.27397
2014-12-18,81.01031,78.28049,85.98333,135.46774,102.80645,107.557144,129.79381,144.16438
2014-12-19,81.298965,78.52439,85.23333,139.93549,103.08064,108.15714,130.28867,144.9452
2014-12-20,99.78351,78.47561,88.3,159.08064,103.17742,125.7,139.64949,165.60274
2014-12-21,106.948456,78.39024,90.75,164.33871,106.16936,137.42857,145.39175,170.12329
2014-12-22,103.91753,77.756096,92.666664,152.82259,107.814514,138.27142,144.24742,167.38356
2014-12-23,101.453606,77.68293,92.55,151.04839,107.16936,137.3,142.71133,165.31506
2014-12-24,100.608246,75.585365,94.416664,147.93549,108.3629,134.57143,142.7629,163.49315
2014-12-25,109.91753,84.19512,100.066666,152.45161,113.354836,140.55714,149.82474,171.9863
2014-12-26,108.57732,83.85366,99.26667,153.29033,111.69355,140.57143,143.37114,173.0685
2014-12-27,108.65979,84.0,101.683334,153.09677,113.008064,139.5,142.69072,174.34247
2014-12-28,108.64948,83.84146,102.76667,164.2742,113.08871,140.48572,142.36082,174.53424
2014-12-29,109.206184,83.756096,102.98333,157.1129,113.629036,139.55714,142.65979,177.24658
2014-12-30,109.206184,83.01219,104.8,162.08064,113.379036,139.17143,141.65979,177.45206
2014-12-31,108.64948,84.13415,102.583336,162.85484,113.741936,135.01428,140.24742,171.20547
2015-01-01,108.12371,83.82927,100.86667,163.75807,113.5,133.88571,138.79381,169.67123
2015-01-02,110.31959,83.45122,99.333336,156.3871,113.71774,136.28572,139.42268,179.9315
2015-01-03,107.15464,83.914635,98.8,157.17741,114.73387,136.07143,140.20619,170.60274
2015-01-04,106.948456,83.53658,99.21667,159.7258,115.94355,136.54286,140.92784,171.82191
2015-01-05,106.13402,81.597565,99.166664,158.8871,116.854836,134.82857,139.48454,171.65753
2015-01-06,103.34021,77.060974,96.38333,166.5,115.65323,133.88571,137.26804,168.21918
2015-01-07,96.948456,71.28049,89.8,166.90323,110.96774,128.22858,134.30928,164.84932
2015-01-08,90.19588,66.37805,86.13333,165.46774,106.51613,122.88571,133.98969,159.34247
2015-01-09,83.4433,63.52439,83.28333,152.93549,103.241936,118.75714,134.59793,152.09589
2015-01-10,78.57732,62.292683,84.1,150.79033,101.94355,115.37143,136.50516,147.65753
2015-01-11,73.546394,61.73171,87.0,148.32259,101.435486,112.77143,138.03093,144.0137
2015-01-12,70.09278,62.463413,87.933334,152.0,100.79032,110.78571,139.70103,141.89041
2015-01-13,68.31959,62.743904,88.7,155.8871,100.758064,110.02857,139.97939,140.23288
2015-01-14,67.86598,61.963413,87.65,143.45161,100.66129,108.314285,139.58763,140.15068
2015-01-15,65.25773,61.82927,86.96667,143.30646,100.33871,107.27143,140.05154,138.58904
2015-01-16,62.24742,62.134148,89.23333,138.0,99.508064,106.27143,142.93814,135.89041
2015-01-17,60.226803,62.085365,90.53333,135.95161,98.08064,104.48572,146.71133,132.61644
2015-01-18,55.257732,60.26829,90.98333,142.25807,96.04032,101.8,149.10309,128.71233
2015-01-19,50.762886,58.451218,91.03333,133.70967,94.314514,99.61429,146.91753,126.9726
2015-01-20,47.773197,58.182926,92.45,122.048386,93.21774,98.25714,145.51546,123.0685
2015-01-21,46.412373,57.73171,91.96667,121.01613,93.07258,97.64286,144.81444,118.64384
2015-01-22,45.762886,57.719513,92.36667,136.14516,92.83871,96.51428,144.6701,116.49315
2015-01-23,44.57732,57.365852,92.46667,133.96774,92.798386,94.87143,143.25774,115.178085
2015-01-24,43.103092,56.987804,93.25,130.58064,92.66129,93.98572,142.62886,112.19178
2015-01-25,40.15464,55.756096,91.083336,108.90323,89.241936,92.51428,140.06186,106.671234
2015-01-26,35.28866,53.890244,88.1,114.90323,84.52419,88.35714,137.0,103.246574
2015-01-27,31.41237,54.048782,86.36667,108.40323,83.3871,85.671425,136.59793,97.287674
2015-01-28,32.886597,55.256096,92.3,107.354836,88.65323,88.42857,139.29897,93.83562
2015-01-29,32.12371,55.146343,91.76667,105.629036,88.895164,88.74286,138.87628,96.30137
2015-01-30,30.979382,54.585365,90.85,105.80645,91.451614,88.51428,138.50516,92.58904
2015-01-31,30.381443,54.621952,90.6,108.01613,91.57258,88.042854,138.35051,90.69863
2015-02-01,28.958763,51.914635,88.6,103.17742,90.83871,87.11429,137.28867,88.21918
2015-02-02,27.340206,52.82927,85.433334,91.41936,89.201614,86.557144,136.05154,83.821915
2015-02-03,26.319588,52.42683,82.416664,85.48387,87.07258,85.28571,135.08247,82.87671
2015-02-04,24.907217,51.47561,78.63333,87.6129,85.129036,84.08572,133.52577,79.58904
2015-02-05,23.12371,50.73171,73.35,90.41936,82.03226,82.72857,131.17526,76.16438
2015-02-06,21.762886,49.69512,69.25,80.3871,78.3629,81.22857,129.53609,72.26028
2015-02-07,50.12371,53.80488,97.11667,113.16129,87.120964,109.27143,164.95876,124.753426
2015-02-08,63.835052,71.04878,110.1,104.98387,109.935486,130.87143,188.20619,123.41096
2015-02-09,93.02062,79.0,141.61667,107.66129,134.09677,162.68571,216.87628,139.84932
2015-02-10,103.608246,77.79269,138.33333,101.30645,134.45967,165.9,218.13402,148.67123
2015-02-11,102.42268,72.48781,123.86667,102.451614,133.83871,164.85715,210.58763,144.52055
2015-02-12,98.73196,75.30488,121.183334,97.58064,132.6129,162.92857,206.26804,138.863
2015-02-13,89.453606,73.768295,114.3,91.30645,127.58064,155.72858,200.86598,130.0274
2015-02-14,79.484535,71.39024,107.38333,85.645164,121.82258,146.2,197.85567,123.49315
2015-02-15,70.72165,68.37805,110.4,86.70968,123.951614,139.84285,202.3299,116.520546
2015-02-16,62.340206,65.585365,109.15,88.69355,122.129036,135.18571,207.03093,109.57534
2015-02-17,55.70103,62.92683,100.316666,84.80645,117.758064,130.72858,206.86598,101.712326
2015-02-18,50.195877,60.939026,93.916664,82.27419,115.69355,127.84286,206.20619,95.438354
2015-02-19,45.072166,58.69512,87.13333,78.09677,111.370964,124.85714,201.62886,87.91781
2015-02-20,41.70103,56.42683,83.98333,73.90323,109.16129,120.91428,198.31958,83.89041
2015-02-21,39.463917,55.280487,82.51667,73.82258,108.22581,116.557144,196.43298,82.21918
2015-02-22,38.670105,55.243904,82.166664,68.90323,108.51613,115.685715,195.34021,80.45206
2015-02-23,35.742268,77.20731,80.4,56.79032,107.07258,113.87143,193.80412,80.0685
2015-02-24,36.082474,84.28049,82.183334,49.5,109.34677,117.08572,195.92784,78.46575
2015-02-25,38.5567,84.37805,84.23333,66.645164,108.16129,117.72857,195.61856,77.80822
2015-02-26,37.360825,83.0,78.1,60.79032,106.120964,115.64286,191.87628,75.50685
2015-02-27,36.587627,80.48781,82.21667,60.98387,107.548386,109.24286,189.16495,73.58904
2015-02-28,49.71134,80.402435,82.2,49.951614,108.21774,114.828575,190.98969,84.287674
2015-03-01,60.45361,77.02439,84.3,57.612904,111.83871,119.34286,193.04124,93.369865
2015-03-02,60.319588,79.60976,87.75,57.403225,114.53226,121.671425,196.81444,90.20548
2015-03-03,61.26804,84.060974,93.3,45.83871,120.77419,124.51428,198.85567,90.21918
2015-03-04,60.73196,84.10976,93.3,56.467743,120.77419,126.62857,200.21649,88.369865
2015-03-05,59.494846,83.68293,91.28333,55.870968,120.104836,127.52857,200.49484,80.26028
2015-03-06,56.783504,81.02439,97.96667,54.741936,119.22581,126.057144,205.69072,76.78082
2015-03-07,49.484535,76.64634,91.63333,48.677418,115.685486,120.814285,203.42268,62.0
2015-03-08,43.17526,73.78049,84.96667,53.16129,113.798386,112.542854,196.68042,57.08219
2015-03-09,39.14433,71.37805,82.0,53.80645,111.59677,106.15714,191.65979,52.876713
2015-03-10,34.87629,72.30488,79.71667,56.629032,115.16129,99.61429,188.7732,46.52055
2015-03-11,31.43299,69.69512,76.96667,53.629032,113.20968,95.4,183.90721,41.36986
2015-03-12,30.804123,69.68293,77.5,55.677418,109.54032,95.35714,186.41237,40.410957
2015-03-13,29.257732,69.35366,76.28333,52.741936,113.548386,95.34286,185.47423,36.547947
2015-03-14,25.226805,66.82927,71.86667,48.967743,111.72581,99.557144,181.09279,35.136986
2015-03-15,20.020618,62.146343,66.01667,44.919353,106.6129,91.22857,169.40207,31.643835
2015-03-16,16.628866,57.256096,61.1,42.322582,101.758064,84.1,155.72165,25.013699
2015-03-17,14.123712,54.19512,57.5,41.064518,96.048386,86.11429,153.75258,19.986301
2015-03-18,13.154639,53.743904,56.416668,39.677418,94.75,82.74286,151.1134,18.068493
2015-03-19,12.082474,53.621952,55.666668,37.79032,93.97581,80.314285,149.40207,16.31507
2015-03-20,10.391752,52.109756,52.683334,34.725807,91.814514,74.72857,144.86598,13.808219
2015-03-21,9.051546,50.17073,51.0,32.83871,90.01613,69.957146,141.0,11.972603
2015-03-22,8.257732,49.59756,50.166668,31.306452,89.16936,67.2,138.92784,10.876713
2015-03-23,8.474227,49.32927,51.3,36.16129,89.41129,66.21429,141.03093,13.315068
2015-03-24,10.381443,49.158535,51.166668,39.322582,89.20968,68.185715,142.26804,12.657535
2015-03-25,9.103093,48.82927,51.0,38.774193,89.258064,66.47143,141.50516,13.917809
2015-03-26,8.195876,47.890244,49.45,30.85484,88.20968,64.57143,138.35051,10.575342
2015-03-27,6.195876,45.012196,45.166668,29.016129,84.798386,58.142857,126.74227,8.123287
2015-03-28,4.742268,41.0,40.116665,26.048388,79.28226,51.45714,109.19588,6.150685
2015-03-29,3.402062,35.048782,36.033333,23.741936,75.57258,46.4,95.12371,5.109589
2015-03-30,2.5463917,33.82927,32.466667,20.709677,72.19355,42.728573,88.75258,4.0410957
2015-03-31,1.7422681,31.804878,28.833334,18.048388,66.83064,37.0,81.93814,2.9863014
2015-04-01,1.6597939,31.560976,28.45,17.758064,66.41129,35.914288,81.03093,2.8219178
2015-04-02,1.6907216,31.5,28.466667,17.596775,66.33064,36.157143,81.02062,2.7260275
2015-04-03,1.6907216,27.731707,28.45,17.483871,65.91936,36.157143,81.02062,2.7260275
2015-04-04,1.6597939,30.182926,28.483334,16.774193,65.879036,34.07143,81.19588,2.6575344
2015-04-05,1.5567011,29.804878,28.383333,16.387096,65.91129,32.74286,81.02062,2.5616438
2015-04-06,10.865979,29.121952,34.133335,25.016129,65.951614,39.45714,93.92783,15.383562
2015-04-07,12.505155,28.817074,34.066666,26.709677,65.604836,38.528572,91.46392,14.972603
2015-04-08,30.525774,37.52439,50.333332,42.725807,80.241936,70.328575,118.206184,28.205479
2015-04-09,29.56701,34.682926,51.166668,43.467743,78.80645,72.74286,118.051544,27.041096
2015-04-10,24.072165,34.17073,51.566666,35.725807,76.6371,70.2,116.80412,21.49315
2015-04-11,15.907216,32.560974,50.683334,22.967741,73.54032,64.21429,120.97938,14.027397
2015-04-12,9.134021,26.658537,42.116665,16.338709,69.57258,54.557144,119.56701,6.3013697
2015-04-13,4.134021,31.109756,30.4,16.564516,71.33064,45.185715,106.43299,2.630137
2015-04-14,2.5463917,29.231707,32.4,15.82258,65.895164,41.37143,101.50516,2.3972602
2015-04-15,2.4329896,28.59756,30.716667,15.629032,61.919353,40.54286,101.28866,2.3972602
2015-04-16,2.6597939,27.195122,30.733334,15.32258,46.814518,33.54286,97.81443,2.328767
2015-04-17,2.2061856,25.487804,30.283333,13.596774,46.322582,36.42857,99.85567,2.0684931
2015-04-18,1.4948454,25.073172,28.1,11.951612,46.629032,32.04286,93.329895,1.5479453
2015-04-19,1.1649485,24.085365,25.066668,10.580646,45.241936,30.285715,87.1134,1.2328767
2015-04-20,0.7938144,22.170732,22.283333,9.290322,45.870968,25.257143,80.515465,0.89041096
2015-04-21,0.62886596,20.512196,19.466667,7.903226,44.653225,23.314285,72.52577,0.53424656
2015-04-22,0.48453608,20.40244,18.0,6.919355,43.564518,23.957144,67.58763,0.24657534
2015-04-23,0.371134,20.45122,17.666666,6.516129,51.282257,22.542856,66.09278,0.02739726
2015-04-24,0.2783505,21.182926,18.016666,6.225806,52.814518,21.285715,65.360825,0.0
2015-04-25,10.804124,20.256098,20.733334,11.145162,49.48387,29.385714,67.92783,6.0410957
2015-04-26,23.86598,25.414635,43.616665,10.16129,74.65323,46.45714,93.53608,8.150685
2015-04-27,15.680412,20.292683,37.95,6.725806,71.241936,43.54286,89.31959,2.6164384
2015-04-28,6.061856,20.0,27.133333,5.903226,65.59677,32.842857,90.41237,0.20547946
2015-04-29,0.88659793,20.256098,20.366667,5.274194,60.435482,24.842857,71.35052,0.0
2015-04-30,0.12371134,18.573172,16.75,4.7419353,51.862904,20.528572,62.896908,0.0
2015-05-01,0.0,16.5,14.016666,4.129032,46.677418,18.22857,56.628864,0.0
2015-05-02,0.0,15.426829,11.65,3.3709676,42.29032,15.7,49.73196,0.0
2015-05-03,0.0,14.609756,10.1,2.7258065,38.85484,13.614285,43.082474,0.0
2015-05-04,0.0,14.256098,9.1,2.1451614,36.741936,11.8714285,38.391754,0.0
2015-05-05,0.0,14.097561,8.25,1.6290323,35.54032,10.428572,34.71134,0.0
2015-05-06,0.0,14.134147,7.616667,1.2741935,34.782257,9.671429,32.041237,0.0
2015-05-07,0.0,14.146341,7.5666666,1.0967742,34.741936,9.557143,31.670103,0.0
2015-05-08,6.14433,11.914634,20.033333,0.983871,33.48387,35.75714,52.24742,0.24657534
2015-05-09,3.4536083,12.658537,20.65,0.66129035,37.072582,34.74286,58.484535,0.0
2015-05-10,0.88659793,12.536586,16.266666,0.20967741,29.951612,23.857143,50.536083,0.0
2015-05-11,0.05154639,14.390244,12.783334,0.0,32.26613,16.942858,36.17526,0.0
2015-05-12,0.0,14.47561,9.466666,0.0,37.072582,16.942858,42.773197,0.0
2015-05-13,0.0,14.439024,9.266666,1.5,36.33871,14.6,42.42268,0.0
2015-05-14,0.0,14.439024,9.283334,0.38709676,36.33871,12.785714,42.195877,0.0
2015-05-15,0.78350514,14.439024,10.55,0.16129032,28.330645,17.114286,45.340206,0.0
2015-05-16,2.9381444,15.963414,11.966666,0.2580645,29.451612,19.942858,49.5567,1.0136986
2015-05-17,1.6391753,16.09756,10.4,0.0,27.540323,17.114286,37.391754,0.1780822
2015-05-18,1.2783505,16.04878,10.866667,0.0,29.580645,16.928572,46.649483,0.0
2015-05-19,0.91752577,16.963415,11.233334,0.0,30.725807,19.428572,38.73196,0.0
2015-05-20,0.40206185,17.634146,12.983334,0.0,31.185484,19.2,49.360825,0.0
2015-05-21,0.06185567,17.90244,11.816667,0.0,32.467743,17.542856,46.690723,0.0
2015-05-22,0.06185567,18.390244,12.75,0.0,32.91129,17.114286,48.072166,0.0
2015-05-23,0.0,19.329268,13.416667,0.0,34.25,17.4,48.26804,0.0
2015-05-24,0.0,19.926828,13.25,0.0,38.508064,16.457144,47.40206,0.0
2015-05-25,0.0,19.280487,11.05,0.0,39.75,13.671429,45.0,0.0
2015-05-26,0.0,19.341463,9.316667,0.0,39.10484,11.8,38.195877,0.0
2015-05-27,0.0,19.487804,7.8166666,0.0,38.346775,9.8714285,31.628866,0.0
2015-05-28,0.0,17.353659,6.0833335,0.0,34.217743,8.271428,26.164948,0.0
2015-05-29,0.0,15.54878,4.1,0.0,29.532259,6.4428573,20.762886,0.0
2015-05-30,0.0,14.0,2.5666666,0.0,24.661291,4.3142858,14.721649,0.0
2015-05-31,0.0,16.426828,2.0166667,0.0,18.653225,1.9142857,8.876288,0.0
2015-06-01,0.0,13.939024,1.6,0.0,14.83871,0.64285713,5.5051546,0.0
2015-06-02,0.0,12.719512,1.4666667,0.0,13.491936,0.21428572,4.3608246,0.0
2015-06-03,0.0,11.939024,1.3166667,0.0,12.137096,0.0,3.4123712,0.0
2015-06-04,0.0,11.195122,1.1666666,0.0,10.604838,0.0,2.5257733,0.0
2015-06-05,0.0,10.97561,1.1666666,0.0,10.41129,0.0,2.1752577,0.0
2015-06-06,0.0,10.829268,0.8666667,0.0,8.540322,0.0,1.628866,0.0
2015-06-07,0.0,10.353659,0.8833333,0.0,8.774194,0.0,1.1649485,0.0
2015-06-08,0.0,9.414634,0.53333336,0.0,6.790323,0.0,0.52577317,0.0
2015-06-09,0.0,7.3536587,0.0,0.0,3.717742,0.0,0.12371134,0.0
2015-06-10,0.0,6.243902,0.0,0.0,2.403226,0.0,0.0,0.0
2015-06-11,0.0,5.5731707,0.0,0.0,2.112903,0.0,0.0,0.0
2015-06-12,0.0,4.695122,0.0,0.0,1.548387,0.0,0.0,0.0
2015-06-13,0.0,3.4634147,0.0,0.0,0.7822581,0.0,0.0,0.0
2015-06-14,0.0,2.0609756,0.0,0.0,0.2983871,0.0,0.0,0.0
2015-06-15,0.0,0.91463417,0.0,0.0,0.0,0.0,0.0,0.0
2015-06-16,0.0,0.7195122,0.0,0.0,0.0,0.0,0.0,0.0
2015-06-17,0.0,0.37804878,0.0,0.0,0.0,0.0,0.0,0.0
2015-06-18,0.0,0.036585364,0.0,0.0,0.0,0.0,0.0,0.0
2015-06-19,0.0,0.0,0.0,0.0,0.0,0.0,0.0,0.0
2015-06-20,0.0,0.0,0.0,0.0,0.0,0.0,0.0,0.0
2015-06-21,0.0,0.0,0.0,0.0,0.0,0.0,0.0,0.0
2015-06-22,0.0,0.0,0.0,0.0,0.0,0.0,0.0,0.0
2015-06-23,0.0,0.0,0.0,0.0,0.0,0.0,0.0,0.0
2015-06-24,0.0,0.0,0.0,0.0,0.0,0.0,0.0,0.0
2015-06-25,0.0,0.0,0.0,0.0,0.0,0.0,0.0,0.0
2015-06-26,0.0,0.0,0.0,0.0,0.0,0.0,0.0,0.0
2015-06-27,0.0,0.0,0.0,0.0,0.0,0.0,0.0,0.0
2015-06-28,0.0,0.0,0.0,0.0,0.0,0.0,0.0,0.0
2015-06-29,0.0,0.0,0.0,0.0,0.0,0.0,0.0,0.0
2015-06-30,0.0,0.0,0.0,0.0,0.0,0.0,0.0,0.0
2015-07-01,0.0,0.0,0.0,0.0,0.0,0.0,0.0,0.0
2015-07-02,0.0,0.0,0.0,0.0,0.0,0.0,0.0,0.0
2015-07-03,0.0,0.0,0.0,0.0,0.0,0.0,0.0,0.0
2015-07-04,0.0,0.0,0.0,0.0,0.0,0.0,0.0,0.0
2015-07-05,0.0,0.0,0.0,0.0,0.0,0.0,0.0,0.0
2015-07-06,0.0,0.0,0.0,0.0,0.0,0.0,0.0,0.0
2015-07-07,0.0,0.0,0.0,0.0,0.0,0.0,0.0,0.0
2015-07-08,0.0,0.0,0.0,0.0,0.0,0.0,0.0,0.0
2015-07-09,0.0,0.0,0.0,0.0,0.0,0.0,0.0,0.0
2015-07-10,0.0,0.30487806,0.06666667,0.0,1.6935484,0.0,0.010309278,0.0
2015-07-11,0.0,0.14634146,0.0,0.0,1.0,0.0,0.0,0.0
2015-07-12,0.0,0.0,0.0,0.0,0.20967741,0.0,0.0,0.0
2015-07-13,0.0,0.0,0.0,0.0,0.0,0.0,0.0,0.0
2015-07-14,0.0,0.0,0.0,0.0,0.0,0.0,0.0,0.0
2015-07-15,0.0,0.0,0.0,0.0,0.0,0.0,0.0,0.0
2015-07-16,0.0,0.0,0.0,0.0,0.0,0.0,0.0,0.0
2015-07-17,0.0,0.0,0.0,0.0,0.0,0.0,0.0,0.0
2015-07-18,0.0,0.0,0.0,0.0,0.0,0.0,0.0,0.0
2015-07-19,0.0,0.0,0.0,0.0,0.0,0.0,0.0,0.0
2015-07-20,0.0,0.0,0.0,0.0,0.0,0.0,0.0,0.0
2015-07-21,0.0,0.0,0.0,0.0,0.0,0.0,0.0,0.0
2015-07-22,0.0,0.0,0.0,0.0,0.0,0.0,0.0,0.0
2015-07-23,0.0,0.0,0.0,0.0,0.0,0.0,0.0,0.0
2015-07-24,0.0,0.0,0.0,0.0,0.0,0.0,0.0,0.0
2015-07-25,0.0,0.0,0.0,0.0,0.0,0.0,0.0,0.0
2015-07-26,0.0,0.0,0.0,0.0,0.0,0.0,0.0,0.0
2015-07-27,0.0,0.0,0.0,0.0,0.0,0.0,0.0,0.0
2015-07-28,0.0,0.0,0.0,0.0,0.0,0.0,0.0,0.0
2015-07-29,0.0,0.0,0.0,0.0,0.0,0.0,0.0,0.0
2015-07-30,0.0,0.0,0.0,0.0,0.0,0.0,0.0,0.0
2015-07-31,0.0,0.0,0.0,0.0,0.0,0.0,0.0,0.0
2015-08-01,0.0,0.0,0.0,0.0,0.0,0.0,0.0,0.0
2015-08-02,0.0,0.0,0.0,0.0,0.0,0.0,0.0,0.0
2015-08-03,0.0,0.0,0.0,0.0,0.0,0.0,0.0,0.0
2015-08-04,0.0,0.0,0.0,0.0,0.0,0.0,0.0,0.0
2015-08-05,0.0,0.0,0.0,0.0,0.0,0.0,0.0,0.0
2015-08-06,0.0,0.0,0.0,0.0,0.0,0.0,0.0,0.0
2015-08-07,0.0,0.0,0.0,0.0,0.0,0.0,0.0,0.0
2015-08-08,0.0,0.0,0.0,0.0,0.0,0.0,0.0,0.0
2015-08-09,0.0,0.0,0.0,0.0,0.0,0.0,0.0,0.0
2015-08-10,0.0,0.0,0.0,0.0,0.0,0.0,0.0,0.0
2015-08-11,0.0,0.0,0.0,0.0,0.0,0.0,0.0,0.0
2015-08-12,0.0,0.0,0.0,0.0,0.0,0.0,0.0,0.0
2015-08-13,0.0,0.0,0.0,0.0,0.0,0.0,0.0,0.0
2015-08-14,0.0,0.0,0.0,0.0,0.0,0.0,0.0,0.0
2015-08-15,0.0,0.0,0.0,0.0,0.0,0.0,0.0,0.0
2015-08-16,0.0,0.0,0.0,0.0,0.0,0.0,0.0,0.0
2015-08-17,0.0,0.0,0.0,0.0,0.0,0.0,0.0,0.0
2015-08-18,0.0,0.0,0.0,0.0,0.0,0.0,0.0,0.0
2015-08-19,0.0,0.0,0.0,0.0,0.0,0.0,0.0,0.0
2015-08-20,0.0,0.0,0.0,0.0,0.0,0.0,0.0,0.0
2015-08-21,0.0,0.0,0.0,0.0,0.0,0.0,0.0,0.0
2015-08-22,0.0,0.0,0.0,0.0,0.0,0.0,0.0,0.0
2015-08-23,0.0,0.0,0.0,0.0,0.0,0.0,0.0,0.0
2015-08-24,0.0,0.0,0.0,0.0,0.0,0.0,0.0,0.0
2015-08-25,0.0,0.0,0.0,0.0,0.0,0.0,0.0,0.0
2015-08-26,0.0,0.0,0.0,0.0,0.0,0.0,0.0,0.0
2015-08-27,0.0,0.0,0.0,0.0,0.0,0.0,0.0,0.0
2015-08-28,0.0,0.0,0.0,0.0,0.0,0.0,0.0,0.0
2015-08-29,0.0,0.0,0.0,0.0,0.0,0.0,0.0,0.0
2015-08-30,0.0,0.0,0.0,0.0,0.0,0.0,0.0,0.0
2015-08-31,0.0,0.0,0.0,0.0,0.0,0.0,0.0,0.0
2015-09-01,0.0,0.0,0.0,0.0,0.0,0.0,0.0,0.0
2015-09-02,0.0,0.0,0.0,0.0,0.0,0.0,0.0,0.0
2015-09-03,0.0,0.0,0.0,0.0,0.0,0.0,0.0,0.0
2015-09-04,0.0,0.0,0.0,0.0,0.0,0.0,0.0,0.0
2015-09-05,0.0,0.0,0.0,0.0,0.0,0.0,0.0,0.0
2015-09-06,0.0,0.0,0.0,0.0,0.0,0.0,0.0,0.0
2015-09-07,0.0,0.0,0.0,0.0,0.0,0.0,0.0,0.0
2015-09-08,0.0,0.0,0.0,0.0,0.0,0.0,0.0,0.0
2015-09-09,0.0,0.0,0.0,0.0,0.0,0.0,0.0,0.0
2015-09-10,0.0,0.0,0.0,0.0,0.0,0.0,0.0,0.0
2015-09-11,0.0,0.0,0.0,0.0,0.0,0.0,0.0,0.0
2015-09-12,0.0,0.0,0.0,0.0,0.0,0.0,0.0,0.0
2015-09-13,0.0,0.0,0.0,0.0,0.0,0.0,0.0,0.0
2015-09-14,0.0,0.0,0.0,0.0,0.0,0.0,0.0,0.0
2015-09-15,0.0,0.0121951215,0.0,0.0,0.11290322,0.0,0.0,0.0
2015-09-16,0.0,0.024390243,0.016666668,0.0,0.5241935,0.0,0.0,0.0
2015-09-17,0.0,0.0121951215,0.016666668,0.88709676,0.44354838,0.0,0.0,0.0
2015-09-18,0.0,0.024390243,0.0,0.0,0.4032258,0.0,0.0,0.0
2015-09-19,0.0,0.0,0.0,0.0,0.048387095,0.0,0.0,0.0
2015-09-20,0.0,0.0,0.0,0.0,0.0,0.0,0.0,0.0
2015-09-21,0.0,0.0,0.0,0.0,0.0,0.0,0.0,0.0
2015-09-22,0.0,0.0,0.0,0.0,0.0,0.0,0.0,0.0
2015-09-23,0.0,0.0,0.0,0.0,0.0,0.0,0.0,0.0
2015-09-24,0.0,0.0,0.0,0.0,0.0,0.0,0.0,0.0
2015-09-25,0.0,0.0,0.0,0.0,0.0,0.0,0.0,0.0
2015-09-26,0.0,0.0,0.0,0.0,0.0,0.0,0.0,0.0
2015-09-27,0.0,0.0,0.0,0.0,0.0,0.0,0.0,0.0
2015-09-28,0.0,0.0,0.0,0.0,0.0,0.0,0.0,0.0
2015-09-29,0.0,0.0,0.0,0.0,0.0,0.0,0.0,0.0
2015-09-30,0.0,0.0,0.0,0.0,0.0,0.0,0.0,0.0
2015-10-01,0.0,0.0,0.0,0.0,0.0,0.0,0.0,0.0
2015-10-02,0.0,0.0,0.28333333,0.0,0.048387095,0.057142857,0.17525773,0.0
2015-10-03,0.0,0.0,0.033333335,0.0,0.008064516,0.0,0.0,0.0
2015-10-04,0.0,0.0,0.0,0.0,0.0,0.0,0.0,0.0
2015-10-05,0.0,6.6585364,0.0,0.0,0.3548387,0.042857144,0.26804122,0.0
2015-10-06,0.0,6.304878,0.0,0.0,0.2580645,0.0,0.10309278,0.0
2015-10-07,0.0,3.7804878,0.0,0.0,0.07258064,0.0,0.0,0.0
2015-10-08,0.0,0.7195122,0.0,0.0,0.0,0.0,0.0,0.0
2015-10-09,0.0,0.0,0.0,0.0,0.0,0.0,0.0,0.0
2015-10-10,0.0,0.0,0.0,0.0,0.0,0.0,0.0,0.0
2015-10-11,0.0,0.0,0.0,0.0,0.0,0.0,0.0,0.0
2015-10-12,0.0,0.0,0.0,0.0,0.0,0.0,0.0,0.0
2015-10-13,0.0,0.0,0.0,0.0,0.0,0.0,0.0,0.0
2015-10-14,0.0,0.0,0.0,0.0,0.0,0.0,0.0,0.0
2015-10-15,0.0,0.0,0.0,0.0,0.0,0.0,0.0,0.0
2015-10-16,0.0,0.6585366,0.0,0.0,0.0,0.0,0.0,0.0
2015-10-17,0.0,0.6219512,0.0,0.0,0.0,0.0,0.0,0.0
2015-10-18,0.0,0.8292683,6.5833335,0.0,0.22580644,0.08571429,6.587629,0.0
2015-10-19,0.0,2.9390244,8.033334,0.0,4.927419,0.071428575,7.7731957,0.0
2015-10-20,0.0,2.987805,7.3166666,0.0,4.4919353,0.014285714,6.9690723,0.0
2015-10-21,0.0,2.8536584,6.116667,0.0,4.25,0.0,5.989691,0.0
2015-10-22,0.0,2.0365853,4.8166666,0.0,3.435484,0.0,4.886598,0.0
2015-10-23,0.0,1.6463414,2.9833333,0.0,2.298387,0.0,3.4123712,0.0
2015-10-24,0.0,1.304878,1.3833333,0.0,1.298387,0.0,1.9278351,0.0
2015-10-25,0.0,1.304878,0.56666666,0.0,0.5241935,0.0,0.7010309,0.0
2015-10-26,0.0,1.2439024,0.3,0.0,0.31451613,0.0,0.31958762,0.0
2015-10-27,0.0,1.1219512,0.16666667,0.0,0.13709678,0.0,0.010309278,0.0
2015-10-28,0.0,1.097561,0.16666667,0.0,0.12903225,0.0,0.0,0.0
2015-10-29,0.11340206,2.5,4.05,0.0,3.314516,0.32857144,2.628866,0.0
2015-10-30,0.082474224,2.487805,2.5833333,0.0,2.9758065,0.21428572,2.3917525,0.0
2015-10-31,0.020618556,2.0243902,1.3,0.0,2.2258065,0.17142858,1.3917526,0.0
2015-11-01,0.0,1.0243902,0.18333334,0.0,0.4032258,0.0,0.0,0.0
2015-11-02,0.05154639,0.86585367,0.13333334,2.048387,0.20967741,0.0,0.7525773,0.1780822
2015-11-03,12.092784,16.890244,40.666668,5.790323,38.403225,18.842857,40.237114,7.808219
2015-11-04,12.082474,26.365854,40.183334,6.129032,43.741936,20.8,41.5567,7.9863014
2015-11-05,12.092784,29.341463,39.1,5.225806,43.629032,20.528572,40.948452,7.9589043
2015-11-06,12.28866,29.0,39.333332,5.516129,43.475807,20.7,40.835052,8.219178
2015-11-07,10.969072,28.268293,38.616665,3.516129,43.024193,19.471428,40.360825,6.0547943
2015-11-08,8.680412,25.512196,40.366665,1.7580645,43.830647,18.342857,41.164948,3.2191782
2015-11-09,17.175259,24.280487,52.533333,13.354838,48.41129,26.828571,55.927834,13.452055
2015-11-10,28.556702,36.780487,66.03333,23.64516,65.17742,37.25714,71.08247,27.479452
2015-11-11,28.628866,39.07317,65.71667,24.338709,66.5,38.74286,73.59794,26.849316
2015-11-12,28.402061,38.987804,65.683334,23.64516,65.42742,39.74286,73.95876,26.328768
2015-11-13,25.113401,38.47561,66.1,21.435484,65.75,39.74286,74.35052,23.369864
2015-11-14,20.237114,38.378048,62.566666,16.338709,63.51613,38.142857,72.16495,16.849316
2015-11-15,17.536083,35.42683,61.716667,11.854838,62.94355,36.62857,70.72165,12.260274
2015-11-16,40.54639,60.80488,85.833336,29.725807,77.3871,55.357143,98.453606,39.89041
2015-11-17,40.948452,61.121952,84.85,29.64516,76.51613,53.971428,97.87629,39.849316
2015-11-18,39.87629,59.963413,83.3,27.35484,76.90323,54.342857,97.4433,40.424656
2015-11-19,32.649483,56.036587,80.21667,24.129032,75.04032,51.24286,95.484535,34.410957
2015-11-20,22.948454,51.853657,76.11667,19.048388,71.814514,44.37143,92.25773,22.479452
2015-11-21,19.13402,45.76829,71.63333,14.693548,69.45968,41.0,88.69072,15.383562
2015-11-22,15.752578,41.317074,67.75,11.709678,67.08064,38.142857,85.21649,9.972603
2015-11-23,12.659794,39.280487,63.816666,8.83871,64.895164,36.028572,82.18557,6.0
2015-11-24,11.28866,38.30488,62.416668,7.564516,64.491936,35.585712,81.051544,4.8630137
2015-11-25,34.43299,41.42683,76.96667,21.548388,72.95968,48.714287,98.65979,27.986301
2015-11-26,38.216496,44.609756,84.01667,21.838709,79.185486,52.642857,102.42268,32.38356
2015-11-27,38.12371,43.890244,84.21667,21.741936,78.798386,54.014286,102.92783,30.739725
2015-11-28,37.84536,44.47561,85.0,22.016129,81.241936,53.54286,103.38145,30.917809
2015-11-29,37.917526,46.17073,84.55,23.580645,81.491936,53.642857,103.58763,31.205479
2015-11-30,38.041237,46.243904,83.86667,23.435484,81.47581,54.642857,103.57732,31.41096
2015-12-01,38.474228,46.92683,85.01667,24.483871,81.451614,55.514286,103.762886,31.986301
2015-12-02,38.391754,46.59756,85.13333,24.241936,81.42742,55.87143,103.77319,31.739725
2015-12-03,35.45361,43.17073,82.98333,21.032259,80.59677,55.442856,101.95876,30.0
2015-12-04,48.494846,43.57317,85.0,44.419353,79.3871,58.12857,108.051544,48.657536
2015-12-05,50.536083,44.512196,84.53333,47.112904,77.41129,60.357143,108.65979,53.53425
2015-12-06,49.670105,42.878048,82.316666,48.935482,78.52419,60.32857,107.83505,53.80822
2015-12-07,47.17526,41.987804,80.71667,58.85484,75.20968,57.32857,106.34021,54.91781
2015-12-08,41.70103,42.219513,78.0,55.919353,71.67742,54.085712,104.35052,55.945206
2015-12-09,34.59794,40.878048,73.833336,52.064518,68.97581,51.57143,102.16495,52.82192
2015-12-10,33.505154,39.451218,71.166664,49.096775,66.76613,50.62857,100.13402,53.027397
2015-12-11,79.84536,49.47561,102.0,60.467743,92.048386,93.957146,142.69072,103.68493
2015-12-12,94.08247,61.73171,114.35,62.725807,106.604836,107.0,155.21649,101.30137
2015-12-13,96.75258,60.707317,114.85,69.51613,106.27419,110.7,156.08247,109.54794
2015-12-14,126.793816,85.54878,136.35,104.8871,127.8871,135.5,181.95876,147.32877
2015-12-15,128.03093,87.28049,137.48334,104.048386,128.45967,136.57143,182.89691,146.04109
2015-12-16,127.50516,87.30488,136.48334,102.354836,128.42741,137.34285,182.72165,145.38356
2015-12-17,128.34021,87.80488,136.25,104.20968,129.03226,139.15715,180.58763,145.89041
2015-12-18,128.28867,87.81707,136.11667,105.08064,129.06451,139.52856,180.60825,144.63014
2015-12-19,135.17526,87.65854,137.3,147.85484,129.7258,141.94286,181.69072,163.89041
2015-12-20,146.94846,92.47561,151.85,157.53226,138.8871,158.68571,196.53609,173.54794
2015-12-21,157.79381,90.68293,161.13333,166.85484,142.95161,178.52856,211.20619,188.0548
2015-12-22,229.4433,107.64634,242.63333,209.91936,199.98387,266.25714,303.71133,258.80823
2015-12-23,244.98969,133.06097,264.36667,216.62903,221.67741,282.48572,322.49484,271.274
2015-12-24,250.27835,133.7439,270.8,216.70967,223.12097,283.65714,327.2165,310.47946
2015-12-25,271.7835,143.5,288.68332,222.17741,241.03226,318.57144,350.94846,301.52054
2015-12-26,275.04123,143.28049,290.65,222.5,241.33871,319.74286,353.50516,303.30136
2015-12-27,274.74228,142.7317,291.45,224.58064,240.5,320.57144,353.7732,302.65753
2015-12-28,275.15463,143.86586,291.53333,225.95161,240.89516,320.84286,353.31958,325.41095
2015-12-29,276.84537,140.81708,293.28333,232.1129,243.62903,323.32858,354.9175,315.1233
2015-12-30,276.70102,140.54878,292.36667,229.0,243.5,322.57144,354.26804,321.137
2015-12-31,276.53607,141.18292,292.58334,232.2258,243.7258,323.3143,354.84537,319.53424
2016-01-01,276.16495,141.93903,289.96667,238.8871,244.05646,322.77142,354.42267,302.42465
2016-01-02,277.26804,141.04878,290.18332,239.82259,244.43549,323.42856,354.26804,303.726
2016-01-03,278.13403,141.12195,290.38333,239.93549,245.1371,323.1143,353.94846,306.1644
2016-01-04,277.29898,141.31708,291.41666,242.09677,245.82259,323.05713,354.27835,316.863
2016-01-05,281.5258,143.60976,295.25,250.98387,247.76613,326.4,357.49484,328.50684
2016-01-06,307.81442,180.84146,336.9,269.5484,283.75806,355.04285,390.5567,366.1233
2016-01-07,318.7835,191.7561,380.5,285.25806,318.5484,383.08572,424.28867,372.8904
2016-01-08,320.8969,193.19513,377.85,290.7903,320.7016,383.41428,424.63916,377.726
2016-01-09,322.6598,192.54878,380.5,303.74194,321.4758,384.02856,425.2268,369.1644
2016-01-10,325.59793,194.57317,386.96667,302.87097,322.91934,387.41428,429.79382,371.76712
2016-01-11,325.76288,194.84146,385.76666,300.9516,322.9516,386.34286,429.15463,387.42465
2016-01-12,325.07217,195.2683,386.48334,301.14517,322.8387,385.04285,428.36084,373.52054
2016-01-13,326.94846,192.37805,387.35,313.46774,322.62903,384.08572,428.04123,381.69864
2016-01-14,351.51547,190.96341,387.73334,342.19354,323.8871,393.64285,434.83505,442.53424
2016-01-15,382.31958,198.70732,398.26666,370.98386,335.6371,420.77142,457.36084,477.31506
2016-01-16,391.83505,203.67073,408.31668,363.75806,342.2097,431.67142,465.90723,454.67123
2016-01-17,399.43298,204.45122,415.95,377.8387,346.8145,441.08572,474.20618,463.21918
2016-01-18,410.23712,206.92683,417.18332,405.03226,347.35483,446.0,477.36084,497.32877
2016-01-19,415.2165,215.01219,437.68332,418.0645,361.5645,461.07144,499.0309,494.36987
2016-01-20,437.4433,252.70732,469.36667,438.8387,391.9355,483.6,525.96906,519.28766
2016-01-21,435.85568,252.67073,470.33334,423.17743,389.7742,483.04285,524.6804,516.86304
2016-01-22,434.49484,254.52438,472.18332,436.87097,388.33066,483.74286,526.17523,512.2466
2016-01-23,453.26804,259.36584,499.06668,463.67743,406.14517,512.5,562.567,564.548
2016-01-24,469.56702,272.86584,514.2,478.64517,422.6613,528.17145,575.19586,581.7808
2016-01-25,470.2268,273.92682,516.2,487.6129,422.73386,528.4857,574.24744,579.61646
2016-01-26,478.31958,274.0122,516.26666,486.5,421.82257,528.25714,573.85565,583.9178
2016-01-27,477.26804,274.12195,514.15,487.14517,420.23386,525.24286,571.0516,579.1507
2016-01-28,476.71133,286.7195,508.91666,485.25806,418.87097,524.4429,574.08246,579.28766
2016-01-29,476.79382,287.08536,512.6,487.4516,419.3629,544.34283,580.6701,578.548
2016-01-30,508.27835,287.67075,524.88336,483.2742,424.21774,561.7857,602.75256,598.28766
2016-01-31,519.71136,326.65854,557.23334,474.8871,459.89517,580.61426,620.9897,609.3014
2016-02-01,531.41235,369.18292,583.6,488.17743,496.42743,597.7143,637.2165,608.5753
2016-02-02,531.2783,369.45123,583.98334,485.64517,499.1129,598.32855,639.3299,610.274
2016-02-03,532.42267,370.0,584.36664,473.9355,499.67743,599.3714,638.7732,610.0
2016-02-04,532.5361,369.59756,585.86664,479.0,500.1613,601.8143,639.47424,609.56165
2016-02-05,532.92786,369.5366,586.25,497.14517,500.42743,602.84283,639.6598,611.726
2016-02-06,533.4433,369.0366,586.95,495.35483,500.8871,602.75714,639.5464,578.53424
2016-02-07,532.4949,368.7561,574.7833,491.58066,499.58066,602.8,640.59796,608.9315
2016-02-08,530.36084,369.7195,586.3,489.2258,500.17743,601.6,637.18555,601.274
2016-02-09,528.15466,370.12195,584.75,480.82257,499.53226,598.4286,634.7217,602.1781
2016-02-10,519.7835,370.67075,583.01666,464.5645,499.01614,594.5571,631.3196,595.2055
2016-02-11,512.5464,368.58536,583.51666,473.37097,499.5645,591.0143,630.3917,596.8219
2016-02-12,504.14432,365.13416,582.48334,467.9355,500.0484,586.3571,628.57733,588.0274
2016-02-13,490.4536,362.64633,578.65,462.62903,499.4355,579.1429,625.30927,556.13696
2016-02-14,483.26804,357.7561,571.5,455.98386,495.91934,574.5571,621.0206,558.0411
2016-02-15,477.20618,354.92682,567.9,446.32257,493.8871,569.7714,618.03094,562.1233
2016-02-16,466.5258,347.37805,560.0,432.9516,490.2903,562.2,613.1031,552.8767
2016-02-17,450.5258,331.90244,552.9667,418.96774,485.65323,554.0714,608.91754,536.43835
2016-02-18,492.61856,357.08536,580.88336,429.2097,518.9113,557.54285,638.70105,566.73975
2016-02-19,522.59796,368.26828,585.6,446.30646,531.2823,576.02856,652.9897,591.64386
2016-02-20,522.86597,367.45123,587.9,466.7258,532.0645,577.3143,654.25775,568.9863
2016-02-21,519.42267,367.9878,589.11664,466.67743,529.7742,574.34283,650.7938,601.38354
2016-02-22,513.48456,366.59756,586.93335,463.35483,528.2742,569.9,649.8866,596.1507
2016-02-23,507.86597,365.80487,583.8333,459.5,526.9274,566.75714,648.51544,591.3699
2016-02-24,493.14432,363.09756,577.8,452.08066,522.9839,560.3714,645.69073,595.0548
2016-02-25,478.3402,359.30487,572.06665,441.7258,518.70966,552.9,641.835,573.68494
2016-02-26,455.18558,353.7195,569.2833,427.9516,513.50806,539.0143,649.3917,541.73975
2016-02-27,437.68042,345.67075,560.6667,417.85483,508.90323,525.1,642.25775,530.9726
2016-02-28,423.90723,341.09756,554.7833,410.2903,506.17743,515.7714,638.2783,525.43835
2016-02-29,411.24744,336.09756,547.6667,403.0645,502.6129,506.92856,634.15466,519.43835
2016-03-01,401.63916,326.87805,538.43335,394.75806,496.9597,499.6857,627.8866,509.9726
2016-03-02,390.4536,314.93903,527.88336,378.25806,490.84677,485.45715,620.9072,499.0548
2016-03-03,376.73196,304.7195,519.4,365.4516,491.9355,467.9,615.835,485.65753
2016-03-04,365.9175,297.97562,513.8333,364.69354,486.8145,456.14285,613.2371,476.863
2016-03-05,370.26804,292.31708,514.81665,354.6613,493.25806,456.85715,620.7217,477.53424
2016-03-06,389.82474,314.06097,605.25,368.46774,558.3387,493.01428,687.40204,512.3288
2016-03-07,426.9175,327.15854,629.56665,403.37097,569.3226,529.45715,716.81445,553.49316
2016-03-08,442.12372,345.7195,647.61664,418.7258,583.9677,539.88574,725.69073,568.1918
2016-03-09,448.1031,350.42682,652.06665,422.9516,582.5645,543.2286,729.24744,575.7808
2016-03-10,454.07217,355.12195,646.65,412.7903,577.6694,540.7286,726.57733,567.9589
2016-03-11,446.85568,347.2439,640.61664,458.85483,576.0161,530.25714,722.9072,574.71234
2016-03-12,469.58762,371.86584,676.7833,486.01614,602.2177,555.88574,755.6598,630.5753
2016-03-13,496.79382,371.15854,682.98334,517.1774,603.4677,574.1286,764.0103,694.8493
2016-03-14,561.2268,371.7805,727.2,590.64514,625.04034,613.4286,817.91754,765.548
2016-03-15,565.08246,369.82925,731.5833,583.9032,616.8468,614.6,824.41235,779.3699
2016-03-16,565.6701,366.87805,727.0833,581.6613,623.3306,610.32855,822.5051,778.1918
2016-03-17,557.81445,356.62195,716.01666,560.9516,624.0887,602.34283,817.835,756.0959
2016-03-18,535.92786,342.87805,700.48334,564.8871,616.4113,587.0857,811.7835,724.28766
2016-03-19,516.69073,330.47562,691.7833,545.1774,607.8629,562.54285,803.1031,706.73975
2016-03-20,495.83505,320.31708,683.26666,514.85486,602.2177,549.54285,799.74225,693.43835
2016-03-21,488.74228,313.7073,673.15,513.8871,595.371,542.74286,794.3917,691.35614
2016-03-22,512.3299,312.58536,689.35,543.1129,596.24194,556.4429,815.03094,714.3014
2016-03-23,515.3917,312.4634,691.05,526.79034,591.74194,562.4143,817.7835,724.65753
2016-03-24,507.7835,322.34146,688.31665,522.0645,603.2016,567.2714,817.52576,718.56165
2016-03-25,492.37112,307.63416,679.98334,516.85486,597.1774,556.15717,812.48456,709.0959
2016-03-26,482.4433,302.93903,671.05,511.40323,589.14514,546.11426,805.95874,715.43835
2016-03-27,472.49484,298.7927,660.9167,494.75806,579.44354,537.3143,798.58765,703.9589
2016-03-28,465.26804,294.31708,653.5333,491.5484,578.75,528.0857,793.63916,676.0411
2016-03-29,476.82474,292.10974,659.7833,491.1129,575.0,531.3,798.26807,650.56165
2016-03-30,481.53607,290.06097,662.0333,486.82257,576.2823,537.52856,802.0103,690.1507
2016-03-31,474.8866,291.13416,660.2167,484.7097,567.49194,540.17145,801.3815,684.1918
2016-04-01,465.1134,294.4634,657.43335,460.1613,567.05646,532.7714,799.42267,667.4247
2016-04-02,448.0825,291.86584,638.9167,431.41934,574.4839,515.1857,786.85565,647.64386
2016-04-03,429.97937,287.4634,616.5333,406.48386,564.9274,502.54285,782.2062,629.34247
2016-04-04,411.41238,284.02438,553.7833,392.1613,556.3145,485.8857,745.567,610.7534
2016-04-05,394.0825,278.69513,553.7167,379.08066,550.04034,473.1143,741.0206,592.7808
2016-04-06,378.71133,268.59756,577.43335,357.59677,540.89514,461.08572,753.7629,570.452
2016-04-07,360.17526,260.63416,550.3,320.74194,519.95966,444.55713,739.8763,537.274
2016-04-08,340.41238,256.12195,525.7167,286.58066,504.6371,441.55713,726.92786,507.91782
2016-04-09,324.12372,259.9878,457.9,262.53226,501.1371,429.48572,686.9072,485.32877
2016-04-10,324.7732,263.45123,485.53333,252.29033,508.8387,431.94287,712.28864,477.9589
2016-04-11,314.09277,263.91464,471.06668,243.45161,507.9113,428.2857,702.42267,468.8493
2016-04-12,299.25772,259.4634,468.83334,230.03226,504.87903,421.25714,698.81445,456.91782
2016-04-13,284.97937,254.90244,515.0333,221.87097,501.03226,411.07144,722.26807,447.0274
2016-04-14,278.09277,251.68292,510.25,220.95161,494.09677,405.55713,719.0103,444.1096
2016-04-15,280.53607,246.20732,428.63333,220.41936,487.7258,406.8,671.1237,448.9041
2016-04-16,279.71133,239.46341,440.0,216.08064,484.28226,406.37143,679.9072,445.41095
2016-04-17,267.50516,232.08537,495.96667,199.85484,475.65323,399.1,710.6598,430.137
2016-04-18,245.69072,223.48781,392.5,180.0,462.08066,386.3143,642.9794,406.78082
2016-04-19,226.61856,211.7317,389.36667,159.17741,456.5887,367.8,639.04126,379.71234
2016-04-20,207.03093,200.92683,436.93332,116.048386,448.8145,346.7,663.8969,355.726
2016-04-21,188.19588,191.21951,419.8,103.6129,440.12903,332.7857,644.26807,333.49316
2016-04-22,171.51546,185.14635,404.71667,98.96774,429.00806,320.75714,627.29895,316.76712
2016-04-23,200.64949,187.89024,357.76666,114.145164,421.23386,336.34286,537.5361,349.38358
2016-04-24,202.85567,184.93903,446.1,118.048386,407.87903,334.6857,665.37115,344.36987
2016-04-25,203.06186,185.68292,446.61667,113.435486,430.25806,336.2857,668.41235,342.49316
2016-04-26,205.39175,185.78049,372.06668,97.91936,437.25,341.1,605.4536,343.0
2016-04-27,201.42268,184.82927,447.98334,103.66129,429.0242,337.52856,669.36084,337.78082
2016-04-28,196.05154,185.52438,446.4,100.951614,433.7903,336.37143,668.6185,332.1233
2016-04-29,189.21649,183.68292,444.26666,94.83871,422.90323,334.98572,666.25775,323.47946
2016-04-30,182.79381,181.89024,435.5,90.72581,425.10483,331.24286,656.9382,310.53424
2016-05-01,179.52577,181.69513,435.3,85.951614,425.33066,330.4,658.0103,301.56165
2016-05-02,169.31958,178.56097,434.0,82.67742,421.42743,327.77142,658.7732,283.58905
2016-05-03,159.64949,177.48781,420.21667,75.66129,414.74194,318.82858,651.40204,264.36987
2016-05-04,149.54639,172.04878,404.31668,68.59677,402.53226,309.77142,639.4639,237.10959
2016-05-05,139.51546,167.2561,382.55,61.98387,360.51614,301.51428,597.17523,208.50685
2016-05-06,134.81444,166.78049,379.5,59.564518,379.65323,300.45715,588.75256,200.0137
2016-05-07,129.61856,180.21951,383.5,55.048386,378.4355,301.45715,591.73193,188.73973
2016-05-08,126.43299,165.93903,389.98334,51.258064,373.87903,299.82858,595.42267,180.50685
2016-05-09,119.34021,167.2683,386.15,45.48387,339.0887,292.67142,582.8866,165.75342
2016-05-10,110.40206,177.62195,372.88333,41.241936,331.30646,280.2143,561.7732,151.83562
2016-05-11,103.42268,165.64635,353.2,36.467743,320.41934,271.2857,544.9382,136.90411
2016-05-12,92.21649,153.32927,334.2,30.0,340.78226,262.37143,527.4433,116.49315
2016-05-13,79.27835,135.10976,313.25,23.032259,324.2903,249.11429,505.82474,92.671234
2016-05-14,68.051544,130.17073,290.16666,17.435484,310.42743,231.17143,481.4536,76.561646
2016-05-15,63.82474,128.31708,270.95,15.903226,304.92743,219.75714,469.15463,70.561646
2016-05-16,59.608246,127.31707,252.53334,14.064516,299.2742,215.1,456.59793,64.39726
2016-05-17,54.690723,126.92683,232.33333,11.951612,289.2016,209.01428,442.04123,58.561646
2016-05-18,47.86598,124.402435,221.21666,9.080646,282.84677,200.85715,430.31958,50.972603
2016-05-19,39.97938,118.86585,206.01666,6.2419353,265.25806,188.82857,411.8866,43.849316
2016-05-20,35.340206,116.07317,195.21666,5.677419,251.91129,180.1,395.16495,40.79452
2016-05-21,30.525774,115.52439,194.8,8.4838705,251.65323,181.27142,394.2268,49.780823
2016-05-22,28.948454,115.70731,158.51666,9.16129,250.80646,182.61429,392.68042,49.09589
2016-05-23,31.092783,115.402435,193.31667,7.854839,253.41936,183.28572,395.95877,48.643837
2016-05-24,35.938145,111.5,188.6,6.370968,250.37903,164.24286,379.7835,32.684933
2016-05-25,35.072166,114.69512,149.66667,5.709677,245.60484,182.75714,383.83505,41.17808
2016-05-26,32.886597,115.29269,187.73334,5.112903,253.15323,178.88571,382.92783,38.80822
2016-05-27,30.597939,114.68293,180.85,4.5,252.0,173.18571,370.80414,35.657536
2016-05-28,28.268042,112.92683,173.71666,3.983871,248.0,165.6,358.7835,35.47945
2016-05-29,25.27835,109.65854,166.38333,3.3064516,241.62903,158.01428,347.76288,30.945206
2016-05-30,21.41237,104.97561,156.51666,2.516129,234.8871,149.37143,332.97937,26.246574
2016-05-31,17.402061,97.87805,142.28334,1.516129,221.10484,137.7,308.16495,20.616438
2016-06-01,13.247422,86.64634,125.416664,0.33870968,202.10484,114.21429,246.5567,12.931507
2016-06-02,9.56701,88.402435,109.05,0.0,181.83871,102.74286,224.78351,8.69863
2016-06-03,6.3092785,75.34146,105.183334,0.0,164.69354,92.957146,222.75258,5.027397
2016-06-04,3.0,65.52439,84.433334,0.0,146.15323,80.542854,197.16495,2.260274
2016-06-05,1.2783505,52.841465,66.28333,0.0,139.05646,65.88571,170.5567,0.46575344
2016-06-06,0.8659794,44.146343,53.516666,0.0,123.08871,53.057144,151.0,0.0
2016-06-07,0.4329897,35.780487,42.0,0.0,108.685486,42.7,133.58763,0.0
2016-06-08,0.0,28.231707,31.0,0.0,106.76613,34.885715,112.103096,0.0
2016-06-09,0.0,22.719513,23.9,0.0,92.145164,27.671429,91.30928,0.0
2016-06-10,0.0,19.59756,20.0,0.0,81.145164,22.171429,75.56701,0.0
2016-06-11,0.0,24.536585,17.566668,0.0,73.05645,19.685715,67.237114,0.0
2016-06-12,0.0,23.390244,16.2,0.0,69.991936,17.942858,61.907215,0.0
2016-06-13,0.0,23.024391,16.2,0.0,72.1371,16.928572,60.40206,0.0
2016-06-14,0.0,21.90244,14.883333,0.0,68.1129,15.285714,55.82474,0.0
2016-06-15,0.0,20.939024,13.966666,0.0,65.6371,14.3,52.43299,0.0
2016-06-16,0.0,20.804878,13.85,0.0,65.201614,14.071428,51.474228,0.0
2016-06-17,0.0,20.719513,13.65,0.0,64.40323,13.742857,50.01031,0.0
2016-06-18,0.0,19.804878,12.85,0.0,61.51613,13.071428,47.03093,0.0
2016-06-19,0.0,18.634146,11.383333,0.0,56.33871,11.814285,41.680412,0.0
2016-06-20,0.0,16.109756,8.9,0.0,47.26613,9.8714285,34.515465,0.0
2016-06-21,0.0,12.804878,6.3,0.0,35.39516,6.4714284,24.195877,0.0
2016-06-22,0.0,9.829268,4.1666665,0.0,25.596775,2.9857142,15.216495,0.0
2016-06-23,0.0,7.121951,3.2833333,0.0,19.016129,1.1571429,8.484536,0.0
2016-06-24,0.0,5.268293,2.6666667,0.0,14.354838,0.45714286,5.0,0.0
2016-06-25,0.0,3.9146342,2.1,0.0,10.75,0.0,2.8247423,0.0
2016-06-26,0.0,2.682927,1.4,0.0,6.725806,0.0,1.2577319,0.0
2016-06-27,0.0,1.4512196,0.5833333,0.0,4.129032,0.0,0.31958762,0.0
2016-06-28,0.0,0.6219512,0.0,0.0,1.967742,0.0,0.0,0.0
2016-06-29,0.0,0.09756097,0.0,0.0,0.9032258,0.0,0.0,0.0
2016-06-30,0.0,0.0,0.0,0.0,0.3548387,0.0,0.0,0.0
2016-07-01,0.0,0.0,0.0,0.0,0.008064516,0.0,0.0,0.0
2016-07-02,0.0,0.0,0.0,0.0,0.0,0.0,0.0,0.0
2016-07-03,0.0,0.0,0.0,0.0,0.0,0.0,0.0,0.0
2016-07-04,0.0,0.0,0.0,0.0,0.0,0.0,0.0,0.0
2016-07-05,0.0,0.0,0.0,0.0,0.0,0.0,0.0,0.0
2016-07-06,0.0,0.0,0.0,0.0,0.0,0.0,0.0,0.0
2016-07-07,0.0,0.0,0.0,0.0,0.0,0.0,0.0,0.0
2016-07-08,0.0,0.0,0.0,0.0,0.0,0.0,0.0,0.0
2016-07-09,0.0,0.0,0.0,0.0,0.0,0.0,0.0,0.0
2016-07-10,0.0,0.0,0.0,0.0,0.0,0.0,0.0,0.0
2016-07-11,0.0,0.0,0.0,0.0,0.0,0.0,0.0,0.0
2016-07-12,0.0,0.0,0.0,0.0,0.0,0.0,0.0,0.0
2016-07-13,0.0,0.0,0.0,0.0,0.0,0.0,0.0,0.0
2016-07-14,0.0,0.0,0.0,0.0,0.0,0.0,0.0,0.0
2016-07-15,0.0,0.0,0.0,0.0,0.0,0.0,0.0,0.0
2016-07-16,0.0,0.0,0.0,0.0,0.0,0.0,0.0,0.0
2016-07-17,0.0,0.0,0.0,0.0,0.0,0.0,0.0,0.0
2016-07-18,0.0,0.0,0.0,0.0,0.0,0.0,0.0,0.0
2016-07-19,0.0,0.0,0.0,0.0,0.0,0.0,0.0,0.0
2016-07-20,0.0,0.0,0.0,0.0,0.0,0.0,0.0,0.0
2016-07-21,0.0,0.0,0.0,0.0,0.0,0.0,0.0,0.0
2016-07-22,0.0,0.0,0.0,0.0,0.0,0.0,0.0,0.0
2016-07-23,0.0,0.0,0.0,0.0,0.0,0.0,0.0,0.0
2016-07-24,0.0,0.0,0.0,0.0,0.0,0.0,0.0,0.0
2016-07-25,0.0,0.0,0.0,0.0,0.0,0.0,0.0,0.0
2016-07-26,0.0,0.0,0.0,0.0,0.0,0.0,0.0,0.0
2016-07-27,0.0,0.0,0.0,0.0,0.0,0.0,0.0,0.0
2016-07-28,0.0,0.0,0.0,0.0,0.0,0.0,0.0,0.0
2016-07-29,0.0,0.0,0.0,0.0,0.0,0.0,0.0,0.0
2016-07-30,0.0,0.0,0.0,0.0,0.0,0.0,0.0,0.0
2016-07-31,0.0,0.0,0.0,0.0,0.0,0.0,0.0,0.0
2016-08-01,0.0,0.0,0.0,0.0,0.0,0.0,0.0,0.0
2016-08-02,0.0,0.0,0.0,0.0,0.0,0.0,0.0,0.0
2016-08-03,0.0,0.0,0.0,0.0,0.0,0.0,0.0,0.0
2016-08-04,0.0,0.0,0.0,0.0,0.0,0.0,0.0,0.0
2016-08-05,0.0,0.0,0.0,0.0,0.0,0.0,0.0,0.0
2016-08-06,0.0,0.0,0.0,0.0,0.0,0.0,0.0,0.0
2016-08-07,0.0,0.0,0.0,0.0,0.0,0.0,0.0,0.0
2016-08-08,0.0,0.0,0.0,0.0,0.0,0.0,0.0,0.0
2016-08-09,0.0,0.0,0.0,0.0,0.0,0.0,0.0,0.0
2016-08-10,0.0,0.0,0.0,0.0,0.0,0.0,0.0,0.0
2016-08-11,0.0,0.0,0.0,0.0,0.0,0.0,0.0,0.0
2016-08-12,0.0,0.0,0.0,0.0,0.0,0.0,0.0,0.0
2016-08-13,0.0,0.0,0.0,0.0,0.0,0.0,0.0,0.0
2016-08-14,0.0,0.0,0.0,0.0,0.0,0.0,0.0,0.0
2016-08-15,0.0,0.0,0.0,0.0,0.0,0.0,0.0,0.0
2016-08-16,0.0,0.0,0.0,0.0,0.0,0.0,0.0,0.0
2016-08-17,0.0,0.0,0.0,0.0,0.0,0.0,0.0,0.0
2016-08-18,0.0,0.0,0.0,0.0,0.0,0.0,0.0,0.0
2016-08-19,0.0,0.0,0.0,0.0,0.0,0.0,0.0,0.0
2016-08-20,0.0,0.0,0.0,0.0,0.0,0.0,0.0,0.0
2016-08-21,0.0,0.0,0.0,0.0,0.0,0.0,0.0,0.0
2016-08-22,0.0,0.0,0.0,0.0,0.0,0.0,0.0,0.0
2016-08-23,0.0,0.0,0.0,0.0,0.0,0.0,0.0,0.0
2016-08-24,0.0,0.0,0.0,0.0,0.0,0.0,0.0,0.0
2016-08-25,0.0,0.0,0.0,0.0,0.0,0.0,0.0,0.0
2016-08-26,0.0,0.0,0.0,0.0,0.0,0.0,0.0,0.0
2016-08-27,0.0,0.0,0.0,0.0,0.0,0.0,0.0,0.0
2016-08-28,0.0,0.0,0.0,0.0,0.0,0.0,0.0,0.0
2016-08-29,0.0,0.0,0.0,0.0,0.0,0.0,0.0,0.0
2016-08-30,0.0,0.0,0.0,0.0,0.0,0.0,0.0,0.0
2016-08-31,0.0,0.0,0.0,0.0,0.0,0.0,0.0,0.0
2016-09-01,0.0,0.0,0.0,0.0,0.0,0.0,0.0,0.0
2016-09-02,0.0,0.0,0.0,0.0,0.0,0.0,0.0,0.0
2016-09-03,0.0,0.0,0.0,0.0,0.0,0.0,0.0,0.0
2016-09-04,0.0,0.0,0.0,0.0,0.0,0.0,0.0,0.0
2016-09-05,0.0,0.0,0.0,0.0,0.0,0.0,0.0,0.0
2016-09-06,0.0,0.0,0.0,0.0,0.0,0.0,0.0,0.0
2016-09-07,0.0,0.0,0.0,0.0,0.0,0.0,0.0,0.0
2016-09-08,0.0,0.0,0.0,0.0,0.0,0.0,0.0,0.0
2016-09-09,0.0,0.0,0.0,0.0,0.0,0.0,0.0,0.0
2016-09-10,0.0,0.0,0.0,0.0,0.0,0.0,0.0,0.0
2016-09-11,0.0,0.0,0.0,0.0,0.0,0.0,0.0,0.0
2016-09-12,0.0,0.0,0.0,0.0,0.0,0.0,0.0,0.0
2016-09-13,0.0,0.0,0.0,0.0,0.0,0.0,0.0,0.0
2016-09-14,0.0,0.0,0.0,0.0,0.008064516,0.0,0.010309278,0.0
2016-09-15,0.0,0.0,0.0,0.0,0.0,0.0,0.0,0.0
2016-09-16,0.0,0.0,0.0,0.0,0.0,0.0,0.0,0.0
2016-09-17,0.0,0.0,0.0,0.0,0.0,0.0,0.0,0.0
2016-09-18,0.0,0.0,0.0,0.0,0.0,0.0,0.0,0.0
2016-09-19,0.0,0.0,0.0,0.0,0.0,0.0,0.0,0.0
2016-09-20,0.0,0.0,0.0,0.0,0.0,0.0,0.0,0.0
2016-09-21,0.0,0.0,0.0,0.0,0.0,0.0,0.0,0.0
2016-09-22,0.0,0.0,0.0,0.0,0.0,0.0,0.0,0.0
2016-09-23,0.0,0.0,0.0,0.0,0.0,0.0,0.0,0.0
2016-09-24,0.0,0.0,0.0,0.0,0.0,0.0,0.0,0.0
2016-09-25,0.0,0.0,0.0,0.0,0.0,0.0,0.0,0.0
2016-09-26,0.0,0.0,0.0,0.0,0.0,0.0,0.0,0.0
2016-09-27,0.0,0.0,0.0,0.0,0.0,0.0,0.0,0.0
2016-09-28,0.0,0.0,0.0,0.0,0.0,0.0,0.0,0.0
2016-09-29,0.0,0.0,0.0,0.0,0.0,0.0,0.0,0.0
2016-09-30,0.0,0.0,0.0,0.0,0.0,0.0,0.0,0.0
2016-10-01,0.0,0.0,0.0,0.0,0.0,0.0,0.0,0.0
2016-10-02,0.0,0.0,0.0,0.0,0.0,0.0,0.0,0.0
2016-10-03,0.68041235,0.0,0.0,2.2258065,0.0,0.21428572,0.15463917,0.60273975
2016-10-04,1.0515463,0.0,0.0,3.2419355,0.0,0.37142858,0.16494845,1.0821918
2016-10-05,0.45360824,0.0,0.0,1.6612903,0.0,0.042857144,0.0,0.15068494
2016-10-06,0.26804122,0.0,0.0,0.9032258,0.0,0.014285714,0.0,0.0
2016-10-07,0.010309278,0.0,0.0,0.032258064,0.0,0.0,0.0,0.0
2016-10-08,0.0,0.0,0.0,0.0,0.0,0.0,0.0,0.0
2016-10-09,0.0,0.0,0.0,0.0,0.0,0.0,0.0,0.0
2016-10-10,0.0,0.0,0.0,0.0,0.0,0.0,0.0,0.0
2016-10-11,0.0,0.0,0.0,0.0,0.0,0.0,0.0,0.0
2016-10-12,0.0,0.0,0.0,0.0,0.0,0.0,0.0,0.0
2016-10-13,0.0,0.0,0.0,0.0,0.0,0.0,0.0,0.0
2016-10-14,0.0,0.0,0.0,0.0,0.0,0.0,0.0,0.0
2016-10-15,1.8041238,0.0,0.016666668,0.0,0.0,0.0,0.0,1.1643835
2016-10-16,1.3092784,0.024390243,5.4,0.0,0.32258064,0.5,2.030928,0.91780823
2016-10-17,19.98969,0.024390243,26.8,0.67741936,15.096774,12.6285715,30.505156,6.109589
2016-10-18,22.43299,0.024390243,29.1,0.88709676,17.693548,12.814285,33.608246,6.4246573
2016-10-19,20.948454,0.024390243,28.216667,0.7741935,17.338709,13.357142,33.42268,8.575342
2016-10-20,18.70103,0.0121951215,29.2,0.4032258,15.604838,12.4,31.886599,7.0410957
2016-10-21,15.804124,0.0,24.683332,0.12903225,13.0,10.4,33.237114,4.780822
2016-10-22,11.917526,0.0,19.55,0.0,8.7661295,9.042857,28.762886,3.4246576
2016-10-23,9.350515,0.0,16.15,0.0,6.193548,9.571428,27.948454,2.4383562
2016-10-24,7.6185565,0.0,13.033334,0.0,4.620968,8.342857,24.793814,1.520548
2016-10-25,7.6185565,0.0,12.366667,0.0,4.4919353,9.9,24.28866,1.6986301
2016-10-26,6.3814435,0.0,11.283334,0.0,4.145161,9.342857,22.350515,1.2876712
2016-10-27,4.3608246,0.0,8.7,0.0,3.25,8.214286,18.886599,0.65753424
2016-10-28,3.5670104,0.09756097,10.333333,0.0,7.112903,7.3428574,19.072165,0.31506848
2016-10-29,3.0,1.6585366,14.416667,0.0,18.201612,7.9428573,24.474226,0.10958904
2016-10-30,2.2886598,1.9268292,13.466666,0.0,20.443548,7.5285716,23.680412,0.0
2016-10-31,11.731958,6.719512,26.333334,0.41935483,36.274193,12.6285715,39.587627,4.7534246
2016-11-01,12.85567,7.9268293,34.95,6.032258,41.258064,16.12857,53.474228,8.958904
2016-11-02,13.577319,7.9390244,37.4,6.7580647,41.45968,16.928572,55.82474,8.616438
2016-11-03,11.731958,7.487805,34.65,4.887097,41.177418,15.685715,54.804123,6.9452057
2016-11-04,8.463918,5.756098,30.966667,3.903226,40.19355,12.685715,46.237114,3.8493152
2016-11-05,6.3608246,4.585366,26.833334,1.8225807,37.45968,12.471429,40.742268,2.630137
2016-11-06,4.546392,4.0,24.35,0.8064516,34.032257,11.314285,37.257732,1.8767123
2016-11-07,4.402062,4.390244,23.216667,0.48387095,32.798386,10.885715,35.4433,1.3287672
2016-11-08,3.3505154,3.5609756,20.1,0.29032257,29.35484,10.0,31.98969,0.53424656
2016-11-09,2.226804,2.3658535,16.566668,0.06451613,24.532259,8.885715,28.185568,0.0
2016-11-10,1.2371134,1.7195122,13.8,0.0,21.233871,7.6,24.762886,0.0
2016-11-11,0.6701031,1.3414634,11.483334,0.0,19.048388,6.4714284,21.85567,0.0
2016-11-12,0.4329897,1.1463414,9.983334,0.0,17.475807,5.6285715,19.752577,0.0
2016-11-13,0.35051546,1.0731708,9.116667,0.0,16.57258,5.071429,18.371134,0.0
2016-11-14,0.24742268,0.9268293,7.766667,0.0,15.435484,4.242857,16.175259,0.0
2016-11-15,0.11340206,0.68292683,6.3333335,0.0,13.7661295,3.057143,13.3092785,0.0
2016-11-16,0.041237112,0.6707317,5.8,0.19354838,13.193548,2.7,12.175258,0.79452056
2016-11-17,0.2783505,0.5365854,6.366667,0.14516129,13.241936,2.1857142,12.484536,1.6849315
2016-11-18,0.40206185,0.5365854,6.3333335,0.20967741,13.2338705,2.1714287,12.989691,1.6712328
2016-11-19,0.15463917,0.5243902,6.266667,1.032258,13.193548,2.642857,12.649485,1.0958904
2016-11-20,15.319588,0.68292683,6.0333333,39.096775,13.08871,2.7428572,12.257732,30.178082
2016-11-21,29.13402,1.0731708,11.0,42.548386,13.943548,6.242857,16.618557,45.90411
2016-11-22,29.824741,3.2195122,13.683333,40.403225,15.395162,8.428572,19.773195,47.19178
2016-11-23,35.463917,3.0,13.7,57.048386,15.443548,10.3,20.381443,58.041096
2016-11-24,42.75258,2.9390244,19.3,60.887096,18.290323,16.442858,28.680412,63.0137
2016-11-25,43.917526,2.682927,19.016666,61.435482,18.137096,16.12857,28.814432,59.849316
2016-11-26,44.371136,2.3536584,17.65,64.41936,17.60484,16.057142,28.948454,67.095894
2016-11-27,70.4433,19.914635,50.95,89.951614,39.927418,39.7,60.164948,103.945206
2016-11-28,83.87629,39.121952,69.45,95.1129,60.330647,51.442856,73.59794,109.39726
2016-11-29,85.86598,40.914635,71.05,96.48387,66.02419,56.17143,77.57732,112.16438
2016-11-30,86.175255,40.365852,71.98333,95.354836,66.94355,56.8,77.68041,113.65753
2016-12-01,86.40206,40.353657,71.23333,95.91936,65.629036,58.6,77.93814,114.095894
2016-12-02,85.90722,40.987804,69.63333,92.354836,63.637096,58.67143,78.38145,112.50685
2016-12-03,85.96907,40.439026,69.416664,92.870964,65.1129,60.42857,78.34021,113.438354
2016-12-04,84.38145,40.756096,69.38333,94.09677,64.08871,60.857143,78.53608,111.753426
2016-12-05,83.453606,40.585365,69.88333,93.048386,66.048386,59.985714,79.24742,112.246574
2016-12-06,81.329895,39.353657,68.816666,89.258064,65.95968,59.385715,79.298965,105.904106
2016-12-07,81.07217,39.59756,69.333336,95.09677,65.435486,59.45714,79.12371,104.72603
2016-12-08,88.701035,40.512196,79.98333,108.01613,68.66936,69.87143,91.96907,116.0
2016-12-09,91.5567,49.0,90.23333,103.29032,80.69355,75.171425,102.15464,117.561646
2016-12-10,91.608246,47.914635,93.2,100.59677,81.854836,79.34286,108.73196,116.46575
2016-12-11,112.608246,47.780487,120.666664,97.354836,109.69355,113.042854,155.64949,119.79452
2016-12-12,111.03093,44.658535,117.55,98.5,108.895164,112.02857,155.15463,118.39726
2016-12-13,107.896904,42.560974,116.1,99.16129,108.33871,110.02857,154.47423,118.328766
2016-12-14,111.07217,40.853657,114.15,107.951614,108.71774,110.828575,154.85567,122.821915
2016-12-15,109.02062,37.817074,113.48333,100.01613,108.5,108.97143,154.93814,118.87671
2016-12-16,121.75258,103.14634,214.06667,118.548386,202.45967,136.68571,258.51547,124.73972
2016-12-17,118.97938,121.47561,217.68333,116.83871,209.54839,139.62857,255.64949,120.369865
2016-12-18,123.96907,123.47561,214.5,116.951614,208.79839,140.91429,262.19586,122.15069
2016-12-19,122.41237,123.64634,218.46666,115.83871,209.04839,143.21428,252.30928,123.136986
2016-12-20,122.52577,121.97561,215.45,114.758064,207.33871,142.88571,253.86598,118.15069
2016-12-21,123.15464,117.86585,214.48334,125.870964,209.04839,140.54286,252.3299,125.821915
2016-12-22,123.90722,116.81707,215.3,120.41936,209.20967,138.8,253.58763,127.79452
2016-12-23,118.051544,116.03658,216.18333,123.064514,201.26613,141.01428,253.84537,137.43835
2016-12-24,150.5567,159.82927,236.9,153.06451,251.8871,164.04286,294.93814,168.49315
2016-12-25,152.13402,161.51219,238.55,171.29033,241.21774,163.88571,292.92783,160.60274
2016-12-26,151.6701,164.10976,239.53334,151.66129,242.83871,164.32857,293.92783,150.17809
2016-12-27,152.7629,164.31708,241.2,152.75807,241.14516,165.27142,294.16495,152.38356
2016-12-28,155.38144,164.08537,240.43333,157.1129,242.39516,165.67143,293.93814,154.83562
2016-12-29,155.04124,164.47562,237.5,152.01613,244.6129,163.54286,300.3299,149.64383
2016-12-30,149.96907,165.47562,244.95,154.98387,245.04839,161.47144,292.53607,152.50685
2016-12-31,148.57732,171.47562,237.73334,151.74193,242.93549,159.52856,300.1134,166.64383
2017-01-01,148.45361,172.82927,243.53334,145.6129,245.45967,158.5,292.0103,167.30138
2017-01-02,157.63918,172.82927,237.2,186.04839,242.89516,159.8,295.07217,171.65753
2017-01-03,186.47423,175.71951,238.41667,205.41936,240.16936,171.38571,302.28867,228.863
2017-01-04,235.10309,197.51219,277.16666,235.2258,286.98386,215.68571,350.84537,299.82193
2017-01-05,291.35052,277.12195,361.25,255.24193,363.1613,282.74286,417.71133,355.71234
2017-01-06,308.30927,296.12195,368.08334,248.96774,370.0645,289.12857,432.61856,346.61642
2017-01-07,309.8866,299.7805,377.31668,275.41934,371.37097,291.24286,427.20618,337.9452
2017-01-08,343.5567,357.34146,467.05,296.4516,467.0887,331.65714,499.4536,383.49316
2017-01-09,354.83505,391.87805,516.5333,298.17743,519.50806,369.92856,579.95874,373.56165
2017-01-10,390.4742,399.80487,554.51666,330.74194,562.5242,415.37143,627.86597,438.61642
2017-01-11,480.27835,434.69513,628.95,405.8871,627.05646,499.6857,707.37115,524.65753
2017-01-12,510.19586,450.40244,685.11664,413.5645,672.2661,534.52856,739.9072,545.7534
2017-01-13,528.3299,477.06097,705.4,417.6129,703.1371,554.7714,762.73193,554.46576
2017-01-14,528.4536,479.59756,705.0,404.08066,694.871,559.3571,764.0618,551.1096
2017-01-15,528.9484,480.14633,702.6,424.19354,707.19354,563.0857,764.25775,551.2055
2017-01-16,529.84534,480.18292,703.68335,415.0484,689.9274,566.4,750.9484,550.9863
2017-01-17,530.48456,480.2561,693.4167,429.4355,691.4758,568.4286,765.15466,553.7534
2017-01-18,532.29895,486.40244,696.01666,443.03226,690.45966,572.04285,749.5567,566.0411
2017-01-19,564.0516,524.9878,732.95,467.35483,742.35486,616.7714,809.74225,609.0685
2017-01-20,607.835,551.20734,747.1,516.0161,769.54034,652.2714,829.4949,680.47943
2017-01-21,642.8866,606.63416,792.2833,558.3387,817.64514,711.7143,883.52576,691.61646
2017-01-22,675.9072,619.8293,793.2833,582.3226,847.2984,740.3143,900.3196,718.9041
2017-01-23,739.74225,672.35364,847.35,615.29034,920.4758,809.3143,975.5464,812.0
2017-01-24,759.71136,690.53656,845.2833,601.0968,944.9194,825.82855,983.6495,781.0548
2017-01-25,759.6495,690.89026,1007.26666,610.4032,963.1371,825.74286,983.82477,775.0137
2017-01-26,760.0103,691.35364,1010.4667,598.30646,983.8629,826.2857,981.82477,778.4247
2017-01-27,759.0206,691.6585,961.48334,596.30646,967.6694,828.11426,982.835,785.76715
2017-01-28,760.70105,692.63416,965.81665,596.5323,972.2177,829.0143,997.4433,768.35614
2017-01-29,762.84534,692.85364,967.98334,596.5161,973.1129,828.75714,972.95874,774.9041
2017-01-30,753.9382,692.3171,1007.35,597.4839,977.5484,828.17145,996.567,758.43835
2017-01-31,760.165,690.9268,1004.7,623.4194,975.5161,826.47144,996.36084,791.6712
2017-02-01,761.17523,692.20734,1004.73334,626.0806,957.05646,825.7143,996.2165,803.8493
2017-02-02,760.81445,692.54877,1016.1667,607.5968,964.5726,827.9,981.9897,799.0959
2017-02-03,772.1237,697.5854,1027.75,638.8226,976.379,842.5571,1001.70105,797.65753
2017-02-04,799.08246,712.7683,1053.4667,657.85486,1011.55646,869.4857,1024.5464,875.0274
2017-02-05,802.17523,713.5854,1054.1333,658.4355,1029.9032,871.7857,1021.8969,835.83563
2017-02-06,813.6083,732.70734,1078.2167,681.1774,1025.9597,890.2143,1052.3608,854.9863
2017-02-07,851.5464,771.061,1120.95,715.79034,1051.1854,939.8714,1102.2062,901.6986
2017-02-08,876.0103,812.85364,1181.7333,746.871,1104.25,973.82855,1166.1855,935.6027
2017-02-09,898.9794,812.2683,1198.9333,729.0645,1110.7661,976.3143,1185.2577,911.726
2017-02-10,908.03094,809.87805,1128.95,671.14514,1117.4113,1007.0571,1234.2577,955.34247
2017-02-11,934.81445,832.7317,1153.7667,692.8387,1161.6451,1049.8,1270.3711,908.8082
2017-02-12,938.80414,834.70734,1162.7833,673.5323,1164.3871,1057.6143,1269.4124,910.3699
2017-02-13,939.2062,835.0244,1255.1666,721.6129,1203.8307,1062.6428,1284.7834,916.0
2017-02-14,938.81445,834.939,1265.7167,707.5968,1207.5242,1067.0286,1263.2062,917.73975
2017-02-15,936.71136,829.35364,1256.7667,668.0645,1205.9032,1067.5286,1285.5464,912.3973
2017-02-16,934.63916,833.1829,1266.0,668.6129,1207.371,1067.1571,1261.7732,913.76715
2017-02-17,941.8763,837.0854,1266.7167,682.4194,1213.4517,1070.8429,1281.9691,929.1096
2017-02-18,954.70105,865.8171,1303.2833,700.129,1254.0,1089.9714,1302.5773,954.9863
2017-02-19,959.0103,870.8293,1314.0,724.69354,1258.0726,1095.8,1304.1443,951.5753
2017-02-20,973.95874,878.5122,1329.0,767.35486,1273.6371,1113.8,1330.5051,986.3014
2017-02-21,1044.4536,895.9268,1389.4,826.70966,1324.242,1176.6571,1397.701,1090.8494
2017-02-22,1099.0103,908.0854,1422.7,829.29034,1351.2339,1224.2428,1445.1443,1199.4932
2017-02-23,1111.9072,909.7805,1424.2333,827.7742,1351.9032,1233.9,1455.7938,1135.8082
2017-02-24,1114.1959,911.6707,1428.6167,809.75806,1348.4274,1236.4286,1456.8247,1135.0
2017-02-25,1117.2166,906.061,1429.15,840.70966,1349.5483,1237.7142,1457.6083,1120.6438
2017-02-26,1119.9691,912.5122,1433.6666,815.5645,1351.9354,1238.1714,1444.7319,1125.9178
2017-02-27,1123.866,912.8049,1430.25,872.4194,1357.242,1246.4429,1459.701,1164.096
2017-02-28,1130.2783,906.87805,1438.0333,863.4194,1360.1371,1252.7715,1465.5566,1138.7261
2017-03-01,1128.8969,907.2439,1442.1167,842.85486,1361.6774,1253.8286,1457.0309,1125.3835
2017-03-02,1130.2166,914.6585,1439.0333,844.7258,1359.9436,1254.4,1460.0928,1127.2877
2017-03-03,1131.4227,913.6951,1435.0167,819.129,1360.6693,1253.8572,1461.5464,1136.5616
2017-03-04,1132.3711,913.12195,1436.45,839.69354,1358.758,1252.9429,1461.4434,1151.4795
2017-03-05,1154.8041,909.20734,1431.6666,854.2742,1358.0807,1263.8429,1474.134,1210.5753
2017-03-06,1177.5464,930.3293,1486.75,881.6774,1395.8951,1294.4286,1495.8453,1240.137
2017-03-07,1193.7938,927.64636,1464.1666,879.4677,1389.879,1299.0571,1498.33,1217.1918
2017-03-08,1194.134,929.6707,1467.7667,921.1129,1391.4193,1301.7428,1502.6185,1216.8082
2017-03-09,1193.433,927.03656,1466.3334,876.871,1388.6613,1298.8857,1503.299,1210.3699
2017-03-10,1189.0206,922.9146,1465.55,883.5,1388.6371,1295.4857,1504.5155,1205.8904
2017-03-11,1183.5361,918.4146,1465.8334,876.9355,1388.1129,1293.5143,1504.1855,1197.2739
2017-03-12,1171.1649,914.3171,1464.4,869.1774,1386.7903,1288.7572,1498.6495,1146.1233
2017-03-13,1170.7217,910.14636,1458.7833,887.1129,1383.1936,1282.3572,1499.0928,1177.9452
2017-03-14,1155.2474,897.86584,1451.8667,874.629,1380.4678,1275.1143,1501.8041,1124.1918
2017-03-15,1139.237,888.6829,1454.2667,866.9194,1377.2742,1260.9429,1501.6598,1177.4657
2017-03-16,1132.1753,878.86584,1448.8167,884.8387,1369.9597,1246.4572,1497.2681,1225.589
2017-03-17,1124.0309,874.12195,1446.0333,872.79034,1365.7178,1232.6,1495.1443,1216.3972
2017-03-18,1111.9897,865.70734,1442.45,858.5,1364.5161,1217.8857,1494.5051,1203.8904
2017-03-19,1104.8969,858.9878,1442.0167,848.35486,1364.8387,1207.7572,1494.0413,1195.7671
2017-03-20,1093.4124,847.03656,1440.15,837.3226,1363.0,1194.2572,1492.9381,1183.1644
2017-03-21,1088.2062,840.29266,1435.9333,832.4516,1360.8871,1185.7428,1491.8247,1182.0
2017-03-22,1089.1134,842.8415,1448.2833,826.9839,1381.4113,1201.5,1520.0825,1175.8494
2017-03-23,1101.5876,844.70734,1453.1666,837.8387,1387.3064,1219.4286,1513.6289,1191.0548
2017-03-24,1103.7938,845.59753,1454.75,839.70966,1388.5968,1222.9,1512.0,1195.8356
2017-03-25,1123.7423,847.3415,1468.95,862.8226,1408.2339,1240.3,1525.7732,1230.5068
2017-03-26,1124.4021,846.9756,1471.8167,864.35486,1411.7178,1241.3286,1523.4949,1223.1918
2017-03-27,1132.7319,844.8415,1472.15,879.64514,1414.6854,1246.1428,1525.5979,1238.3287
2017-03-28,1138.0721,845.5122,1465.9667,881.25806,1414.4113,1247.6285,1520.7732,1242.6165
2017-03-29,1135.5979,844.36584,1455.2833,879.4677,1410.8871,1245.2,1513.567,1234.2877
2017-03-30,1129.3402,837.6707,1442.6167,870.0161,1402.5968,1235.3286,1511.5566,1235.0822
2017-03-31,1125.7834,840.09753,1436.9833,869.9839,1405.008,1234.1857,1507.9072,1225.7808
2017-04-01,1123.5361,840.63416,1426.8,862.9516,1403.8629,1235.4429,1500.2062,1216.4657
2017-04-02,1114.2783,835.5854,1415.8167,841.371,1397.5887,1223.4857,1490.9175,1209.1918
2017-04-03,1104.701,828.7195,1405.5834,823.5806,1390.129,1201.6,1483.3093,1195.0685
2017-04-04,1095.2474,824.0,1398.15,809.79034,1385.8468,1192.4572,1477.1649,1175.5068
2017-04-05,1082.866,816.87805,1386.45,794.5645,1380.0161,1183.0428,1469.237,1159.7808
2017-04-06,1066.0619,806.439,1373.9667,771.30646,1373.5968,1165.6143,1462.67,1147.6849
2017-04-07,1072.5155,800.2195,1385.6833,809.64514,1393.0887,1171.0428,1481.3608,1162.4657
2017-04-08,1095.5979,829.3293,1408.6167,825.70966,1454.2258,1226.6428,1513.8866,1196.3699
2017-04-09,1112.33,841.2317,1414.8167,831.129,1472.2017,1249.6143,1518.67,1207.5616
2017-04-10,1118.134,824.54877,1403.5,892.4677,1471.1613,1258.2285,1489.8763,1212.0685
2017-04-11,1117.1959,818.04877,1374.8334,891.0484,1467.6451,1261.6857,1476.8763,1208.4795
2017-04-12,1114.866,814.5732,1364.5333,897.1129,1462.371,1261.5714,1470.8557,1209.0822
2017-04-13,1118.4845,805.6585,1350.75,902.30646,1456.5403,1257.3857,1470.5876,1236.0137
2017-04-14,1143.237,806.35364,1336.5333,912.20966,1464.1129,1294.8143,1478.4639,1245.1233
2017-04-15,1142.237,803.7805,1328.4667,914.6774,1468.0483,1301.1285,1473.2577,1242.4795
2017-04-16,1134.9175,795.4146,1313.2833,910.3871,1465.3468,1297.1143,1467.1031,1239.7261
2017-04-17,1128.3711,786.0244,1295.4333,914.9839,1467.0968,1295.5857,1469.2577,1250.8082
2017-04-18,1120.33,779.561,1275.5167,910.629,1470.492,1297.0,1474.3917,1236.863
2017-04-19,1108.33,792.13416,1255.3334,896.4516,1482.5807,1301.3857,1466.4536,1206.3972
2017-04-20,1098.0413,771.03656,1230.9333,886.0645,1479.7742,1299.4857,1454.2887,1192.9589
2017-04-21,1090.3505,768.04877,1218.1167,882.85486,1475.5161,1295.7,1446.7732,1191.3835
2017-04-22,1072.2166,746.59753,1200.2667,861.19354,1465.9436,1280.2285,1440.701,1180.0685
2017-04-23,1052.5155,750.0,1176.9667,845.8387,1454.2903,1262.1428,1434.1134,1153.3562
2017-04-24,1034.6185,744.5732,1159.1333,830.5645,1443.4517,1251.8286,1429.1237,1123.6028
2017-04-25,1030.5773,741.86584,1139.05,829.0968,1434.5483,1250.6714,1425.9279,1124.2877
2017-04-26,1022.1134,738.8049,1105.15,818.4032,1407.8064,1246.5,1418.9485,1117.8356
2017-04-27,1009.57733,731.35364,1079.1167,805.1129,1391.1532,1234.5,1413.134,1112.0273
2017-04-28,993.6185,726.10974,1056.15,791.25806,1374.0887,1225.0714,1406.9175,1095.0548
2017-04-29,982.42267,724.0244,1028.1333,775.1774,1358.3549,1219.2142,1399.4536,1061.0273
2017-04-30,969.4639,719.39026,997.25,747.5,1340.0322,1209.4286,1390.33,1088.7534
2017-05-01,945.19586,701.7317,971.38336,715.9355,1324.7903,1184.0,1381.9381,1063.7261
2017-05-02,914.6804,673.39026,935.43335,679.69354,1306.3146,1160.6285,1369.1547,1031.4795
2017-05-03,880.71136,658.79266,911.1,636.9677,1281.6049,1139.6,1354.4639,994.61646
2017-05-04,813.8969,639.20734,886.25,587.9839,1261.2339,1116.9286,1326.3815,973.0685
2017-05-05,772.6701,618.2805,848.43335,539.871,1232.1129,1093.8572,1288.0515,944.28766
2017-05-06,741.82477,606.2561,815.88336,507.14517,1201.992,1073.9429,1276.4639,913.58905
2017-05-07,733.82477,608.9878,781.1,496.98386,1173.7017,1065.9143,1361.9587,938.7945
2017-05-08,720.2371,609.2805,776.31665,469.85483,1160.0483,1058.5286,1359.33,923.7534
2017-05-09,700.4949,607.2683,772.81665,442.5645,1133.992,1043.9143,1355.2577,903.9726
2017-05-10,674.8763,596.5732,769.9,411.2742,1119.4032,1025.2142,1344.567,885.8082
2017-05-11,648.47424,618.37805,756.13336,365.87097,1093.5483,996.6857,1344.9794,872.86304
2017-05-12,626.7938,609.2439,742.1,342.98386,1070.5646,981.0857,1335.134,849.9589
2017-05-13,614.40204,608.2317,729.76666,326.6613,1052.0483,975.9143,1332.9794,837.56165
2017-05-14,607.7629,603.35364,725.93335,305.7258,1033.9758,972.97144,1330.1753,833.0685
2017-05-15,602.1134,599.64636,719.7833,291.7903,1015.4113,969.25714,1327.9794,833.9726
2017-05-16,595.0,553.13416,721.7167,269.9355,1002.8629,965.45715,1328.2166,824.56165
2017-05-17,593.71136,596.46344,717.2833,258.5,1001.5242,964.2286,1331.701,824.13696
2017-05-18,587.82477,594.5244,718.68335,242.19354,996.35486,960.3,1330.1855,808.9315
2017-05-19,575.48456,588.2439,711.1667,221.83871,986.9677,952.9286,1324.1443,790.56165
2017-05-20,553.8969,580.1585,702.6667,199.06451,973.49194,938.2143,1312.0,765.1096
2017-05-21,520.6701,564.4146,720.36664,176.90323,950.95966,918.7286,1291.9485,736.0411
2017-05-22,495.87628,545.061,675.9167,199.29033,905.7823,896.5714,1270.4434,708.23285
2017-05-23,469.0103,522.7317,647.8333,160.03226,872.0161,872.3571,1243.0515,681.6301
2017-05-24,438.09277,497.2073,628.05,134.51613,847.5887,844.75714,1213.3196,654.0274
2017-05-25,409.6701,477.63416,594.5833,119.935486,813.9032,799.5143,1189.8453,628.0822
2017-05-26,376.80414,462.2561,574.6667,112.129036,790.0968,775.4857,1176.67,606.1781
2017-05-27,339.2268,452.5366,523.3333,105.58064,748.121,755.38574,1163.4021,588.0685
2017-05-28,315.5464,437.13416,483.96667,94.98387,716.95966,734.1429,1147.299,561.9863
2017-05-29,295.02063,418.45123,468.73334,81.564514,698.9032,708.7714,1122.4227,525.8493
2017-05-30,273.83505,400.5366,480.05,68.09677,696.19354,681.2286,1092.9279,480.08218
2017-05-31,254.61856,380.93903,549.23334,59.48387,698.8306,656.34283,1083.866,441.9452
2017-06-01,244.40207,375.89026,545.76666,55.419353,682.25,641.6,1073.0413,426.17807
2017-06-02,231.01031,357.7439,536.11664,49.758064,657.8145,629.1429,1056.0721,402.36987
2017-06-03,205.5567,337.73172,635.8,41.83871,632.5645,610.1857,1055.0103,366.64383
2017-06-04,185.7732,317.09756,613.43335,35.032257,636.0726,584.9143,990.15466,318.67123
2017-06-05,170.90721,300.06097,601.38336,30.209677,600.6613,560.9286,892.9072,286.8356
2017-06-06,154.28867,283.59756,580.9667,26.14516,577.2339,537.4143,863.2268,246.21918
2017-06-07,140.43298,268.2561,558.8333,22.838709,552.9677,512.7857,833.19586,220.50685
2017-06-08,133.98969,258.87805,538.6667,21.419355,529.2661,490.67142,804.41235,202.0137
2017-06-09,125.793816,240.59756,527.86664,21.048388,515.879,477.97144,789.28864,195.45206
2017-06-10,117.74227,225.2561,517.9167,20.548388,504.25806,464.87143,780.52576,190.49315
2017-06-11,113.360825,188.03659,514.06665,20.241936,496.49194,456.32858,775.29895,185.9452
2017-06-12,107.8866,158.87805,306.66666,22.35484,441.2097,459.07144,754.30927,187.43835
2017-06-13,109.61855,142.69513,366.53333,20.903225,459.82257,462.3857,748.4639,189.0137
2017-06-14,110.61855,152.58537,509.83334,19.790323,485.3629,463.57144,763.9382,179.56165
2017-06-15,102.01031,146.30487,492.61667,18.17742,470.99194,447.91428,741.0618,160.58904
2017-06-16,92.35052,137.84146,469.65,16.387096,450.5645,412.1857,708.2165,136.9178
2017-06-17,80.69072,126.67073,463.41666,13.9838705,426.9758,377.85715,700.2062,114.0137
2017-06-18,71.25773,151.10976,427.76666,11.290322,385.5,342.58572,648.86597,92.671234
2017-06-19,60.484535,133.0,393.55,9.145162,344.65323,307.94287,598.6495,72.79452
2017-06-20,48.515465,114.12195,353.75,7.2419353,315.7016,272.2143,548.4639,53.931507
2017-06-21,36.73196,97.439026,316.0,5.612903,288.05646,238.35715,512.14435,36.53425
2017-06-22,29.371134,82.02439,282.88333,3.8709676,269.42743,205.68571,409.90723,28.123287
2017-06-23,24.443298,73.03658,252.53334,2.1774194,246.0,175.72858,377.49484,23.58904
2017-06-24,18.463917,63.939026,223.5,0.4516129,275.17743,160.02856,333.4536,15.438356
2017-06-25,11.969072,53.756096,196.28334,0.0,255.5242,138.24286,301.07217,8.767123
2017-06-26,6.85567,45.865852,173.1,0.0,235.16129,114.47143,271.8969,3.5342467
2017-06-27,4.0515466,40.853657,156.11667,0.0,220.62903,102.057144,250.34021,1.8082192
2017-06-28,2.3814433,36.841465,141.43333,0.0,209.45161,92.85714,232.47423,0.3561644
2017-06-29,1.3608247,33.80488,127.21667,0.0,186.90323,85.557144,215.82474,0.0
2017-06-30,0.8556701,30.390244,111.73333,0.0,172.58064,69.07143,196.2268,0.0
2017-07-01,0.25773194,26.890244,95.11667,0.0,156.73387,57.1,174.08247,0.0
2017-07-02,0.0,24.426828,81.28333,0.0,142.28226,49.24286,153.24742,0.0
2017-07-03,0.0,21.926828,68.816666,0.0,130.31451,39.82857,129.42268,0.0
2017-07-04,0.0,19.682926,60.1,0.0,116.508064,30.485714,108.07217,0.0
2017-07-05,0.0,17.439024,53.133335,0.0,102.395164,25.542856,92.5567,0.0
2017-07-06,0.0,15.073171,46.9,0.0,89.28226,20.62857,76.73196,0.0
2017-07-07,0.0,12.353659,39.8,0.0,74.47581,16.114286,62.237114,0.0
2017-07-08,0.0,9.914634,32.216667,0.0,61.080647,12.085714,48.14433,0.0
2017-07-09,0.0,7.0365853,23.233334,0.0,47.322582,8.014286,35.350517,0.0
2017-07-10,0.0,5.4268293,18.8,0.0,37.64516,4.3285713,26.175259,0.0
2017-07-11,0.0,3.987805,15.083333,0.0,30.67742,2.3428571,19.896908,0.0
2017-07-12,0.0,3.1341465,11.95,0.0,25.403225,1.4142857,14.762887,0.0
2017-07-13,0.0,2.3292682,9.45,0.0,20.532259,0.64285713,10.618557,0.0
2017-07-14,0.0,1.804878,6.733333,0.0,15.782258,0.0,6.453608,0.0
2017-07-15,0.0,1.4268292,4.9,0.0,11.943548,0.0,3.1134021,0.0
2017-07-16,0.0,0.9756098,3.35,0.0,8.758064,0.0,1.3917526,0.0
2017-07-17,0.0,0.4878049,2.5166667,0.0,6.596774,0.0,0.39175257,0.0
2017-07-18,0.0,0.048780486,1.8166667,0.0,4.798387,0.0,0.0,0.0
2017-07-19,0.0,0.0,1.2,0.0,3.5725806,0.0,0.0,0.0
2017-07-20,0.0,0.0,0.56666666,0.0,2.862903,0.0,0.0,0.0
2017-07-21,0.0,0.0,0.0,0.0,2.3709676,0.0,0.0,0.0
2017-07-22,0.0,0.0,0.0,0.0,1.8387097,0.0,0.0,0.0
2017-07-23,0.0,0.0,0.0,0.0,1.1370968,0.0,0.0,0.0
2017-07-24,0.0,0.0,0.0,0.0,0.5483871,0.0,0.0,0.0
2017-07-25,0.0,0.0,0.0,0.0,0.2983871,0.0,0.0,0.0
2017-07-26,0.0,0.0,0.0,0.0,0.06451613,0.0,0.0,0.0
2017-07-27,0.0,0.0,0.0,0.0,0.0,0.0,0.0,0.0
2017-07-28,0.0,0.0,0.0,0.0,0.0,0.0,0.0,0.0
2017-07-29,0.0,0.0,0.0,0.0,0.0,0.0,0.0,0.0
2017-07-30,0.0,0.0,0.0,0.0,0.0,0.0,0.0,0.0
2017-07-31,0.0,0.0,0.0,0.0,0.0,0.0,0.0,0.0
2017-08-01,0.0,0.0,0.0,0.0,0.0,0.0,0.0,0.0
2017-08-02,0.0,0.0,0.0,0.0,0.0,0.0,0.0,0.0
2017-08-03,0.0,0.0,0.0,0.0,0.0,0.0,0.0,0.0
2017-08-04,0.0,0.0,0.0,0.0,0.0,0.0,0.0,0.0
2017-08-05,0.0,0.0,0.0,0.0,0.0,0.0,0.0,0.0
2017-08-06,0.0,0.0,0.0,0.0,0.0,0.0,0.0,0.0
2017-08-07,0.0,0.0,0.0,0.0,0.0,0.0,0.0,0.0
2017-08-08,0.0,0.0,0.0,0.0,0.0,0.0,0.0,0.0
2017-08-09,0.0,0.0,0.0,0.0,0.0,0.0,0.0,0.0
2017-08-10,0.0,0.0,0.0,0.0,0.0,0.0,0.0,0.0
2017-08-11,0.0,0.0,0.0,0.0,0.0,0.0,0.0,0.0
2017-08-12,0.0,0.0,0.0,0.0,0.0,0.0,0.0,0.0
2017-08-13,0.0,0.0,0.0,0.0,0.0,0.0,0.0,0.0
2017-08-14,0.0,0.0,0.0,0.0,0.0,0.0,0.0,0.0
2017-08-15,0.0,0.0,0.0,0.0,0.0,0.0,0.0,0.0
2017-08-16,0.0,0.0,0.0,0.0,0.0,0.0,0.0,0.0
2017-08-17,0.0,0.0,0.0,0.0,0.0,0.0,0.0,0.0
2017-08-18,0.0,0.0,0.0,0.0,0.0,0.0,0.0,0.0
2017-08-19,0.0,0.0,0.0,0.0,0.0,0.0,0.0,0.0
2017-08-20,0.0,0.0,0.0,0.0,0.0,0.0,0.0,0.0
2017-08-21,0.0,0.0,0.0,0.0,0.0,0.0,0.0,0.0
2017-08-22,0.0,0.0,0.0,0.0,0.0,0.0,0.0,0.0
2017-08-23,0.0,0.0,0.0,0.0,0.0,0.0,0.0,0.0
2017-08-24,0.0,0.0,0.0,0.0,0.0,0.0,0.0,0.0
2017-08-25,0.0,0.0,0.0,0.0,0.0,0.0,0.0,0.0
2017-08-26,0.0,0.0,0.0,0.0,0.0,0.0,0.0,0.0
2017-08-27,0.0,0.0,0.0,0.0,0.0,0.0,0.0,0.0
2017-08-28,0.0,0.0,0.0,0.0,0.0,0.0,0.0,0.0
2017-08-29,0.0,0.0,0.0,0.0,0.0,0.0,0.0,0.0
2017-08-30,0.0,0.0,0.0,0.0,0.0,0.0,0.0,0.0
2017-08-31,0.0,0.0,0.0,0.0,0.0,0.0,0.0,0.0
2017-09-01,0.0,0.0,0.0,0.0,0.0,0.0,0.0,0.0
2017-09-02,0.0,0.0,0.0,0.0,0.0,0.0,0.0,0.0
2017-09-03,0.0,0.0,0.0,0.0,0.0,0.0,0.0,0.0
2017-09-04,0.0,0.0,0.0,0.0,0.0,0.0,0.0,0.0
2017-09-05,0.0,0.0,0.0,0.0,0.0,0.0,0.0,0.0
2017-09-06,0.0,0.0,0.0,0.0,0.0,0.0,0.0,0.0
2017-09-07,0.0,0.0,0.0,0.0,0.0,0.0,0.0,0.0
2017-09-08,0.0,0.0,0.0,0.0,0.0,0.0,0.0,0.0
2017-09-09,0.0,0.0,0.0,0.0,0.0,0.0,0.0,0.0
2017-09-10,0.0,0.0,0.0,0.0,0.0,0.0,0.0,0.0
2017-09-11,0.0,0.0,0.0,0.0,0.0,0.0,0.0,0.0
2017-09-12,0.0,0.0,0.0,0.0,0.0,0.0,0.0,0.0
2017-09-13,0.0,0.0,0.0,0.0,0.0,0.0,0.0,0.0
2017-09-14,0.0,0.0,0.0,0.0,0.0,0.0,0.0,0.0
2017-09-15,0.0,0.0,0.0,0.0,0.0,0.0,0.0,0.0
2017-09-16,0.0,0.0,0.0,0.0,0.0,0.0,0.0,0.0
2017-09-17,0.0,0.0,0.0,0.0,0.0,0.0,0.0,0.0
2017-09-18,0.0,0.0,0.0,0.0,0.0,0.0,0.0,0.0
2017-09-19,0.0,0.0,0.0,0.0,0.0,0.0,0.0,0.0
2017-09-20,0.0,0.0,0.0,0.0,0.0,0.0,0.0,0.0
2017-09-21,0.05154639,0.0,0.2,0.0,0.58064514,0.27142859,0.0927835,0.0
2017-09-22,2.030928,3.292683,3.55,0.0,5.080645,1.0285715,5.3092785,1.9589041
2017-09-23,2.0,3.097561,4.3,0.0,5.072581,1.1428572,4.546392,1.6712328
2017-09-24,1.3195876,2.621951,3.8166666,0.0,4.7580647,1.3714286,4.3814435,0.49315068
2017-09-25,0.26804122,1.9756098,2.85,0.0,4.2580647,1.2428571,4.783505,0.04109589
2017-09-26,0.072164945,1.9268292,1.2333333,0.0,4.225806,0.6571429,3.4123712,0.0
2017-09-27,0.0,0.9390244,0.36666667,0.0,3.096774,0.45714286,1.7422681,0.0
2017-09-28,0.0,0.3902439,0.16666667,0.0,1.6370968,0.071428575,0.41237113,0.0
2017-09-29,0.0,0.085365854,0.0,0.0,0.43548387,0.0,0.0,0.0
2017-09-30,0.0,0.036585364,0.0,0.0,0.12096774,0.0,0.0,0.0
2017-10-01,0.0,0.0121951215,0.0,0.0,0.008064516,0.0,0.0,0.0
2017-10-02,0.0,0.0,0.0,0.0,0.0,0.0,0.0,0.0
2017-10-03,0.0,0.0,0.0,0.0,0.0,0.0,0.0,0.0
2017-10-04,0.0,0.0,0.0,0.0,0.0,0.3,0.5463917,0.0
2017-10-05,0.0,0.0,0.0,0.0,0.0,0.34285715,0.29896906,0.0
2017-10-06,0.0,0.0,0.0,0.0,0.0,0.0,0.0,0.0
2017-10-07,0.0,0.0,0.0,0.0,0.0,0.0,0.0,0.0
2017-10-08,0.0,0.0,0.0,0.0,0.0,0.0,0.0,0.0
2017-10-09,0.0,0.0,0.0,0.0,0.0,0.0,0.0,0.0
2017-10-10,0.0,0.0,0.0,0.0,0.0,0.0,0.0,0.0
2017-10-11,0.0,0.0,0.0,0.0,0.0,0.0,0.0,0.0
2017-10-12,0.0,0.0,0.0,0.0,0.0,0.0,0.0,0.0
2017-10-13,0.0,0.0,0.0,0.0,0.0,0.0,0.0,0.0
2017-10-14,0.0,0.0,0.0,0.0,0.0,0.0,0.0,0.0
2017-10-15,0.0,0.0,0.0,0.0,0.0,0.0,0.0,0.0
2017-10-16,0.0,0.0,0.0,0.0,0.0,0.0,0.0,0.0
2017-10-17,0.0,0.0,0.0,0.0,0.0,0.0,0.0,0.0
2017-10-18,0.0,0.0,0.0,0.0,0.0,0.0,0.0,0.0
2017-10-19,0.0,0.0,0.0,0.0,0.0,0.0,0.0,0.0
2017-10-20,0.0,0.0,0.016666668,4.693548,0.0,0.0,0.0,1.6438357
2017-10-21,3.2474227,0.18292683,1.9166666,6.032258,2.7258065,2.0142858,2.8969073,2.7808218
2017-10-22,1.628866,0.17073171,0.5833333,4.387097,1.4435484,0.6,1.1340206,1.5753424
2017-10-23,0.030927835,0.0,0.0,1.3870968,0.048387095,0.0,0.0,0.0
2017-10-24,0.0,0.0,0.0,0.0,0.0,0.0,0.0,0.0
2017-10-25,0.0,0.0,0.0,0.0,0.0,0.0,0.0,0.0
2017-10-26,0.0,0.0,0.0,0.0,0.0,0.0,0.0,0.0
2017-10-27,0.0,0.0,0.0,0.0,0.0,0.0,0.0,0.0
2017-10-28,0.0,0.0,0.0,0.0,0.0,0.0,0.0,0.0
2017-10-29,0.0,0.0,0.0,0.0,0.0,0.0,0.0,0.0
2017-10-30,0.0,0.0,0.0,0.0,0.0,0.0,0.0,0.0
2017-10-31,0.0,0.0,0.0,0.0,0.0,0.0,0.0,0.0
2017-11-01,0.0,0.0,0.0,0.0,0.0,0.0,0.0,0.0
2017-11-02,0.0,0.0,0.0,0.0,0.0,0.0,0.0,0.0
2017-11-03,0.0,0.0,0.0,0.0,0.0,0.0,0.0,0.0
2017-11-04,2.6597939,0.0,0.4,8.33871,0.008064516,0.0,0.0,16.917809
2017-11-05,9.14433,0.0,1.8166667,15.16129,0.04032258,2.057143,1.0309278,30.657534
2017-11-06,9.268042,0.3902439,1.9666667,15.548388,0.04032258,2.2,1.5051546,30.31507
2017-11-07,8.628866,0.41463414,1.8333334,17.032259,0.04032258,2.0,1.3917526,28.50685
2017-11-08,7.3195877,0.37804878,1.35,17.193548,0.016129032,1.2285714,0.8659794,27.986301
2017-11-09,8.381443,0.36585367,0.8333333,15.854838,0.0,0.94285715,0.9484536,30.767124
2017-11-10,10.041237,0.36585367,0.76666665,15.032258,0.0,3.857143,2.3814433,32.49315
2017-11-11,9.876288,0.36585367,0.76666665,15.048388,0.0,3.4142857,2.3092782,31.849316
2017-11-12,9.298969,0.36585367,0.71666664,16.5,0.0,2.7285714,2.1134021,29.60274
2017-11-13,8.051546,0.41463414,0.4,14.645162,0.0,1.5571429,1.5773196,28.109589
2017-11-14,9.85567,0.36585367,0.3,17.774193,0.0,2.2857144,2.0206184,26.027397
2017-11-15,9.412371,0.35365853,0.25,17.338709,0.0,1.9714285,2.0515463,24.219177
2017-11-16,30.01031,0.46341464,6.4,49.564518,3.3548386,19.071428,23.87629,55.30137
2017-11-17,57.474228,12.365853,46.333332,52.19355,32.60484,58.62857,83.53608,72.30137
2017-11-18,57.97938,24.134146,47.55,52.33871,36.620968,63.62857,92.97938,74.753426
2017-11-19,60.40206,23.829268,46.733334,52.080647,37.475807,61.285713,90.07217,74.246574
2017-11-20,59.670105,22.939024,46.583332,52.451614,36.822582,60.185715,90.24742,69.10959
2017-11-21,60.649483,20.426828,45.983334,50.258064,35.919353,64.11429,95.26804,73.50685
2017-11-22,56.628864,14.914634,43.466667,45.548386,32.387096,61.07143,93.84536,68.287674
2017-11-23,49.226803,8.243902,46.433334,42.580647,29.14516,57.57143,90.73196,62.89041
2017-11-24,43.835052,5.865854,39.366665,33.774193,23.959677,53.82857,84.28866,59.164383
2017-11-25,40.42268,4.597561,34.466667,28.338709,20.685484,49.471428,74.68041,55.849316
2017-11-26,36.773197,2.7195122,27.766666,27.661291,16.532259,46.471428,68.01031,52.0
2017-11-27,47.587627,4.487805,39.433334,27.838709,24.548388,60.728573,98.27835,54.79452
2017-11-28,51.216496,12.54878,38.266666,29.338709,36.669353,69.5,104.71134,57.931507
2017-11-29,51.02062,11.902439,38.0,28.016129,36.33871,71.92857,102.64948,57.10959
2017-11-30,50.54639,11.231708,39.216667,27.016129,35.701614,69.48572,102.28866,56.0
2017-12-01,49.75258,10.52439,44.116665,25.903225,34.532257,67.07143,99.948456,54.945206
2017-12-02,49.24742,10.158537,42.983334,25.580645,33.35484,67.71429,105.46392,52.739727
2017-12-03,53.59794,9.939024,42.333332,31.806452,32.322582,66.02857,107.391754,57.054794
2017-12-04,56.835052,9.95122,41.533333,32.612904,32.717743,73.41428,109.92783,69.095894
2017-12-05,54.474228,9.95122,41.733334,32.80645,33.177418,75.14286,109.24742,64.27397
2017-12-06,53.87629,9.95122,41.616665,33.532257,31.596775,74.9,109.07217,63.10959
2017-12-07,53.03093,9.939024,42.516666,29.467741,31.048388,73.38571,110.52577,62.0
2017-12-08,52.43299,9.585366,41.383335,26.483871,29.185484,71.685715,109.103096,61.849316
2017-12-09,52.484535,9.219512,39.333332,25.580645,27.911291,69.21429,106.18557,61.068493
2017-12-10,50.70103,8.756098,37.633335,24.903225,29.225807,66.92857,102.46392,62.71233
2017-12-11,48.329895,8.243902,36.083332,28.387096,27.959677,65.171425,99.0,62.575344
2017-12-12,46.85567,7.9390244,34.516666,27.548388,27.064516,63.028572,94.93814,59.643837
2017-12-13,44.01031,7.4390244,31.966667,25.629032,25.282259,61.0,89.27835,57.61644
2017-12-14,41.680412,7.085366,29.55,23.370968,23.57258,57.728573,83.64948,56.27397
2017-12-15,39.24742,6.756098,27.233334,22.032259,21.758064,55.185715,79.86598,56.438354
2017-12-16,37.26804,6.768293,25.916666,21.338709,23.782259,52.657143,76.948456,55.136986
2017-12-17,37.525772,6.768293,25.916666,20.419355,23.774193,52.357143,76.96907,57.027397
2017-12-18,37.29897,6.768293,25.883333,21.112904,23.774193,52.92857,76.948456,55.72603
2017-12-19,36.01031,6.756098,25.6,20.14516,23.629032,51.885715,75.896904,56.136986
2017-12-20,35.525772,6.756098,25.316668,23.064516,23.508064,51.24286,75.21649,56.931507
2017-12-21,42.226803,8.109756,29.333334,22.85484,23.024193,58.685715,83.22681,61.71233
2017-12-22,42.70103,8.121951,29.316668,22.741936,23.024193,60.2,83.40206,59.739727
2017-12-23,43.206184,8.060976,29.566668,22.532259,23.080645,61.32857,84.175255,59.561646
2017-12-24,39.381443,8.012196,27.75,21.129032,22.39516,57.342857,81.77319,58.315067
2017-12-25,37.783504,7.8170733,26.8,20.532259,21.774193,53.585712,80.12371,58.72603
2017-12-26,37.092785,7.621951,26.333334,19.580645,21.451612,52.285713,78.948456,57.38356
2017-12-27,35.340206,7.5,25.716667,18.709677,21.10484,50.471428,77.38145,55.136986
2017-12-28,33.57732,7.304878,24.966667,18.209677,23.556452,49.314285,75.65979,53.136986
2017-12-29,31.01031,6.743902,23.283333,17.532259,22.306452,46.314285,72.87629,49.452053
2017-12-30,28.58763,6.378049,21.15,16.693548,20.862904,43.2,69.30928,46.643837
2017-12-31,27.092783,6.0731707,20.016666,15.919354,20.008064,41.285713,66.639175,44.232876
2018-01-01,26.319588,6.0487804,19.333334,15.048388,19.798388,39.771427,64.701035,44.575344
2018-01-02,24.525774,5.914634,18.683332,14.193548,19.524193,38.285713,62.680412,40.164383
2018-01-03,23.051546,5.768293,18.033333,13.5161295,19.241936,37.014286,60.85567,37.246574
2018-01-04,21.474226,5.768293,17.366667,13.0,19.080645,35.42857,58.587627,34.232876
2018-01-05,22.01031,7.4512196,18.233334,14.354838,21.346775,36.142857,59.329895,33.136986
2018-01-06,22.371134,7.707317,20.683332,17.532259,22.10484,42.614285,71.793816,34.72603
2018-01-07,33.309277,9.414634,40.65,16.467741,38.04032,63.04286,96.360825,34.835617
2018-01-08,33.371136,10.012196,43.466667,16.225807,38.153225,64.25714,97.56701,33.10959
2018-01-09,39.17526,23.926828,82.8,28.661291,74.53226,75.7,131.5567,61.47945
2018-01-10,38.4433,41.487804,89.86667,30.532259,79.70968,78.77143,137.96907,58.452053
2018-01-11,40.57732,41.914635,90.76667,30.306452,80.435486,80.942856,140.3299,61.136986
2018-01-12,39.690723,41.780487,91.98333,29.161291,81.03226,80.75714,141.25774,57.150684
2018-01-13,36.85567,41.036587,93.95,27.5,80.798386,80.328575,141.48454,54.863014
2018-01-14,33.329895,39.890244,96.25,23.709677,80.47581,79.62857,139.70103,48.767124
2018-01-15,30.185568,38.09756,93.03333,20.935484,79.3871,75.542854,136.35051,50.342464
2018-01-16,27.814432,39.012196,88.316666,19.838709,78.40323,71.61429,132.79381,45.931507
2018-01-17,26.98969,38.341465,85.26667,19.064516,76.895164,69.14286,130.62886,43.89041
2018-01-18,25.0,36.951218,78.316666,17.967741,74.41936,65.52857,125.206184,39.61644
2018-01-19,40.257732,36.134148,88.8,34.951614,73.97581,72.97143,142.04124,60.219177
2018-01-20,45.804123,41.878048,98.38333,35.548386,81.03226,80.8,151.29897,65.15069
2018-01-21,44.463917,42.048782,98.53333,35.35484,81.66129,80.38571,151.46391,65.16438
2018-01-22,46.103092,41.92683,98.51667,44.096775,81.82258,81.12857,151.47423,68.27397
2018-01-23,48.56701,41.939026,99.416664,48.741936,82.645164,83.042854,152.83505,72.821915
2018-01-24,48.958763,42.121952,99.55,49.048386,83.55645,83.15714,152.13402,71.31507
2018-01-25,67.87629,42.09756,111.55,72.80645,89.491936,92.61429,167.78351,103.0137
2018-01-26,90.175255,46.817074,120.85,82.77419,99.16129,104.685715,177.08247,121.9863
2018-01-27,90.701035,46.817074,120.2,86.98387,99.90323,104.64286,176.57732,122.87671
2018-01-28,90.14433,46.646343,120.46667,82.935486,100.298386,104.07143,176.59793,123.41096
2018-01-29,85.83505,43.82927,111.51667,80.370964,97.58064,95.314285,172.39175,119.54794
2018-01-30,75.92783,40.853657,99.55,77.58064,92.82258,87.24286,161.58763,113.64384
2018-01-31,62.82474,41.817074,90.71667,73.27419,89.53226,81.7,152.43298,110.83562
2018-02-01,54.092785,40.59756,81.916664,67.91936,86.98387,75.9,143.38144,102.42466
2018-02-02,44.97938,38.317074,72.1,59.0,83.42742,69.72857,135.93814,91.68493
2018-02-03,37.87629,35.658535,64.86667,47.435482,80.34677,64.27143,128.3299,81.34247
2018-02-04,32.938145,33.292683,60.866665,38.822582,77.75,60.6,122.47423,73.15069
2018-02-05,29.051546,31.378048,58.0,31.82258,75.064514,57.82857,118.206184,61.328766
2018-02-06,26.649485,30.585365,56.133335,28.951612,73.451614,55.728573,114.24742,54.19178
2018-02-07,25.670103,30.036585,55.033333,27.403225,72.71774,54.67143,111.793816,50.342464
2018-02-08,23.628866,28.963415,52.583332,25.17742,70.96774,52.17143,106.701035,44.19178
2018-02-09,21.381443,27.707317,49.466667,22.82258,68.83064,48.857143,100.42268,38.53425
2018-02-10,19.680412,27.109756,47.05,22.258064,67.47581,46.12857,95.53608,35.041096
2018-02-11,19.608248,27.109756,46.883335,22.661291,67.41936,46.114285,95.46392,34.589043
2018-02-12,19.814432,27.109756,46.933334,23.0,67.42742,46.114285,95.50516,34.931507
2018-02-13,23.072165,26.475609,44.583332,23.290323,69.44355,49.228573,97.07217,35.52055
2018-02-14,22.969072,26.487804,44.1,23.564516,69.27419,49.228573,97.09278,35.589043
2018-02-15,22.886599,26.475609,44.1,24.096775,69.30645,49.228573,97.103096,35.561646
2018-02-16,21.659794,26.634146,43.983334,24.516129,69.241936,49.657143,97.18557,35.589043
2018-02-17,20.113401,26.59756,43.633335,24.258064,69.048386,47.814285,97.175255,34.36986
2018-02-18,19.350515,27.45122,48.333332,23.467741,69.69355,45.914288,95.546394,33.28767
2018-02-19,25.14433,27.475609,42.866665,23.82258,68.58871,52.25714,100.27835,40.150684
2018-02-20,25.618557,27.109756,43.316666,23.290323,68.82258,52.614285,101.59794,40.438354
2018-02-21,25.618557,27.09756,43.233334,22.951612,68.80645,52.585712,101.85567,40.424656
2018-02-22,26.164948,27.158537,43.45,22.935484,69.23387,52.814285,101.87629,40.63014
2018-02-23,37.45361,31.853659,55.483334,26.274193,82.27419,69.27143,121.86598,52.780823
2018-02-24,37.43299,32.243904,55.483334,25.951612,82.314514,69.27143,121.85567,52.780823
2018-02-25,37.587627,32.26829,55.4,25.596775,82.19355,69.65714,121.46392,52.753426
2018-02-26,38.57732,32.26829,55.4,27.435484,82.25,69.71429,121.46392,53.46575
2018-02-27,59.319588,36.76829,62.716667,37.725807,91.145164,89.24286,137.36082,82.21918
2018-02-28,59.56701,41.292683,63.733334,37.129032,93.19355,89.6,137.50516,82.19178
2018-03-01,66.051544,43.02439,65.85,56.30645,93.991936,90.942856,142.75258,97.39726
2018-03-02,119.58763,67.54878,121.333336,99.19355,170.74193,151.6,217.1134,164.49315
2018-03-03,159.65979,87.13415,159.48334,109.8871,209.1129,201.31429,274.82474,197.75342
2018-03-04,174.07216,104.92683,170.53334,115.98387,232.94354,219.61429,290.64948,214.9726
2018-03-05,176.8866,105.35366,170.53334,116.064514,232.91936,222.4,291.35052,216.34247
2018-03-06,177.27835,105.402435,170.78334,115.935486,233.57259,222.58571,291.42267,216.65753
2018-03-07,176.45361,105.35366,171.83333,114.33871,234.24193,221.92857,292.46393,215.36986
2018-03-08,176.08247,104.97561,172.63333,113.82258,234.9758,223.58571,293.59793,213.53424
2018-03-09,176.20619,104.52439,172.96666,113.77419,235.6129,223.21428,294.60825,213.69862
2018-03-10,175.84537,103.268295,173.56667,113.27419,236.25,222.35715,295.14432,212.83562
2018-03-11,176.73196,110.31707,174.26666,113.0,236.60484,221.94286,289.6598,214.46576
2018-03-12,172.20619,108.743904,175.43333,110.72581,237.08064,220.51428,282.87628,212.32877
2018-03-13,165.08247,104.96342,179.68333,106.064514,237.30646,218.45714,277.7835,209.43835
2018-03-14,198.57732,115.402435,210.58333,140.83871,263.71774,252.52856,326.09277,253.43835
2018-03-15,225.41237,119.04878,218.5,161.74193,274.92743,273.0,341.48453,277.80823
2018-03-16,271.90723,120.97561,221.55,185.70967,279.12903,302.77142,353.30927,323.43835
2018-03-17,321.19586,132.87805,244.45,203.40323,306.05646,359.67142,389.72165,354.50684
2018-03-18,329.1134,135.39024,250.73334,206.95161,312.76614,371.74286,394.12372,364.65753
2018-03-19,330.80414,135.7561,246.58333,205.35484,313.21774,375.64285,393.53607,364.60275
2018-03-20,332.24744,133.53659,251.48334,203.53226,312.69354,376.25714,394.69073,372.06848
2018-03-21,349.7835,141.08537,260.45,214.7742,327.7097,384.41428,406.40207,395.67123
2018-03-22,372.93814,172.7439,297.48334,234.17741,395.5403,404.94287,446.80414,411.39725
2018-03-23,410.4433,205.47562,354.08334,250.91936,478.14517,453.4,511.1031,443.34247
2018-03-24,410.72165,204.82927,354.38333,258.25806,477.53226,456.3,512.17523,445.137
2018-03-25,425.64948,204.52438,357.35,262.1613,477.60483,458.51428,517.19586,457.1096
2018-03-26,428.31958,205.01219,359.21667,264.96774,479.0484,455.92856,517.63916,460.58905
2018-03-27,428.81442,204.95122,359.31668,265.48386,478.5887,452.17142,517.0618,461.20547
2018-03-28,426.53607,203.53659,358.91666,262.1129,478.69354,452.87143,516.3917,457.24658
2018-03-29,413.5464,200.03659,356.8,249.51613,477.51614,447.48572,514.5567,447.726
2018-03-30,398.07217,194.08537,354.8,230.45161,476.5,439.0,509.4433,435.69864
2018-03-31,378.07217,186.17073,351.71667,206.74193,471.74194,427.4,504.3299,420.47946
2018-04-01,355.18558,178.91463,350.26666,179.87097,466.41934,413.8,499.3402,395.43835
2018-04-02,334.05154,169.40244,348.05,155.54839,457.3629,402.24286,495.15463,369.20547
2018-04-03,318.12372,163.96341,345.96667,142.17741,451.05646,393.42856,491.76288,353.67123
2018-04-04,300.59793,159.7683,342.45,127.27419,442.5484,386.2143,485.43298,335.64383
2018-04-05,274.8969,154.89024,338.78333,106.67742,428.82257,373.6143,477.41238,319.39725
2018-04-06,256.8866,149.79268,330.21667,97.435486,417.87097,360.91428,472.58762,308.9589
2018-04-07,243.83505,143.89024,331.26666,91.72581,423.37903,352.77142,423.63916,303.91782
2018-04-08,235.47423,148.47562,339.35,87.90323,435.39517,362.57144,435.87628,294.1233
2018-04-09,229.86598,144.81708,334.08334,79.1129,429.37097,354.3857,432.4536,286.31506
2018-04-10,210.04124,135.69513,320.88333,58.64516,416.6855,331.82858,426.36084,264.64383
2018-04-11,196.50516,138.92683,310.11667,51.225807,404.12097,309.42856,429.2165,248.0
2018-04-12,201.3299,126.54878,306.61667,57.822582,400.4516,313.91428,430.9691,251.9452
2018-04-13,201.7629,121.914635,303.91666,57.98387,396.80646,317.7143,482.1031,252.63014
2018-04-14,198.95876,123.03658,298.51666,56.51613,391.25806,316.1143,480.0825,248.54794
2018-04-15,184.25774,130.34146,286.98334,48.322582,383.14517,304.8857,472.69073,233.41096
2018-04-16,197.62886,128.40244,285.75,59.419353,377.4758,313.55713,474.39175,249.28767
2018-04-17,209.16495,116.060974,295.76666,68.241936,384.3871,337.24286,474.50516,263.32877
2018-04-18,210.82474,116.07317,295.73334,68.53226,383.9597,340.02856,460.23712,257.0959
2018-04-19,210.41237,117.21951,295.65,68.935486,386.32257,339.67142,440.0,260.79453
2018-04-20,209.14433,116.060974,292.16666,68.29032,384.98386,339.54285,427.27835,249.80821
2018-04-21,193.03093,121.92683,288.18332,53.387096,389.5242,321.1857,418.57733,241.31506
2018-04-22,166.24742,127.54878,272.98334,43.20968,377.6613,301.32858,401.92783,214.75342
2018-04-23,148.2371,115.96342,284.45,36.532257,367.2016,277.55713,404.57733,185.15068
2018-04-24,128.8866,110.86585,265.36667,29.887096,353.0887,259.48572,386.3402,160.04109
2018-04-25,109.01031,102.36585,258.76666,23.580645,360.48386,243.42857,371.15463,135.83562
2018-04-26,85.98969,98.10976,238.78334,17.548388,342.64517,223.72858,350.04123,102.65753
2018-04-27,69.948456,107.98781,208.38333,13.709678,329.0645,202.27142,329.30927,81.712326
2018-04-28,65.69072,106.01219,194.33333,12.903226,320.34677,197.27142,318.12372,76.21918
2018-04-29,63.670105,87.65854,191.65,14.17742,314.2016,196.2,316.0103,74.53425
2018-04-30,63.505154,79.20731,190.5,14.096774,312.62903,196.27142,315.42267,74.53425
2018-05-01,62.804123,72.231705,191.83333,14.596774,296.69354,197.28572,316.06186,74.520546
2018-05-02,59.927834,75.70731,168.1,13.290322,295.30646,195.92857,315.14432,71.19178
2018-05-03,56.113403,70.243904,183.41667,12.290322,294.76614,190.04286,296.81442,66.520546
2018-05-04,49.96907,80.80488,180.38333,10.580646,299.91934,178.98572,295.6701,58.232876
2018-05-05,41.96907,77.39024,177.75,8.967742,291.28226,183.21428,303.6701,49.10959
2018-05-06,35.82474,72.5,171.01666,7.790323,283.16934,165.54286,288.20618,42.08219
2018-05-07,30.113401,68.085365,160.15,7.193548,265.3629,150.35715,273.31958,36.90411
2018-05-08,23.969072,64.12195,147.3,6.580645,249.07259,137.28572,254.72165,31.232876
2018-05-09,17.814432,67.5,130.7,5.483871,232.8871,119.14286,255.43298,25.287672
2018-05-10,14.474227,62.67073,120.38333,4.7419353,222.45967,108.52857,226.30928,21.69863
2018-05-11,11.917526,60.19512,112.78333,4.096774,214.37903,100.28571,204.1134,21.219177
2018-05-12,10.876288,59.609756,110.48333,3.8064516,208.45967,98.685715,202.02061,19.90411
2018-05-13,10.268042,59.5,103.36667,3.3709676,201.75,99.37143,199.51546,18.80822
2018-05-14,8.938145,59.17073,107.48333,2.6774194,203.75,96.77143,199.52577,16.30137
2018-05-15,7.14433,58.32927,103.8,1.8548387,204.05646,92.057144,194.90721,13.739726
2018-05-16,5.7628865,57.341465,100.51667,1.2258065,199.85484,88.61429,190.48454,11.945206
2018-05-17,5.2371135,57.378048,100.23333,0.83870965,184.68549,87.52857,189.87628,11.493151
2018-05-18,4.4226804,57.158535,98.48333,0.2580645,179.3871,85.328575,187.17526,10.150685
2018-05-19,3.4948454,55.939026,93.5,0.0,175.69354,80.48572,180.65979,8.356164
2018-05-20,2.9072165,54.5,88.0,0.0,176.07259,75.61429,173.4433,6.479452
2018-05-21,2.5670104,53.878048,83.916664,0.0,170.92741,71.814285,167.92784,4.972603
2018-05-22,2.2783506,53.365852,81.88333,0.0,163.62903,69.77143,165.43298,3.9863014
2018-05-23,1.8453609,52.682926,78.083336,0.0,167.66936,64.71429,159.54639,2.8356164
2018-05-24,1.4329897,50.634148,72.76667,0.0,156.80646,58.9,151.87628,2.0136986
2018-05-25,1.1030928,49.158535,67.433334,0.0,153.35484,54.24286,142.96907,1.5068493
2018-05-26,1.1030928,37.512196,67.76667,0.0,146.35484,53.75714,142.73196,1.4109589
2018-05-27,1.1030928,42.719513,67.566666,0.0,144.21774,53.8,142.15463,1.3287672
2018-05-28,0.9381443,48.841465,64.916664,0.0,134.31451,51.2,137.91753,1.0273973
2018-05-29,0.63917524,45.5,57.5,0.0,123.73387,46.67143,127.42268,0.5068493
2018-05-30,0.2783505,39.76829,48.05,0.0,116.5,41.07143,113.896904,0.0
2018-05-31,0.0,37.536587,42.45,0.0,112.32258,37.228573,104.83505,0.0
2018-06-01,0.0,37.19512,41.733334,0.0,111.6371,36.32857,103.01031,0.0
2018-06-02,0.0,35.97561,38.9,0.0,108.53226,32.728573,96.26804,0.0
2018-06-03,0.0,30.634146,32.75,0.0,99.47581,26.157143,81.27835,0.0
2018-06-04,0.0,24.90244,26.933332,0.0,114.79032,21.814285,67.47423,0.0
2018-06-05,0.0,28.134146,22.883333,0.0,105.29032,17.671429,56.350517,0.0
2018-06-06,0.0,24.939024,19.45,0.0,96.41129,14.4,47.54639,0.0
2018-06-07,0.0,23.463415,17.416666,0.0,90.98387,12.3714285,41.319588,0.0
2018-06-08,0.0,22.475609,15.783334,0.0,85.94355,10.985714,36.185566,0.0
2018-06-09,0.0,20.609756,13.65,0.0,78.685486,9.3,30.340206,0.0
2018-06-10,0.0,20.085365,12.933333,0.0,75.6129,8.685715,28.237114,0.0
2018-06-11,0.0,19.756098,12.2,0.0,72.6129,7.7,25.257732,0.0
2018-06-12,0.0,17.560976,10.283334,0.0,65.09677,5.4857144,19.402061,0.0
2018-06-13,0.0,14.439024,7.233333,0.0,56.241936,2.8,13.030928,0.0
2018-06-14,0.0,12.646341,4.5333333,0.0,47.16129,1.2142857,7.0,0.0
2018-06-15,0.0,11.0,3.25,0.0,39.927418,0.24285714,4.484536,0.0
2018-06-16,0.0,9.829268,2.5,0.0,35.14516,0.0,2.8556702,0.0
2018-06-17,0.0,9.621951,2.2666667,0.0,33.60484,0.0,1.8762887,0.0
2018-06-18,0.0,9.621951,2.25,0.0,33.41129,0.0,1.6185567,0.0
2018-06-19,0.0,9.560976,2.1166666,0.0,32.23387,0.0,1.1958762,0.0
2018-06-20,0.0,8.695122,1.7166667,0.0,28.266129,0.0,0.5670103,0.0
2018-06-21,0.0,6.5487804,1.1,0.0,22.685484,0.0,0.030927835,0.0
2018-06-22,0.0,4.731707,0.48333332,0.0,17.85484,0.0,0.0,0.0
2018-06-23,0.0,3.2682927,0.0,0.0,13.16129,0.0,0.0,0.0
2018-06-24,0.0,2.182927,0.0,0.0,8.5,0.0,0.0,0.0
2018-06-25,0.0,1.402439,0.0,0.0,5.0080647,0.0,0.0,0.0
2018-06-26,0.0,0.8780488,0.0,0.0,3.2903225,0.0,0.0,0.0
2018-06-27,0.0,0.5243902,0.0,0.0,1.8951613,0.0,0.0,0.0
2018-06-28,0.0,0.2195122,0.0,0.0,1.0725807,0.0,0.0,0.0
2018-06-29,0.0,0.036585364,0.0,0.0,0.57258064,0.0,0.0,0.0
2018-06-30,0.0,0.0,0.0,0.0,0.29032257,0.0,0.0,0.0
2018-07-01,0.0,0.0,0.0,0.0,0.0,0.0,0.0,0.0
2018-07-02,0.0,0.0,0.0,0.0,0.0,0.0,0.0,0.0
2018-07-03,0.0,0.0,0.0,0.0,0.0,0.0,0.0,0.0
2018-07-04,0.0,0.0,0.0,0.0,0.0,0.0,0.0,0.0
2018-07-05,0.0,0.0,0.0,0.0,0.0,0.0,0.0,0.0
2018-07-06,0.0,0.0,0.0,0.0,0.0,0.0,0.0,0.0
2018-07-07,0.0,0.0,0.0,0.0,0.0,0.0,0.0,0.0
2018-07-08,0.0,0.0,0.0,0.0,0.0,0.0,0.0,0.0
2018-07-09,0.0,0.0,0.0,0.0,0.0,0.0,0.0,0.0
2018-07-10,0.0,0.0,0.0,0.0,0.0,0.0,0.0,0.0
2018-07-11,0.0,0.0,0.0,0.0,0.0,0.0,0.0,0.0
2018-07-12,0.0,0.0,0.0,0.0,0.0,0.0,0.0,0.0
2018-07-13,0.0,0.0,0.0,0.0,0.0,0.0,0.0,0.0
2018-07-14,0.0,0.0,0.0,0.0,0.0,0.0,0.0,0.0
2018-07-15,0.0,0.0,0.0,0.0,0.0,0.0,0.0,0.0
2018-07-16,0.0,0.0,0.0,0.0,0.0,0.0,0.0,0.0
2018-07-17,0.0,0.0,0.0,0.0,0.0,0.0,0.0,0.0
2018-07-18,0.0,0.0,0.0,0.0,0.0,0.0,0.0,0.0
2018-07-19,0.0,0.0,0.0,0.0,0.0,0.0,0.0,0.0
2018-07-20,0.0,0.0,0.0,0.0,0.0,0.0,0.0,0.0
2018-07-21,0.0,0.0,0.0,0.0,0.0,0.0,0.0,0.0
2018-07-22,0.0,0.0,0.0,0.0,0.0,0.0,0.0,0.0
2018-07-23,0.0,0.0,0.0,0.0,0.0,0.0,0.0,0.0
2018-07-24,0.0,0.0,0.0,0.0,0.0,0.0,0.0,0.0
2018-07-25,0.0,0.0,0.0,0.0,0.0,0.0,0.0,0.0
2018-07-26,0.0,0.0,0.0,0.0,0.0,0.0,0.0,0.0
2018-07-27,0.0,0.0,0.0,0.0,0.0,0.0,0.0,0.0
2018-07-28,0.0,0.0,0.0,0.0,0.0,0.0,0.0,0.0
2018-07-29,0.0,0.0,0.0,0.0,0.0,0.0,0.0,0.0
2018-07-30,0.0,0.0,0.0,0.0,0.0,0.0,0.0,0.0
2018-07-31,0.0,0.0,0.0,0.0,0.0,0.0,0.0,0.0
2018-08-01,0.0,0.0,0.0,0.0,0.0,0.0,0.0,0.0
2018-08-02,0.0,0.0,0.0,0.0,0.0,0.0,0.0,0.0
2018-08-03,0.0,0.0,0.0,0.0,0.0,0.0,0.0,0.0
2018-08-04,0.0,0.0,0.0,0.0,0.0,0.0,0.0,0.0
2018-08-05,0.0,0.0,0.0,0.0,0.0,0.0,0.0,0.0
2018-08-06,0.0,0.0,0.0,0.0,0.0,0.0,0.0,0.0
2018-08-07,0.0,0.0,0.0,0.0,0.0,0.0,0.0,0.0
2018-08-08,0.0,0.0,0.0,0.0,0.0,0.0,0.0,0.0
2018-08-09,0.0,0.0,0.0,0.0,0.0,0.0,0.0,0.0
2018-08-10,0.0,0.0,0.0,0.0,0.0,0.0,0.0,0.0
2018-08-11,0.0,0.0,0.0,0.0,0.0,0.0,0.0,0.0
2018-08-12,0.0,0.0,0.0,0.0,0.0,0.0,0.0,0.0
2018-08-13,0.0,0.0,0.0,0.0,0.0,0.0,0.0,0.0
2018-08-14,0.0,0.0,0.0,0.0,0.0,0.0,0.0,0.0
2018-08-15,0.0,0.0,0.0,0.0,0.0,0.0,0.0,0.0
2018-08-16,0.0,0.0,0.0,0.0,0.0,0.0,0.0,0.0
2018-08-17,0.0,0.0,0.0,0.0,0.0,0.0,0.0,0.0
2018-08-18,0.0,0.0,0.0,0.0,0.0,0.0,0.0,0.0
2018-08-19,0.0,0.0,0.0,0.0,0.0,0.0,0.0,0.0
2018-08-20,0.0,0.0,0.0,0.0,0.0,0.0,0.0,0.0
2018-08-21,0.0,0.0,0.0,0.0,0.0,0.0,0.0,0.0
2018-08-22,0.0,0.0,0.0,0.0,0.0,0.0,0.0,0.0
2018-08-23,0.0,0.0,0.0,0.0,0.0,0.0,0.0,0.0
2018-08-24,0.0,0.0,0.0,0.0,0.0,0.0,0.0,0.0
2018-08-25,0.0,0.0,0.0,0.0,0.0,0.0,0.0,0.0
2018-08-26,0.0,0.0,0.0,0.0,0.0,0.0,0.0,0.0
2018-08-27,0.0,0.0,0.0,0.0,0.0,0.0,0.0,0.0
2018-08-28,0.0,0.0,0.0,0.0,0.0,0.0,0.0,0.0
2018-08-29,0.0,0.0,0.0,0.0,0.0,0.0,0.0,0.0
2018-08-30,0.0,0.0,0.0,0.0,0.0,0.0,0.0,0.0
2018-08-31,0.0,0.0,0.0,0.0,0.0,0.0,0.0,0.0
2018-09-01,0.0,0.0,0.0,0.0,0.0,0.0,0.0,0.0
2018-09-02,0.0,0.0,0.0,0.0,0.0,0.0,0.0,0.0
2018-09-03,0.0,0.0,0.0,0.0,0.0,0.0,0.0,0.0
2018-09-04,0.0,0.0,0.0,0.0,0.0,0.0,0.0,0.0
2018-09-05,0.0,0.0,0.0,0.0,0.0,0.0,0.0,0.0
2018-09-06,0.0,0.0,0.0,0.0,0.0,0.0,0.0,0.0
2018-09-07,0.0,0.0,0.0,0.0,0.0,0.0,0.0,0.0
2018-09-08,0.0,0.0,0.0,0.0,0.0,0.0,0.0,0.0
2018-09-09,0.0,0.0,0.0,0.0,0.0,0.0,0.0,0.0
2018-09-10,0.0,0.0,0.0,0.0,0.0,0.0,0.0,0.0
2018-09-11,0.0,0.0,0.0,0.0,0.0,0.0,0.0,0.0
2018-09-12,0.0,0.0,0.0,0.0,0.0,0.0,0.0,0.0
2018-09-13,0.0,0.0,0.0,0.0,0.0,0.0,0.0,0.0
2018-09-14,0.0,0.0,0.0,0.0,0.0,0.0,0.0,0.0
2018-09-15,0.0,0.0,0.0,0.0,0.0,0.0,0.0,0.0
2018-09-16,0.0,0.0,0.0,0.0,0.0,0.0,0.0,0.0
2018-09-17,0.0,0.0,0.0,0.0,0.0,0.0,0.0,0.0
2018-09-18,0.0,0.0,0.0,0.0,0.0,0.0,0.0,0.0
2018-09-19,0.0,0.0,0.0,0.0,0.0,0.0,0.0,0.0
2018-09-20,0.0,0.0,0.0,0.0,0.0,0.0,0.0,0.0
2018-09-21,0.0,0.0,0.0,0.0,0.0,0.0,0.0,0.0
2018-09-22,0.0,0.0,0.0,0.0,0.0,0.0,0.0,0.0
2018-09-23,0.0,0.0,0.0,0.0,0.0,0.0,0.0,0.0
2018-09-24,0.0,0.0,0.0,0.0,0.0,0.0,0.0,0.0
2018-09-25,0.0,0.0,0.0,0.0,0.0,0.0,0.0,0.0
2018-09-26,0.0,0.0,0.0,0.0,0.0,0.0,0.0,0.0
2018-09-27,0.0,0.0,0.0,0.0,0.0,0.0,0.0,0.0
2018-09-28,0.0,0.0,0.0,0.0,0.0,0.0,0.0,0.0
2018-09-29,0.0,0.0,0.0,0.0,0.0,0.0,0.0,0.0
2018-09-30,0.0,0.0,0.0,0.0,0.0,0.0,0.0,0.0
2018-10-01,0.0,0.0,0.0,0.0,0.0,0.0,0.0,0.0
2018-10-02,0.0,0.0,0.0,0.0,0.0,0.0,0.0,0.0
2018-10-03,0.0,0.2804878,0.0,0.0,0.32258064,0.0,0.0,0.0
2018-10-04,0.0,4.219512,0.16666667,0.0,2.733871,0.0,0.041237112,0.0
2018-10-05,0.0,4.3170733,0.18333334,0.0,2.9435484,0.014285714,0.072164945,0.0
2018-10-06,0.0,4.097561,0.2,0.0,3.346774,0.0,0.030927835,0.0
2018-10-07,0.0,4.1707315,0.2,0.0,3.0725806,0.0,0.020618556,0.0
2018-10-08,0.0,4.207317,0.2,0.0,3.1774194,0.0,0.020618556,0.0
2018-10-09,0.0,5.268293,0.2,0.0,4.064516,0.0,0.010309278,0.0
2018-10-10,0.0,4.8292685,0.16666667,0.0,3.701613,0.0,0.0,0.0
2018-10-11,0.0,4.719512,0.16666667,0.0,3.685484,0.0,0.010309278,0.0
2018-10-12,0.0,4.719512,0.16666667,0.0,3.6935484,0.0,0.0,0.0
2018-10-13,0.0,4.0365853,0.13333334,0.0,3.3387096,0.0,0.0,0.0
2018-10-14,0.0,3.6341465,0.1,0.0,2.8225806,0.0,0.0,0.0
2018-10-15,0.0,3.4146342,0.1,0.0,2.8064516,0.0,0.0,0.0
2018-10-16,0.0,3.3536584,0.1,0.0,2.798387,0.071428575,0.05154639,0.0
2018-10-17,0.0,3.182927,0.083333336,0.0,2.7258065,0.0,0.0,0.0
2018-10-18,0.0,3.012195,0.05,0.0,2.5403225,0.0,0.0,0.0
2018-10-19,0.0,3.890244,0.033333335,0.0,2.3064516,0.0,0.0,0.0
2018-10-20,0.0,3.5609756,0.0,0.0,1.8387097,0.0,0.0,0.0
2018-10-21,0.0,3.182927,0.0,0.0,1.5,0.0,0.0,0.0
2018-10-22,0.0,2.9634147,0.0,0.0,1.25,0.0,0.0,0.0
2018-10-23,0.0,2.890244,0.0,0.0,1.1209677,0.0,0.0,0.0
2018-10-24,0.0,2.7682927,0.0,0.0,1.0080645,0.0,0.0,0.0
2018-10-25,0.0,2.5487804,0.0,0.0,0.8064516,0.0,0.0,0.0
2018-10-26,0.0,2.2560976,0.0,0.0,0.57258064,0.0,0.0,0.0
2018-10-27,0.0,1.7073171,0.0,0.0,0.30645162,0.0,0.0,0.0
2018-10-28,0.0,1.304878,0.0,0.0,0.12096774,0.0,0.0,0.0
2018-10-29,0.0,1.2195122,0.0,0.0,0.088709675,0.0,0.0,0.0
2018-10-30,0.0,1.2195122,0.0,0.0,0.088709675,0.0,0.0,0.0
2018-10-31,0.0,1.2195122,0.0,0.0,0.088709675,0.0,0.0,0.0
2018-11-01,0.0,1.2195122,0.0,0.0,0.088709675,0.0,0.0,0.0
2018-11-02,0.0,1.1829268,0.0,0.0,0.07258064,0.0,0.0,0.0
2018-11-03,0.0,1.0243902,0.0,0.0,0.032258064,0.0,0.0,0.0
2018-11-04,0.0,0.86585367,0.0,0.0,0.0,0.0,0.0,0.0
2018-11-05,0.0,0.7195122,0.0,0.0,0.0,0.0,0.0,0.0
2018-11-06,0.0,0.68292683,0.0,0.0,0.0,0.0,0.0,0.0
2018-11-07,0.0,0.68292683,0.0,0.0,0.0,0.0,0.0,0.0
2018-11-08,0.0,0.68292683,0.0,0.0,0.0,0.0,0.0,0.0
2018-11-09,0.0,0.68292683,0.0,0.0,0.0,0.0,0.0,0.0
2018-11-10,0.0,0.68292683,0.0,0.0,0.0,0.0,0.0,0.0
2018-11-11,0.0,0.68292683,0.0,0.0,0.0,0.0,0.0,0.0
2018-11-12,0.0,0.68292683,0.0,0.0,0.0,0.0,0.0,0.0
2018-11-13,0.0,0.68292683,0.0,0.0,0.0,0.0,0.0,0.0
2018-11-14,0.0,0.68292683,0.0,0.0,0.0,0.0,0.0,0.0
2018-11-15,0.0,0.68292683,0.0,0.0,0.0,0.0,0.0,0.0
2018-11-16,0.0,0.68292683,0.0,0.0,0.0,0.0,0.0,0.0
2018-11-17,0.0,0.68292683,0.0,0.0,0.0,0.0,0.0,0.0
2018-11-18,0.0,0.68292683,0.0,0.0,0.0,0.0,0.0,0.0
2018-11-19,0.0,0.68292683,0.0,0.0,0.0,0.0,0.0,0.0
2018-11-20,0.0,0.68292683,0.0,0.0,0.0,0.0,0.0,0.0
2018-11-21,0.0,0.68292683,0.0,0.0,0.0,0.0,0.0,0.0
2018-11-22,4.082474,2.5365853,11.65,0.7096774,8.403226,4.214286,9.14433,6.657534
2018-11-23,17.680412,4.8170733,16.55,1.3548387,12.41129,10.2,16.371134,20.219177
2018-11-24,32.484535,4.8292685,25.916666,2.903226,16.741936,16.085714,25.597939,29.726027
2018-11-25,31.13402,5.0,27.55,2.7741935,17.653225,16.985714,31.463917,28.30137
2018-11-26,28.381443,4.890244,31.75,2.3709676,18.14516,19.914286,32.103092,26.630136
2018-11-27,32.103092,8.02439,37.6,2.3709676,28.274193,23.328571,45.907215,30.452055
2018-11-28,32.670105,7.3414636,40.183334,5.677419,29.814516,23.157143,48.536083,32.356163
2018-11-29,39.690723,27.0,77.2,14.82258,69.854836,43.37143,80.52577,42.547947
2018-11-30,66.24742,97.39024,130.11667,35.30645,125.629036,91.671425,130.75258,72.671234
2018-12-01,69.59794,102.39024,134.91667,36.064518,133.68549,94.37143,132.96907,74.54794
2018-12-02,90.57732,107.89024,150.18333,45.112904,141.87097,115.25714,150.92784,94.246574
2018-12-03,90.96907,107.89024,150.18333,45.112904,141.87097,115.57143,151.15463,94.30137
2018-12-04,93.18557,107.87805,150.18333,45.112904,141.87097,116.5,151.52577,94.69863
2018-12-05,95.62887,107.84146,150.5,45.774193,142.33064,118.15714,152.34021,96.34247
2018-12-06,101.12371,113.439026,155.83333,48.951614,147.60484,124.41428,156.98969,100.65753
2018-12-07,100.16495,124.52439,156.81667,48.532257,148.91936,124.328575,157.08247,99.753426
2018-12-08,98.93814,124.28049,156.51666,47.935482,148.71774,123.942856,156.89691,98.753426
2018-12-09,96.824745,123.560974,155.08333,46.419353,147.64516,122.72857,156.1134,96.9315
2018-12-10,94.96907,122.18293,153.91667,45.935482,146.79033,121.38571,155.38144,95.78082
2018-12-11,94.051544,121.30488,153.6,45.0,146.60484,120.8,155.16495,94.520546
2018-12-12,91.58763,120.597565,152.53334,43.370968,146.29839,120.08572,154.71133,91.78082
2018-12-13,83.237114,118.29269,144.1,40.129032,143.08064,113.442856,152.26804,81.35616
2018-12-14,78.69072,116.69512,140.75,36.66129,141.49193,109.3,149.61856,76.61644
2018-12-15,76.15464,116.07317,139.75,36.967743,140.89516,107.24286,148.64949,74.136986
2018-12-16,73.98969,113.86585,137.93333,36.85484,139.84677,104.957146,147.31958,72.41096
2018-12-17,72.175255,112.414635,137.71666,49.80645,139.75807,102.98572,147.05154,74.15069
2018-12-18,76.19588,114.21951,155.73334,51.677418,153.80646,110.92857,161.60825,79.0685
2018-12-19,75.42268,113.768295,154.6,52.467743,153.1129,109.185715,160.71133,78.520546
2018-12-20,71.03093,110.80488,149.68333,49.112904,150.43549,103.457146,156.14433,74.60274
2018-12-21,67.69072,106.268295,145.91667,50.69355,147.35484,98.51428,152.47423,72.21918
2018-12-22,71.298965,104.743904,146.08333,51.64516,147.1371,102.92857,156.13402,74.630135
2018-12-23,70.484535,103.231705,144.95,51.064518,146.44354,102.42857,155.73196,73.61644
2018-12-24,71.91753,102.32927,144.26666,56.741936,145.98387,102.3,155.38144,75.671234
2018-12-25,98.74227,117.15854,162.2,85.46774,160.96774,126.12857,176.36082,114.0411
2018-12-26,100.64948,118.902435,162.25,85.48387,161.08064,126.98572,177.52577,114.16438
2018-12-27,101.051544,118.902435,162.21666,85.1129,161.07259,127.52857,177.65979,113.9589
2018-12-28,101.051544,118.902435,162.21666,85.1129,161.07259,127.52857,177.65979,113.9589
2018-12-29,101.051544,118.902435,162.21666,85.1129,161.07259,127.72857,177.85567,114.0
2018-12-30,100.02062,118.85366,162.16667,83.32258,161.06451,127.62857,177.82474,112.68493
2018-12-31,99.329895,118.5,161.9,83.22581,161.00807,126.91428,177.56702,112.34247
2019-01-01,99.329895,118.5,161.9,83.22581,161.00807,126.91428,177.56702,112.34247
2019-01-02,99.34021,118.5,161.9,83.22581,161.00807,126.91428,177.58763,112.369865
2019-01-03,116.19588,128.58537,179.7,91.41936,170.81451,146.55714,194.07216,125.91781
2019-01-04,113.57732,127.81707,178.96666,90.40323,170.65323,145.1,193.2371,124.821915
2019-01-05,111.19588,126.98781,178.13333,89.5,169.83064,143.07143,192.49484,124.20548
2019-01-06,133.02061,141.2561,202.75,115.67742,196.21774,173.92857,220.54639,149.69862
2019-01-07,189.5567,168.08537,247.56667,156.58064,239.12097,217.07143,266.68042,235.10959
2019-01-08,196.0,168.95122,253.65,161.32259,242.8871,222.31429,272.83505,237.863
2019-01-09,181.15463,155.96341,232.73334,159.09677,230.04033,199.68571,258.8969,234.80821
2019-01-10,196.94846,163.91463,245.93333,187.01613,242.58064,213.45714,273.1031,264.75342
2019-01-11,195.93814,163.60976,245.65,186.3871,242.34677,213.7,273.35052,264.21918
2019-01-12,194.62886,163.29268,246.35,184.5,242.3871,213.22858,274.0309,261.76712
2019-01-13,194.26804,163.53659,245.66667,183.0,242.16936,214.54286,273.41238,259.726
2019-01-14,192.87628,163.5,246.08333,182.25807,242.20161,214.21428,273.86597,256.93152
2019-01-15,195.7732,166.62195,248.76666,184.30646,244.0242,217.58571,277.35052,257.9452
2019-01-16,233.69072,174.84146,273.63333,223.58064,264.28226,250.12857,306.48453,313.9863
2019-01-17,271.86597,201.62195,337.51666,311.59677,324.7016,290.54285,357.4433,381.47946
2019-01-18,297.09277,237.2439,365.76666,335.64517,365.1855,319.3143,380.9691,415.8356
2019-01-19,302.17526,236.71951,364.3,343.5484,364.87097,319.82858,379.82474,417.82193
2019-01-20,299.04123,235.15854,363.2,341.6613,363.9516,314.1143,379.48453,415.61642
2019-01-21,335.15463,247.7439,398.0,382.7258,389.1371,366.8857,431.72165,468.52054
2019-01-22,341.26804,251.37805,389.75,384.0,392.6371,364.3857,419.48453,466.56165
2019-01-23,342.14432,251.37805,389.73334,383.91934,392.62097,364.14285,419.7835,465.42465
2019-01-24,338.0309,250.28049,388.21667,381.32257,391.85483,361.5,419.84537,459.1507
2019-01-25,335.5464,249.14635,386.31668,377.62903,391.1371,360.7857,419.30927,455.47946
2019-01-26,331.41238,247.40244,383.01666,372.08066,390.10483,358.67142,417.15463,448.82193
2019-01-27,325.82474,243.69513,377.8,365.67743,387.2742,354.2143,415.81442,440.726
2019-01-28,317.31958,237.01219,370.61667,355.8387,381.9597,344.42856,412.51547,431.863
2019-01-29,311.82474,231.2439,364.98334,347.75806,378.57257,341.1857,409.8969,422.43835
2019-01-30,306.70102,228.36586,362.6,339.46774,377.37903,337.25714,408.15463,416.61642
2019-01-31,301.90723,226.2439,363.4,332.7903,376.5484,336.67142,409.9175,408.9863
2019-02-01,297.29898,225.93903,361.88333,326.4516,375.71774,333.12857,408.92783,403.43835
2019-02-02,297.35052,234.98781,374.65,329.2097,394.4355,336.8143,417.95877,403.38358
2019-02-03,332.29898,283.91464,438.88333,348.35483,467.46774,388.07144,465.39175,436.50684
2019-02-04,365.35052,313.0122,495.56668,380.3871,509.33066,422.8857,511.4433,481.9041
2019-02-05,409.81442,347.56097,560.36664,403.9516,571.1532,462.74286,564.24744,528.65753
2019-02-06,417.48453,350.64633,575.51666,406.75806,585.9194,468.6143,573.6804,534.0411
2019-02-07,417.29898,350.64633,575.75,406.7903,586.0,467.94287,573.73193,534.58905
2019-02-08,417.42267,350.64633,575.2,406.87097,585.8387,467.44287,573.30927,535.65753
2019-02-09,423.07217,355.7561,589.23334,411.59677,600.2177,474.25714,585.2165,546.3699
2019-02-10,477.14432,362.35367,617.4667,436.51614,621.8145,516.0857,622.82477,606.8904
2019-02-11,488.0,382.56097,649.26666,439.2258,648.25806,540.9,654.36084,616.47943
2019-02-12,488.70102,382.56097,641.75,439.85483,647.0323,532.8143,644.0618,616.53424
2019-02-13,494.6701,382.7195,644.2,462.5484,648.80646,536.9,646.2371,629.6986
2019-02-14,546.40204,396.12195,696.51666,546.29034,701.4032,588.2143,704.8763,734.31506
2019-02-15,580.2165,430.52438,744.0833,580.75806,753.3145,654.9857,758.6083,740.0137
2019-02-16,599.4536,445.64633,786.2167,591.9677,785.70966,702.8571,809.7217,783.76715
2019-02-17,634.2062,451.31708,786.85,598.24194,793.7823,708.0857,804.6185,788.47943
2019-02-18,645.4536,455.65854,796.75,602.5,804.129,720.1,814.2268,804.4247
2019-02-19,647.28864,455.97562,796.56665,602.5161,804.29034,721.1429,813.74225,806.1507
2019-02-20,648.62885,456.0122,798.81665,602.6774,804.8468,721.15717,815.9897,807.56165
2019-02-21,652.567,459.87805,802.2833,606.3871,806.89514,723.61426,819.5567,813.9726
2019-02-22,653.13403,465.93903,802.48334,606.35486,806.8629,723.88574,818.71136,813.9178
2019-02-23,654.13403,465.93903,802.3333,606.35486,806.79034,724.3,818.6495,814.2055
2019-02-24,654.5464,465.93903,805.06665,606.9355,807.4194,724.38574,821.5051,815.0822
2019-02-25,658.0928,465.7805,805.63336,612.629,807.5242,726.2143,821.4639,818.1918
2019-02-26,672.26807,465.26828,804.38336,678.7258,806.80646,723.11426,820.5464,884.26025
2019-02-27,712.1237,464.35367,804.93335,755.8387,805.7258,734.4,826.835,969.1096
2019-02-28,730.4433,465.2195,814.43335,779.5484,812.0726,746.8571,840.04126,998.47943
2019-03-01,741.1134,464.7073,816.73334,780.129,814.7258,751.38574,843.3505,1007.452
2019-03-02,741.57733,470.14633,819.85,785.4355,816.8145,751.8,845.5051,1010.1781
2019-03-03,752.26807,514.96344,865.9667,791.6129,866.629,776.82855,893.62885,1018.1507
2019-03-04,765.52576,515.90247,876.93335,804.8387,872.0726,786.1,905.5464,1036.4247
2019-03-05,764.6495,515.64636,869.9167,804.85486,869.69354,784.0571,901.0206,1036.7261
2019-03-06,775.9897,581.3293,892.3,832.5323,899.04034,798.97144,921.4536,1058.0273
2019-03-07,805.1134,606.9146,929.01666,853.69354,938.6694,844.34283,963.29895,1094.8494
2019-03-08,763.28864,622.3415,929.7167,855.7742,949.4113,846.34283,959.6495,1044.9727
2019-03-09,820.42267,626.70734,933.61664,861.1774,951.4839,857.54285,971.9484,1114.1918
2019-03-10,821.6185,627.14636,938.81665,864.9032,952.25,861.24286,978.08246,1115.6986
2019-03-11,823.6083,628.9878,941.45,865.5,954.9194,865.5714,980.4433,1116.7123
2019-03-12,821.69073,628.9756,939.93335,865.0968,954.5726,863.47144,978.8969,1115.5343
2019-03-13,823.24744,629.37805,942.7167,865.8226,956.2177,866.17145,980.63916,1116.3287
2019-03-14,822.57733,629.37805,941.6,865.8226,955.99194,864.11426,979.42267,1116.3151
2019-03-15,819.81445,629.37805,942.0,865.64514,956.1855,862.75714,979.63916,1115.9452
2019-03-16,816.57733,629.2317,940.06665,863.20966,955.7177,861.6,978.3815,1114.096
2019-03-17,808.6598,627.439,936.85,852.5484,954.45966,857.04285,976.3815,1107.904
2019-03-18,800.92786,624.85364,933.7167,837.75806,952.0887,850.82855,974.6804,1100.7397
2019-03-19,793.2062,621.2561,930.2167,823.6774,948.4839,845.15717,973.0516,1094.3287
2019-03-20,788.5361,622.20734,931.88336,812.0645,954.25,842.2286,975.80414,1093.6576
2019-03-21,790.17523,631.939,937.7833,814.5484,961.0645,846.9286,980.2371,1102.3014
2019-03-22,789.2268,635.60974,936.55,811.75806,963.8306,845.25714,977.96906,1101.3835
2019-03-23,798.835,635.46344,943.55,822.0968,965.129,854.6,986.82477,1118.904
2019-03-24,809.7629,636.2317,951.5833,832.85486,971.0242,867.1,996.82477,1129.3151
2019-03-25,736.8969,635.6585,946.45,828.0,969.60486,847.3714,980.96906,1035.8767
2019-03-26,805.59796,633.7195,952.25,851.0323,970.2258,864.9429,998.14435,1128.7261
2019-03-27,804.26807,630.939,950.5,858.7742,967.2016,862.1857,997.81445,1134.2603
2019-03-28,825.8969,631.37805,993.01666,877.9032,993.9839,888.3,1033.6804,1160.8219
2019-03-29,831.0,631.0854,995.13336,883.371,994.5161,890.7143,1034.9485,1165.904
2019-03-30,828.6185,630.6707,988.13336,880.9194,992.6855,890.3714,1030.8557,1163.6165
2019-03-31,824.71136,630.40247,989.85,877.5968,992.6613,891.6286,1032.2268,1162.6301
2019-04-01,819.567,629.1951,989.5333,868.24194,991.4032,892.4286,1033.2062,1157.5205
2019-04-02,814.8969,627.2805,987.0,857.0323,987.4839,888.4,1033.2887,1156.1644
2019-04-03,814.91754,632.09753,995.75,851.4839,993.6694,901.34283,1046.6083,1155.4657
2019-04-04,808.15466,630.35364,993.9667,845.20966,991.3387,896.45715,1045.0413,1149.0411
2019-04-05,811.1031,629.8049,997.06665,840.1774,990.7177,900.17145,1048.9279,1151.8356
2019-04-06,816.48456,629.79266,999.45,837.19354,991.1694,903.6429,1052.6392,1158.5068
2019-04-07,815.13403,628.0732,998.68335,836.3226,988.44354,903.52856,1053.3608,1159.9727
2019-04-08,808.86597,621.5,991.5,823.3226,981.2823,895.8,1049.4021,1155.2739
2019-04-09,809.165,606.86584,981.26666,822.24194,971.55646,886.0857,1043.5876,1163.3424
2019-04-10,697.4536,607.13416,945.56665,813.20966,970.0484,821.38574,989.51544,1022.7945
2019-04-11,809.57733,606.09753,983.48334,813.4839,977.5,889.15717,1046.6804,1154.6713
2019-04-12,808.08246,605.9878,983.43335,811.1613,977.35486,889.5571,1046.9897,1152.8082
2019-04-13,803.84534,605.5244,982.2833,803.4194,977.0484,888.0714,1045.7423,1149.8219
2019-04-14,805.95874,651.0854,1041.6333,834.4032,992.7177,876.2857,1062.8969,1154.8494
2019-04-15,796.1134,642.35364,1037.6666,823.85486,987.2984,866.52856,1058.2474,1144.8494
2019-04-16,795.4433,643.1951,1041.7667,822.30646,992.2823,867.7,1064.0825,1143.9178
2019-04-17,789.36084,646.3293,1044.3833,816.9516,996.2742,867.2857,1066.9381,1131.6028
2019-04-18,767.96906,642.4878,1040.6167,807.9677,993.55646,850.7286,1063.6083,1096.1918
2019-04-19,731.6701,628.4878,1032.8667,788.5161,986.1613,843.6429,1056.1134,1084.3424
2019-04-20,711.3402,614.4146,1024.1666,754.74194,973.2984,824.2286,1048.2474,1064.863
2019-04-21,704.59796,608.0122,1021.15,736.7258,972.20966,818.32855,1045.2268,1056.3835
2019-04-22,721.03094,551.6829,913.48334,628.79034,934.4194,812.3143,1005.82477,1008.9726
2019-04-23,713.30927,546.2317,905.15,600.5161,930.0,805.3143,999.62885,998.8904
2019-04-24,691.6185,535.4268,889.55,555.74194,918.6694,789.65717,990.52576,967.73975
2019-04-25,658.41235,517.1707,864.3333,504.0645,898.54034,767.8143,976.47424,926.13696
2019-04-26,623.2268,493.84146,838.93335,455.80646,875.75,745.2857,962.41235,886.76715
2019-04-27,591.6083,474.34146,816.4167,415.3387,856.8387,724.67145,949.81445,850.8904
2019-04-28,563.19586,458.5122,795.98334,379.2258,839.4677,707.11426,939.0,815.71234
2019-04-29,538.5567,442.15854,777.93335,353.0645,825.9194,694.11426,928.63916,787.1096
2019-04-30,523.73193,438.64633,766.8333,332.3871,818.54034,687.8143,918.7217,761.9041
2019-05-01,518.70105,436.73172,760.7,328.0,816.129,683.84283,914.37115,764.8219
2019-05-02,511.7835,434.62195,760.11664,317.58066,814.1855,672.6429,921.47424,726.73975
2019-05-03,499.0825,429.59756,755.81665,302.1129,809.94354,665.1,918.5567,664.0274
2019-05-04,479.72165,421.17075,746.06665,280.1613,801.4032,656.0714,912.96906,615.726
2019-05-05,460.05154,411.17075,734.18335,255.54839,791.5242,644.38574,905.29895,642.83563
2019-05-06,437.05154,406.7805,724.76666,230.41936,784.04034,630.6429,897.74225,624.0137
2019-05-07,414.36084,406.12195,711.93335,206.20967,776.5,616.5714,886.9072,596.56165
2019-05-08,395.51547,402.39026,698.76666,184.75807,765.8387,603.4,875.3196,570.9452
2019-05-09,373.0309,397.19513,683.8333,162.16129,754.2258,588.17145,862.0618,542.26025
2019-05-10,236.85567,396.39026,565.15,145.58064,730.8306,391.72858,651.0928,406.54794
2019-05-11,339.63916,397.09756,664.3,131.83871,748.69354,564.9,844.4433,511.137
2019-05-12,316.2165,392.91464,649.81665,112.758064,740.2177,548.8571,830.8866,482.1233
2019-05-13,282.61856,386.73172,627.3,94.870964,725.6532,523.1429,809.04126,445.39725
2019-05-14,245.60825,379.04877,606.23334,80.758064,712.5242,498.15714,788.3299,409.53424
2019-05-15,227.79381,368.73172,587.7167,70.3871,698.6371,478.2143,770.2783,387.8904
2019-05-16,222.69072,365.97562,587.2,68.564514,704.8629,473.75714,768.62885,385.38358
2019-05-17,254.2268,389.90244,613.48334,73.758064,730.75806,510.48572,805.29895,415.8767
2019-05-18,257.4742,389.58536,611.95,71.98387,729.629,510.74286,806.3917,422.91782
2019-05-19,183.28867,395.90244,523.1,77.27419,728.5,349.67142,613.19586,331.54794
2019-05-20,278.20618,411.2073,648.0833,79.33871,772.04034,554.7286,836.7835,464.64383
2019-05-21,283.0825,411.06097,646.36664,77.98387,771.1532,554.9429,836.70105,464.28766
2019-05-22,301.1134,416.90244,656.55,83.22581,777.8226,578.9143,868.9382,471.63013
2019-05-23,297.2165,422.23172,662.8333,78.935486,783.6129,582.67145,874.4536,471.42465
2019-05-24,284.0103,425.54877,661.2,73.09677,785.2016,571.74286,872.4639,456.9452
2019-05-25,264.6701,423.36584,651.25,66.32258,781.6694,551.3,861.835,421.24658
2019-05-26,251.89691,420.80487,645.43335,62.403225,781.0242,538.88574,854.4536,412.8767
2019-05-27,260.69073,437.43903,661.95,62.774193,796.94354,550.4286,872.567,418.9589
2019-05-28,253.57732,439.12195,664.18335,59.322582,796.5161,546.6429,872.9484,414.24658
2019-05-29,236.21649,435.41464,647.86664,52.80645,789.3226,528.4286,854.567,396.31506
2019-05-30,218.19588,427.2805,633.5,45.435482,781.29034,511.5,837.40204,371.8356
2019-05-31,204.09279,419.7927,622.95,40.241936,773.64514,497.3857,825.6804,353.69864
2019-06-01,190.62886,413.2195,610.4167,33.935482,767.50806,482.51428,812.75256,332.45206
2019-06-02,175.75258,406.5366,597.3,26.758064,759.1774,466.52856,799.3402,307.56165
2019-06-03,160.92784,399.92682,580.56665,19.67742,748.5242,444.9,782.51544,280.64383
2019-06-04,134.54639,390.7927,537.11664,14.370968,728.3871,373.98572,691.3815,246.41096
2019-06-05,108.329895,373.86584,527.76666,9.83871,708.1532,375.34286,726.04126,185.80821
2019-06-06,89.57732,351.59756,454.33334,7.112903,666.8145,342.1,623.82477,149.12329
2019-06-07,80.360825,334.17075,423.48334,6.177419,645.29034,319.8857,579.7217,134.36986
2019-06-08,76.453606,322.93903,415.71667,5.7580647,635.04034,312.5,571.0516,126.9863
2019-06-09,72.175255,310.45123,406.86667,5.467742,623.99194,305.64285,561.9484,119.479454
2019-06-10,65.85567,292.34146,389.41666,4.903226,607.25,289.3143,540.7629,104.78082
2019-06-11,55.73196,272.0,364.8,3.919355,582.2661,262.3857,507.30927,84.520546
2019-06-12,43.051548,253.36586,337.18332,2.6935484,554.70966,227.68571,467.85568,65.45206
2019-06-13,30.494844,228.29268,300.4,1.5967742,521.2258,192.21428,418.16495,51.47945
2019-06-14,22.092783,210.04878,278.56668,0.5645161,497.55646,171.55714,388.04123,37.69863
2019-06-15,16.618557,194.28049,256.1,0.0,474.85483,152.47144,358.80414,30.671232
2019-06-16,11.731958,178.31708,233.7,0.0,449.7016,133.0,328.46393,25.712328
2019-06-17,7.474227,164.48781,211.08333,0.0,427.1129,111.97143,291.72165,21.178082
2019-06-18,4.2474227,151.79268,183.28334,0.0,404.76614,84.37143,233.54639,16.123287
2019-06-19,1.6804124,138.65854,164.75,0.0,383.9758,71.671425,209.87628,10.876713
2019-06-20,0.5979381,126.85366,145.88333,0.0,360.80646,59.142857,184.47423,6.6986303
2019-06-21,0.26804122,117.48781,134.46666,0.0,345.05646,52.857143,170.15463,4.2054796
2019-06-22,0.072164945,109.98781,127.566666,0.0,334.58066,49.271427,161.5567,2.8630137
2019-06-23,0.0,103.04878,120.6,0.0,323.5403,46.42857,154.27835,1.9178082
2019-06-24,0.0,97.03658,112.45,0.0,312.1129,42.014286,143.6701,0.8082192
2019-06-25,0.0,89.70731,103.683334,0.0,299.34677,37.142857,131.13402,0.1780822
2019-06-26,0.0,82.63415,95.03333,0.0,287.8145,33.12857,119.546394,0.0
2019-06-27,0.0,76.96342,89.63333,0.0,280.4355,30.542856,111.515465,0.0
2019-06-28,0.0,72.5,86.0,0.0,273.9516,28.4,105.1134,0.0
2019-06-29,0.0,68.060974,83.05,0.0,265.71774,26.62857,100.103096,0.0
2019-06-30,0.0,62.560974,78.166664,0.0,255.1371,23.542856,92.19588,0.0
2019-07-01,0.0,58.67073,71.433334,0.0,244.1129,20.1,82.43299,0.0
2019-07-02,0.0,54.17073,65.083336,0.0,234.99193,17.528572,72.98969,0.0
2019-07-03,0.0,50.5,59.033333,0.0,225.82259,15.414286,63.371136,0.0
2019-07-04,0.0,46.73171,53.916668,0.0,218.15323,13.7,55.814434,0.0
2019-07-05,0.0,43.219513,49.433334,0.0,210.15323,11.814285,48.670105,0.0
2019-07-06,0.0,40.207317,44.833332,0.0,200.20161,9.442857,40.24742,0.0
2019-07-07,0.0,37.048782,40.066666,0.0,188.3871,6.8,31.649485,0.0
2019-07-08,0.0,34.682926,37.2,0.0,180.69354,4.857143,26.505156,0.0
2019-07-09,0.0,32.243904,34.466667,0.0,172.53226,3.0285714,22.340206,0.0
2019-07-10,0.0,30.414635,31.55,0.0,163.6371,1.3285714,17.680412,0.0
2019-07-11,0.0,28.304878,27.85,0.0,151.45161,0.0,12.443299,0.0
2019-07-12,0.0,25.963415,23.716667,0.0,138.29033,0.0,8.082474,0.0
2019-07-13,0.0,23.207317,20.05,0.0,124.19355,0.0,5.0927835,0.0
2019-07-14,0.0,19.853659,16.45,0.0,110.05645,0.0,2.8762887,0.0
2019-07-15,0.0,17.378048,14.25,0.0,99.67742,0.0,1.484536,0.0
2019-07-16,0.0,15.134147,12.083333,0.0,91.76613,0.0,0.20618556,0.0
2019-07-17,0.0,13.317073,10.05,0.0,85.064514,0.0,0.0,0.0
2019-07-18,0.0,10.97561,8.266666,0.0,76.47581,0.0,0.0,0.0
2019-07-19,0.0,8.597561,6.7166667,0.0,67.3871,0.0,0.0,0.0
2019-07-20,0.0,6.1463413,5.0666666,0.0,59.44355,0.0,0.0,0.0
2019-07-21,0.0,4.6829267,3.9666667,0.0,52.419353,0.0,0.0,0.0
2019-07-22,0.0,3.621951,3.1333334,0.0,44.741936,0.0,0.0,0.0
2019-07-23,0.0,2.487805,2.2166667,0.0,37.94355,0.0,0.0,0.0
2019-07-24,0.0,1.5853659,1.4333333,0.0,32.951614,0.0,0.0,0.0
2019-07-25,0.0,1.0853659,0.6166667,0.0,27.540323,0.0,0.0,0.0
2019-07-26,0.0,0.75609756,0.0,0.0,23.483871,0.0,0.0,0.0
2019-07-27,0.0,0.35365853,0.0,0.0,20.32258,0.0,0.0,0.0
2019-07-28,0.0,0.0,0.0,0.0,16.314516,0.0,0.0,0.0
2019-07-29,0.0,0.0,0.0,0.0,12.346774,0.0,0.0,0.0
2019-07-30,0.0,0.0,0.0,0.0,9.306452,0.0,0.0,0.0
2019-07-31,0.0,0.0,0.0,0.0,7.306452,0.0,0.0,0.0
2019-08-01,0.0,0.0,0.0,0.0,5.927419,0.0,0.0,0.0
2019-08-02,0.0,0.0,0.0,0.0,4.830645,0.0,0.0,0.0
2019-08-03,0.0,0.0,0.0,0.0,4.016129,0.0,0.0,0.0
2019-08-04,0.0,0.0,0.0,0.0,3.032258,0.0,0.0,0.0
2019-08-05,0.0,0.0,0.0,0.0,2.1612904,0.0,0.0,0.0
2019-08-06,0.0,0.0,0.0,0.0,1.548387,0.0,0.0,0.0
2019-08-07,0.0,0.0,0.0,0.0,0.83870965,0.0,0.0,0.0
2019-08-08,0.0,0.0,0.0,0.0,0.33064517,0.0,0.0,0.0
2019-08-09,0.0,0.0,0.0,0.0,0.09677419,0.0,0.0,0.0
2019-08-10,0.0,0.0,0.0,0.0,0.0,0.0,0.0,0.0
2019-08-11,0.0,0.0,0.0,0.0,0.0,0.0,0.0,0.0
2019-08-12,0.0,0.0,0.0,0.0,0.0,0.0,0.0,0.0
2019-08-13,0.0,0.0,0.0,0.0,0.0,0.0,0.0,0.0
2019-08-14,0.0,0.0,0.0,0.0,0.0,0.0,0.0,0.0
2019-08-15,0.0,0.0,0.0,0.0,0.0,0.0,0.0,0.0
2019-08-16,0.0,0.0,0.0,0.0,0.0,0.0,0.0,0.0
2019-08-17,0.0,0.0,0.0,0.0,0.0,0.0,0.0,0.0
2019-08-18,0.0,0.0,0.0,0.0,0.0,0.0,0.0,0.0
2019-08-19,0.0,0.0,0.0,0.0,0.0,0.0,0.0,0.0
2019-08-20,0.0,0.0,0.0,0.0,0.0,0.0,0.0,0.0
2019-08-21,0.0,0.0,0.0,0.0,0.0,0.0,0.0,0.0
2019-08-22,0.0,0.0,0.0,0.0,0.0,0.0,0.0,0.0
2019-08-23,0.0,0.0,0.0,0.0,0.0,0.0,0.0,0.0
2019-08-24,0.0,0.0,0.0,0.0,0.0,0.0,0.0,0.0
2019-08-25,0.0,0.0,0.0,0.0,0.0,0.0,0.0,0.0
2019-08-26,0.0,0.0,0.0,0.0,0.0,0.0,0.0,0.0
2019-08-27,0.0,0.0,0.0,0.0,0.0,0.0,0.0,0.0
2019-08-28,0.0,0.0,0.0,0.0,0.0,0.0,0.0,0.0
2019-08-29,0.0,0.0,0.0,0.0,0.0,0.0,0.0,0.0
2019-08-30,0.0,0.0,0.0,0.0,0.0,0.0,0.0,0.0
2019-08-31,0.0,0.0,0.0,0.0,0.0,0.0,0.0,0.0
2019-09-01,0.0,0.0,0.0,0.0,0.0,0.0,0.0,0.0
2019-09-02,0.0,0.0,0.0,0.0,0.0,0.0,0.0,0.0
2019-09-03,0.0,0.0,0.0,0.0,0.0,0.0,0.0,0.0
2019-09-04,0.0,0.0,0.0,0.0,0.0,0.0,0.0,0.0
2019-09-05,0.0,0.0,0.0,0.0,0.0,0.0,0.0,0.0
2019-09-06,0.0,0.0,0.0,0.0,0.0,0.0,0.0,0.0
2019-09-07,0.0,0.0,0.0,0.0,0.0,0.0,0.0,0.0
2019-09-08,0.0,0.0,0.0,0.0,0.0,0.0,0.0,0.0
2019-09-09,0.0,0.0,0.0,0.0,0.0,0.0,0.0,0.0
2019-09-10,0.0,0.0,0.0,0.0,0.0,0.0,0.0,0.0
2019-09-11,0.0,0.0,0.0,0.0,0.0,0.0,0.0,0.0
2019-09-12,0.0,0.0,0.0,0.0,0.0,0.0,0.0,0.0
2019-09-13,0.0,0.0,0.0,0.0,0.0,0.0,0.0,0.0
2019-09-14,0.0,0.0,0.0,0.0,0.0,0.0,0.0,0.0
2019-09-15,0.0,0.0,0.0,0.0,0.0,0.0,0.0,0.0
2019-09-16,0.0,0.0,0.0,0.0,0.0,0.0,0.0,0.0
2019-09-17,0.0,0.0,0.0,0.0,0.0,0.0,0.0,0.0
2019-09-18,0.0,0.0,0.0,0.0,0.0,0.0,0.0,0.0
2019-09-19,0.0,0.0,0.0,0.0,0.0,0.0,0.0,0.0
2019-09-20,0.0,0.0,0.0,0.0,0.0,0.0,0.0,0.0
2019-09-21,0.0,0.0,0.0,0.0,0.0,0.0,0.0,0.0
2019-09-22,0.0,0.0,0.0,0.0,0.0,0.0,0.0,0.0
2019-09-23,0.0,0.0,0.0,0.0,0.0,0.0,0.0,0.0
2019-09-24,0.0,0.0,0.0,0.0,0.0,0.0,0.0,0.0
2019-09-25,0.0,0.0,0.0,0.0,0.0,0.0,0.0,0.0
2019-09-26,0.0,0.0,0.0,0.0,0.0,0.0,0.0,0.0
2019-09-27,0.0,0.0,0.0,0.0,0.0,0.0,0.0,0.0
2019-09-28,0.0,0.0,0.0,0.0,0.0,0.0,0.0,0.0
2019-09-29,0.010309278,0.0,0.0,0.0,0.3951613,0.15714286,0.20618556,0.16438356
2019-09-30,4.556701,0.0,0.1,0.46774194,0.3951613,1.1,1.4742268,7.4246573
2019-10-01,3.4948454,0.0,0.033333335,2.435484,0.21774194,1.0857143,0.9587629,5.630137
2019-10-02,2.371134,0.0,0.05,1.5967742,0.20967741,0.71428573,0.8969072,4.8767123
2019-10-03,0.36082473,0.0,0.0,0.20967741,0.22580644,0.057142857,0.20618556,2.109589
2019-10-04,0.06185567,0.0,0.0,0.0,0.18548387,0.0,0.0,0.34246576
2019-10-05,0.0,0.0,0.0,0.0,0.0,0.0,0.0,0.09589041
2019-10-06,0.0,0.0,0.0,0.0,0.0,0.0,0.0,0.0
2019-10-07,0.0,0.0,0.0,0.0,0.0,0.0,0.0,0.0
2019-10-08,0.0,0.0,0.0,0.0,0.0,0.0,0.0,0.0
2019-10-09,0.0,0.0,0.0,0.0,0.0,0.0,0.0,0.0
2019-10-10,0.0,0.0,0.0,0.0,0.0,0.0,0.0,0.0
2019-10-11,0.0,0.0,0.0,0.0,0.0,0.0,0.0,0.0
2019-10-12,0.0,0.0,0.0,0.0,0.0,0.0,0.0,0.0
2019-10-13,0.0,0.0,0.0,0.0,0.0,0.0,0.0,0.0
2019-10-14,0.0,0.0,0.0,0.0,0.0,0.0,0.0,0.0
2019-10-15,0.0,0.0,0.0,0.0,0.0,0.0,0.0,0.0
2019-10-16,0.0,0.0,0.0,0.0,0.0,0.0,0.0,0.0
2019-10-17,0.0,0.0,0.0,0.0,0.0,0.0,0.0,0.0
2019-10-18,0.0,0.0,0.0,0.0,0.0,0.0,0.0,0.0
2019-10-19,0.0,0.0,0.0,0.0,0.0,0.0,0.0,0.0
2019-10-20,0.0,0.0,0.0,0.0,0.0,0.0,0.0,0.0
2019-10-21,0.0,0.0,0.0,0.0,0.0,0.0,0.0,0.0
2019-10-22,0.0,0.0,0.0,0.0,0.0,0.0,0.0,0.0
2019-10-23,0.0,0.0,0.0,0.0,0.0,0.0,0.0,0.0
2019-10-24,0.0,0.0,0.0,0.0,0.0,0.0,0.0,0.0
2019-10-25,0.0,0.0,0.0,0.0,0.0,0.0,0.0,0.0
2019-10-26,0.0,0.0,0.0,0.0,0.0,0.0,0.0,0.0
2019-10-27,0.0,0.0,0.0,0.0,0.0,0.0,0.0,0.0
2019-10-28,0.0,0.0,0.0,0.0,0.0,0.0,0.0,0.0
2019-10-29,0.0,0.0,0.0,0.0,0.0,0.0,0.0,0.0
2019-10-30,0.0,0.0,0.0,0.0,0.0,0.0,0.0,0.0
2019-10-31,0.0,0.0,0.0,0.0,0.0,0.071428575,0.020618556,0.0
2019-11-01,0.0,0.0,0.0,0.0,0.0,0.0,0.0,0.0
2019-11-02,0.0,0.0,0.0,0.0,0.0,0.0,0.0,0.0
2019-11-03,0.0,0.0,0.0,0.0,0.0,0.0,0.0,0.0
2019-11-04,0.0,0.0,0.0,0.0,0.0,0.0,0.0,0.0
2019-11-05,0.0,0.0,0.0,0.0,0.0,0.0,0.0,0.0
2019-11-06,0.0,0.0,0.0,0.0,0.0,0.0,0.0,0.0
2019-11-07,0.0,0.0,0.0,0.0,0.0,0.0,0.0,0.0
2019-11-08,0.0,0.0,0.0,0.0,0.0,0.0,0.0,0.0
2019-11-09,0.0,0.0,0.0,0.0,0.0,0.0,0.0,0.0
2019-11-10,0.0,0.0,0.0,0.0,0.0,0.0,0.0,0.0
2019-11-11,0.0,0.0,0.0,0.0,0.0,0.0,0.0,0.0
2019-11-12,0.0,0.0,0.0,0.0,0.0,0.0,0.0,0.0
2019-11-13,0.0,0.0,0.0,0.0,0.0,0.0,0.0,0.0
2019-11-14,0.0,0.0,0.0,0.0,0.0,0.0,0.0,0.0
2019-11-15,0.0,0.0,0.0,0.0,0.0,0.0,0.0,0.0
2019-11-16,0.0,0.0,0.0,0.0,0.0,0.0,0.0,0.0
2019-11-17,0.0,0.0,0.0,0.0,0.0,0.0,0.0,0.0
2019-11-18,0.0,0.0,0.0,0.0,0.0,0.0,0.0,0.0
2019-11-19,0.0,0.0,0.0,0.0,0.0,0.0,0.0,0.0
2019-11-20,0.0,0.0,0.0,0.0,0.0,0.057142857,0.10309278,0.0
2019-11-21,0.83505154,8.121951,0.0,0.0,0.11290322,0.9,0.45360824,0.0
2019-11-22,0.62886596,8.121951,0.0,0.0,0.11290322,1.2142857,0.52577317,0.0
2019-11-23,0.5051546,8.02439,0.0,0.0,0.11290322,1.0571429,0.52577317,0.0
2019-11-24,0.40206185,7.719512,0.0,0.0,0.11290322,0.95714283,0.52577317,0.0
2019-11-25,0.082474224,5.878049,0.0,0.0,0.11290322,0.17142858,0.19587629,0.0
2019-11-26,0.082474224,5.878049,0.0,0.0,0.11290322,0.14285715,0.16494845,0.0
2019-11-27,25.041237,18.621952,17.233334,22.661291,15.951612,28.1,24.453608,25.246574
2019-11-28,42.938145,46.73171,41.05,31.14516,44.620968,49.557144,44.84536,41.53425
2019-11-29,50.72165,61.756096,49.8,33.096775,55.758064,60.04286,55.27835,44.90411
2019-11-30,55.618557,74.12195,58.866665,33.403225,67.04032,64.21429,60.59794,49.315067
2019-12-01,74.26804,83.36585,85.13333,56.70968,83.741936,88.62857,84.49484,72.328766
2019-12-02,112.38145,89.14634,127.96667,116.241936,112.104836,139.95714,136.24742,121.0
2019-12-03,126.91753,88.756096,135.68333,122.33871,115.29032,177.17143,168.58763,123.72603
2019-12-04,116.639175,87.5,133.06667,110.564514,114.52419,175.74286,163.84537,122.42466
2019-12-05,128.78351,115.54878,155.26666,119.548386,143.76613,181.01428,182.43298,125.80822
2019-12-06,127.78351,114.98781,154.61667,117.951614,143.58064,179.14285,181.83505,123.821915
2019-12-07,129.81444,114.52439,154.4,124.22581,143.62097,178.54286,182.2268,131.57535
2019-12-08,153.73196,129.17073,194.7,153.06451,180.8629,211.62857,220.06186,162.20547
2019-12-09,158.03093,140.90244,204.93333,155.6129,191.81451,215.77142,227.06186,163.84932
2019-12-10,159.10309,134.71951,203.33333,145.58064,182.25807,224.12857,220.57732,154.46576
2019-12-11,156.54639,140.46341,205.36667,153.74193,191.71774,215.97144,227.85567,161.9178
2019-12-12,161.40207,138.87805,205.13333,160.69354,191.04033,218.34285,229.81444,170.43835
2019-12-13,161.94846,135.15854,204.11667,159.03226,188.90323,222.84285,230.6701,168.0822
2019-12-14,177.06186,135.10976,213.11667,175.85484,192.10484,233.84285,247.41237,192.58904
2019-12-15,187.4433,138.07317,215.55,184.35484,194.04033,243.52856,255.19588,201.71233
2019-12-16,186.73196,138.08537,213.5,184.43549,193.49193,243.12857,253.72165,202.39726
2019-12-17,186.87628,138.12195,212.63333,184.20967,193.41129,242.18571,252.81444,200.31506
2019-12-18,187.29897,138.12195,215.06667,184.09677,193.98387,246.17143,255.31958,198.63014
2019-12-19,187.51546,138.12195,213.95,190.51613,193.71774,245.74286,253.34021,200.68494
2019-12-20,187.15463,138.10976,214.48334,191.7258,193.76613,242.52856,254.58763,202.0
2019-12-21,185.74226,136.97562,213.08333,189.90323,193.01613,240.1,253.17526,199.90411
2019-12-22,183.80412,135.93903,212.11667,187.29033,192.23387,231.61429,251.90721,199.9726
2019-12-23,190.54639,142.51219,220.28334,199.46774,199.62097,250.0,266.4536,206.20547
2019-12-24,193.60825,169.70732,232.75,199.56451,216.46774,257.48572,277.07217,207.43835
2019-12-25,193.78351,173.06097,235.21666,199.67741,220.70161,257.3857,278.09277,207.16438
2019-12-26,194.25774,173.78049,233.11667,200.01613,220.75,256.9,275.6701,207.71233
2019-12-27,194.38144,175.28049,232.71666,199.91936,220.60484,258.15714,275.69073,207.31506
2019-12-28,188.36082,175.28049,237.38333,199.82259,221.65323,272.07144,280.3299,201.84932
2019-12-29,193.24742,175.28049,234.91667,198.69354,221.07259,259.58572,278.23712,203.68494
2019-12-30,193.6701,175.2683,235.58333,201.06451,221.30646,259.97144,279.1134,204.34247
2019-12-31,193.4433,175.19513,234.91667,200.20967,221.04839,260.54285,278.62888,204.32877
2020-01-01,190.64949,174.82927,235.11667,197.93549,221.20161,258.15714,279.0103,203.47945
2020-01-02,189.13402,173.67073,235.18333,196.98387,221.29839,255.87143,279.2165,199.9178
2020-01-03,182.2371,172.79268,234.3,194.83871,220.82259,269.7143,278.79382,194.90411
2020-01-04,183.41237,170.07317,231.85,190.46774,219.32259,252.94286,276.8866,188.9863
2020-01-05,181.75258,168.32927,229.75,193.90323,217.96774,246.84285,274.8969,195.04109
2020-01-06,181.75258,167.39024,228.3,193.79033,217.54033,245.94286,273.63916,194.38356
2020-01-07,177.86598,166.09756,226.71666,191.54839,217.14516,246.64285,272.05154,191.0137
2020-01-08,177.04124,164.98781,226.78334,191.17741,216.69354,245.81429,271.9691,190.95891
2020-01-09,177.93814,164.96341,226.66667,194.66129,216.62097,245.98572,272.06186,189.30138
2020-01-10,179.46391,164.96341,225.11667,199.8871,216.24193,246.95714,269.40207,196.64383
2020-01-11,182.02061,164.93903,227.81667,200.24193,216.74193,251.12857,272.90723,194.21918
2020-01-12,184.24742,164.93903,226.26666,201.58064,216.39516,247.54286,271.83505,200.43835
2020-01-13,186.64949,164.79268,227.73334,202.56451,216.66936,250.84285,273.0825,201.50685
2020-01-14,195.80412,164.30487,226.5,217.87097,216.30646,252.35715,272.51547,212.9315
2020-01-15,201.1134,164.2561,226.05,221.46774,216.0242,251.65715,274.36084,222.9726
2020-01-16,205.79381,163.85365,227.23334,221.33871,216.23387,257.22858,273.86597,218.19179
2020-01-17,223.14433,182.59756,248.18333,250.1129,237.91936,294.14285,301.60825,248.31506
2020-01-18,234.18556,182.59756,245.66667,251.14516,237.33064,279.1857,299.07217,248.0548
2020-01-19,224.34021,181.97562,247.5,250.96774,237.67741,294.82858,302.28867,248.60274
2020-01-20,219.20619,177.96341,245.73334,248.37097,237.00807,291.65714,300.51547,243.9315
2020-01-21,226.61856,177.28049,242.48334,246.85484,235.71774,273.0,296.36084,244.10959
2020-01-22,232.50516,176.93903,242.58333,258.40323,235.3629,274.2857,297.27835,257.0
2020-01-23,230.10309,175.67073,242.05,257.30646,234.79033,271.22858,297.27835,255.0685
2020-01-24,227.78351,173.97562,240.65,256.0645,233.92741,271.6143,297.06186,252.49315
2020-01-25,224.85567,171.79268,238.93333,254.45161,232.28226,267.02856,296.12372,249.60274
2020-01-26,220.3299,169.41463,237.3,252.1129,230.48387,266.94287,295.4433,244.64383
2020-01-27,227.81444,169.2561,244.2,258.32257,234.37903,280.1,308.1031,253.09589
2020-01-28,239.2268,174.37805,265.66666,285.82257,236.45161,313.44287,321.4433,271.1644
2020-01-29,227.15463,167.51219,244.98334,258.8387,234.58064,278.8,308.41238,250.53424
2020-01-30,226.39175,167.46341,244.7,256.5,234.57259,280.64285,308.35052,242.10959
2020-01-31,222.49484,166.30487,243.0,251.41936,233.87097,278.07144,307.13403,238.57535
2020-02-01,215.14433,161.89024,238.96666,238.62903,230.82259,274.1143,305.7835,227.04109
2020-02-02,208.81444,153.64635,232.3,228.3871,225.4758,270.0,302.63916,214.54794
2020-02-03,210.70103,153.56097,230.2,228.45161,225.0242,271.02856,300.92783,217.58904
2020-02-04,190.73196,153.56097,226.15,228.59677,224.41936,271.87143,289.82474,222.0822
2020-02-05,210.4433,153.56097,228.98334,228.93549,225.09677,280.7143,293.3299,228.50685
2020-02-06,207.14433,153.5,230.86667,226.74193,225.37903,278.2143,299.2268,221.09589
2020-02-07,204.85567,151.19513,229.55,219.95161,224.18549,265.74286,300.93814,223.24658
2020-02-08,200.69072,147.51219,225.96666,210.91936,221.83064,263.24286,299.4742,213.52055
2020-02-09,201.6701,145.89024,224.88333,210.29033,220.8871,264.5,299.37112,213.45206
2020-02-10,202.75258,145.89024,222.91667,210.1129,220.5,264.37143,297.6701,210.80821
2020-02-11,201.29897,145.42683,223.45,207.74193,220.53226,266.2143,298.2165,201.0548
2020-02-12,199.08247,144.92683,221.3,203.37097,220.29839,269.14285,296.62888,199.09589
2020-02-13,197.3299,144.56097,221.2,198.62903,220.08064,265.17142,297.72165,199.68494
2020-02-14,195.43298,144.10976,218.98334,193.79033,219.19354,261.3857,296.25772,193.23288
2020-02-15,193.92784,143.71951,219.83333,189.08064,219.15323,258.5,296.86597,194.32877
2020-02-16,192.20619,142.91463,219.41667,185.70967,218.26613,256.25714,296.51547,195.0822
2020-02-17,192.87628,141.45122,218.43333,183.40323,216.92741,254.41429,295.95877,203.16438
2020-02-18,192.35051,140.64635,216.96666,181.58064,216.19354,255.97144,295.53607,202.79453
2020-02-19,191.6701,140.20732,215.28334,179.64516,215.45161,255.37143,294.62888,200.68494
2020-02-20,190.71133,139.90244,215.11667,177.6129,215.37097,255.62857,294.72165,193.73973
2020-02-21,189.4433,139.57317,209.28334,173.80646,213.37903,266.45715,296.35052,185.76712
2020-02-22,186.56702,139.0,213.55,167.20967,215.33871,256.27142,293.63916,184.57535
2020-02-23,184.59793,151.87805,221.1,160.2258,224.14516,251.57143,296.31958,184.19179
2020-02-24,183.07216,152.69513,220.05,156.2258,224.00807,250.95714,295.58762,181.09589
2020-02-25,180.4433,151.31708,217.6,152.1129,223.30646,249.22858,294.19586,179.75342
2020-02-26,176.60825,149.02438,214.18333,144.85484,221.99193,246.77142,292.48453,170.0822
2020-02-27,170.92784,147.2561,210.55,134.7258,219.78226,243.87143,290.41238,163.71233
2020-02-28,163.26804,145.0,205.71666,122.90323,217.16129,239.54286,286.9175,157.61644
2020-02-29,157.84537,143.2561,201.96666,114.98387,214.82259,236.27142,283.68042,150.10959
2020-03-01,158.12372,142.87805,202.03334,115.241936,214.57259,238.61429,281.61856,147.27397
2020-03-02,164.46391,144.41463,202.53334,115.354836,217.82259,245.0,284.35052,145.60274
2020-03-03,164.71133,144.41463,202.93333,114.758064,217.8871,243.85715,286.07217,147.09589
2020-03-04,160.0,143.60976,199.31667,107.70968,216.95161,241.98572,282.95877,140.26027
2020-03-05,153.72165,142.12195,194.53334,96.51613,214.3629,237.8,280.9691,137.50685
2020-03-06,114.298965,140.2561,179.55,87.96774,210.06451,202.84285,256.23712,119.50685
2020-03-07,140.52577,139.39024,189.8,83.30645,210.56451,225.55714,276.97937,131.0685
2020-03-08,112.30928,139.39024,175.9,86.935486,207.48387,199.24286,253.46391,118.520546
2020-03-09,112.824745,139.39024,175.9,87.53226,207.48387,199.14285,253.46391,120.46575
2020-03-10,139.74226,139.39024,188.71666,87.53226,210.28226,225.18571,275.72165,126.369865
2020-03-11,137.27835,144.42683,189.4,81.951614,212.16936,224.68571,276.76288,125.0
2020-03-12,134.48454,145.06097,188.86667,76.258064,213.71774,222.25714,275.04123,122.9315
2020-03-13,130.12372,144.7683,187.35,70.30645,213.08871,217.72858,274.58762,118.68493
2020-03-14,128.92784,144.86586,186.31667,67.741936,212.20161,217.0,274.82474,110.904106
2020-03-15,152.80412,147.45122,188.75,93.33871,220.30646,229.65715,276.85568,161.71233
2020-03-16,241.02061,149.03659,233.66667,121.48387,250.6371,306.91428,345.41238,221.863
2020-03-17,272.68042,176.7561,264.41666,145.59677,288.16934,334.8857,378.09277,254.28767
2020-03-18,279.85568,177.04878,265.03333,164.24193,288.96774,337.1857,379.83505,265.0137
2020-03-19,286.8866,177.04878,266.66666,167.2742,289.12903,340.92856,383.06186,274.79453
2020-03-20,290.2268,180.47562,270.91666,167.90323,291.58066,342.91428,386.90723,278.54794
2020-03-21,289.53607,181.95122,271.33334,167.6129,293.1371,343.57144,387.15463,278.0548
2020-03-22,289.13403,183.17073,272.31668,163.17741,293.40323,342.58572,388.83505,276.60275
2020-03-23,289.60825,201.40244,278.4,156.93549,304.10483,346.67142,390.5258,277.75342
2020-03-24,292.14432,206.2439,283.51666,156.5,306.98386,350.01428,393.83505,277.46576
2020-03-25,314.26804,206.14635,298.7,165.7742,314.32257,366.58572,410.4536,296.21918
2020-03-26,319.12372,215.58537,305.41666,170.82259,321.9113,371.8143,415.93814,301.49316
2020-03-27,321.12372,219.7561,309.35,171.08064,328.3387,373.7,420.8969,303.8904
2020-03-28,321.85568,219.97562,310.35,171.08064,329.4113,375.04285,420.25772,303.9452
2020-03-29,327.90723,220.87805,312.41666,176.0,330.9597,381.14285,421.6701,311.76712
2020-03-30,330.41238,225.13414,315.16666,176.01613,334.73386,386.8143,424.17526,312.69864
2020-03-31,331.49484,224.2683,316.8,176.67741,334.5242,391.3,425.40207,315.06848
2020-04-01,264.7835,218.95122,299.78333,171.75807,328.1613,344.1143,397.16495,279.67123
2020-04-02,330.13403,217.03659,310.46667,172.03226,329.83066,393.3857,417.97937,309.36987
2020-04-03,329.62888,216.20732,311.35,171.25807,329.87097,393.75714,419.75256,308.9589
2020-04-04,326.87628,214.82927,308.55,169.19354,328.6855,386.2857,414.7732,305.60275
2020-04-05,341.86597,213.10976,313.31668,191.3871,329.7097,389.98572,418.86597,343.21918
2020-04-06,395.46393,248.68292,365.66666,222.40323,395.3871,454.1,476.42267,401.0274
2020-04-07,405.49484,267.23172,379.15,225.03226,419.76614,468.9,493.82474,403.79453
2020-04-08,406.20618,283.2073,380.36667,218.2742,423.16934,470.8857,496.51547,403.0411
2020-04-09,391.56702,306.13416,381.01666,198.54839,431.3145,466.8857,502.35052,389.82193
2020-04-10,356.04123,309.15854,385.33334,181.54839,438.34677,460.7143,507.50516,399.53424
2020-04-11,391.14432,308.95123,385.61667,160.91936,438.28226,484.54285,507.0825,375.0959
2020-04-12,371.57733,306.06097,378.73334,137.54839,435.7016,469.15714,496.73196,352.26028
2020-04-13,346.23712,302.4878,373.7,122.564514,433.3871,460.95715,492.29898,331.71234
2020-04-14,345.04123,300.62195,370.65,114.241936,432.9113,458.22858,491.39175,321.60275
2020-04-15,272.5258,298.82925,368.13333,103.20968,431.66934,402.6,485.6701,286.65753
2020-04-16,236.30928,293.06097,358.98334,87.91936,426.16934,388.2143,477.58762,254.28767
2020-04-17,219.34021,285.37805,349.73334,78.51613,421.1371,376.58572,471.3402,234.75342
2020-04-18,273.39175,288.04877,357.1,70.645164,429.1613,423.84286,487.86597,247.26027
2020-04-19,260.23712,293.14633,355.55,64.629036,428.9516,416.12857,486.29898,231.9315
2020-04-20,249.91753,291.7439,354.51666,61.580647,428.0484,400.41428,497.94846,220.12329
2020-04-21,243.1134,295.34146,354.83334,57.80645,430.58066,395.47144,497.43298,206.16438
2020-04-22,176.7629,291.32925,340.35,51.903225,425.2742,343.64285,463.64948,181.0137
2020-04-23,161.96907,283.2561,326.0,45.70968,416.85483,325.41428,449.8969,164.50685
2020-04-24,192.31958,271.87805,331.6,39.612904,409.2984,356.8,486.31958,155.21918
2020-04-25,175.54639,256.07318,320.63333,33.48387,395.66934,345.75714,482.42267,137.53424
2020-04-26,156.54639,239.48781,306.48334,27.290323,379.24194,333.7857,473.68042,120.38356
2020-04-27,142.79381,228.18292,290.8,21.419355,367.0242,320.1143,462.1134,104.83562
2020-04-28,128.28867,215.42683,274.75,16.5,352.9113,305.0,447.93814,90.72603
2020-04-29,106.43299,195.71951,245.95,11.16129,329.42743,279.32858,421.35052,72.60274
2020-04-30,77.96907,176.80487,215.46666,8.274194,305.60483,248.45714,386.5567,58.20548
2020-05-01,71.04124,162.47562,192.38333,7.032258,287.33066,230.34285,349.39175,50.753426
2020-05-02,64.87629,154.7439,173.41667,6.225806,276.46774,215.25714,318.62888,43.547947
2020-05-03,60.28866,148.40244,167.86667,5.677419,270.19354,206.32857,310.63916,39.09589
2020-05-04,57.329895,145.53659,164.85,5.306452,267.87097,200.65715,306.86597,35.671234
2020-05-05,57.381443,141.12195,160.28334,4.725806,263.85483,190.44286,301.73196,32.643837
2020-05-06,44.525772,133.90244,143.83333,3.935484,254.99193,144.48572,247.94846,31.753426
2020-05-07,41.587627,124.20731,141.48334,3.483871,245.60484,156.21428,276.30927,25.219177
2020-05-08,36.494846,110.768295,129.23334,2.983871,231.17741,143.04286,260.3299,30.424658
2020-05-09,25.268042,96.98781,107.5,2.2096775,214.00807,108.15714,199.84537,16.890411
2020-05-10,21.680412,85.402435,99.316666,1.3548387,199.87097,106.64286,214.75258,16.027397
2020-05-11,16.494844,76.68293,87.73333,0.7096774,186.3871,93.542854,195.21649,11.917809
2020-05-12,14.412371,74.29269,84.26667,0.4032258,181.80646,88.814285,187.97939,10.013699
2020-05-13,14.474227,74.21951,83.816666,0.41935483,180.94354,91.92857,187.87628,10.821918
2020-05-14,14.226804,73.92683,82.316666,0.3548387,179.89516,89.542854,185.81444,10.972603
2020-05-15,14.371134,73.70731,80.51667,0.33870968,179.19354,87.2,191.04124,10.479452
2020-05-16,11.865979,72.95122,78.333336,0.0,176.28226,86.42857,176.41237,8.0
2020-05-17,9.175258,69.53658,71.46667,0.0,169.62903,74.457146,163.98969,4.849315
2020-05-18,10.371134,66.256096,64.5,0.0,163.33871,64.87143,136.3299,3.8493152
2020-05-19,20.494844,80.13415,90.13333,0.11290322,183.10484,116.84286,206.79381,13.739726
2020-05-20,22.041237,84.65854,92.933334,0.17741935,187.29033,98.34286,191.73196,18.273973
2020-05-21,15.515464,83.768295,91.53333,0.032258064,186.30646,93.74286,191.03093,14.30137
2020-05-22,12.804124,80.84146,91.2,0.0,185.16129,81.88571,202.72165,6.6438355
2020-05-23,9.639175,79.32927,86.8,0.0,183.94354,76.87143,196.36082,5.0958905
2020-05-24,8.226804,77.10976,80.85,0.0,181.7258,81.28571,184.8866,3.328767
2020-05-25,8.876288,72.5,70.88333,0.0,176.3871,67.92857,148.59793,1.0821918
2020-05-26,3.958763,65.92683,60.633335,0.0,166.0242,54.514286,133.92784,0.12328767
2020-05-27,2.3608248,56.451218,46.283333,0.0,149.33064,41.385715,106.83505,0.0
2020-05-28,2.329897,46.451218,35.766666,0.0,132.43549,34.057144,87.360825,0.0
2020-05-29,1.1649485,36.719513,25.05,0.0,115.02419,24.9,65.1134,0.0
2020-05-30,0.4742268,30.975609,16.366667,0.0,97.44355,16.885714,45.907215,0.0
2020-05-31,0.39175257,29.280487,13.516666,0.0,72.59677,12.971429,39.927834,0.0
2020-06-01,0.21649484,22.756098,12.2,0.0,78.8629,12.228572,35.309277,0.0
2020-06-02,0.0,21.756098,11.233334,0.0,74.0,10.514286,30.927835,0.0
2020-06-03,0.0,19.829268,9.016666,0.0,66.0,8.271428,23.43299,0.0
2020-06-04,0.0,17.609756,6.2833333,0.0,57.55645,5.571429,14.556701,0.0
2020-06-05,0.0,15.54878,4.5333333,0.0,47.935482,2.942857,8.226804,0.0
2020-06-06,0.0,14.04878,3.6333334,0.0,40.26613,1.6142857,4.7938147,0.0
2020-06-07,0.0,13.597561,3.3833334,0.0,39.758064,1.1,3.3195877,0.0
2020-06-08,0.16494845,13.597561,3.65,0.0,39.774193,1.3285714,4.7525773,0.10958904
2020-06-09,0.0,13.597561,3.5333333,0.0,39.758064,1.5714285,4.546392,0.0
2020-06-10,0.0,13.54878,3.3333333,0.0,38.85484,1.3857143,3.742268,0.0
2020-06-11,0.0,12.731708,2.8,0.0,35.35484,0.64285713,1.8762887,0.0
2020-06-12,0.0,11.585366,2.4666667,0.0,31.39516,0.114285715,0.40206185,0.0
2020-06-13,0.0,10.926829,2.45,0.0,30.153225,0.08571429,0.28865978,0.0
2020-06-14,0.0,10.414634,2.4666667,0.0,29.782259,0.071428575,0.28865978,0.0
2020-06-15,0.0,10.268292,2.3833334,0.0,28.693548,0.0,0.185567,0.0
2020-06-16,0.0,9.743902,2.2,0.0,26.709677,0.0,0.0,0.0
2020-06-17,0.0,8.914634,2.1,0.0,25.370968,0.0,0.0,0.0
2020-06-18,0.0,8.0,1.9833333,0.0,23.491936,0.0,0.0,0.0
2020-06-19,0.0,6.707317,1.7,0.0,21.024193,0.0,0.0,0.0
2020-06-20,0.0,5.780488,1.35,0.0,18.129032,0.0,0.0,0.0
2020-06-21,0.0,4.865854,0.8333333,0.0,14.919354,0.0,0.0,0.0
2020-06-22,0.0,3.7804878,0.21666667,0.0,10.17742,0.0,0.0,0.0
2020-06-23,0.0,2.621951,0.0,0.0,5.427419,0.0,0.0,0.0
2020-06-24,0.0,1.4878049,0.0,0.0,2.2258065,0.0,0.0,0.0
2020-06-25,0.0,0.81707317,0.0,0.0,1.3064516,0.0,0.0,0.0
2020-06-26,0.0,0.41463414,0.0,0.0,0.8064516,0.0,0.0,0.0
2020-06-27,0.0,0.024390243,0.0,0.0,0.516129,0.0,0.0,0.0
2020-06-28,0.0,0.0,0.0,0.0,0.21774194,0.0,0.0,0.0
2020-06-29,0.0,0.0,0.0,0.0,0.09677419,0.0,0.0,0.0
2020-06-30,0.0,0.0,0.0,0.0,0.0,0.0,0.0,0.0
2020-07-01,0.0,0.0,0.0,0.0,0.0,0.0,0.0,0.0
2020-07-02,0.0,0.0,0.0,0.0,0.0,0.0,0.0,0.0
2020-07-03,0.0,0.0,0.0,0.0,0.0,0.0,0.0,0.0
2020-07-04,0.0,0.0,0.0,0.0,0.0,0.0,0.0,0.0
2020-07-05,0.0,0.0,0.0,0.0,0.0,0.0,0.0,0.0
2020-07-06,0.0,0.0,0.0,0.0,0.0,0.0,0.0,0.0
2020-07-07,0.0,0.0,0.0,0.0,0.0,0.0,0.0,0.0
2020-07-08,0.0,0.0,0.0,0.0,0.0,0.0,0.0,0.0
2020-07-09,0.0,0.0,0.0,0.0,0.0,0.0,0.0,0.0
2020-07-10,0.0,0.0,0.0,0.0,0.0,0.0,0.0,0.0
2020-07-11,0.0,0.0,0.0,0.0,0.0,0.0,0.0,0.0
2020-07-12,0.0,0.0,0.0,0.0,0.0,0.0,0.0,0.0
2020-07-13,0.0,0.0,0.0,0.0,0.0,0.0,0.0,0.0
2020-07-14,0.0,0.0,0.0,0.0,0.0,0.0,0.0,0.0
2020-07-15,0.0,0.0,0.0,0.0,0.0,0.0,0.0,0.0
2020-07-16,0.0,0.0,0.0,0.0,0.0,0.0,0.0,0.0
2020-07-17,0.0,0.0,0.0,0.0,0.0,0.0,0.0,0.0
2020-07-18,0.0,0.0,0.0,0.0,0.0,0.0,0.0,0.0
2020-07-19,0.0,0.0,0.0,0.0,0.0,0.0,0.0,0.0
2020-07-20,0.0,0.0,0.0,0.0,0.0,0.0,0.0,0.0
2020-07-21,0.0,0.0,0.0,0.0,0.0,0.0,0.0,0.0
2020-07-22,0.0,0.0,0.0,0.0,0.0,0.0,0.0,0.0
2020-07-23,0.0,0.0,0.0,0.0,0.0,0.0,0.0,0.0
2020-07-24,0.0,0.0,0.0,0.0,0.0,0.0,0.0,0.0
2020-07-25,0.0,0.0,0.0,0.0,0.0,0.0,0.0,0.0
2020-07-26,0.0,0.0,0.0,0.0,0.0,0.0,0.0,0.0
2020-07-27,0.0,0.0,0.0,0.0,0.0,0.0,0.0,0.0
2020-07-28,0.0,0.0,0.0,0.0,0.0,0.0,0.0,0.0
2020-07-29,0.0,0.0,0.0,0.0,0.0,0.0,0.0,0.0
2020-07-30,0.0,0.0,0.0,0.0,0.0,0.0,0.0,0.0
2020-07-31,0.0,0.0,0.0,0.0,0.0,0.0,0.0,0.0
2020-08-01,0.0,0.0,0.0,0.0,0.0,0.0,0.0,0.0
2020-08-02,0.0,0.0,0.0,0.0,0.0,0.0,0.0,0.0
2020-08-03,0.0,0.0,0.0,0.0,0.0,0.0,0.0,0.0
2020-08-04,0.0,0.0,0.0,0.0,0.0,0.0,0.0,0.0
2020-08-05,0.0,0.0,0.0,0.0,0.0,0.0,0.0,0.0
2020-08-06,0.0,0.0,0.0,0.0,0.0,0.0,0.0,0.0
2020-08-07,0.0,0.0,0.0,0.0,0.0,0.0,0.0,0.0
2020-08-08,0.0,0.0,0.0,0.0,0.0,0.0,0.0,0.0
2020-08-09,0.0,0.0,0.0,0.0,0.0,0.0,0.0,0.0
2020-08-10,0.0,0.0,0.0,0.0,0.0,0.0,0.0,0.0
2020-08-11,0.0,0.0,0.0,0.0,0.0,0.0,0.0,0.0
2020-08-12,0.0,0.0,0.0,0.0,0.0,0.0,0.0,0.0
2020-08-13,0.0,0.0,0.0,0.0,0.0,0.0,0.0,0.0
2020-08-14,0.0,0.0,0.0,0.0,0.0,0.0,0.0,0.0
2020-08-15,0.0,0.0,0.0,0.0,0.0,0.0,0.0,0.0
2020-08-16,0.0,0.0,0.0,0.0,0.0,0.0,0.0,0.0
2020-08-17,0.0,0.0,0.0,0.0,0.0,0.0,0.0,0.0
2020-08-18,0.0,0.0,0.0,0.0,0.0,0.0,0.0,0.0
2020-08-19,0.0,0.0,0.0,0.0,0.0,0.0,0.0,0.0
2020-08-20,0.0,0.0,0.0,0.0,0.0,0.0,0.0,0.0
2020-08-21,0.0,0.0,0.0,0.0,0.0,0.0,0.0,0.0
2020-08-22,0.0,0.0,0.0,0.0,0.0,0.0,0.0,0.0
2020-08-23,0.0,0.0,0.0,0.0,0.0,0.0,0.0,0.0
2020-08-24,0.0,0.0,0.0,0.0,0.0,0.0,0.0,0.0
2020-08-25,0.0,0.0,0.0,0.0,0.0,0.0,0.0,0.0
2020-08-26,0.0,0.0,0.0,0.0,0.0,0.0,0.0,0.0
2020-08-27,0.0,0.0,0.0,0.0,0.0,0.0,0.0,0.0
2020-08-28,0.0,0.0,0.0,0.0,0.0,0.0,0.0,0.0
2020-08-29,0.0,0.0,0.0,0.0,0.0,0.0,0.0,0.0
2020-08-30,0.0,0.0,0.0,0.0,0.0,0.0,0.0,0.0
2020-08-31,0.0,0.0,0.0,0.0,0.0,0.0,0.0,0.0
2020-09-01,0.0,0.0,0.0,0.0,0.0,0.0,0.0,0.0
2020-09-02,0.0,0.0,0.0,0.0,0.0,0.0,0.0,0.0
2020-09-03,0.0,0.0,0.0,0.0,0.0,0.0,0.0,0.0
2020-09-04,0.0,0.0,0.0,0.0,0.0,0.0,0.0,0.0
2020-09-05,0.0,0.0,0.0,0.0,0.0,0.0,0.0,0.0
2020-09-06,0.0,0.0,0.0,0.0,0.0,0.0,0.0,0.0
2020-09-07,0.0,0.0,0.0,0.0,0.0,0.0,0.0,0.0
2020-09-08,0.0,0.0,0.0,0.0,0.0,0.0,0.0,0.0
2020-09-09,0.0,0.0,0.0,0.0,0.0,0.0,0.0,0.0
2020-09-10,0.0,0.0,0.0,0.0,0.0,0.0,0.0,0.0
2020-09-11,0.0,0.0,0.0,0.0,0.0,0.0,0.0,0.0
2020-09-12,0.0,0.0,0.0,0.0,0.0,0.0,0.0,0.0
2020-09-13,0.0,0.0,0.0,0.0,0.0,0.0,0.0,0.0
2020-09-14,0.0,0.0,0.0,0.0,0.0,0.0,0.0,0.0
2020-09-15,0.0,0.0,0.0,0.0,0.0,0.0,0.0,0.0
2020-09-16,0.0,0.0,0.0,0.0,0.0,0.0,0.0,0.0
2020-09-17,0.0,0.0,0.0,0.0,0.0,0.0,0.0,0.0
2020-09-18,0.0,0.0,0.0,0.0,0.0,0.0,0.0,0.0
2020-09-19,0.0,0.0,0.0,0.0,0.0,0.0,0.0,0.0
2020-09-20,0.0,0.0,0.0,0.0,0.0,0.0,0.0,0.0
2020-09-21,0.0,0.0,0.0,0.0,0.0,0.0,0.0,0.0
2020-09-22,0.0,0.0,0.0,0.0,0.0,0.0,0.0,0.0
2020-09-23,0.0,0.0,0.0,0.0,0.0,0.0,0.0,0.0
2020-09-24,0.0,0.0,0.0,0.0,0.0,0.0,0.0,0.0
2020-09-25,0.0,0.0,0.0,0.0,0.0,0.0,0.0,0.0
2020-09-26,0.0,0.0,0.0,0.0,0.0,0.0,0.0,0.0
2020-09-27,0.0,0.0,0.0,0.0,0.0,0.0,0.0,0.0
2020-09-28,0.0,0.0,0.0,0.0,0.0,0.0,0.0,0.0
2020-09-29,0.0,0.0,0.0,0.0,0.0,0.0,0.0,0.0
2020-09-30,0.0,0.0,0.0,0.0,0.0,0.0,0.0,0.0
2020-10-01,0.0,0.0,0.0,0.0,0.0,0.0,0.0,0.0
2020-10-02,0.0,0.0,0.0,0.0,0.0,0.0,0.0,0.0
2020-10-03,0.0,0.0,0.0,0.0,0.0,0.0,0.0,0.0
2020-10-04,0.0,0.0,0.0,0.0,0.0,0.0,0.0,0.0
2020-10-05,0.0,0.0,0.0,0.0,0.0,0.0,0.0,0.0
2020-10-06,0.0,0.0,0.0,0.0,0.0,0.0,0.0,0.0
2020-10-07,0.0,0.0,0.0,0.0,0.0,0.0,0.0,0.0
2020-10-08,0.0,0.0,0.0,0.0,0.0,0.0,0.0,0.0
2020-10-09,0.0,0.0,0.0,0.0,0.0,0.0,0.0,0.0
2020-10-10,0.0,0.0,0.0,0.0,0.0,0.0,0.0,0.0
2020-10-11,0.0,0.0,0.0,0.0,0.0,0.0,0.0,0.0
2020-10-12,0.0,0.0,0.0,0.0,0.0,0.0,0.0,0.0
2020-10-13,0.0,0.0,0.0,0.0,0.0,0.0,0.0,0.0
2020-10-14,0.0,0.0,0.0,0.0,0.0,0.0,0.0,0.0
2020-10-15,0.0,0.0,0.0,0.0,0.0,0.0,0.0,0.0
2020-10-16,0.0,0.0,0.0,0.0,0.0,0.0,0.0,0.0
2020-10-17,0.0,0.0,0.0,0.0,0.0,0.0,0.0,0.0
2020-10-18,0.0,0.0,0.0,0.0,0.0,0.0,0.0,0.0
2020-10-19,0.0,0.0,0.0,0.0,0.0,0.0,0.0,0.0
2020-10-20,0.0,0.0,0.0,0.0,0.0,0.0,0.0,0.0
2020-10-21,0.0,0.0,0.0,0.0,0.0,0.0,0.0,0.0
2020-10-22,0.0,0.0,0.0,0.0,0.0,0.0,0.0,0.0
2020-10-23,0.0,0.0,0.0,0.0,0.0,0.0,0.0,0.0
2020-10-24,0.0,0.0,0.0,0.0,0.0,0.0,0.0,0.0
2020-10-25,0.0,0.0,0.0,0.0,0.0,0.0,0.0,0.0
2020-10-26,0.0,0.0,0.0,0.0,0.0,0.0,0.0,0.0
2020-10-27,0.010309278,0.0,0.0,0.0,0.0,0.0,0.0,0.0
2020-10-28,0.0,0.0,0.0,0.0,0.0,0.0,0.0,0.0
2020-10-29,0.0,0.0,0.0,0.0,0.0,0.0,0.0,0.0
2020-10-30,0.0,0.0,0.0,0.0,0.0,0.0,0.0,0.0
2020-10-31,0.0,0.0,0.0,0.0,0.0,0.0,0.0,0.0
2020-11-01,0.0,0.0,0.0,0.0,0.0,0.0,0.0,0.0
2020-11-02,0.0,0.0,0.0,0.0,0.0,0.0,0.0,0.0
2020-11-03,0.0,0.0,0.0,0.0,0.0,0.0,0.0,0.0
2020-11-04,0.0,0.0,0.0,0.0,0.0,0.0,0.0,0.0
2020-11-05,0.0,0.0,0.0,0.0,0.0,0.0,0.0,0.0
2020-11-06,0.0,0.0,0.0,0.0,0.0,0.0,0.0,0.0
2020-11-07,0.36082473,0.14634146,1.2,0.22580644,1.1290323,0.54285717,0.96907216,1.6986301
2020-11-08,7.2989693,2.621951,9.55,0.6935484,5.556452,4.5571427,5.4329896,9.315068
2020-11-09,16.835052,13.878049,20.233334,1.0806452,13.241936,10.357142,11.350515,11.835616
2020-11-10,16.845362,14.134147,20.066668,1.0806452,13.42742,10.4,11.381443,11.328767
2020-11-11,16.835052,14.097561,19.8,0.62903225,13.604838,10.657143,11.731958,11.246575
2020-11-12,15.948454,13.804878,19.933332,0.5,13.612904,10.4,11.43299,10.657535
2020-11-13,15.030928,13.414634,19.416666,0.38709676,13.532258,10.1285715,11.092784,9.260274
2020-11-14,40.54639,13.829268,23.383333,10.83871,13.83871,18.942858,16.474226,37.10959
2020-11-15,40.03093,12.573171,23.516666,10.741936,13.653226,19.885714,16.381443,38.054794
2020-11-16,36.835052,8.280488,19.233334,7.822581,9.330646,18.642857,13.938145,36.342464
2020-11-17,24.42268,5.402439,9.433333,0.06451613,4.709677,13.214286,7.3505154,23.60274
2020-11-18,35.505154,5.02439,9.216666,19.35484,3.8709676,16.714285,9.340206,47.972603
2020-11-19,79.69072,5.109756,28.65,27.725807,16.774193,47.771427,31.0,76.10959
2020-11-20,79.1134,4.9268293,28.566668,27.516129,16.379032,48.0,31.453608,75.45206
2020-11-21,77.59794,4.6463413,26.216667,26.080645,15.120968,48.24286,30.58763,73.61644
2020-11-22,74.4433,4.231707,22.083334,23.080645,12.935484,47.914288,32.309277,71.38356
2020-11-23,71.896904,4.207317,19.933332,22.048388,12.217742,46.528572,31.154638,69.904106
2020-11-24,70.824745,4.207317,19.933332,21.85484,12.112904,45.914288,33.113403,68.89041
2020-11-25,68.71134,4.207317,18.616667,20.161291,11.862904,45.5,32.391754,66.671234
2020-11-26,68.57732,4.207317,18.45,20.306452,11.040322,44.785713,30.381443,66.30137
2020-11-27,69.30928,4.207317,18.45,20.467741,10.604838,44.614285,30.42268,66.91781
2020-11-28,67.75258,4.207317,17.883333,18.887096,9.879032,44.42857,32.113403,65.35616
2020-11-29,64.47423,4.195122,16.65,16.209677,9.08871,42.92857,30.814432,62.82192
2020-11-30,61.494846,4.1707315,15.916667,13.887096,8.790322,42.114285,30.061855,59.30137
2020-12-01,58.02062,4.1707315,14.6,12.274194,8.66129,39.24286,28.824741,56.219177
2020-12-02,54.371136,4.0487804,12.4,10.193548,7.91129,36.4,26.639175,52.260273
2020-12-03,48.886597,4.0365853,10.866667,8.435484,7.104839,32.357143,24.041237,47.315067
2020-12-04,44.70103,4.0487804,10.3,7.419355,6.887097,31.842857,23.175259,44.19178
2020-12-05,41.01031,4.0365853,9.8,6.2580647,6.798387,29.814285,22.072165,41.561646
2020-12-06,37.907215,4.0365853,9.166667,5.370968,6.669355,27.557142,20.525774,39.328766
2020-12-07,36.237114,4.0365853,9.116667,5.096774,6.814516,27.485714,20.845362,38.232876
2020-12-08,35.474228,4.0365853,9.066667,4.66129,6.822581,27.042856,20.917526,37.28767
2020-12-09,31.319588,4.0365853,8.233334,3.387097,6.677419,24.314285,19.360825,32.945206
2020-12-10,29.175259,4.0365853,8.083333,3.1451614,6.645161,23.242857,18.938145,30.863014
2020-12-11,28.742268,4.0365853,8.083333,3.1290324,7.104839,22.857143,18.938145,30.328768
2020-12-12,34.12371,5.280488,21.033333,9.387096,14.57258,36.75714,38.051548,34.767124
2020-12-13,37.639175,6.5,23.3,11.048388,17.07258,42.75714,43.87629,36.671234
2020-12-14,72.12371,18.182926,44.7,31.338709,32.04032,70.34286,77.206184,72.35616
2020-12-15,72.96907,18.414635,44.533333,31.435484,32.032257,71.9,77.515465,72.287674
2020-12-16,74.0,19.195122,44.716667,30.82258,32.177418,73.37143,78.27835,73.08219
2020-12-17,80.41237,19.780487,47.316666,44.080647,35.80645,75.87143,83.21649,87.08219
2020-12-18,94.75258,27.609756,58.133335,48.080647,43.70968,87.828575,96.42268,98.78082
2020-12-19,94.73196,27.621952,58.366665,47.370968,45.379032,89.057144,96.96907,98.41096
2020-12-20,93.42268,26.743902,58.483334,45.935482,45.572582,89.457146,97.34021,97.45206
2020-12-21,89.81443,25.231707,57.85,42.19355,45.112904,88.14286,97.52577,94.54794
2020-12-22,85.484535,24.170732,56.066666,40.112904,44.677418,86.3,96.27835,92.287674
2020-12-23,84.35052,23.829268,54.9,40.16129,44.04032,85.57143,95.75258,92.9315
2020-12-24,83.206184,23.670732,52.733334,38.83871,44.032257,85.0,94.78351,91.89041
2020-12-25,80.793816,23.54878,51.783333,37.403225,43.830647,83.88571,93.96907,90.54794
2020-12-26,94.5567,23.670732,55.65,66.33871,44.201614,95.28571,104.81443,108.73972
2020-12-27,110.98969,23.695122,59.916668,78.58064,47.451614,106.27143,111.52577,121.31507
2020-12-28,113.95876,38.182926,70.46667,78.3871,58.298386,108.98572,119.824745,121.863014
2020-12-29,115.41237,43.40244,74.26667,78.30645,63.112904,110.14286,122.453606,121.904106
2020-12-30,115.61855,43.792683,74.46667,77.145164,64.46774,109.85714,122.64948,121.80822
2020-12-31,122.08247,43.865852,74.6,80.758064,65.03226,113.61429,124.06186,129.36986
2021-01-01,125.41237,44.317074,74.53333,82.79032,65.09677,122.12857,125.19588,129.53424
2021-01-02,125.34021,45.939026,73.96667,83.3871,64.72581,121.72857,125.04124,129.15068
2021-01-03,127.37113,45.390244,73.63333,85.129036,64.71774,122.41428,125.103096,132.61644
2021-01-04,128.46391,46.317074,72.933334,89.70968,64.80645,122.47143,125.03093,136.63014
2021-01-05,156.18556,46.5,79.98333,116.91936,67.70968,139.52856,140.54639,177.36986
2021-01-06,157.26804,45.951218,80.21667,117.98387,68.01613,140.58571,141.47423,177.50685
2021-01-07,156.40207,45.792683,79.05,118.72581,67.685486,139.97144,140.98969,177.35617
2021-01-08,155.34021,45.963413,77.85,119.20968,66.701614,139.85715,140.7732,176.76712
2021-01-09,155.91753,45.817074,77.15,124.145164,67.354836,139.45714,140.41237,178.63014
2021-01-10,154.39175,46.341465,76.066666,123.58064,66.120964,138.47144,139.69072,177.75342
2021-01-11,152.91753,45.463413,74.73333,123.32258,64.879036,137.24286,138.63918,176.87671
2021-01-12,149.60825,45.09756,73.183334,122.629036,63.379032,134.97144,137.08247,174.39726
2021-01-13,147.1134,45.0,71.433334,125.629036,61.822582,132.82857,135.48454,172.78082
2021-01-14,143.61856,43.109756,66.78333,126.40323,59.862904,129.25714,132.07216,171.23288
2021-01-15,134.13402,39.682926,59.166668,123.258064,56.08871,121.47143,126.83505,166.23288
2021-01-16,122.793816,34.42683,51.066666,118.03226,52.76613,111.8,120.639175,162.04109
2021-01-17,113.608246,30.512196,45.5,111.19355,49.169353,104.52857,115.65979,157.68494
2021-01-18,104.78351,27.792683,41.733334,102.22581,47.846775,97.58572,111.56701,150.46576
2021-01-19,104.50516,27.40244,41.6,101.32258,48.080647,97.171425,111.35052,149.52055
2021-01-20,104.77319,27.134146,41.6,100.70968,47.58871,97.22857,111.35052,149.52055
2021-01-21,103.74227,27.707317,41.516666,98.758064,47.725807,96.542854,111.09278,148.0548
2021-01-22,102.50516,28.085365,41.4,96.741936,48.137096,95.814285,110.81443,147.16438
2021-01-23,107.41237,35.353657,43.816666,93.33871,50.120968,100.22857,114.546394,153.79453
2021-01-24,108.08247,37.365852,43.8,99.129036,49.935482,102.1,115.639175,152.61644
2021-01-25,121.1134,50.40244,59.433334,98.129036,60.66129,113.171425,129.72165,163.9315
2021-01-26,126.64948,66.35366,64.066666,100.09677,64.22581,117.2,132.8866,168.28767
2021-01-27,159.16495,82.15854,82.833336,121.258064,79.6129,142.91429,157.14433,195.90411
2021-01-28,221.81444,104.86585,169.58333,153.70967,146.21774,235.68571,245.46391,253.90411
2021-01-29,284.80414,127.67073,239.58333,178.06451,203.01613,290.3,295.0103,305.39725
2021-01-30,297.18558,141.54878,257.5,181.95161,217.09677,303.55713,317.80414,310.9041
2021-01-31,300.06186,143.36586,267.15,182.5,222.66936,306.74286,321.05154,311.863
2021-02-01,299.9175,144.7683,267.9,183.82259,224.00807,307.6143,320.53607,313.9041
2021-02-02,300.9897,145.78049,268.58334,201.54839,224.76613,306.7,321.42267,316.52054
2021-02-03,320.79382,149.43903,269.01666,221.17741,224.54839,315.8143,325.97937,345.65753
2021-02-04,323.82474,150.65854,268.55,223.03226,229.12903,346.3143,348.26804,346.8493
2021-02-05,327.1134,149.52438,268.83334,225.54839,239.98387,348.5,349.35052,348.28766
2021-02-06,326.5258,149.28049,269.71667,223.1129,240.67741,347.51428,350.0,347.69864
2021-02-07,325.2165,149.31708,270.56668,221.25807,241.66936,346.55713,351.3299,345.9726
2021-02-08,323.68042,149.32927,270.76666,215.33871,241.62903,345.35715,351.14432,344.1644
2021-02-09,322.2268,149.04878,270.85,212.98387,242.29033,344.65714,350.80414,344.1644
2021-02-10,323.43298,150.5,270.68332,211.16129,242.14516,344.72858,351.06186,345.23288
2021-02-11,321.68042,150.13414,270.51666,206.14516,242.51613,344.12857,349.95877,345.54794
2021-02-12,341.25772,156.80487,285.96667,234.2742,258.57257,366.22858,375.5567,369.1644
2021-02-13,353.17526,167.19513,292.33334,243.87097,267.26614,374.3143,383.39175,379.60275
2021-02-14,371.30927,172.32927,297.58334,250.30646,269.15323,384.01428,390.17526,394.0959
2021-02-15,377.16495,174.2317,300.0,257.48386,273.1129,387.2857,393.27835,400.47946
2021-02-16,388.25772,174.54878,304.95,261.67743,276.82257,397.82858,402.75256,411.863
2021-02-17,390.16495,176.59756,305.5,264.5,277.35483,398.8857,403.36084,411.64383
2021-02-18,391.83505,173.07317,305.31668,261.7903,279.05646,399.17142,402.36084,411.79453
2021-02-19,392.64948,173.7683,304.95,266.32257,280.62097,399.75714,403.17526,414.45206
2021-02-20,401.94846,172.46341,305.41666,274.7903,281.75,402.65714,405.06186,428.38358
2021-02-21,407.9175,171.70732,306.6,277.40323,282.91934,407.2143,408.05154,433.0411
2021-02-22,408.19586,171.36586,305.8,289.17743,283.3629,407.25714,406.92783,429.9452
2021-02-23,402.1134,171.13414,305.0,283.08066,282.07257,405.12857,406.35052,429.06848
2021-02-24,397.2165,169.30487,302.8,280.01614,282.8387,403.98572,406.72165,425.28766
2021-02-25,395.36084,167.42683,301.48334,279.7097,282.35483,404.3143,406.63916,425.9726
2021-02-26,392.20618,167.28049,299.91666,278.19354,292.82257,403.67142,406.51547,424.63013
2021-02-27,390.83505,166.84146,299.51666,265.90323,292.7984,402.91428,405.8866,424.0
2021-02-28,390.46393,166.41463,299.48334,265.5,292.87903,403.15714,405.74228,423.47946
2021-03-01,387.61856,165.96341,298.66666,266.80646,292.5484,402.1,400.58762,422.274
2021-03-02,383.85568,164.58537,297.43332,276.19354,292.30646,400.98572,400.20618,420.1233
2021-03-03,377.40207,163.07317,295.75,270.58066,291.58066,398.37143,399.92783,416.63013
2021-03-04,373.7732,163.21951,295.83334,251.25807,291.59677,398.12857,400.46393,414.34247
2021-03-05,370.79382,163.46341,294.76666,246.6129,287.60483,396.6857,399.02063,412.137
2021-03-06,367.50516,161.60976,291.83334,248.30646,283.1613,393.37143,398.20618,417.41095
2021-03-07,371.6701,159.82927,290.1,256.5,282.55646,395.58572,397.69073,419.9452
2021-03-08,366.70102,158.06097,288.41666,266.7903,279.99194,392.72858,395.95877,418.56165
2021-03-09,369.68042,157.70732,287.95,261.2097,278.99194,393.2,396.62888,422.38358
2021-03-10,385.02063,159.32927,297.2,269.5645,285.7903,404.4,407.38144,441.863
2021-03-11,397.9691,165.41463,308.73334,271.1613,302.09677,414.2857,415.51547,460.08218
2021-03-12,404.5258,168.02438,312.61667,283.74194,305.57257,422.8,421.3402,464.46576
2021-03-13,406.72165,171.47562,313.15,299.30646,303.0484,427.32858,424.64948,467.8767
2021-03-14,403.72165,174.43903,316.43332,296.2097,308.2016,427.08572,425.83505,467.9041
2021-03-15,415.61856,177.2317,325.6,287.6613,317.10483,438.12857,435.6701,486.91782
2021-03-16,424.51547,181.47562,332.63333,302.0,325.96774,444.72858,442.85568,487.24658
2021-03-17,426.2268,182.47562,337.25,298.75806,326.99194,445.72858,443.27835,490.24658
2021-03-18,424.71133,183.93903,335.45,312.6129,323.1855,445.04285,441.80414,491.93152
2021-03-19,433.05154,183.96341,342.03333,315.37097,328.6371,455.45715,457.0309,511.93152
2021-03-20,454.92783,192.65854,369.15,324.0645,353.57257,478.1857,483.94846,521.3973
2021-03-21,460.04123,196.18292,373.38333,345.0645,354.12903,480.05713,485.27835,525.23285
2021-03-22,461.09277,193.15854,379.51666,343.48386,354.42743,480.4,486.4433,524.7534
2021-03-23,462.20618,193.14635,380.66666,343.6129,357.0645,481.34286,485.5464,526.2466
2021-03-24,467.24744,193.92683,381.0,355.03226,357.82257,483.67142,487.58762,526.9863
2021-03-25,463.24744,194.60976,379.86667,354.2742,353.5887,482.6857,487.68042,524.56165
2021-03-26,462.7835,192.52438,380.33334,352.82257,358.07257,482.8857,487.9175,524.1233
2021-03-27,458.3299,191.84146,379.25,350.17743,353.3871,482.57144,487.83505,521.0548
2021-03-28,437.31958,189.32927,375.9,333.2903,353.74194,475.77142,485.43298,512.34247
2021-03-29,417.94846,190.84146,370.03333,312.1129,347.33066,466.4,484.0825,503.9863
2021-03-30,408.29898,182.51219,365.01666,297.37097,341.37903,458.2857,482.84537,494.93152
2021-03-31,400.7732,174.57317,358.15,290.8387,331.98386,451.65714,479.60825,485.78082
2021-04-01,382.8866,163.13414,350.53333,273.08066,323.2258,439.82858,472.41238,469.61642
2021-04-02,363.6701,142.2317,342.66666,243.58064,313.12903,425.5,466.62888,453.863
2021-04-03,339.87628,133.14635,327.03333,215.93549,297.2258,405.98572,456.3299,434.0
2021-04-04,316.87628,123.98781,303.71667,188.69354,283.8629,384.35715,441.17526,411.08218
2021-04-05,299.49484,114.15854,287.95,165.87097,268.98386,369.54285,426.0825,392.726
2021-04-06,291.28867,109.231705,283.06668,153.75807,261.85483,362.8857,418.8866,382.1507
2021-04-07,279.68042,103.79269,274.21667,134.75807,253.16936,354.0,411.86597,365.19177
2021-04-08,269.76288,98.62195,265.13333,120.29032,245.1371,344.1143,406.50516,353.23288
2021-04-09,260.5258,93.96342,259.7,109.0,239.1129,335.84286,401.94846,341.863
2021-04-10,249.35051,91.585365,252.28334,95.59677,231.74193,325.77142,395.92783,326.75342
2021-04-11,231.70103,86.98781,243.76666,81.741936,224.80646,313.64285,390.06186,306.06848
2021-04-12,213.10309,84.04878,232.73334,70.51613,216.80646,304.1143,382.17526,284.82193
2021-04-13,198.69072,81.42683,234.26666,62.29032,219.21774,297.52856,376.80414,268.9452
2021-04-14,198.35051,79.439026,232.83333,60.258064,217.6371,295.51428,376.07217,267.35617
2021-04-15,201.26804,77.89024,222.86667,58.79032,202.49193,301.22858,379.61856,262.34247
2021-04-16,199.58763,77.243904,234.41667,55.387096,216.41936,301.52856,378.19586,262.31506
2021-04-17,191.36082,76.52439,232.36667,48.048386,215.54033,297.1857,376.70102,252.863
2021-04-18,183.91753,75.02439,229.2,40.596775,212.44354,294.15714,374.0103,240.45206
2021-04-19,163.79381,73.69512,220.38333,27.548388,207.57259,281.01428,365.18558,217.9726
2021-04-20,141.35051,70.07317,207.25,19.112904,202.5242,265.1857,352.0103,193.26027
2021-04-21,130.35051,67.02439,200.78334,16.661291,199.23387,257.5,345.1134,179.0274
2021-04-22,124.30928,66.20731,199.55,14.32258,197.53226,252.52856,342.7732,168.83562
2021-04-23,118.237114,65.60976,197.6,11.096774,192.32259,247.7,340.23712,159.61644
2021-04-24,110.38145,70.71951,193.0,8.580646,187.00807,240.6,335.16495,150.90411
2021-04-25,108.57732,69.743904,192.28334,8.774194,185.0,236.37143,333.3299,149.9178
2021-04-26,120.03093,61.878048,203.58333,25.661291,184.99193,256.17142,351.24744,158.09589
2021-04-27,120.701035,61.609756,199.31667,26.225807,176.39516,257.67142,352.61856,159.58904
2021-04-28,122.08247,61.621952,200.08333,19.241936,175.79033,257.42856,354.64948,157.64383
2021-04-29,107.13402,70.04878,202.98334,7.516129,181.53226,245.57143,348.0103,143.19179
2021-04-30,85.91753,59.439026,168.53334,3.1935484,166.01613,223.7,323.70102,120.0
2021-05-01,70.83505,50.219513,123.666664,1.3709677,160.62097,197.1,291.57733,101.54794
2021-05-02,62.43299,47.67073,116.15,0.83870965,154.10484,183.41429,281.26804,91.68493
2021-05-03,56.938145,47.341465,113.15,0.5483871,149.39516,176.52856,276.60825,85.78082
2021-05-04,50.26804,45.841465,107.7,0.08064516,141.99193,166.81429,269.6701,78.630135
2021-05-05,42.57732,42.121952,99.26667,0.0,131.78226,148.2,257.12372,69.12329
2021-05-06,34.113403,38.987804,88.95,0.0,119.59677,126.37143,238.64949,56.39726
2021-05-07,30.927835,35.23171,80.63333,0.0,113.20968,108.74286,220.57732,46.780823
2021-05-08,28.371134,34.280487,85.36667,0.0,107.741936,102.328575,224.3299,41.9863
2021-05-09,26.247423,32.951218,82.21667,0.0,101.67742,97.328575,214.42268,37.972603
2021-05-10,25.237114,35.182926,79.55,0.0,95.59677,90.71429,200.82474,31.726027
2021-05-11,22.731958,33.060974,75.63333,0.0,89.07258,84.42857,187.60825,24.753426
2021-05-12,19.804123,30.40244,70.88333,0.0,81.58064,76.314285,172.27835,19.657534
2021-05-13,15.680412,31.341463,64.1,0.0,72.90323,63.4,153.02061,17.780823
2021-05-14,12.329897,29.439024,55.95,0.0,64.048386,51.142857,134.36082,13.712329
2021-05-15,9.958763,27.146341,48.6,0.0,63.73387,41.42857,116.85567,10.09589
2021-05-16,9.123712,27.073172,47.65,0.0,57.44355,38.87143,108.26804,8.328767
2021-05-17,8.195876,18.585365,46.966667,0.0,53.241936,36.45714,101.78351,6.0410957
2021-05-18,6.5051546,26.59756,43.016666,0.0,50.330647,29.457144,90.639175,3.7808218
2021-05-19,5.216495,24.829268,38.066666,0.0,55.096775,22.028572,94.948456,2.3424656
2021-05-20,4.6907215,24.280487,36.916668,0.0,54.024193,20.1,91.74227,2.0
2021-05-21,4.8350515,24.329268,27.516666,0.14516129,40.44355,20.971428,67.14433,3.5479453
2021-05-22,5.659794,15.97561,21.583334,0.27419356,36.080647,24.1,63.896908,4.1643834
2021-05-23,5.5670104,17.012196,22.6,0.06451613,37.39516,22.614286,69.57732,3.3424656
2021-05-24,5.268041,16.817074,34.616665,0.0,45.75,16.7,72.92783,2.5753424
2021-05-25,4.5670104,23.670732,36.283333,0.0,56.39516,15.685715,91.206184,1.7123288
2021-05-26,3.8247423,23.231707,35.35,0.0,54.717743,14.4,88.19588,1.2739726
2021-05-27,2.9175258,22.45122,33.566666,0.0,51.370968,15.714286,84.72165,0.8082192
2021-05-28,1.8762887,21.170732,30.433332,0.0,46.362904,12.885715,76.68041,0.4520548
2021-05-29,0.8556701,19.40244,28.333334,0.0,40.870968,10.071428,72.57732,0.0
2021-05-30,0.41237113,18.353659,24.95,0.0,38.16129,7.857143,64.31959,0.0
2021-05-31,0.0,16.09756,20.583334,0.0,31.548388,5.428571,53.96907,0.0
2021-06-01,0.0,12.768292,16.1,0.0,25.241936,2.357143,41.56701,0.0
2021-06-02,0.0,12.02439,11.216666,0.0,19.201612,0.35714287,27.226805,0.0
2021-06-03,0.0,9.04878,7.05,0.0,13.653226,0.0,15.195876,0.0
2021-06-04,0.0,6.4512196,4.233333,0.0,8.169354,0.0,7.2061853,0.0
2021-06-05,0.0,4.792683,2.9666667,0.0,5.032258,0.0,3.0515463,0.0
2021-06-06,0.0,3.1707318,2.4833333,0.0,2.8709676,0.0,1.1546391,0.0
2021-06-07,0.0,2.1707318,2.05,0.0,1.8467742,0.0,0.34020618,0.0
2021-06-08,0.0,2.0365853,1.9,0.0,1.6129032,0.0,0.030927835,0.0
2021-06-09,0.0,2.012195,1.8833333,0.0,1.5806452,0.0,0.0,0.0
2021-06-10,0.0,2.012195,1.8833333,0.0,1.5806452,0.0,0.0,0.0
2021-06-11,0.0,1.9878049,1.8833333,0.0,1.5725807,0.0,0.0,0.0
2021-06-12,0.0,1.6585366,1.6833333,0.0,1.3467742,0.0,0.0,0.0
2021-06-13,0.0,1.1463414,1.2666667,0.0,0.88709676,0.0,0.0,0.0
2021-06-14,0.0,0.76829267,0.85,0.0,0.5645161,0.0,0.0,0.0
2021-06-15,0.0,0.5243902,0.36666667,0.0,0.3548387,0.0,0.0,0.0
2021-06-16,0.0,0.13414635,0.0,0.0,0.016129032,0.0,0.0,0.0
2021-06-17,0.0,0.0,0.0,0.0,0.0,0.0,0.0,0.0
2021-06-18,0.0,0.0,0.0,0.0,0.0,0.0,0.0,0.0
2021-06-19,0.0,0.0,0.0,0.0,0.0,0.0,0.0,0.0
2021-06-20,0.0,0.0,0.0,0.0,0.0,0.0,0.0,0.0
2021-06-21,0.0,0.0,0.0,0.0,0.0,0.0,0.0,0.0
2021-06-22,0.0,0.0,0.0,0.0,0.0,0.0,0.0,0.0
2021-06-23,0.0,0.0,0.0,0.0,0.0,0.0,0.0,0.0
2021-06-24,0.0,0.0,0.0,0.0,0.0,0.0,0.0,0.0
2021-06-25,0.0,0.0,0.0,0.0,0.0,0.0,0.0,0.0
2021-06-26,0.0,0.0,0.0,0.0,0.0,0.0,0.0,0.0
2021-06-27,0.0,0.0,0.0,0.0,0.0,0.0,0.0,0.0
2021-06-28,0.0,0.0,0.0,0.0,0.0,0.0,0.0,0.0
2021-06-29,0.0,0.0,0.0,0.0,0.0,0.0,0.0,0.0
2021-06-30,0.0,0.0,0.0,0.0,0.0,0.0,0.0,0.0
2021-07-01,0.0,0.0,0.0,0.0,0.0,0.0,0.0,0.0
2021-07-02,0.0,0.0,0.0,0.0,0.0,0.0,0.0,0.0
2021-07-03,0.0,0.0,0.0,0.0,0.0,0.0,0.0,0.0
2021-07-04,0.0,0.0,0.0,0.0,0.0,0.0,0.0,0.0
2021-07-05,0.0,0.0,0.0,0.0,0.0,0.0,0.0,0.0
2021-07-06,0.0,0.0,0.0,0.0,0.0,0.0,0.0,0.0
2021-07-07,0.0,0.0,0.0,0.0,0.0,0.0,0.0,0.0
2021-07-08,0.0,0.0,0.0,0.0,0.0,0.0,0.0,0.0
2021-07-09,0.0,0.0,0.0,0.0,0.0,0.0,0.0,0.0
2021-07-10,0.0,0.0,0.0,0.0,0.0,0.0,0.0,0.0
2021-07-11,0.0,0.0,0.0,0.0,0.0,0.0,0.0,0.0
2021-07-12,0.0,0.0,0.0,0.0,0.0,0.0,0.0,0.0
2021-07-13,0.0,0.0,0.0,0.0,0.0,0.0,0.0,0.0
2021-07-14,0.0,0.0,0.0,0.0,0.0,0.0,0.0,0.0
2021-07-15,0.0,0.0,0.0,0.0,0.0,0.0,0.0,0.0
2021-07-16,0.0,0.0,0.0,0.0,0.0,0.0,0.0,0.0
2021-07-17,0.0,0.0,0.0,0.0,0.0,0.0,0.0,0.0
2021-07-18,0.0,0.0,0.0,0.0,0.0,0.0,0.0,0.0
2021-07-19,0.0,0.0,0.0,0.0,0.0,0.0,0.0,0.0
2021-07-20,0.0,0.0,0.0,0.0,0.0,0.0,0.0,0.0
2021-07-21,0.0,0.0,0.0,0.0,0.0,0.0,0.0,0.0
2021-07-22,0.0,0.0,0.0,0.0,0.0,0.0,0.0,0.0
2021-07-23,0.0,0.0,0.0,0.0,0.0,0.0,0.0,0.0
2021-07-24,0.0,0.0,0.0,0.0,0.0,0.0,0.0,0.0
2021-07-25,0.0,0.0,0.0,0.0,0.0,0.0,0.0,0.0
2021-07-26,0.0,0.0,0.0,0.0,0.0,0.0,0.0,0.0
2021-07-27,0.0,0.0,0.0,0.0,0.0,0.0,0.0,0.0
2021-07-28,0.0,0.0,0.0,0.0,0.0,0.0,0.0,0.0
2021-07-29,0.0,0.0,0.0,0.0,0.0,0.0,0.0,0.0
2021-07-30,0.0,0.0,0.0,0.0,0.0,0.0,0.0,0.0
2021-07-31,0.0,0.0,0.0,0.0,0.0,0.0,0.0,0.0
2021-08-01,0.0,0.0,0.0,0.0,0.0,0.0,0.0,0.0
2021-08-02,0.0,0.0,0.0,0.0,0.0,0.0,0.0,0.0
2021-08-03,0.0,0.0,0.0,0.0,0.0,0.0,0.0,0.0
2021-08-04,0.0,0.0,0.0,0.0,0.0,0.0,0.0,0.0
2021-08-05,0.0,0.0,0.0,0.0,0.0,0.0,0.0,0.0
2021-08-06,0.0,0.0,0.0,0.0,0.0,0.0,0.0,0.0
2021-08-07,0.0,0.0,0.0,0.0,0.0,0.0,0.0,0.0
2021-08-08,0.0,0.0,0.0,0.0,0.0,0.0,0.0,0.0
2021-08-09,0.0,0.0,0.0,0.0,0.0,0.0,0.0,0.0
2021-08-10,0.0,0.0,0.0,0.0,0.0,0.0,0.0,0.0
2021-08-11,0.0,0.0,0.0,0.0,0.0,0.0,0.0,0.0
2021-08-12,0.0,0.0,0.0,0.0,0.0,0.0,0.0,0.0
2021-08-13,0.0,0.0,0.0,0.0,0.0,0.0,0.0,0.0
2021-08-14,0.0,0.0,0.0,0.0,0.0,0.0,0.0,0.0
2021-08-15,0.0,0.0,0.0,0.0,0.0,0.0,0.0,0.0
2021-08-16,0.0,0.0,0.0,0.0,0.0,0.0,0.0,0.0
2021-08-17,0.0,0.0,0.0,0.0,0.0,0.0,0.0,0.0
2021-08-18,0.0,0.0,0.0,0.0,0.0,0.0,0.0,0.0
2021-08-19,0.0,0.0,0.0,0.0,0.0,0.0,0.0,0.0
2021-08-20,0.0,0.0,0.0,0.0,0.0,0.0,0.0,0.0
2021-08-21,0.0,0.0,0.0,0.0,0.0,0.0,0.0,0.0
2021-08-22,0.0,0.0,0.0,0.0,0.0,0.0,0.0,0.0
2021-08-23,0.0,0.0,0.0,0.0,0.0,0.0,0.0,0.0
2021-08-24,0.0,0.0,0.0,0.0,0.0,0.0,0.0,0.0
2021-08-25,0.0,0.0,0.0,0.0,0.0,0.0,0.0,0.0
2021-08-26,0.0,0.0,0.0,0.0,0.0,0.0,0.0,0.0
2021-08-27,0.0,0.0,0.0,0.0,0.0,0.0,0.0,0.0
2021-08-28,0.0,0.0,0.0,0.0,0.0,0.0,0.0,0.0
2021-08-29,0.0,0.0,0.0,0.0,0.0,0.0,0.0,0.0
2021-08-30,0.0,0.0,0.0,0.0,0.0,0.0,0.0,0.0
2021-08-31,0.0,0.0,0.0,0.0,0.0,0.0,0.0,0.0
2021-09-01,0.0,0.0,0.0,0.0,0.0,0.0,0.0,0.0
2021-09-02,0.0,0.0,0.0,0.0,0.0,0.0,0.0,0.0
2021-09-03,0.0,0.0,0.0,0.0,0.0,0.0,0.0,0.0
2021-09-04,0.0,0.0,0.0,0.0,0.0,0.0,0.0,0.0
2021-09-05,0.0,0.0,0.0,0.0,0.0,0.0,0.0,0.0
2021-09-06,0.0,0.0,0.0,0.0,0.0,0.0,0.0,0.0
2021-09-07,0.0,0.0,0.0,0.0,0.0,0.0,0.0,0.0
2021-09-08,0.0,0.0,0.0,0.0,0.0,0.0,0.0,0.0
2021-09-09,0.0,0.0,0.0,0.0,0.0,0.0,0.0,0.0
2021-09-10,0.0,0.0,0.0,0.0,0.0,0.0,0.0,0.0
2021-09-11,0.0,0.0,0.0,0.0,0.0,0.0,0.0,0.0
2021-09-12,0.0,0.0,0.0,0.0,0.0,0.0,0.0,0.0
2021-09-13,0.0,0.0,0.0,0.0,0.0,0.0,0.0,0.0
2021-09-14,0.0,0.0,0.0,0.0,0.0,0.0,0.0,0.0
2021-09-15,0.0,0.0,0.0,0.0,0.0,0.0,0.0,0.0
2021-09-16,0.0,0.0,0.0,0.0,0.0,0.0,0.0,0.0
2021-09-17,0.0,0.0,0.0,0.0,0.0,0.0,0.0,0.0
2021-09-18,0.0,0.0,0.0,0.0,0.0,0.0,0.0,0.0
2021-09-19,0.0,0.0,0.0,0.0,0.0,0.0,0.0,0.0
2021-09-20,0.0,0.0,0.0,0.0,0.0,0.0,0.0,0.0
2021-09-21,0.0,0.0,0.0,0.0,0.0,0.0,0.0,0.0
2021-09-22,0.0,0.0,0.0,0.0,0.0,0.0,0.0,0.0
2021-09-23,0.0,0.0,0.0,0.0,0.0,0.0,0.0,0.0
2021-09-24,0.0,0.0,0.0,0.0,0.0,0.0,0.0,0.0
2021-09-25,0.0,0.0,0.0,0.0,0.0,0.0,0.0,0.0
2021-09-26,0.0,0.0,0.0,0.0,0.0,0.0,0.0,0.0
2021-09-27,0.0,0.0,0.0,0.0,0.0,0.0,0.0,0.0
2021-09-28,0.0,0.0,0.0,0.0,0.0,0.0,0.0,0.0
2021-09-29,0.0,0.0,0.0,0.0,0.0,0.0,0.010309278,0.0
2021-09-30,0.0,0.0,0.0,0.0,0.0,0.0,0.0,0.0
2021-10-01,0.0,0.0,0.0,0.0,0.0,0.0,0.0,0.0
2021-10-02,0.0,0.0,0.0,0.0,0.0,0.0,0.0,0.0
2021-10-03,0.0,0.0,0.0,0.0,0.0,0.0,0.0,0.0
2021-10-04,0.0,0.0,0.0,0.0,0.0,0.0,0.0,0.0
2021-10-05,0.0,0.0,0.0,0.0,0.0,0.0,0.0,0.0
2021-10-06,0.0,0.0,0.0,0.0,0.0,0.0,0.0,0.0
2021-10-07,0.0,0.0,0.0,0.0,0.0,0.0,0.0,0.0
2021-10-08,0.0,0.0,0.0,0.0,0.0,0.0,0.0,0.0
2021-10-09,0.8453608,0.47560975,2.8,0.0,4.362903,0.7714286,1.8453609,0.21917808
2021-10-10,0.6185567,0.4878049,2.55,0.0,4.524194,0.7,1.4639175,0.05479452
2021-10-11,0.0,0.23170732,0.6,0.0,2.9758065,0.0,0.371134,0.0
2021-10-12,1.9381443,0.14634146,0.38333333,0.0,2.0080645,1.6285714,1.3195876,0.21917808
2021-10-13,1.701031,0.14634146,0.38333333,0.0,2.032258,1.6571429,1.371134,0.19178082
2021-10-14,1.7628866,0.14634146,0.6333333,0.0,2.298387,1.2428571,1.298969,0.01369863
2021-10-15,1.0824742,0.2195122,0.55,0.0,2.8709676,0.8142857,1.0103092,0.0
2021-10-16,0.0,0.1097561,0.083333336,0.0,1.1048387,0.0,0.13402061,0.0
2021-10-17,0.0,0.036585364,0.0,0.0,0.37903225,0.0,0.010309278,0.0
2021-10-18,5.453608,0.35365853,3.6333334,1.8387097,2.362903,2.6714287,4.402062,7.39726
2021-10-19,7.082474,1.5853659,3.65,2.8064516,2.419355,3.6285715,5.1649485,9.465754
2021-10-20,5.3608246,0.6707317,2.5666666,1.5806452,2.3548386,3.4714286,4.5773196,6.60274
2021-10-21,2.8865979,0.5609756,1.6,0.88709676,1.5967742,2.2857144,4.0309277,3.4520547
2021-10-22,0.7113402,0.3292683,0.38333333,0.032258064,0.83870965,1.0142857,1.6494845,0.56164384
2021-10-23,1.0721649,0.37804878,0.55,1.048387,0.8064516,1.8857143,2.1237113,1.520548
2021-10-24,10.659794,0.37804878,2.2333333,7.467742,0.8467742,5.1571426,8.773196,12.684932
2021-10-25,79.16495,0.79268295,51.916668,38.5,25.419355,27.985714,65.793816,70.08219
2021-10-26,100.40206,25.304878,86.066666,40.274193,71.95968,58.185715,100.49484,85.42466
2021-10-27,100.31959,23.792683,91.683334,40.14516,73.66129,57.45714,105.5567,85.0
2021-10-28,98.02062,19.04878,84.816666,36.98387,71.1129,55.614285,101.391754,82.0
2021-10-29,93.58763,14.146341,76.11667,31.612904,65.741936,49.214287,93.98969,75.9315
2021-10-30,85.02062,9.487804,69.35,28.17742,58.379032,38.157143,82.98969,69.84931
2021-10-31,78.04124,8.256098,64.73333,25.064516,52.524193,36.7,79.34021,70.68493
2021-11-01,74.40206,7.1585364,61.55,22.14516,48.951614,34.028572,75.896904,68.095894
2021-11-02,71.793816,7.378049,59.666668,21.419355,46.064518,33.07143,73.58763,66.15069
2021-11-03,66.84536,6.414634,56.216667,19.612904,47.20968,30.957144,70.50516,62.945206
2021-11-04,61.072166,5.012195,50.416668,17.17742,42.475807,27.342857,65.360825,57.835617
2021-11-05,58.051548,5.4512196,46.483334,15.82258,41.01613,25.671429,61.226803,56.657536
2021-11-06,55.14433,5.02439,41.8,14.4838705,38.83871,24.557142,57.15464,54.49315
2021-11-07,54.319588,4.914634,40.1,15.709678,37.935482,24.142857,55.319588,55.28767
2021-11-08,55.0,4.914634,39.95,13.806452,37.822582,24.042856,57.938145,56.027397
2021-11-09,58.886597,5.268293,47.35,26.048388,43.80645,27.72857,68.28866,62.19178
2021-11-10,63.26804,6.6707315,51.9,25.016129,53.73387,31.457144,75.13402,64.23288
2021-11-11,62.26804,5.9390244,49.2,22.258064,50.169353,33.785713,76.81443,62.36986
2021-11-12,57.86598,5.4268293,46.483334,16.64516,45.927418,31.7,74.35052,57.71233
2021-11-13,54.618557,5.02439,45.55,17.403225,42.629032,28.057142,72.04124,52.9863
2021-11-14,49.659794,4.3170733,46.616665,14.129032,39.725807,25.62857,71.01031,48.91781
2021-11-15,44.371136,3.5243902,46.783333,11.112904,33.846775,24.028572,66.896904,44.424656
2021-11-16,40.72165,3.121951,42.016666,10.225806,30.112904,22.72857,61.515465,42.136986
2021-11-17,38.97938,3.0731707,40.516666,9.951612,29.290323,20.742857,60.26804,40.72603
2021-11-18,37.72165,3.0609756,43.366665,9.225806,29.153225,20.87143,54.206184,39.63014
2021-11-19,36.371136,3.0609756,42.5,9.129032,28.60484,21.142857,52.96907,38.53425
2021-11-20,35.618557,3.0609756,42.15,8.887096,28.451612,19.885714,52.659794,38.50685
2021-11-21,35.226803,3.0609756,41.966667,8.709678,28.419355,22.77143,52.525772,38.28767
2021-11-22,34.484535,3.0609756,41.783333,8.225806,28.225807,22.22857,52.783504,37.50685
2021-11-23,33.195877,3.0609756,48.266666,7.693548,28.137096,22.585714,56.13402,36.342464
2021-11-24,32.958763,3.0609756,48.1,7.677419,28.169355,22.657143,55.773197,36.164383
2021-11-25,32.12371,3.0609756,48.333332,7.629032,28.161291,18.8,55.97938,34.164383
2021-11-26,31.340206,3.0609756,46.783333,6.66129,27.508064,22.028572,52.618557,34.136986
2021-11-27,28.86598,3.0365853,45.1,5.5,26.17742,20.8,51.98969,31.643835
2021-11-28,29.546392,3.0365853,43.15,4.467742,24.629032,19.62857,49.371136,29.438356
2021-11-29,27.43299,2.9268293,40.033333,3.451613,22.879032,18.042856,45.628864,27.547945
2021-11-30,24.670103,2.878049,37.7,2.8064516,21.258064,15.928572,42.896908,25.68493
2021-12-01,25.731958,2.8658535,34.833332,2.3548386,19.983871,14.557143,40.206184,24.835617
2021-12-02,23.164948,2.8414633,32.233334,1.967742,18.975807,13.457143,37.886597,23.41096
2021-12-03,20.608248,2.8414633,30.683332,1.6129032,18.596775,12.328571,37.4433,20.780823
2021-12-04,18.86598,2.8414633,29.966667,1.3387097,18.516129,11.5,36.54639,18.31507
2021-12-05,17.556702,2.8414633,29.233334,1.2096775,18.379032,10.771428,35.835052,16.50685
2021-12-06,16.690722,2.792683,28.25,1.0806452,17.814516,10.3,35.28866,15.123287
2021-12-07,17.628866,2.792683,27.616667,1.032258,17.548388,9.928572,34.618557,16.027397
2021-12-08,17.42268,2.792683,27.766666,1.0,17.57258,9.971429,34.793816,15.780822
2021-12-09,20.845362,2.2560976,33.383335,2.1774194,15.362904,15.471429,43.42268,17.60274
2021-12-10,32.28866,13.085366,52.983334,3.080645,36.822582,25.057142,57.71134,25.479452
2021-12-11,32.0,13.121951,50.466667,3.064516,38.370968,26.042856,57.57732,26.41096
2021-12-12,32.360825,13.292683,54.05,9.306452,38.51613,26.0,57.762886,33.10959
2021-12-13,83.28866,15.012196,60.25,46.35484,43.741936,46.057144,72.98969,94.49315
2021-12-14,156.51546,37.182926,148.66667,112.08064,115.185486,138.28572,172.72165,177.68494
2021-12-15,176.0,73.68293,183.53334,117.1129,152.20967,163.28572,198.96907,188.82191
2021-12-16,214.49484,76.768295,199.26666,150.3871,163.99193,193.97144,225.02061,234.43835
2021-12-17,230.93814,82.29269,221.75,153.66129,183.51613,208.24286,239.06186,252.0
2021-12-18,235.14433,82.414635,235.75,154.6129,192.33871,209.58571,243.80412,251.21918
2021-12-19,235.07216,82.34146,236.8,153.6129,192.39516,210.97144,245.07216,250.87671
2021-12-20,234.87628,82.268295,236.11667,153.7742,193.30646,211.5,243.21649,250.83562
2021-12-21,234.56702,82.231705,236.5,154.2742,192.33064,210.25714,243.68042,252.19179
2021-12-22,235.26804,82.04878,239.0,165.5,192.15323,209.25714,244.79381,253.79453
2021-12-23,261.80414,91.87805,269.78333,194.83871,226.18549,233.5,270.51547,291.28766
2021-12-24,307.4536,151.07317,340.11667,218.45161,302.55646,289.75714,333.42267,339.31506
2021-12-25,335.41238,161.03659,370.53333,233.7258,329.7258,317.1,355.49484,375.52054
2021-12-26,383.35052,190.21951,411.91666,265.9516,367.87903,371.02856,398.15463,446.38358
2021-12-27,413.3299,193.17073,413.83334,293.2742,376.83066,386.35715,408.7835,490.79453
2021-12-28,447.31958,208.56097,441.35,288.4516,405.89517,407.5,432.58762,517.0548
2021-12-29,453.69073,207.71951,445.05,295.2742,407.78226,411.7,436.84537,527.3288
2021-12-30,469.4536,225.2317,461.98334,323.12903,417.21774,421.91428,450.73196,541.86304
2021-12-31,467.36084,225.34146,462.71667,323.32257,417.24194,409.17142,454.06186,542.64386
2022-01-01,469.63916,226.63414,322.45,299.6613,411.0,410.91428,392.6598,534.56165
2022-01-02,469.9897,226.68292,398.11667,299.4355,416.67743,412.1143,442.46393,542.6986
2022-01-03,470.1134,227.86586,330.46667,311.59677,413.1613,415.14285,396.74228,542.49316
2022-01-04,471.48453,231.80487,397.65,314.19354,415.8145,416.67142,403.63916,552.1096
2022-01-05,477.62888,231.96341,399.15,316.74194,415.2097,389.04285,400.06186,569.4247
2022-01-06,477.62888,230.51219,336.01666,328.8387,411.5484,387.97144,396.07217,572.3973
2022-01-07,478.5567,229.64635,335.43332,328.8871,411.2016,388.91428,395.17526,563.61646
2022-01-08,484.74228,230.40244,336.23334,337.80646,411.9597,391.3,396.2268,575.64386
2022-01-09,483.51547,229.09756,337.5,323.82257,411.58066,421.67142,394.04123,585.726
2022-01-10,482.90723,229.10976,406.9,322.96774,414.1613,420.07144,446.9691,585.50684
2022-01-11,483.43298,227.95122,464.8,336.2903,417.37097,420.7,451.62888,573.53424
2022-01-12,481.48453,228.62195,464.43332,335.32257,417.4355,420.85715,451.13403,580.50684
2022-01-13,480.25772,229.65854,359.4,334.32257,414.49194,422.05713,390.53607,580.58905
2022-01-14,480.63916,229.62195,385.1,333.41934,416.24194,419.64285,397.84537,570.2055
2022-01-15,479.15463,229.5,383.11667,331.7097,416.0887,420.87143,393.7732,578.41095
2022-01-16,478.04123,229.54878,380.86667,330.8387,415.5484,420.74286,397.13403,567.7808
2022-01-17,475.9175,228.63414,380.1,330.7258,416.94354,418.35715,396.12372,575.2192
2022-01-18,475.60825,227.82927,379.71667,330.12903,416.75,419.25714,396.97937,564.76715
2022-01-19,475.18558,227.28049,379.53333,329.19354,416.2984,419.08572,393.30927,563.8904
2022-01-20,473.81442,226.79268,379.95,318.3871,416.3871,418.75714,395.9897,562.50684
2022-01-21,472.50516,223.63414,377.63333,326.9355,416.3387,419.37143,395.69073,560.41095
2022-01-22,471.1134,220.58537,376.91666,326.3871,416.30646,418.62857,391.39175,558.6986
2022-01-23,470.02063,218.2317,376.13333,325.03226,416.37903,418.98572,395.0825,566.71234
2022-01-24,468.2268,217.70732,374.56668,323.8387,415.78226,418.91428,394.12372,564.9863
2022-01-25,466.31958,216.17073,439.86667,322.46774,417.5645,417.91428,445.9897,551.43835
2022-01-26,463.60825,215.18292,373.01666,321.7903,416.0645,418.41428,393.20618,549.8219
2022-01-27,462.13403,220.96341,370.88333,323.62903,415.9758,418.2857,387.8969,547.726
2022-01-28,460.14432,219.92683,369.85,322.3871,415.48386,417.07144,390.9691,545.7534
2022-01-29,457.6701,218.90244,368.93332,321.37097,415.26614,415.84286,390.14432,543.1233
2022-01-30,455.31958,217.82927,432.93332,319.87097,416.89517,414.37143,438.0309,549.8767
2022-01-31,452.93814,215.90244,367.36667,317.3387,415.25,413.2143,387.56702,546.6986
2022-02-01,450.24744,222.0,380.66666,316.96774,420.71774,421.72858,389.63916,535.3699
2022-02-02,448.41238,220.95122,380.56668,316.8387,420.75806,421.64285,385.63916,535.26025
2022-02-03,449.46393,220.30487,380.35,316.75806,420.5242,421.7143,384.59793,533.8219
2022-02-04,448.4433,230.90244,380.61667,315.51614,420.50806,421.08572,387.38144,547.9041
2022-02-05,446.90723,230.68292,384.21667,313.51614,420.64517,420.52856,382.36084,531.0822
2022-02-06,442.80414,229.46341,383.38333,309.2258,420.4516,417.77142,384.71133,539.0548
2022-02-07,435.84537,225.60976,382.05,314.82257,420.5403,414.52856,382.62888,528.58905
2022-02-08,427.23712,222.42683,374.68332,307.32257,419.4113,411.1,379.0103,511.0274
2022-02-09,420.3299,218.03659,370.46667,298.3871,419.1613,406.98572,377.70102,503.8767
2022-02-10,413.25772,213.60976,365.8,289.08066,417.85483,401.65714,374.48453,496.8904
2022-02-11,404.50516,208.5,359.05,275.3871,415.85483,394.94287,368.25772,486.39725
2022-02-12,395.1134,201.09756,352.91666,261.37097,413.66934,388.8,365.36084,474.8904
2022-02-13,386.25772,194.01219,347.08334,244.82259,411.6613,384.5,366.3402,462.30136
2022-02-14,375.60825,188.41463,342.78333,228.14516,409.7258,380.58572,364.9175,452.93152
2022-02-15,372.62888,184.57317,341.85,227.7742,408.28226,378.84286,363.92783,453.726
2022-02-16,375.3299,183.10976,341.51666,227.43549,408.30646,379.04285,363.0103,456.9452
2022-02-17,374.41238,180.93903,336.28333,226.40323,408.07257,379.44287,355.73196,458.08218
2022-02-18,370.25772,179.91463,353.31668,222.04839,407.6371,377.25714,356.6701,454.34247
2022-02-19,364.14432,177.12195,333.01666,211.46774,406.33066,373.74286,351.28867,447.42465
2022-02-20,357.51547,174.62195,329.58334,200.6129,405.14517,369.91428,352.25772,440.32877
2022-02-21,354.0309,172.7561,328.38333,198.93549,402.1129,368.7857,350.9691,452.24658
2022-02-22,361.90723,172.80487,299.08334,196.29033,401.37903,374.94287,353.4433,471.63013
2022-02-23,375.70102,179.63414,298.08334,202.98387,405.90323,383.85715,364.64948,465.1233
2022-02-24,376.74228,183.97562,290.68332,195.48387,406.74194,385.52856,362.28867,467.65753
2022-02-25,376.26804,188.20732,288.53333,194.91936,406.0242,395.74286,355.02063,467.137
2022-02-26,377.35052,190.89024,288.21667,201.90323,405.9597,395.97144,351.6701,468.46576
2022-02-27,377.29898,191.0,286.86667,200.1129,405.42743,395.84286,356.13403,469.60275
2022-02-28,370.90723,189.12195,332.01666,187.08064,406.9516,391.52856,360.63916,474.54794
2022-03-01,363.19586,182.62195,413.56668,179.19354,404.9758,384.57144,422.56702,470.1644
2022-03-02,350.20618,175.70732,408.28333,160.69354,400.28226,374.82858,423.56702,464.42465
2022-03-03,336.49484,169.08537,399.8,143.67741,394.73386,365.8,416.92783,460.21918
2022-03-04,329.6701,164.30487,397.6,137.87097,392.7258,361.85715,419.18558,451.1233
2022-03-05,340.2165,176.7439,412.46667,143.46774,402.0645,368.65714,427.0,462.78082
2022-03-06,352.02063,183.7439,419.18332,149.6129,409.25806,370.64285,430.9691,465.82193
2022-03-07,354.83505,203.01219,420.43332,156.20967,411.09677,371.47144,431.58762,466.0
2022-03-08,355.92783,203.82927,417.98334,156.03226,410.9597,371.92856,429.0103,466.274
2022-03-09,350.26804,205.65854,420.93332,150.83871,411.25806,369.37143,430.2165,462.23288
2022-03-10,349.09277,208.29268,420.8,150.2258,411.05646,368.01428,429.07217,460.49316
2022-03-11,349.74228,208.02438,420.15,150.1129,410.9355,368.48572,424.6701,460.726
2022-03-12,345.19586,206.90244,412.71667,142.19354,408.2097,365.12857,424.57733,455.35617
2022-03-13,341.50516,202.62195,408.86667,138.25807,404.58066,361.8857,422.57733,451.49316
2022-03-14,341.2165,201.2683,400.65,141.87097,401.3387,360.34286,415.68042,453.50684
2022-03-15,332.92783,197.28049,395.06668,130.0,394.2742,355.3,416.0,449.0
2022-03-16,334.9897,194.54878,395.26666,128.74193,393.9113,356.44287,415.81442,453.9863
2022-03-17,333.9897,192.63414,395.71667,123.241936,391.25,354.4,417.57733,449.42465
2022-03-18,329.64948,190.02438,397.28333,118.564514,391.8145,352.2,415.75256,445.39725
2022-03-19,318.73196,186.29268,398.83334,110.48387,387.0887,345.1,417.49484,438.0548
2022-03-20,327.29898,185.45122,410.15,110.145164,389.94354,354.6857,426.2268,446.56165
2022-03-21,326.71133,184.85365,408.86667,107.241936,393.5242,353.91428,424.2165,445.0137
2022-03-22,316.35052,179.14635,394.53333,100.33871,388.6371,344.7857,408.14432,435.26028
2022-03-23,296.64948,169.54878,368.78333,83.129036,379.12903,332.24286,383.09277,415.35617
2022-03-24,276.70102,163.80487,353.48334,62.129032,363.0887,314.57144,375.58762,393.73972
2022-03-25,256.38144,155.87805,320.5,44.903225,341.7742,297.1,359.75256,369.38358
2022-03-26,236.49484,147.89024,293.65,32.19355,321.65323,280.34286,353.4742,345.43835
2022-03-27,218.48454,140.52438,268.36667,24.935484,310.8145,265.04285,335.17526,324.08218
2022-03-28,206.85567,136.86586,263.51666,21.14516,304.4597,256.41428,327.5258,311.8767
2022-03-29,209.43298,129.20732,280.36667,20.870968,314.28226,270.6857,332.29898,312.9452
2022-03-30,204.29897,130.07317,300.76666,17.806452,321.0484,267.04285,345.94846,304.58905
2022-03-31,198.70103,136.79268,286.63333,16.532259,314.57257,262.58572,335.97937,298.58905
2022-04-01,190.35051,133.82927,287.8,14.693548,310.24194,259.1,339.48453,289.9589
2022-04-02,178.20619,128.67073,280.86667,11.919354,303.9516,256.14285,341.19586,286.0411
2022-04-03,165.24742,122.756096,269.71667,9.870968,292.7258,251.17143,351.30927,272.61642
2022-04-04,151.50516,118.71951,251.7,8.145162,284.2984,243.3,339.5258,261.67123
2022-04-05,142.74226,114.060974,240.81667,7.516129,273.65323,236.17143,332.19586,251.46576
2022-04-06,131.58763,104.902435,232.78334,6.612903,264.8387,226.2,325.56702,233.68494
2022-04-07,119.22681,97.37805,217.41667,4.935484,253.14516,208.22858,308.14432,216.34247
2022-04-08,102.360825,88.939026,200.68333,3.6451614,236.58871,183.35715,289.43298,190.09589
2022-04-09,91.0,82.439026,190.21666,3.2741935,220.75,167.44286,270.62888,173.63014
2022-04-10,85.58763,78.268295,182.46666,3.2419355,212.65323,162.85715,259.6598,167.50685
2022-04-11,82.49484,76.64634,181.65,3.435484,208.16129,162.17143,259.15463,164.27397
2022-04-12,98.762886,68.53658,175.48334,10.725806,211.6371,181.71428,270.84537,184.41096
2022-04-13,100.34021,71.34146,192.96666,10.935484,214.76613,183.91429,273.64948,184.63014
2022-04-14,103.26804,67.12195,193.56667,15.935484,214.87903,185.42857,276.97937,192.50685
2022-04-15,137.36082,70.29269,201.91667,45.83871,215.30646,200.72858,283.80414,251.73973
2022-04-16,146.57732,71.28049,193.71666,54.70968,212.9758,202.68571,293.5464,265.67123
2022-04-17,167.5567,71.756096,244.96666,64.46774,236.54839,232.42857,345.5258,296.26028
2022-04-18,169.05154,69.82927,229.3,56.967743,226.56451,229.87143,331.28867,284.21918
2022-04-19,161.36082,68.45122,226.38333,53.79032,219.92741,222.55714,323.87628,284.67123
2022-04-20,174.97939,68.256096,229.4,53.048386,218.33064,229.48572,324.57733,295.23288
2022-04-21,177.7732,67.57317,219.98334,64.83871,216.80646,224.21428,308.7732,313.67123
2022-04-22,235.12372,74.268295,228.61667,77.33871,233.76613,249.18571,325.57733,370.32877
2022-04-23,239.16495,80.65854,236.2,80.258064,236.51613,249.9,311.15463,378.69864
2022-04-24,237.3299,84.243904,252.45,73.29032,243.79839,249.7,316.57733,370.79453
2022-04-25,228.61856,84.79269,243.0,59.435482,240.90323,240.17143,303.7732,349.79453
2022-04-26,221.72165,80.914635,215.7,45.725807,228.1129,222.65715,288.95877,330.38358
2022-04-27,207.07216,76.51219,205.5,31.193548,223.90323,200.24286,277.27835,318.53424
2022-04-28,194.93814,74.13415,202.85,30.661291,222.51613,191.78572,276.3299,307.274
2022-04-29,191.45361,73.53658,202.61667,29.758064,219.21774,190.2,274.0,302.30136
2022-04-30,178.81444,70.560974,197.35,24.983871,215.2742,181.21428,267.74228,288.1096
2022-05-01,166.61856,68.70731,192.18333,21.290323,236.89516,173.31429,262.84537,273.0411
2022-05-02,157.08247,65.54878,188.51666,18.370968,229.7258,168.41429,259.24744,256.863
2022-05-03,156.90721,62.42683,186.58333,17.725807,227.6371,164.8,257.82474,258.80823
2022-05-04,146.84537,61.634148,182.3,15.596774,222.8871,159.14285,254.29897,246.137
2022-05-05,118.61855,59.390244,174.45,8.596774,214.44354,147.48572,248.49484,225.63014
2022-05-06,105.96907,57.40244,167.03334,6.596774,204.5242,138.0,242.8866,211.9178
2022-05-07,97.22681,53.07317,159.83333,5.919355,193.8871,127.08572,233.93814,200.10959
2022-05-08,93.35052,52.463413,156.95,5.822581,189.37903,122.02857,232.12372,193.41096
2022-05-09,94.329895,52.243904,114.28333,7.193548,177.33871,121.77143,207.45361,198.16438
2022-05-10,102.46392,52.243904,111.566666,15.032258,176.78226,126.91428,198.2268,203.23288
2022-05-11,107.1134,52.30488,114.35,17.548388,153.67741,134.45714,197.30928,209.90411
2022-05-12,112.83505,52.26829,114.86667,15.209678,154.16129,134.11429,199.42268,214.9726
2022-05-13,115.21649,52.42683,149.55,10.33871,189.18549,129.07143,223.52577,209.9863
2022-05-14,98.30928,50.243904,152.13333,5.854839,181.89516,122.057144,229.31958,197.71233
2022-05-15,87.25773,45.32927,139.51666,4.596774,163.07259,112.0,230.2268,176.68494
2022-05-16,74.4433,40.853657,127.933334,3.7096775,143.9758,96.814285,212.42268,154.65753
2022-05-17,65.41237,50.378048,120.316666,3.016129,137.1129,87.171425,201.07216,141.53424
2022-05-18,61.515465,46.487804,111.583336,2.1774194,128.08064,74.85714,189.2371,124.630135
2022-05-19,54.917526,41.42683,98.45,0.983871,115.59677,59.614285,169.54639,96.60274
2022-05-20,50.484535,37.353657,88.0,0.7096774,105.97581,51.157143,158.86598,89.15069
2022-05-21,51.5567,36.463413,86.316666,0.5967742,104.83871,49.014286,158.36082,93.328766
2022-05-22,49.092785,35.390244,84.166664,0.11290322,103.33871,43.9,154.73196,87.45206
2022-05-23,44.608246,33.280487,77.38333,0.0,98.26613,37.014286,141.53609,79.0685
2022-05-24,38.835052,31.024391,69.88333,0.0,98.09677,29.7,126.14433,68.27397
2022-05-25,30.453608,28.04878,59.733334,0.0,90.44355,26.171429,110.81443,57.356163
2022-05-26,22.257732,25.756098,50.8,0.0,80.298386,19.22857,95.86598,47.20548
2022-05-27,16.804123,22.59756,44.333332,0.0,80.67742,14.8,84.02062,36.410957
2022-05-28,14.298969,20.756098,40.316666,0.0,75.120964,12.7,76.09278,28.534246
2022-05-29,13.845361,20.365854,39.683334,0.0,74.16129,12.228572,74.5567,26.876713
2022-05-30,13.4536085,20.268293,39.55,0.0,73.44355,11.885715,73.81443,25.945206
2022-05-31,12.979382,20.268293,39.383335,0.0,73.30645,11.614285,73.16495,24.972603
2022-06-01,11.948454,20.170732,38.4,0.0,72.46774,11.057143,70.824745,22.972603
2022-06-02,9.515464,19.073172,35.516666,0.0,67.951614,9.171429,64.50516,19.39726
2022-06-03,7.525773,18.024391,32.716667,0.0,63.435482,7.2714286,57.45361,15.630137
2022-06-04,6.3195877,17.219513,30.133333,0.0,59.16129,5.8,51.12371,12.671233
2022-06-05,5.876289,16.280487,28.616667,0.0,56.225807,5.0142856,47.783504,11.232877
2022-06-06,5.443299,15.170732,27.1,0.0,52.903225,3.9285715,45.072166,9.767123
2022-06-07,4.597938,13.426829,23.95,0.0,51.66129,2.142857,39.59794,7.4931507
2022-06-08,3.2371135,13.792683,19.9,0.0,45.274193,0.82857144,31.773195,5.150685
2022-06-09,1.9175258,10.987804,15.916667,0.0,38.870968,0.08571429,24.0,3.0958905
2022-06-10,0.8556701,7.97561,11.95,0.0,30.733871,0.0,15.969072,0.6438356
2022-06-11,0.17525773,5.378049,8.0,0.0,23.629032,0.0,9.175258,0.0
2022-06-12,0.0,3.695122,5.616667,0.0,17.935484,0.0,4.886598,0.0
2022-06-13,0.0,2.987805,4.7166667,0.0,15.07258,0.0,3.1237113,0.0
2022-06-14,0.0,2.5487804,4.55,0.0,13.9838705,0.0,2.927835,0.0
2022-06-15,0.0,1.7682927,4.2,0.0,11.379032,0.0,2.226804,0.0
2022-06-16,0.0,1.097561,3.6666667,0.0,7.806452,0.0,1.0206186,0.0
2022-06-17,0.0,0.85365856,3.3,0.0,5.951613,0.0,0.63917524,0.0
2022-06-18,0.0,0.85365856,3.3,0.0,5.951613,0.0,0.63917524,0.0
2022-06-19,0.0,0.85365856,3.3,0.0,5.951613,0.0,0.63917524,0.0
2022-06-20,0.0,0.85365856,3.3,0.0,5.951613,0.0,0.63917524,0.0
2022-06-21,0.0,0.7804878,3.2,0.0,5.637097,0.0,0.58762884,0.0
2022-06-22,0.0,0.69512194,2.9333334,0.0,4.83871,0.0,0.4329897,0.0
2022-06-23,0.0,0.8780488,2.7166667,0.0,4.459677,0.0,0.29896906,0.0
2022-06-24,0.0,0.68292683,2.45,0.0,4.072581,0.0,0.13402061,0.0
2022-06-25,0.0,0.5365854,2.0166667,0.0,3.435484,0.0,0.0,0.0
2022-06-26,0.0,0.36585367,1.5166667,0.0,2.6209676,0.0,0.0,0.0
2022-06-27,0.0,0.12195122,0.9166667,0.0,1.6370968,0.0,0.0,0.0
2022-06-28,0.0,0.0,0.21666667,0.0,0.75,0.0,0.0,0.0
2022-06-29,0.0,0.0,0.0,0.0,0.37903225,0.0,0.0,0.0
2022-06-30,0.0,0.0,0.0,0.0,0.12096774,0.0,0.0,0.0
2022-07-01,0.0,0.0,0.0,0.0,0.0,0.0,0.0,0.0
2022-07-02,0.0,0.0,0.0,0.0,0.0,0.0,0.0,0.0
2022-07-03,0.0,0.0,0.0,0.0,0.0,0.0,0.0,0.0
2022-07-04,0.0,0.0,0.0,0.0,0.0,0.0,0.0,0.0
2022-07-05,0.0,0.0,0.0,0.0,0.0,0.0,0.0,0.0
2022-07-06,0.0,0.0,0.0,0.0,0.0,0.0,0.0,0.0
2022-07-07,0.0,0.0,0.0,0.0,0.0,0.0,0.0,0.0
2022-07-08,0.0,0.0,0.0,0.0,0.0,0.0,0.0,0.0
2022-07-09,0.0,0.0,0.0,0.0,0.0,0.0,0.0,0.0
2022-07-10,0.0,0.0,0.0,0.0,0.0,0.0,0.0,0.0
2022-07-11,0.0,0.0,0.0,0.0,0.0,0.0,0.0,0.0
2022-07-12,0.0,0.0,0.0,0.0,0.0,0.0,0.0,0.0
2022-07-13,0.0,0.0,0.0,0.0,0.0,0.0,0.0,0.0
2022-07-14,0.0,0.0,0.0,0.0,0.0,0.0,0.0,0.0
2022-07-15,0.0,0.0,0.0,0.0,0.0,0.0,0.0,0.0
2022-07-16,0.0,0.0,0.0,0.0,0.0,0.0,0.0,0.0
2022-07-17,0.0,0.0,0.0,0.0,0.0,0.0,0.0,0.0
2022-07-18,0.0,0.0,0.0,0.0,0.0,0.0,0.0,0.0
2022-07-19,0.0,0.0,0.0,0.0,0.0,0.0,0.0,0.0
2022-07-20,0.0,0.0,0.0,0.0,0.0,0.0,0.0,0.0
2022-07-21,0.0,0.0,0.0,0.0,0.0,0.0,0.0,0.0
2022-07-22,0.0,0.0,0.0,0.0,0.0,0.0,0.0,0.0
2022-07-23,0.0,0.0,0.0,0.0,0.0,0.0,0.0,0.0
2022-07-24,0.0,0.0,0.0,0.0,0.0,0.0,0.0,0.0
2022-07-25,0.0,0.0,0.0,0.0,0.0,0.0,0.0,0.0
2022-07-26,0.0,0.0,0.0,0.0,0.0,0.0,0.0,0.0
2022-07-27,0.0,0.0,0.0,0.0,0.0,0.0,0.0,0.0
2022-07-28,0.0,0.0,0.0,0.0,0.0,0.0,0.0,0.0
2022-07-29,0.0,0.0,0.0,0.0,0.0,0.0,0.0,0.0
2022-07-30,0.0,0.0,0.0,0.0,0.0,0.0,0.0,0.0
2022-07-31,0.0,0.0,0.0,0.0,0.0,0.0,0.0,0.0
2022-08-01,0.0,0.0,0.0,0.0,0.0,0.0,0.0,0.0
2022-08-02,0.0,0.0,0.0,0.0,0.0,0.0,0.0,0.0
2022-08-03,0.0,0.0,0.0,0.0,0.0,0.0,0.0,0.0
2022-08-04,0.0,0.0,0.0,0.0,0.0,0.0,0.0,0.0
2022-08-05,0.0,0.0,0.0,0.0,0.0,0.0,0.0,0.0
2022-08-06,0.0,0.0,0.0,0.0,0.0,0.0,0.0,0.0
2022-08-07,0.0,0.0,0.0,0.0,0.0,0.0,0.0,0.0
2022-08-08,0.0,0.0,0.0,0.0,0.0,0.0,0.0,0.0
2022-08-09,0.0,0.0,0.0,0.0,0.0,0.0,0.0,0.0
2022-08-10,0.0,0.0,0.0,0.0,0.0,0.0,0.0,0.0
2022-08-11,0.0,0.0,0.0,0.0,0.0,0.0,0.0,0.0
2022-08-12,0.0,0.0,0.0,0.0,0.0,0.0,0.0,0.0
2022-08-13,0.0,0.0,0.0,0.0,0.0,0.0,0.0,0.0
2022-08-14,0.0,0.0,0.0,0.0,0.0,0.0,0.0,0.0
2022-08-15,0.0,0.0,0.0,0.0,0.0,0.0,0.0,0.0
2022-08-16,0.0,0.0,0.0,0.0,0.0,0.0,0.0,0.0
2022-08-17,0.0,0.0,0.0,0.0,0.0,0.0,0.0,0.0
2022-08-18,0.0,0.0,0.0,0.0,0.0,0.0,0.0,0.0
2022-08-19,0.0,0.0,0.0,0.0,0.0,0.0,0.0,0.0
2022-08-20,0.0,0.0,0.0,0.0,0.0,0.0,0.0,0.0
2022-08-21,0.0,0.0,0.0,0.0,0.0,0.0,0.0,0.0
2022-08-22,0.0,0.0,0.0,0.0,0.0,0.0,0.0,0.0
2022-08-23,0.0,0.0,0.0,0.0,0.0,0.0,0.0,0.0
2022-08-24,0.0,0.0,0.0,0.0,0.0,0.0,0.0,0.0
2022-08-25,0.0,0.0,0.0,0.0,0.0,0.0,0.0,0.0
2022-08-26,0.0,0.0,0.0,0.0,0.0,0.0,0.0,0.0
2022-08-27,0.0,0.0,0.0,0.0,0.0,0.0,0.0,0.0
2022-08-28,0.0,0.0,0.0,0.0,0.0,0.0,0.0,0.0
2022-08-29,0.0,0.0,0.0,0.0,0.0,0.0,0.0,0.0
2022-08-30,0.0,0.0,0.0,0.0,0.0,0.0,0.0,0.0
2022-08-31,0.0,0.0,0.0,0.0,0.0,0.0,0.0,0.0
2022-09-01,0.0,0.0,0.0,0.0,0.0,0.0,0.0,0.0
2022-09-02,0.0,0.0,0.0,0.0,0.0,0.0,0.0,0.0
2022-09-03,0.0,0.0,0.0,0.0,0.0,0.0,0.0,0.0
2022-09-04,0.0,0.0,0.0,0.0,0.0,0.0,0.0,0.0
2022-09-05,0.0,0.0,0.0,0.0,0.0,0.0,0.0,0.0
2022-09-06,0.0,0.0,0.0,0.0,0.0,0.0,0.0,0.0
2022-09-07,0.0,0.0,0.0,0.0,0.0,0.0,0.0,0.0
2022-09-08,0.0,0.0,0.0,0.0,0.0,0.0,0.0,0.0
2022-09-09,0.0,0.0,0.0,0.0,0.0,0.0,0.0,0.0
2022-09-10,0.0,0.0,0.0,0.0,0.0,0.0,0.0,0.0
2022-09-11,0.0,0.0,0.0,0.0,0.0,0.0,0.0,0.0
2022-09-12,0.0,0.0,0.0,0.0,0.0,0.0,0.0,0.0
2022-09-13,0.0,0.0,0.0,0.0,0.0,0.0,0.0,0.0
2022-09-14,0.0,0.0,0.0,0.0,0.0,0.0,0.0,0.0
2022-09-15,0.0,0.0,0.0,0.0,0.0,0.0,0.0,0.0
2022-09-16,0.0,0.0,0.0,0.0,0.0,0.0,0.0,0.0
2022-09-17,0.0,0.0,0.0,0.0,0.0,0.0,0.0,0.0
2022-09-18,0.0,0.0,0.0,0.0,0.0,0.0,0.0,0.0
2022-09-19,0.0,0.0,0.06666667,0.0,0.008064516,0.014285714,0.030927835,0.0
2022-09-20,0.0,0.0,0.26666668,0.0,0.0,0.0,0.041237112,0.0
2022-09-21,0.0,0.0,0.78333336,0.0,0.04032258,0.22857143,0.26804122,0.0
2022-09-22,0.371134,0.0,1.2666667,0.0,0.048387095,0.55714285,1.1649485,0.0
2022-09-23,0.010309278,0.0,0.43333334,0.0,0.0,0.17142858,0.13402061,0.0
2022-09-24,0.0,0.0,0.15,0.0,0.0,0.0,0.0,0.0
2022-09-25,0.0,0.0,0.0,0.0,0.0,0.0,0.0,0.0
2022-09-26,0.0,0.0,0.0,0.0,0.0,0.0,0.0,0.0
2022-09-27,0.0,0.0,0.0,0.0,0.0,0.0,0.0,0.0
2022-09-28,0.0,0.0,0.0,0.0,0.0,0.0,0.0,0.0
2022-09-29,0.0,0.0,0.0,0.0,0.0,0.0,0.0,0.0
2022-09-30,0.0,0.0,0.0,0.0,0.0,0.0,0.0,0.0
2022-10-01,0.0,0.0,0.0,0.0,0.0,0.0,0.0,0.0
2022-10-02,0.0,0.0,0.0,0.0,0.0,0.0,0.0,0.0
2022-10-03,0.0,0.0,0.0,0.0,0.0,0.0,0.0,0.0
2022-10-04,0.0,0.0,0.0,0.0,0.0,0.0,0.0,0.0
2022-10-05,0.0,0.0,0.0,0.0,0.0,0.0,0.0,0.0
2022-10-06,0.0,0.0,0.0,0.0,0.0,0.0,0.0,0.0
2022-10-07,0.0,0.0,0.0,0.0,0.0,0.0,0.0,0.0
2022-10-08,0.0,0.0,0.0,0.0,0.0,0.0,0.0,0.0
2022-10-09,0.0,0.0,0.0,0.0,0.0,0.0,0.0,0.0
2022-10-10,0.0,0.0,0.0,0.0,0.0,0.0,0.0,0.0
2022-10-11,0.0,0.0,0.0,0.0,0.0,0.0,0.0,0.0
2022-10-12,0.0,0.0,0.0,0.0,0.0,0.0,0.0,0.0
2022-10-13,0.0,0.0,0.0,0.0,0.0,0.0,0.0,0.0
2022-10-14,0.0,0.0,0.0,0.0,0.0,0.0,0.0,0.0
2022-10-15,0.0,0.0,0.0,0.0,0.0,0.0,0.0,0.0
2022-10-16,0.0,0.0,0.0,0.0,0.0,0.0,0.0,0.0
2022-10-17,0.0,0.0,0.0,0.0,0.0,0.0,0.0,0.0
2022-10-18,0.0,0.0,0.0,0.0,0.0,0.0,0.0,0.0
2022-10-19,0.0,0.0,0.0,0.0,0.0,0.0,0.0,0.0
2022-10-20,0.0,0.0,0.0,0.0,0.0,0.0,0.0,0.0
2022-10-21,0.0,0.0,0.0,0.0,0.0,0.0,0.0,0.0
2022-10-22,0.0,0.0,0.0,0.0,0.0,0.0,0.0,0.0
2022-10-23,0.53608245,0.0,0.4,0.0,0.0,0.8,1.5670103,0.04109589
2022-10-24,0.45360824,0.0,0.35,0.0,0.0,0.8,1.4123712,0.04109589
2022-10-25,0.05154639,0.0,0.0,0.0,0.0,0.3857143,0.48453608,0.0
2022-10-26,0.0,0.0,0.0,0.0,0.0,0.114285715,0.25773194,0.0
2022-10-27,0.0,0.0,0.0,0.0,0.0,0.12857144,0.26804122,0.0
2022-10-28,0.0,0.0,0.0,0.0,0.0,0.1,0.21649484,0.0
2022-10-29,0.0,0.0,0.0,0.0,0.0,0.1,0.12371134,0.0
2022-10-30,0.0,0.0,0.0,0.0,0.0,0.0,0.072164945,0.0
2022-10-31,0.0,0.0,0.0,0.0,0.0,0.0,0.041237112,0.0
2022-11-01,0.0,0.0,0.0,0.0,0.0,0.0,0.0,0.0
2022-11-02,19.752577,9.390244,10.566667,14.241936,8.42742,7.714286,10.917526,21.50685
2022-11-03,30.42268,10.780488,17.433332,21.451612,10.782258,11.814285,16.546392,31.424658
2022-11-04,30.927835,11.04878,17.516666,22.225807,10.9838705,13.957143,16.98969,31.260275
2022-11-05,30.804123,11.170732,16.15,20.064516,9.870968,13.614285,14.938145,31.150684
2022-11-06,33.17526,5.9634147,14.4,17.096775,6.145161,13.885715,15.43299,30.0
2022-11-07,40.43299,7.280488,24.616667,29.387096,15.629032,16.814285,23.391752,42.835617
2022-11-08,58.216496,23.219513,64.35,44.758064,47.66129,38.228573,52.329895,58.0137
2022-11-09,98.69072,60.536587,112.65,71.370964,99.75,92.61429,100.02062,90.945206
2022-11-10,104.08247,62.817074,121.03333,72.564514,105.30645,96.15714,104.13402,102.78082
2022-11-11,103.237114,62.621952,120.86667,74.645164,105.564514,97.47143,104.608246,102.45206
2022-11-12,102.701035,62.560974,120.816666,74.870964,105.58064,98.11429,104.83505,101.9863
2022-11-13,105.391754,62.780487,120.71667,73.629036,105.57258,98.38571,104.83505,104.41096
2022-11-14,104.8866,62.09756,120.7,73.258064,105.44355,98.77143,104.78351,105.31507
2022-11-15,104.051544,61.939026,120.333336,73.935486,105.42742,98.7,104.73196,104.904106
2022-11-16,103.701035,62.939026,120.21667,73.451614,105.29032,97.21429,104.71134,104.08219
2022-11-17,101.68041,61.02439,119.583336,72.435486,104.69355,97.0,104.8866,102.246574
2022-11-18,100.93814,61.42683,118.9,70.870964,104.564514,95.62857,104.824745,100.50685
2022-11-19,99.360825,60.012196,118.683334,68.41936,104.75,94.8,102.93814,99.45206
2022-11-20,97.98969,59.817074,118.13333,66.48387,104.77419,94.557144,101.4433,99.26028
2022-11-21,96.74227,58.707317,117.36667,65.20968,104.67742,93.87143,100.298965,97.21918
2022-11-22,95.19588,57.865852,116.6,63.451614,104.48387,90.42857,100.38145,97.0
2022-11-23,93.762886,57.17073,115.63333,60.870968,104.008064,90.62857,100.40206,93.60274
2022-11-24,89.5567,56.32927,113.05,56.870968,103.0,88.2,99.87629,89.68493
2022-11-25,83.793816,54.40244,111.1,52.774193,100.91936,84.314285,96.793816,85.89041
2022-11-26,80.04124,52.048782,107.86667,49.30645,97.008064,80.61429,96.391754,80.57534
2022-11-27,77.19588,50.365852,106.51667,49.01613,95.65323,77.185715,93.206184,78.095894
2022-11-28,77.1134,49.26829,104.75,44.419353,93.629036,75.942856,93.84536,76.68493
2022-11-29,76.31959,48.243904,104.71667,46.822582,93.05645,75.4,91.08247,76.42466
2022-11-30,76.896904,48.353657,104.75,46.887096,92.935486,77.21429,93.670105,74.45206
2022-12-01,76.93814,48.09756,104.78333,51.629032,95.23387,77.92857,92.329895,81.35616
2022-12-02,130.02061,87.731705,154.75,89.370964,147.56451,123.01428,145.91753,128.79453
2022-12-03,130.52577,93.01219,157.16667,90.951614,150.07259,124.042854,146.91753,137.21918
2022-12-04,161.01031,117.81707,203.16667,133.30646,194.82259,153.25714,186.57732,169.87671
2022-12-05,177.8866,130.82927,227.55,152.83871,219.32259,174.28572,203.59793,203.50685
2022-12-06,198.16495,131.36586,232.01666,175.12903,223.12097,180.62857,207.94846,225.04109
2022-12-07,197.25774,130.45122,231.93333,173.6129,223.33064,181.9,207.40207,224.69862
2022-12-08,196.57732,131.15854,232.03334,173.62903,223.3629,179.41429,205.90721,228.16438
2022-12-09,205.74226,132.7439,232.35,193.59677,223.6371,181.12857,208.15463,236.9452
2022-12-10,210.28867,133.7683,232.7,207.46774,223.16936,182.91429,208.47423,256.9589
2022-12-11,301.60825,174.06097,308.51666,255.1129,295.9597,271.98572,294.94846,348.60275
2022-12-12,335.5258,197.19513,335.35,265.53226,313.28226,297.7857,323.40207,368.52054
2022-12-13,336.42267,198.79268,335.36667,279.59677,314.0484,299.0,324.05154,366.60275
2022-12-14,335.19586,199.87805,335.41666,276.90323,313.73386,299.02856,323.72165,363.64383
2022-12-15,340.19586,200.86586,335.36667,276.46774,320.42743,300.05713,324.0309,365.1644
2022-12-16,339.68042,200.68292,335.48334,276.2903,320.76614,299.8143,323.75256,378.274
2022-12-17,339.82474,200.46341,335.38333,275.2097,320.74194,300.1,323.92783,377.73972
2022-12-18,340.42267,200.15854,335.4,275.69354,320.89517,300.97144,323.76288,377.43835
2022-12-19,340.4742,199.62195,335.38333,274.7742,320.48386,299.64285,326.28867,368.8767
2022-12-20,341.5567,199.5,335.43332,282.58066,320.5242,299.35715,322.7732,369.0
2022-12-21,340.8866,199.2683,335.33334,274.69354,320.35483,298.95715,322.93814,370.8356
2022-12-22,340.92783,199.87805,335.16666,274.2742,320.51614,299.65714,322.07217,379.28766
2022-12-23,341.29898,200.07317,334.91666,274.30646,320.34677,299.01428,322.31958,378.28766
2022-12-24,341.8969,200.41463,334.7,271.0,320.12097,296.8857,321.8866,385.1507
2022-12-25,341.41238,200.80487,333.86667,274.32257,319.76614,296.82858,324.4433,382.9589
2022-12-26,341.8866,200.7317,332.6,274.4516,318.5403,296.01428,321.26804,380.9041
2022-12-27,352.58762,201.29268,337.21667,312.85483,325.0403,305.75714,332.50516,396.73972
2022-12-28,392.49484,252.96341,379.05,321.03226,383.5484,370.7857,388.85568,424.21918
2022-12-29,386.79382,253.70732,379.86667,330.9355,383.87903,373.67142,392.51547,427.58905
2022-12-30,416.42267,262.80487,387.3,344.87097,394.75,394.6857,408.49484,457.82193
2022-12-31,461.37112,269.91464,425.0,344.2903,431.49194,422.82858,445.16495,473.65753
2023-01-01,490.51547,321.59756,549.73334,342.7258,527.75,488.0,530.84534,528.2192
2023-01-02,493.12372,330.09756,554.75,338.1129,533.9516,498.87143,538.3299,517.5753
2023-01-03,497.02063,340.4634,566.75,335.87097,546.5887,514.5714,552.567,522.8493
2023-01-04,501.20618,341.90244,566.93335,342.2258,548.2984,519.9286,555.0618,526.6027
2023-01-05,511.95877,350.62195,583.25,389.7258,571.3145,540.8571,580.19586,547.0411
2023-01-06,552.0103,395.7561,637.18335,427.12903,622.0968,591.5571,628.6598,594.0411
2023-01-07,554.30927,396.35367,636.9167,419.82257,621.871,593.7,628.85565,596.41095
2023-01-08,565.0206,398.2561,644.68335,452.8871,626.4274,607.6286,641.0618,614.3288
2023-01-09,592.29895,411.82925,676.76666,483.69354,656.8871,637.0143,671.24744,652.68494
2023-01-10,624.92786,506.58536,774.9667,534.5645,765.5242,698.4,746.73193,689.83563
2023-01-11,683.3299,539.13416,824.7833,558.1129,816.14514,745.8714,790.69073,756.0274
2023-01-12,709.82477,544.37805,836.81665,578.5,824.70966,768.7857,810.2165,790.3288
2023-01-13,711.1134,545.6829,836.2,576.8387,825.5726,771.7714,810.82477,783.1781
2023-01-14,739.7732,547.0732,841.0,606.4355,830.05646,792.4286,826.0928,822.26025
2023-01-15,809.2371,603.86584,910.05,643.5806,890.39514,864.1429,894.13403,868.274
2023-01-16,827.3505,618.64636,936.9,655.9194,911.9032,893.6,930.13403,906.9041
2023-01-17,859.28864,641.4268,969.81665,678.1613,940.1855,924.52856,959.5361,903.9726
2023-01-18,860.69073,642.4146,969.76666,678.9194,939.30646,965.2,959.6495,906.1781
2023-01-19,877.71136,643.54877,973.65,650.24194,941.69354,978.65717,969.3402,933.1096
2023-01-20,882.5464,646.0854,976.05,676.4677,944.1532,980.7286,971.63916,933.9041
2023-01-21,877.4536,646.2439,975.7167,675.9677,943.7661,980.84283,971.62885,952.71234
2023-01-22,878.91754,646.90247,976.45,649.29034,944.85486,981.8571,971.69073,940.1096
2023-01-23,880.835,647.60974,975.7833,675.7742,942.8306,981.0857,971.835,932.0274
2023-01-24,892.69073,652.0244,970.56665,676.0806,940.45966,981.1857,962.57733,950.452
2023-01-25,893.3917,652.2317,970.73334,696.1129,950.7339,981.7714,962.0618,950.71234
2023-01-26,893.70105,652.9878,969.26666,675.4839,950.4677,981.32855,961.59796,928.49316
2023-01-27,894.567,652.9146,967.7,695.871,950.25806,981.45715,958.4639,922.0411
2023-01-28,896.58765,652.6585,967.31665,675.8871,950.121,979.9429,958.6495,922.9315
2023-01-29,895.6804,652.8049,967.01666,675.0323,949.7742,979.0857,958.4639,928.1507
2023-01-30,900.5361,654.0122,971.63336,676.79034,952.5,981.74286,963.37115,917.65753
2023-01-31,899.18555,648.7805,971.75,695.4677,952.371,981.5857,963.14435,924.548
2023-02-01,898.9794,648.86584,971.4,697.2742,934.7661,980.3571,962.70105,830.16437
2023-02-02,899.3917,648.939,975.6,697.2258,930.2016,979.2,965.2783,830.726
2023-02-03,897.6495,648.62195,972.11664,694.5484,934.8226,977.0714,962.2165,935.6027
2023-02-04,898.70105,648.14636,972.4167,698.64514,935.7016,974.8,962.28864,938.0137
2023-02-05,921.15466,652.0854,1004.4667,717.3226,963.9677,993.5571,988.5464,962.56165
2023-02-06,950.3299,656.0854,1016.25,724.4194,972.5968,1010.25714,1004.9484,983.0822
2023-02-07,950.3505,656.7683,1016.23334,725.0484,972.2177,1011.2,1005.40204,984.3014
2023-02-08,952.40204,657.20734,1015.55,724.0968,971.0161,1009.6286,1005.1237,962.9452
2023-02-09,953.3402,657.0732,1015.11664,722.6129,972.04034,1006.9429,1004.92786,962.8904
2023-02-10,952.26807,656.12195,1015.01666,721.3226,971.70966,1003.61426,1004.7629,981.6986
2023-02-11,955.4536,655.6585,1015.5,722.2742,971.7661,1003.5571,1005.15466,986.3973
2023-02-12,957.9484,655.5854,1017.2,723.0806,972.0968,1003.8571,1006.1237,964.0822
2023-02-13,957.9897,656.13416,1023.8,721.25806,972.7177,1001.74286,1025.4021,965.3699
2023-02-14,943.82477,655.70734,1023.73334,720.6129,972.5968,999.34283,1024.8557,965.0548
2023-02-15,943.69073,657.4268,1017.7833,719.5161,971.50806,999.4143,1006.25775,967.23285
2023-02-16,944.26807,657.62195,1017.85,719.5323,971.4194,997.6,1005.9382,967.0822
2023-02-17,943.6598,657.939,1017.7833,719.35486,971.7339,996.5714,1006.0516,966.41095
2023-02-18,943.85565,659.03656,1017.5,720.4839,971.9113,994.4143,1004.8763,968.0959
2023-02-19,945.25775,658.8049,1017.5333,720.0323,971.8145,993.11426,1004.58765,967.86304
2023-02-20,944.6804,658.3049,1016.1,721.0968,970.4113,988.8714,1003.7835,963.2192
2023-02-21,944.30927,655.8293,1015.95,719.24194,970.04034,984.8714,1003.41235,962.0274
2023-02-22,947.18555,655.85364,1020.75,722.8871,967.9032,989.3714,1010.567,963.23285
2023-02-23,959.74225,659.9268,1027.25,685.4355,973.879,1058.9429,1026.1443,946.53424
2023-02-24,976.7217,667.0,1042.1333,770.75806,987.5242,1078.4,1043.5773,1004.23285
2023-02-25,1008.7629,759.9146,1129.3167,764.5806,1077.4758,1119.2,1115.134,1011.6301
2023-02-26,1020.6083,785.10974,1145.4833,752.24194,1097.4597,1134.5571,1129.4742,1014.43835
2023-02-27,1050.9072,789.90247,1164.4333,786.1774,1111.242,1153.5428,1148.134,1052.7534
2023-02-28,1092.1959,810.10974,1201.95,789.85486,1137.1613,1195.6571,1185.8351,1082.2877
2023-03-01,1147.701,847.0,1254.15,824.0323,1205.8387,1246.3429,1213.0515,1146.2054
2023-03-02,1156.567,852.20734,1249.3833,823.8387,1207.6936,1247.5714,1219.134,1146.8494
2023-03-03,1163.4434,853.0854,1248.7667,823.6613,1207.75,1248.0286,1219.4227,1149.0548
2023-03-04,1165.0619,851.85364,1247.4333,822.6774,1207.5887,1250.3286,1219.0619,1144.863
2023-03-05,1186.0,857.59753,1270.5167,847.35486,1224.629,1272.9143,1237.7423,1157.137
2023-03-06,1216.7526,870.89026,1295.8833,850.5,1245.758,1307.5714,1268.567,1199.0137
2023-03-07,1231.2681,872.95123,1305.1666,866.0484,1246.8307,1312.5857,1272.0,1212.548
2023-03-08,1243.5051,873.5854,1298.2667,878.5484,1246.742,1315.5428,1274.2474,1206.3972
2023-03-09,1258.8763,873.8415,1155.3167,886.3871,1233.5807,1322.5,1274.4434,1248.6028
2023-03-10,1300.6907,917.4146,1377.0834,933.64514,1317.8871,1389.9572,1351.6185,1303.3014
2023-03-11,1322.4434,994.1951,1486.7167,953.9194,1402.6371,1441.2285,1424.0825,1306.2192
2023-03-12,1353.1547,1012.37805,1500.6167,961.5806,1419.0161,1472.5857,1450.0413,1341.2603
2023-03-13,1382.3402,1014.89026,1517.2333,984.5806,1431.3549,1518.7858,1485.9897,1381.6028
2023-03-14,1403.8866,1011.70734,1522.4166,1018.4355,1433.9274,1527.4143,1492.7526,1399.2603
2023-03-15,1433.1649,1059.1708,1585.1666,1037.4517,1493.7097,1566.1857,1543.9897,1447.7808
2023-03-16,1431.2577,1056.561,1587.0333,1036.629,1495.0726,1582.7715,1544.4639,1452.8356
2023-03-17,1430.8041,1052.2195,1586.7833,1037.8549,1495.7903,1587.5143,1542.9072,1421.8356
2023-03-18,1431.433,1052.4147,1581.7667,1079.0968,1495.1774,1602.0,1542.237,1441.3424
2023-03-19,1434.4227,1051.9634,1582.7667,1076.4839,1495.9839,1606.9714,1542.7526,1440.3835
2023-03-20,1450.3505,1068.8536,1611.05,1085.871,1527.9032,1629.8572,1567.4124,1456.6713
2023-03-21,1451.5155,1070.939,1612.3833,1086.9032,1532.2983,1637.5857,1569.6907,1462.4932
2023-03-22,1453.2577,1105.6342,1632.0333,1082.7097,1558.0242,1650.4429,1586.866,1503.6438
2023-03-23,1461.4536,1109.7439,1448.3833,1083.0161,1547.6693,1649.0714,1587.6392,1514.0273
2023-03-24,1474.7938,1115.7073,1644.3334,1091.1936,1571.9758,1657.5286,1601.7319,1498.0273
2023-03-25,1481.6083,1116.5,1449.1,1094.629,1555.9354,1660.3,1594.8145,1500.6986
2023-03-26,1482.2474,1116.7805,1647.6,1123.371,1572.6774,1660.7142,1604.4227,1510.7397
2023-03-27,1482.4124,1117.0488,1642.85,1095.5,1571.9758,1660.1571,1601.0515,1508.8494
2023-03-28,1479.4536,1117.5244,1447.8833,1098.2258,1556.0242,1662.1428,1594.2783,1510.9452
2023-03-29,1547.7423,1136.939,1493.6333,1088.9678,1591.0726,1708.8,1638.1443,1546.9863
2023-03-30,1561.6289,1148.122,1517.5834,1088.0807,1606.8871,1727.1857,1657.9485,1550.7671
2023-03-31,1561.5464,1148.9025,1510.15,1133.0161,1604.0161,1723.5571,1677.9587,1545.1233
2023-04-01,1559.3711,1149.4878,1711.7,1141.0161,1614.1693,1721.0428,1685.9175,1607.1781
2023-04-02,1563.5155,1149.1708,1731.25,1142.2258,1619.2017,1721.4429,1719.8969,1568.7671
2023-04-03,1569.4742,1152.2195,1713.6,1172.0646,1615.2017,1724.1,1687.3093,1580.4657
2023-04-04,1573.2783,1155.0488,1709.4667,1149.6451,1616.5887,1723.8429,1686.9485,1586.5343
2023-04-05,1566.3608,1155.7683,1710.4333,1150.758,1618.7822,1742.3429,1691.2474,1622.9315
2023-04-06,1574.9072,1156.1951,1710.7833,1181.5322,1620.9193,1739.6857,1688.3505,1618.411
2023-04-07,1570.9279,1155.561,1699.5,1178.9032,1619.9597,1740.8286,1680.9072,1621.2054
2023-04-08,1580.5773,1155.0122,1691.8667,1180.8549,1619.242,1744.4143,1676.5876,1637.2329
2023-04-09,1568.8866,1152.7683,1690.4333,1176.1613,1616.742,1743.6,1674.9897,1631.7534
2023-04-10,1561.6907,1149.0122,1689.0667,1159.3549,1615.3064,1741.8286,1673.7113,1620.2329
2023-04-11,1550.7526,1143.7195,1690.8833,1151.7258,1606.9678,1735.9572,1674.9381,1562.1918
2023-04-12,1538.1547,1139.8658,1686.0167,1142.3387,1597.1854,1732.1285,1674.0103,1543.0137
2023-04-13,1525.8969,1138.4878,1680.2667,1138.9678,1576.8468,1733.1,1673.4949,1531.096
2023-04-14,1516.67,1137.0488,1665.9667,1134.7097,1557.508,1732.8,1669.9279,1568.3424
2023-04-15,1507.3093,1135.7439,1650.7,1127.5483,1542.7983,1733.5857,1669.1237,1558.7534
2023-04-16,1498.1443,1132.1586,1628.7667,1116.6129,1531.5161,1732.9429,1661.6185,1547.1644
2023-04-17,1487.9897,1129.3536,1619.7333,1106.3226,1513.8549,1729.6285,1662.134,1540.2329
2023-04-18,1484.8351,1126.8049,1613.3334,1097.2258,1494.121,1729.8286,1664.9381,1553.589
2023-04-19,1483.2474,1124.3658,1582.1167,1106.8549,1474.9354,1730.4429,1654.2474,1566.6986
2023-04-20,1482.6495,1121.2561,1544.4833,1106.7903,1460.5726,1730.2285,1637.4845,1575.0
2023-04-21,1476.5566,1118.7683,1501.3,1098.0807,1436.621,1729.5143,1622.2783,1566.4795
2023-04-22,1459.2166,1048.9878,1476.8,1081.8871,1420.1532,1723.1,1614.4021,1503.2877
2023-04-23,1441.3093,1043.6464,1456.1333,1062.0161,1405.2178,1716.6285,1604.6598,1490.9727
2023-04-24,1422.7526,1088.8049,1441.6833,1038.9517,1398.2097,1710.6428,1598.7319,1479.3287
2023-04-25,1406.0515,1069.561,1422.65,1016.4032,1384.371,1704.8429,1589.7526,1465.9589
2023-04-26,1368.237,1044.6464,1400.2833,996.0323,1367.4517,1696.0,1577.134,1449.6849
2023-04-27,1342.134,1009.4878,1447.45,965.6129,1376.3629,1684.1428,1615.1031,1429.9727
2023-04-28,1311.6185,978.3415,1361.9833,928.69354,1344.5,1669.0143,1555.6083,1443.4657
2023-04-29,1281.9072,937.2439,1336.2,867.4355,1333.7258,1653.1285,1542.4639,1419.096
2023-04-30,1242.3196,900.7439,1303.5,801.129,1320.3307,1627.1,1531.433,1393.4657
2023-05-01,1214.5155,863.96344,1356.05,784.4516,1325.871,1614.1143,1569.2062,1378.1781
2023-05-02,1197.3608,847.60974,1340.6833,762.8387,1310.5161,1616.8,1565.5566,1365.9178
2023-05-03,1194.7217,842.62195,1331.0333,756.5968,1308.121,1627.9,1564.5876,1365.6986
2023-05-04,1193.701,836.40247,1317.3334,740.0968,1302.5564,1631.7,1557.5876,1260.2877
2023-05-05,1201.763,830.8293,1294.0,724.7742,1303.8468,1640.8715,1547.67,1265.6438
2023-05-06,1212.4742,826.6585,1280.8667,719.20966,1301.129,1650.5857,1544.0825,1271.2192
2023-05-07,1232.9279,822.1707,1258.7333,720.1613,1295.1854,1661.2285,1533.8145,1285.2329
2023-05-08,1233.2268,817.439,1235.1,715.14514,1261.8146,1658.5,1519.3711,1276.6986
2023-05-09,1232.701,811.7561,1218.2333,711.80646,1252.5403,1650.3857,1508.3608,1282.1506
2023-05-10,1226.3815,805.35364,1212.9667,699.4194,1240.1936,1640.8,1504.0,1270.3014
2023-05-11,1213.5876,798.5732,1211.6,678.6613,1232.5,1624.0,1502.7113,1265.411
2023-05-12,1192.1443,790.4268,1202.85,642.24194,1221.3307,1616.1143,1498.5155,1253.589
2023-05-13,1154.1134,777.9878,1182.9333,582.6129,1201.7983,1603.6857,1491.9691,1231.5753
2023-05-14,1106.5464,766.95123,1178.5667,512.19354,1202.7339,1586.0571,1484.4536,1200.2192
2023-05-15,1062.9072,751.939,1159.5333,460.48386,1175.621,1561.0143,1479.5876,1163.8219
2023-05-16,1020.71136,735.3049,1137.45,411.75806,1143.5483,1535.2715,1472.0515,1073.2739
2023-05-17,980.3299,720.35364,1109.2833,362.01614,1110.8951,1506.1857,1460.7423,1035.3835
2023-05-18,912.14435,727.14636,1082.35,313.08066,1133.2661,1476.6,1448.5155,1014.7808
2023-05-19,874.165,703.90247,1052.2667,258.4516,1104.7339,1439.2428,1432.1649,974.28766
2023-05-20,837.3299,694.36584,1016.7167,229.17741,1078.1936,1402.1714,1410.7732,929.1918
2023-05-21,796.3917,678.46344,980.15,189.08064,1050.3146,1362.6143,1390.6804,885.8767
2023-05-22,758.3402,666.36584,950.2167,158.54839,1028.5161,1328.6,1372.3402,836.76715
2023-05-23,718.3402,651.7683,923.76666,131.98387,1006.5161,1293.1285,1355.7526,833.5753
2023-05-24,727.3402,632.9756,880.9167,113.145164,986.10486,1270.0,1345.567,806.41095
2023-05-25,703.0103,614.96344,860.8,99.564514,972.45966,1247.4714,1338.2783,778.274
2023-05-26,682.15466,602.46344,851.6,88.048386,960.4032,1226.0286,1330.2783,751.9315
2023-05-27,664.3196,592.2561,929.01666,77.96774,996.55646,1181.8143,1331.6495,728.8082
2023-05-28,632.36084,585.2195,912.95,68.20968,984.3387,1132.6,1317.6185,706.38354
2023-05-29,608.7732,571.7195,893.7,60.403225,955.9194,1104.9,1303.9897,683.452
2023-05-30,585.2783,556.9268,850.9167,48.032257,882.69354,1035.3572,1285.1443,659.7534
2023-05-31,562.80414,545.5854,835.35,47.419353,867.121,1015.5857,1274.0825,637.8767
2023-06-01,539.6598,533.29266,804.98334,40.935482,812.35486,983.1,1257.9794,606.726
2023-06-02,519.14435,519.7195,791.9167,34.919353,799.9274,957.65717,1245.9485,583.1096
2023-06-03,496.6701,513.7561,776.73334,28.193548,783.80646,928.2143,1230.9485,557.2055
2023-06-04,468.07217,494.40244,743.9,19.0,758.7177,883.2714,1207.2783,531.6027
2023-06-05,418.4536,477.37805,705.35,12.274194,729.3306,783.2286,1148.9587,504.36987
2023-06-06,378.51547,462.2561,686.7167,8.9838705,710.1774,746.52856,1124.5051,479.68494
2023-06-07,356.75256,452.90244,677.18335,7.016129,695.9355,721.75714,1113.0515,453.274
2023-06-08,334.93814,445.7927,669.45,5.854839,688.629,701.4857,1101.3196,430.20547
2023-06-09,317.83505,440.47562,660.2833,5.080645,678.20966,727.5143,1116.5051,408.56165
2023-06-10,298.25772,432.34146,650.18335,4.354839,667.6532,702.5143,1101.6185,387.06848
2023-06-11,282.15463,422.2927,641.86664,3.7096775,658.0968,680.25714,1089.0,367.0548
2023-06-12,268.2268,417.7805,637.31665,2.951613,655.4839,611.24286,1050.2783,346.79453
2023-06-13,258.14432,413.15854,629.43335,2.2580645,648.6694,589.88574,1037.8969,330.19177
2023-06-14,247.7732,419.23172,616.8333,1.3548387,638.6774,565.8143,1020.04126,311.1096
2023-06-15,235.79381,406.81708,601.11664,0.48387095,627.2661,542.5857,997.73193,290.68494
2023-06-16,224.83505,388.73172,585.45,0.0,614.0968,519.8714,975.24744,271.57535
2023-06-17,223.91753,371.93903,567.8,0.0,598.95966,498.87143,950.6804,252.0685
2023-06-18,209.82474,387.69513,544.15,0.0,582.9355,469.2857,905.4639,224.42465
2023-06-19,209.15463,369.02438,521.36664,0.0,570.04034,435.48572,846.3815,201.65753
2023-06-20,206.60825,355.41464,518.7167,0.0,562.0323,419.35715,843.42267,190.76712
2023-06-21,203.34021,341.7805,516.25,0.0,553.85486,420.35715,840.03094,181.0685
2023-06-22,196.0,329.5366,510.01666,0.0,547.4355,405.48572,832.41235,170.35617
2023-06-23,188.75258,322.81708,587.5,0.0,542.129,392.8143,887.433,162.54794
2023-06-24,194.71133,316.35367,580.5833,0.0,534.8468,378.08572,876.40204,149.863
2023-06-25,183.27835,309.9634,568.9,0.0,524.60486,358.44287,858.73193,126.61644
2023-06-26,174.16495,303.23172,556.31665,0.0,515.2016,337.91428,841.96906,108.904106
2023-06-27,165.04124,296.91464,546.3,0.0,505.8387,324.95715,826.0,97.78082
2023-06-28,155.51546,290.04877,533.51666,0.0,496.26614,309.32858,804.40204,87.83562
2023-06-29,144.80412,282.7561,516.1667,0.0,482.58066,290.98572,773.3917,77.561646
2023-06-30,135.85567,274.76828,489.05,0.0,504.59677,272.2143,742.29895,77.136986
2023-07-01,119.01031,258.82925,455.36667,0.0,484.74194,245.31429,703.24744,64.0274
2023-07-02,103.37113,243.97562,414.81668,0.0,454.1855,217.81429,653.6083,49.89041
2023-07-03,94.61855,233.56097,371.96667,0.0,427.60483,191.55714,604.58765,36.561646
2023-07-04,84.18557,221.39024,337.71667,0.0,406.34677,170.7,565.567,27.945206
2023-07-05,74.85567,209.96341,309.15,0.0,385.46774,166.61429,530.91754,19.876713
2023-07-06,74.670105,198.14635,283.15,0.0,364.2258,145.22858,494.68042,12.438356
2023-07-07,67.051544,188.28049,262.31668,0.0,346.0887,125.15714,459.82474,7.2465754
2023-07-08,60.463917,180.2683,242.25,0.0,339.1371,103.88571,376.02063,4.219178
2023-07-09,53.84536,171.08537,222.93333,0.0,321.2016,88.957146,350.75256,2.0958905
2023-07-10,47.639175,163.7683,204.75,0.0,305.33066,74.51428,327.6598,0.6164383
2023-07-11,41.608246,155.64635,183.15,0.0,288.75,62.785713,301.84537,0.0
2023-07-12,36.226803,148.06097,162.16667,0.0,275.40323,60.24286,278.06186,0.0
2023-07-13,31.402061,140.32927,143.68333,0.0,262.91934,49.214287,258.36084,0.0
2023-07-14,27.515465,167.35365,121.666664,0.0,246.89516,36.54286,234.24742,0.0
2023-07-15,22.896908,152.07317,96.25,0.0,227.17741,21.042856,198.19588,0.0
2023-07-16,17.350515,137.96341,74.46667,0.0,205.37097,12.114285,164.49484,0.0
2023-07-17,12.247422,124.768295,58.55,0.0,225.12903,7.4857144,131.0,0.0
2023-07-18,9.350515,113.89024,46.966667,0.0,206.95161,4.1571426,104.453606,0.0
2023-07-19,7.257732,104.78049,38.216667,0.0,189.42741,2.0285714,83.41237,0.0
2023-07-20,5.659794,96.20731,31.366667,0.0,174.35484,0.37142858,66.87629,0.0
2023-07-21,4.6185565,86.48781,25.65,0.0,172.79839,0.0,50.762886,0.0
2023-07-22,3.6597939,75.48781,19.683332,0.0,152.82259,0.0,35.103092,0.0
2023-07-23,2.6494846,64.34146,14.1,0.0,132.98387,0.0,22.474226,0.0
2023-07-24,1.7628866,56.292683,11.083333,0.0,117.895164,0.0,15.536082,0.0
2023-07-25,1.0618557,50.743904,9.333333,0.0,107.17742,0.0,12.402061,0.0
2023-07-26,0.30927834,45.890244,7.65,0.0,95.314514,0.0,9.278351,0.0
2023-07-27,0.0,41.207317,6.116667,0.0,85.70968,0.0,6.927835,0.0
2023-07-28,0.0,37.414635,5.4666667,0.0,77.3871,0.0,5.041237,0.0
2023-07-29,0.0,34.02439,4.766667,0.0,69.298386,0.0,3.7113402,0.0
2023-07-30,0.0,37.841465,4.15,0.0,61.73387,0.0,2.670103,0.0
2023-07-31,0.0,34.743904,3.5166667,0.0,54.94355,0.0,1.8969072,0.0
2023-08-01,0.0,32.085365,2.8833334,0.0,48.69355,0.0,1.3298969,0.0
2023-08-02,0.0,30.609756,2.3,0.0,43.69355,0.0,0.9484536,0.0
2023-08-03,0.0,29.207317,1.7833333,0.0,39.85484,0.0,0.58762884,0.0
2023-08-04,0.0,27.536585,1.35,0.0,36.741936,0.0,0.26804122,0.0
2023-08-05,0.0,25.378048,0.85,0.0,32.935482,0.0,0.0,0.0
2023-08-06,0.0,23.195122,0.36666667,0.0,29.879032,0.0,0.0,0.0
2023-08-07,0.0,21.256098,0.0,0.0,26.983871,0.0,0.0,0.0
2023-08-08,0.0,19.573172,0.0,0.0,24.129032,0.0,0.0,0.0
2023-08-09,0.0,18.060976,0.0,0.0,21.701612,0.0,0.0,0.0
2023-08-10,0.0,16.780487,0.0,0.0,19.774193,0.0,0.0,0.0
2023-08-11,0.0,15.97561,0.0,0.0,18.120968,0.0,0.0,0.0
2023-08-12,0.0,15.146341,0.0,0.0,16.951612,0.0,0.0,0.0
2023-08-13,0.0,14.5,0.0,0.0,15.564516,0.0,0.0,0.0
2023-08-14,0.0,13.95122,0.0,0.0,14.290322,0.0,0.0,0.0
2023-08-15,0.0,13.158537,0.0,0.0,13.056452,0.0,0.0,0.0
2023-08-16,0.0,12.5,0.0,0.0,11.790322,0.0,0.0,0.0
2023-08-17,0.0,11.865853,0.0,0.0,10.241936,0.0,0.0,0.0
2023-08-18,0.0,11.341463,0.0,0.0,9.104838,0.0,0.0,0.0
2023-08-19,0.0,10.963414,0.0,0.0,8.2338705,0.0,0.0,0.0
2023-08-20,0.0,10.768292,0.0,0.0,7.5080647,0.0,0.0,0.0
2023-08-21,0.0,11.121951,0.0,0.0,7.322581,0.0,0.0,0.0
2023-08-22,0.0,11.134147,0.0,0.0,6.951613,0.0,0.0,0.0
2023-08-23,0.0,10.890244,0.0,0.0,6.7419353,0.0,0.0,0.0
2023-08-24,0.0,10.439024,0.0,0.0,6.274194,0.0,0.0,0.0
2023-08-25,0.0,9.902439,0.0,0.0,5.846774,0.0,0.0,0.0
2023-08-26,0.0,9.243902,0.0,0.0,5.403226,0.0,0.0,0.0
2023-08-27,0.0,8.573171,0.0,0.0,4.975806,0.0,0.0,0.0
2023-08-28,0.0,7.768293,0.0,0.0,4.435484,0.0,0.0,0.0
2023-08-29,0.0,6.731707,0.0,0.0,3.983871,0.0,0.0,0.0
2023-08-30,0.0,5.585366,0.0,0.0,3.4919355,0.0,0.0,0.0
2023-08-31,0.0,4.804878,0.0,0.0,2.9919355,0.0,0.0,0.0
2023-09-01,0.0,4.402439,0.0,0.0,2.6612904,0.0,0.0,0.0
2023-09-02,0.0,4.292683,0.0,0.0,2.516129,0.0,0.0,0.0
2023-09-03,0.0,4.1707315,0.0,0.0,2.3951614,0.0,0.0,0.0
2023-09-04,0.0,4.134146,0.1,0.0,2.467742,0.12857144,0.16494845,0.0
2023-09-05,0.0,3.878049,0.0,0.0,2.3387096,0.0,0.0,0.0
2023-09-06,0.0,3.7317073,0.0,0.0,2.2096775,0.0,0.0,0.0
2023-09-07,0.0,3.609756,0.0,0.0,2.137097,0.0,0.0,0.0
2023-09-08,0.0,3.4756098,0.0,0.0,2.0403225,0.0,0.0,0.0
2023-09-09,0.0,3.317073,0.0,0.0,1.9193548,0.0,0.0,0.0
2023-09-10,0.0,3.1585367,0.0,0.0,1.798387,0.0,0.0,0.0
2023-09-11,0.0,3.097561,0.0,0.0,1.701613,0.0,0.0,0.0
2023-09-12,0.0,3.012195,0.0,0.0,1.6370968,0.0,0.0,0.0
2023-09-13,0.0,2.9146342,0.0,0.0,1.5645162,0.0,0.0,0.0
2023-09-14,0.0,2.8292682,0.0,0.0,1.4919355,0.0,0.0,0.0
2023-09-15,0.0,2.792683,0.0,0.0,1.4274193,0.0,0.0,0.0
2023-09-16,0.0,2.7439024,0.0,0.0,1.3629032,0.0,0.0,0.0
2023-09-17,0.0,2.695122,0.0,0.0,1.298387,0.0,0.0,0.0
2023-09-18,0.0,2.6341465,0.0,0.0,1.2258065,0.0,0.0,0.0
2023-09-19,0.0,2.5365853,0.0,0.0,1.1774193,0.0,0.0,0.0
2023-09-20,0.0,2.4756098,0.0,0.0,1.1209677,0.0,0.0,0.0
2023-09-21,0.0,2.4634147,0.0,0.0,1.0967742,0.0,0.0,0.0
2023-09-22,0.0,2.4634147,0.016666668,0.0,1.0967742,0.0,0.0,0.0
2023-09-23,0.0,2.390244,0.0,0.0,1.0725807,0.0,0.0,0.0
2023-09-24,0.0,2.3536584,0.0,0.0,1.048387,0.0,0.0,0.0
2023-09-25,0.0,2.292683,0.0,0.0,1.0,0.0,0.0,0.0
2023-09-26,0.0,2.207317,0.0,0.0,0.9354839,0.0,0.0,0.0
2023-09-27,0.0,2.0365853,0.0,0.0,0.8548387,0.0,0.0,0.0
2023-09-28,0.0,1.8658537,0.0,0.0,0.75,0.0,0.0,0.0
2023-09-29,0.0,1.7195122,0.0,0.0,0.66935486,0.0,0.0,0.0
2023-09-30,0.0,1.6829268,0.0,0.0,0.63709676,0.0,0.0,0.0
