date,10265150,11189500,11203580,11204100,11264500,11266500,11383500,10336660,10336676,10336780,10343500
1999-10-01,0.0,0.0,0.0,0.0,0.0,0.0,0.0,0.0,0.0,0.0,0.0
1999-10-02,0.0,0.0,0.0,0.0,0.0,0.0,0.0,0.0,0.0,0.0,0.0
1999-10-03,0.0,0.0,0.0,0.0,0.0,0.0,0.0,0.0,0.0,0.0,0.0
1999-10-04,0.0,0.0,0.0,0.0,0.0,0.0,0.0,0.0,0.0,0.0,0.0
1999-10-05,0.0,0.0,0.0,0.0,0.0,0.0,0.0,0.0,0.0,0.0,0.0
1999-10-06,0.0,0.0,0.0,0.0,0.0,0.0,0.0,0.0,0.0,0.0,0.0
1999-10-07,0.0,0.0,0.0,0.0,0.0,0.0,0.0,0.0,0.0,0.0,0.0
1999-10-08,0.0,0.0,0.0,0.0,0.0,0.0,0.0,0.0,0.0,0.0,0.0
1999-10-09,0.0,0.0,0.0,0.0,0.0,0.0,0.0,0.0,0.0,0.0,0.0
1999-10-10,0.0,0.0,0.0,0.0,0.0,0.0,0.0,0.0,0.0,0.0,0.0
1999-10-11,0.0,0.0,0.0,0.0,0.0,0.0,0.0,0.0,0.0,0.0,0.0
1999-10-12,0.0,0.0,0.0,0.0,0.0,0.0,0.0,0.0,0.0,0.0,0.0
1999-10-13,0.0,0.0,0.0,0.0,0.0,0.0,0.0,0.0,0.0,0.0,0.0
1999-10-14,0.0,0.0,0.0,0.0,0.0,0.0,0.0,0.0,0.0,0.0,0.0
1999-10-15,0.0,0.0,0.0,0.0,0.0,0.0,0.0,0.0,0.0,0.0,0.0
1999-10-16,0.0,0.0,0.0,0.0,0.0,0.0,0.0,0.0,0.0,0.0,0.0
1999-10-17,0.0,0.0,0.0,0.0,0.0,0.0,0.0,0.0,0.0,0.0,0.0
1999-10-18,0.0,0.0,0.0,0.0,0.0,0.0,0.0,0.0,0.0,0.0,0.0
1999-10-19,0.0,0.0,0.0,0.0,0.0,0.0,0.0,0.0,0.0,0.0,0.0
1999-10-20,0.0,0.0,0.0,0.0,0.0,0.0,0.0,0.0,0.0,0.0,0.0
1999-10-21,0.0,0.0,0.0,0.0,0.0,0.0,0.0,0.0,0.0,0.0,0.0
1999-10-22,0.0,0.0,0.0,0.0,0.0,0.0,0.0,0.0,0.0,0.0,0.0
1999-10-23,0.0,0.0,0.0,0.0,0.0,0.0,0.0,0.0,0.0,0.0,0.0
1999-10-24,0.0,0.0,0.0,0.0,0.0,0.0,0.0,0.0,0.0,0.0,0.0
1999-10-25,0.0,0.0,0.0,0.0,0.0,0.0,0.0,0.0,0.0,0.0,0.0
1999-10-26,0.0,0.0,0.0,0.0,0.0,0.0,0.0,0.0,0.0,0.0,0.0
1999-10-27,0.0,0.0,0.0,0.0,0.0,0.0,0.0,0.0,0.0,0.0,0.0
1999-10-28,0.0,0.0,0.0,0.0,2.2142856,1.2653061,0.0,0.0,0.0,0.0,0.0
1999-10-29,0.0,0.0,0.0,0.0,3.2857144,1.8775511,0.030303031,0.0,0.0,5.2,0.0
1999-10-30,0.0,0.0,0.0,0.0,2.7857144,1.5918367,0.0,0.0,0.0,3.4,0.0
1999-10-31,0.0,0.0,0.0,0.0,1.8214285,1.0408163,0.0,0.0,0.0,0.0,0.0
1999-11-01,0.0,0.0,0.0,0.0,0.53571427,0.30612245,0.0,0.0,0.0,0.0,0.0
1999-11-02,0.0,0.0,0.0,0.0,0.17857143,0.10204082,0.0,0.0,0.0,0.0,0.0
1999-11-03,0.0,0.0,0.0,0.0,0.0,0.0,0.0,0.0,0.0,0.0,0.0
1999-11-04,0.0,0.0,0.0,0.0,0.0,0.0,0.0,0.0,0.0,0.0,0.0
1999-11-05,0.0,0.0,0.0,0.0,0.0,0.0,0.0,0.0,0.0,0.0,0.0
1999-11-06,0.0,0.0,0.0,0.0,0.0,0.0,0.0,0.0,0.0,0.0,0.0
1999-11-07,0.0,0.0,0.0,0.0,0.0,0.0,0.0,0.0,0.0,0.0,0.0
1999-11-08,6.4444447,0.0,0.0,0.0,11.821428,8.061225,0.0,4.0,2.0,1.0,0.0
1999-11-09,9.222222,0.15189873,1.5,0.4,15.535714,11.448979,0.030303031,5.5,5.0,3.6,4.0
1999-11-10,8.555555,0.025316456,0.0,0.0,15.035714,10.67347,0.030303031,5.5,5.0,4.0,2.5
1999-11-11,6.7777777,0.0,0.0,0.0,15.071428,10.244898,0.0,3.5,2.0,0.4,0.5
1999-11-12,2.5555556,0.0,0.0,0.0,11.25,7.428571,0.0,0.0,0.0,0.0,0.0
1999-11-13,0.44444445,0.0,0.0,0.0,6.857143,4.244898,0.0,0.0,0.0,0.0,0.0
1999-11-14,0.0,0.0,0.0,0.0,3.25,1.8571428,0.0,0.0,0.0,0.0,0.0
1999-11-15,0.0,0.0,0.0,0.0,1.8214285,1.0408163,0.0,0.0,0.0,0.0,0.0
1999-11-16,0.0,0.0,0.0,0.0,2.25,1.2857143,0.0,0.0,0.0,0.0,0.0
1999-11-17,2.0,0.0,0.0,0.0,9.75,8.714286,0.21212122,12.0,13.0,6.0,3.0
1999-11-18,2.3333333,0.0,1.0,0.4,10.285714,9.204082,0.4848485,17.5,16.0,6.0,4.5
1999-11-19,2.4444444,0.0,0.75,0.2,14.142858,10.959184,0.42424244,18.0,18.0,7.6,5.0
1999-11-20,5.111111,0.07594936,0.0,0.0,24.642857,21.22449,7.6969695,35.0,33.0,14.8,18.5
1999-11-21,6.111111,0.35443038,0.5,0.13333334,26.607143,23.693878,6.818182,43.5,44.0,15.0,29.5
1999-11-22,6.0,0.48101267,6.75,1.9333333,26.464285,23.612246,6.7272725,43.5,44.0,14.8,28.5
1999-11-23,6.0,0.29113925,8.0,2.4666667,25.714285,23.22449,6.7272725,42.0,43.0,14.8,29.5
1999-11-24,6.0,0.4177215,8.5,2.5333333,25.5,23.102041,6.6969695,40.0,43.0,14.8,29.5
1999-11-25,6.0,0.39240506,8.0,2.2,25.785715,23.061224,8.090909,44.5,46.0,16.2,30.5
1999-11-26,4.7777777,0.17721519,6.5,1.7333333,25.107143,21.34694,7.030303,46.5,45.0,14.6,27.0
1999-11-27,3.2222223,0.088607594,4.5,1.2,23.5,19.387754,6.6666665,45.0,42.0,11.8,25.5
1999-11-28,2.6666667,0.050632913,2.5,0.6666667,22.607143,18.265306,5.3939395,42.5,40.0,11.2,23.0
1999-11-29,2.2222223,0.012658228,0.0,0.0,20.821428,16.530613,3.909091,45.5,44.0,9.4,20.5
1999-11-30,1.3333334,0.0,0.0,0.0,18.678572,14.836735,2.969697,44.5,43.0,6.2,14.5
1999-12-01,6.3333335,0.0,0.0,0.0,30.035715,24.469387,8.424242,57.0,55.0,7.6,27.5
1999-12-02,6.3333335,0.0,0.0,0.0,31.142857,25.265306,7.4242425,62.0,58.0,8.6,29.5
1999-12-03,6.3333335,0.0,0.0,0.0,32.17857,26.510204,8.909091,70.0,68.0,10.4,32.5
1999-12-04,6.3333335,0.0,0.25,0.06666667,32.57143,26.428572,11.424242,72.5,70.0,10.4,33.5
1999-12-05,6.3333335,0.0,0.0,0.0,32.07143,25.12245,8.515152,74.0,71.0,9.6,35.5
1999-12-06,5.0,0.0,0.0,0.0,31.857143,24.897959,8.333333,74.0,71.0,9.2,36.0
1999-12-07,5.7777777,0.0,0.0,0.0,32.142857,25.204082,8.878788,73.0,71.0,10.2,37.0
1999-12-08,9.555555,0.0,0.0,0.0,31.857143,24.959183,9.090909,77.0,73.0,10.0,39.0
1999-12-09,9.555555,0.32911393,0.75,0.33333334,32.214287,25.244898,16.333334,83.5,79.0,12.2,40.0
1999-12-10,8.444445,0.36708862,0.75,0.33333334,33.25,25.836735,23.878788,88.5,84.0,15.0,44.5
1999-12-11,9.555555,0.3164557,1.25,0.6,33.32143,25.897959,21.69697,87.5,84.0,15.8,45.0
1999-12-12,9.777778,0.4177215,1.0,0.46666667,33.035713,25.693878,19.181818,91.0,89.0,16.6,45.0
1999-12-13,9.111111,0.101265825,0.25,0.06666667,32.285713,25.020409,18.90909,99.5,97.0,18.2,47.0
1999-12-14,7.111111,0.101265825,0.25,0.06666667,33.035713,25.306122,17.212122,108.0,107.0,18.2,50.5
1999-12-15,7.111111,0.101265825,0.25,0.06666667,33.07143,25.32653,16.060606,110.5,110.0,19.8,51.0
1999-12-16,6.7777777,0.03797468,0.0,0.0,32.17857,24.77551,15.515152,108.0,109.0,19.4,51.0
1999-12-17,6.0,0.0,0.0,0.0,29.5,22.591837,14.666667,104.0,108.0,16.8,49.0
1999-12-18,4.3333335,0.0,0.0,0.0,27.035715,20.591837,13.636364,100.5,106.0,14.6,51.0
1999-12-19,3.8888888,0.0,0.0,0.0,26.035715,19.734694,13.030303,99.5,106.0,14.0,50.5
1999-12-20,3.4444444,0.0,0.0,0.0,24.821428,18.428572,11.0,98.0,105.0,13.4,50.5
1999-12-21,2.8888888,0.0,0.0,0.0,23.178572,17.0,8.969697,97.5,104.0,13.0,49.5
1999-12-22,2.7777777,0.0,0.0,0.0,23.0,16.67347,7.848485,97.0,104.0,13.0,49.5
1999-12-23,2.7777777,0.0,0.0,0.0,22.821428,16.428572,6.6666665,94.0,104.0,12.6,48.5
1999-12-24,2.6666667,0.0,0.0,0.0,22.321428,15.877551,5.7272725,93.0,103.0,12.6,48.0
1999-12-25,2.5555556,0.0,0.0,0.0,22.142857,15.632653,4.5757575,92.0,103.0,12.6,47.5
1999-12-26,2.5555556,0.0,0.0,0.0,22.071428,15.448979,4.242424,90.5,103.0,12.6,47.5
1999-12-27,2.5555556,0.0,0.0,0.0,22.035715,15.428572,3.2121212,89.5,102.0,12.6,47.0
1999-12-28,2.5555556,0.0,0.0,0.0,22.035715,15.428572,2.3333333,89.5,102.0,12.6,47.0
1999-12-29,2.5555556,0.0,0.0,0.0,21.964285,15.367347,1.939394,88.5,101.0,12.6,46.0
1999-12-30,2.5555556,0.0,0.0,0.0,21.928572,15.32653,1.6666666,88.0,101.0,12.6,45.0
1999-12-31,2.5555556,0.0,0.0,0.0,21.892857,15.285714,1.6060606,87.0,101.0,12.6,45.0
2000-01-01,2.4444444,0.0,0.0,0.0,21.928572,15.306123,1.5757576,86.5,101.0,12.8,44.5
2000-01-02,2.2222223,0.0,0.0,0.0,22.678572,15.959184,2.3030303,91.5,102.0,15.2,46.0
2000-01-03,2.2222223,0.101265825,4.25,1.6,22.642857,15.938775,2.090909,91.0,102.0,17.2,47.0
2000-01-04,2.2222223,0.088607594,3.0,1.2,22.428572,15.755102,1.6666666,89.5,103.0,17.4,47.0
2000-01-05,2.2222223,0.0,1.25,0.6,22.714285,15.918367,1.7878788,89.5,103.0,17.0,47.0
2000-01-06,2.5555556,0.0,1.25,0.53333336,22.535715,15.816326,1.7575758,90.5,103.0,17.0,47.0
2000-01-07,2.2222223,0.0,0.5,0.13333334,22.75,15.877551,1.7272727,89.5,103.0,17.0,47.0
2000-01-08,2.2222223,0.0,0.5,0.13333334,22.678572,15.836735,2.030303,89.5,103.0,17.0,47.0
2000-01-09,2.7777777,0.0,0.0,0.0,22.464285,15.714286,1.7878788,88.0,103.0,16.8,46.5
2000-01-10,2.7777777,0.0,0.0,0.0,22.464285,15.693877,2.090909,87.5,103.0,16.8,47.5
2000-01-11,2.7777777,0.0,0.0,0.0,23.857143,16.530613,7.6363635,92.5,111.0,20.8,49.0
2000-01-12,7.5555553,0.0,0.0,0.0,37.92857,31.040817,19.787878,134.0,155.0,36.4,77.5
2000-01-13,7.4444447,0.0,0.0,0.0,38.32143,31.265306,17.545454,137.5,161.0,38.0,83.0
2000-01-14,7.7777777,0.0,0.0,0.0,38.857143,31.32653,17.545454,143.0,165.0,38.6,88.0
2000-01-15,7.888889,0.0,0.0,0.0,46.32143,36.081635,16.757576,145.5,167.0,37.8,91.0
2000-01-16,15.333333,0.012658228,0.0,0.0,71.60714,59.163265,21.30303,184.0,193.0,55.0,115.0
2000-01-17,24.0,0.278481,0.0,0.0,101.42857,86.89796,24.09091,222.5,231.0,78.0,140.0
2000-01-18,40.0,4.518987,0.0,0.0,142.28572,122.97959,25.60606,230.5,244.0,86.8,146.5
2000-01-19,46.0,5.265823,0.0,0.0,163.46428,142.65306,25.121212,257.5,253.0,100.4,169.5
2000-01-20,47.11111,4.683544,0.0,0.0,168.82143,146.14285,24.212122,277.0,274.0,98.8,171.0
2000-01-21,49.22222,4.253165,0.0,0.0,173.28572,149.7347,24.181818,286.5,281.0,97.4,173.0
2000-01-22,50.666668,4.56962,1.5,0.53333336,175.35715,151.20409,28.151516,311.5,301.0,102.4,178.0
2000-01-23,51.77778,4.35443,1.25,0.33333334,200.32143,171.04082,29.545454,315.5,309.0,102.6,178.5
2000-01-24,79.22222,6.8607593,4.5,1.2,266.60715,235.57143,46.848484,368.5,373.0,126.6,205.0
2000-01-25,105.77778,26.329113,28.5,7.6,324.60715,295.0,53.272728,413.0,405.0,170.0,264.5
2000-01-26,105.111115,36.78481,41.25,12.333333,341.7143,310.38776,52.515152,440.0,436.0,187.8,279.5
2000-01-27,103.666664,39.21519,43.0,12.866667,342.14285,311.10205,52.969696,443.5,439.0,188.2,281.0
2000-01-28,101.111115,39.101265,43.75,13.066667,347.92856,314.14285,51.909092,443.0,441.0,189.0,281.0
2000-01-29,102.55556,39.21519,43.75,13.0,347.9643,314.40817,51.363636,445.0,443.0,189.0,281.0
2000-01-30,101.666664,39.58228,43.75,12.866667,354.82144,319.06122,58.333332,451.5,449.0,190.6,280.5
2000-01-31,115.888885,48.050632,50.25,15.6,369.0,338.93878,68.63636,482.5,486.0,209.2,301.5
2000-02-01,113.111115,50.3038,51.0,16.066668,373.89285,342.7143,69.78788,491.5,503.0,212.0,305.5
2000-02-02,108.333336,48.670887,51.75,15.866667,379.89285,345.63266,70.06061,495.5,504.0,209.8,304.5
2000-02-03,108.77778,47.58228,52.75,15.266666,383.0357,344.7755,67.21212,500.0,503.0,211.0,304.5
2000-02-04,108.333336,47.113926,54.25,15.2,381.4643,343.87756,69.51515,515.5,517.0,212.2,307.0
2000-02-05,108.77778,46.658226,54.75,15.0,381.42856,343.97958,68.333336,519.5,520.0,210.6,307.0
2000-02-06,109.0,45.6962,54.5,14.533334,381.14285,343.85715,70.121216,522.0,521.0,211.0,306.0
2000-02-07,103.666664,43.518986,54.75,14.6,381.7857,343.7551,66.878784,520.5,518.0,210.2,304.5
2000-02-08,96.333336,40.16456,54.75,14.6,382.14285,342.97958,63.545456,518.0,515.0,208.6,307.0
2000-02-09,96.333336,37.78481,54.75,14.6,383.4643,343.36734,60.060608,516.5,513.0,205.0,304.0
2000-02-10,105.0,37.6962,58.25,15.533334,390.0,348.42856,58.727272,524.0,520.0,209.4,303.0
2000-02-11,132.55556,52.177216,68.5,20.466667,415.2143,373.02042,61.848484,535.5,531.0,213.2,312.0
2000-02-12,139.33333,63.02532,71.25,21.8,437.14285,393.63266,89.09091,554.0,550.0,221.0,323.0
2000-02-13,150.88889,68.22785,90.25,28.666666,471.14285,422.97958,116.84849,586.0,581.0,232.0,338.5
2000-02-14,176.22223,88.81013,109.5,36.0,518.8214,464.16327,107.15151,638.0,646.0,275.0,391.0
2000-02-15,189.0,92.582275,114.5,37.466667,534.0357,487.69388,111.27273,657.5,667.0,293.0,427.5
2000-02-16,195.33333,95.24051,113.25,37.2,542.9286,494.7143,111.48485,666.5,675.0,298.4,431.5
2000-02-17,201.77777,103.93671,138.0,45.533333,514.2143,451.42856,113.27273,675.5,685.0,300.6,436.0
2000-02-18,200.33333,105.582275,142.75,47.533333,557.3571,507.9592,112.969696,676.5,686.0,300.2,437.5
2000-02-19,203.0,105.25317,140.25,46.866665,565.3571,513.1429,112.57576,675.5,686.0,303.2,438.0
2000-02-20,204.66667,104.46835,133.75,45.133335,565.9643,513.2041,110.818184,677.0,687.0,305.0,439.0
2000-02-21,211.22223,115.696205,134.0,45.533333,583.6429,527.81635,111.545456,684.5,693.0,306.4,442.5
2000-02-22,213.55556,117.48101,135.0,46.266666,586.0357,530.38776,112.878784,687.5,695.0,307.2,443.0
2000-02-23,250.77777,120.101265,134.25,46.266666,620.0357,566.04083,176.24243,724.5,726.0,313.4,465.5
2000-02-24,255.88889,133.64557,169.75,61.0,632.8571,577.7551,139.12122,745.5,747.0,327.4,475.0
2000-02-25,248.22223,134.72151,180.25,65.933334,636.5,581.9388,150.54546,746.0,749.0,328.2,475.5
2000-02-26,255.11111,134.32912,179.75,64.46667,639.8214,571.7143,154.81818,748.5,755.0,330.4,478.5
2000-02-27,258.0,131.11392,170.25,58.933334,682.1071,624.2857,178.93939,780.0,782.0,343.4,501.0
2000-02-28,286.0,140.65823,201.5,69.86667,708.4286,656.83673,185.51515,835.5,838.0,378.4,542.0
2000-02-29,276.8889,141.34177,209.0,72.53333,713.3929,662.1429,194.0,834.5,842.0,382.4,544.0
2000-03-01,276.8889,146.0,219.75,76.4,664.4643,590.5102,193.63637,849.0,854.0,388.0,550.5
2000-03-02,276.0,146.58228,223.75,77.6,718.0,662.81635,192.51515,849.0,858.0,390.4,557.5
2000-03-03,283.33334,145.03798,220.75,76.8,719.9643,663.83673,192.12122,858.0,864.0,391.8,553.0
2000-03-04,283.8889,143.56963,216.75,75.666664,720.5,663.449,188.69698,858.0,865.0,393.4,554.5
2000-03-05,309.8889,141.77216,209.5,73.46667,718.1429,661.46936,195.48485,860.5,865.0,391.8,542.0
2000-03-06,266.8889,167.32912,245.5,93.6,733.6786,675.46936,196.72728,865.0,869.0,396.4,549.0
2000-03-07,266.66666,169.9367,248.25,94.6,737.6071,679.0204,198.0,866.5,872.0,400.6,546.0
2000-03-08,307.66666,171.86076,253.0,95.86667,748.7143,692.0612,211.30302,877.0,879.0,400.6,540.5
2000-03-09,326.44446,182.9367,271.75,105.86667,757.1786,701.53064,223.42424,890.5,895.0,410.4,555.5
2000-03-10,326.8889,183.6329,286.0,109.2,759.2143,703.0612,218.0303,906.5,915.0,412.2,563.5
2000-03-11,326.55554,181.02531,282.75,104.333336,762.2857,701.81635,217.39394,908.0,922.0,415.0,561.0
2000-03-12,326.55554,174.1519,271.75,96.066666,760.5714,700.7143,214.45454,913.0,927.0,415.8,550.0
2000-03-13,324.77777,166.7848,258.5,90.666664,762.0357,695.1429,208.69698,912.0,922.0,410.4,542.5
2000-03-14,322.1111,158.16455,243.5,85.86667,761.3571,693.89795,205.39394,912.0,919.0,404.6,530.0
2000-03-15,255.77777,150.89873,226.0,80.333336,764.0357,692.3674,200.81818,915.5,916.0,397.6,521.5
2000-03-16,264.22223,143.60759,211.5,75.6,762.9643,688.67346,191.30302,917.0,914.0,393.0,514.0
2000-03-17,247.33333,136.31645,200.0,71.6,763.3571,686.4898,187.45454,917.5,913.0,389.2,511.0
2000-03-18,238.77777,129.72151,194.0,69.2,765.2143,683.61224,183.48485,917.0,911.0,385.2,506.0
2000-03-19,235.77777,120.36709,189.0,66.666664,764.1429,678.83673,174.39394,913.5,906.0,380.4,497.0
2000-03-20,235.66667,117.6076,189.0,66.13333,763.6071,676.87756,171.78787,910.5,902.0,377.4,496.0
2000-03-21,235.66667,117.46835,189.0,66.0,763.6071,676.2653,170.66667,909.0,903.0,374.2,495.5
2000-03-22,235.22223,115.92405,189.0,65.53333,763.4643,674.2857,165.27272,906.0,901.0,373.0,492.5
2000-03-23,234.55556,112.88608,189.0,64.666664,762.7143,671.83673,159.39394,901.0,899.0,368.6,487.0
2000-03-24,232.55556,107.74683,189.0,63.733334,761.75,669.2857,155.63637,894.5,893.0,366.4,480.5
2000-03-25,230.0,104.20253,189.0,62.866665,760.3929,666.9388,151.87878,884.5,886.0,358.8,474.0
2000-03-26,227.33333,98.03797,189.0,61.666668,757.9286,663.9184,146.33333,874.5,877.0,350.8,467.5
2000-03-27,223.44444,88.79747,189.0,60.0,755.75,659.18365,139.90909,858.0,865.0,345.6,458.0
2000-03-28,221.77777,83.93671,189.0,59.2,754.8929,657.38776,136.54546,852.5,857.0,336.8,457.0
2000-03-29,220.44444,81.417725,189.0,58.8,754.5357,656.3674,133.87878,848.0,853.0,331.2,454.0
2000-03-30,219.33333,77.417725,189.0,58.266666,752.75,654.7347,129.87878,842.5,849.0,326.0,451.5
2000-03-31,219.33333,74.94936,189.0,57.4,751.4286,652.0612,125.48485,839.5,845.0,324.6,451.0
2000-04-01,219.0,73.72152,189.0,56.2,745.1429,646.40814,118.242424,835.5,841.0,325.6,446.5
2000-04-02,217.44444,68.24051,189.0,54.2,740.75,640.1429,109.0,824.5,828.0,316.6,438.5
2000-04-03,212.88889,60.341774,189.0,51.266666,732.9643,629.551,111.78788,800.0,804.0,298.6,428.0
2000-04-04,206.55556,50.86076,177.5,47.333332,727.6429,620.3469,100.51515,772.5,782.0,280.8,406.5
2000-04-05,200.44444,40.06329,168.5,44.933334,722.2857,612.04083,92.393936,754.0,764.0,267.6,398.5
2000-04-06,197.0,33.962025,161.0,42.933334,716.9286,604.1429,85.121216,729.0,753.0,244.0,387.5
2000-04-07,194.44444,28.126583,153.75,41.0,711.8571,596.38776,78.72727,704.0,739.0,223.8,378.0
2000-04-08,190.44444,24.70886,118.75,31.666666,707.1786,587.6531,69.51515,674.0,706.0,207.8,362.5
2000-04-09,187.77777,21.101265,100.0,26.666666,703.4286,582.12244,78.333336,657.0,681.0,199.2,356.0
2000-04-10,186.55556,19.27848,97.25,25.933332,698.4643,577.18365,73.15151,646.5,667.0,194.4,345.5
2000-04-11,184.77777,16.962025,94.0,25.066668,692.5714,570.4286,64.878784,630.0,649.0,183.8,333.5
2000-04-12,180.44444,10.329114,87.75,23.4,684.5357,558.83673,54.969696,618.0,621.0,173.6,318.0
2000-04-13,176.88889,9.49367,78.5,20.933332,678.0714,546.53064,48.666668,594.5,599.0,166.6,303.0
2000-04-14,220.88889,9.443038,76.75,20.466667,693.7143,563.449,46.666668,622.5,613.0,174.6,315.0
2000-04-15,188.11111,7.936709,78.5,20.933332,693.8214,564.551,45.575756,624.0,611.0,174.6,316.5
2000-04-16,187.66667,7.797468,78.0,20.8,695.3214,565.2041,45.333332,627.0,612.0,175.2,317.0
2000-04-17,191.44444,7.658228,77.5,20.666666,705.2143,573.0204,45.151516,629.0,613.0,175.6,315.0
2000-04-18,211.88889,18.898735,83.0,23.866667,726.6429,596.8571,43.303032,640.5,619.0,179.8,326.5
2000-04-19,198.88889,23.632912,91.25,27.533333,728.6071,599.551,45.757576,649.0,625.0,181.6,331.5
2000-04-20,197.0,22.468355,101.25,29.666666,728.1071,597.89795,48.424244,642.0,621.0,178.0,323.5
2000-04-21,194.77777,16.063292,108.25,29.466667,724.5357,590.89795,44.151516,623.0,599.0,172.2,306.5
2000-04-22,192.11111,9.2784815,94.75,25.266666,723.1786,585.449,36.878788,597.0,573.0,165.0,288.0
2000-04-23,215.77777,8.265822,83.25,22.2,719.6071,581.449,35.363636,592.0,564.0,162.0,280.0
2000-04-24,214.55556,10.126582,81.0,21.6,714.2143,576.38776,34.090908,591.5,562.0,160.8,277.0
2000-04-25,212.88889,8.759494,75.25,20.066668,706.7143,568.551,31.515152,569.5,538.0,154.0,270.0
2000-04-26,209.66667,7.101266,66.75,17.8,699.1429,558.8571,28.818182,539.5,506.0,156.0,260.5
2000-04-27,200.55556,4.822785,55.0,14.666667,678.2143,538.0,24.818182,481.5,466.0,133.4,242.0
2000-04-28,194.66667,3.265823,46.25,12.333333,663.3214,522.449,23.181818,430.5,423.0,119.6,227.0
2000-04-29,193.88889,3.227848,46.25,12.333333,663.25,522.2857,22.636364,419.0,407.0,118.4,224.5
2000-04-30,191.44444,3.113924,43.25,11.533334,658.0714,517.2449,20.515152,413.5,402.0,114.6,217.0
2000-05-01,183.66667,2.2531645,35.0,9.333333,631.5,494.30612,17.636364,394.0,388.0,98.8,195.0
2000-05-02,172.55556,1.392405,25.5,6.8,597.5357,467.0,15.484848,355.5,371.0,82.6,167.5
2000-05-03,164.33333,0.6962025,17.25,4.6,580.1429,450.8163,13.484848,335.5,353.0,69.2,148.0
2000-05-04,155.55556,0.46835443,9.25,2.4666667,558.0357,430.93878,11.272727,317.5,339.0,56.0,134.5
2000-05-05,149.0,0.21518987,0.0,0.0,541.0,415.69388,9.757576,298.0,319.0,43.2,122.0
2000-05-06,145.22223,0.12658228,0.0,0.0,534.5357,409.30612,8.878788,285.5,306.0,36.6,115.5
2000-05-07,143.55556,0.0,0.0,0.0,532.3929,406.30612,8.606061,278.5,300.0,31.8,112.0
2000-05-08,145.44444,0.0,0.0,0.0,544.3929,415.26532,8.454545,286.0,302.0,33.6,108.5
2000-05-09,144.22223,0.0,0.0,0.0,535.1071,407.42856,7.909091,277.5,293.0,27.8,101.5
2000-05-10,140.11111,0.0,0.0,0.0,527.9643,400.8163,7.5454545,272.0,288.0,24.0,98.5
2000-05-11,140.11111,0.0,0.0,0.0,532.0,401.4898,7.969697,276.0,285.0,26.4,109.5
2000-05-12,140.0,0.07594936,0.25,0.06666667,527.0714,400.89795,8.121212,285.0,294.0,30.0,106.5
2000-05-13,140.0,0.0,0.0,0.0,524.4643,398.32654,7.4848485,279.5,295.0,27.8,102.5
2000-05-14,137.33333,0.0,0.0,0.0,514.5714,389.2857,6.939394,268.5,287.0,24.0,100.0
2000-05-15,135.88889,0.0,0.0,0.0,510.7857,385.38776,6.6060605,258.0,276.0,19.6,90.5
2000-05-16,136.77777,0.0,0.0,0.0,518.3214,391.12244,7.0,252.5,270.0,18.4,88.0
2000-05-17,136.55556,3.443038,6.5,3.2,530.1429,399.8163,6.969697,264.5,270.0,23.6,94.5
2000-05-18,135.33333,1.0253165,6.25,2.2,520.4643,393.4898,6.242424,245.5,265.0,18.0,82.5
2000-05-19,131.11111,0.0,0.0,0.0,506.2857,381.44897,5.0,223.0,249.0,8.8,65.0
2000-05-20,120.22222,0.0,0.0,0.0,455.85715,344.8163,3.2121212,193.0,226.0,2.6,36.5
2000-05-21,106.0,0.0,0.0,0.0,354.10715,265.06122,0.8787879,163.5,199.0,0.0,3.5
2000-05-22,76.888885,0.0,0.0,0.0,319.67856,236.30612,0.0,110.0,169.0,0.0,0.0
2000-05-23,52.88889,0.0,0.0,0.0,286.0357,209.04082,0.0,69.0,134.0,0.0,0.0
2000-05-24,42.77778,0.0,0.0,0.0,254.82143,184.63266,0.0,46.5,97.0,0.0,0.0
2000-05-25,35.22222,0.0,0.0,0.0,235.75,169.22449,0.0,29.5,70.0,0.0,0.0
2000-05-26,31.11111,0.0,0.0,0.0,244.57143,172.06122,0.0,18.0,51.0,0.0,0.0
2000-05-27,25.11111,0.0,0.0,0.0,228.10715,159.22449,0.0,7.5,34.0,0.0,0.0
2000-05-28,16.333334,0.0,0.0,0.0,205.78572,141.32654,0.0,0.0,12.0,0.0,0.0
2000-05-29,6.888889,0.0,0.0,0.0,183.28572,124.34694,0.0,0.0,0.0,0.0,0.0
2000-05-30,2.4444444,0.0,0.0,0.0,167.78572,113.0,0.0,0.0,0.0,0.0,0.0
2000-05-31,0.0,0.0,0.0,0.0,158.85715,106.0,0.0,0.0,0.0,0.0,0.0
2000-06-01,0.0,0.0,0.0,0.0,150.35715,99.244896,0.0,0.0,0.0,0.0,0.0
2000-06-02,0.0,0.0,0.0,0.0,138.14285,89.97959,0.0,0.0,0.0,0.0,0.0
2000-06-03,0.0,0.0,0.0,0.0,124.75,80.30612,0.0,0.0,0.0,0.0,0.0
2000-06-04,0.0,0.0,0.0,0.0,107.57143,68.081635,0.0,0.0,0.0,0.0,0.0
2000-06-05,0.0,0.0,0.0,0.0,90.53571,55.795918,0.0,0.0,0.0,0.0,0.0
2000-06-06,0.0,0.0,0.0,0.0,80.25,48.408165,0.0,0.0,0.0,0.0,0.0
2000-06-07,0.0,0.0,0.0,0.0,71.71429,41.918365,0.0,0.0,0.0,0.0,0.0
2000-06-08,0.0,0.0,0.0,0.0,67.21429,39.02041,0.0,0.0,0.0,0.0,0.0
2000-06-09,2.7777777,0.2658228,4.0,1.0666667,49.464287,29.897959,0.0,0.0,0.0,0.0,0.0
2000-06-10,1.4444444,0.0,0.5,0.13333334,61.785713,36.816326,0.0,0.0,0.0,0.0,0.0
2000-06-11,0.0,0.0,0.0,0.0,66.0,38.34694,0.0,0.0,0.0,0.0,0.0
2000-06-12,0.0,0.0,0.0,0.0,57.57143,33.122448,0.0,0.0,0.0,0.0,0.0
2000-06-13,0.0,0.0,0.0,0.0,48.285713,27.591837,0.0,0.0,0.0,0.0,0.0
2000-06-14,0.0,0.0,0.0,0.0,35.892857,20.510204,0.0,0.0,0.0,0.0,0.0
2000-06-15,0.0,0.0,0.0,0.0,27.357143,15.632653,0.0,0.0,0.0,0.0,0.0
2000-06-16,0.0,0.0,0.0,0.0,19.964285,11.408163,0.0,0.0,0.0,0.0,0.0
2000-06-17,0.0,0.0,0.0,0.0,14.714286,8.408163,0.0,0.0,0.0,0.0,0.0
2000-06-18,0.0,0.0,0.0,0.0,9.892858,5.6530614,0.0,0.0,0.0,0.0,0.0
2000-06-19,0.0,0.0,0.0,0.0,7.214286,4.122449,0.0,0.0,0.0,0.0,0.0
2000-06-20,0.0,0.0,0.0,0.0,5.178571,2.9591837,0.0,0.0,0.0,0.0,0.0
2000-06-21,0.0,0.0,0.0,0.0,3.2857144,1.8775511,0.0,0.0,0.0,0.0,0.0
2000-06-22,0.0,0.0,0.0,0.0,1.8214285,1.0408163,0.0,0.0,0.0,0.0,0.0
2000-06-23,0.0,0.0,0.0,0.0,0.35714287,0.20408164,0.0,0.0,0.0,0.0,0.0
2000-06-24,0.0,0.0,0.0,0.0,0.0,0.0,0.0,0.0,0.0,0.0,0.0
2000-06-25,0.0,0.0,0.0,0.0,0.0,0.0,0.0,0.0,0.0,0.0,0.0
2000-06-26,0.0,0.0,0.0,0.0,0.0,0.0,0.0,0.0,0.0,0.0,0.0
2000-06-27,0.0,0.0,0.0,0.0,0.0,0.0,0.0,0.0,0.0,0.0,0.0
2000-06-28,0.0,0.0,0.0,0.0,0.0,0.0,0.0,0.0,0.0,0.0,0.0
2000-06-29,0.0,0.0,0.0,0.0,0.0,0.0,0.0,0.0,0.0,0.0,0.0
2000-06-30,0.0,0.0,0.0,0.0,0.0,0.0,0.0,0.0,0.0,0.0,0.0
2000-07-01,0.0,0.0,0.0,0.0,0.0,0.0,0.0,0.0,0.0,0.0,0.0
2000-07-02,0.0,0.0,0.0,0.0,0.0,0.0,0.0,0.0,0.0,0.0,0.0
2000-07-03,0.0,0.0,0.0,0.0,0.0,0.0,0.0,0.0,0.0,0.0,0.0
2000-07-04,0.0,0.0,0.0,0.0,0.0,0.0,0.0,0.0,0.0,0.0,0.0
2000-07-05,0.0,0.0,0.0,0.0,0.0,0.0,0.0,0.0,0.0,0.0,0.0
2000-07-06,0.0,0.0,0.0,0.0,0.0,0.0,0.0,0.0,0.0,0.0,0.0
2000-07-07,0.0,0.0,0.0,0.0,0.0,0.0,0.0,0.0,0.0,0.0,0.0
2000-07-08,0.0,0.0,0.0,0.0,0.0,0.0,0.0,0.0,0.0,0.0,0.0
2000-07-09,0.0,0.0,0.0,0.0,0.0,0.0,0.0,0.0,0.0,0.0,0.0
2000-07-10,0.0,0.0,0.0,0.0,0.0,0.0,0.0,0.0,0.0,0.0,0.0
2000-07-11,0.0,0.0,0.0,0.0,0.0,0.0,0.0,0.0,0.0,0.0,0.0
2000-07-12,0.0,0.0,0.0,0.0,0.0,0.0,0.0,0.0,0.0,0.0,0.0
2000-07-13,0.0,0.0,0.0,0.0,0.0,0.0,0.0,0.0,0.0,0.0,0.0
2000-07-14,0.0,0.0,0.0,0.0,0.0,0.0,0.0,0.0,0.0,0.0,0.0
2000-07-15,0.0,0.0,0.0,0.0,0.0,0.0,0.0,0.0,0.0,0.0,0.0
2000-07-16,0.0,0.0,0.0,0.0,0.0,0.0,0.0,0.0,0.0,0.0,0.0
2000-07-17,0.0,0.0,0.0,0.0,0.0,0.0,0.0,0.0,0.0,0.0,0.0
2000-07-18,0.0,0.0,0.0,0.0,0.0,0.0,0.0,0.0,0.0,0.0,0.0
2000-07-19,0.0,0.0,0.0,0.0,0.0,0.0,0.0,0.0,0.0,0.0,0.0
2000-07-20,0.0,0.0,0.0,0.0,0.0,0.0,0.0,0.0,0.0,0.0,0.0
2000-07-21,0.0,0.0,0.0,0.0,0.0,0.0,0.0,0.0,0.0,0.0,0.0
2000-07-22,0.0,0.0,0.0,0.0,0.0,0.0,0.0,0.0,0.0,0.0,0.0
2000-07-23,0.0,0.0,0.0,0.0,0.0,0.0,0.0,0.0,0.0,0.0,0.0
2000-07-24,0.0,0.0,0.0,0.0,0.0,0.0,0.0,0.0,0.0,0.0,0.0
2000-07-25,0.0,0.0,0.0,0.0,0.0,0.0,0.0,0.0,0.0,0.0,0.0
2000-07-26,0.0,0.0,0.0,0.0,0.0,0.0,0.0,0.0,0.0,0.0,0.0
2000-07-27,0.0,0.0,0.0,0.0,0.0,0.0,0.0,0.0,0.0,0.0,0.0
2000-07-28,0.0,0.0,0.0,0.0,0.0,0.0,0.0,0.0,0.0,0.0,0.0
2000-07-29,0.0,0.0,0.0,0.0,0.0,0.0,0.0,0.0,0.0,0.0,0.0
2000-07-30,0.0,0.0,0.0,0.0,0.0,0.0,0.0,0.0,0.0,0.0,0.0
2000-07-31,0.0,0.0,0.0,0.0,0.0,0.0,0.0,0.0,0.0,0.0,0.0
2000-08-01,0.0,0.0,0.0,0.0,0.0,0.0,0.0,0.0,0.0,0.0,0.0
2000-08-02,0.0,0.0,0.0,0.0,0.0,0.0,0.0,0.0,0.0,0.0,0.0
2000-08-03,0.0,0.0,0.0,0.0,0.0,0.0,0.0,0.0,0.0,0.0,0.0
2000-08-04,0.0,0.0,0.0,0.0,0.0,0.0,0.0,0.0,0.0,0.0,0.0
2000-08-05,0.0,0.0,0.0,0.0,0.0,0.0,0.0,0.0,0.0,0.0,0.0
2000-08-06,0.0,0.0,0.0,0.0,0.0,0.0,0.0,0.0,0.0,0.0,0.0
2000-08-07,0.0,0.0,0.0,0.0,0.0,0.0,0.0,0.0,0.0,0.0,0.0
2000-08-08,0.0,0.0,0.0,0.0,0.0,0.0,0.0,0.0,0.0,0.0,0.0
2000-08-09,0.0,0.0,0.0,0.0,0.0,0.0,0.0,0.0,0.0,0.0,0.0
2000-08-10,0.0,0.0,0.0,0.0,0.0,0.0,0.0,0.0,0.0,0.0,0.0
2000-08-11,0.0,0.0,0.0,0.0,0.0,0.0,0.0,0.0,0.0,0.0,0.0
2000-08-12,0.0,0.0,0.0,0.0,0.0,0.0,0.0,0.0,0.0,0.0,0.0
2000-08-13,0.0,0.0,0.0,0.0,0.0,0.0,0.0,0.0,0.0,0.0,0.0
2000-08-14,0.0,0.0,0.0,0.0,0.0,0.0,0.0,0.0,0.0,0.0,0.0
2000-08-15,0.0,0.0,0.0,0.0,0.0,0.0,0.0,0.0,0.0,0.0,0.0
2000-08-16,0.0,0.0,0.0,0.0,0.0,0.0,0.0,0.0,0.0,0.0,0.0
2000-08-17,0.0,0.0,0.0,0.0,0.0,0.0,0.0,0.0,0.0,0.0,0.0
2000-08-18,0.0,0.0,0.0,0.0,0.0,0.0,0.0,0.0,0.0,0.0,0.0
2000-08-19,0.0,0.0,0.0,0.0,0.0,0.0,0.0,0.0,0.0,0.0,0.0
2000-08-20,0.0,0.0,0.0,0.0,0.0,0.0,0.0,0.0,0.0,0.0,0.0
2000-08-21,0.0,0.0,0.0,0.0,0.0,0.0,0.0,0.0,0.0,0.0,0.0
2000-08-22,0.0,0.0,0.0,0.0,0.0,0.0,0.0,0.0,0.0,0.0,0.0
2000-08-23,0.0,0.0,0.0,0.0,0.0,0.0,0.0,0.0,0.0,0.0,0.0
2000-08-24,0.0,0.0,0.0,0.0,0.0,0.0,0.0,0.0,0.0,0.0,0.0
2000-08-25,0.0,0.0,0.0,0.0,0.0,0.0,0.0,0.0,0.0,0.0,0.0
2000-08-26,0.0,0.0,0.0,0.0,0.0,0.0,0.0,0.0,0.0,0.0,0.0
2000-08-27,0.0,0.0,0.0,0.0,0.0,0.0,0.0,0.0,0.0,0.0,0.0
2000-08-28,0.0,0.0,0.0,0.0,0.0,0.0,0.0,0.0,0.0,0.0,0.0
2000-08-29,0.0,0.0,0.0,0.0,0.0,0.0,0.0,0.0,0.0,0.0,0.0
2000-08-30,0.0,0.0,0.0,0.0,0.0,0.0,0.0,0.0,0.0,0.0,0.0
2000-08-31,0.0,0.0,0.0,0.0,0.0,0.0,0.0,0.0,0.0,0.0,0.0
2000-09-01,0.0,0.0,0.0,0.0,0.0,0.0,0.0,0.0,0.0,0.0,0.0
2000-09-02,2.4444444,0.0,0.0,0.0,7.142857,5.3469386,0.0,0.0,0.0,0.0,0.0
2000-09-03,2.7777777,0.0,0.0,0.0,7.857143,5.591837,0.0,4.5,0.0,1.0,0.0
2000-09-04,1.2222222,0.0,0.0,0.0,6.035714,4.0816326,0.0,0.0,0.0,0.0,0.0
2000-09-05,0.44444445,0.0,0.0,0.0,4.535714,2.9183674,0.0,0.0,0.0,0.0,0.0
2000-09-06,0.0,0.0,0.0,0.0,3.5357144,2.0408163,0.0,0.0,0.0,0.0,0.0
2000-09-07,0.0,0.0,0.0,0.0,1.5714285,0.8979592,0.0,0.0,0.0,0.0,0.0
2000-09-08,0.0,0.0,0.0,0.0,0.0,0.0,0.0,0.0,0.0,0.0,0.0
2000-09-09,0.0,0.0,0.0,0.0,0.0,0.0,0.0,0.0,0.0,0.0,0.0
2000-09-10,0.0,0.0,0.0,0.0,0.0,0.0,0.0,0.0,0.0,0.0,0.0
2000-09-11,0.0,0.0,0.0,0.0,0.0,0.0,0.0,0.0,0.0,0.0,0.0
2000-09-12,0.0,0.0,0.0,0.0,0.0,0.0,0.0,0.0,0.0,0.0,0.0
2000-09-13,0.0,0.0,0.0,0.0,0.0,0.0,0.0,0.0,0.0,0.0,0.0
2000-09-14,0.0,0.0,0.0,0.0,0.0,0.0,0.0,0.0,0.0,0.0,0.0
2000-09-15,0.0,0.0,0.0,0.0,0.0,0.0,0.0,0.0,0.0,0.0,0.0
2000-09-16,0.0,0.0,0.0,0.0,0.0,0.0,0.0,0.0,0.0,0.0,0.0
2000-09-17,0.0,0.0,0.0,0.0,0.0,0.0,0.0,0.0,0.0,0.0,0.0
2000-09-18,0.0,0.0,0.0,0.0,0.0,0.0,0.0,0.0,0.0,0.0,0.0
2000-09-19,0.0,0.0,0.0,0.0,0.0,0.0,0.0,0.0,0.0,0.0,0.0
2000-09-20,0.0,0.0,0.0,0.0,0.0,0.0,0.0,0.0,0.0,0.0,0.0
2000-09-21,0.0,0.0,0.0,0.0,0.0,0.0,0.0,0.0,0.0,0.0,0.0
2000-09-22,0.0,0.0,0.0,0.0,0.0,0.0,0.0,0.0,0.0,0.0,0.0
2000-09-23,0.0,0.0,0.0,0.0,0.0,0.0,0.0,0.0,0.0,0.0,0.0
2000-09-24,0.0,0.0,0.0,0.0,0.0,0.0,0.0,0.0,0.0,0.0,0.0
2000-09-25,0.0,0.0,0.0,0.0,0.0,0.0,0.0,0.0,0.0,0.0,0.0
2000-09-26,0.0,0.0,0.0,0.0,0.0,0.0,0.0,0.0,0.0,0.0,0.0
2000-09-27,0.0,0.0,0.0,0.0,0.0,0.0,0.0,0.0,0.0,0.0,0.0
2000-09-28,0.0,0.0,0.0,0.0,0.0,0.0,0.0,0.0,0.0,0.0,0.0
2000-09-29,0.0,0.0,0.0,0.0,0.0,0.0,0.0,0.0,0.0,0.0,0.0
2000-09-30,0.0,0.0,0.0,0.0,0.0,0.0,0.0,0.0,0.0,0.0,0.0
2000-10-01,0.0,0.0,0.0,0.0,0.0,0.0,0.0,0.0,0.0,0.0,0.0
2000-10-02,0.0,0.0,0.0,0.0,0.0,0.0,0.0,0.0,0.0,0.0,0.0
2000-10-03,0.0,0.0,0.0,0.0,0.0,0.0,0.0,0.0,0.0,0.0,0.0
2000-10-04,0.0,0.0,0.0,0.0,0.0,0.0,0.0,0.0,0.0,0.0,0.0
2000-10-05,0.0,0.0,0.0,0.0,0.0,0.0,0.0,0.0,0.0,0.0,0.0
2000-10-06,0.0,0.0,0.0,0.0,0.0,0.0,0.0,0.0,0.0,0.0,0.0
2000-10-07,0.0,0.0,0.0,0.0,0.0,0.0,0.0,0.0,0.0,0.0,0.0
2000-10-08,0.0,0.0,0.0,0.0,0.0,0.0,0.0,0.0,0.0,0.0,0.0
2000-10-09,0.0,0.0,0.0,0.0,0.0,0.0,0.0,0.0,0.0,0.0,0.0
2000-10-10,8.888889,0.0,0.0,0.0,4.642857,4.5510206,0.0,0.0,0.0,0.0,0.0
2000-10-11,11.333333,5.544304,9.0,4.0,7.0,7.3469386,0.0,2.5,0.0,0.0,3.0
2000-10-12,12.333333,5.734177,10.5,4.266667,7.678571,7.9387755,0.0,3.0,1.0,0.0,3.0
2000-10-13,12.222222,5.632911,12.75,4.5333333,7.785714,7.8163266,0.0,3.0,1.0,0.0,2.5
2000-10-14,11.111111,3.620253,12.75,3.9333334,6.535714,6.2040815,0.0,1.0,0.0,0.0,1.0
2000-10-15,8.555555,1.9620253,12.0,3.2,5.714286,5.0816326,0.0,0.0,0.0,0.0,0.0
2000-10-16,6.4444447,0.7848101,10.75,2.8666666,4.285714,3.510204,0.0,0.0,0.0,0.0,0.0
2000-10-17,3.2222223,0.12658228,4.25,1.1333333,1.5357143,1.1020408,0.0,0.0,0.0,0.0,0.0
2000-10-18,0.6666667,0.0,0.0,0.0,0.25,0.14285715,0.0,0.0,0.0,0.0,0.0
2000-10-19,0.0,0.0,0.0,0.0,0.10714286,0.06122449,0.0,0.0,0.0,0.0,0.0
2000-10-20,0.0,0.0,0.0,0.0,0.0,0.0,0.0,0.0,0.0,0.0,0.0
2000-10-21,0.0,0.0,0.0,0.0,0.0,0.0,0.0,0.0,0.0,0.0,0.0
2000-10-22,0.11111111,0.0,0.0,0.0,1.1428572,1.2653061,0.0,0.0,0.0,0.0,0.0
2000-10-23,0.11111111,0.0,0.0,0.0,1.1428572,1.0408163,0.0,0.0,0.0,0.0,0.0
2000-10-24,0.0,0.0,0.0,0.0,0.78571427,0.5714286,0.0,0.0,0.0,0.0,0.0
2000-10-25,0.0,0.0,0.0,0.0,0.21428572,0.12244898,0.0,0.0,0.0,0.0,0.0
2000-10-26,2.5555556,0.012658228,0.0,0.0,3.107143,2.4081633,0.33333334,2.5,3.0,0.8,1.0
2000-10-27,5.4444447,0.36708862,0.75,0.2,10.392858,9.816326,0.33333334,15.0,15.0,5.4,9.5
2000-10-28,7.5555553,0.4177215,0.5,0.13333334,21.0,17.306122,0.18181819,13.5,14.0,6.2,8.5
2000-10-29,24.333334,0.51898736,0.0,0.0,43.857143,39.32653,5.848485,42.5,48.0,15.4,23.5
2000-10-30,33.333332,7.506329,15.75,6.3333335,58.92857,54.122448,10.151515,65.5,65.0,31.6,33.0
2000-10-31,34.11111,8.012658,21.25,7.8,60.42857,55.22449,9.393939,64.5,63.0,30.8,33.0
2000-11-01,34.0,8.012658,20.75,7.6,61.607143,55.714287,6.818182,64.0,63.0,31.4,33.0
2000-11-02,33.88889,7.0,18.5,6.8,61.17857,54.836735,7.060606,60.0,62.0,31.0,31.5
2000-11-03,33.0,5.810127,17.25,6.0666666,60.67857,53.67347,5.151515,58.0,56.0,28.8,28.0
2000-11-04,24.555555,5.075949,15.75,5.2,60.107143,51.959183,3.878788,57.5,56.0,25.0,26.5
2000-11-05,28.88889,4.101266,14.0,4.2,59.642857,50.65306,3.1818182,55.0,54.0,23.2,23.0
2000-11-06,26.555555,3.0759494,12.5,3.3333333,59.0,49.2449,2.6969697,50.0,48.0,22.4,20.0
2000-11-07,22.222221,3.1265824,12.0,3.2,58.92857,49.02041,2.3636363,48.5,45.0,22.0,20.0
2000-11-08,22.222221,3.177215,11.75,3.1333334,58.714287,48.714287,1.969697,47.5,45.0,22.4,19.5
2000-11-09,26.88889,2.8481014,10.75,2.8666666,58.535713,48.65306,2.121212,69.5,70.0,27.4,22.5
2000-11-10,28.88889,3.2405064,12.25,3.4,65.28571,56.530613,2.8181818,70.5,71.0,27.6,26.0
2000-11-11,30.777779,5.734177,15.75,5.0666666,71.60714,63.918365,4.181818,72.5,73.0,33.0,26.0
2000-11-12,32.333332,7.278481,28.75,10.666667,72.42857,65.34694,4.4242425,72.0,73.0,33.0,29.5
2000-11-13,32.333332,8.113924,29.0,10.533334,71.89286,64.22449,4.969697,72.0,73.0,33.2,29.5
2000-11-14,38.0,7.949367,28.75,9.933333,72.39286,63.612244,15.393939,77.5,77.0,36.2,32.5
2000-11-15,37.88889,7.949367,28.75,9.866667,72.75,63.632652,15.393939,79.0,79.0,36.0,33.0
2000-11-16,38.22222,7.974684,29.5,9.933333,75.60714,68.53061,15.272727,78.5,79.0,36.2,33.0
2000-11-17,38.22222,7.949367,29.5,9.666667,75.64286,68.55102,14.424242,78.0,79.0,36.0,33.0
2000-11-18,37.88889,7.898734,28.25,8.866667,75.71429,68.591835,12.090909,78.0,80.0,37.0,32.5
2000-11-19,38.11111,7.012658,26.0,8.066667,75.17857,66.97959,12.0,77.5,83.0,35.8,31.5
2000-11-20,36.11111,5.64557,20.25,6.133333,74.07143,63.857143,9.151515,76.0,81.0,34.4,31.0
2000-11-21,29.777779,3.6962025,14.25,3.8,72.21429,61.122448,8.363636,74.0,80.0,33.4,31.0
2000-11-22,30.555555,3.556962,13.25,3.5333333,72.10714,60.89796,8.030303,74.0,79.0,33.0,31.5
2000-11-23,30.222221,3.544304,13.25,3.5333333,72.10714,60.89796,5.969697,73.0,80.0,32.4,31.5
2000-11-24,30.222221,2.9746835,12.25,3.2666667,71.35714,59.632652,5.4545455,71.5,79.0,32.2,31.5
2000-11-25,30.88889,2.607595,11.25,3.0,70.46429,58.387756,4.5151515,68.5,77.0,31.0,26.0
2000-11-26,33.666668,2.329114,9.75,2.6,69.0,56.7551,3.878788,66.5,76.0,29.6,24.0
2000-11-27,27.0,1.9620253,8.25,2.2,67.67857,55.285713,3.3636363,64.0,74.0,28.8,22.0
2000-11-28,31.444445,1.6202532,6.75,1.8,65.75,53.265305,3.2727273,65.0,77.0,28.2,21.0
2000-11-29,29.88889,1.3797468,4.75,1.2666667,63.357143,50.510204,1.969697,60.0,73.0,26.2,17.5
2000-11-30,30.222221,1.329114,4.25,1.1333333,76.21429,64.65306,3.3333333,89.0,100.0,41.0,42.0
2000-12-01,30.0,1.7848102,3.25,0.8666667,76.60714,64.591835,3.2121212,87.0,98.0,40.8,45.0
2000-12-02,30.0,1.772152,2.25,0.6,75.60714,63.122448,2.6666667,85.5,97.0,40.4,45.0
2000-12-03,29.333334,1.6962025,0.75,0.2,73.67857,60.469387,2.2424242,82.0,97.0,40.0,45.0
2000-12-04,28.666666,1.4810127,0.0,0.0,71.14286,57.89796,1.4242424,76.5,96.0,39.0,44.5
2000-12-05,27.666666,1.2911392,0.0,0.0,68.21429,54.489796,1.1818181,74.0,96.0,38.8,44.5
2000-12-06,26.555555,0.9493671,0.0,0.0,64.78571,50.836735,0.8787879,71.0,95.0,37.4,44.5
2000-12-07,25.555555,0.87341774,0.0,0.0,61.535713,48.061226,0.6363636,67.0,93.0,35.8,41.5
2000-12-08,25.444445,0.8607595,0.0,0.0,61.892857,48.10204,0.4848485,65.0,92.0,33.8,39.0
2000-12-09,25.444445,0.8607595,0.0,0.0,61.714287,48.204082,0.36363637,64.0,90.0,33.0,37.0
2000-12-10,25.444445,0.89873415,0.0,0.0,61.714287,48.163265,0.42424244,69.5,98.0,33.0,37.5
2000-12-11,25.555555,0.89873415,0.0,0.0,62.285713,48.469387,0.42424244,75.5,107.0,33.0,43.0
2000-12-12,32.88889,0.9240506,0.0,0.0,74.85714,59.265305,4.6666665,87.5,118.0,37.0,44.5
2000-12-13,32.88889,2.8481014,3.0,1.0666667,78.5,62.714287,5.939394,93.5,125.0,40.4,49.0
2000-12-14,55.555557,2.607595,1.5,0.6666667,85.57143,69.04082,19.09091,110.5,142.0,45.8,57.5
2000-12-15,56.555557,1.9113925,1.25,0.46666667,96.92857,80.04082,22.242424,143.0,177.0,59.2,68.5
2000-12-16,56.444443,1.278481,1.0,0.26666668,97.0,79.734695,21.212122,147.5,179.0,59.0,72.0
2000-12-17,57.0,0.96202534,0.0,0.0,95.75,77.408165,18.636364,148.0,179.0,59.0,75.5
2000-12-18,56.444443,0.84810126,0.0,0.0,94.42857,75.244896,19.060606,148.5,179.0,59.0,76.5
2000-12-19,56.11111,0.84810126,0.0,0.0,91.21429,71.42857,16.30303,148.5,180.0,59.0,77.0
2000-12-20,52.77778,0.8101266,0.0,0.0,88.96429,69.04082,14.333333,147.5,181.0,58.0,77.5
2000-12-21,50.0,0.75949365,0.0,0.0,86.78571,66.97959,12.272727,145.0,178.0,57.4,76.0
2000-12-22,48.22222,0.721519,0.0,0.0,85.60714,66.0,12.212121,144.5,178.0,57.2,77.0
2000-12-23,48.0,0.6962025,0.0,0.0,85.35714,65.755104,12.151515,144.0,178.0,57.6,76.5
2000-12-24,47.333332,0.6962025,0.0,0.0,85.14286,65.55102,12.363636,143.5,178.0,57.4,76.5
2000-12-25,47.22222,0.6962025,0.0,0.0,85.14286,65.55102,12.30303,143.5,178.0,57.4,78.0
2000-12-26,47.22222,0.6962025,0.0,0.0,84.82143,65.244896,11.878788,143.0,178.0,57.4,78.0
2000-12-27,46.77778,0.6708861,0.0,0.0,83.35714,63.877552,10.424242,138.5,177.0,57.4,78.5
2000-12-28,45.555557,0.6708861,0.0,0.0,82.03571,62.67347,9.757576,136.0,176.0,56.4,78.5
2000-12-29,42.77778,0.5949367,0.0,0.0,79.42857,60.163265,10.69697,130.5,172.0,55.0,78.5
2000-12-30,39.77778,0.5316456,0.0,0.0,76.67857,57.65306,9.363636,125.5,170.0,52.8,75.5
2000-12-31,37.88889,0.49367088,0.0,0.0,75.03571,56.163265,6.060606,119.0,166.0,50.6,73.0
2001-01-01,37.444443,0.49367088,0.0,0.0,74.07143,55.142857,5.6060605,115.5,165.0,49.6,72.0
2001-01-02,37.11111,0.48101267,0.0,0.0,73.35714,54.30612,3.969697,113.5,164.0,49.6,71.0
2001-01-03,36.555557,0.48101267,0.0,0.0,71.92857,52.836735,3.060606,110.5,163.0,48.6,70.0
2001-01-04,33.555557,0.43037975,0.0,0.0,68.28571,49.632652,2.121212,106.0,161.0,46.4,66.0
2001-01-05,29.777779,0.34177214,0.0,0.0,65.0,46.714287,1.2727273,102.0,159.0,43.0,62.0
2001-01-06,27.555555,0.32911393,0.0,0.0,63.214287,45.10204,0.969697,96.5,156.0,40.8,56.5
2001-01-07,26.777779,0.30379745,0.0,0.0,62.57143,44.510204,0.5151515,92.0,153.0,39.8,51.5
2001-01-08,27.11111,0.30379745,0.0,0.0,64.53571,45.530613,2.2727273,89.0,151.0,38.8,48.5
2001-01-09,31.11111,2.506329,0.75,0.6,72.46429,53.65306,10.606061,90.0,152.0,38.6,51.0
2001-01-10,33.666668,4.126582,1.0,0.8,92.35714,69.22449,16.545454,97.0,157.0,41.6,52.0
2001-01-11,79.0,31.8481,19.75,7.3333335,151.67857,132.08163,37.636364,119.0,176.0,62.8,68.0
2001-01-12,87.111115,53.265823,52.5,20.266666,158.85715,137.40816,42.484848,150.0,206.0,67.0,93.0
2001-01-13,87.22222,58.13924,62.25,23.466667,159.14285,138.55103,43.39394,150.0,208.0,67.2,93.5
2001-01-14,87.77778,59.21519,65.5,24.333334,159.07143,138.08163,44.636364,156.5,215.0,70.6,96.0
2001-01-15,88.666664,61.36709,71.75,26.2,159.53572,138.91837,44.636364,155.0,215.0,71.0,96.5
2001-01-16,91.0,63.83544,77.25,28.466667,160.64285,139.77551,44.666668,155.0,215.0,73.6,97.5
2001-01-17,91.44444,65.6076,80.75,29.733334,160.75,139.79591,44.636364,154.0,215.0,73.8,97.5
2001-01-18,91.44444,66.177216,83.25,30.4,160.96428,139.85715,44.575756,155.0,215.0,74.4,97.5
2001-01-19,91.44444,65.177216,80.5,28.866667,161.46428,139.53061,44.242424,158.5,218.0,77.0,98.0
2001-01-20,94.0,63.86076,77.0,27.2,162.0,137.38776,43.878788,157.5,219.0,79.2,98.0
2001-01-21,94.0,61.810127,72.5,25.8,161.57143,138.65306,43.696968,159.5,219.0,80.0,98.0
2001-01-22,94.0,60.3038,67.75,24.266666,162.25,138.28572,43.333332,162.0,217.0,78.8,96.5
2001-01-23,95.77778,58.658226,64.5,23.333334,167.17857,140.87755,42.242424,161.5,218.0,79.4,94.0
2001-01-24,105.333336,57.35443,61.5,22.4,195.53572,169.40816,53.272728,172.5,225.0,80.2,96.0
2001-01-25,109.333336,73.70886,77.5,32.533333,209.07143,182.91837,57.909092,181.5,236.0,84.8,103.0
2001-01-26,126.333336,77.75949,81.5,34.133335,221.89285,197.81633,77.393936,197.0,253.0,91.8,112.5
2001-01-27,127.77778,82.544304,85.25,36.333332,226.92857,203.83673,78.78788,205.0,263.0,94.4,121.0
2001-01-28,129.66667,87.96203,90.75,39.333332,226.96428,204.51021,78.48485,205.0,263.0,94.8,122.5
2001-01-29,120.55556,87.49367,93.0,39.133335,228.53572,206.10204,81.27273,208.0,266.0,95.2,125.0
2001-01-30,120.888885,87.417725,95.0,39.4,228.32143,206.06122,81.393936,213.0,272.0,97.0,128.0
2001-01-31,118.55556,87.379745,98.0,39.8,209.96428,182.08163,81.36364,212.5,274.0,97.0,128.0
2001-02-01,120.0,87.303795,96.75,38.266666,231.71428,209.08163,80.606064,211.5,274.0,97.0,127.5
2001-02-02,121.333336,84.75949,90.75,33.8,231.75,208.42857,79.21212,216.5,281.0,99.6,129.0
2001-02-03,117.44444,79.822784,82.25,30.866667,231.39285,205.18367,77.72727,217.0,280.0,98.6,127.5
2001-02-04,115.888885,72.101265,69.0,26.666666,232.0,200.7347,74.42424,214.5,276.0,95.2,119.5
2001-02-05,165.88889,61.97468,54.0,21.733334,233.53572,197.2449,67.30303,210.0,271.0,90.0,111.5
2001-02-06,109.55556,53.50633,46.0,18.8,237.96428,197.0,65.333336,204.5,267.0,86.8,108.5
2001-02-07,120.55556,53.468353,46.0,18.866667,241.10715,201.04082,65.78788,209.5,269.0,89.0,109.5
2001-02-08,128.22223,55.79747,51.0,22.066668,242.10715,201.63266,65.666664,207.5,269.0,89.8,111.5
2001-02-09,127.888885,55.708862,52.75,22.466667,250.25,207.53061,68.36364,215.0,275.0,91.4,113.0
2001-02-10,155.33333,57.759495,56.25,22.266666,278.7143,236.2653,95.121216,243.5,303.0,103.6,132.0
2001-02-11,160.66667,66.01266,79.25,34.666668,309.85715,272.38776,122.030304,280.0,341.0,116.2,158.0
2001-02-12,198.11111,96.03797,108.5,50.866665,328.60715,291.36734,133.93939,308.5,373.0,129.4,178.5
2001-02-13,200.88889,108.101265,129.0,57.6,335.82144,296.30612,135.12122,312.0,376.0,132.6,180.0
2001-02-14,219.77777,125.94936,142.75,65.26667,342.35715,305.14285,134.81818,312.5,379.0,133.6,180.0
2001-02-15,215.66667,129.01266,145.75,66.13333,343.2857,307.2245,134.45454,312.5,380.0,133.4,180.5
2001-02-16,221.11111,131.08861,149.25,66.0,345.9643,310.10205,134.72728,312.5,383.0,133.2,182.5
2001-02-17,217.11111,130.18988,149.25,65.333336,347.4643,307.57144,133.48485,312.5,382.0,133.6,182.5
2001-02-18,173.33333,129.87341,148.75,63.2,346.9643,305.40817,137.84848,313.5,384.0,133.6,182.0
2001-02-19,185.77777,130.56963,148.25,61.933334,356.75,310.69388,142.63637,317.5,390.0,135.8,183.0
2001-02-20,220.44444,134.58228,157.0,64.13333,376.67856,331.61224,156.33333,341.0,413.0,146.0,195.0
2001-02-21,212.0,134.37975,157.75,63.266666,381.2857,333.5306,168.54546,354.0,428.0,147.8,202.0
2001-02-22,216.66667,132.72151,156.25,61.466667,387.75,337.73468,181.54546,374.5,452.0,158.4,221.5
2001-02-23,219.0,135.50633,163.75,62.6,405.82144,367.67346,193.66667,392.0,469.0,168.2,236.5
2001-02-24,227.11111,135.81012,168.0,64.86667,414.25,375.10205,198.30302,400.5,475.0,172.2,238.0
2001-02-25,233.0,170.7848,204.25,79.4,435.0,398.67346,212.48485,414.5,494.0,182.4,253.5
2001-02-26,242.11111,182.39241,204.0,77.8,435.39285,397.36734,211.63637,426.5,509.0,183.6,255.0
2001-02-27,246.77777,183.58228,204.5,77.2,432.75,393.7143,207.21213,426.5,509.0,182.6,255.5
2001-02-28,248.11111,187.08861,201.0,74.666664,429.7857,382.4694,202.24243,426.5,509.0,183.0,255.0
2001-03-01,289.0,187.7848,206.0,76.26667,434.7857,391.12244,202.81818,425.5,510.0,182.2,258.0
2001-03-02,290.8889,187.64557,206.25,75.666664,437.42856,395.91837,209.42424,430.0,511.0,185.0,260.5
2001-03-03,295.22223,187.40506,208.25,76.26667,444.7857,403.06122,208.36363,436.0,522.0,184.4,263.5
2001-03-04,300.77777,187.0,206.75,75.333336,452.67856,411.4694,220.93939,445.0,529.0,191.2,268.0
2001-03-05,341.33334,190.53165,208.25,75.8,492.07144,449.61224,237.42424,463.5,555.0,209.2,298.0
2001-03-06,363.8889,188.59494,204.75,74.13333,505.7857,460.5102,235.72728,486.5,582.0,224.8,313.0
2001-03-07,370.22223,191.39241,202.5,73.4,508.9643,461.5306,230.57576,482.5,580.0,222.4,310.5
2001-03-08,369.66666,187.40506,196.0,71.333336,510.85715,461.44897,227.0303,482.5,575.0,218.8,304.0
2001-03-09,368.0,181.83545,183.5,67.46667,513.0357,461.26532,225.87878,482.5,574.0,215.8,303.0
2001-03-10,375.8889,184.07594,185.0,68.26667,516.5,464.10205,218.60606,485.5,575.0,219.4,306.5
2001-03-11,380.0,183.74684,187.0,69.2,507.85715,452.42856,206.66667,486.0,576.0,219.0,306.0
2001-03-12,377.8889,182.62025,186.75,69.066666,509.14285,451.89795,201.75757,487.0,578.0,218.2,306.0
2001-03-13,381.22223,181.27849,180.0,67.066666,508.89285,450.2857,192.09091,484.0,577.0,217.4,302.0
2001-03-14,378.33334,175.56963,166.25,62.733334,510.7857,448.36734,178.72728,481.0,572.0,212.8,295.0
2001-03-15,374.66666,167.25316,152.25,58.4,511.5357,446.30612,162.87878,479.0,569.0,208.6,290.0
2001-03-16,374.55554,163.37975,140.0,54.733334,511.75,444.9592,163.36363,478.5,567.0,206.8,288.0
2001-03-17,371.1111,159.20253,134.25,53.0,511.89285,444.16327,156.48485,476.5,567.0,202.8,285.0
2001-03-18,367.66666,153.34177,125.25,50.066666,512.3929,441.85715,149.30302,461.5,555.0,197.6,276.0
2001-03-19,359.55554,141.9367,112.75,45.4,512.8214,435.7143,139.9697,444.5,545.0,187.0,261.5
2001-03-20,353.8889,129.3671,112.5,42.533333,510.42856,428.42856,122.181816,420.5,530.0,172.8,244.5
2001-03-21,343.66666,113.49367,112.25,40.0,508.75,423.34692,113.30303,399.5,513.0,159.4,230.0
2001-03-22,333.22223,99.79747,107.0,36.266666,505.57144,417.8163,110.030304,372.0,494.0,146.0,211.5
2001-03-23,326.55554,88.75949,103.5,33.466667,503.4643,413.73468,96.818184,351.0,477.0,137.8,195.0
2001-03-24,317.1111,75.92405,98.75,30.133333,500.82144,408.97958,82.878784,332.0,461.0,127.8,174.5
2001-03-25,310.1111,65.44304,94.5,27.066668,496.7143,403.85715,70.666664,318.5,446.0,118.4,161.5
2001-03-26,302.66666,58.050632,93.25,25.733334,492.89285,398.59183,68.69697,311.5,435.0,114.0,154.5
2001-03-27,295.8889,51.012657,92.0,24.533333,488.35715,392.40817,60.303032,298.5,422.0,108.2,144.0
2001-03-28,288.66666,42.544304,87.5,23.333334,482.25,383.67346,51.878788,281.5,403.0,100.6,123.5
2001-03-29,276.66666,32.92405,82.75,22.066668,473.9643,372.20407,43.757576,249.0,375.0,86.8,96.0
2001-03-30,270.55554,27.518988,73.0,19.466667,466.42856,361.16327,36.545456,232.5,354.0,79.2,80.5
2001-03-31,262.66666,22.41772,57.5,15.333333,456.7857,346.91837,28.333334,212.0,332.0,69.0,69.0
2001-04-01,205.33333,17.784811,47.5,12.666667,448.60715,334.55103,19.575758,190.0,312.0,56.4,57.0
2001-04-02,202.11111,15.367088,44.25,11.8,444.2857,329.69388,17.636364,178.0,297.0,49.6,51.0
2001-04-03,202.22223,15.367088,44.25,11.8,444.10715,329.34692,17.848484,179.5,295.0,48.4,52.0
2001-04-04,202.11111,15.367088,44.25,11.866667,443.25,328.93878,17.363636,181.0,301.0,48.4,53.5
2001-04-05,242.66667,15.35443,44.25,11.8,441.67856,328.1837,19.030304,181.5,302.0,48.4,53.0
2001-04-06,249.33333,15.35443,44.25,11.8,446.7857,332.16327,17.636364,184.5,309.0,48.6,52.0
2001-04-07,293.0,20.911392,46.5,12.8,466.7857,349.7755,31.060606,198.5,317.0,52.8,59.5
2001-04-08,318.44446,38.987343,104.75,45.333332,482.67856,363.79593,32.0,230.0,349.0,68.0,82.5
2001-04-09,321.66666,42.83544,118.25,50.6,483.92856,365.0408,35.303032,240.0,361.0,70.4,88.5
2001-04-10,326.66666,46.151897,123.5,52.8,485.0,365.42856,34.303032,243.5,368.0,75.2,90.5
2001-04-11,327.22223,47.151897,124.25,50.666668,487.0357,367.08163,31.757576,249.5,375.0,76.6,92.0
2001-04-12,312.1111,46.253166,124.0,48.533333,498.32144,379.59183,37.60606,262.0,388.0,83.6,98.0
2001-04-13,313.0,44.822784,120.25,43.933334,499.42856,380.32654,42.303032,263.5,393.0,85.8,102.5
2001-04-14,301.0,43.151897,115.75,38.666668,499.17856,380.4898,34.78788,263.5,390.0,84.0,102.0
2001-04-15,257.22223,40.64557,106.25,33.533333,499.42856,379.85715,31.757576,272.0,389.0,83.0,102.0
2001-04-16,252.22223,32.329113,93.0,28.533333,493.42856,374.1837,26.757576,270.0,378.0,79.4,93.0
2001-04-17,239.88889,20.468355,84.25,23.133333,486.07144,362.8163,19.757576,256.0,362.0,69.0,77.0
2001-04-18,235.0,15.898734,68.25,18.2,479.17856,354.2857,16.181818,231.0,343.0,63.0,66.0
2001-04-19,237.33333,11.64557,58.75,15.666667,486.89285,357.2449,16.30303,223.0,337.0,61.6,62.5
2001-04-20,307.33334,13.177216,62.75,16.733334,515.5,384.67346,32.484848,262.5,361.0,65.4,80.5
2001-04-21,329.1111,28.962025,92.0,26.4,527.0,392.20407,34.242424,295.5,392.0,81.0,100.5
2001-04-22,291.77777,32.822784,99.5,29.266666,559.6786,429.26532,27.515152,292.5,393.0,86.6,99.5
2001-04-23,279.8889,27.41772,94.25,27.8,560.1429,430.12244,20.181818,293.0,387.0,86.4,95.0
2001-04-24,306.1111,17.518988,76.75,20.666666,537.75,402.5102,17.30303,271.0,367.0,78.4,75.5
2001-04-25,284.22223,12.025316,64.75,17.266666,520.7857,381.7143,9.606061,227.5,338.0,67.2,55.0
2001-04-26,273.22223,9.64557,53.0,14.133333,500.4643,360.40817,5.090909,182.0,303.0,49.0,35.0
2001-04-27,261.33334,5.962025,43.75,11.666667,482.7857,344.14285,3.5454545,149.0,270.0,33.8,18.0
2001-04-28,254.88889,3.78481,36.5,9.733334,458.14285,325.5306,2.5454545,125.0,244.0,23.8,7.0
2001-04-29,252.0,3.1265824,33.25,8.866667,444.2143,316.0408,2.2424242,119.5,238.0,21.8,5.5
2001-04-30,244.88889,2.329114,27.5,7.3333335,427.67856,303.5102,1.4848485,100.0,210.0,13.8,0.0
2001-05-01,234.11111,1.5822785,20.25,5.4,395.14285,279.69388,0.21212122,66.5,178.0,3.4,0.0
2001-05-02,222.33333,0.96202534,13.25,3.5333333,365.7143,257.36734,0.0,43.0,152.0,0.4,0.0
2001-05-03,222.66667,0.9493671,11.25,3.0,350.57144,246.95918,0.0,41.5,146.0,4.0,0.0
2001-05-04,222.44444,0.9493671,9.0,2.4,336.25,236.57143,0.0,37.0,137.0,4.2,0.0
2001-05-05,217.33333,0.84810126,4.75,1.2666667,316.0357,220.79591,0.0,23.0,117.0,1.2,0.0
2001-05-06,207.22223,0.6708861,0.0,0.0,285.60715,199.57143,0.0,11.0,99.0,0.0,0.0
2001-05-07,193.88889,0.39240506,0.0,0.0,250.32143,176.69388,0.0,0.0,78.0,0.0,0.0
2001-05-08,175.66667,0.0,0.0,0.0,227.0,158.7347,0.0,0.0,50.0,0.0,0.0
2001-05-09,159.77777,0.0,0.0,0.0,206.85715,142.44897,0.0,0.0,19.0,0.0,0.0
2001-05-10,145.44444,0.0,0.0,0.0,185.71428,125.02041,0.0,0.0,0.0,0.0,0.0
2001-05-11,131.66667,0.0,0.0,0.0,181.85715,118.16327,0.0,0.0,0.0,0.0,0.0
2001-05-12,118.0,0.0,0.0,0.0,162.64285,103.081635,0.0,0.0,0.0,0.0,0.0
2001-05-13,107.55556,0.0,0.0,0.0,152.57143,95.53061,0.0,0.0,0.0,0.0,0.0
2001-05-14,95.111115,0.0,0.0,0.0,145.42857,90.28571,0.0,0.0,0.0,0.0,0.0
2001-05-15,78.44444,0.0,0.0,0.0,137.57143,84.34694,0.0,0.0,0.0,0.0,0.0
2001-05-16,68.0,0.0,0.0,0.0,130.85715,78.95918,0.0,0.0,0.0,0.0,0.0
2001-05-17,59.666668,0.0,0.0,0.0,117.46429,69.67347,0.0,0.0,0.0,0.0,0.0
2001-05-18,51.444443,0.0,0.0,0.0,104.57143,60.857143,0.0,0.0,0.0,0.0,0.0
2001-05-19,42.444443,0.0,0.0,0.0,91.07143,52.040817,0.0,0.0,0.0,0.0,0.0
2001-05-20,31.666666,0.0,0.0,0.0,77.14286,44.081635,0.0,0.0,0.0,0.0,0.0
2001-05-21,22.88889,0.0,0.0,0.0,61.32143,35.040817,0.0,0.0,0.0,0.0,0.0
2001-05-22,14.333333,0.0,0.0,0.0,46.464287,26.55102,0.0,0.0,0.0,0.0,0.0
2001-05-23,9.666667,0.0,0.0,0.0,33.214287,18.979591,0.0,0.0,0.0,0.0,0.0
2001-05-24,4.4444447,0.0,0.0,0.0,23.571428,13.469388,0.0,0.0,0.0,0.0,0.0
2001-05-25,0.0,0.0,0.0,0.0,16.392857,9.367347,0.0,0.0,0.0,0.0,0.0
2001-05-26,0.0,0.0,0.0,0.0,12.071428,6.897959,0.0,0.0,0.0,0.0,0.0
2001-05-27,0.0,0.0,0.0,0.0,9.607142,5.4897957,0.0,0.0,0.0,0.0,0.0
2001-05-28,0.0,0.0,0.0,0.0,7.714286,4.408163,0.0,0.0,0.0,0.0,0.0
2001-05-29,0.0,0.0,0.0,0.0,6.178571,3.5306122,0.0,0.0,0.0,0.0,0.0
2001-05-30,0.0,0.0,0.0,0.0,4.357143,2.489796,0.0,0.0,0.0,0.0,0.0
2001-05-31,0.0,0.0,0.0,0.0,3.0357144,1.7346939,0.0,0.0,0.0,0.0,0.0
2001-06-01,0.0,0.0,0.0,0.0,1.7857143,1.0204082,0.0,0.0,0.0,0.0,0.0
2001-06-02,0.0,0.0,0.0,0.0,0.89285713,0.5102041,0.0,0.0,0.0,0.0,0.0
2001-06-03,0.0,0.0,0.0,0.0,0.6785714,0.3877551,0.0,0.0,0.0,0.0,0.0
2001-06-04,0.0,0.0,0.0,0.0,0.53571427,0.30612245,0.0,0.0,0.0,0.0,0.0
2001-06-05,0.0,0.0,0.0,0.0,0.2857143,0.1632653,0.0,0.0,0.0,0.0,0.0
2001-06-06,0.0,0.0,0.0,0.0,0.0,0.0,0.0,0.0,0.0,0.0,0.0
2001-06-07,0.0,0.0,0.0,0.0,0.0,0.0,0.0,0.0,0.0,0.0,0.0
2001-06-08,0.0,0.0,0.0,0.0,0.0,0.0,0.0,0.0,0.0,0.0,0.0
2001-06-09,0.0,0.0,0.0,0.0,0.0,0.0,0.0,0.0,0.0,0.0,0.0
2001-06-10,0.0,0.0,0.0,0.0,0.0,0.0,0.0,0.0,0.0,0.0,0.0
2001-06-11,0.0,0.0,0.0,0.0,0.0,0.0,0.0,0.0,0.0,0.0,0.0
2001-06-12,0.0,0.0,0.0,0.0,0.0,0.0,0.0,0.0,0.0,0.0,0.0
2001-06-13,0.0,0.0,0.0,0.0,0.0,0.0,0.0,0.0,0.0,0.0,0.0
2001-06-14,0.0,0.0,0.0,0.0,0.0,0.0,0.0,0.0,0.0,0.0,0.0
2001-06-15,0.0,0.0,0.0,0.0,0.0,0.0,0.0,0.0,0.0,0.0,0.0
2001-06-16,0.0,0.0,0.0,0.0,0.0,0.0,0.0,0.0,0.0,0.0,0.0
2001-06-17,0.0,0.0,0.0,0.0,0.0,0.0,0.0,0.0,0.0,0.0,0.0
2001-06-18,0.0,0.0,0.0,0.0,0.0,0.0,0.0,0.0,0.0,0.0,0.0
2001-06-19,0.0,0.0,0.0,0.0,0.0,0.0,0.0,0.0,0.0,0.0,0.0
2001-06-20,0.0,0.0,0.0,0.0,0.0,0.0,0.0,0.0,0.0,0.0,0.0
2001-06-21,0.0,0.0,0.0,0.0,0.0,0.0,0.0,0.0,0.0,0.0,0.0
2001-06-22,0.0,0.0,0.0,0.0,0.0,0.0,0.0,0.0,0.0,0.0,0.0
2001-06-23,0.0,0.0,0.0,0.0,0.0,0.0,0.0,0.0,0.0,0.0,0.0
2001-06-24,0.0,0.0,0.0,0.0,0.0,0.0,0.0,0.0,0.0,0.0,0.0
2001-06-25,0.0,0.0,0.0,0.0,0.0,0.0,0.0,0.0,0.0,0.0,0.0
2001-06-26,0.0,0.0,0.0,0.0,0.0,0.0,0.0,0.0,0.0,0.0,0.0
2001-06-27,0.0,0.0,0.0,0.0,0.0,0.0,0.0,0.0,0.0,0.0,0.0
2001-06-28,0.0,0.0,0.0,0.0,0.0,0.0,0.0,0.0,0.0,0.0,0.0
2001-06-29,0.0,0.0,0.0,0.0,0.0,0.0,0.0,0.0,0.0,0.0,0.0
2001-06-30,0.0,0.0,0.0,0.0,0.0,0.0,0.0,0.0,0.0,0.0,0.0
2001-07-01,0.0,0.0,0.0,0.0,0.0,0.0,0.0,0.0,0.0,0.0,0.0
2001-07-02,0.0,0.0,0.0,0.0,0.0,0.0,0.0,0.0,0.0,0.0,0.0
2001-07-03,0.0,0.0,0.0,0.0,0.0,0.0,0.0,0.0,0.0,0.0,0.0
2001-07-04,0.0,0.0,0.0,0.0,0.0,0.0,0.0,0.0,0.0,0.0,0.0
2001-07-05,0.0,0.0,0.0,0.0,0.0,0.0,0.0,0.0,0.0,0.0,0.0
2001-07-06,0.0,0.0,0.0,0.0,0.0,0.0,0.0,0.0,0.0,0.0,0.0
2001-07-07,0.0,0.0,0.0,0.0,0.0,0.0,0.0,0.0,0.0,0.0,0.0
2001-07-08,0.0,0.0,0.0,0.0,0.0,0.0,0.0,0.0,0.0,0.0,0.0
2001-07-09,0.0,0.0,0.0,0.0,0.0,0.0,0.0,0.0,0.0,0.0,0.0
2001-07-10,0.0,0.0,0.0,0.0,0.0,0.0,0.0,0.0,0.0,0.0,0.0
2001-07-11,0.0,0.0,0.0,0.0,0.0,0.0,0.0,0.0,0.0,0.0,0.0
2001-07-12,0.0,0.0,0.0,0.0,0.0,0.0,0.0,0.0,0.0,0.0,0.0
2001-07-13,0.0,0.0,0.0,0.0,0.0,0.0,0.0,0.0,0.0,0.0,0.0
2001-07-14,0.0,0.0,0.0,0.0,0.0,0.0,0.0,0.0,0.0,0.0,0.0
2001-07-15,0.0,0.0,0.0,0.0,0.0,0.0,0.0,0.0,0.0,0.0,0.0
2001-07-16,0.0,0.0,0.0,0.0,0.0,0.0,0.0,0.0,0.0,0.0,0.0
2001-07-17,0.0,0.0,0.0,0.0,0.0,0.0,0.0,0.0,0.0,0.0,0.0
2001-07-18,0.0,0.0,0.0,0.0,0.0,0.0,0.0,0.0,0.0,0.0,0.0
2001-07-19,0.0,0.0,0.0,0.0,0.0,0.0,0.0,0.0,0.0,0.0,0.0
2001-07-20,0.0,0.0,0.0,0.0,0.0,0.0,0.0,0.0,0.0,0.0,0.0
2001-07-21,0.0,0.0,0.0,0.0,0.0,0.0,0.0,0.0,0.0,0.0,0.0
2001-07-22,0.0,0.0,0.0,0.0,0.0,0.0,0.0,0.0,0.0,0.0,0.0
2001-07-23,0.0,0.0,0.0,0.0,0.0,0.0,0.0,0.0,0.0,0.0,0.0
2001-07-24,0.0,0.0,0.0,0.0,0.0,0.0,0.0,0.0,0.0,0.0,0.0
2001-07-25,0.0,0.0,0.0,0.0,0.0,0.0,0.0,0.0,0.0,0.0,0.0
2001-07-26,0.0,0.0,0.0,0.0,0.0,0.0,0.0,0.0,0.0,0.0,0.0
2001-07-27,0.0,0.0,0.0,0.0,0.0,0.0,0.0,0.0,0.0,0.0,0.0
2001-07-28,0.0,0.0,0.0,0.0,0.0,0.0,0.0,0.0,0.0,0.0,0.0
2001-07-29,0.0,0.0,0.0,0.0,0.0,0.0,0.0,0.0,0.0,0.0,0.0
2001-07-30,0.0,0.0,0.0,0.0,0.0,0.0,0.0,0.0,0.0,0.0,0.0
2001-07-31,0.0,0.0,0.0,0.0,0.0,0.0,0.0,0.0,0.0,0.0,0.0
2001-08-01,0.0,0.0,0.0,0.0,0.0,0.0,0.0,0.0,0.0,0.0,0.0
2001-08-02,0.0,0.0,0.0,0.0,0.0,0.0,0.0,0.0,0.0,0.0,0.0
2001-08-03,0.0,0.0,0.0,0.0,0.0,0.0,0.0,0.0,0.0,0.0,0.0
2001-08-04,0.0,0.0,0.0,0.0,0.0,0.0,0.0,0.0,0.0,0.0,0.0
2001-08-05,0.0,0.0,0.0,0.0,0.0,0.0,0.0,0.0,0.0,0.0,0.0
2001-08-06,0.0,0.0,0.0,0.0,0.0,0.0,0.0,0.0,0.0,0.0,0.0
2001-08-07,0.0,0.0,0.0,0.0,0.0,0.0,0.0,0.0,0.0,0.0,0.0
2001-08-08,0.0,0.0,0.0,0.0,0.0,0.0,0.0,0.0,0.0,0.0,0.0
2001-08-09,0.0,0.0,0.0,0.0,0.0,0.0,0.0,0.0,0.0,0.0,0.0
2001-08-10,0.0,0.0,0.0,0.0,0.0,0.0,0.0,0.0,0.0,0.0,0.0
2001-08-11,0.0,0.0,0.0,0.0,0.0,0.0,0.0,0.0,0.0,0.0,0.0
2001-08-12,0.0,0.0,0.0,0.0,0.0,0.0,0.0,0.0,0.0,0.0,0.0
2001-08-13,0.0,0.0,0.0,0.0,0.0,0.0,0.0,0.0,0.0,0.0,0.0
2001-08-14,0.0,0.0,0.0,0.0,0.0,0.0,0.0,0.0,0.0,0.0,0.0
2001-08-15,0.0,0.0,0.0,0.0,0.0,0.0,0.0,0.0,0.0,0.0,0.0
2001-08-16,0.0,0.0,0.0,0.0,0.0,0.0,0.0,0.0,0.0,0.0,0.0
2001-08-17,0.0,0.0,0.0,0.0,0.0,0.0,0.0,0.0,0.0,0.0,0.0
2001-08-18,0.0,0.0,0.0,0.0,0.0,0.0,0.0,0.0,0.0,0.0,0.0
2001-08-19,0.0,0.0,0.0,0.0,0.0,0.0,0.0,0.0,0.0,0.0,0.0
2001-08-20,0.0,0.0,0.0,0.0,0.0,0.0,0.0,0.0,0.0,0.0,0.0
2001-08-21,0.0,0.0,0.0,0.0,0.0,0.0,0.0,0.0,0.0,0.0,0.0
2001-08-22,0.0,0.0,0.0,0.0,0.0,0.0,0.0,0.0,0.0,0.0,0.0
2001-08-23,0.0,0.0,0.0,0.0,0.0,0.0,0.0,0.0,0.0,0.0,0.0
2001-08-24,0.0,0.0,0.0,0.0,0.0,0.0,0.0,0.0,0.0,0.0,0.0
2001-08-25,0.0,0.0,0.0,0.0,0.0,0.0,0.0,0.0,0.0,0.0,0.0
2001-08-26,0.0,0.0,0.0,0.0,0.0,0.0,0.0,0.0,0.0,0.0,0.0
2001-08-27,0.0,0.0,0.0,0.0,0.0,0.0,0.0,0.0,0.0,0.0,0.0
2001-08-28,0.0,0.0,0.0,0.0,0.0,0.0,0.0,0.0,0.0,0.0,0.0
2001-08-29,0.0,0.0,0.0,0.0,0.0,0.0,0.0,0.0,0.0,0.0,0.0
2001-08-30,0.0,0.0,0.0,0.0,0.0,0.0,0.0,0.0,0.0,0.0,0.0
2001-08-31,0.0,0.0,0.0,0.0,0.0,0.0,0.0,0.0,0.0,0.0,0.0
2001-09-01,0.0,0.0,0.0,0.0,0.0,0.0,0.0,0.0,0.0,0.0,0.0
2001-09-02,0.0,0.0,0.0,0.0,0.0,0.0,0.0,0.0,0.0,0.0,0.0
2001-09-03,0.0,0.0,0.0,0.0,0.0,0.0,0.0,0.0,0.0,0.0,0.0
2001-09-04,0.0,0.0,0.0,0.0,0.0,0.0,0.0,0.0,0.0,0.0,0.0
2001-09-05,0.0,0.0,0.0,0.0,0.0,0.0,0.0,0.0,0.0,0.0,0.0
2001-09-06,0.0,0.0,0.0,0.0,0.0,0.0,0.0,0.0,0.0,0.0,0.0
2001-09-07,0.0,0.0,0.0,0.0,0.0,0.0,0.0,0.0,0.0,0.0,0.0
2001-09-08,0.0,0.0,0.0,0.0,0.0,0.0,0.0,0.0,0.0,0.0,0.0
2001-09-09,0.0,0.0,0.0,0.0,0.0,0.0,0.0,0.0,0.0,0.0,0.0
2001-09-10,0.0,0.0,0.0,0.0,0.0,0.0,0.0,0.0,0.0,0.0,0.0
2001-09-11,0.0,0.0,0.0,0.0,0.0,0.0,0.0,0.0,0.0,0.0,0.0
2001-09-12,0.0,0.0,0.0,0.0,0.0,0.0,0.0,0.0,0.0,0.0,0.0
2001-09-13,0.0,0.0,0.0,0.0,0.0,0.0,0.0,0.0,0.0,0.0,0.0
2001-09-14,0.0,0.0,0.0,0.0,0.0,0.0,0.0,0.0,0.0,0.0,0.0
2001-09-15,0.0,0.0,0.0,0.0,0.0,0.0,0.0,0.0,0.0,0.0,0.0
2001-09-16,0.0,0.0,0.0,0.0,0.0,0.0,0.0,0.0,0.0,0.0,0.0
2001-09-17,0.0,0.0,0.0,0.0,0.0,0.0,0.0,0.0,0.0,0.0,0.0
2001-09-18,0.0,0.0,0.0,0.0,0.0,0.0,0.0,0.0,0.0,0.0,0.0
2001-09-19,0.0,0.0,0.0,0.0,0.0,0.0,0.0,0.0,0.0,0.0,0.0
2001-09-20,0.0,0.0,0.0,0.0,0.0,0.0,0.0,0.0,0.0,0.0,0.0
2001-09-21,0.0,0.0,0.0,0.0,0.0,0.0,0.0,0.0,0.0,0.0,0.0
2001-09-22,0.0,0.0,0.0,0.0,0.0,0.0,0.0,0.0,0.0,0.0,0.0
2001-09-23,0.0,0.0,0.0,0.0,0.0,0.0,0.0,0.0,0.0,0.0,0.0
2001-09-24,0.0,0.0,0.0,0.0,0.0,0.0,0.0,0.0,0.0,0.0,0.0
2001-09-25,0.0,0.0,0.0,0.0,0.0,0.0,0.0,0.0,0.0,0.0,0.0
2001-09-26,0.0,0.0,0.0,0.0,0.0,0.0,0.0,0.0,0.0,0.0,0.0
2001-09-27,0.0,0.0,0.0,0.0,0.0,0.0,0.0,0.0,0.0,0.0,0.0
2001-09-28,0.0,0.0,0.0,0.0,0.0,0.0,0.0,0.0,0.0,0.0,0.0
2001-09-29,0.0,0.0,0.0,0.0,0.0,0.0,0.0,0.0,0.0,0.0,0.0
2001-09-30,0.0,0.0,0.0,0.0,0.0,0.0,0.0,0.0,0.0,0.0,0.0
2001-10-01,0.0,0.0,0.0,0.0,0.0,0.0,0.0,0.0,0.0,0.0,0.0
2001-10-02,0.0,0.0,0.0,0.0,0.0,0.0,0.0,0.0,0.0,0.0,0.0
2001-10-03,0.0,0.0,0.0,0.0,0.0,0.0,0.0,0.0,0.0,0.0,0.0
2001-10-04,0.0,0.0,0.0,0.0,0.0,0.0,0.0,0.0,0.0,0.0,0.0
2001-10-05,0.0,0.0,0.0,0.0,0.0,0.0,0.0,0.0,0.0,0.0,0.0
2001-10-06,0.0,0.0,0.0,0.0,0.0,0.0,0.0,0.0,0.0,0.0,0.0
2001-10-07,0.0,0.0,0.0,0.0,0.0,0.0,0.0,0.0,0.0,0.0,0.0
2001-10-08,0.0,0.0,0.0,0.0,0.0,0.0,0.0,0.0,0.0,0.0,0.0
2001-10-09,0.0,0.0,0.0,0.0,0.0,0.0,0.0,0.0,0.0,0.0,0.0
2001-10-10,0.0,0.0,0.0,0.0,0.0,0.0,0.0,0.0,0.0,0.0,0.0
2001-10-11,0.0,0.0,0.0,0.0,0.0,0.0,0.0,0.0,0.0,0.0,0.0
2001-10-12,0.0,0.0,0.0,0.0,0.0,0.0,0.0,0.0,0.0,0.0,0.0
2001-10-13,0.0,0.0,0.0,0.0,0.0,0.0,0.0,0.0,0.0,0.0,0.0
2001-10-14,0.0,0.0,0.0,0.0,0.0,0.0,0.0,0.0,0.0,0.0,0.0
2001-10-15,0.0,0.0,0.0,0.0,0.0,0.0,0.0,0.0,0.0,0.0,0.0
2001-10-16,0.0,0.0,0.0,0.0,0.0,0.0,0.0,0.0,0.0,0.0,0.0
2001-10-17,0.0,0.0,0.0,0.0,0.0,0.0,0.0,0.0,0.0,0.0,0.0
2001-10-18,0.0,0.0,0.0,0.0,0.0,0.0,0.0,0.0,0.0,0.0,0.0
2001-10-19,0.0,0.0,0.0,0.0,0.0,0.0,0.0,0.0,0.0,0.0,0.0
2001-10-20,0.0,0.0,0.0,0.0,0.0,0.0,0.0,0.0,0.0,0.0,0.0
2001-10-21,0.0,0.0,0.0,0.0,0.0,0.0,0.0,0.0,0.0,0.0,0.0
2001-10-22,0.0,0.0,0.0,0.0,0.0,0.0,0.0,0.0,0.0,0.0,0.0
2001-10-23,0.0,0.0,0.0,0.0,0.0,0.0,0.0,0.0,0.0,0.0,0.0
2001-10-24,0.0,0.0,0.0,0.0,0.0,0.0,0.0,0.0,0.0,0.0,0.0
2001-10-25,0.0,0.0,0.0,0.0,0.0,0.0,0.0,0.0,0.0,0.0,0.0
2001-10-26,0.0,0.0,0.0,0.0,0.0,0.0,0.0,0.0,0.0,0.0,0.0
2001-10-27,0.0,0.0,0.0,0.0,0.0,0.0,0.0,0.0,0.0,0.0,0.0
2001-10-28,0.0,0.0,0.0,0.0,0.0,0.0,0.0,0.0,0.0,0.0,0.0
2001-10-29,0.0,0.0,0.0,0.0,0.0,0.0,0.0,0.0,0.0,0.0,0.0
2001-10-30,0.0,0.0,0.0,0.0,4.428571,2.6122448,0.0,0.0,0.0,0.0,0.0
2001-10-31,8.444445,0.9746835,8.25,2.2,18.892857,15.755102,0.0,0.5,0.0,4.6,0.0
2001-11-01,8.777778,0.84810126,7.0,1.8666667,19.75,15.734694,0.0,0.0,0.0,3.2,0.0
2001-11-02,9.333333,0.29113925,3.75,1.0,18.892857,14.122449,0.0,0.0,0.0,1.4,0.0
2001-11-03,7.7777777,0.088607594,0.25,0.06666667,17.321428,12.653061,0.0,0.0,0.0,0.6,0.0
2001-11-04,4.888889,0.0,0.0,0.0,14.071428,10.102041,0.0,0.0,0.0,0.0,0.0
2001-11-05,1.7777778,0.0,0.0,0.0,9.214286,6.285714,0.0,0.0,0.0,0.0,0.0
2001-11-06,0.0,0.0,0.0,0.0,6.392857,4.0816326,0.0,0.0,0.0,0.0,0.0
2001-11-07,0.0,0.0,0.0,0.0,5.428571,3.367347,0.0,0.0,0.0,0.0,0.0
2001-11-08,0.0,0.0,0.0,0.0,4.678571,2.7346938,0.0,0.0,0.0,0.0,0.0
2001-11-09,0.0,0.0,0.0,0.0,3.5714285,2.0408163,0.0,0.0,0.0,0.0,0.0
2001-11-10,0.0,0.0,0.0,0.0,3.142857,1.7959183,0.0,0.0,0.0,0.0,0.0
2001-11-11,0.0,0.0,0.0,0.0,4.142857,2.510204,0.0,0.0,0.0,0.0,0.0
2001-11-12,1.4444444,0.0,0.0,0.0,8.5,5.571429,0.0,0.0,0.0,0.0,0.0
2001-11-13,12.888889,4.3037972,7.0,1.8666667,28.964285,27.816326,0.33333334,9.5,12.0,5.4,0.0
2001-11-14,12.888889,3.8101265,10.75,2.8666666,33.0,30.020409,0.36363637,14.0,17.0,6.2,0.0
2001-11-15,11.666667,2.6962025,9.75,2.6,34.107143,29.142857,0.24242425,5.5,7.0,3.6,0.0
2001-11-16,10.222222,1.2025317,6.25,1.6666666,32.392857,26.367348,0.09090909,2.5,3.0,0.6,0.0
2001-11-17,9.111111,0.6455696,4.0,1.0666667,28.821428,22.530613,0.0,0.5,0.0,0.0,0.0
2001-11-18,8.222222,0.48101267,2.0,0.53333336,27.5,21.204082,0.0,0.0,0.0,0.0,0.0
2001-11-19,7.3333335,0.4050633,0.25,0.06666667,24.892857,18.408163,0.0,0.0,0.0,0.0,0.0
2001-11-20,6.4444447,0.29113925,0.0,0.0,22.642857,16.510204,0.0,0.0,0.0,0.0,0.0
2001-11-21,6.888889,0.21518987,0.0,0.0,24.142857,17.367348,0.0,0.0,0.0,0.0,0.0
2001-11-22,14.0,0.07594936,0.0,0.0,54.535713,45.42857,0.0,35.0,37.0,12.6,10.0
2001-11-23,28.333334,0.96202534,0.75,0.2,63.82143,53.44898,0.060606062,56.0,58.0,23.8,23.0
2001-11-24,28.88889,2.2405064,2.25,0.6,82.0,68.591835,10.484848,58.5,62.0,25.4,22.5
2001-11-25,58.555557,25.468355,24.0,12.733334,127.46429,115.755104,18.454546,102.0,103.0,54.6,48.5
2001-11-26,53.666668,31.949368,50.25,22.733334,128.92857,114.28571,21.878788,108.5,115.0,56.4,50.5
2001-11-27,54.444443,31.898735,57.75,26.8,130.0,115.12245,20.60606,108.0,115.0,57.2,51.5
2001-11-28,56.444443,32.16456,63.0,28.6,132.67857,116.61224,22.818182,109.0,115.0,57.4,52.5
2001-11-29,78.888885,34.6962,65.75,29.066668,151.53572,138.20409,42.424244,125.5,131.0,69.2,66.5
2001-11-30,78.333336,38.455696,74.5,32.066666,158.96428,145.28572,41.090908,140.5,149.0,82.2,74.0
2001-12-01,87.666664,47.962025,82.5,34.733334,166.89285,152.57143,58.030304,145.0,153.0,83.8,76.5
2001-12-02,109.77778,50.16456,83.5,34.533333,207.64285,190.57143,91.121216,178.5,190.0,110.6,104.5
2001-12-03,161.77777,57.227848,93.0,38.133335,264.42856,243.10204,106.181816,261.0,274.0,183.0,178.5
2001-12-04,160.55556,66.101265,127.0,51.733334,267.5,247.06122,109.818184,277.5,294.0,197.2,192.0
2001-12-05,158.66667,66.46835,135.75,53.866665,268.14285,247.57143,115.30303,282.5,299.0,196.8,194.5
2001-12-06,155.33333,66.59494,138.25,54.2,270.75,250.14285,118.57576,312.5,332.0,204.4,206.5
2001-12-07,143.44444,64.582275,134.75,51.8,271.92856,250.85715,119.21212,312.5,339.0,205.0,211.5
2001-12-08,149.33333,62.35443,128.5,48.266666,271.60715,250.40816,119.030304,315.0,339.0,205.0,212.0
2001-12-09,143.0,60.35443,122.75,46.266666,275.7857,254.95918,120.121216,319.5,341.0,204.6,212.0
2001-12-10,155.11111,60.772152,123.75,46.666668,282.5,261.0408,121.27273,324.0,343.0,207.6,214.5
2001-12-11,154.0,60.83544,125.75,47.8,283.2857,261.59183,121.63636,323.0,343.0,208.8,214.5
2001-12-12,153.0,60.79747,127.25,48.533333,282.17856,266.65308,122.09091,324.5,343.0,208.8,214.0
2001-12-13,152.44444,61.708862,129.75,49.066666,282.5357,266.7551,121.15151,324.0,343.0,210.6,213.5
2001-12-14,178.22223,61.92405,127.5,48.266666,303.35715,279.2245,137.45454,337.0,355.0,216.4,226.5
2001-12-15,161.11111,62.49367,134.25,50.533333,309.35715,288.4898,140.84848,363.0,382.0,230.8,245.0
2001-12-16,163.66667,62.44304,134.5,50.733334,307.5357,286.55103,140.06061,365.5,386.0,230.2,247.5
2001-12-17,162.88889,63.455696,133.5,50.333332,308.14285,284.85715,153.63637,370.0,396.0,234.6,252.0
2001-12-18,170.11111,63.227848,132.25,50.0,315.0,291.63266,157.36363,400.5,431.0,246.4,270.0
2001-12-19,168.0,61.746834,128.5,48.8,318.4643,294.2449,165.09091,404.5,435.0,248.0,271.5
2001-12-20,165.88889,60.544304,124.75,47.6,330.25,311.7143,176.09091,405.5,438.0,248.4,274.0
2001-12-21,185.44444,63.683544,134.0,50.933334,363.60715,355.10205,185.90909,417.0,459.0,258.0,287.5
2001-12-22,180.33333,69.341774,142.5,54.133335,354.5,340.06122,188.0,421.0,463.0,257.6,290.0
2001-12-23,202.33333,70.36709,146.5,55.6,369.67856,358.44897,198.45454,452.0,502.0,268.6,305.5
2001-12-24,209.22223,72.11392,150.0,56.733334,359.14285,340.4694,199.30302,456.0,498.0,268.4,306.5
2001-12-25,209.11111,71.87342,150.25,56.733334,393.89285,387.87756,197.0303,456.0,498.0,269.0,306.5
2001-12-26,188.22223,70.50633,146.5,55.6,363.14285,342.97958,198.09091,466.5,503.0,271.0,307.0
2001-12-27,191.33333,68.75949,139.5,53.333332,368.32144,348.7551,197.78787,461.5,503.0,269.8,306.5
2001-12-28,189.88889,66.49367,133.0,51.266666,368.39285,343.97958,196.93939,464.5,506.0,272.4,305.0
2001-12-29,221.0,74.24051,134.25,51.8,403.7143,372.0,193.78787,479.0,520.0,278.2,316.5
2001-12-30,228.11111,87.3924,143.25,53.2,425.0,387.38776,190.60606,483.5,524.0,281.4,318.5
2001-12-31,227.44444,87.63291,139.25,51.933334,443.35715,401.93878,183.72728,494.0,537.0,287.4,324.0
2002-01-01,256.8889,87.07595,134.25,50.466667,442.10715,408.10205,161.15152,496.0,530.0,288.6,324.5
2002-01-02,221.44444,85.379745,129.75,48.866665,455.82144,416.79593,159.06061,500.5,531.0,288.4,308.5
2002-01-03,271.66666,86.56962,131.25,49.266666,471.39285,432.16327,160.72728,526.5,552.0,299.2,337.5
2002-01-04,265.44446,88.83544,135.0,51.466667,475.32144,433.89795,159.27272,519.0,561.0,304.2,340.5
2002-01-05,262.33334,88.59494,131.75,50.333332,476.7857,433.44897,152.9697,518.0,562.0,304.4,339.5
2002-01-06,257.44446,87.24051,130.0,49.533333,477.39285,433.32654,155.15152,535.0,583.0,305.4,352.5
2002-01-07,247.66667,84.6076,126.75,48.133335,480.9643,435.2245,149.57576,556.5,599.0,309.0,347.5
2002-01-08,247.0,79.455696,123.75,46.666668,483.64285,436.55103,145.51515,544.5,601.0,308.0,346.5
2002-01-09,246.33333,75.98734,124.25,46.333332,483.64285,436.1837,141.36363,559.0,602.0,308.0,346.0
2002-01-10,244.77777,74.49367,124.25,46.066666,521.6071,490.65308,140.27272,563.5,606.0,308.0,342.0
2002-01-11,245.77777,72.22785,123.75,45.266666,521.8571,489.85715,138.87878,547.0,605.0,308.0,342.5
2002-01-12,245.22223,68.379745,122.75,43.866665,485.2857,434.93878,136.87878,544.5,602.0,305.0,343.0
2002-01-13,247.88889,64.544304,122.25,42.933334,485.39285,434.32654,135.84848,544.0,602.0,304.6,343.0
2002-01-14,247.33333,61.20253,121.0,41.866665,486.0,433.93878,135.12122,570.5,603.0,303.4,343.0
2002-01-15,249.33333,60.3038,119.75,41.266666,485.64285,433.69388,142.33333,571.0,603.0,303.2,343.0
2002-01-16,244.33333,62.86076,119.25,41.2,484.32144,432.91837,131.24243,572.0,603.0,303.2,350.5
2002-01-17,245.88889,68.43038,121.5,41.866665,484.0357,432.73468,134.0,570.0,603.0,304.0,351.0
2002-01-18,244.88889,72.11392,123.0,42.4,484.2857,432.93878,133.45454,545.5,601.0,304.0,351.5
2002-01-19,246.55556,74.860756,125.5,43.333332,481.4643,431.40817,132.27272,544.0,601.0,304.0,351.5
2002-01-20,246.55556,74.70886,125.25,43.266666,479.39285,431.30612,133.0303,544.0,601.0,304.2,344.0
2002-01-21,232.11111,74.582275,124.5,43.066666,479.2143,432.38776,134.75757,546.0,605.0,304.4,353.5
2002-01-22,239.88889,73.91139,122.0,42.266666,478.82144,432.93878,145.45454,557.5,614.0,305.0,361.0
2002-01-23,238.11111,73.96203,122.0,42.266666,480.42856,427.10205,138.63637,566.0,627.0,304.8,350.5
2002-01-24,240.44444,73.898735,124.5,43.8,477.0357,425.0408,140.12122,567.0,627.0,306.4,353.0
2002-01-25,238.33333,71.78481,121.25,42.066666,474.85715,429.7551,142.09091,566.5,628.0,307.2,353.5
2002-01-26,240.11111,67.620255,122.0,41.666668,479.9643,431.2449,156.12122,567.5,627.0,309.8,367.5
2002-01-27,245.44444,66.96203,122.25,41.466667,494.2143,444.7551,154.69698,593.5,659.0,317.8,404.5
2002-01-28,272.44446,74.01266,128.75,44.066666,500.92856,452.2449,153.57576,606.0,671.0,317.2,406.5
2002-01-29,271.8889,76.53165,134.5,46.266666,529.3214,489.06122,164.9697,641.5,679.0,318.0,403.5
2002-01-30,277.44446,78.59494,140.0,49.6,505.67856,458.34692,159.51515,653.5,692.0,318.4,403.0
2002-01-31,272.33334,80.1519,144.0,51.933334,502.89285,457.61224,161.60606,660.5,700.0,321.2,403.0
2002-02-01,271.0,81.12658,152.5,54.733334,514.7857,464.40817,164.63637,662.5,703.0,322.0,405.5
2002-02-02,277.44446,81.0,152.5,54.0,513.2143,463.32654,163.72728,662.0,703.0,322.0,405.0
2002-02-03,268.33334,80.79747,152.25,53.2,559.4286,522.95917,161.90909,660.0,704.0,322.0,404.5
2002-02-04,274.0,80.12658,148.5,52.0,558.5,521.5714,165.18182,661.5,704.0,322.0,404.5
2002-02-05,273.0,77.974686,141.0,49.533333,511.5,459.20407,163.12122,664.0,705.0,322.0,404.5
2002-02-06,274.1111,74.51899,133.25,47.0,514.1786,450.67346,161.54546,665.5,705.0,322.2,406.5
2002-02-07,269.77777,71.36709,129.25,45.266666,515.5714,457.87756,159.30302,666.5,706.0,320.4,406.5
2002-02-08,315.55554,69.417725,130.25,45.066666,526.8929,468.36734,161.90909,677.0,707.0,332.4,415.5
2002-02-09,290.33334,68.06329,130.75,44.866665,534.8929,471.9592,158.57576,680.0,708.0,332.8,419.5
2002-02-10,300.33334,67.21519,130.5,44.066666,569.3571,517.0,159.06061,682.0,708.0,333.0,422.0
2002-02-11,286.0,65.8481,131.5,43.6,570.0714,513.5714,158.48485,685.0,708.0,332.8,422.5
2002-02-12,272.44446,62.02532,131.75,42.466667,570.0357,509.97958,154.51515,686.5,705.0,329.4,421.0
2002-02-13,272.44446,58.911392,135.5,42.333332,569.3929,506.65308,152.87878,684.5,703.0,328.8,420.0
2002-02-14,277.0,57.607594,135.25,41.466667,569.75,506.0408,144.48485,685.5,703.0,325.4,422.0
2002-02-15,278.0,55.253166,133.0,39.733334,569.1071,503.65308,144.21213,687.0,703.0,324.8,422.5
2002-02-16,279.22223,54.113926,131.75,38.6,578.0,508.16327,133.60606,687.5,702.0,324.4,421.0
2002-02-17,295.1111,54.97468,131.25,37.866665,592.0,520.2449,136.33333,696.0,705.0,326.6,426.0
2002-02-18,300.22223,56.379745,137.25,39.8,601.7857,530.0204,130.63637,700.5,711.0,329.0,427.5
2002-02-19,302.55554,59.265823,141.25,40.933334,603.8214,531.67346,142.30302,703.5,713.0,334.4,429.5
2002-02-20,262.77777,58.50633,136.75,39.466667,611.3214,538.81635,132.81818,738.5,745.0,341.6,437.0
2002-02-21,257.77777,54.848103,133.75,37.8,611.3571,537.0612,129.54546,742.5,754.0,336.4,426.0
2002-02-22,258.8889,51.670887,127.0,33.866665,612.25,532.7143,124.63636,737.5,750.0,334.4,413.5
2002-02-23,258.0,47.44304,120.5,32.133335,610.6786,527.61224,121.818184,740.0,749.0,330.0,409.0
2002-02-24,258.55554,45.27848,119.75,31.933332,610.5357,527.12244,122.36364,741.5,750.0,328.8,407.0
2002-02-25,258.1111,43.949368,117.5,31.333334,609.3571,524.6531,120.57576,738.5,748.0,325.2,406.0
2002-02-26,258.1111,41.531647,111.75,29.8,608.0357,520.0204,116.393936,735.0,745.0,323.4,403.5
2002-02-27,257.55554,38.58228,105.0,28.0,606.1786,514.95917,111.0,731.5,741.0,319.2,400.0
2002-02-28,257.55554,36.670887,99.75,26.6,604.6786,510.9592,106.51515,724.5,738.0,316.4,400.0
2002-03-01,246.44444,34.569622,97.5,26.0,602.5357,508.38776,105.36364,724.5,738.0,315.2,398.0
2002-03-02,246.44444,34.569622,97.5,26.0,602.1429,507.79593,105.030304,724.0,738.0,315.4,399.0
2002-03-03,246.44444,33.329113,97.5,26.0,602.0,507.44897,103.606064,722.0,738.0,315.4,398.5
2002-03-04,246.11111,33.569622,97.25,25.933332,601.6429,506.83673,101.90909,721.5,738.0,315.4,398.5
2002-03-05,245.88889,33.316456,96.0,25.6,600.9286,505.61224,100.06061,722.5,741.0,315.2,397.5
2002-03-06,244.44444,32.594936,93.75,25.0,608.5714,509.85715,98.969696,728.5,746.0,318.2,396.0
2002-03-07,271.1111,36.430378,96.0,25.6,638.6071,539.89795,104.969696,785.0,796.0,347.6,441.5
2002-03-08,287.0,43.468353,132.5,38.2,653.7143,555.89795,116.242424,807.5,805.0,361.4,468.5
2002-03-09,282.0,43.35443,142.0,40.4,653.7857,555.95917,122.72727,818.5,814.0,367.8,478.0
2002-03-10,268.66666,42.240505,136.5,38.933334,654.6786,555.9184,139.57576,819.5,821.0,374.4,496.5
2002-03-11,268.55554,40.683544,125.5,35.533333,658.6429,560.30615,128.78787,835.5,847.0,375.6,509.0
2002-03-12,266.1111,37.101265,115.0,31.266666,658.3571,557.4898,123.15151,831.5,848.0,377.8,505.0
2002-03-13,264.1111,35.037975,112.5,30.0,658.0714,556.12244,120.27273,840.5,858.0,379.6,508.0
2002-03-14,266.1111,33.620255,112.25,29.933332,660.4643,560.2653,120.57576,847.0,860.0,379.6,513.0
2002-03-15,265.8889,34.06329,116.25,31.533333,670.9286,576.38776,121.818184,843.0,861.0,384.0,516.5
2002-03-16,267.33334,35.35443,121.5,33.133335,667.9643,566.7959,124.666664,855.0,871.0,393.2,519.5
2002-03-17,267.8889,39.012657,127.25,35.2,659.0357,552.2449,126.878784,875.0,887.0,397.2,521.5
2002-03-18,269.77777,45.873417,144.0,42.866665,676.3929,576.6326,126.90909,883.5,899.0,403.8,527.0
2002-03-19,268.8889,46.126583,158.25,48.066666,651.9643,531.449,154.0303,880.5,901.0,406.8,528.0
2002-03-20,268.1111,38.670887,147.5,42.333332,676.5714,571.7959,123.121216,880.0,906.0,404.2,527.0
2002-03-21,265.77777,32.0,125.25,34.4,674.8214,567.7347,118.06061,876.5,902.0,404.4,522.5
2002-03-22,262.44446,28.177216,119.5,31.866667,675.0,565.30615,108.69697,861.5,896.0,399.4,518.5
2002-03-23,267.8889,28.025316,119.25,31.8,692.5,582.7551,113.30303,880.0,905.0,391.0,525.0
2002-03-24,271.1111,33.265823,128.0,35.733334,707.1071,598.0204,116.42424,905.5,929.0,406.8,533.5
2002-03-25,271.22223,35.79747,153.0,44.466667,708.1786,598.9796,116.181816,906.0,934.0,407.6,537.0
2002-03-26,271.22223,35.253166,148.5,43.266666,708.5,598.87756,114.42424,907.0,936.0,410.2,537.0
2002-03-27,270.77777,30.911392,138.75,40.066666,707.6071,597.0612,110.57576,900.5,931.0,408.4,534.0
2002-03-28,268.77777,27.468355,133.5,36.666668,705.7143,592.32654,105.333336,884.5,916.0,400.4,530.0
2002-03-29,266.33334,22.962025,126.75,33.8,702.75,586.0,97.242424,876.5,912.0,391.6,521.0
2002-03-30,262.66666,19.0,117.5,31.333334,699.4643,579.2653,87.21212,852.5,900.0,377.2,514.5
2002-03-31,258.1111,13.696202,91.25,24.333334,694.9286,567.2857,85.84849,829.0,882.0,363.6,499.5
2002-04-01,252.88889,10.531646,70.5,18.8,687.2143,554.2245,73.63636,807.0,864.0,347.0,486.5
2002-04-02,247.11111,7.873418,60.75,16.2,675.9286,540.18365,62.363636,782.0,843.0,325.4,476.5
2002-04-03,299.77777,6.202532,51.5,13.733334,661.9643,524.0204,49.757576,743.0,817.0,301.0,458.0
2002-04-04,291.66666,7.0,43.25,11.533334,648.6429,508.14285,39.666668,711.5,790.0,274.8,438.5
2002-04-05,231.22223,5.721519,36.5,9.733334,640.3929,496.8163,33.484848,686.5,765.0,250.8,410.5
2002-04-06,228.55556,5.468354,34.0,9.066667,636.7143,493.38776,30.939394,673.0,745.0,236.8,403.0
2002-04-07,226.22223,5.341772,33.25,8.866667,634.3214,491.2449,28.151516,663.0,730.0,222.0,386.0
2002-04-08,223.55556,4.5822783,29.25,7.8,628.6071,485.32654,29.212122,649.0,710.0,207.6,371.0
2002-04-09,218.77777,3.898734,23.5,6.266667,620.4286,476.36734,23.69697,637.0,693.0,196.8,355.5
2002-04-10,214.55556,3.2405064,17.5,4.6666665,614.6786,470.69388,21.969696,629.0,684.0,189.8,346.0
2002-04-11,238.44444,2.670886,13.5,3.6,604.8214,461.73468,19.212122,623.0,662.0,179.0,330.5
2002-04-12,228.33333,2.0253165,6.25,1.6666666,592.2143,449.1837,16.454546,604.0,643.0,165.6,314.0
2002-04-13,220.77777,1.3670886,0.0,0.0,574.3929,431.65308,12.575758,577.5,619.0,153.4,295.5
2002-04-14,212.0,0.62025315,0.0,0.0,548.7143,407.2245,9.0,529.0,584.0,139.0,260.5
2002-04-15,205.77777,0.4050633,0.0,0.0,535.2857,395.97958,8.333333,493.5,555.0,126.8,236.5
2002-04-16,205.55556,0.4050633,0.0,0.0,535.1071,396.02042,8.333333,488.5,547.0,125.4,240.5
2002-04-17,219.11111,0.30379745,0.0,0.0,548.2143,407.1837,17.181818,512.0,566.0,130.0,245.5
2002-04-18,220.66667,0.835443,1.0,0.26666668,550.1429,410.32654,19.333334,551.0,595.0,137.8,256.5
2002-04-19,235.88889,1.0759493,5.5,1.8666667,548.0,409.2857,17.454546,573.5,607.0,145.8,262.5
2002-04-20,237.22223,1.3037975,6.25,2.4,546.1786,408.7143,16.878788,577.0,609.0,149.8,263.5
2002-04-21,237.33333,0.9746835,5.75,1.6666666,542.9286,406.55103,11.30303,578.0,612.0,148.6,262.5
2002-04-22,234.44444,0.65822786,1.25,0.33333334,542.8214,404.20407,9.060606,559.0,608.0,145.2,253.5
2002-04-23,213.22223,0.37974682,0.0,0.0,533.25,393.85715,7.787879,532.5,586.0,138.2,238.0
2002-04-24,206.88889,0.30379745,0.0,0.0,516.7857,377.93878,6.3636365,494.5,558.0,127.6,215.0
2002-04-25,200.66667,0.21518987,0.0,0.0,505.9643,367.85715,5.242424,470.0,534.0,117.4,190.5
2002-04-26,200.11111,0.18987341,0.0,0.0,504.0,364.91837,4.060606,443.0,507.0,106.2,166.5
2002-04-27,204.22223,0.36708862,0.75,0.2,508.64285,370.91837,4.090909,437.5,498.0,105.4,159.5
2002-04-28,204.11111,0.36708862,1.5,0.4,512.6071,373.79593,5.242424,446.5,500.0,106.2,164.5
2002-04-29,204.33333,0.24050634,1.25,0.33333334,514.1071,375.7551,4.3333335,454.0,499.0,105.6,167.0
2002-04-30,206.11111,0.24050634,0.75,0.2,534.0,394.34692,4.6060605,464.5,516.0,115.8,176.0
2002-05-01,183.33333,0.21518987,0.5,0.2,546.5,402.87756,5.5757575,466.5,522.0,118.4,179.0
2002-05-02,183.33333,0.21518987,1.0,0.33333334,550.0714,404.30612,4.4242425,473.0,521.0,120.0,177.5
2002-05-03,206.11111,0.278481,0.0,0.0,551.8214,403.7755,3.6060605,456.5,507.0,114.0,162.5
2002-05-04,203.55556,0.16455697,0.0,0.0,548.2143,397.0408,2.8181818,432.5,488.0,106.8,147.5
2002-05-05,199.0,0.06329114,0.0,0.0,533.8214,384.85715,1.6060606,406.5,464.0,103.6,127.0
2002-05-06,193.55556,0.0,0.0,0.0,505.39285,364.9592,0.5151515,376.5,433.0,94.2,116.5
2002-05-07,187.22223,0.0,0.0,0.0,485.39285,351.1837,0.0,341.5,410.0,82.8,107.0
2002-05-08,186.11111,0.0,0.0,0.0,474.75,343.93878,0.0,329.5,395.0,77.8,102.5
2002-05-09,185.22223,0.0,0.0,0.0,467.5,338.91837,0.0,317.0,378.0,73.8,98.0
2002-05-10,183.77777,0.0,0.0,0.0,461.25,334.44897,0.0,302.0,359.0,71.0,94.0
2002-05-11,195.33333,0.0,0.0,0.0,455.2143,330.2857,0.0,299.0,356.0,69.8,92.5
2002-05-12,195.11111,0.0,0.0,0.0,438.64285,317.59183,0.0,290.5,349.0,67.4,86.5
2002-05-13,179.0,0.0,0.0,0.0,405.67856,290.14285,0.0,271.5,335.0,59.8,71.5
2002-05-14,171.0,0.0,0.0,0.0,362.0,257.91837,0.0,248.0,319.0,49.8,55.0
2002-05-15,166.11111,0.0,0.0,0.0,334.5357,238.30612,0.0,215.0,301.0,40.0,38.0
2002-05-16,158.55556,0.0,0.0,0.0,318.92856,226.95918,0.0,186.5,285.0,30.8,21.5
2002-05-17,148.11111,0.0,0.0,0.0,311.10715,219.36734,0.0,162.5,265.0,19.8,2.5
2002-05-18,136.66667,0.0,0.0,0.0,298.2857,208.2653,0.0,132.5,241.0,9.2,0.0
2002-05-19,124.77778,0.0,0.0,0.0,279.75,195.10204,0.0,108.0,219.0,0.0,0.0
2002-05-20,119.77778,0.0,0.0,0.0,281.39285,199.71428,2.6666667,99.0,211.0,0.0,0.0
2002-05-21,145.33333,3.5949366,7.5,3.8666666,296.57144,219.30612,2.939394,122.0,224.0,2.2,5.5
2002-05-22,147.55556,2.949367,10.75,4.733333,299.75,221.7551,2.969697,126.5,230.0,3.4,7.0
2002-05-23,144.0,1.7088608,10.75,4.0,309.2857,226.28572,1.2727273,131.5,231.0,5.6,7.0
2002-05-24,142.11111,0.4556962,7.0,1.8666667,327.67856,237.30612,0.0,117.0,224.0,2.6,0.0
2002-05-25,118.888885,0.0,0.0,0.0,283.25,201.85715,0.0,93.5,208.0,0.0,0.0
2002-05-26,96.333336,0.0,0.0,0.0,268.7143,190.2449,0.0,67.5,188.0,0.0,0.0
2002-05-27,83.55556,0.0,0.0,0.0,252.42857,177.81633,0.0,47.0,167.0,0.0,0.0
2002-05-28,78.333336,0.0,0.0,0.0,265.9643,183.30612,0.0,34.5,148.0,0.0,0.0
2002-05-29,69.77778,0.0,0.0,0.0,250.46428,171.30612,0.0,20.0,124.0,0.0,0.0
2002-05-30,57.444443,0.0,0.0,0.0,224.21428,151.16327,0.0,0.0,86.0,0.0,0.0
2002-05-31,46.88889,0.0,0.0,0.0,196.5,129.14285,0.0,0.0,46.0,0.0,0.0
2002-06-01,37.333332,0.0,0.0,0.0,175.71428,113.71429,0.0,0.0,4.0,0.0,0.0
2002-06-02,34.0,0.0,0.0,0.0,169.28572,108.61224,0.0,0.0,0.0,0.0,0.0
2002-06-03,30.333334,0.0,0.0,0.0,162.28572,103.14286,0.0,0.0,0.0,0.0,0.0
2002-06-04,24.666666,0.0,0.0,0.0,152.0,95.244896,0.0,0.0,0.0,0.0,0.0
2002-06-05,16.444445,0.0,0.0,0.0,133.39285,81.12245,0.0,0.0,0.0,0.0,0.0
2002-06-06,4.3333335,0.0,0.0,0.0,106.71429,62.877552,0.0,0.0,0.0,0.0,0.0
2002-06-07,0.0,0.0,0.0,0.0,84.28571,48.163265,0.0,0.0,0.0,0.0,0.0
2002-06-08,0.0,0.0,0.0,0.0,69.03571,39.44898,0.0,0.0,0.0,0.0,0.0
2002-06-09,0.0,0.0,0.0,0.0,65.57143,37.469387,0.0,0.0,0.0,0.0,0.0
2002-06-10,0.0,0.0,0.0,0.0,63.392857,36.22449,0.0,0.0,0.0,0.0,0.0
2002-06-11,0.0,0.0,0.0,0.0,58.67857,33.530613,0.0,0.0,0.0,0.0,0.0
2002-06-12,0.0,0.0,0.0,0.0,51.75,29.571428,0.0,0.0,0.0,0.0,0.0
2002-06-13,0.0,0.0,0.0,0.0,43.07143,24.612246,0.0,0.0,0.0,0.0,0.0
2002-06-14,0.0,0.0,0.0,0.0,36.785713,21.020409,0.0,0.0,0.0,0.0,0.0
2002-06-15,0.0,0.0,0.0,0.0,30.071428,17.183674,0.0,0.0,0.0,0.0,0.0
2002-06-16,0.0,0.0,0.0,0.0,22.75,13.0,0.0,0.0,0.0,0.0,0.0
2002-06-17,0.0,0.0,0.0,0.0,16.035715,9.163265,0.0,0.0,0.0,0.0,0.0
2002-06-18,0.0,0.0,0.0,0.0,13.714286,7.836735,0.0,0.0,0.0,0.0,0.0
2002-06-19,0.0,0.0,0.0,0.0,11.107142,6.3469386,0.0,0.0,0.0,0.0,0.0
2002-06-20,0.0,0.0,0.0,0.0,8.678572,4.9591837,0.0,0.0,0.0,0.0,0.0
2002-06-21,0.0,0.0,0.0,0.0,6.607143,3.7755103,0.0,0.0,0.0,0.0,0.0
2002-06-22,0.0,0.0,0.0,0.0,5.392857,3.0816326,0.0,0.0,0.0,0.0,0.0
2002-06-23,0.0,0.0,0.0,0.0,3.75,2.142857,0.0,0.0,0.0,0.0,0.0
2002-06-24,0.0,0.0,0.0,0.0,2.3214285,1.3265306,0.0,0.0,0.0,0.0,0.0
2002-06-25,0.0,0.0,0.0,0.0,1.0357143,0.59183675,0.0,0.0,0.0,0.0,0.0
2002-06-26,0.0,0.0,0.0,0.0,0.0,0.0,0.0,0.0,0.0,0.0,0.0
2002-06-27,0.0,0.0,0.0,0.0,0.0,0.0,0.0,0.0,0.0,0.0,0.0
2002-06-28,0.0,0.0,0.0,0.0,0.0,0.0,0.0,0.0,0.0,0.0,0.0
2002-06-29,0.0,0.0,0.0,0.0,0.0,0.0,0.0,0.0,0.0,0.0,0.0
2002-06-30,0.0,0.0,0.0,0.0,0.0,0.0,0.0,0.0,0.0,0.0,0.0
2002-07-01,0.0,0.0,0.0,0.0,0.0,0.0,0.0,0.0,0.0,0.0,0.0
2002-07-02,0.0,0.0,0.0,0.0,0.0,0.0,0.0,0.0,0.0,0.0,0.0
2002-07-03,0.0,0.0,0.0,0.0,0.0,0.0,0.0,0.0,0.0,0.0,0.0
2002-07-04,0.0,0.0,0.0,0.0,0.0,0.0,0.0,0.0,0.0,0.0,0.0
2002-07-05,0.0,0.0,0.0,0.0,0.0,0.0,0.0,0.0,0.0,0.0,0.0
2002-07-06,0.0,0.0,0.0,0.0,0.0,0.0,0.0,0.0,0.0,0.0,0.0
2002-07-07,0.0,0.0,0.0,0.0,0.0,0.0,0.0,0.0,0.0,0.0,0.0
2002-07-08,0.0,0.0,0.0,0.0,0.0,0.0,0.0,0.0,0.0,0.0,0.0
2002-07-09,0.0,0.0,0.0,0.0,0.0,0.0,0.0,0.0,0.0,0.0,0.0
2002-07-10,0.0,0.0,0.0,0.0,0.0,0.0,0.0,0.0,0.0,0.0,0.0
2002-07-11,0.0,0.0,0.0,0.0,0.0,0.0,0.0,0.0,0.0,0.0,0.0
2002-07-12,0.0,0.0,0.0,0.0,0.0,0.0,0.0,0.0,0.0,0.0,0.0
2002-07-13,0.0,0.0,0.0,0.0,0.0,0.0,0.0,0.0,0.0,0.0,0.0
2002-07-14,0.0,0.0,0.0,0.0,0.0,0.0,0.0,0.0,0.0,0.0,0.0
2002-07-15,0.0,0.0,0.0,0.0,0.0,0.0,0.0,0.0,0.0,0.0,0.0
2002-07-16,0.0,0.0,0.0,0.0,0.0,0.0,0.0,0.0,0.0,0.0,0.0
2002-07-17,0.0,0.0,0.0,0.0,0.0,0.0,0.0,0.0,0.0,0.0,0.0
2002-07-18,0.0,0.0,0.0,0.0,0.0,0.0,0.0,0.0,0.0,0.0,0.0
2002-07-19,0.0,0.0,0.0,0.0,0.0,0.0,0.0,0.0,0.0,0.0,0.0
2002-07-20,0.0,0.0,0.0,0.0,0.0,0.0,0.0,0.0,0.0,0.0,0.0
2002-07-21,0.0,0.0,0.0,0.0,0.0,0.0,0.0,0.0,0.0,0.0,0.0
2002-07-22,0.0,0.0,0.0,0.0,0.0,0.0,0.0,0.0,0.0,0.0,0.0
2002-07-23,0.0,0.0,0.0,0.0,0.0,0.0,0.0,0.0,0.0,0.0,0.0
2002-07-24,0.0,0.0,0.0,0.0,0.0,0.0,0.0,0.0,0.0,0.0,0.0
2002-07-25,0.0,0.0,0.0,0.0,0.0,0.0,0.0,0.0,0.0,0.0,0.0
2002-07-26,0.0,0.0,0.0,0.0,0.0,0.0,0.0,0.0,0.0,0.0,0.0
2002-07-27,0.0,0.0,0.0,0.0,0.0,0.0,0.0,0.0,0.0,0.0,0.0
2002-07-28,0.0,0.0,0.0,0.0,0.0,0.0,0.0,0.0,0.0,0.0,0.0
2002-07-29,0.0,0.0,0.0,0.0,0.0,0.0,0.0,0.0,0.0,0.0,0.0
2002-07-30,0.0,0.0,0.0,0.0,0.0,0.0,0.0,0.0,0.0,0.0,0.0
2002-07-31,0.0,0.0,0.0,0.0,0.0,0.0,0.0,0.0,0.0,0.0,0.0
2002-08-01,0.0,0.0,0.0,0.0,0.0,0.0,0.0,0.0,0.0,0.0,0.0
2002-08-02,0.0,0.0,0.0,0.0,0.0,0.0,0.0,0.0,0.0,0.0,0.0
2002-08-03,0.0,0.0,0.0,0.0,0.0,0.0,0.0,0.0,0.0,0.0,0.0
2002-08-04,0.0,0.0,0.0,0.0,0.0,0.0,0.0,0.0,0.0,0.0,0.0
2002-08-05,0.0,0.0,0.0,0.0,0.0,0.0,0.0,0.0,0.0,0.0,0.0
2002-08-06,0.0,0.0,0.0,0.0,0.0,0.0,0.0,0.0,0.0,0.0,0.0
2002-08-07,0.0,0.0,0.0,0.0,0.0,0.0,0.0,0.0,0.0,0.0,0.0
2002-08-08,0.0,0.0,0.0,0.0,0.0,0.0,0.0,0.0,0.0,0.0,0.0
2002-08-09,0.0,0.0,0.0,0.0,0.0,0.0,0.0,0.0,0.0,0.0,0.0
2002-08-10,0.0,0.0,0.0,0.0,0.0,0.0,0.0,0.0,0.0,0.0,0.0
2002-08-11,0.0,0.0,0.0,0.0,0.0,0.0,0.0,0.0,0.0,0.0,0.0
2002-08-12,0.0,0.0,0.0,0.0,0.0,0.0,0.0,0.0,0.0,0.0,0.0
2002-08-13,0.0,0.0,0.0,0.0,0.0,0.0,0.0,0.0,0.0,0.0,0.0
2002-08-14,0.0,0.0,0.0,0.0,0.0,0.0,0.0,0.0,0.0,0.0,0.0
2002-08-15,0.0,0.0,0.0,0.0,0.0,0.0,0.0,0.0,0.0,0.0,0.0
2002-08-16,0.0,0.0,0.0,0.0,0.0,0.0,0.0,0.0,0.0,0.0,0.0
2002-08-17,0.0,0.0,0.0,0.0,0.0,0.0,0.0,0.0,0.0,0.0,0.0
2002-08-18,0.0,0.0,0.0,0.0,0.0,0.0,0.0,0.0,0.0,0.0,0.0
2002-08-19,0.0,0.0,0.0,0.0,0.0,0.0,0.0,0.0,0.0,0.0,0.0
2002-08-20,0.0,0.0,0.0,0.0,0.0,0.0,0.0,0.0,0.0,0.0,0.0
2002-08-21,0.0,0.0,0.0,0.0,0.0,0.0,0.0,0.0,0.0,0.0,0.0
2002-08-22,0.0,0.0,0.0,0.0,0.0,0.0,0.0,0.0,0.0,0.0,0.0
2002-08-23,0.0,0.0,0.0,0.0,0.0,0.0,0.0,0.0,0.0,0.0,0.0
2002-08-24,0.0,0.0,0.0,0.0,0.0,0.0,0.0,0.0,0.0,0.0,0.0
2002-08-25,0.0,0.0,0.0,0.0,0.0,0.0,0.0,0.0,0.0,0.0,0.0
2002-08-26,0.0,0.0,0.0,0.0,0.0,0.0,0.0,0.0,0.0,0.0,0.0
2002-08-27,0.0,0.0,0.0,0.0,0.0,0.0,0.0,0.0,0.0,0.0,0.0
2002-08-28,0.0,0.0,0.0,0.0,0.0,0.0,0.0,0.0,0.0,0.0,0.0
2002-08-29,0.0,0.0,0.0,0.0,0.0,0.0,0.0,0.0,0.0,0.0,0.0
2002-08-30,0.0,0.0,0.0,0.0,0.0,0.0,0.0,0.0,0.0,0.0,0.0
2002-08-31,0.0,0.0,0.0,0.0,0.0,0.0,0.0,0.0,0.0,0.0,0.0
2002-09-01,0.0,0.0,0.0,0.0,0.0,0.0,0.0,0.0,0.0,0.0,0.0
2002-09-02,0.0,0.0,0.0,0.0,0.0,0.0,0.0,0.0,0.0,0.0,0.0
2002-09-03,0.0,0.0,0.0,0.0,0.0,0.0,0.0,0.0,0.0,0.0,0.0
2002-09-04,0.0,0.0,0.0,0.0,0.0,0.0,0.0,0.0,0.0,0.0,0.0
2002-09-05,0.0,0.0,0.0,0.0,0.0,0.0,0.0,0.0,0.0,0.0,0.0
2002-09-06,0.0,0.0,0.0,0.0,0.0,0.0,0.0,0.0,0.0,0.0,0.0
2002-09-07,0.0,0.0,0.0,0.0,3.1785715,2.0408163,0.0,0.0,0.0,0.0,0.0
2002-09-08,0.0,0.0,0.0,0.0,1.7142857,0.97959185,0.0,0.0,0.0,0.0,0.0
2002-09-09,0.0,0.0,0.0,0.0,0.25,0.14285715,0.0,0.0,0.0,0.0,0.0
2002-09-10,0.0,0.0,0.0,0.0,0.0,0.0,0.0,0.0,0.0,0.0,0.0
2002-09-11,0.0,0.0,0.0,0.0,0.0,0.0,0.0,0.0,0.0,0.0,0.0
2002-09-12,0.0,0.0,0.0,0.0,0.0,0.0,0.0,0.0,0.0,0.0,0.0
2002-09-13,0.0,0.0,0.0,0.0,0.0,0.0,0.0,0.0,0.0,0.0,0.0
2002-09-14,0.0,0.0,0.0,0.0,0.0,0.0,0.0,0.0,0.0,0.0,0.0
2002-09-15,0.0,0.0,0.0,0.0,0.0,0.0,0.0,0.0,0.0,0.0,0.0
2002-09-16,0.0,0.0,0.0,0.0,0.0,0.0,0.0,0.0,0.0,0.0,0.0
2002-09-17,0.0,0.0,0.0,0.0,0.0,0.0,0.0,0.0,0.0,0.0,0.0
2002-09-18,0.0,0.0,0.0,0.0,0.0,0.0,0.0,0.0,0.0,0.0,0.0
2002-09-19,0.0,0.0,0.0,0.0,0.0,0.0,0.0,0.0,0.0,0.0,0.0
2002-09-20,0.0,0.0,0.0,0.0,0.0,0.0,0.0,0.0,0.0,0.0,0.0
2002-09-21,0.0,0.0,0.0,0.0,0.0,0.0,0.0,0.0,0.0,0.0,0.0
2002-09-22,0.0,0.0,0.0,0.0,0.0,0.0,0.0,0.0,0.0,0.0,0.0
2002-09-23,0.0,0.0,0.0,0.0,0.0,0.0,0.0,0.0,0.0,0.0,0.0
2002-09-24,0.0,0.0,0.0,0.0,0.0,0.0,0.0,0.0,0.0,0.0,0.0
2002-09-25,0.0,0.0,0.0,0.0,0.0,0.0,0.0,0.0,0.0,0.0,0.0
2002-09-26,0.0,0.0,0.0,0.0,0.0,0.0,0.0,0.0,0.0,0.0,0.0
2002-09-27,0.0,0.0,0.0,0.0,0.0,0.0,0.0,0.0,0.0,0.0,0.0
2002-09-28,0.0,0.0,0.0,0.0,0.0,0.0,0.0,0.0,0.0,0.0,0.0
2002-09-29,1.2222222,0.0,0.0,0.0,2.4285715,1.755102,0.0,0.0,0.0,0.0,0.0
2002-09-30,0.5555556,0.0,0.0,0.0,1.3928572,0.85714287,0.0,0.0,0.0,0.0,0.0
2002-10-01,0.0,0.0,0.0,0.0,0.60714287,0.3469388,0.0,0.0,0.0,0.0,0.0
2002-10-02,6.2222223,0.0,0.0,0.0,3.392857,2.2857144,0.0,0.0,0.0,0.2,0.0
2002-10-03,4.3333335,0.0,0.0,0.0,4.285714,2.877551,0.0,0.0,0.0,0.4,0.0
2002-10-04,2.6666667,0.0,0.0,0.0,3.357143,1.9387755,0.0,0.0,0.0,0.0,0.0
2002-10-05,2.1111112,0.0,0.0,0.0,1.5357143,0.877551,0.0,0.0,0.0,0.0,0.0
2002-10-06,0.33333334,0.0,0.0,0.0,0.39285713,0.2244898,0.0,0.0,0.0,0.0,0.0
2002-10-07,0.0,0.0,0.0,0.0,0.0,0.0,0.0,0.0,0.0,0.0,0.0
2002-10-08,0.0,0.0,0.0,0.0,0.0,0.0,0.0,0.0,0.0,0.0,0.0
2002-10-09,0.0,0.0,0.0,0.0,0.0,0.0,0.0,0.0,0.0,0.0,0.0
2002-10-10,0.0,0.0,0.0,0.0,0.0,0.0,0.0,0.0,0.0,0.0,0.0
2002-10-11,0.0,0.0,0.0,0.0,0.0,0.0,0.0,0.0,0.0,0.0,0.0
2002-10-12,0.0,0.0,0.0,0.0,0.0,0.0,0.0,0.0,0.0,0.0,0.0
2002-10-13,0.0,0.0,0.0,0.0,0.0,0.0,0.0,0.0,0.0,0.0,0.0
2002-10-14,0.0,0.0,0.0,0.0,0.0,0.0,0.0,0.0,0.0,0.0,0.0
2002-10-15,0.0,0.0,0.0,0.0,0.0,0.0,0.0,0.0,0.0,0.0,0.0
2002-10-16,0.0,0.0,0.0,0.0,0.0,0.0,0.0,0.0,0.0,0.0,0.0
2002-10-17,0.0,0.0,0.0,0.0,0.0,0.0,0.0,0.0,0.0,0.0,0.0
2002-10-18,0.0,0.0,0.0,0.0,0.0,0.0,0.0,0.0,0.0,0.0,0.0
2002-10-19,0.0,0.0,0.0,0.0,0.0,0.0,0.0,0.0,0.0,0.0,0.0
2002-10-20,0.0,0.0,0.0,0.0,0.0,0.0,0.0,0.0,0.0,0.0,0.0
2002-10-21,0.0,0.0,0.0,0.0,0.0,0.0,0.0,0.0,0.0,0.0,0.0
2002-10-22,0.0,0.0,0.0,0.0,0.0,0.0,0.0,0.0,0.0,0.0,0.0
2002-10-23,0.0,0.0,0.0,0.0,0.0,0.0,0.0,0.0,0.0,0.0,0.0
2002-10-24,0.0,0.0,0.0,0.0,0.0,0.0,0.0,0.0,0.0,0.0,0.0
2002-10-25,0.0,0.0,0.0,0.0,0.0,0.0,0.0,0.0,0.0,0.0,0.0
2002-10-26,0.0,0.0,0.0,0.0,0.0,0.0,0.0,0.0,0.0,0.0,0.0
2002-10-27,0.0,0.0,0.0,0.0,0.0,0.0,0.0,0.0,0.0,0.0,0.0
2002-10-28,0.0,0.0,0.0,0.0,0.0,0.0,0.0,0.0,0.0,0.0,0.0
2002-10-29,0.0,0.0,0.0,0.0,0.0,0.0,0.0,0.0,0.0,0.0,0.0
2002-10-30,0.0,0.0,0.0,0.0,0.0,0.0,0.0,0.0,0.0,0.0,0.0
2002-10-31,0.0,0.0,0.0,0.0,0.0,0.0,0.0,0.0,0.0,0.0,0.0
2002-11-01,0.0,0.0,0.0,0.0,0.0,0.0,0.0,0.0,0.0,0.0,0.0
2002-11-02,0.0,0.0,0.0,0.0,0.0,0.0,0.0,0.0,0.0,0.0,0.0
2002-11-03,0.0,0.0,0.0,0.0,0.0,0.0,0.0,0.0,0.0,0.0,0.0
2002-11-04,0.0,0.0,0.0,0.0,0.0,0.0,0.0,0.0,0.0,0.0,0.0
2002-11-05,0.0,0.0,0.0,0.0,0.25,0.14285715,0.0,0.0,0.0,0.0,0.0
2002-11-06,0.0,0.0,0.0,0.0,0.39285713,0.2244898,0.0,0.0,0.0,0.0,0.0
2002-11-07,0.33333334,0.0,0.0,0.0,2.142857,1.2244898,0.0,0.0,0.0,0.0,0.0
2002-11-08,58.11111,8.240506,8.5,2.2666667,74.14286,68.32653,0.33333334,37.5,50.0,22.0,11.5
2002-11-09,100.77778,25.0,7.0,1.8666667,112.42857,104.265305,0.4848485,103.0,123.0,59.8,44.0
2002-11-10,102.333336,28.455696,19.0,5.0666666,114.67857,108.22449,2.3333333,124.5,143.0,70.6,56.5
2002-11-11,102.44444,27.58228,10.75,2.8666666,116.07143,110.67347,2.969697,168.0,178.0,85.6,77.5
2002-11-12,132.44444,26.645569,15.75,4.2,114.96429,109.02041,2.4242425,168.0,183.0,85.8,75.5
2002-11-13,129.77777,25.632912,13.0,3.4666667,113.07143,108.734695,1.969697,166.5,181.0,87.0,73.0
2002-11-14,98.333336,24.98734,10.75,2.8666666,114.32143,108.30612,1.6969697,169.5,180.0,84.6,70.5
2002-11-15,98.111115,24.645569,8.5,2.2666667,114.0,106.81633,1.3333334,170.0,179.0,83.8,69.5
2002-11-16,97.666664,24.341772,5.5,1.4666667,115.07143,106.5102,1.0,167.0,178.0,79.2,67.5
2002-11-17,96.22222,23.405064,2.75,0.73333335,121.39286,109.20408,0.8787879,164.5,177.0,76.6,64.5
2002-11-18,96.22222,22.949368,1.0,0.26666668,124.35714,110.244896,0.8181818,160.0,174.0,75.6,63.0
2002-11-19,95.333336,22.367088,0.0,0.0,127.85714,110.77551,0.6363636,155.5,173.0,74.2,61.0
2002-11-20,93.666664,20.886076,0.0,0.0,133.67857,111.77551,0.18181819,148.5,170.0,70.6,58.0
2002-11-21,91.666664,18.683544,0.0,0.0,133.78572,108.83673,0.0,147.0,167.0,68.2,54.5
2002-11-22,89.77778,16.215189,0.0,0.0,130.35715,105.30612,0.0,141.0,164.0,62.8,50.0
2002-11-23,88.77778,14.658228,0.0,0.0,128.07143,103.53061,0.0,135.5,162.0,59.4,46.0
2002-11-24,88.666664,14.341772,0.0,0.0,127.21429,102.81633,0.0,132.0,160.0,58.4,42.5
2002-11-25,88.111115,13.810126,0.0,0.0,126.67857,102.10204,0.0,131.0,160.0,56.8,41.5
2002-11-26,88.0,13.734178,0.0,0.0,125.75,101.4898,0.0,132.5,160.0,56.0,41.5
2002-11-27,88.0,13.6075945,0.0,0.0,125.17857,100.67347,0.0,130.5,159.0,56.0,40.5
2002-11-28,88.22222,13.240506,0.0,0.0,123.85714,99.55102,0.0,129.5,159.0,55.2,39.5
2002-11-29,88.22222,12.696202,0.0,0.0,122.46429,98.38776,0.0,127.5,158.0,54.6,38.0
2002-11-30,88.0,12.759494,0.0,0.0,122.03571,97.85714,0.0,126.0,157.0,54.4,36.5
2002-12-01,87.44444,13.0,0.25,0.06666667,120.67857,97.0,0.0,125.0,157.0,54.2,36.5
2002-12-02,95.0,14.670886,0.25,0.06666667,120.53571,96.918365,0.0,125.0,157.0,54.2,36.5
2002-12-03,111.0,14.70886,0.5,0.13333334,125.25,99.61224,0.0,125.0,156.0,51.8,35.5
2002-12-04,89.333336,13.92405,0.25,0.06666667,126.10714,100.0,0.0,123.5,155.0,51.6,35.0
2002-12-05,88.77778,13.468354,0.0,0.0,125.82143,99.65306,0.0,121.5,153.0,50.8,32.0
2002-12-06,88.666664,12.92405,0.0,0.0,124.67857,98.918365,0.0,118.5,151.0,50.2,30.0
2002-12-07,88.666664,12.822784,0.0,0.0,124.5,98.79592,0.0,117.5,151.0,50.2,29.5
2002-12-08,88.666664,12.734178,0.0,0.0,124.17857,98.55102,0.0,116.5,150.0,50.2,29.0
2002-12-09,88.666664,12.35443,0.0,0.0,123.96429,98.34694,0.0,115.0,149.0,49.6,28.0
2002-12-10,88.888885,12.2784815,0.0,0.0,123.75,98.46939,0.21212122,118.5,153.0,49.6,29.0
2002-12-11,88.666664,12.189874,0.0,0.0,119.42857,95.46939,0.24242425,111.5,156.0,49.8,31.0
2002-12-12,88.77778,11.974684,0.0,0.0,123.92857,98.55102,0.21212122,120.5,159.0,49.8,31.5
2002-12-13,88.666664,11.822784,0.0,0.0,128.71428,102.04082,0.93939394,123.0,160.0,51.8,33.0
2002-12-14,90.55556,11.70886,0.0,0.0,187.42857,152.14285,2.6363637,151.5,187.0,66.2,55.5
2002-12-15,131.22223,12.088608,0.0,0.0,226.32143,189.59184,7.151515,187.5,220.0,96.0,83.0
2002-12-16,159.0,12.949368,1.25,0.33333334,269.92856,228.93878,28.151516,211.0,246.0,112.6,107.0
2002-12-17,199.55556,41.58228,19.5,8.2,340.89285,304.12244,35.21212,289.0,333.0,171.0,156.5
2002-12-18,208.66667,46.886074,27.5,12.133333,366.10715,331.2857,38.272728,314.5,350.0,199.0,178.0
2002-12-19,208.77777,48.873417,47.25,20.6,369.14285,333.5306,40.909092,316.0,355.0,201.8,179.5
2002-12-20,230.88889,61.455696,69.25,26.866667,399.75,367.16327,67.21212,332.0,378.0,226.2,194.0
2002-12-21,233.0,67.73418,91.5,34.266666,408.35715,376.91837,82.878784,349.0,394.0,231.2,203.5
2002-12-22,233.0,67.696205,94.5,35.4,409.10715,377.7755,87.0,359.5,403.0,236.2,215.5
2002-12-23,233.11111,68.18987,95.5,35.466667,409.0357,377.61224,88.42424,360.5,405.0,237.0,215.5
2002-12-24,233.22223,68.22785,97.75,36.466667,408.67856,377.5306,86.84849,361.0,405.0,237.0,216.0
2002-12-25,216.11111,68.29114,97.5,36.4,408.82144,377.73468,89.969696,362.0,405.0,237.4,216.5
2002-12-26,224.33333,69.303795,98.5,36.066666,408.60715,378.0,90.90909,364.0,407.0,238.6,218.0
2002-12-27,215.11111,69.24051,96.5,34.866665,410.75,382.26532,102.181816,371.0,418.0,242.6,220.0
2002-12-28,215.55556,67.620255,90.75,31.8,412.0,384.79593,117.69697,379.0,419.0,244.6,223.0
2002-12-29,257.0,71.75949,92.0,32.266666,464.2857,439.55103,113.393936,399.5,448.0,267.8,244.5
2002-12-30,255.77777,72.48101,103.0,36.8,470.07144,444.38776,127.818184,421.5,473.0,274.8,255.5
2002-12-31,271.66666,73.025314,103.25,36.2,497.2857,473.9592,157.93939,443.0,496.0,288.0,267.5
2003-01-01,263.66666,77.29114,109.5,37.933334,511.2143,484.02042,143.54546,478.5,530.0,301.0,291.0
2003-01-02,274.22223,76.46835,107.5,37.333332,509.92856,482.42856,144.36363,490.5,543.0,305.0,293.0
2003-01-03,269.0,72.177216,97.0,33.866665,515.8571,487.59183,152.21213,490.5,542.0,303.8,290.5
2003-01-04,270.66666,67.08861,80.0,28.2,516.75,488.12244,139.90909,489.5,541.0,302.4,288.0
2003-01-05,269.22223,61.36709,66.25,23.666666,518.4286,489.55103,135.60606,489.5,540.0,300.8,285.5
2003-01-06,268.55554,56.607594,57.0,20.333334,519.6429,491.08163,131.93939,491.0,539.0,299.6,284.0
2003-01-07,269.44446,55.265823,53.25,18.666666,518.6071,488.63266,129.21213,491.5,537.0,300.8,283.5
2003-01-08,269.55554,52.544304,50.0,16.933332,517.4286,485.30612,124.78788,492.0,536.0,301.0,283.5
2003-01-09,269.44446,53.088608,49.25,16.333334,516.5,481.85715,123.27273,494.0,536.0,299.0,283.5
2003-01-10,283.22223,52.746834,49.0,16.066668,531.4643,493.7755,121.36364,502.5,543.0,300.4,287.5
2003-01-11,294.8889,53.898735,50.25,16.933332,543.3571,503.4898,134.27272,516.0,556.0,304.4,299.0
2003-01-12,287.77777,53.316456,49.5,16.266666,541.9643,500.42856,134.75757,522.5,560.0,305.8,302.0
2003-01-13,286.77777,50.962025,47.75,15.2,544.8214,503.1837,122.121216,525.0,560.0,305.4,300.0
2003-01-14,282.55554,48.518986,45.25,13.533334,545.0,502.57144,114.48485,525.0,558.0,303.4,299.5
2003-01-15,284.0,48.20253,44.0,12.733334,544.9643,502.2449,113.69697,527.0,559.0,303.6,299.0
2003-01-16,278.66666,46.848103,42.0,11.533334,545.2143,501.4694,113.181816,528.5,558.0,303.4,300.5
2003-01-17,272.44446,44.265823,36.0,9.6,533.75,480.7755,107.757576,532.5,557.0,302.4,300.5
2003-01-18,274.33334,41.41772,30.25,8.066667,532.5714,475.73468,104.06061,535.0,553.0,301.8,299.5
2003-01-19,259.0,39.6962,26.25,7.0,531.8214,471.8163,100.78788,538.5,551.0,301.0,295.0
2003-01-20,262.22223,38.13924,23.25,6.2,530.75,468.4694,97.878784,538.0,546.0,298.6,292.5
2003-01-21,255.11111,37.316456,20.5,5.4666667,541.8929,485.06122,95.90909,539.5,541.0,294.6,289.5
2003-01-22,256.33334,36.92405,18.5,4.9333334,530.0,465.1837,93.72727,548.5,546.0,295.8,295.0
2003-01-23,257.1111,35.772152,15.5,4.133333,541.2857,481.97958,91.0,567.5,557.0,294.8,292.0
2003-01-24,250.66667,35.329113,13.25,3.5333333,541.0357,479.85715,89.30303,593.5,585.0,298.2,296.0
2003-01-25,238.77777,34.594936,11.5,3.0666666,540.3571,477.87756,88.333336,595.0,585.0,295.8,294.0
2003-01-26,239.22223,33.58228,8.75,2.3333333,539.3214,474.16327,85.27273,592.5,582.0,288.8,291.5
2003-01-27,233.22223,32.0,4.0,1.0666667,527.1429,452.2449,82.393936,591.0,583.0,284.4,285.0
2003-01-28,219.88889,31.1519,2.25,0.6,527.25,451.1837,79.69697,598.0,596.0,282.8,284.0
2003-01-29,220.22223,30.772152,0.75,0.2,526.6071,449.2449,78.606064,591.0,595.0,280.4,282.0
2003-01-30,220.55556,29.962025,0.0,0.0,525.5357,446.1837,76.69697,585.5,593.0,276.0,276.0
2003-01-31,213.44444,28.392405,0.0,0.0,523.8571,442.14285,74.545456,580.0,589.0,271.4,272.5
2003-02-01,199.88889,24.98734,0.0,0.0,517.7857,434.57144,69.969696,575.0,589.0,267.0,268.0
2003-02-02,199.55556,24.962025,0.0,0.0,518.3929,435.34692,71.878784,583.5,597.0,270.6,277.5
2003-02-03,199.77777,24.962025,0.25,0.26666668,518.0357,435.02042,70.84849,578.0,597.0,273.4,279.0
2003-02-04,196.55556,24.924051,0.0,0.0,517.5357,434.06122,70.818184,579.0,596.0,276.0,279.0
2003-02-05,196.22223,24.924051,0.0,0.0,517.25,433.89795,70.42424,572.5,597.0,275.6,279.0
2003-02-06,196.22223,24.924051,0.0,0.0,516.75,433.42856,70.48485,581.0,598.0,270.8,277.0
2003-02-07,196.33333,25.227848,0.0,0.0,516.4643,433.06122,70.51515,581.5,597.0,270.8,277.0
2003-02-08,196.22223,25.227848,0.0,0.0,516.1071,432.79593,83.90909,582.0,598.0,270.8,277.0
2003-02-09,196.22223,25.962025,0.0,0.0,515.8929,432.44897,70.57576,582.0,598.0,270.8,277.5
2003-02-10,196.22223,25.658228,0.0,0.0,515.8929,432.38776,69.72727,577.0,598.0,270.8,277.5
2003-02-11,196.22223,25.556963,0.0,0.0,515.2857,430.38776,66.42424,575.0,597.0,270.0,275.5
2003-02-12,197.0,28.696203,0.0,0.0,515.2143,429.08163,65.21212,573.5,596.0,269.8,274.5
2003-02-13,238.11111,44.06329,8.5,2.2666667,531.6071,440.32654,63.939392,572.5,597.0,273.0,275.5
2003-02-14,217.22223,44.78481,11.25,3.0,544.25,452.02042,62.575756,576.0,599.0,277.6,275.0
2003-02-15,213.55556,44.0,11.75,3.1333334,543.5,449.79593,61.424244,573.0,597.0,278.0,273.0
2003-02-16,267.33334,43.07595,11.25,3.0,554.0714,460.2449,74.36364,594.0,601.0,279.4,277.5
2003-02-17,245.33333,43.481014,13.75,3.6666667,558.9286,464.30612,68.454544,620.0,630.0,296.2,291.0
2003-02-18,224.0,44.962025,15.0,4.0,559.2143,464.5102,69.09091,621.0,633.0,300.8,291.5
2003-02-19,219.22223,45.20253,16.0,4.266667,559.8214,464.8163,76.84849,618.0,633.0,306.2,291.5
2003-02-20,232.66667,46.455696,17.25,5.0666666,565.8571,471.08163,79.15151,616.0,635.0,306.0,294.5
2003-02-21,221.77777,47.949368,18.25,5.2,564.9286,469.40817,77.606064,616.5,639.0,307.8,294.0
2003-02-22,285.8889,46.0,16.5,4.4,564.3214,467.57144,76.27273,616.0,638.0,305.2,294.5
2003-02-23,220.11111,43.6962,15.0,4.0,565.1786,466.9592,74.78788,617.5,637.0,312.0,291.0
2003-02-24,219.0,42.6962,13.5,3.6,564.7143,465.61224,72.878784,619.5,639.0,311.8,291.0
2003-02-25,240.0,44.0,14.0,3.7333333,570.3929,471.4898,72.666664,624.0,640.0,315.0,291.0
2003-02-26,226.22223,47.50633,17.0,5.0666666,575.0357,476.44897,72.454544,620.5,640.0,325.8,291.5
2003-02-27,229.77777,54.430378,21.5,6.6,562.7857,456.85715,64.878784,636.0,645.0,328.6,298.0
2003-02-28,245.66667,58.253166,38.25,11.933333,582.75,485.10205,64.333336,633.0,647.0,326.2,298.0
2003-03-01,232.0,59.63291,44.5,13.866667,586.6786,486.5306,64.454544,637.0,652.0,332.2,300.5
2003-03-02,230.44444,59.594936,44.5,13.866667,586.7143,487.16327,72.333336,635.0,655.0,331.8,298.5
2003-03-03,294.44446,59.772152,45.5,14.333333,586.25,486.57144,76.0,632.5,655.0,338.6,298.5
2003-03-04,297.55554,59.481014,42.5,13.533334,589.7857,488.97958,74.818184,634.0,655.0,339.8,298.5
2003-03-05,295.44446,59.79747,45.25,14.466666,590.6429,490.08163,69.393936,630.0,655.0,336.8,298.0
2003-03-06,294.77777,58.83544,43.5,14.266666,590.4643,489.63266,67.757576,624.0,653.0,328.0,295.0
2003-03-07,293.66666,55.35443,35.0,11.666667,589.3214,487.7551,66.454544,623.5,653.0,332.4,287.5
2003-03-08,291.77777,52.037975,30.75,9.666667,588.9286,486.08163,78.42424,619.0,649.0,320.8,284.0
2003-03-09,288.8889,47.6962,25.25,7.0,588.1786,482.91837,67.818184,611.0,638.0,306.4,278.5
2003-03-10,286.8889,43.455696,20.75,5.5333333,586.3929,478.93878,65.181816,606.0,629.0,302.6,274.0
2003-03-11,283.66666,40.35443,17.75,4.733333,584.4643,475.0,61.757576,599.5,620.0,294.6,272.5
2003-03-12,279.66666,37.658226,15.25,4.0666666,582.3214,471.0408,60.21212,591.0,609.0,285.2,266.5
2003-03-13,275.55554,34.253166,11.25,3.0,579.6786,467.0,72.78788,573.0,598.0,277.0,259.0
2003-03-14,270.55554,30.936708,8.25,2.2,576.5714,462.2245,54.303032,557.0,587.0,268.4,255.0
2003-03-15,248.88889,29.227848,6.0,1.6,622.2143,497.55103,68.21212,560.0,586.0,263.8,266.0
2003-03-16,244.55556,46.20253,21.75,8.066667,646.1786,522.0,70.36364,593.0,608.0,282.2,293.5
2003-03-17,238.88889,49.83544,27.75,10.8,652.3214,527.95917,85.969696,598.0,612.0,287.6,295.0
2003-03-18,256.0,51.83544,53.5,19.333334,653.2857,528.7959,70.181816,601.5,617.0,291.0,295.5
2003-03-19,247.88889,51.92405,55.25,20.066668,653.3929,529.12244,69.48485,604.0,624.0,297.0,297.5
2003-03-20,252.44444,50.07595,45.25,16.8,655.0714,530.0612,69.06061,600.5,621.0,299.2,297.0
2003-03-21,240.33333,48.569622,42.75,15.933333,654.75,529.16327,67.818184,601.5,629.0,297.0,298.0
2003-03-22,238.33333,45.341774,43.5,15.4,652.75,524.8571,64.48485,598.5,626.0,291.4,291.0
2003-03-23,234.66667,39.64557,47.25,15.133333,649.6786,519.2041,62.242424,594.0,623.0,283.4,285.5
2003-03-24,287.33334,37.50633,45.5,13.6,652.9286,522.87756,60.939392,588.5,606.0,288.2,282.5
2003-03-25,283.77777,35.392406,45.25,12.666667,651.4286,520.7551,58.81818,591.5,588.0,283.8,275.5
2003-03-26,280.77777,32.227848,36.5,9.733334,648.1429,515.61224,55.21212,584.0,579.0,270.8,265.5
2003-03-27,228.77777,29.898735,30.5,8.133333,648.9286,516.6326,54.60606,591.5,575.0,270.6,269.5
2003-03-28,229.11111,29.27848,28.0,7.4666667,648.3214,515.3674,53.545456,588.5,568.0,271.4,268.5
2003-03-29,229.11111,28.810127,25.25,6.733333,647.6786,514.2245,51.333332,584.5,562.0,272.2,263.0
2003-03-30,228.11111,28.164557,22.75,6.0666666,644.0,509.32654,46.424244,577.5,554.0,261.0,251.5
2003-03-31,225.55556,25.86076,17.5,4.6666665,636.6071,500.30612,41.696968,554.0,533.0,242.8,234.0
2003-04-01,222.22223,24.025316,12.25,3.2666667,629.75,492.55103,37.484848,531.5,515.0,223.6,217.0
2003-04-02,268.33334,24.329113,11.5,3.0666666,656.0714,520.53064,57.090908,539.5,520.0,226.4,220.5
2003-04-03,296.77777,27.443037,28.75,8.4,680.9643,545.6531,49.81818,559.0,544.0,239.8,239.0
2003-04-04,274.44446,27.949368,35.5,10.066667,690.6071,556.18365,65.84849,573.5,556.0,249.8,242.5
2003-04-05,298.55554,24.443037,40.75,11.6,696.8929,556.9184,54.060608,600.0,583.0,259.6,257.5
2003-04-06,275.66666,26.329113,55.75,17.933332,703.0357,563.10205,55.575756,615.0,591.0,263.2,258.5
2003-04-07,276.77777,25.063292,53.75,17.4,703.1786,567.2653,51.545456,617.5,596.0,263.4,259.5
2003-04-08,257.55554,22.189873,42.0,13.4,702.9286,566.95917,48.696968,609.0,594.0,259.4,255.0
2003-04-09,283.33334,18.594936,23.25,6.2,696.6071,557.9388,41.757576,597.5,587.0,252.4,246.5
2003-04-10,279.66666,22.620253,14.0,3.7333333,677.2857,531.551,38.0,585.0,574.0,237.0,235.0
2003-04-11,224.44444,21.506329,9.75,2.6,672.6071,526.12244,34.878788,575.5,568.0,223.0,224.0
2003-04-12,257.55554,20.556963,6.25,1.6666666,667.3571,521.3674,34.39394,552.5,557.0,220.6,213.5
2003-04-13,265.66666,20.41772,4.5,1.2,721.75,573.32654,80.21212,617.5,608.0,242.4,242.0
2003-04-14,293.0,23.86076,9.25,2.6,779.5714,631.16327,76.181816,676.5,662.0,289.0,282.0
2003-04-15,297.0,28.86076,29.5,9.333333,786.2143,629.9184,65.393936,688.0,668.0,296.8,283.0
2003-04-16,299.1111,29.405064,27.75,8.666667,785.0714,634.8571,68.969696,689.5,670.0,290.4,283.0
2003-04-17,299.33334,28.518988,23.5,6.8,788.0,637.67346,67.757576,697.0,673.0,298.2,287.0
2003-04-18,300.22223,24.949368,26.5,9.266666,798.7143,647.61224,62.969696,713.0,679.0,295.6,290.5
2003-04-19,300.44446,25.189873,27.75,9.6,800.7143,648.46936,56.757576,722.0,681.0,293.4,289.5
2003-04-20,301.0,24.784811,31.0,9.8,800.1429,647.2653,53.696968,731.5,682.0,292.8,289.5
2003-04-21,301.0,22.72152,32.25,8.6,798.3929,645.3469,49.0,729.5,684.0,289.2,284.0
2003-04-22,308.44446,24.898735,38.75,11.533334,817.5714,665.2449,48.909092,713.0,689.0,293.2,283.0
2003-04-23,249.0,26.126583,48.25,14.733334,829.7143,680.8571,45.727272,716.5,691.0,291.4,284.0
2003-04-24,248.0,24.734177,44.75,13.466666,829.6786,679.59186,50.60606,732.5,686.0,285.8,280.0
2003-04-25,246.0,22.70886,43.0,11.6,834.2143,678.53064,61.848484,740.5,708.0,287.8,291.0
2003-04-26,244.88889,21.367088,42.75,11.4,838.2857,683.87756,80.121216,790.0,745.0,291.0,309.5
2003-04-27,285.8889,19.835443,40.5,10.8,836.7857,682.9796,73.27273,797.0,753.0,293.8,315.0
2003-04-28,295.22223,18.468355,36.5,9.733334,849.25,694.12244,70.72727,822.0,751.0,293.4,317.0
2003-04-29,292.55554,18.265823,37.5,10.0,854.7143,699.449,82.121216,822.5,769.0,298.8,325.0
2003-04-30,292.55554,17.822784,37.75,10.066667,855.9643,700.87756,81.878784,829.0,775.0,298.0,326.5
2003-05-01,290.33334,17.531645,38.0,10.133333,856.8571,702.32654,77.969696,833.5,777.0,298.8,327.0
2003-05-02,287.77777,16.72152,33.0,8.8,855.0,700.40814,74.63636,828.0,770.0,297.0,318.5
2003-05-03,291.77777,22.632912,33.25,8.866667,863.2143,709.2653,74.242424,845.0,770.0,295.2,317.5
2003-05-04,305.1111,27.379747,48.0,12.8,881.25,727.46936,77.0,861.5,781.0,297.6,314.5
2003-05-05,258.33334,28.215189,62.75,17.266666,886.75,733.551,76.30303,855.0,789.0,307.2,315.5
2003-05-06,302.1111,24.531645,62.5,16.666666,884.75,732.0816,72.48485,851.0,782.0,297.4,309.0
2003-05-07,300.8889,22.531645,58.25,15.533334,884.5,732.0816,70.606064,862.0,770.0,295.6,303.0
2003-05-08,306.0,22.72152,62.75,16.733334,889.7143,741.2245,68.21212,855.5,764.0,319.0,298.0
2003-05-09,314.44446,22.8481,80.25,22.333334,899.25,746.9388,89.90909,855.5,777.0,309.4,300.0
2003-05-10,265.44446,25.962025,84.5,23.666666,901.75,751.0816,68.63636,876.5,777.0,315.8,299.5
2003-05-11,264.44446,24.164557,75.25,20.533333,900.1429,749.53064,65.0,875.5,774.0,309.2,295.0
2003-05-12,306.1111,22.0,63.0,16.8,894.25,743.32654,60.242424,852.0,761.0,318.0,288.5
2003-05-13,299.0,17.658228,41.75,11.133333,885.1071,729.95917,54.030304,790.0,730.0,308.0,274.5
2003-05-14,289.66666,19.58228,31.75,8.466666,870.6786,711.7959,46.090908,751.5,699.0,290.8,254.0
2003-05-15,287.8889,18.113924,26.5,7.0666666,865.6429,704.40814,39.939392,715.0,668.0,273.6,230.5
2003-05-16,279.22223,16.113924,20.25,5.4,857.1786,690.7143,36.060608,686.5,641.0,260.0,217.0
2003-05-17,271.8889,13.2784815,10.5,2.8,846.3571,675.3674,38.545456,659.0,618.0,245.4,198.0
2003-05-18,266.44446,11.658228,5.0,1.3333334,836.3929,663.7551,35.454544,613.5,590.0,232.8,186.5
2003-05-19,261.44446,9.734178,0.0,0.0,825.6071,651.81635,32.333332,570.0,567.0,222.0,180.5
2003-05-20,254.88889,7.531646,0.0,0.0,808.5,635.0816,27.212122,552.0,553.0,212.0,172.0
2003-05-21,241.66667,5.291139,0.0,0.0,783.5357,610.7551,23.69697,521.0,532.0,194.0,157.5
2003-05-22,220.66667,3.063291,0.0,0.0,754.3571,582.38776,19.151516,464.5,508.0,166.2,129.0
2003-05-23,197.66667,1.607595,0.0,0.0,720.3929,550.46936,15.333333,419.5,474.0,135.2,95.0
2003-05-24,176.66667,0.84810126,0.0,0.0,682.5357,515.2449,12.212121,369.0,435.0,103.4,58.5
2003-05-25,165.11111,0.4050633,0.0,0.0,654.2143,486.42856,10.060606,311.0,401.0,75.0,24.0
2003-05-26,155.55556,0.17721519,0.0,0.0,637.2143,471.87756,8.787879,280.5,382.0,57.6,0.0
2003-05-27,140.22223,0.0,0.0,0.0,609.1429,449.7143,7.181818,250.0,357.0,34.0,0.0
2003-05-28,119.77778,0.0,0.0,0.0,549.8929,406.16327,4.121212,199.0,315.0,8.6,0.0
2003-05-29,71.666664,0.0,0.0,0.0,388.64285,288.61224,0.8484849,140.5,265.0,0.0,0.0
2003-05-30,55.88889,0.0,0.0,0.0,353.82144,261.67346,0.0,87.5,217.0,0.0,0.0
2003-05-31,47.88889,0.0,0.0,0.0,331.35715,244.65306,0.0,66.5,185.0,0.0,0.0
2003-06-01,39.444443,0.0,0.0,0.0,307.10715,226.20409,0.0,47.0,156.0,0.0,0.0
2003-06-02,29.333334,0.0,0.0,0.0,301.82144,218.44897,0.0,23.0,119.0,0.0,0.0
2003-06-03,16.777779,0.0,0.0,0.0,264.2143,190.08163,0.0,0.0,73.0,0.0,0.0
2003-06-04,4.4444447,0.0,0.0,0.0,230.10715,162.91837,0.0,0.0,23.0,0.0,0.0
2003-06-05,0.0,0.0,0.0,0.0,196.75,137.61224,0.0,0.0,0.0,0.0,0.0
2003-06-06,0.0,0.0,0.0,0.0,167.53572,116.44898,0.0,0.0,0.0,0.0,0.0
2003-06-07,0.0,0.0,0.0,0.0,141.21428,97.408165,0.0,0.0,0.0,0.0,0.0
2003-06-08,0.0,0.0,0.0,0.0,113.53571,77.36735,0.0,0.0,0.0,0.0,0.0
2003-06-09,0.0,0.0,0.0,0.0,86.89286,58.367348,0.0,0.0,0.0,0.0,0.0
2003-06-10,0.0,0.0,0.0,0.0,72.96429,48.2449,0.0,0.0,0.0,0.0,0.0
2003-06-11,0.0,0.0,0.0,0.0,62.964287,40.918365,0.0,0.0,0.0,0.0,0.0
2003-06-12,0.0,0.0,0.0,0.0,55.42857,35.69388,0.0,0.0,0.0,0.0,0.0
2003-06-13,0.0,0.0,0.0,0.0,49.464287,31.510204,0.0,0.0,0.0,0.0,0.0
2003-06-14,0.0,0.0,0.0,0.0,44.25,27.571428,0.0,0.0,0.0,0.0,0.0
2003-06-15,0.0,0.0,0.0,0.0,36.82143,21.795918,0.0,0.0,0.0,0.0,0.0
2003-06-16,0.0,0.0,0.0,0.0,31.642857,18.081633,0.0,0.0,0.0,0.0,0.0
2003-06-17,0.0,0.0,0.0,0.0,25.75,14.714286,0.0,0.0,0.0,0.0,0.0
2003-06-18,0.0,0.0,0.0,0.0,20.464285,11.693877,0.0,0.0,0.0,0.0,0.0
2003-06-19,0.0,0.0,0.0,0.0,17.214285,9.836735,0.0,0.0,0.0,0.0,0.0
2003-06-20,0.0,0.0,0.0,0.0,15.428572,8.816326,0.0,0.0,0.0,0.0,0.0
2003-06-21,0.0,0.0,0.0,0.0,14.214286,8.122449,0.0,0.0,0.0,0.0,0.0
2003-06-22,0.0,0.0,0.0,0.0,13.071428,7.4693875,0.0,0.0,0.0,0.0,0.0
2003-06-23,0.0,0.0,0.0,0.0,11.75,6.714286,0.0,0.0,0.0,0.0,0.0
2003-06-24,0.0,0.0,0.0,0.0,10.857142,6.2040815,0.0,0.0,0.0,0.0,0.0
2003-06-25,0.0,0.0,0.0,0.0,10.642858,6.0816326,0.0,0.0,0.0,0.0,0.0
2003-06-26,0.0,0.0,0.0,0.0,7.714286,4.408163,0.0,0.0,0.0,0.0,0.0
2003-06-27,0.0,0.0,0.0,0.0,4.428571,2.5306122,0.0,0.0,0.0,0.0,0.0
2003-06-28,0.0,0.0,0.0,0.0,2.4642856,1.4081633,0.0,0.0,0.0,0.0,0.0
2003-06-29,0.0,0.0,0.0,0.0,0.42857143,0.24489796,0.0,0.0,0.0,0.0,0.0
2003-06-30,0.0,0.0,0.0,0.0,0.0,0.0,0.0,0.0,0.0,0.0,0.0
2003-07-01,0.0,0.0,0.0,0.0,0.0,0.0,0.0,0.0,0.0,0.0,0.0
2003-07-02,0.0,0.0,0.0,0.0,0.0,0.0,0.0,0.0,0.0,0.0,0.0
2003-07-03,0.0,0.0,0.0,0.0,0.0,0.0,0.0,0.0,0.0,0.0,0.0
2003-07-04,0.0,0.0,0.0,0.0,0.0,0.0,0.0,0.0,0.0,0.0,0.0
2003-07-05,0.0,0.0,0.0,0.0,0.0,0.0,0.0,0.0,0.0,0.0,0.0
2003-07-06,0.0,0.0,0.0,0.0,0.0,0.0,0.0,0.0,0.0,0.0,0.0
2003-07-07,0.0,0.0,0.0,0.0,0.0,0.0,0.0,0.0,0.0,0.0,0.0
2003-07-08,0.0,0.0,0.0,0.0,0.0,0.0,0.0,0.0,0.0,0.0,0.0
2003-07-09,0.0,0.0,0.0,0.0,0.0,0.0,0.0,0.0,0.0,0.0,0.0
2003-07-10,0.0,0.0,0.0,0.0,0.0,0.0,0.0,0.0,0.0,0.0,0.0
2003-07-11,0.0,0.0,0.0,0.0,0.0,0.0,0.0,0.0,0.0,0.0,0.0
2003-07-12,0.0,0.0,0.0,0.0,0.0,0.0,0.0,0.0,0.0,0.0,0.0
2003-07-13,0.0,0.0,0.0,0.0,0.0,0.0,0.0,0.0,0.0,0.0,0.0
2003-07-14,0.0,0.0,0.0,0.0,0.0,0.0,0.0,0.0,0.0,0.0,0.0
2003-07-15,0.0,0.0,0.0,0.0,0.0,0.0,0.0,0.0,0.0,0.0,0.0
2003-07-16,0.0,0.0,0.0,0.0,0.0,0.0,0.0,0.0,0.0,0.0,0.0
2003-07-17,0.0,0.0,0.0,0.0,0.0,0.0,0.0,0.0,0.0,0.0,0.0
2003-07-18,0.0,0.0,0.0,0.0,0.0,0.0,0.0,0.0,0.0,0.0,0.0
2003-07-19,0.0,0.0,0.0,0.0,0.0,0.0,0.0,0.0,0.0,0.0,0.0
2003-07-20,0.0,0.0,0.0,0.0,0.0,0.0,0.0,0.0,0.0,0.0,0.0
2003-07-21,0.0,0.0,0.0,0.0,0.0,0.0,0.0,0.0,0.0,0.0,0.0
2003-07-22,0.0,0.0,0.0,0.0,0.0,0.0,0.0,0.0,0.0,0.0,0.0
2003-07-23,0.0,0.0,0.0,0.0,0.0,0.0,0.0,0.0,0.0,0.0,0.0
2003-07-24,0.0,0.0,0.0,0.0,0.0,0.0,0.0,0.0,0.0,0.0,0.0
2003-07-25,0.0,0.0,0.0,0.0,0.0,0.0,0.0,0.0,0.0,0.0,0.0
2003-07-26,0.0,0.0,0.0,0.0,0.0,0.0,0.0,0.0,0.0,0.0,0.0
2003-07-27,0.0,0.0,0.0,0.0,0.0,0.0,0.0,0.0,0.0,0.0,0.0
2003-07-28,0.0,0.0,0.0,0.0,0.0,0.0,0.0,0.0,0.0,0.0,0.0
2003-07-29,0.0,0.0,0.0,0.0,0.0,0.0,0.0,0.0,0.0,0.0,0.0
2003-07-30,0.0,0.0,0.0,0.0,0.0,0.0,0.0,0.0,0.0,0.0,0.0
2003-07-31,0.0,0.0,0.0,0.0,0.0,0.0,0.0,0.0,0.0,0.0,0.0
2003-08-01,0.0,0.0,0.0,0.0,0.0,0.0,0.0,0.0,0.0,0.0,0.0
2003-08-02,0.0,0.0,0.0,0.0,0.0,0.0,0.0,0.0,0.0,0.0,0.0
2003-08-03,0.0,0.0,0.0,0.0,0.0,0.0,0.0,0.0,0.0,0.0,0.0
2003-08-04,0.0,0.0,0.0,0.0,0.0,0.0,0.0,0.0,0.0,0.0,0.0
2003-08-05,0.0,0.0,0.0,0.0,0.0,0.0,0.0,0.0,0.0,0.0,0.0
2003-08-06,0.0,0.0,0.0,0.0,0.0,0.0,0.0,0.0,0.0,0.0,0.0
2003-08-07,0.0,0.0,0.0,0.0,0.0,0.0,0.0,0.0,0.0,0.0,0.0
2003-08-08,0.0,0.0,0.0,0.0,0.0,0.0,0.0,0.0,0.0,0.0,0.0
2003-08-09,0.0,0.0,0.0,0.0,0.0,0.0,0.0,0.0,0.0,0.0,0.0
2003-08-10,0.0,0.0,0.0,0.0,0.0,0.0,0.0,0.0,0.0,0.0,0.0
2003-08-11,0.0,0.0,0.0,0.0,0.0,0.0,0.0,0.0,0.0,0.0,0.0
2003-08-12,0.0,0.0,0.0,0.0,0.0,0.0,0.0,0.0,0.0,0.0,0.0
2003-08-13,0.0,0.0,0.0,0.0,0.0,0.0,0.0,0.0,0.0,0.0,0.0
2003-08-14,0.0,0.0,0.0,0.0,0.0,0.0,0.0,0.0,0.0,0.0,0.0
2003-08-15,0.0,0.0,0.0,0.0,0.0,0.0,0.0,0.0,0.0,0.0,0.0
2003-08-16,0.0,0.0,0.0,0.0,0.0,0.0,0.0,0.0,0.0,0.0,0.0
2003-08-17,0.0,0.0,0.0,0.0,0.0,0.0,0.0,0.0,0.0,0.0,0.0
2003-08-18,0.0,0.0,0.0,0.0,0.0,0.0,0.0,0.0,0.0,0.0,0.0
2003-08-19,0.0,0.0,0.0,0.0,0.0,0.0,0.0,0.0,0.0,0.0,0.0
2003-08-20,0.0,0.0,0.0,0.0,0.0,0.0,0.0,0.0,0.0,0.0,0.0
2003-08-21,0.0,0.0,0.0,0.0,0.0,0.0,0.0,0.0,0.0,0.0,0.0
2003-08-22,0.0,0.0,0.0,0.0,0.0,0.0,0.0,0.0,0.0,0.0,0.0
2003-08-23,0.0,0.0,0.0,0.0,0.0,0.0,0.0,0.0,0.0,0.0,0.0
2003-08-24,0.0,0.0,0.0,0.0,0.0,0.0,0.0,0.0,0.0,0.0,0.0
2003-08-25,0.0,0.0,0.0,0.0,0.0,0.0,0.0,0.0,0.0,0.0,0.0
2003-08-26,0.0,0.0,0.0,0.0,0.0,0.0,0.0,0.0,0.0,0.0,0.0
2003-08-27,0.0,0.0,0.0,0.0,0.0,0.0,0.0,0.0,0.0,0.0,0.0
2003-08-28,0.0,0.0,0.0,0.0,0.0,0.0,0.0,0.0,0.0,0.0,0.0
2003-08-29,0.0,0.0,0.0,0.0,0.0,0.0,0.0,0.0,0.0,0.0,0.0
2003-08-30,0.0,0.0,0.0,0.0,0.0,0.0,0.0,0.0,0.0,0.0,0.0
2003-08-31,0.0,0.0,0.0,0.0,0.0,0.0,0.0,0.0,0.0,0.0,0.0
2003-09-01,0.0,0.0,0.0,0.0,0.0,0.0,0.0,0.0,0.0,0.0,0.0
2003-09-02,0.0,0.0,0.0,0.0,0.0,0.0,0.0,0.0,0.0,0.0,0.0
2003-09-03,0.0,0.0,0.0,0.0,0.0,0.0,0.0,0.0,0.0,0.0,0.0
2003-09-04,0.0,0.0,0.0,0.0,0.0,0.0,0.0,0.0,0.0,0.0,0.0
2003-09-05,0.0,0.0,0.0,0.0,0.0,0.0,0.0,0.0,0.0,0.0,0.0
2003-09-06,0.0,0.0,0.0,0.0,0.0,0.0,0.0,0.0,0.0,0.0,0.0
2003-09-07,0.0,0.0,0.0,0.0,0.0,0.0,0.0,0.0,0.0,0.0,0.0
2003-09-08,0.0,0.0,0.0,0.0,0.0,0.0,0.0,0.0,0.0,0.0,0.0
2003-09-09,0.0,0.0,0.0,0.0,0.0,0.0,0.0,0.0,0.0,0.0,0.0
2003-09-10,0.0,0.0,0.0,0.0,0.0,0.0,0.0,0.0,0.0,0.0,0.0
2003-09-11,0.0,0.0,0.0,0.0,0.0,0.0,0.0,0.0,0.0,0.0,0.0
2003-09-12,0.0,0.0,0.0,0.0,0.0,0.0,0.0,0.0,0.0,0.0,0.0
2003-09-13,0.0,0.0,0.0,0.0,0.0,0.0,0.0,0.0,0.0,0.0,0.0
2003-09-14,0.0,0.0,0.0,0.0,0.0,0.0,0.0,0.0,0.0,0.0,0.0
2003-09-15,0.0,0.0,0.0,0.0,0.0,0.0,0.0,0.0,0.0,0.0,0.0
2003-09-16,0.0,0.0,0.0,0.0,0.0,0.0,0.0,0.0,0.0,0.0,0.0
2003-09-17,0.0,0.0,0.0,0.0,0.0,0.0,0.0,0.0,0.0,0.0,0.0
2003-09-18,0.0,0.0,0.0,0.0,0.0,0.0,0.0,0.0,0.0,0.0,0.0
2003-09-19,0.0,0.0,0.0,0.0,0.0,0.0,0.0,0.0,0.0,0.0,0.0
2003-09-20,0.0,0.0,0.0,0.0,0.0,0.0,0.0,0.0,0.0,0.0,0.0
2003-09-21,0.0,0.0,0.0,0.0,0.0,0.0,0.0,0.0,0.0,0.0,0.0
2003-09-22,0.0,0.0,0.0,0.0,0.0,0.0,0.0,0.0,0.0,0.0,0.0
2003-09-23,0.0,0.0,0.0,0.0,0.0,0.0,0.0,0.0,0.0,0.0,0.0
2003-09-24,0.0,0.0,0.0,0.0,0.0,0.0,0.0,0.0,0.0,0.0,0.0
2003-09-25,0.0,0.0,0.0,0.0,0.0,0.0,0.0,0.0,0.0,0.0,0.0
2003-09-26,0.0,0.0,0.0,0.0,0.0,0.0,0.0,0.0,0.0,0.0,0.0
2003-09-27,0.0,0.0,0.0,0.0,0.0,0.0,0.0,0.0,0.0,0.0,0.0
2003-09-28,0.0,0.0,0.0,0.0,0.0,0.0,0.0,0.0,0.0,0.0,0.0
2003-09-29,0.0,0.0,0.0,0.0,0.0,0.0,0.0,0.0,0.0,0.0,0.0
2003-09-30,0.0,0.0,0.0,0.0,0.0,0.0,0.0,0.0,0.0,0.0,0.0
2003-10-01,0.0,0.0,0.0,0.0,0.0,0.0,0.0,0.0,0.0,0.0,0.0
2003-10-02,0.0,0.0,0.0,0.0,0.0,0.0,0.0,0.0,0.0,0.0,0.0
2003-10-03,0.0,0.0,0.0,0.0,0.0,0.0,0.0,0.0,0.0,0.0,0.0
2003-10-04,0.0,0.0,0.0,0.0,0.0,0.0,0.0,0.0,0.0,0.0,0.0
2003-10-05,0.0,0.0,0.0,0.0,0.0,0.0,0.0,0.0,0.0,0.0,0.0
2003-10-06,0.0,0.0,0.0,0.0,0.0,0.0,0.0,0.0,0.0,0.0,0.0
2003-10-07,0.0,0.0,0.0,0.0,0.0,0.0,0.0,0.0,0.0,0.0,0.0
2003-10-08,0.0,0.0,0.0,0.0,0.0,0.0,0.0,0.0,0.0,0.0,0.0
2003-10-09,0.0,0.0,0.0,0.0,0.0,0.0,0.0,0.0,0.0,0.0,0.0
2003-10-10,0.0,0.0,0.0,0.0,0.0,0.0,0.0,0.0,0.0,0.0,0.0
2003-10-11,0.0,0.0,0.0,0.0,0.0,0.0,0.0,0.0,0.0,0.0,0.0
2003-10-12,0.0,0.0,0.0,0.0,0.0,0.0,0.0,0.0,0.0,0.0,0.0
2003-10-13,0.0,0.0,0.0,0.0,0.0,0.0,0.0,0.0,0.0,0.0,0.0
2003-10-14,0.0,0.0,0.0,0.0,0.0,0.0,0.0,0.0,0.0,0.0,0.0
2003-10-15,0.0,0.0,0.0,0.0,0.0,0.0,0.0,0.0,0.0,0.0,0.0
2003-10-16,0.0,0.0,0.0,0.0,0.0,0.0,0.0,0.0,0.0,0.0,0.0
2003-10-17,0.0,0.0,0.0,0.0,0.0,0.0,0.0,0.0,0.0,0.0,0.0
2003-10-18,0.0,0.0,0.0,0.0,0.0,0.0,0.0,0.0,0.0,0.0,0.0
2003-10-19,0.0,0.0,0.0,0.0,0.0,0.0,0.0,0.0,0.0,0.0,0.0
2003-10-20,0.0,0.0,0.0,0.0,0.0,0.0,0.0,0.0,0.0,0.0,0.0
2003-10-21,0.0,0.0,0.0,0.0,0.0,0.0,0.0,0.0,0.0,0.0,0.0
2003-10-22,0.0,0.0,0.0,0.0,0.0,0.0,0.0,0.0,0.0,0.0,0.0
2003-10-23,0.0,0.0,0.0,0.0,0.0,0.0,0.0,0.0,0.0,0.0,0.0
2003-10-24,0.0,0.0,0.0,0.0,0.0,0.0,0.0,0.0,0.0,0.0,0.0
2003-10-25,0.0,0.0,0.0,0.0,0.0,0.0,0.0,0.0,0.0,0.0,0.0
2003-10-26,0.0,0.0,0.0,0.0,0.0,0.0,0.0,0.0,0.0,0.0,0.0
2003-10-27,0.0,0.0,0.0,0.0,0.0,0.0,0.0,0.0,0.0,0.0,0.0
2003-10-28,0.0,0.0,0.0,0.0,0.0,0.0,0.0,0.0,0.0,0.0,0.0
2003-10-29,0.0,0.0,0.0,0.0,0.0,0.0,0.0,0.0,0.0,0.0,0.0
2003-10-30,0.0,0.0,0.0,0.0,0.0,0.0,0.0,0.0,0.0,0.0,0.0
2003-10-31,0.11111111,0.0,0.25,0.06666667,1.2857143,0.97959185,0.030303031,1.0,2.0,0.0,4.5
2003-11-01,1.1111112,0.7848101,2.25,0.6666667,4.892857,5.265306,0.09090909,30.0,41.0,9.2,23.0
2003-11-02,1.3333334,0.9493671,1.5,0.46666667,4.892857,5.4489794,0.060606062,39.5,55.0,10.2,23.5
2003-11-03,7.2222223,1.3544304,1.75,0.6666667,15.75,17.081633,8.30303,47.0,63.0,13.0,27.5
2003-11-04,10.0,3.822785,8.5,2.8,25.821428,26.32653,7.4242425,52.0,67.0,18.4,30.0
2003-11-05,9.888889,4.227848,7.75,2.6,26.321428,26.857143,6.242424,52.5,67.0,18.4,29.0
2003-11-06,8.222222,3.5696204,6.25,2.0666666,26.25,26.387754,5.909091,52.5,67.0,18.4,29.0
2003-11-07,7.111111,2.443038,5.25,1.4,26.535715,26.530613,4.939394,52.5,69.0,20.2,30.5
2003-11-08,7.111111,1.7468355,4.5,1.2,26.785715,26.67347,3.939394,55.0,71.0,20.6,32.0
2003-11-09,26.666666,3.329114,3.75,1.0,51.464287,50.734695,13.666667,68.0,82.0,26.2,40.0
2003-11-10,31.777779,5.164557,5.25,1.4,60.5,60.877552,12.151515,85.5,100.0,56.4,50.5
2003-11-11,31.666666,4.949367,5.25,1.4,59.857143,60.061226,11.0,85.0,100.0,57.0,50.0
2003-11-12,31.777779,4.56962,4.5,1.2,59.82143,59.89796,10.606061,84.5,98.0,58.8,50.0
2003-11-13,43.0,11.29114,6.5,1.7333333,63.5,62.142857,9.090909,82.5,98.0,59.2,49.5
2003-11-14,36.666668,12.063292,7.0,1.8666667,63.857143,62.387756,8.757576,82.5,99.0,59.0,49.0
2003-11-15,32.444443,12.025316,7.5,2.0,67.46429,65.408165,11.242424,96.5,114.0,60.8,60.0
2003-11-16,43.444443,14.1645565,8.25,2.2666667,70.92857,70.02041,13.212121,105.0,124.0,62.4,62.0
2003-11-17,31.555555,14.341772,10.0,3.2666667,71.75,70.46939,13.666667,106.0,127.0,64.6,62.0
2003-11-18,30.88889,12.240506,9.25,2.7333333,71.5,69.55102,12.818182,105.0,124.0,61.8,61.5
2003-11-19,31.333334,9.012658,6.0,1.6,71.57143,68.0,10.848485,103.0,122.0,58.2,58.5
2003-11-20,27.777779,5.873418,2.25,0.6,71.78571,65.97959,8.454545,102.0,123.0,52.8,55.5
2003-11-21,25.88889,4.455696,0.5,0.13333334,71.53571,65.02041,8.363636,99.5,119.0,51.6,52.5
2003-11-22,28.666666,4.4177217,2.25,0.6,71.35714,64.918365,8.30303,99.5,119.0,48.6,52.5
2003-11-23,26.222221,4.620253,16.75,4.6666665,71.21429,64.85714,8.30303,101.0,122.0,48.6,52.5
2003-11-24,26.222221,4.481013,13.0,3.4666667,71.28571,64.65306,8.272727,101.0,122.0,49.0,52.5
2003-11-25,26.11111,4.35443,11.75,3.1333334,71.10714,64.5102,8.272727,101.0,121.0,49.8,53.0
2003-11-26,26.0,4.367089,11.5,3.0666666,71.10714,64.5102,8.30303,100.5,121.0,50.0,53.0
2003-11-27,26.0,4.35443,11.0,2.9333334,71.07143,64.46939,8.454545,101.0,121.0,50.0,53.0
2003-11-28,26.0,4.227848,7.5,2.0,72.53571,64.32653,8.090909,100.0,122.0,50.6,55.0
2003-11-29,25.333334,3.8481014,4.5,1.2,72.5,63.34694,7.4545455,98.5,122.0,49.2,53.5
2003-11-30,23.666666,3.1265824,2.0,0.53333336,72.35714,62.163265,8.636364,95.5,121.0,48.2,48.0
2003-12-01,23.0,2.9620254,0.75,0.2,72.96429,62.22449,8.242424,95.0,125.0,50.8,45.5
2003-12-02,23.222221,2.936709,0.25,0.06666667,74.67857,64.10204,8.151515,97.5,128.0,50.8,47.0
2003-12-03,22.88889,2.8481014,0.0,0.0,75.28571,64.36735,7.6666665,97.5,130.0,47.8,44.0
2003-12-04,22.11111,2.772152,0.0,0.0,76.03571,64.20408,6.969697,96.5,130.0,45.6,42.0
2003-12-05,20.666666,2.2911391,0.0,0.0,77.03571,64.12245,6.5757575,89.5,124.0,44.0,39.5
2003-12-06,22.88889,1.9240507,0.0,0.0,95.28571,76.95918,5.848485,80.0,110.0,41.8,30.5
2003-12-07,32.666668,2.164557,0.0,0.0,129.35715,108.53061,5.757576,134.0,161.0,68.6,60.0
2003-12-08,34.555557,5.126582,2.5,0.6666667,134.53572,115.85714,7.848485,164.5,204.0,76.2,70.0
2003-12-09,33.666668,5.556962,2.75,0.73333335,134.57143,115.83673,7.757576,163.5,203.0,76.2,68.5
2003-12-10,43.77778,7.101266,3.25,0.8666667,159.5,137.20409,22.424242,177.5,212.0,80.2,75.5
2003-12-11,46.88889,8.683544,4.5,1.6,175.07143,153.89796,35.272728,215.0,258.0,97.6,94.0
2003-12-12,47.333332,13.2784815,32.75,12.6,180.28572,158.22449,30.878788,228.0,270.0,106.0,101.5
2003-12-13,44.333332,14.265822,34.25,12.666667,183.85715,162.69388,42.363636,238.5,287.0,109.6,105.0
2003-12-14,48.666668,14.341772,30.75,10.2,197.53572,173.95918,50.727272,260.0,312.0,114.8,115.5
2003-12-15,54.22222,21.227848,47.5,17.266666,188.39285,162.36734,62.333332,290.5,341.0,130.0,133.0
2003-12-16,52.88889,21.58228,52.0,18.0,188.60715,162.61224,60.60606,289.0,341.0,132.0,134.5
2003-12-17,50.555557,21.455696,49.0,15.933333,188.60715,162.42857,59.78788,289.0,342.0,132.4,136.0
2003-12-18,47.0,18.936708,41.0,12.533334,205.39285,182.28572,59.39394,290.0,342.0,132.4,136.5
2003-12-19,43.88889,15.101266,29.25,8.2,205.78572,180.44897,58.78788,292.0,342.0,128.2,137.5
2003-12-20,47.88889,11.974684,25.0,6.6666665,212.85715,186.30612,47.848484,296.0,347.0,129.8,139.0
2003-12-21,53.555557,12.70886,24.5,6.5333333,222.28572,194.91837,59.303032,306.0,361.0,134.4,141.5
2003-12-22,52.11111,12.531646,24.25,6.4666667,222.75,195.16327,56.333332,308.5,361.0,133.2,142.0
2003-12-23,52.77778,12.341772,23.0,6.133333,225.71428,197.04082,46.848484,309.5,361.0,133.8,141.5
2003-12-24,59.555557,13.898734,23.25,6.2,242.42857,213.08163,53.666668,312.5,368.0,135.2,151.0
2003-12-25,79.888885,30.620253,45.5,14.266666,297.7143,266.5102,60.81818,376.5,437.0,174.4,192.5
2003-12-26,83.22222,58.55696,56.25,20.533333,330.32144,299.7755,61.484848,396.5,463.0,191.2,200.5
2003-12-27,84.888885,65.40506,73.25,28.2,335.5357,303.73468,61.484848,399.0,463.0,193.2,202.0
2003-12-28,82.333336,66.63291,83.25,30.8,335.92856,304.14285,61.515152,401.5,464.0,193.2,201.5
2003-12-29,86.44444,68.48101,86.75,31.2,320.10715,279.0,94.181816,409.5,473.0,199.6,208.0
2003-12-30,101.111115,75.582275,86.25,30.533333,389.60715,355.91837,120.242424,486.5,557.0,233.0,269.0
2003-12-31,97.333336,76.77215,88.75,31.066668,395.85715,357.7143,117.0,492.0,560.0,231.6,269.5
2004-01-01,101.333336,76.56962,88.25,30.733334,377.0357,330.32654,154.30302,505.0,579.0,235.0,289.5
2004-01-02,141.33333,100.96203,130.0,43.866665,439.85715,387.73468,163.42424,560.0,635.0,269.8,346.5
2004-01-03,151.44444,112.582275,160.5,55.933334,470.25,427.7755,171.36363,582.0,658.0,279.2,358.0
2004-01-04,148.44444,114.379745,163.75,57.333332,461.0357,410.2245,165.36363,584.5,659.0,275.8,359.5
2004-01-05,145.66667,114.55696,164.25,57.466667,493.57144,458.34692,181.18182,584.0,659.0,277.2,362.0
2004-01-06,145.88889,115.77215,164.25,56.933334,493.7857,457.57144,172.36363,589.5,664.0,279.0,363.0
2004-01-07,154.11111,116.87342,164.25,56.0,466.4643,402.9592,181.60606,591.0,668.0,279.8,363.0
2004-01-08,154.88889,116.35443,161.5,55.0,468.5,405.38776,180.39394,612.5,693.0,284.4,369.0
2004-01-09,154.0,114.40506,153.25,52.8,468.10715,408.0408,170.27272,612.0,693.0,281.8,369.0
2004-01-10,152.0,110.860756,144.25,50.0,497.2857,458.5102,167.72728,611.0,695.0,282.8,369.0
2004-01-11,144.44444,106.07595,132.25,46.066666,468.07144,409.08163,164.15152,610.0,696.0,281.0,369.0
2004-01-12,147.66667,101.07595,119.75,42.066666,467.0,407.42856,164.21213,611.0,695.0,277.8,367.0
2004-01-13,147.55556,96.16456,109.5,38.733334,466.64285,406.06122,162.12122,610.0,690.0,276.8,368.0
2004-01-14,148.55556,92.79747,104.5,36.8,498.64285,459.10205,157.36363,610.5,687.0,276.2,365.5
2004-01-15,146.88889,90.06329,104.5,36.333332,498.17856,457.67346,156.54546,609.0,684.0,273.2,364.5
2004-01-16,147.77777,88.40506,104.5,36.066666,468.7857,406.97958,150.63637,610.0,683.0,274.6,363.0
2004-01-17,145.88889,85.93671,104.5,35.6,497.14285,453.93878,146.66667,610.5,684.0,272.6,362.5
2004-01-18,139.22223,84.68355,104.5,35.266666,496.5,451.36734,144.9697,606.5,677.0,273.2,361.5
2004-01-19,137.77777,84.08861,104.5,34.933334,468.89285,403.12244,142.72728,606.5,677.0,272.4,360.5
2004-01-20,138.0,83.78481,104.5,34.8,478.0,417.57144,135.27272,605.5,677.0,273.8,362.5
2004-01-21,138.44444,83.88608,104.5,34.8,496.0357,449.55103,159.75757,607.0,677.0,280.4,361.5
2004-01-22,139.0,83.92405,105.75,35.133335,495.7143,448.73468,128.09091,604.0,676.0,279.2,364.5
2004-01-23,133.22223,83.32912,105.75,34.8,495.0,446.40817,133.42424,604.5,678.0,279.2,360.5
2004-01-24,130.22223,81.620255,105.75,34.333332,494.25,443.65308,133.18182,605.0,678.0,280.0,363.0
2004-01-25,130.55556,81.72152,105.75,34.333332,494.17856,443.1837,136.81818,608.5,683.0,279.2,361.5
2004-01-26,130.33333,81.70886,105.75,34.333332,467.07144,397.2449,134.30302,608.0,683.0,279.8,362.5
2004-01-27,130.66667,81.898735,105.75,34.266666,494.60715,443.89795,148.27272,609.5,684.0,281.2,361.5
2004-01-28,134.22223,84.67088,106.25,34.4,503.25,453.26532,154.39394,631.0,706.0,285.8,371.0
2004-01-29,129.88889,84.44304,106.25,34.333332,503.32144,453.06122,153.84848,628.0,696.0,284.2,373.5
2004-01-30,126.22222,82.12658,106.25,33.866665,478.67856,406.0,147.93939,625.5,695.0,285.0,373.0
2004-01-31,126.44444,81.73418,106.25,33.6,475.10715,403.61224,151.36363,628.5,697.0,284.4,375.0
2004-02-01,136.77777,81.8481,106.5,34.0,470.57144,401.4694,150.84848,627.5,697.0,284.2,377.5
2004-02-02,130.22223,81.8481,106.25,33.933334,471.39285,402.91837,168.54546,627.5,699.0,284.0,376.0
2004-02-03,183.66667,102.139244,127.5,41.933334,508.5,437.20407,193.36363,663.0,742.0,311.4,403.5
2004-02-04,164.44444,103.32912,133.75,44.266666,547.1429,496.38776,191.39394,671.0,745.0,311.2,402.5
2004-02-05,174.44444,103.455696,134.75,44.866665,546.5714,496.30612,195.06061,666.5,739.0,312.8,403.5
2004-02-06,171.33333,104.70886,138.5,45.666668,547.3929,498.7551,187.18182,665.5,740.0,312.2,402.5
2004-02-07,169.33333,103.98734,137.0,45.133335,553.7143,504.10205,199.0,679.0,758.0,318.4,412.0
2004-02-08,165.55556,103.92405,136.25,44.866665,552.1071,493.8163,190.63637,676.0,755.0,318.2,412.0
2004-02-09,167.22223,103.822784,134.75,44.466667,553.2857,503.36734,200.0303,676.0,755.0,318.4,411.5
2004-02-10,167.88889,103.77215,132.5,43.8,552.5714,502.44897,196.48485,677.0,755.0,318.2,411.5
2004-02-11,168.77777,103.303795,128.5,42.6,552.2143,501.32654,197.48485,674.0,753.0,320.6,415.5
2004-02-12,160.33333,101.43038,122.25,40.533333,551.6429,498.87756,190.09091,679.0,756.0,318.8,412.0
2004-02-13,162.66667,100.81013,118.5,39.2,538.0357,474.59183,177.54546,680.5,756.0,319.4,413.5
2004-02-14,158.11111,100.64557,117.25,38.6,551.0,497.7551,181.42424,681.0,759.0,317.4,413.0
2004-02-15,159.66667,99.620255,117.0,38.266666,551.0714,495.0,181.45454,681.5,760.0,317.4,413.5
2004-02-16,159.33333,97.696205,117.0,37.733334,553.6786,497.5102,194.42424,688.0,767.0,320.8,414.5
2004-02-17,164.22223,95.18987,117.0,37.0,572.0357,515.7143,168.09091,736.0,820.0,332.0,411.5
2004-02-18,183.55556,89.88608,117.0,36.066666,580.1786,522.6531,199.33333,737.5,817.0,341.0,426.0
2004-02-19,184.11111,102.74683,128.5,41.533333,596.25,539.30615,186.63637,770.0,851.0,357.8,448.5
2004-02-20,184.77777,102.56962,125.5,40.666668,601.8929,555.4286,188.87878,774.5,857.0,354.8,444.5
2004-02-21,188.22223,107.51899,127.0,41.266666,600.8214,554.7959,186.75757,776.5,859.0,357.8,444.5
2004-02-22,195.77777,110.544304,126.5,41.4,560.25,494.08163,177.90909,781.0,869.0,359.2,446.5
2004-02-23,206.22223,118.07595,127.5,42.533333,570.7857,503.63266,187.84848,785.0,872.0,364.6,450.5
2004-02-24,207.44444,121.64557,136.25,45.533333,572.5357,504.87756,212.54546,790.5,876.0,364.2,447.5
2004-02-25,210.33333,123.582275,134.75,45.4,573.8571,506.44897,223.69698,803.0,893.0,362.0,457.0
2004-02-26,283.77777,153.29114,176.75,59.666668,688.0357,640.53064,251.27272,876.0,965.0,421.0,516.0
2004-02-27,286.55554,160.49367,201.5,68.13333,719.7143,673.4286,254.84848,932.5,1039.0,449.2,540.5
2004-02-28,292.66666,165.97469,223.25,77.066666,664.5714,594.5102,253.15152,939.5,1047.0,450.0,542.5
2004-02-29,273.33334,168.16455,225.75,77.333336,665.5357,593.9796,245.30302,942.0,1055.0,444.8,543.0
2004-03-01,275.55554,167.97469,225.75,76.666664,720.4286,674.18365,267.9697,941.0,1055.0,446.8,547.0
2004-03-02,310.55554,175.65823,237.75,80.333336,732.9286,685.0612,262.57574,957.0,1080.0,460.6,559.0
2004-03-03,301.22223,177.92406,241.5,81.666664,733.7857,685.7551,309.33334,956.5,1082.0,462.4,561.5
2004-03-04,307.77777,177.43037,238.75,80.666664,733.7143,685.30615,249.09091,956.5,1082.0,465.0,562.5
2004-03-05,306.33334,176.07594,237.5,80.26667,733.8214,684.0,237.75757,957.5,1086.0,461.4,563.5
2004-03-06,307.77777,173.50633,230.5,77.933334,733.2143,681.6531,226.75757,956.0,1089.0,458.2,562.0
2004-03-07,308.77777,162.03798,214.75,72.86667,733.5357,680.10205,222.72728,947.5,1069.0,454.2,556.0
2004-03-08,267.8889,148.4557,187.25,63.733334,734.7857,678.32654,246.81818,944.0,1060.0,452.8,554.0
2004-03-09,257.8889,136.43037,166.0,54.933334,733.3929,671.04083,230.24243,936.5,1050.0,442.4,546.0
2004-03-10,253.33333,122.87342,156.5,49.666668,731.2143,660.9388,225.84848,934.0,1046.0,433.6,531.0
2004-03-11,253.22223,114.16456,149.25,45.2,729.6786,653.67346,217.0303,930.0,1044.0,431.6,522.5
2004-03-12,246.0,100.68355,142.0,40.533333,727.8214,646.59186,177.18182,918.5,1040.0,423.2,517.5
2004-03-13,240.44444,89.68355,136.25,36.8,725.7857,640.1429,166.81818,913.0,1034.0,416.2,504.5
2004-03-14,235.77777,77.379745,128.75,34.333332,722.7857,633.30615,157.45454,901.0,1025.0,409.2,493.0
2004-03-15,227.77777,64.93671,121.5,32.4,715.3929,621.7959,140.66667,890.5,1017.0,401.4,480.5
2004-03-16,225.88889,54.341774,114.0,30.4,712.1429,615.2245,129.75757,876.5,1001.0,392.0,470.0
2004-03-17,219.0,45.101265,105.25,28.066668,707.6429,607.81635,121.878784,861.0,990.0,385.4,459.0
2004-03-18,209.33333,34.21519,94.75,25.266666,698.8214,595.7551,105.93939,847.0,985.0,367.8,445.0
2004-03-19,203.33333,24.810127,65.0,17.333334,690.1786,583.95917,96.242424,813.0,974.0,346.6,435.5
2004-03-20,199.66667,17.0,53.5,14.266666,681.2857,572.5102,87.121216,765.0,955.0,327.0,423.5
2004-03-21,195.44444,10.417722,43.25,11.533334,668.1429,553.38776,76.69697,742.5,943.0,301.8,407.0
2004-03-22,186.77777,6.886076,33.5,8.933333,650.6071,532.9796,68.242424,717.0,922.0,281.0,387.0
2004-03-23,180.11111,5.063291,26.25,7.0,639.3571,520.30615,57.696968,700.5,909.0,266.4,369.5
2004-03-24,177.0,4.227848,22.0,5.866667,631.3929,511.79593,50.848484,685.0,894.0,258.8,354.5
2004-03-25,175.66667,3.7974684,19.25,5.133333,628.5,507.9592,46.242424,676.0,883.0,250.6,343.5
2004-03-26,189.22223,3.620253,18.25,4.866667,645.4643,522.7347,52.636364,710.5,915.0,261.8,355.5
2004-03-27,190.77777,4.265823,21.25,5.6666665,647.5,524.1429,54.424244,722.5,921.0,266.0,353.5
2004-03-28,189.77777,3.949367,20.0,5.3333335,645.9286,522.04083,51.0,716.0,921.0,261.8,350.0
2004-03-29,186.55556,3.063291,13.0,3.4666667,637.6071,511.93878,45.39394,698.5,913.0,252.2,339.0
2004-03-30,182.77777,2.21519,4.75,1.2666667,626.0357,499.59183,38.78788,680.5,903.0,235.6,322.0
2004-03-31,180.88889,1.772152,0.5,0.13333334,621.3571,494.5102,37.333332,668.0,889.0,220.6,310.0
2004-04-01,179.55556,1.6582278,0.0,0.0,617.4286,489.9592,36.0,659.5,878.0,206.2,303.5
2004-04-02,179.66667,1.670886,0.0,0.0,606.3929,474.02042,34.878788,656.5,873.0,204.8,301.5
2004-04-03,179.66667,1.9240507,0.0,0.0,603.5357,471.2245,32.81818,654.5,871.0,197.8,294.5
2004-04-04,179.11111,1.8734177,0.0,0.0,597.6786,464.36734,28.09091,634.5,853.0,186.8,274.5
2004-04-05,176.0,1.7341772,0.0,0.0,591.8929,457.42856,24.787878,611.5,830.0,174.8,256.0
2004-04-06,172.66667,1.556962,0.0,0.0,585.8929,451.4694,22.757576,592.0,809.0,164.0,240.0
2004-04-07,172.22223,1.4556962,0.0,0.0,581.1071,447.32654,20.787878,578.5,795.0,154.0,228.0
2004-04-08,170.66667,1.2531645,0.0,0.0,573.8214,440.42856,16.848484,558.0,777.0,144.6,209.0
2004-04-09,167.22223,0.9746835,0.0,0.0,560.5357,429.06122,15.939394,534.0,756.0,135.0,185.5
2004-04-10,183.33333,0.7721519,0.0,0.0,544.3571,415.26532,13.212121,525.5,745.0,126.0,164.5
2004-04-11,180.22223,0.65822786,0.0,0.0,533.8571,404.73468,10.727273,507.5,734.0,117.8,153.5
2004-04-12,175.22223,0.51898736,0.0,0.0,521.8571,393.38776,8.545455,460.0,694.0,107.0,137.5
2004-04-13,171.11111,0.39240506,0.0,0.0,511.9643,383.67346,7.6060605,433.0,666.0,98.4,125.0
2004-04-14,171.0,0.37974682,0.0,0.0,508.39285,380.87756,7.3030305,423.0,652.0,96.2,119.5
2004-04-15,170.88889,0.36708862,0.0,0.0,504.60715,377.63266,7.3333335,408.0,632.0,97.8,118.0
2004-04-16,171.22223,0.36708862,0.0,0.0,507.2857,378.40817,7.6060605,402.0,624.0,96.4,118.5
2004-04-17,173.55556,0.36708862,0.0,0.0,509.14285,380.02042,7.3333335,397.5,617.0,94.2,118.5
2004-04-18,187.33333,0.51898736,3.5,1.0,515.6786,388.4898,10.424242,411.5,615.0,94.0,120.5
2004-04-19,156.33333,0.6329114,5.5,1.4666667,519.1429,392.32654,10.757576,420.0,624.0,95.0,120.5
2004-04-20,158.11111,0.556962,8.5,2.2666667,523.3571,395.57144,11.424242,431.0,651.0,97.6,125.0
2004-04-21,177.11111,0.443038,5.75,1.5333333,518.8214,391.2857,11.727273,448.5,670.0,98.6,129.5
2004-04-22,174.77777,0.39240506,4.0,1.0666667,510.25,384.65308,10.363636,486.0,701.0,101.2,134.0
2004-04-23,173.55556,0.39240506,2.5,0.6666667,507.17856,381.9592,8.424242,474.5,705.0,103.6,134.5
2004-04-24,170.77777,0.32911393,0.0,0.0,499.60715,375.0,7.121212,454.5,687.0,96.2,123.0
2004-04-25,166.0,0.12658228,0.0,0.0,483.10715,361.55103,5.757576,421.5,657.0,84.8,111.0
2004-04-26,158.55556,0.0,0.0,0.0,441.92856,331.9592,3.969697,370.0,614.0,69.8,93.0
2004-04-27,148.88889,0.0,0.0,0.0,408.7143,304.55103,1.6363636,313.5,566.0,50.6,70.5
2004-04-28,142.77777,0.0,0.0,0.0,368.89285,271.59183,0.0,271.5,527.0,33.8,48.0
2004-04-29,140.66667,0.0,0.0,0.0,341.0,249.38776,0.0,255.5,514.0,26.2,44.5
2004-04-30,140.88889,0.0,0.0,0.0,317.35715,231.77551,0.0,243.5,496.0,23.0,40.0
2004-05-01,136.33333,0.0,0.0,0.0,306.82144,223.87755,0.0,208.5,457.0,14.4,24.5
2004-05-02,128.66667,0.0,0.0,0.0,293.14285,213.0,0.0,166.5,414.0,4.6,2.0
2004-05-03,115.888885,0.0,0.0,0.0,266.92856,193.59184,0.0,113.5,361.0,0.0,0.0
2004-05-04,84.0,0.0,0.0,0.0,238.0,172.14285,0.0,56.0,304.0,0.0,0.0
2004-05-05,66.333336,0.0,0.0,0.0,250.64285,175.40816,0.0,30.5,258.0,0.0,0.0
2004-05-06,60.333332,0.0,0.0,0.0,238.42857,165.91837,0.0,10.0,211.0,0.0,0.0
2004-05-07,56.77778,0.0,0.0,0.0,228.57143,158.28572,0.0,0.0,176.0,0.0,0.0
2004-05-08,53.88889,0.0,0.0,0.0,218.85715,150.61224,0.0,0.0,140.0,0.0,0.0
2004-05-09,51.444443,0.0,0.0,0.0,212.14285,145.28572,0.0,0.0,104.0,0.0,0.0
2004-05-10,48.0,0.0,0.0,0.0,202.14285,137.81633,0.0,0.0,67.0,0.0,0.0
2004-05-11,48.0,0.0,0.0,0.0,203.39285,138.51021,0.0,5.0,71.0,0.2,1.0
2004-05-12,48.0,0.0,0.0,0.0,203.14285,138.32654,0.0,15.5,81.0,1.8,7.5
2004-05-13,47.77778,0.0,0.0,0.0,198.82143,135.44897,0.0,8.0,75.0,1.6,1.5
2004-05-14,45.0,0.0,0.0,0.0,191.71428,129.65306,0.0,0.0,61.0,0.0,0.0
2004-05-15,41.22222,0.0,0.0,0.0,180.32143,121.14286,0.0,0.0,46.0,0.0,0.0
2004-05-16,37.333332,0.0,0.0,0.0,170.28572,113.918365,0.0,0.0,30.0,0.0,0.0
2004-05-17,33.333332,0.0,0.0,0.0,160.64285,106.89796,0.0,0.0,14.0,0.0,0.0
2004-05-18,31.88889,0.0,0.0,0.0,153.60715,102.20408,0.0,0.0,4.0,0.0,0.0
2004-05-19,31.444445,0.0,0.0,0.0,151.60715,100.81633,0.0,0.0,0.0,0.0,0.0
2004-05-20,30.444445,0.0,0.0,0.0,148.71428,98.77551,0.0,0.0,0.0,0.0,0.0
2004-05-21,29.444445,0.0,0.0,0.0,147.10715,97.46939,0.0,0.0,0.0,0.0,0.0
2004-05-22,28.88889,0.0,0.0,0.0,146.35715,96.69388,0.0,0.0,0.0,0.0,0.0
2004-05-23,27.666666,0.0,0.0,0.0,143.28572,94.30612,0.0,0.0,0.0,0.0,0.0
2004-05-24,26.333334,0.0,0.0,0.0,137.92857,90.69388,0.0,0.0,0.0,0.0,0.0
2004-05-25,24.777779,0.0,0.0,0.0,135.28572,88.71429,0.0,0.0,0.0,0.0,0.0
2004-05-26,23.333334,0.0,0.0,0.0,132.35715,86.42857,0.0,0.0,0.0,0.0,0.0
2004-05-27,19.666666,0.0,0.0,0.0,122.71429,79.32653,0.0,0.0,0.0,0.0,0.0
2004-05-28,14.444445,0.0,0.0,0.0,112.21429,71.89796,0.0,0.0,0.0,0.0,0.0
2004-05-29,18.0,0.0,0.0,0.0,113.39286,73.55102,0.0,0.0,0.0,0.0,0.0
2004-05-30,14.888889,0.0,0.0,0.0,113.82143,73.061226,0.0,0.0,0.0,0.0,0.0
2004-05-31,9.222222,0.0,0.0,0.0,103.07143,65.16327,0.0,0.0,0.0,0.0,0.0
2004-06-01,2.2222223,0.0,0.0,0.0,88.53571,54.67347,0.0,0.0,0.0,0.0,0.0
2004-06-02,0.0,0.0,0.0,0.0,73.03571,43.510204,0.0,0.0,0.0,0.0,0.0
2004-06-03,0.0,0.0,0.0,0.0,57.57143,33.34694,0.0,0.0,0.0,0.0,0.0
2004-06-04,0.0,0.0,0.0,0.0,46.892857,26.795918,0.0,0.0,0.0,0.0,0.0
2004-06-05,0.0,0.0,0.0,0.0,36.07143,20.612246,0.0,0.0,0.0,0.0,0.0
2004-06-06,0.0,0.0,0.0,0.0,27.964285,15.979591,0.0,0.0,0.0,0.0,0.0
2004-06-07,0.0,0.0,0.0,0.0,22.5,12.857142,0.0,0.0,0.0,0.0,0.0
2004-06-08,0.0,0.0,0.0,0.0,22.785715,13.020409,0.0,0.0,0.0,0.0,0.0
2004-06-09,0.0,0.0,0.0,0.0,20.392857,11.653061,0.0,0.0,0.0,0.0,0.0
2004-06-10,0.0,0.0,0.0,0.0,19.75,11.285714,0.0,0.0,0.0,0.0,0.0
2004-06-11,0.0,0.0,0.0,0.0,22.142857,12.653061,0.0,0.0,0.0,0.0,0.0
2004-06-12,0.0,0.0,0.0,0.0,19.928572,11.387755,0.0,0.0,0.0,0.0,0.0
2004-06-13,0.0,0.0,0.0,0.0,16.285715,9.306123,0.0,0.0,0.0,0.0,0.0
2004-06-14,0.0,0.0,0.0,0.0,12.392858,7.0816326,0.0,0.0,0.0,0.0,0.0
2004-06-15,0.0,0.0,0.0,0.0,8.642858,4.9387755,0.0,0.0,0.0,0.0,0.0
2004-06-16,0.0,0.0,0.0,0.0,6.5,3.7142856,0.0,0.0,0.0,0.0,0.0
2004-06-17,0.0,0.0,0.0,0.0,5.25,3.0,0.0,0.0,0.0,0.0,0.0
2004-06-18,0.0,0.0,0.0,0.0,4.285714,2.4489796,0.0,0.0,0.0,0.0,0.0
2004-06-19,0.0,0.0,0.0,0.0,3.5714285,2.0408163,0.0,0.0,0.0,0.0,0.0
2004-06-20,0.0,0.0,0.0,0.0,2.6785715,1.5306122,0.0,0.0,0.0,0.0,0.0
2004-06-21,0.0,0.0,0.0,0.0,1.6071428,0.9183673,0.0,0.0,0.0,0.0,0.0
2004-06-22,0.0,0.0,0.0,0.0,0.4642857,0.26530612,0.0,0.0,0.0,0.0,0.0
2004-06-23,0.0,0.0,0.0,0.0,0.0,0.0,0.0,0.0,0.0,0.0,0.0
2004-06-24,0.0,0.0,0.0,0.0,0.0,0.0,0.0,0.0,0.0,0.0,0.0
2004-06-25,0.0,0.0,0.0,0.0,0.0,0.0,0.0,0.0,0.0,0.0,0.0
2004-06-26,0.0,0.0,0.0,0.0,0.0,0.0,0.0,0.0,0.0,0.0,0.0
2004-06-27,0.0,0.0,0.0,0.0,0.0,0.0,0.0,0.0,0.0,0.0,0.0
2004-06-28,0.0,0.0,0.0,0.0,0.0,0.0,0.0,0.0,0.0,0.0,0.0
2004-06-29,0.0,0.0,0.0,0.0,0.0,0.0,0.0,0.0,0.0,0.0,0.0
2004-06-30,0.0,0.0,0.0,0.0,0.0,0.0,0.0,0.0,0.0,0.0,0.0
2004-07-01,0.0,0.0,0.0,0.0,0.0,0.0,0.0,0.0,0.0,0.0,0.0
2004-07-02,0.0,0.0,0.0,0.0,0.0,0.0,0.0,0.0,0.0,0.0,0.0
2004-07-03,0.0,0.0,0.0,0.0,0.0,0.0,0.0,0.0,0.0,0.0,0.0
2004-07-04,0.0,0.0,0.0,0.0,0.0,0.0,0.0,0.0,0.0,0.0,0.0
2004-07-05,0.0,0.0,0.0,0.0,0.0,0.0,0.0,0.0,0.0,0.0,0.0
2004-07-06,0.0,0.0,0.0,0.0,0.0,0.0,0.0,0.0,0.0,0.0,0.0
2004-07-07,0.0,0.0,0.0,0.0,0.0,0.0,0.0,0.0,0.0,0.0,0.0
2004-07-08,0.0,0.0,0.0,0.0,0.0,0.0,0.0,0.0,0.0,0.0,0.0
2004-07-09,0.0,0.0,0.0,0.0,0.0,0.0,0.0,0.0,0.0,0.0,0.0
2004-07-10,0.0,0.0,0.0,0.0,0.0,0.0,0.0,0.0,0.0,0.0,0.0
2004-07-11,0.0,0.0,0.0,0.0,0.0,0.0,0.0,0.0,0.0,0.0,0.0
2004-07-12,0.0,0.0,0.0,0.0,0.0,0.0,0.0,0.0,0.0,0.0,0.0
2004-07-13,0.0,0.0,0.0,0.0,0.0,0.0,0.0,0.0,0.0,0.0,0.0
2004-07-14,0.0,0.0,0.0,0.0,0.0,0.0,0.0,0.0,0.0,0.0,0.0
2004-07-15,0.0,0.0,0.0,0.0,0.0,0.0,0.0,0.0,0.0,0.0,0.0
2004-07-16,0.0,0.0,0.0,0.0,0.0,0.0,0.0,0.0,0.0,0.0,0.0
2004-07-17,0.0,0.0,0.0,0.0,0.0,0.0,0.0,0.0,0.0,0.0,0.0
2004-07-18,0.0,0.0,0.0,0.0,0.0,0.0,0.0,0.0,0.0,0.0,0.0
2004-07-19,0.0,0.0,0.0,0.0,0.0,0.0,0.0,0.0,0.0,0.0,0.0
2004-07-20,0.0,0.0,0.0,0.0,0.0,0.0,0.0,0.0,0.0,0.0,0.0
2004-07-21,0.0,0.0,0.0,0.0,0.0,0.0,0.0,0.0,0.0,0.0,0.0
2004-07-22,0.0,0.0,0.0,0.0,0.0,0.0,0.0,0.0,0.0,0.0,0.0
2004-07-23,0.0,0.0,0.0,0.0,0.0,0.0,0.0,0.0,0.0,0.0,0.0
2004-07-24,0.0,0.0,0.0,0.0,0.0,0.0,0.0,0.0,0.0,0.0,0.0
2004-07-25,0.0,0.0,0.0,0.0,0.0,0.0,0.0,0.0,0.0,0.0,0.0
2004-07-26,0.0,0.0,0.0,0.0,0.0,0.0,0.0,0.0,0.0,0.0,0.0
2004-07-27,0.0,0.0,0.0,0.0,0.0,0.0,0.0,0.0,0.0,0.0,0.0
2004-07-28,0.0,0.0,0.0,0.0,0.0,0.0,0.0,0.0,0.0,0.0,0.0
2004-07-29,0.0,0.0,0.0,0.0,0.0,0.0,0.0,0.0,0.0,0.0,0.0
2004-07-30,0.0,0.0,0.0,0.0,0.0,0.0,0.0,0.0,0.0,0.0,0.0
2004-07-31,0.0,0.0,0.0,0.0,0.0,0.0,0.0,0.0,0.0,0.0,0.0
2004-08-01,0.0,0.0,0.0,0.0,0.0,0.0,0.0,0.0,0.0,0.0,0.0
2004-08-02,0.0,0.0,0.0,0.0,0.0,0.0,0.0,0.0,0.0,0.0,0.0
2004-08-03,0.0,0.0,0.0,0.0,0.0,0.0,0.0,0.0,0.0,0.0,0.0
2004-08-04,0.0,0.0,0.0,0.0,0.0,0.0,0.0,0.0,0.0,0.0,0.0
2004-08-05,0.0,0.0,0.0,0.0,0.0,0.0,0.0,0.0,0.0,0.0,0.0
2004-08-06,0.0,0.0,0.0,0.0,0.0,0.0,0.0,0.0,0.0,0.0,0.0
2004-08-07,0.0,0.0,0.0,0.0,0.0,0.0,0.0,0.0,0.0,0.0,0.0
2004-08-08,0.0,0.0,0.0,0.0,0.0,0.0,0.0,0.0,0.0,0.0,0.0
2004-08-09,0.0,0.0,0.0,0.0,0.0,0.0,0.0,0.0,0.0,0.0,0.0
2004-08-10,0.0,0.0,0.0,0.0,0.0,0.0,0.0,0.0,0.0,0.0,0.0
2004-08-11,0.0,0.0,0.0,0.0,0.0,0.0,0.0,0.0,0.0,0.0,0.0
2004-08-12,0.0,0.0,0.0,0.0,0.0,0.0,0.0,0.0,0.0,0.0,0.0
2004-08-13,0.0,0.0,0.0,0.0,0.0,0.0,0.0,0.0,0.0,0.0,0.0
2004-08-14,0.0,0.0,0.0,0.0,0.0,0.0,0.0,0.0,0.0,0.0,0.0
2004-08-15,0.0,0.0,0.0,0.0,0.0,0.0,0.0,0.0,0.0,0.0,0.0
2004-08-16,0.0,0.0,0.0,0.0,0.0,0.0,0.0,0.0,0.0,0.0,0.0
2004-08-17,0.0,0.0,0.0,0.0,0.0,0.0,0.0,0.0,0.0,0.0,0.0
2004-08-18,0.0,0.0,0.0,0.0,0.0,0.0,0.0,0.0,0.0,0.0,0.0
2004-08-19,0.0,0.0,0.0,0.0,0.0,0.0,0.0,0.0,0.0,0.0,0.0
2004-08-20,0.0,0.0,0.0,0.0,0.0,0.0,0.0,0.0,0.0,0.0,0.0
2004-08-21,0.0,0.0,0.0,0.0,0.0,0.0,0.0,0.0,0.0,0.0,0.0
2004-08-22,0.0,0.0,0.0,0.0,0.0,0.0,0.0,0.0,0.0,0.0,0.0
2004-08-23,0.0,0.0,0.0,0.0,0.0,0.0,0.0,0.0,0.0,0.0,0.0
2004-08-24,0.0,0.0,0.0,0.0,0.0,0.0,0.0,0.0,0.0,0.0,0.0
2004-08-25,0.0,0.0,0.0,0.0,0.0,0.0,0.0,0.0,0.0,0.0,0.0
2004-08-26,0.0,0.0,0.0,0.0,0.0,0.0,0.0,0.0,0.0,0.0,0.0
2004-08-27,0.0,0.0,0.0,0.0,0.0,0.0,0.0,0.0,0.0,0.0,0.0
2004-08-28,0.0,0.0,0.0,0.0,0.0,0.0,0.0,0.0,0.0,0.0,0.0
2004-08-29,0.0,0.0,0.0,0.0,0.0,0.0,0.0,0.0,0.0,0.0,0.0
2004-08-30,0.0,0.0,0.0,0.0,0.0,0.0,0.0,0.0,0.0,0.0,0.0
2004-08-31,0.0,0.0,0.0,0.0,0.0,0.0,0.0,0.0,0.0,0.0,0.0
2004-09-01,0.0,0.0,0.0,0.0,0.0,0.0,0.0,0.0,0.0,0.0,0.0
2004-09-02,0.0,0.0,0.0,0.0,0.0,0.0,0.0,0.0,0.0,0.0,0.0
2004-09-03,0.0,0.0,0.0,0.0,0.0,0.0,0.0,0.0,0.0,0.0,0.0
2004-09-04,0.0,0.0,0.0,0.0,0.0,0.0,0.0,0.0,0.0,0.0,0.0
2004-09-05,0.0,0.0,0.0,0.0,0.0,0.0,0.0,0.0,0.0,0.0,0.0
2004-09-06,0.0,0.0,0.0,0.0,0.0,0.0,0.0,0.0,0.0,0.0,0.0
2004-09-07,0.0,0.0,0.0,0.0,0.0,0.0,0.0,0.0,0.0,0.0,0.0
2004-09-08,0.0,0.0,0.0,0.0,0.0,0.0,0.0,0.0,0.0,0.0,0.0
2004-09-09,0.0,0.0,0.0,0.0,0.0,0.0,0.0,0.0,0.0,0.0,0.0
2004-09-10,0.0,0.0,0.0,0.0,0.0,0.0,0.0,0.0,0.0,0.0,0.0
2004-09-11,0.0,0.0,0.0,0.0,0.0,0.0,0.0,0.0,0.0,0.0,0.0
2004-09-12,0.0,0.0,0.0,0.0,0.0,0.0,0.0,0.0,0.0,0.0,0.0
2004-09-13,0.0,0.0,0.0,0.0,0.0,0.0,0.0,0.0,0.0,0.0,0.0
2004-09-14,0.0,0.0,0.0,0.0,0.0,0.0,0.0,0.0,0.0,0.0,0.0
2004-09-15,0.0,0.0,0.0,0.0,0.0,0.0,0.0,0.0,0.0,0.0,0.0
2004-09-16,0.0,0.0,0.0,0.0,0.0,0.0,0.0,0.0,0.0,0.0,0.0
2004-09-17,0.0,0.0,0.0,0.0,0.0,0.0,0.0,0.0,0.0,0.0,0.0
2004-09-18,0.0,0.0,0.0,0.0,0.0,0.0,0.0,0.0,0.0,0.0,0.0
2004-09-19,0.0,0.0,0.0,0.0,0.0,0.0,0.0,0.0,0.0,0.0,0.0
2004-09-20,0.0,0.0,0.0,0.0,0.6785714,0.75510204,0.0,1.0,1.0,0.6,0.0
2004-09-21,0.0,0.0,0.0,0.0,1.4642857,1.3265306,0.0,0.5,0.0,1.6,0.0
2004-09-22,0.0,0.0,0.0,0.0,0.035714287,0.020408163,0.0,0.0,0.0,0.0,0.0
2004-09-23,0.0,0.0,0.0,0.0,0.0,0.0,0.0,0.0,0.0,0.0,0.0
2004-09-24,0.0,0.0,0.0,0.0,0.0,0.0,0.0,0.0,0.0,0.0,0.0
2004-09-25,0.0,0.0,0.0,0.0,0.0,0.0,0.0,0.0,0.0,0.0,0.0
2004-09-26,0.0,0.0,0.0,0.0,0.0,0.0,0.0,0.0,0.0,0.0,0.0
2004-09-27,0.0,0.0,0.0,0.0,0.0,0.0,0.0,0.0,0.0,0.0,0.0
2004-09-28,0.0,0.0,0.0,0.0,0.0,0.0,0.0,0.0,0.0,0.0,0.0
2004-09-29,0.0,0.0,0.0,0.0,0.0,0.0,0.0,0.0,0.0,0.0,0.0
2004-09-30,0.0,0.0,0.0,0.0,0.0,0.0,0.0,0.0,0.0,0.0,0.0
2004-10-01,0.0,0.0,0.0,0.0,0.0,0.0,0.0,0.0,0.0,0.0,0.0
2004-10-02,0.0,0.0,0.0,0.0,0.0,0.0,0.0,0.0,0.0,0.0,0.0
2004-10-03,0.0,0.0,0.0,0.0,0.0,0.0,0.0,0.0,0.0,0.0,0.0
2004-10-04,0.0,0.0,0.0,0.0,0.0,0.0,0.0,0.0,0.0,0.0,0.0
2004-10-05,0.0,0.0,0.0,0.0,0.0,0.0,0.0,0.0,0.0,0.0,0.0
2004-10-06,0.0,0.0,0.0,0.0,0.0,0.0,0.0,0.0,0.0,0.0,0.0
2004-10-07,0.0,0.0,0.0,0.0,0.0,0.0,0.0,0.0,0.0,0.0,0.0
2004-10-08,0.0,0.0,0.0,0.0,0.0,0.0,0.0,0.0,0.0,0.0,0.0
2004-10-09,0.0,0.0,0.0,0.0,0.0,0.0,0.0,0.0,0.0,0.0,0.0
2004-10-10,0.0,0.0,0.0,0.0,0.0,0.0,0.0,0.0,0.0,0.0,0.0
2004-10-11,0.0,0.0,0.0,0.0,0.0,0.0,0.0,0.0,0.0,0.0,0.0
2004-10-12,0.0,0.0,0.0,0.0,0.0,0.0,0.0,0.0,0.0,0.0,0.0
2004-10-13,0.0,0.0,0.0,0.0,0.0,0.0,0.0,0.0,0.0,0.0,0.0
2004-10-14,0.0,0.0,0.0,0.0,0.0,0.0,0.0,0.0,0.0,0.0,0.0
2004-10-15,0.0,0.0,0.0,0.0,0.0,0.0,0.0,0.0,0.0,0.0,0.0
2004-10-16,0.0,0.0,0.0,0.0,0.0,0.0,0.0,0.0,0.0,0.0,0.0
2004-10-17,0.0,0.0,0.0,0.0,0.0,0.0,0.0,0.0,0.0,0.0,0.0
2004-10-18,16.11111,0.06329114,0.0,0.0,37.392857,34.0,0.18181819,28.5,30.0,10.6,8.5
2004-10-19,21.88889,0.37974682,0.0,0.0,44.57143,41.97959,0.21212122,32.0,30.0,11.6,9.5
2004-10-20,75.0,16.556963,9.5,2.5333333,110.53571,105.918365,9.787879,99.0,124.0,36.4,48.0
2004-10-21,90.44444,22.443037,13.75,4.4,142.10715,135.77551,10.848485,115.5,131.0,51.6,67.0
2004-10-22,83.22222,22.607595,13.5,4.2,140.92857,134.2653,9.636364,116.5,131.0,50.8,64.0
2004-10-23,88.77778,21.962025,13.0,3.6666667,138.46428,131.85715,10.848485,116.0,127.0,47.2,61.0
2004-10-24,85.22222,20.405064,12.25,3.2666667,142.17857,134.93878,10.757576,128.5,139.0,48.6,56.0
2004-10-25,88.22222,19.075949,11.25,3.0,149.92857,140.32654,10.848485,123.0,128.0,47.4,50.0
2004-10-26,87.44444,17.772152,9.25,2.4666667,149.32143,141.08163,22.848484,123.0,120.0,49.0,52.0
2004-10-27,136.44444,34.531647,18.25,5.5333333,183.75,175.28572,29.484848,159.0,160.0,83.0,76.5
2004-10-28,139.22223,35.97468,18.75,5.8,183.39285,176.40816,32.939392,157.5,161.0,82.6,78.5
2004-10-29,139.33333,36.341774,18.75,5.733333,181.89285,175.46939,29.515152,154.5,160.0,81.0,79.0
2004-10-30,141.22223,35.620255,19.5,5.8,182.82143,175.77551,26.818182,152.0,154.0,81.8,77.5
2004-10-31,141.0,32.455696,19.75,5.3333335,183.10715,175.18367,17.969696,153.5,152.0,81.2,76.5
2004-11-01,125.0,31.1519,20.0,5.3333335,180.21428,172.87755,19.60606,148.5,143.0,79.4,76.5
2004-11-02,118.111115,29.670887,19.5,5.2,178.53572,170.44897,17.666666,152.0,146.0,77.8,76.5
2004-11-03,111.111115,26.240507,20.75,5.5333333,177.39285,167.81633,17.181818,150.5,145.0,77.4,73.0
2004-11-04,128.33333,25.835443,20.75,5.5333333,181.92857,171.16327,17.636364,168.0,168.0,91.6,88.5
2004-11-05,122.888885,25.8481,20.75,5.5333333,183.14285,171.93878,16.666666,169.5,165.0,96.4,92.0
2004-11-06,124.55556,25.683544,19.75,5.266667,182.46428,171.08163,14.515152,167.0,162.0,96.4,89.0
2004-11-07,124.888885,22.43038,15.25,4.0666666,182.67857,169.14285,11.636364,162.0,156.0,93.4,85.0
2004-11-08,106.22222,23.835443,14.0,3.7333333,187.39285,170.83673,10.636364,158.5,153.0,88.2,82.0
2004-11-09,115.22222,28.037975,18.5,4.9333334,191.89285,174.0204,8.484848,153.5,152.0,88.8,78.5
2004-11-10,114.0,26.367088,16.5,4.4,192.32143,173.7551,7.787879,146.0,144.0,84.4,74.0
2004-11-11,148.66667,25.13924,15.0,4.0,193.07143,174.0204,6.909091,142.0,141.0,82.2,70.5
2004-11-12,115.0,24.683544,14.75,3.9333334,196.67857,178.04082,6.5757575,148.0,147.0,84.6,69.0
2004-11-13,149.55556,24.379747,14.5,3.8666666,194.25,176.28572,5.787879,145.5,144.0,84.0,66.5
2004-11-14,115.333336,24.177216,14.0,3.7333333,194.85715,176.18367,5.0,139.5,136.0,84.8,65.5
2004-11-15,115.22222,23.075949,11.75,3.1333334,194.71428,175.18367,4.212121,136.5,133.0,84.8,64.0
2004-11-16,114.666664,21.620253,9.75,2.6,194.17857,173.9796,3.5151515,133.5,132.0,81.2,62.5
2004-11-17,113.77778,20.227848,7.5,2.0,194.03572,172.71428,2.969697,126.0,124.0,78.8,59.0
2004-11-18,112.888885,18.72152,5.0,1.3333334,194.78572,171.77551,2.4242425,121.0,122.0,75.8,54.0
2004-11-19,111.77778,17.392405,2.75,0.73333335,195.57143,170.38776,2.090909,116.0,117.0,73.0,49.5
2004-11-20,111.666664,17.164557,2.0,0.53333336,195.67857,169.81633,1.939394,115.0,117.0,73.2,49.5
2004-11-21,111.666664,17.164557,1.75,0.46666667,197.39285,171.28572,1.9090909,115.0,117.0,73.2,49.5
2004-11-22,111.888885,17.164557,1.75,0.46666667,198.07143,171.87755,1.8787879,115.0,117.0,73.0,49.5
2004-11-23,112.0,17.164557,1.5,0.4,196.75,170.48979,1.7272727,115.0,116.0,73.4,49.5
2004-11-24,111.888885,17.075949,1.25,0.33333334,196.07143,169.59184,1.6060606,114.0,116.0,73.2,49.5
2004-11-25,111.44444,16.620253,0.0,0.0,197.32143,169.18367,1.3939394,111.5,115.0,71.8,47.5
2004-11-26,111.111115,16.227848,0.0,0.0,198.03572,169.22449,2.969697,113.5,117.0,71.6,47.0
2004-11-27,110.22222,16.01266,0.0,0.0,197.53572,169.2653,9.151515,120.0,122.0,76.6,50.5
2004-11-28,197.22223,21.0,10.5,4.6,204.85715,176.38776,13.636364,165.5,162.0,109.8,78.5
2004-11-29,152.33333,21.189873,11.0,4.733333,210.14285,179.51021,13.606061,163.0,162.0,110.8,80.0
2004-11-30,171.44444,21.341772,12.25,5.266667,208.03572,178.30612,13.515152,164.5,163.0,111.4,81.0
2004-12-01,159.22223,21.316456,10.5,4.733333,209.10715,178.65306,12.727273,163.5,163.0,113.2,79.5
2004-12-02,146.22223,21.316456,10.25,4.6666665,211.53572,180.93878,12.727273,164.5,163.0,113.6,79.5
2004-12-03,150.66667,21.316456,10.25,4.6666665,213.46428,182.14285,12.666667,163.5,163.0,113.8,79.5
2004-12-04,150.11111,21.215189,9.25,4.3333335,213.96428,182.30612,11.969697,164.0,163.0,114.6,80.5
2004-12-05,151.77777,21.164557,8.75,4.2,215.42857,183.38776,11.939394,164.5,163.0,114.4,81.0
2004-12-06,144.88889,21.164557,8.5,4.0666666,214.10715,182.34694,11.939394,164.0,163.0,114.6,81.0
2004-12-07,199.11111,21.177216,8.5,4.0666666,213.67857,187.63266,32.21212,178.5,172.0,117.6,94.0
2004-12-08,214.55556,41.468353,23.0,10.4,274.07144,246.69388,54.424244,226.5,226.0,143.4,118.5
2004-12-09,185.33333,43.20253,20.75,9.6,287.9643,262.06122,50.484848,292.0,301.0,162.0,153.5
2004-12-10,208.66667,39.113926,18.5,8.466666,290.0,261.65308,48.151516,290.0,302.0,159.8,147.0
2004-12-11,171.55556,29.784811,16.25,6.6,292.0,259.20407,45.60606,291.5,301.0,158.4,144.0
2004-12-12,180.44444,20.962025,9.0,2.7333333,292.17856,254.10204,39.666668,292.5,298.0,152.8,141.0
2004-12-13,174.77777,18.58228,6.0,1.6,292.39285,251.71428,37.939392,293.0,298.0,148.4,137.5
2004-12-14,159.66667,17.202532,3.0,0.8,292.35715,249.59184,34.666668,291.0,298.0,146.2,136.0
2004-12-15,157.77777,16.088608,0.25,0.06666667,292.4643,247.59184,31.575758,288.5,296.0,144.2,133.5
2004-12-16,157.55556,15.632912,0.0,0.0,292.2143,245.71428,29.39394,286.5,295.0,143.4,134.0
2004-12-17,157.33333,15.6075945,0.0,0.0,292.0,244.87755,27.030304,286.0,295.0,143.0,134.5
2004-12-18,156.33333,15.2784815,0.0,0.0,292.14285,243.79591,22.212122,285.0,294.0,141.6,137.0
2004-12-19,155.22223,14.50633,0.0,0.0,291.39285,241.51021,20.181818,282.0,292.0,141.0,138.0
2004-12-20,154.55556,13.683544,0.0,0.0,290.07144,239.22449,16.969696,277.0,289.0,138.0,136.0
2004-12-21,154.0,13.316456,0.0,0.0,289.5,238.0,16.0,273.0,284.0,137.2,136.0
2004-12-22,153.66667,13.3924055,0.0,0.0,288.92856,237.22449,15.545455,266.5,275.0,135.4,136.0
2004-12-23,199.77777,13.316456,0.0,0.0,288.4643,236.89796,15.272727,266.5,275.0,134.8,136.0
2004-12-24,153.66667,13.316456,0.0,0.0,287.85715,236.51021,14.545455,266.5,275.0,134.8,136.0
2004-12-25,198.33333,13.265822,0.0,0.0,286.82144,235.10204,13.727273,262.0,272.0,134.0,136.0
2004-12-26,197.44444,13.227848,0.0,0.0,286.07144,234.2653,13.606061,258.0,267.0,133.8,136.0
2004-12-27,152.66667,14.974684,0.75,0.2,286.5357,234.67346,14.878788,255.5,265.0,135.8,135.5
2004-12-28,195.33333,18.101265,2.0,0.53333336,300.32144,249.44897,19.545454,260.0,270.0,139.4,142.0
2004-12-29,230.0,46.06329,9.25,3.6,324.32144,272.5102,29.848484,273.5,280.0,145.8,149.0
2004-12-30,265.55554,61.3038,24.0,9.133333,354.60715,299.20407,64.30303,306.5,303.0,158.0,170.0
2004-12-31,361.55554,77.67088,32.75,12.533334,460.5357,396.5102,75.393936,413.0,411.0,195.6,244.5
2005-01-01,355.1111,107.8481,86.25,31.2,472.14285,399.67346,95.333336,457.5,452.0,236.6,270.0
2005-01-02,343.77777,108.91139,89.0,32.0,481.39285,400.7143,99.30303,494.0,505.0,244.6,289.0
2005-01-03,355.22223,112.3924,90.25,32.266666,486.42856,405.57144,121.757576,503.0,496.0,245.4,291.5
2005-01-04,377.55554,127.73418,106.75,38.333332,497.7143,414.12244,113.333336,503.0,497.0,248.0,292.0
2005-01-05,381.33334,133.12659,119.0,43.466667,503.57144,419.2857,124.48485,502.0,497.0,248.2,292.0
2005-01-06,387.8889,133.34177,121.25,43.933334,501.7857,417.26532,125.30303,502.5,497.0,248.4,293.5
2005-01-07,373.44446,133.27849,121.25,43.666668,504.10715,421.7143,118.666664,505.5,499.0,248.8,295.5
2005-01-08,432.66666,152.4557,136.0,49.133335,568.9286,478.85715,147.0,567.0,559.0,282.2,346.0
2005-01-09,470.0,186.41772,154.25,55.6,624.1786,529.16327,153.12122,653.5,657.0,325.4,386.5
2005-01-10,465.77777,203.89873,168.75,58.666668,667.25,569.61224,158.9697,680.0,695.0,341.4,404.5
2005-01-11,520.8889,223.03798,179.75,64.066666,707.3214,605.9796,171.36363,715.0,731.0,355.6,420.0
2005-01-12,514.55554,236.3671,195.25,71.333336,718.0714,617.38776,164.84848,728.0,747.0,360.8,427.5
2005-01-13,522.0,235.5443,199.75,72.933334,765.0714,684.3674,167.0,735.0,756.0,361.0,431.5
2005-01-14,521.0,234.7848,197.0,70.26667,764.3214,682.9184,168.45454,741.5,766.0,358.6,433.5
2005-01-15,515.55554,231.98734,191.5,68.13333,763.75,682.04083,165.36363,747.0,773.0,360.6,433.5
2005-01-16,496.44446,227.49367,181.25,64.8,763.5357,680.8571,161.57576,747.0,775.0,369.8,434.5
2005-01-17,504.33334,223.44304,169.5,61.0,763.2857,679.9388,159.48485,748.0,775.0,369.4,435.5
2005-01-18,503.77777,218.37975,159.75,57.733334,762.2143,677.2041,158.09091,742.5,768.0,368.0,436.5
2005-01-19,496.77777,211.96202,145.5,53.066666,761.8929,674.7959,144.39394,739.0,765.0,365.2,436.5
2005-01-20,495.1111,204.91139,133.75,49.066666,758.8929,669.87756,137.51515,733.0,766.0,362.8,439.0
2005-01-21,485.33334,197.55696,123.5,45.4,757.75,667.59186,129.69698,729.0,764.0,360.2,438.5
2005-01-22,479.22223,191.13924,116.5,42.733334,756.8929,665.2041,126.333336,726.5,765.0,358.4,438.0
2005-01-23,468.55554,186.0,116.25,41.733334,755.3214,662.6531,120.393936,722.5,764.0,356.6,439.0
2005-01-24,461.1111,181.22784,116.0,40.933334,754.6071,660.7143,114.51515,719.5,765.0,355.2,441.0
2005-01-25,458.77777,177.98734,116.5,40.4,756.8214,662.0612,106.666664,717.5,767.0,354.8,441.0
2005-01-26,478.55554,177.68355,116.75,39.933334,769.1071,682.0612,101.84849,730.5,783.0,360.8,442.0
2005-01-27,492.66666,188.39241,122.75,42.4,799.8571,712.0816,103.818184,738.0,791.0,367.2,448.0
2005-01-28,504.0,190.73418,123.75,42.8,803.4286,716.2449,111.42424,744.0,791.0,366.8,452.0
2005-01-29,544.0,198.35443,143.25,49.533333,783.3571,664.449,111.93939,766.5,818.0,373.0,458.5
2005-01-30,502.77777,198.59494,149.5,52.266666,831.5,731.46936,132.90909,767.5,819.0,381.8,468.0
2005-01-31,509.44446,198.10127,149.75,51.933334,830.0357,739.8571,128.51515,767.5,820.0,382.4,469.0
2005-02-01,497.55554,194.24051,139.5,48.666668,823.0714,735.81635,99.90909,765.0,821.0,382.8,469.0
2005-02-02,493.1111,192.92406,134.25,46.8,822.25,734.0,127.09091,764.0,820.0,378.0,469.5
2005-02-03,484.33334,192.12659,134.0,46.333332,820.9286,731.5714,122.69697,764.0,822.0,386.4,469.5
2005-02-04,481.55554,190.91139,134.25,45.733334,820.1786,729.46936,112.818184,764.5,822.0,386.8,470.0
2005-02-05,466.77777,189.55696,134.25,45.0,819.75,727.69385,90.69697,761.0,822.0,386.8,470.0
2005-02-06,489.55554,188.08861,134.75,44.666668,819.3571,726.5102,89.63636,761.0,823.0,387.8,471.5
2005-02-07,486.33334,187.97469,134.75,44.666668,820.1071,727.551,97.454544,762.5,825.0,385.8,468.5
2005-02-08,488.33334,187.98734,134.75,44.666668,820.6786,728.10205,90.181816,775.0,840.0,387.8,472.0
2005-02-09,488.8889,187.67088,134.75,44.266666,820.1071,727.2857,90.93939,775.0,840.0,387.8,472.0
2005-02-10,490.1111,186.88608,135.0,43.866665,819.5,726.2041,88.42424,773.5,840.0,387.6,472.5
2005-02-11,481.44446,186.73418,134.75,43.133335,818.9286,724.1429,84.181816,776.0,842.0,391.0,473.5
2005-02-12,498.33334,191.40506,135.25,42.866665,828.3214,730.30615,84.21212,781.5,850.0,393.0,475.0
2005-02-13,493.33334,190.03798,135.75,42.466667,829.7143,730.3674,85.09091,783.0,852.0,387.6,473.5
2005-02-14,493.33334,189.31645,136.0,42.133335,829.7143,729.1429,79.666664,801.0,874.0,396.4,474.5
2005-02-15,494.55554,187.75949,136.0,41.466667,829.9643,729.40814,80.666664,804.5,880.0,393.4,477.0
2005-02-16,548.6667,187.25316,135.0,40.666668,872.5714,772.0612,80.606064,820.0,890.0,403.0,479.5
2005-02-17,524.2222,186.12659,134.0,39.733334,882.8929,780.2653,82.21212,824.5,900.0,407.8,483.0
2005-02-18,527.6667,185.62025,131.75,38.133335,883.1786,780.449,80.78788,826.5,900.0,409.0,484.0
2005-02-19,532.7778,193.96202,141.5,42.733334,899.6429,795.30615,79.27273,826.0,903.0,411.6,483.0
2005-02-20,582.8889,204.96202,150.75,47.0,926.4286,821.38776,94.0,846.0,917.0,416.2,490.5
2005-02-21,597.55554,213.17722,151.25,47.066666,965.3929,863.18365,82.72727,866.5,936.0,426.4,499.5
2005-02-22,598.2222,221.44304,152.25,47.533333,981.4286,878.551,79.63636,881.5,949.0,444.8,504.5
2005-02-23,604.7778,225.81012,153.75,48.266666,980.7143,877.40814,77.454544,890.0,959.0,446.2,504.0
2005-02-24,597.1111,225.6329,153.75,47.866665,962.8929,851.5102,74.84849,889.5,959.0,446.8,504.5
2005-02-25,594.0,224.2152,154.25,47.6,964.8214,850.9796,73.51515,890.5,961.0,438.2,502.5
2005-02-26,587.7778,222.02531,154.25,47.133335,966.1071,851.6531,72.0,889.0,962.0,446.8,501.0
2005-02-27,585.8889,220.92406,154.5,47.066666,967.4286,852.89795,71.06061,887.5,963.0,446.4,503.5
2005-02-28,624.6667,220.05063,155.0,46.8,981.9286,867.449,80.242424,897.0,967.0,447.0,506.0
2005-03-01,568.2222,219.41772,154.75,46.066666,991.1786,874.2857,83.72727,903.5,974.0,446.0,510.0
2005-03-02,588.2222,218.29114,153.75,45.133335,996.5357,878.0204,85.454544,910.0,980.0,451.4,514.0
2005-03-03,576.6667,217.82278,153.5,44.6,996.8929,879.0,87.333336,922.5,994.0,454.2,522.0
2005-03-04,581.8889,219.58228,151.75,43.2,996.5357,878.10205,87.63636,926.0,997.0,453.0,522.5
2005-03-05,587.44446,220.82278,154.25,43.533333,998.1071,878.9796,79.06061,926.0,998.0,452.8,520.5
2005-03-06,587.44446,219.64557,153.5,42.733334,998.1786,875.6531,73.93939,922.0,997.0,452.6,516.5
2005-03-07,583.1111,216.7848,150.0,40.466667,997.8929,872.9796,68.757576,917.0,994.0,450.6,512.5
2005-03-08,568.6667,209.86076,144.5,38.533333,995.4643,865.2245,62.575756,908.5,986.0,445.4,507.5
2005-03-09,562.44446,199.86076,135.75,36.2,993.9286,856.7143,53.757576,897.5,979.0,436.6,500.5
2005-03-10,553.6667,183.50633,124.5,33.2,991.9286,848.2449,46.666668,886.0,972.0,423.6,491.0
2005-03-11,544.44446,167.92406,116.0,30.933332,989.3929,841.95917,45.090908,871.5,963.0,412.0,484.5
2005-03-12,533.1111,149.34177,105.25,28.066668,985.0357,832.0816,36.727272,843.0,950.0,399.8,472.0
2005-03-13,527.44446,135.6329,96.75,25.8,981.4643,824.16327,30.030304,817.0,937.0,389.6,456.0
2005-03-14,531.2222,129.1519,94.5,25.2,978.3929,819.7347,26.636364,813.0,931.0,385.6,451.5
2005-03-15,523.7778,129.03798,93.5,24.933332,976.7143,817.5102,25.121212,813.0,931.0,384.2,451.0
2005-03-16,516.6667,128.68355,93.0,24.8,971.9286,812.7143,27.757576,810.0,930.0,382.8,448.0
2005-03-17,501.33334,126.40506,89.75,23.933332,973.5,812.7347,26.0,806.5,929.0,382.0,444.0
2005-03-18,497.22223,123.53165,89.25,23.8,971.5,810.61224,25.272728,805.0,929.0,381.6,442.5
2005-03-19,516.7778,123.860756,89.25,23.8,970.6786,810.40814,24.454546,804.5,930.0,382.6,442.0
2005-03-20,577.2222,138.79747,108.25,30.133333,1012.8214,851.2857,34.484848,869.0,991.0,407.0,475.0
2005-03-21,582.44446,146.02531,119.5,33.933334,1041.2142,881.59186,44.272728,917.5,1044.0,435.6,508.5
2005-03-22,611.2222,150.37975,124.0,35.533333,1062.7858,901.4286,55.21212,935.5,1064.0,446.6,523.0
2005-03-23,669.55554,186.37975,152.75,47.933334,1142.1428,981.67346,57.757576,989.0,1123.0,475.2,558.5
2005-03-24,654.3333,195.86076,177.75,56.666668,1162.5,992.38776,68.393936,1003.5,1143.0,487.0,576.0
2005-03-25,660.8889,193.68355,178.75,57.466667,1162.7142,989.7959,68.454544,1009.5,1155.0,487.2,582.5
2005-03-26,645.55554,192.72151,174.5,56.4,1181.8572,1014.2653,67.757576,1022.0,1167.0,485.2,582.5
2005-03-27,648.1111,189.79747,168.25,54.733334,1181.3214,1023.16327,62.78788,1026.5,1168.0,494.0,578.5
2005-03-28,689.7778,183.62025,166.5,54.266666,1198.1072,1033.7347,71.969696,1066.0,1199.0,506.6,588.5
2005-03-29,660.1111,190.58228,185.75,61.133335,1203.9642,1038.5306,69.818184,1096.0,1229.0,519.4,600.0
2005-03-30,618.7778,190.39241,179.5,59.466667,1207.3928,1042.5306,70.57576,1113.0,1251.0,527.8,605.5
2005-03-31,612.7778,189.56963,176.25,58.4,1205.5358,1039.5103,85.333336,1121.0,1265.0,523.8,605.0
2005-04-01,747.3333,189.34177,172.25,55.666668,1226.0714,1067.0204,65.545456,1128.5,1264.0,527.8,604.0
2005-04-02,571.6667,181.79747,163.75,50.866665,1223.8572,1060.3265,60.060608,1131.0,1265.0,524.4,596.5
2005-04-03,602.0,173.22784,155.5,46.133335,1221.7142,1055.1837,55.60606,1127.0,1265.0,519.4,589.0
2005-04-04,642.55554,172.56963,155.25,45.2,1242.9286,1073.5103,95.969696,1137.0,1274.0,526.0,607.5
2005-04-05,625.55554,174.64557,156.0,45.466667,1243.9286,1077.3062,70.06061,1145.0,1279.0,527.6,615.0
2005-04-06,625.3333,168.39241,150.0,41.866665,1240.8928,1071.0613,60.909092,1145.5,1281.0,521.4,606.5
2005-04-07,608.1111,155.02531,138.5,36.933334,1235.8928,1060.9183,60.454544,1134.5,1281.0,521.4,592.0
2005-04-08,590.7778,154.50633,138.75,37.0,1242.5714,1069.3265,72.48485,1142.5,1292.0,516.4,592.0
2005-04-09,603.0,165.4557,144.25,39.533333,1268.8928,1092.1837,85.818184,1162.5,1308.0,534.2,606.5
2005-04-10,588.2222,166.51898,151.25,41.933334,1268.5358,1084.6938,75.48485,1186.0,1325.0,532.8,608.0
2005-04-11,586.2222,164.88608,151.25,42.0,1268.7142,1095.1837,67.333336,1189.5,1325.0,533.6,606.5
2005-04-12,581.2222,158.12659,148.0,39.466667,1267.3572,1089.5918,60.666668,1185.5,1325.0,530.4,597.0
2005-04-13,578.7778,151.0633,144.75,38.6,1266.4642,1086.3265,64.454544,1186.5,1327.0,529.4,589.5
2005-04-14,578.8889,149.03798,144.75,38.6,1266.3928,1086.4286,50.272728,1187.0,1328.0,526.2,587.5
2005-04-15,577.3333,144.92406,143.5,38.266666,1264.4286,1084.4694,50.121212,1188.5,1327.0,516.4,591.5
2005-04-16,577.7778,136.73418,137.0,36.533333,1260.7858,1078.2245,54.39394,1175.0,1326.0,510.4,583.0
2005-04-17,573.8889,125.32912,126.0,33.6,1254.9642,1069.551,46.424244,1136.5,1305.0,492.4,556.5
2005-04-18,567.8889,117.341774,119.25,31.8,1248.5358,1060.3062,43.363636,1117.0,1281.0,484.6,544.5
2005-04-19,569.55554,116.18987,118.5,31.6,1246.1786,1058.0204,42.242424,1113.0,1272.0,482.6,549.0
2005-04-20,572.3333,116.1519,118.5,31.6,1245.9286,1058.449,41.030304,1113.5,1263.0,483.0,549.5
2005-04-21,570.7778,115.88608,117.5,31.333334,1244.2142,1056.551,38.636364,1111.0,1262.0,480.8,550.5
2005-04-22,568.8889,113.12658,109.25,29.133333,1239.9286,1050.8163,34.333332,1100.0,1258.0,474.4,536.5
2005-04-23,566.8889,111.07595,97.25,25.933332,1236.3928,1044.3062,29.272728,1075.0,1242.0,459.2,515.5
2005-04-24,564.55554,110.12658,88.75,23.666666,1235.2142,1042.1224,28.545454,1071.5,1234.0,455.4,506.0
2005-04-25,566.0,109.59494,91.0,24.266666,1238.3928,1044.1837,27.545454,1073.5,1235.0,454.2,503.5
2005-04-26,563.44446,107.582275,84.75,22.6,1235.3928,1040.449,24.727272,1067.0,1227.0,448.8,487.0
2005-04-27,559.0,102.64557,74.0,19.733334,1228.6428,1031.551,20.757576,1049.0,1212.0,426.4,463.0
2005-04-28,556.1111,99.44304,71.75,19.133333,1231.4286,1032.2858,18.545454,1037.0,1198.0,421.4,445.0
2005-04-29,558.1111,105.07595,76.0,20.466667,1235.3928,1036.2858,17.575758,1031.0,1189.0,420.0,438.0
2005-04-30,553.0,101.822784,77.25,20.6,1231.5358,1031.551,15.818182,1015.5,1171.0,410.6,421.0
2005-05-01,548.3333,96.139244,73.0,19.466667,1225.7858,1025.0817,14.787879,1004.5,1162.0,411.0,404.0
2005-05-02,545.3333,89.36709,71.25,19.0,1221.5358,1019.9184,13.848485,986.5,1139.0,406.0,394.5
2005-05-03,541.0,83.025314,68.25,18.2,1218.75,1014.5714,12.060606,967.0,1117.0,391.0,375.5
2005-05-04,535.2222,74.898735,63.5,16.933332,1210.8214,1004.7755,9.606061,946.5,1092.0,370.8,353.0
2005-05-05,528.1111,68.26582,58.0,15.466666,1204.6428,995.46936,9.060606,930.5,1077.0,355.8,332.0
2005-05-06,535.55554,74.07595,75.75,20.2,1222.9642,1010.0204,8.636364,922.5,1064.0,344.2,323.5
2005-05-07,535.6667,77.26582,83.75,22.333334,1223.2142,1009.18365,8.393939,914.5,1051.0,336.6,316.0
2005-05-08,533.6667,71.31645,90.25,24.066668,1222.3572,1007.32654,7.939394,897.5,1030.0,324.0,298.5
2005-05-09,547.6667,61.531647,77.75,20.733334,1236.6428,1021.18365,8.454545,906.0,1025.0,322.0,301.5
2005-05-10,564.55554,61.962025,84.5,22.533333,1255.4286,1037.8572,14.848485,938.5,1034.0,335.6,322.5
2005-05-11,564.0,60.468353,84.75,22.6,1252.9642,1039.3265,12.242424,946.5,1049.0,337.0,321.5
2005-05-12,561.2222,51.72152,79.75,21.266666,1246.6786,1032.6531,8.878788,942.0,1050.0,334.0,311.0
2005-05-13,555.2222,46.607594,70.5,18.8,1239.3928,1022.6531,7.7272725,916.5,1025.0,323.2,285.0
2005-05-14,546.3333,41.21519,62.0,16.533333,1218.4286,1002.551,5.939394,874.0,984.0,307.6,250.0
2005-05-15,535.6667,34.50633,51.5,13.733334,1201.7142,979.4898,4.090909,824.0,937.0,289.0,213.0
2005-05-16,522.6667,28.1519,40.75,10.866667,1183.5358,951.2653,3.4242425,804.5,913.0,289.4,186.5
2005-05-17,530.2222,27.594936,41.0,10.933333,1186.0358,956.0816,3.121212,787.5,906.0,286.8,183.0
2005-05-18,527.7778,26.063292,38.75,10.333333,1189.3214,961.12244,3.0,810.5,921.0,291.4,175.5
2005-05-19,521.0,22.455696,29.5,7.866667,1181.5,952.5102,2.6969697,801.0,915.0,281.6,174.0
2005-05-20,512.2222,24.873417,18.0,4.8,1156.4642,928.67346,2.060606,728.0,845.0,265.4,152.5
2005-05-21,507.22223,20.886076,8.25,2.2,1116.4286,895.83673,1.3636364,663.0,806.0,254.0,142.5
2005-05-22,497.0,16.41772,0.0,0.0,1103.3214,883.2449,0.030303031,622.0,762.0,235.2,121.0
2005-05-23,483.22223,11.987342,0.0,0.0,1076.1428,861.04083,0.0,572.0,712.0,211.2,97.0
2005-05-24,531.44446,8.113924,0.0,0.0,1046.8572,834.87756,0.0,524.5,667.0,188.0,71.0
2005-05-25,511.8889,5.379747,0.0,0.0,1027.25,817.0,0.0,468.5,611.0,163.8,45.5
2005-05-26,496.1111,2.9746835,0.0,0.0,1015.7857,802.38776,0.0,408.5,550.0,135.6,12.5
2005-05-27,479.1111,1.7341772,0.0,0.0,988.2143,775.0816,0.0,333.0,486.0,106.4,0.0
2005-05-28,460.0,0.886076,0.0,0.0,961.0357,746.16327,0.0,263.0,428.0,78.0,0.0
2005-05-29,445.44446,0.5063291,0.0,0.0,908.9286,708.2245,0.0,233.0,395.0,62.2,0.0
2005-05-30,441.66666,0.43037975,0.0,0.0,884.1429,691.0204,0.0,213.0,366.0,55.6,0.0
2005-05-31,432.55554,0.29113925,0.0,0.0,865.9643,675.4898,0.0,176.5,316.0,42.4,0.0
2005-06-01,417.8889,0.0,0.0,0.0,843.3571,653.7347,0.0,133.0,266.0,23.2,0.0
2005-06-02,403.44446,0.0,0.0,0.0,800.2143,612.6531,0.0,99.0,219.0,14.2,0.0
2005-06-03,395.8889,0.0,0.0,0.0,784.3214,599.69385,0.0,78.0,194.0,6.0,0.0
2005-06-04,387.8889,0.0,0.0,0.0,769.0714,586.551,0.0,65.5,178.0,0.8,0.0
2005-06-05,376.8889,0.0,0.0,0.0,752.6786,570.40814,0.0,51.0,156.0,0.0,0.0
2005-06-06,373.33334,0.0,0.0,0.0,748.3214,565.2653,0.0,47.0,148.0,0.0,0.0
2005-06-07,373.0,0.0,0.0,0.0,736.3214,558.2041,0.0,46.5,147.0,0.0,0.0
2005-06-08,372.0,0.0,0.0,0.0,722.6429,549.59186,0.0,46.0,144.0,0.4,0.0
2005-06-09,369.1111,0.0,0.0,0.0,720.5,547.5714,0.0,48.0,139.0,0.0,0.0
2005-06-10,364.22223,0.0,0.0,0.0,715.8929,543.46936,0.0,40.5,126.0,0.0,0.0
2005-06-11,358.77777,0.0,0.0,0.0,680.5357,513.89795,0.0,30.0,109.0,0.0,0.0
2005-06-12,352.55554,0.0,0.0,0.0,622.25,464.38776,0.0,18.0,92.0,0.0,0.0
2005-06-13,342.22223,0.0,0.0,0.0,586.8929,435.9592,0.0,3.5,70.0,0.0,0.0
2005-06-14,326.8889,0.0,0.0,0.0,514.7143,390.57144,0.0,0.0,39.0,0.0,0.0
2005-06-15,318.0,0.0,0.0,0.0,476.92856,364.5306,0.0,0.0,5.0,0.0,0.0
2005-06-16,304.55554,0.0,0.0,0.0,454.5,347.57144,0.0,0.0,0.0,0.0,0.0
2005-06-17,299.22223,0.0,0.0,0.0,446.67856,341.63266,0.0,0.0,0.0,0.0,0.0
2005-06-18,299.1111,0.0,0.0,0.0,446.0357,341.34692,0.0,5.5,0.0,0.2,0.0
2005-06-19,298.33334,0.0,0.0,0.0,444.39285,340.06122,0.0,3.0,0.0,0.0,0.0
2005-06-20,279.44446,0.0,0.0,0.0,437.35715,334.85715,0.0,0.0,0.0,0.0,0.0
2005-06-21,254.0,0.0,0.0,0.0,419.2143,320.57144,0.0,0.0,0.0,0.0,0.0
2005-06-22,239.88889,0.0,0.0,0.0,434.4643,325.40817,0.0,0.0,0.0,0.0,0.0
2005-06-23,238.33333,0.0,0.0,0.0,410.89285,307.61224,0.0,0.0,0.0,0.0,0.0
2005-06-24,240.33333,0.0,0.0,0.0,388.39285,290.34692,0.0,0.0,0.0,0.0,0.0
2005-06-25,201.66667,0.0,0.0,0.0,368.42856,275.14285,0.0,0.0,0.0,0.0,0.0
2005-06-26,174.33333,0.0,0.0,0.0,356.14285,265.55103,0.0,0.0,0.0,0.0,0.0
2005-06-27,160.66667,0.0,0.0,0.0,342.25,254.77551,0.0,0.0,0.0,0.0,0.0
2005-06-28,151.88889,0.0,0.0,0.0,326.07144,241.57143,0.0,0.0,0.0,0.0,0.0
2005-06-29,142.55556,0.0,0.0,0.0,309.7857,228.14285,0.0,0.0,0.0,0.0,0.0
2005-06-30,128.44444,0.0,0.0,0.0,289.42856,211.10204,0.0,0.0,0.0,0.0,0.0
2005-07-01,111.888885,0.0,0.0,0.0,258.89285,188.10204,0.0,0.0,0.0,0.0,0.0
2005-07-02,98.44444,0.0,0.0,0.0,225.67857,163.9796,0.0,0.0,0.0,0.0,0.0
2005-07-03,86.44444,0.0,0.0,0.0,197.75,143.53061,0.0,0.0,0.0,0.0,0.0
2005-07-04,75.0,0.0,0.0,0.0,172.92857,125.04082,0.0,0.0,0.0,0.0,0.0
2005-07-05,63.666668,0.0,0.0,0.0,150.5,107.77551,0.0,0.0,0.0,0.0,0.0
2005-07-06,51.88889,0.0,0.0,0.0,127.5,90.10204,0.0,0.0,0.0,0.0,0.0
2005-07-07,39.555557,0.0,0.0,0.0,106.64286,73.44898,0.0,0.0,0.0,0.0,0.0
2005-07-08,26.88889,0.0,0.0,0.0,88.14286,59.387756,0.0,0.0,0.0,0.0,0.0
2005-07-09,15.222222,0.0,0.0,0.0,73.25,47.714287,0.0,0.0,0.0,0.0,0.0
2005-07-10,6.3333335,0.0,0.0,0.0,62.035713,39.67347,0.0,0.0,0.0,0.0,0.0
2005-07-11,0.0,0.0,0.0,0.0,54.25,33.387756,0.0,0.0,0.0,0.0,0.0
2005-07-12,0.0,0.0,0.0,0.0,45.714287,26.918367,0.0,0.0,0.0,0.0,0.0
2005-07-13,0.0,0.0,0.0,0.0,36.5,20.857143,0.0,0.0,0.0,0.0,0.0
2005-07-14,0.0,0.0,0.0,0.0,29.535715,16.87755,0.0,0.0,0.0,0.0,0.0
2005-07-15,0.0,0.0,0.0,0.0,23.142857,13.22449,0.0,0.0,0.0,0.0,0.0
2005-07-16,0.0,0.0,0.0,0.0,19.142857,10.938775,0.0,0.0,0.0,0.0,0.0
2005-07-17,0.0,0.0,0.0,0.0,12.928572,7.387755,0.0,0.0,0.0,0.0,0.0
2005-07-18,0.0,0.0,0.0,0.0,7.678571,4.387755,0.0,0.0,0.0,0.0,0.0
2005-07-19,0.0,0.0,0.0,0.0,3.1785715,1.8163265,0.0,0.0,0.0,0.0,0.0
2005-07-20,0.0,0.0,0.0,0.0,1.1071428,0.63265306,0.0,0.0,0.0,0.0,0.0
2005-07-21,0.0,0.0,0.0,0.0,0.0,0.0,0.0,0.0,0.0,0.0,0.0
2005-07-22,0.0,0.0,0.0,0.0,0.0,0.0,0.0,0.0,0.0,0.0,0.0
2005-07-23,0.0,0.0,0.0,0.0,0.0,0.0,0.0,0.0,0.0,0.0,0.0
2005-07-24,0.0,0.0,0.0,0.0,0.0,0.0,0.0,0.0,0.0,0.0,0.0
2005-07-25,0.0,0.0,0.0,0.0,0.0,0.0,0.0,0.0,0.0,0.0,0.0
2005-07-26,0.0,0.0,0.0,0.0,0.0,0.0,0.0,0.0,0.0,0.0,0.0
2005-07-27,0.0,0.0,0.0,0.0,0.0,0.0,0.0,0.0,0.0,0.0,0.0
2005-07-28,0.0,0.0,0.0,0.0,0.0,0.0,0.0,0.0,0.0,0.0,0.0
2005-07-29,0.0,0.0,0.0,0.0,0.0,0.0,0.0,0.0,0.0,0.0,0.0
2005-07-30,0.0,0.0,0.0,0.0,0.0,0.0,0.0,0.0,0.0,0.0,0.0
2005-07-31,0.0,0.0,0.0,0.0,0.0,0.0,0.0,0.0,0.0,0.0,0.0
2005-08-01,0.0,0.0,0.0,0.0,0.0,0.0,0.0,0.0,0.0,0.0,0.0
2005-08-02,0.0,0.0,0.0,0.0,0.0,0.0,0.0,0.0,0.0,0.0,0.0
2005-08-03,0.0,0.0,0.0,0.0,0.0,0.0,0.0,0.0,0.0,0.0,0.0
2005-08-04,0.0,0.0,0.0,0.0,0.0,0.0,0.0,0.0,0.0,0.0,0.0
2005-08-05,0.0,0.0,0.0,0.0,0.0,0.0,0.0,0.0,0.0,0.0,0.0
2005-08-06,0.0,0.0,0.0,0.0,0.0,0.0,0.0,0.0,0.0,0.0,0.0
2005-08-07,0.0,0.0,0.0,0.0,0.0,0.0,0.0,0.0,0.0,0.0,0.0
2005-08-08,0.0,0.0,0.0,0.0,0.0,0.0,0.0,0.0,0.0,0.0,0.0
2005-08-09,0.0,0.0,0.0,0.0,0.0,0.0,0.0,0.0,0.0,0.0,0.0
2005-08-10,0.0,0.0,0.0,0.0,0.0,0.0,0.0,0.0,0.0,0.0,0.0
2005-08-11,0.0,0.0,0.0,0.0,0.0,0.0,0.0,0.0,0.0,0.0,0.0
2005-08-12,0.0,0.0,0.0,0.0,0.0,0.0,0.0,0.0,0.0,0.0,0.0
2005-08-13,0.0,0.0,0.0,0.0,0.0,0.0,0.0,0.0,0.0,0.0,0.0
2005-08-14,0.0,0.0,0.0,0.0,0.0,0.0,0.0,0.0,0.0,0.0,0.0
2005-08-15,0.0,0.0,0.0,0.0,0.0,0.0,0.0,0.0,0.0,0.0,0.0
2005-08-16,0.0,0.0,0.0,0.0,0.0,0.0,0.0,0.0,0.0,0.0,0.0
2005-08-17,0.0,0.0,0.0,0.0,0.0,0.0,0.0,0.0,0.0,0.0,0.0
2005-08-18,0.0,0.0,0.0,0.0,0.0,0.0,0.0,0.0,0.0,0.0,0.0
2005-08-19,0.0,0.0,0.0,0.0,0.0,0.0,0.0,0.0,0.0,0.0,0.0
2005-08-20,0.0,0.0,0.0,0.0,0.0,0.0,0.0,0.0,0.0,0.0,0.0
2005-08-21,0.0,0.0,0.0,0.0,0.0,0.0,0.0,0.0,0.0,0.0,0.0
2005-08-22,0.0,0.0,0.0,0.0,0.0,0.0,0.0,0.0,0.0,0.0,0.0
2005-08-23,0.0,0.0,0.0,0.0,0.0,0.0,0.0,0.0,0.0,0.0,0.0
2005-08-24,0.0,0.0,0.0,0.0,0.0,0.0,0.0,0.0,0.0,0.0,0.0
2005-08-25,0.0,0.0,0.0,0.0,0.0,0.0,0.0,0.0,0.0,0.0,0.0
2005-08-26,0.0,0.0,0.0,0.0,0.0,0.0,0.0,0.0,0.0,0.0,0.0
2005-08-27,0.0,0.0,0.0,0.0,0.0,0.0,0.0,0.0,0.0,0.0,0.0
2005-08-28,0.0,0.0,0.0,0.0,0.0,0.0,0.0,0.0,0.0,0.0,0.0
2005-08-29,0.0,0.0,0.0,0.0,0.0,0.0,0.0,0.0,0.0,0.0,0.0
2005-08-30,0.0,0.0,0.0,0.0,0.0,0.0,0.0,0.0,0.0,0.0,0.0
2005-08-31,0.0,0.0,0.0,0.0,0.0,0.0,0.0,0.0,0.0,0.0,0.0
2005-09-01,0.0,0.0,0.0,0.0,0.0,0.0,0.0,0.0,0.0,0.0,0.0
2005-09-02,0.0,0.0,0.0,0.0,0.0,0.0,0.0,0.0,0.0,0.0,0.0
2005-09-03,0.0,0.0,0.0,0.0,0.0,0.0,0.0,0.0,0.0,0.0,0.0
2005-09-04,0.0,0.0,0.0,0.0,0.0,0.0,0.0,0.0,0.0,0.0,0.0
2005-09-05,0.0,0.0,0.0,0.0,0.0,0.0,0.0,0.0,0.0,0.0,0.0
2005-09-06,0.0,0.0,0.0,0.0,0.0,0.0,0.0,0.0,0.0,0.0,0.0
2005-09-07,0.0,0.0,0.0,0.0,0.0,0.0,0.0,0.0,0.0,0.0,0.0
2005-09-08,0.0,0.0,0.0,0.0,0.0,0.0,0.0,0.0,0.0,0.0,0.0
2005-09-09,0.0,0.0,0.0,0.0,0.0,0.0,0.0,0.0,0.0,0.0,0.0
2005-09-10,0.0,0.0,0.0,0.0,0.0,0.0,0.0,0.0,0.0,0.0,0.0
2005-09-11,0.0,0.0,0.0,0.0,0.0,0.0,0.0,0.0,0.0,0.0,0.0
2005-09-12,0.0,0.0,0.0,0.0,0.0,0.0,0.0,0.0,0.0,0.0,0.0
2005-09-13,0.0,0.0,0.0,0.0,0.0,0.0,0.0,0.0,0.0,0.0,0.0
2005-09-14,0.0,0.0,0.0,0.0,0.0,0.0,0.0,0.0,0.0,0.0,0.0
2005-09-15,0.0,0.0,0.0,0.0,0.0,0.0,0.0,0.0,0.0,0.0,0.0
2005-09-16,0.0,0.0,0.0,0.0,0.0,0.0,0.0,0.0,0.0,0.0,0.0
2005-09-17,0.0,0.0,0.0,0.0,0.0,0.0,0.0,0.0,0.0,0.0,0.0
2005-09-18,0.0,0.0,0.0,0.0,0.0,0.0,0.0,0.0,0.0,0.0,0.0
2005-09-19,0.0,0.0,0.0,0.0,0.0,0.0,0.0,0.0,0.0,0.0,0.0
2005-09-20,0.0,0.0,0.0,0.0,0.0,0.0,0.0,0.0,0.0,0.0,0.0
2005-09-21,0.0,0.1392405,0.0,0.0,0.0,0.0,0.0,0.0,0.0,0.0,0.0
2005-09-22,0.0,0.012658228,0.0,0.0,0.0,0.0,0.0,0.0,0.0,0.0,0.0
2005-09-23,0.0,0.0,0.0,0.0,0.0,0.0,0.0,0.0,0.0,0.0,0.0
2005-09-24,0.0,0.0,0.0,0.0,0.0,0.0,0.0,0.0,0.0,0.0,0.0
2005-09-25,0.0,0.0,0.0,0.0,0.0,0.0,0.0,0.0,0.0,0.0,0.0
2005-09-26,0.0,0.0,0.0,0.0,0.0,0.0,0.0,0.0,0.0,0.0,0.0
2005-09-27,0.0,0.0,0.0,0.0,0.64285713,0.36734694,0.0,0.0,0.0,0.0,0.0
2005-09-28,0.0,0.0,0.0,0.0,0.25,0.14285715,0.0,0.0,0.0,0.0,0.0
2005-09-29,0.0,0.0,0.0,0.0,0.0,0.0,0.0,0.0,0.0,0.0,0.0
2005-09-30,0.0,0.0,0.0,0.0,0.0,0.0,0.0,0.0,0.0,0.0,0.0
2005-10-01,0.0,0.0,0.0,0.0,0.0,0.0,0.0,0.0,0.0,0.0,0.0
2005-10-02,0.0,0.0,0.0,0.0,0.0,0.0,0.0,0.0,0.0,0.0,0.0
2005-10-03,0.0,0.0,0.0,0.0,0.0,0.0,0.0,0.0,0.0,0.0,0.0
2005-10-04,0.0,0.0,0.0,0.0,0.0,0.0,0.0,0.0,0.0,0.0,0.0
2005-10-05,0.0,0.0,0.0,0.0,0.0,0.0,0.0,0.0,0.0,0.0,0.0
2005-10-06,0.0,0.0,0.0,0.0,0.0,0.0,0.0,0.0,0.0,0.0,0.0
2005-10-07,0.0,0.0,0.0,0.0,0.0,0.0,0.0,0.0,0.0,0.0,0.0
2005-10-08,0.0,0.0,0.0,0.0,0.0,0.0,0.0,0.0,0.0,0.0,0.0
2005-10-09,0.0,0.0,0.0,0.0,0.0,0.0,0.0,0.0,0.0,0.0,0.0
2005-10-10,0.0,0.0,0.0,0.0,0.0,0.0,0.0,0.0,0.0,0.0,0.0
2005-10-11,0.0,0.0,0.0,0.0,0.0,0.0,0.0,0.0,0.0,0.0,0.0
2005-10-12,0.0,0.0,0.0,0.0,0.0,0.0,0.0,0.0,0.0,0.0,0.0
2005-10-13,0.0,0.0,0.0,0.0,0.0,0.0,0.0,0.0,0.0,0.0,0.0
2005-10-14,0.0,0.0,0.0,0.0,0.0,0.0,0.0,0.0,0.0,0.0,0.0
2005-10-15,0.0,0.0,0.0,0.0,0.0,0.0,0.0,0.0,0.0,0.0,0.0
2005-10-16,0.0,0.03797468,0.0,0.0,0.0,0.0,0.0,0.0,0.0,0.0,0.0
2005-10-17,0.0,0.0,0.0,0.0,0.0,0.0,0.0,0.0,0.0,0.0,0.0
2005-10-18,0.0,0.0,0.0,0.0,0.0,0.0,0.0,0.0,0.0,0.0,0.0
2005-10-19,0.0,0.050632913,0.0,0.0,0.0,0.0,0.0,0.0,0.0,0.0,0.0
2005-10-20,0.0,0.0,0.0,0.0,0.0,0.0,0.0,0.0,0.0,0.0,0.0
2005-10-21,0.0,0.0,0.0,0.0,0.0,0.0,0.0,0.0,0.0,0.0,0.0
2005-10-22,0.0,0.0,0.0,0.0,0.0,0.0,0.0,0.0,0.0,0.0,0.0
2005-10-23,0.0,0.0,0.0,0.0,0.0,0.0,0.0,0.0,0.0,0.0,0.0
2005-10-24,0.0,0.0,0.0,0.0,0.0,0.0,0.0,0.0,0.0,0.0,0.0
2005-10-25,0.0,0.0,0.0,0.0,0.0,0.0,0.0,0.0,0.0,0.0,0.0
2005-10-26,0.0,0.0,0.0,0.0,0.0,0.0,0.0,0.0,0.0,0.0,0.0
2005-10-27,0.0,0.0,0.0,0.0,0.25,0.14285715,0.0,0.0,0.0,0.0,0.0
2005-10-28,0.44444445,0.17721519,0.0,0.0,5.357143,5.387755,0.0,2.0,2.0,2.8,0.0
2005-10-29,1.2222222,0.3164557,0.0,0.0,5.678571,4.9591837,0.0,1.5,0.0,1.0,0.0
2005-10-30,1.0,0.15189873,0.0,0.0,4.607143,3.4285715,0.0,1.5,0.0,0.2,0.0
2005-10-31,0.8888889,0.101265825,0.0,0.0,4.821429,3.4081633,0.0,0.0,0.0,0.0,0.0
2005-11-01,0.0,0.0,0.0,0.0,0.6785714,0.3877551,0.0,0.0,0.0,0.0,0.0
2005-11-02,0.0,0.0,0.0,0.0,0.0,0.0,0.0,0.0,0.0,0.0,0.0
2005-11-03,0.0,0.0,0.0,0.0,0.0,0.0,0.18181819,0.0,0.0,0.0,0.0
2005-11-04,0.0,0.0,0.0,0.0,0.0,0.020408163,2.4242425,7.0,9.0,0.0,4.0
2005-11-05,0.0,0.0,0.0,0.0,0.0,0.020408163,2.060606,11.0,16.0,2.4,4.5
2005-11-06,0.0,0.0,0.0,0.0,0.0,0.0,1.6969697,10.5,14.0,1.4,5.0
2005-11-07,0.0,0.0,0.0,0.0,0.0,0.0,1.060606,4.0,4.0,0.0,1.5
2005-11-08,0.22222222,0.0,0.0,0.0,0.4642857,0.8367347,0.8181818,4.0,5.0,0.0,0.0
2005-11-09,2.0,0.0,0.0,0.0,1.1071428,1.5102041,0.3939394,1.5,0.0,0.0,0.0
2005-11-10,1.2222222,0.0,0.0,0.0,0.42857143,0.7755102,0.121212125,0.0,0.0,0.0,0.0
2005-11-11,0.8888889,0.12658228,0.0,0.0,0.42857143,0.6530612,0.0,0.0,0.0,0.0,0.0
2005-11-12,0.8888889,0.1392405,0.0,0.0,0.39285713,0.59183675,0.0,0.0,0.0,0.0,0.0
2005-11-13,1.0,0.03797468,0.0,0.0,0.32142857,0.46938777,0.0,0.0,0.0,0.0,0.0
2005-11-14,0.33333334,0.0,0.0,0.0,0.14285715,0.1632653,0.0,0.0,0.0,0.0,0.0
2005-11-15,0.0,0.0,0.0,0.0,0.0,0.0,0.0,0.0,0.0,0.0,0.0
2005-11-16,0.0,0.0,0.0,0.0,0.0,0.0,0.0,0.0,0.0,0.0,0.0
2005-11-17,0.0,0.0,0.0,0.0,0.0,0.0,0.0,0.0,0.0,0.0,0.0
2005-11-18,0.0,0.0,0.0,0.0,0.0,0.0,0.0,0.0,0.0,0.0,0.0
2005-11-19,0.0,0.0,0.0,0.0,0.0,0.0,0.0,0.0,0.0,0.0,0.0
2005-11-20,0.0,0.0,0.0,0.0,0.0,0.0,0.0,0.0,0.0,0.0,0.0
2005-11-21,0.0,0.0,0.0,0.0,0.0,0.0,0.0,0.0,0.0,0.0,0.0
2005-11-22,0.0,0.0,0.0,0.0,0.0,0.0,0.0,0.0,0.0,0.0,0.0
2005-11-23,0.0,0.0,0.0,0.0,0.0,0.0,0.0,0.0,0.0,0.0,0.0
2005-11-24,0.0,0.0,0.0,0.0,0.0,0.0,0.0,0.0,0.0,0.0,0.0
2005-11-25,0.0,0.0,0.0,0.0,0.0,0.0,0.0,0.0,0.0,0.0,0.0
2005-11-26,0.22222222,0.0,0.0,0.0,3.7142856,4.632653,4.787879,20.0,22.0,11.4,12.0
2005-11-27,0.22222222,0.0,0.0,0.0,3.6785715,4.612245,4.848485,20.0,24.0,13.4,12.0
2005-11-28,0.22222222,0.0,0.0,0.0,3.6785715,4.632653,5.090909,22.0,24.0,13.4,14.5
2005-11-29,4.4444447,0.07594936,0.0,0.0,20.321428,23.77551,18.39394,45.5,56.0,28.8,29.5
2005-11-30,9.444445,0.20253165,0.0,0.0,32.285713,36.122448,20.272728,69.0,74.0,39.4,37.5
2005-12-01,8.777778,0.2658228,0.0,0.0,36.82143,42.204082,33.333332,81.0,78.0,43.0,43.0
2005-12-02,82.0,5.506329,7.0,1.8666667,138.25,132.9796,31.242424,124.5,130.0,105.2,73.0
2005-12-03,81.666664,21.544304,18.5,5.3333335,152.14285,144.67346,30.818182,134.0,145.0,108.0,70.0
2005-12-04,83.44444,21.556963,18.5,5.3333335,152.03572,144.61224,30.787878,134.0,145.0,108.0,70.0
2005-12-05,75.0,21.645569,17.5,4.9333334,151.89285,144.42857,30.666666,133.0,145.0,108.0,70.0
2005-12-06,76.666664,21.367088,15.75,4.266667,151.28572,144.04082,28.636364,134.0,145.0,108.0,70.5
2005-12-07,71.77778,21.0,10.5,2.8,151.35715,143.71428,29.181818,135.0,145.0,108.0,70.5
2005-12-08,90.666664,20.518988,18.25,4.866667,153.5,147.9796,29.030304,140.5,146.0,111.2,70.0
2005-12-09,86.111115,20.101265,17.75,4.733333,154.67857,148.53061,28.545454,142.5,147.0,112.6,70.0
2005-12-10,88.44444,19.316456,16.5,4.4,155.0,147.91837,27.575758,144.0,147.0,112.2,70.0
2005-12-11,89.0,17.8481,14.5,3.8666666,155.14285,147.22449,24.878788,142.5,146.0,112.0,70.0
2005-12-12,90.44444,17.0,13.5,3.6,154.78572,146.83673,24.272728,141.0,146.0,111.6,71.5
2005-12-13,91.888885,16.544304,13.25,3.5333333,155.82143,149.0,24.121212,141.0,146.0,111.2,71.0
2005-12-14,81.666664,16.772152,12.75,3.4,155.85715,148.7551,23.545454,141.0,146.0,111.0,70.5
2005-12-15,83.77778,16.367088,12.25,3.2666667,155.78572,148.10204,23.424242,136.5,146.0,111.2,71.0
2005-12-16,83.55556,16.253164,12.0,3.2,155.82143,148.0,23.212122,135.0,146.0,111.4,71.5
2005-12-17,83.888885,16.101265,11.75,3.1333334,157.07143,148.36734,22.878788,134.0,146.0,111.6,71.5
2005-12-18,111.44444,16.620253,11.75,3.1333334,173.25,166.89796,30.60606,149.0,163.0,122.2,78.5
2005-12-19,161.77777,36.0,20.5,6.0,239.82143,224.81633,35.848484,212.5,247.0,163.4,129.5
2005-12-20,163.44444,34.79747,28.25,7.733333,242.75,226.7347,35.454544,213.5,245.0,168.2,121.5
2005-12-21,163.77777,31.544304,26.25,7.0,241.82143,227.85715,33.60606,222.5,258.0,167.8,117.5
2005-12-22,164.55556,27.41772,21.0,5.6,256.9643,240.71428,30.666666,254.5,298.0,191.0,105.0
2005-12-23,164.22223,24.329113,17.5,4.6666665,265.5,248.71428,21.787878,223.5,247.0,185.0,101.0
2005-12-24,163.0,19.784811,13.75,3.6666667,264.85715,247.42857,19.69697,221.0,245.0,180.0,98.0
2005-12-25,154.66667,16.43038,9.75,2.6,263.2143,244.67346,17.939394,214.0,238.0,178.2,98.5
2005-12-26,171.22223,15.746836,12.0,3.2,281.75,262.5102,17.424242,232.5,249.0,181.8,101.0
2005-12-27,186.0,19.886076,19.75,5.266667,300.42856,280.02042,28.69697,270.5,294.0,198.6,118.0
2005-12-28,143.66667,18.974684,20.0,5.3333335,306.0,285.85715,21.69697,281.0,296.0,206.2,136.5
2005-12-29,141.55556,19.202532,19.75,5.266667,338.32144,315.5102,28.333334,305.0,315.0,219.8,150.5
2005-12-30,141.66667,19.27848,20.25,5.4,338.82144,316.1837,42.090908,306.5,318.0,220.4,152.5
2005-12-31,153.0,18.797468,19.0,5.0666666,382.64285,359.7143,29.09091,367.5,381.0,248.4,188.0
2006-01-01,245.22223,45.6962,51.5,16.933332,453.67856,421.65308,31.39394,435.5,452.0,280.8,244.0
2006-01-02,297.66666,74.29114,73.0,26.266666,502.82144,470.55103,76.57576,476.5,484.0,295.0,273.5
2006-01-03,341.1111,120.25317,133.0,47.666668,528.3214,480.40817,63.030304,509.0,506.0,339.0,291.5
2006-01-04,341.77777,120.64557,133.75,47.866665,535.7857,483.4898,89.93939,512.0,513.0,339.0,294.0
2006-01-05,341.33334,119.139244,128.0,45.933334,583.1429,545.6326,63.18182,522.0,513.0,339.8,292.5
2006-01-06,318.22223,115.81013,115.25,41.733334,583.2143,543.9796,74.666664,516.5,512.0,340.2,291.5
2006-01-07,330.33334,112.55696,111.25,40.2,581.6071,541.04083,69.545456,507.0,509.0,339.2,289.0
2006-01-08,331.77777,111.6076,108.0,39.066666,583.1786,541.69385,67.51515,508.5,508.0,343.0,288.5
2006-01-09,334.33334,110.53165,106.25,38.466667,581.2143,539.9796,61.151516,510.0,513.0,343.0,289.5
2006-01-10,334.77777,109.75949,102.0,36.933334,579.8929,537.2653,59.363636,505.5,512.0,344.8,289.5
2006-01-11,330.55554,109.03797,100.0,36.2,579.3214,535.7143,53.545456,502.0,511.0,346.8,288.0
2006-01-12,326.55554,107.544304,97.75,35.4,581.0714,535.69385,48.545456,508.5,520.0,347.4,290.0
2006-01-13,324.44446,106.67088,95.0,34.333332,581.2143,534.16327,49.030304,507.5,521.0,346.6,290.0
2006-01-14,315.33334,105.341774,92.25,33.333332,582.0714,532.449,60.060608,506.5,528.0,345.0,290.0
2006-01-15,359.66666,121.27848,119.0,42.0,615.5,569.6326,86.242424,579.5,584.0,379.2,320.0
2006-01-16,340.22223,123.56962,126.25,45.866665,621.75,564.2041,88.181816,581.0,585.0,382.6,317.5
2006-01-17,351.66666,124.025314,127.75,46.4,621.0,563.8571,91.84849,583.5,590.0,389.2,318.0
2006-01-18,364.22223,122.658226,124.25,44.466667,636.7143,577.40814,112.969696,612.5,620.0,394.4,332.0
2006-01-19,374.55554,127.36709,137.25,48.866665,608.7857,537.3469,117.454544,683.5,700.0,422.0,365.0
2006-01-20,374.44446,127.74683,137.5,49.266666,611.0357,532.59186,111.69697,688.5,704.0,421.4,360.0
2006-01-21,366.22223,127.658226,137.25,49.066666,659.5357,598.89795,123.969696,688.5,704.0,422.0,361.0
2006-01-22,370.55554,127.620255,137.0,49.0,659.0357,597.8571,105.969696,685.0,704.0,421.8,359.0
2006-01-23,365.55554,127.40506,135.25,48.533333,659.2143,597.9184,113.969696,690.5,705.0,423.4,359.0
2006-01-24,361.44446,126.43038,130.25,46.866665,658.3929,596.12244,101.69697,692.5,705.0,423.4,358.0
2006-01-25,354.55554,124.31645,122.75,44.4,657.4286,595.30615,114.27273,697.5,706.0,423.8,359.0
2006-01-26,351.66666,123.11392,119.75,43.333332,656.6071,594.7551,109.57576,702.0,706.0,422.8,357.5
2006-01-27,343.0,122.98734,119.75,43.4,659.2857,597.5714,120.818184,707.5,714.0,426.2,360.5
2006-01-28,344.8889,122.658226,119.5,43.333332,658.7857,596.2857,124.21212,710.0,718.0,423.0,360.5
2006-01-29,347.22223,121.55696,118.25,42.933334,617.7857,538.18365,125.57576,737.0,747.0,436.2,379.5
2006-01-30,347.0,119.08861,116.0,42.133335,662.0357,609.9388,115.84849,740.5,747.0,432.4,379.5
2006-01-31,355.1111,119.64557,112.75,40.933334,668.1429,616.9796,132.63637,771.0,789.0,457.6,402.0
2006-02-01,346.33334,120.05064,110.75,40.2,668.9286,616.0204,126.0,786.5,809.0,457.4,402.5
2006-02-02,339.33334,117.48101,105.25,38.2,671.2857,616.83673,125.818184,815.5,842.0,457.8,410.0
2006-02-03,332.33334,114.36709,98.25,35.666668,672.2857,617.40814,125.333336,858.0,896.0,461.4,412.5
2006-02-04,333.66666,110.08861,93.5,33.8,671.6786,614.9796,120.72727,866.5,901.0,457.2,411.0
2006-02-05,334.22223,107.06329,90.25,32.466667,671.2857,614.40814,111.93939,884.5,924.0,463.4,419.5
2006-02-06,334.22223,104.18987,86.25,30.6,670.6071,612.551,107.181816,887.0,923.0,465.6,422.0
2006-02-07,323.66666,101.11392,86.5,29.8,669.6429,610.9184,114.51515,897.5,923.0,464.4,422.0
2006-02-08,314.22223,97.341774,87.0,28.733334,668.3214,607.2449,139.36363,893.0,920.0,469.4,421.5
2006-02-09,303.33334,92.32912,85.25,26.8,666.9643,602.89795,87.84849,892.0,918.0,466.4,421.5
2006-02-10,302.66666,86.77215,80.5,23.666666,664.8929,599.10205,81.90909,893.5,916.0,457.4,421.5
2006-02-11,302.44446,80.341774,76.0,20.866667,663.0,596.46936,80.181816,888.0,913.0,461.2,421.0
2006-02-12,301.0,74.620255,71.75,19.133333,661.1429,593.8571,79.63636,877.0,912.0,451.6,420.5
2006-02-13,295.33334,69.88608,66.75,17.8,659.5,591.2449,72.30303,860.0,908.0,448.4,419.0
2006-02-14,288.44446,64.72152,61.75,16.466667,657.3929,588.38776,67.51515,876.0,937.0,451.0,417.5
2006-02-15,284.0,63.341774,61.5,16.4,656.7857,587.7959,67.27273,875.5,937.0,443.8,417.5
2006-02-16,290.22223,63.392406,61.5,16.4,658.9643,588.551,67.181816,865.5,917.0,450.8,418.5
2006-02-17,287.1111,63.379745,61.5,16.4,659.1071,580.3469,67.06061,870.0,921.0,450.8,419.0
2006-02-18,318.33334,67.88608,68.75,19.533333,644.1429,554.46936,97.21212,891.0,929.0,458.2,425.5
2006-02-19,306.66666,68.77215,75.5,22.933332,652.2857,564.53064,80.57576,917.0,962.0,459.6,430.5
2006-02-20,311.66666,69.74683,81.5,25.6,656.9643,567.7143,82.69697,918.0,962.0,454.2,430.5
2006-02-21,310.22223,68.94936,81.75,25.933332,657.1071,568.1429,78.757576,916.5,961.0,459.6,429.5
2006-02-22,312.1111,67.59494,84.0,26.733334,657.7857,556.40814,72.030304,917.5,962.0,454.6,430.0
2006-02-23,301.55554,65.822784,84.75,25.0,686.5,611.38776,71.545456,925.0,963.0,454.6,430.0
2006-02-24,295.44446,64.96203,70.25,20.0,685.4643,610.69385,67.878784,918.5,961.0,452.8,429.0
2006-02-25,298.22223,64.26582,67.25,18.333334,684.0,608.7959,65.666664,913.0,959.0,452.2,428.5
2006-02-26,291.1111,61.531647,65.25,17.4,681.6071,606.6326,63.303032,909.5,957.0,451.2,427.0
2006-02-27,289.1111,60.518986,63.0,16.8,690.9643,614.30615,66.69697,931.0,992.0,451.0,424.5
2006-02-28,341.66666,70.620255,81.75,21.8,747.4643,665.2041,59.272728,970.0,1035.0,473.8,455.0
2006-03-01,362.44446,75.93671,87.25,23.6,763.0357,679.9388,74.30303,977.0,1018.0,484.2,467.5
2006-03-02,341.55554,76.53165,87.75,24.0,773.0357,689.4286,91.454544,984.0,1020.0,485.8,469.0
2006-03-03,406.44446,76.31645,88.0,24.066668,790.2857,705.4286,77.78788,1017.5,1049.0,493.0,496.5
2006-03-04,427.77777,87.07595,115.75,39.266666,798.8214,697.2653,103.57576,1051.5,1080.0,510.6,531.5
2006-03-05,415.44446,88.78481,122.75,40.933334,800.1071,696.7143,83.09091,1058.0,1084.0,510.4,531.5
2006-03-06,456.77777,87.72152,118.0,35.066666,805.1786,701.0816,193.48485,1056.0,1087.0,511.8,532.0
2006-03-07,454.33334,98.43038,150.75,45.933334,868.4643,779.7959,167.24243,1085.0,1127.0,516.8,544.0
2006-03-08,463.22223,102.620255,166.0,53.266666,835.25,723.4898,166.18182,1109.5,1153.0,518.6,552.0
2006-03-09,454.77777,102.544304,168.75,54.466667,879.6429,779.9388,170.39394,1116.5,1163.0,527.2,554.0
2006-03-10,478.8889,105.87342,173.25,56.666668,849.3571,739.2245,177.27272,1150.0,1204.0,540.0,561.0
2006-03-11,474.0,110.03797,191.5,66.13333,860.0357,750.2653,198.27272,1183.0,1239.0,546.4,571.0
2006-03-12,482.0,113.53165,202.0,72.933334,864.5714,755.67346,180.0303,1181.0,1242.0,548.6,571.0
2006-03-13,483.22223,116.544304,213.25,78.26667,868.2143,756.81635,196.09091,1187.0,1242.0,551.0,571.5
2006-03-14,498.22223,123.73418,216.25,79.0,869.0714,756.9388,218.06061,1203.0,1250.0,552.6,582.0
2006-03-15,530.0,125.24051,220.75,80.13333,887.1429,774.3674,227.48485,1235.5,1291.0,620.8,604.0
2006-03-16,513.6667,124.55696,221.5,78.333336,886.9286,771.81635,230.78787,1241.5,1314.0,611.0,604.0
2006-03-17,513.8889,122.78481,221.25,75.333336,886.25,778.95917,254.57576,1231.5,1314.0,614.4,613.5
2006-03-18,517.0,123.93671,223.0,74.73333,901.3214,791.2245,225.30302,1258.0,1355.0,617.6,615.5
2006-03-19,523.44446,124.379745,229.75,76.86667,905.6429,792.69385,221.75757,1259.0,1357.0,621.4,616.5
2006-03-20,513.6667,124.29114,232.0,77.066666,907.3929,790.2653,218.42424,1261.0,1356.0,623.4,617.0
2006-03-21,541.1111,131.87341,256.5,87.8,928.1786,819.1429,239.9697,1260.0,1357.0,620.4,617.0
2006-03-22,525.8889,133.39241,264.25,90.933334,931.8929,803.0612,222.0303,1259.0,1357.0,621.2,616.5
2006-03-23,524.1111,131.9367,264.5,88.13333,930.8571,812.7959,217.63637,1258.0,1357.0,620.0,616.5
2006-03-24,514.6667,125.658226,245.0,80.0,976.6071,882.61224,199.48485,1262.0,1359.0,619.0,614.0
2006-03-25,530.2222,115.64557,216.5,70.13333,975.7857,879.9184,189.87878,1264.0,1365.0,623.8,612.0
2006-03-26,549.7778,119.98734,217.5,71.2,959.3929,836.9388,202.09091,1349.5,1477.0,653.6,656.0
2006-03-27,550.0,117.87342,205.75,67.4,959.9286,836.59186,190.75757,1350.5,1477.0,651.6,656.0
2006-03-28,483.0,115.696205,192.5,62.8,1018.2857,916.32654,183.57576,1354.0,1477.0,649.6,654.0
2006-03-29,576.7778,137.44304,254.75,85.13333,1052.9286,949.9796,192.72728,1385.0,1511.0,667.8,677.0
2006-03-30,581.3333,137.39241,255.25,85.73333,1055.3928,949.7959,187.75757,1385.0,1511.0,668.2,678.0
2006-03-31,581.2222,136.03798,248.25,83.6,1059.2142,952.67346,187.51515,1390.5,1513.0,668.8,678.0
2006-04-01,515.2222,135.17722,247.5,83.53333,1092.5358,983.9388,236.06061,1432.0,1570.0,701.0,713.5
2006-04-02,524.44446,138.3038,249.0,84.73333,1097.3572,984.9796,194.06061,1431.5,1569.0,701.4,713.5
2006-04-03,600.8889,136.64557,232.5,79.26667,1129.0,1012.2041,219.48485,1442.0,1575.0,702.6,722.0
2006-04-04,646.6667,138.05063,228.75,77.4,1179.9642,1052.2245,223.21213,1477.0,1594.0,704.8,735.5
2006-04-05,613.3333,148.29114,240.5,81.46667,1239.0,1110.6938,214.24243,1515.5,1630.0,716.8,765.0
2006-04-06,677.7778,155.58228,281.0,94.933334,1248.3572,1125.3265,222.09091,1524.0,1639.0,716.2,765.5
2006-04-07,677.1111,150.94937,268.5,90.73333,1249.0,1123.1224,187.87878,1530.5,1641.0,717.4,764.0
2006-04-08,634.2222,147.40506,248.75,84.066666,1257.8214,1125.2449,200.06061,1545.5,1643.0,718.6,761.0
2006-04-09,649.0,143.3038,237.0,79.86667,1260.1072,1126.0408,195.51515,1551.0,1646.0,713.8,760.5
2006-04-10,639.6667,140.81012,231.75,77.73333,1262.6428,1127.7755,197.39394,1564.5,1660.0,712.4,760.0
2006-04-11,688.0,141.44304,229.5,76.666664,1270.1428,1135.7959,200.24243,1586.5,1687.0,716.8,769.5
2006-04-12,564.8889,141.73418,225.75,75.0,1279.0,1145.3877,216.81818,1609.0,1714.0,722.4,783.0
2006-04-13,687.7778,136.3671,221.25,71.666664,1276.6072,1143.3877,205.21213,1617.5,1715.0,708.0,778.5
2006-04-14,681.3333,128.83545,213.0,66.333336,1274.4642,1134.898,192.48485,1636.0,1720.0,707.2,775.0
2006-04-15,532.1111,128.41772,213.0,65.13333,1282.1786,1138.0817,191.54546,1658.5,1729.0,712.2,782.0
2006-04-16,559.55554,126.88608,215.5,64.933334,1280.9286,1136.0,244.12122,1676.5,1742.0,697.8,795.5
2006-04-17,579.0,127.101265,217.5,65.4,1317.5,1160.9796,278.54544,1743.0,1817.0,729.0,844.5
2006-04-18,677.7778,127.03797,220.5,66.933334,1320.1786,1167.2449,232.06061,1746.5,1827.0,739.6,841.5
2006-04-19,686.44446,126.32912,219.75,65.666664,1314.0,1170.6938,232.45454,1741.5,1814.0,734.0,835.0
2006-04-20,682.44446,120.43038,216.0,62.6,1307.1072,1160.449,277.0,1747.5,1804.0,727.8,818.5
2006-04-21,675.6667,110.12658,207.5,56.8,1300.4286,1150.551,201.45454,1761.0,1806.0,717.0,820.0
2006-04-22,529.8889,104.59494,202.5,54.0,1301.2142,1147.0408,201.21213,1761.5,1804.0,710.8,801.5
2006-04-23,535.2222,103.96203,202.0,53.866665,1302.5358,1149.2858,227.60606,1757.0,1790.0,709.0,789.0
2006-04-24,669.7778,107.24051,204.0,54.4,1302.6428,1149.9796,217.75757,1757.0,1791.0,706.4,776.0
2006-04-25,665.55554,103.658226,203.25,54.2,1298.3214,1145.9592,215.18182,1750.5,1774.0,699.8,766.0
2006-04-26,661.0,99.91139,200.5,53.466667,1296.5,1143.6735,210.78787,1738.5,1761.0,689.2,754.0
2006-04-27,655.1111,98.49367,198.75,53.0,1289.6786,1137.449,192.81818,1713.0,1730.0,672.6,741.0
2006-04-28,517.7778,90.92405,190.0,50.666668,1285.0,1129.7347,173.66667,1678.5,1694.0,656.6,725.5
2006-04-29,506.55554,76.20253,177.0,47.2,1277.1786,1117.5714,149.0,1641.5,1656.0,636.6,704.5
2006-04-30,495.8889,62.518986,163.75,43.666668,1266.1072,1103.8368,129.36363,1598.5,1614.0,612.8,681.5
2006-05-01,486.0,49.405064,152.25,40.6,1253.1428,1088.898,114.030304,1513.0,1568.0,596.2,662.0
2006-05-02,475.66666,41.72152,121.75,32.466667,1241.8214,1074.1837,99.93939,1452.5,1530.0,603.2,642.0
2006-05-03,466.33334,34.544304,92.0,24.533333,1231.5,1061.1632,90.06061,1426.5,1501.0,578.6,621.0
2006-05-04,462.66666,27.949368,86.5,23.066668,1222.3214,1050.7959,78.969696,1399.0,1476.0,555.4,603.5
2006-05-05,460.0,26.063292,83.5,22.266666,1210.75,1039.5306,69.57576,1384.0,1461.0,528.0,587.5
2006-05-06,456.77777,20.0,79.0,21.066668,1199.0358,1028.2858,61.484848,1357.0,1428.0,503.2,569.0
2006-05-07,453.1111,17.518988,74.25,19.8,1184.9286,1015.2041,56.39394,1339.5,1390.0,476.0,554.5
2006-05-08,446.44446,14.822784,66.75,17.8,1169.7858,999.40814,50.121212,1299.5,1355.0,446.2,525.5
2006-05-09,440.77777,12.037974,58.5,15.6,1155.3928,985.10205,44.0,1265.0,1309.0,415.2,502.5
2006-05-10,436.1111,12.443038,48.25,12.866667,1146.4286,967.7755,47.424244,1233.0,1269.0,387.2,479.5
2006-05-11,428.22223,9.265822,34.5,9.2,1133.4642,949.9184,36.090908,1195.5,1230.0,361.2,458.0
2006-05-12,420.66666,5.898734,19.75,5.266667,1108.6072,925.449,27.060606,1141.0,1182.0,337.6,417.5
2006-05-13,405.33334,3.4050634,5.5,1.4666667,1079.0,895.38776,21.30303,1107.0,1123.0,312.8,380.5
2006-05-14,392.44446,2.012658,0.0,0.0,1051.1786,866.10205,17.333334,1018.5,1071.0,286.8,341.0
2006-05-15,431.0,0.73417723,0.0,0.0,1011.2857,826.9184,12.939394,962.0,1019.0,261.4,296.5
2006-05-16,417.77777,0.24050634,0.0,0.0,973.8929,788.7347,10.363636,894.0,962.0,233.2,242.5
2006-05-17,397.66666,0.0,0.0,0.0,921.5,742.2653,7.6969695,779.0,894.0,200.8,183.0
2006-05-18,374.33334,0.0,0.0,0.0,844.3571,684.7143,4.939394,722.0,838.0,170.2,144.5
2006-05-19,352.66666,0.0,0.0,0.0,799.9643,646.81635,2.5454545,659.5,770.0,141.8,121.5
2006-05-20,338.44446,0.0,0.0,0.0,773.8214,624.2857,1.3636364,623.0,728.0,122.2,101.0
2006-05-21,328.22223,0.0,0.0,0.0,751.8571,605.40814,0.5151515,567.0,658.0,106.4,83.0
2006-05-22,340.77777,0.050632913,0.0,0.0,777.8571,625.7143,0.0,532.5,633.0,98.8,70.5
2006-05-23,342.8889,0.556962,0.0,0.0,781.9643,628.7551,0.0,514.5,610.0,96.4,63.5
2006-05-24,337.66666,0.0,0.0,0.0,774.3929,621.40814,0.0,492.0,599.0,87.6,54.0
2006-05-25,327.33334,0.0,0.0,0.0,760.2857,607.40814,0.0,466.5,577.0,74.2,38.0
2006-05-26,315.44446,0.0,0.0,0.0,742.25,590.12244,0.0,445.5,560.0,63.4,22.0
2006-05-27,311.55554,0.0,0.0,0.0,739.3929,585.2653,0.15151516,439.5,554.0,59.6,18.0
2006-05-28,274.33334,0.0,0.25,0.06666667,740.9286,586.4898,0.060606062,465.5,554.0,58.2,24.0
2006-05-29,311.8889,0.0,0.0,0.0,735.8571,583.18365,0.0,445.5,553.0,60.8,20.5
2006-05-30,310.1111,0.0,0.0,0.0,731.3214,576.4898,0.0,432.5,545.0,57.6,13.0
2006-05-31,303.8889,0.0,0.0,0.0,714.9643,558.95917,0.0,414.5,531.0,50.2,0.0
2006-06-01,294.0,0.0,0.0,0.0,686.8929,535.449,0.0,386.5,510.0,37.6,0.0
2006-06-02,284.8889,0.0,0.0,0.0,655.2143,509.7551,0.0,353.0,482.0,24.2,0.0
2006-06-03,271.0,0.0,0.0,0.0,625.5,485.79593,0.0,318.5,450.0,17.8,0.0
2006-06-04,254.55556,0.0,0.0,0.0,538.8929,411.26532,0.0,282.0,420.0,2.8,0.0
2006-06-05,239.44444,0.0,0.0,0.0,489.92856,372.40817,0.0,245.5,388.0,0.0,0.0
2006-06-06,221.77777,0.0,0.0,0.0,435.07144,336.69388,0.0,199.5,351.0,0.0,0.0
2006-06-07,197.44444,0.0,0.0,0.0,390.0,305.91837,0.0,156.0,314.0,0.0,0.0
2006-06-08,149.44444,0.0,0.0,0.0,397.5357,307.14285,0.0,117.5,282.0,0.0,0.0
2006-06-09,132.22223,0.0,0.0,0.0,377.7143,292.63266,0.0,85.5,255.0,0.0,0.0
2006-06-10,123.111115,0.0,0.0,0.0,361.57144,280.7143,0.0,65.0,232.0,0.0,0.0
2006-06-11,113.77778,0.0,0.0,0.0,344.2857,267.93878,0.0,52.0,212.0,0.0,0.0
2006-06-12,104.44444,0.0,0.0,0.0,327.82144,254.63266,0.0,35.5,182.0,0.0,0.0
2006-06-13,97.333336,0.0,0.0,0.0,316.2857,244.85715,0.0,24.0,156.0,0.0,0.0
2006-06-14,96.111115,0.0,0.0,0.0,313.2143,242.36734,0.0,21.0,151.0,0.0,0.0
2006-06-15,93.0,0.0,0.0,0.0,307.10715,237.55103,0.0,15.5,142.0,0.0,0.0
2006-06-16,89.111115,0.0,0.0,0.0,293.64285,227.46939,0.0,7.0,229.0,0.0,0.0
2006-06-17,81.0,0.0,0.0,0.0,271.67856,210.14285,0.0,0.0,183.0,0.0,0.0
2006-06-18,70.333336,0.0,0.0,0.0,244.28572,188.9796,0.0,0.0,131.0,0.0,0.0
2006-06-19,59.555557,0.0,0.0,0.0,218.89285,169.91837,0.0,0.0,78.0,0.0,0.0
2006-06-20,51.0,0.0,0.0,0.0,196.17857,152.87755,0.0,0.0,28.0,0.0,0.0
2006-06-21,41.11111,0.0,0.0,0.0,172.39285,135.08163,0.0,0.0,0.0,0.0,0.0
2006-06-22,29.666666,0.0,0.0,0.0,144.75,113.71429,0.0,0.0,0.0,0.0,0.0
2006-06-23,16.666666,0.0,0.0,0.0,121.64286,95.734695,0.0,0.0,0.0,0.0,0.0
2006-06-24,3.6666667,0.0,0.0,0.0,96.28571,75.83673,0.0,0.0,0.0,0.0,0.0
2006-06-25,0.0,0.0,0.0,0.0,72.35714,56.612244,0.0,0.0,0.0,0.0,0.0
2006-06-26,0.0,0.0,0.0,0.0,56.07143,42.081635,0.0,0.0,0.0,0.0,0.0
2006-06-27,0.0,0.0,0.0,0.0,43.357143,30.204082,0.0,0.0,0.0,0.0,0.0
2006-06-28,0.0,0.0,0.0,0.0,34.857143,23.22449,0.0,0.0,0.0,0.0,0.0
2006-06-29,0.0,0.0,0.0,0.0,29.321428,19.306122,0.0,0.0,0.0,0.0,0.0
2006-06-30,0.0,0.0,0.0,0.0,24.678572,15.755102,0.0,0.0,0.0,0.0,0.0
2006-07-01,0.0,0.0,0.0,0.0,20.321428,12.285714,0.0,0.0,0.0,0.0,0.0
2006-07-02,0.0,0.0,0.0,0.0,15.75,9.0,0.0,0.0,0.0,0.0,0.0
2006-07-03,0.0,0.0,0.0,0.0,12.285714,7.020408,0.0,0.0,0.0,0.0,0.0
2006-07-04,0.0,0.0,0.0,0.0,9.428572,5.387755,0.0,0.0,0.0,0.0,0.0
2006-07-05,0.0,0.0,0.0,0.0,6.464286,3.6938775,0.0,0.0,0.0,0.0,0.0
2006-07-06,0.0,0.0,0.0,0.0,4.178571,2.3877552,0.0,0.0,0.0,0.0,0.0
2006-07-07,0.0,0.0,0.0,0.0,2.8214285,1.6122448,0.0,0.0,0.0,0.0,0.0
2006-07-08,0.0,0.0,0.0,0.0,1.5714285,0.8979592,0.0,0.0,0.0,0.0,0.0
2006-07-09,0.0,0.0,0.0,0.0,0.14285715,0.08163265,0.0,0.0,0.0,0.0,0.0
2006-07-10,0.0,0.0,0.0,0.0,0.0,0.0,0.0,0.0,0.0,0.0,0.0
2006-07-11,0.0,0.0,0.0,0.0,0.0,0.0,0.0,0.0,0.0,0.0,0.0
2006-07-12,0.0,0.0,0.0,0.0,0.0,0.0,0.0,0.0,0.0,0.0,0.0
2006-07-13,0.0,0.0,0.0,0.0,0.0,0.0,0.0,0.0,0.0,0.0,0.0
2006-07-14,0.0,0.0,0.0,0.0,0.0,0.0,0.0,0.0,0.0,0.0,0.0
2006-07-15,0.0,0.0,0.0,0.0,0.0,0.0,0.0,0.0,0.0,0.0,0.0
2006-07-16,0.0,0.0,0.0,0.0,0.0,0.0,0.0,0.0,0.0,0.0,0.0
2006-07-17,0.0,0.0,0.0,0.0,0.0,0.0,0.0,0.0,0.0,0.0,0.0
2006-07-18,0.0,0.0,0.0,0.0,0.0,0.0,0.0,0.0,0.0,0.0,0.0
2006-07-19,0.0,0.0,0.0,0.0,0.0,0.0,0.0,0.0,0.0,0.0,0.0
2006-07-20,0.0,0.0,0.0,0.0,0.0,0.0,0.0,0.0,0.0,0.0,0.0
2006-07-21,0.0,0.0,0.0,0.0,0.0,0.0,0.0,0.0,0.0,0.0,0.0
2006-07-22,0.0,0.0,0.0,0.0,0.0,0.0,0.0,0.0,0.0,0.0,0.0
2006-07-23,0.0,0.0,0.0,0.0,0.0,0.0,0.0,0.0,0.0,0.0,0.0
2006-07-24,0.0,0.0,0.0,0.0,0.0,0.0,0.0,0.0,0.0,0.0,0.0
2006-07-25,0.0,0.0,0.0,0.0,0.0,0.0,0.0,0.0,0.0,0.0,0.0
2006-07-26,0.0,0.0,0.0,0.0,0.0,0.0,0.0,0.0,0.0,0.0,0.0
2006-07-27,0.0,0.0,0.0,0.0,0.0,0.0,0.0,0.0,0.0,0.0,0.0
2006-07-28,0.0,0.0,0.0,0.0,0.0,0.0,0.0,0.0,0.0,0.0,0.0
2006-07-29,0.0,0.0,0.0,0.0,0.0,0.0,0.0,0.0,0.0,0.0,0.0
2006-07-30,0.0,0.0,0.0,0.0,0.0,0.0,0.0,0.0,0.0,0.0,0.0
2006-07-31,0.0,0.0,0.0,0.0,0.0,0.0,0.0,0.0,0.0,0.0,0.0
2006-08-01,0.0,0.0,0.0,0.0,0.0,0.0,0.0,0.0,0.0,0.0,0.0
2006-08-02,0.0,0.0,0.0,0.0,0.0,0.0,0.0,0.0,0.0,0.0,0.0
2006-08-03,0.0,0.0,0.0,0.0,0.0,0.0,0.0,0.0,0.0,0.0,0.0
2006-08-04,0.0,0.0,0.0,0.0,0.0,0.0,0.0,0.0,0.0,0.0,0.0
2006-08-05,0.0,0.0,0.0,0.0,0.0,0.0,0.0,0.0,0.0,0.0,0.0
2006-08-06,0.0,0.0,0.0,0.0,0.0,0.0,0.0,0.0,0.0,0.0,0.0
2006-08-07,0.0,0.0,0.0,0.0,0.0,0.0,0.0,0.0,0.0,0.0,0.0
2006-08-08,0.0,0.0,0.0,0.0,0.0,0.0,0.0,0.0,0.0,0.0,0.0
2006-08-09,0.0,0.0,0.0,0.0,0.0,0.0,0.0,0.0,0.0,0.0,0.0
2006-08-10,0.0,0.0,0.0,0.0,0.0,0.0,0.0,0.0,0.0,0.0,0.0
2006-08-11,0.0,0.0,0.0,0.0,0.0,0.0,0.0,0.0,0.0,0.0,0.0
2006-08-12,0.0,0.0,0.0,0.0,0.0,0.0,0.0,0.0,0.0,0.0,0.0
2006-08-13,0.0,0.0,0.0,0.0,0.0,0.0,0.0,0.0,0.0,0.0,0.0
2006-08-14,0.0,0.0,0.0,0.0,0.0,0.0,0.0,0.0,0.0,0.0,0.0
2006-08-15,0.0,0.0,0.0,0.0,0.0,0.0,0.0,0.0,0.0,0.0,0.0
2006-08-16,0.0,0.0,0.0,0.0,0.0,0.0,0.0,0.0,0.0,0.0,0.0
2006-08-17,0.0,0.0,0.0,0.0,0.0,0.0,0.0,0.0,0.0,0.0,0.0
2006-08-18,0.0,0.0,0.0,0.0,0.0,0.0,0.0,0.0,0.0,0.0,0.0
2006-08-19,0.0,0.0,0.0,0.0,0.0,0.0,0.0,0.0,0.0,0.0,0.0
2006-08-20,0.0,0.0,0.0,0.0,0.0,0.0,0.0,0.0,0.0,0.0,0.0
2006-08-21,0.0,0.0,0.0,0.0,0.0,0.0,0.0,0.0,0.0,0.0,0.0
2006-08-22,0.0,0.0,0.0,0.0,0.0,0.0,0.0,0.0,0.0,0.0,0.0
2006-08-23,0.0,0.0,0.0,0.0,0.0,0.0,0.0,0.0,0.0,0.0,0.0
2006-08-24,0.0,0.0,0.0,0.0,0.0,0.0,0.0,0.0,0.0,0.0,0.0
2006-08-25,0.0,0.0,0.0,0.0,0.0,0.0,0.0,0.0,0.0,0.0,0.0
2006-08-26,0.0,0.0,0.0,0.0,0.0,0.0,0.0,0.0,0.0,0.0,0.0
2006-08-27,0.0,0.0,0.0,0.0,0.0,0.0,0.0,0.0,0.0,0.0,0.0
2006-08-28,0.0,0.0,0.0,0.0,0.0,0.0,0.0,0.0,0.0,0.0,0.0
2006-08-29,0.0,0.0,0.0,0.0,0.0,0.0,0.0,0.0,0.0,0.0,0.0
2006-08-30,0.0,0.0,0.0,0.0,0.0,0.0,0.0,0.0,0.0,0.0,0.0
2006-08-31,0.0,0.0,0.0,0.0,0.0,0.0,0.0,0.0,0.0,0.0,0.0
2006-09-01,0.0,0.0,0.0,0.0,0.0,0.0,0.0,0.0,0.0,0.0,0.0
2006-09-02,0.0,0.0,0.0,0.0,0.0,0.0,0.0,0.0,0.0,0.0,0.0
2006-09-03,0.0,0.0,0.0,0.0,0.0,0.0,0.0,0.0,0.0,0.0,0.0
2006-09-04,0.0,0.0,0.0,0.0,0.0,0.0,0.0,0.0,0.0,0.0,0.0
2006-09-05,0.0,0.0,0.0,0.0,0.0,0.0,0.0,0.0,0.0,0.0,0.0
2006-09-06,0.0,0.0,0.0,0.0,0.0,0.0,0.0,0.0,0.0,0.0,0.0
2006-09-07,0.0,0.0,0.0,0.0,0.0,0.0,0.0,0.0,0.0,0.0,0.0
2006-09-08,0.0,0.0,0.0,0.0,0.0,0.0,0.0,0.0,0.0,0.0,0.0
2006-09-09,0.0,0.0,0.0,0.0,0.0,0.0,0.0,0.0,0.0,0.0,0.0
2006-09-10,0.0,0.0,0.0,0.0,0.0,0.0,0.0,0.0,0.0,0.0,0.0
2006-09-11,0.0,0.0,0.0,0.0,0.0,0.0,0.0,0.0,0.0,0.0,0.0
2006-09-12,0.0,0.0,0.0,0.0,0.0,0.0,0.0,0.0,0.0,0.0,0.0
2006-09-13,0.0,0.0,0.0,0.0,0.0,0.0,0.0,0.0,0.0,0.0,0.0
2006-09-14,0.0,0.0,0.0,0.0,0.0,0.0,0.0,0.0,0.0,0.0,0.0
2006-09-15,0.0,0.0,0.0,0.0,0.0,0.0,0.0,0.0,0.0,0.0,0.0
2006-09-16,0.0,0.0,0.0,0.0,0.0,0.0,0.0,0.0,0.0,0.0,0.0
2006-09-17,0.0,0.0,0.0,0.0,0.0,0.0,0.0,0.0,0.0,0.0,0.0
2006-09-18,0.0,0.0,0.0,0.0,0.0,0.0,0.0,0.0,0.0,0.0,0.0
2006-09-19,0.0,0.0,0.0,0.0,0.0,0.0,0.0,0.0,0.0,0.0,0.0
2006-09-20,0.0,0.0,0.0,0.0,0.0,0.0,0.0,0.0,0.0,0.0,0.0
2006-09-21,0.0,0.0,0.0,0.0,0.0,0.0,0.0,0.0,0.0,0.0,0.0
2006-09-22,0.0,0.0,0.0,0.0,0.0,0.0,0.0,0.0,0.0,0.0,0.0
2006-09-23,0.0,0.0,0.0,0.0,0.0,0.0,0.0,0.0,0.0,0.0,0.0
2006-09-24,0.0,0.0,0.0,0.0,0.0,0.0,0.0,0.0,0.0,0.0,0.0
2006-09-25,0.0,0.0,0.0,0.0,0.0,0.0,0.0,0.0,0.0,0.0,0.0
2006-09-26,0.0,0.0,0.0,0.0,0.0,0.0,0.0,0.0,0.0,0.0,0.0
2006-09-27,0.0,0.0,0.0,0.0,0.0,0.0,0.0,0.0,0.0,0.0,0.0
2006-09-28,0.0,0.0,0.0,0.0,0.0,0.0,0.0,0.0,0.0,0.0,0.0
2006-09-29,0.0,0.0,0.0,0.0,0.0,0.0,0.0,0.0,0.0,0.0,0.0
2006-09-30,0.0,0.0,0.0,0.0,0.0,0.0,0.0,0.0,0.0,0.0,0.0
2006-10-01,0.0,0.0,0.0,0.0,0.0,0.0,0.0,0.0,0.0,0.0,0.0
2006-10-02,0.0,0.0,0.0,0.0,0.0,0.0,0.0,0.0,0.0,0.0,0.0
2006-10-03,0.0,0.0,0.0,0.0,0.0,0.0,0.0,0.0,0.0,0.0,0.0
2006-10-04,0.0,0.0,0.0,0.0,0.0,0.0,0.0,0.0,0.0,0.0,0.0
2006-10-05,0.0,0.0,0.0,0.0,0.0,0.0,0.0,0.0,0.0,0.0,0.0
2006-10-06,0.22222222,0.0,0.0,0.0,5.678571,4.4693875,0.0,0.0,0.0,0.0,0.0
2006-10-07,0.0,0.050632913,0.0,0.0,9.285714,6.897959,0.0,0.0,0.0,0.0,0.0
2006-10-08,0.0,0.012658228,0.0,0.0,7.607143,5.4693875,0.0,0.0,0.0,0.0,0.0
2006-10-09,0.0,0.0,0.0,0.0,3.392857,2.2244897,0.0,0.0,0.0,0.0,0.0
2006-10-10,0.11111111,0.0,0.0,0.0,1.5357143,0.877551,0.0,0.0,0.0,0.0,0.0
2006-10-11,2.2222223,0.0,0.0,0.0,1.5357143,0.877551,0.0,0.0,0.0,14.6,0.0
2006-10-12,0.6666667,0.0,0.0,0.0,0.8214286,0.46938777,0.0,0.0,0.0,7.4,0.0
2006-10-13,0.0,0.0,0.0,0.0,0.21428572,0.12244898,0.0,0.0,0.0,2.2,0.0
2006-10-14,0.0,0.0,0.0,0.0,0.071428575,0.040816326,0.0,0.0,0.0,0.0,0.0
2006-10-15,0.0,0.17721519,0.0,0.0,0.0,0.0,0.0,0.0,0.0,0.0,0.0
2006-10-16,0.0,0.0,0.0,0.0,0.0,0.0,0.0,0.0,0.0,0.0,0.0
2006-10-17,0.0,0.0,0.0,0.0,0.0,0.0,0.0,0.0,0.0,0.0,0.0
2006-10-18,0.0,0.0,0.0,0.0,0.0,0.0,0.0,0.0,0.0,0.0,0.0
2006-10-19,0.0,0.0,0.0,0.0,0.0,0.0,0.0,0.0,0.0,0.0,0.0
2006-10-20,0.0,0.0,0.0,0.0,0.0,0.0,0.0,0.0,0.0,0.0,0.0
2006-10-21,0.0,0.0,0.0,0.0,0.0,0.0,0.0,0.0,0.0,0.0,0.0
2006-10-22,0.0,0.0,0.0,0.0,0.0,0.0,0.0,0.0,0.0,0.0,0.0
2006-10-23,0.0,0.0,0.0,0.0,0.0,0.0,0.0,0.0,0.0,0.0,0.0
2006-10-24,0.0,0.0,0.0,0.0,0.0,0.0,0.0,0.0,0.0,0.0,0.0
2006-10-25,0.0,0.0,0.0,0.0,0.0,0.0,0.0,0.0,0.0,0.0,0.0
2006-10-26,0.0,0.0,0.0,0.0,0.0,0.0,0.0,0.0,0.0,0.0,0.0
2006-10-27,0.0,0.0,0.0,0.0,0.0,0.0,0.0,0.0,0.0,0.0,0.0
2006-10-28,0.0,0.0,0.0,0.0,0.0,0.0,0.0,0.0,0.0,0.0,0.0
2006-10-29,0.0,0.0,0.0,0.0,0.0,0.0,0.0,0.0,0.0,0.0,0.0
2006-10-30,0.0,0.0,0.0,0.0,0.0,0.0,0.0,0.0,0.0,0.0,0.0
2006-10-31,0.0,0.0,0.0,0.0,0.0,0.0,0.0,0.0,0.0,0.0,0.0
2006-11-01,0.0,0.0,0.0,0.0,0.0,0.0,0.0,0.0,0.0,0.0,0.0
2006-11-02,0.0,0.0,0.0,0.0,0.0,0.0,0.0,0.0,0.0,0.0,0.0
2006-11-03,0.0,0.0,0.0,0.0,0.0,0.0,0.0,0.0,0.0,0.0,2.0
2006-11-04,0.0,0.0,0.0,0.0,0.0,0.2244898,0.0,0.0,0.0,2.2,0.0
2006-11-05,0.0,0.0,0.0,0.0,0.0,0.08163265,0.0,0.0,0.0,0.2,0.0
2006-11-06,0.0,0.0,0.0,0.0,0.0,0.0,0.0,0.0,0.0,0.0,0.0
2006-11-07,0.0,0.0,0.0,0.0,0.0,0.0,0.0,0.0,0.0,0.0,0.0
2006-11-08,0.0,0.0,0.0,0.0,0.0,0.0,0.0,0.0,0.0,0.0,0.0
2006-11-09,0.0,0.0,0.0,0.0,0.0,0.2244898,0.0,0.0,0.0,2.0,0.0
2006-11-10,0.0,0.0,0.0,0.0,0.0,0.1632653,0.0,0.0,0.0,2.0,0.0
2006-11-11,0.0,0.0,0.0,0.0,0.0,0.20408164,0.3030303,0.0,0.0,1.4,0.0
2006-11-12,0.44444445,0.0,0.0,0.0,0.17857143,0.7346939,3.5151515,6.0,6.0,5.6,3.0
2006-11-13,0.6666667,0.0,0.0,0.0,0.5714286,1.0204082,9.121212,14.5,19.0,8.4,8.5
2006-11-14,3.2222223,0.0,0.0,0.0,15.928572,15.32653,7.787879,31.0,29.0,20.2,17.0
2006-11-15,3.3333333,0.0,0.0,0.0,15.785714,14.530612,5.5454545,29.0,27.0,16.0,14.5
2006-11-16,2.4444444,0.0,0.0,0.0,20.142857,17.142857,4.4848485,24.0,24.0,11.6,12.0
2006-11-17,2.2222223,0.0,0.0,0.0,17.821428,15.428572,1.8181819,24.0,21.0,10.0,9.0
2006-11-18,1.2222222,0.0,0.0,0.0,15.857142,13.714286,0.6060606,31.0,34.0,8.0,6.0
2006-11-19,0.6666667,0.0,0.0,0.0,13.428572,11.77551,0.24242425,23.0,27.0,8.8,2.5
2006-11-20,0.11111111,0.0,0.0,0.0,10.142858,9.22449,0.030303031,13.0,18.0,5.2,0.0
2006-11-21,0.0,0.0,0.0,0.0,7.357143,7.020408,0.0,7.0,9.0,0.6,0.0
2006-11-22,0.0,0.0,0.0,0.0,7.178571,6.877551,0.0,5.0,4.0,0.0,0.0
2006-11-23,0.0,0.0,0.0,0.0,7.142857,6.857143,1.6969697,5.0,3.0,0.0,0.0
2006-11-24,0.0,0.0,0.0,0.0,7.107143,6.877551,2.3333333,11.5,11.0,1.2,4.0
2006-11-25,0.0,0.0,0.0,0.0,7.107143,6.857143,2.0,11.5,11.0,1.2,4.0
2006-11-26,0.0,0.0,0.0,0.0,7.142857,6.7959185,1.5454545,11.5,11.0,1.2,4.0
2006-11-27,0.44444445,0.0,0.0,0.0,14.571428,14.530612,14.878788,24.0,23.0,6.4,7.5
2006-11-28,0.44444445,0.11392405,0.0,0.0,18.892857,19.081633,17.848484,43.5,48.0,12.0,23.5
2006-11-29,0.44444445,0.11392405,0.25,0.06666667,18.785715,19.040817,18.333334,44.0,48.0,12.0,23.5
2006-11-30,0.22222222,0.11392405,0.0,0.0,18.821428,19.040817,18.666666,44.0,48.0,12.0,23.5
2006-12-01,0.11111111,0.101265825,0.0,0.0,18.214285,17.755102,17.636364,43.5,47.0,11.6,23.5
2006-12-02,0.0,0.025316456,0.0,0.0,17.107143,15.77551,15.545455,43.0,46.0,11.0,23.5
2006-12-03,0.0,0.012658228,0.0,0.0,15.678572,13.857142,12.151515,42.5,46.0,11.6,23.5
2006-12-04,0.0,0.012658228,0.0,0.0,13.5,11.877551,10.969697,39.5,45.0,10.8,23.5
2006-12-05,0.0,0.0,0.0,0.0,11.678572,10.306123,8.818182,35.0,42.0,9.6,23.0
2006-12-06,0.0,0.0,0.0,0.0,9.714286,8.755102,6.7272725,31.5,39.0,7.0,21.5
2006-12-07,0.0,0.0,0.0,0.0,8.75,7.857143,5.3636365,25.5,35.0,4.4,17.5
2006-12-08,0.0,0.0,0.0,0.0,6.821429,6.4489794,4.4242425,19.0,31.0,2.2,12.0
2006-12-09,0.0,0.0,0.0,0.0,6.928571,6.591837,3.2121212,16.0,29.0,1.2,9.0
2006-12-10,9.555555,6.607595,7.0,1.8666667,27.285715,26.77551,9.181818,32.5,47.0,2.2,21.5
2006-12-11,14.0,15.86076,31.75,12.0,36.642857,36.367348,9.939394,45.5,62.0,9.2,26.0
2006-12-12,14.0,16.177216,30.75,10.866667,34.607143,33.42857,14.333333,55.5,76.0,10.0,30.5
2006-12-13,16.11111,14.772152,26.25,8.933333,43.32143,41.183674,13.212121,71.5,94.0,13.8,30.0
2006-12-14,14.666667,11.632912,17.75,6.0,50.035713,47.65306,10.636364,70.0,89.0,11.8,25.5
2006-12-15,11.0,8.29114,13.5,4.0666666,50.964287,47.163265,10.545455,66.0,82.0,9.2,21.5
2006-12-16,11.333333,7.050633,12.5,3.4,50.964287,47.408165,11.757576,73.0,85.0,12.0,25.0
2006-12-17,18.11111,16.810127,35.25,14.533334,61.607143,59.632652,10.909091,80.5,88.0,16.2,28.5
2006-12-18,18.444445,17.873417,39.0,16.533333,61.92857,59.918365,10.909091,81.0,88.0,16.6,28.0
2006-12-19,18.444445,18.0,39.0,16.466667,55.82143,51.32653,10.878788,79.5,88.0,16.6,28.0
2006-12-20,18.444445,18.0,39.0,16.333334,55.57143,51.081635,10.787879,79.5,88.0,16.6,28.0
2006-12-21,18.555555,18.0,39.0,15.666667,55.642857,51.061226,10.727273,78.0,88.0,16.6,28.0
2006-12-22,30.11111,21.316456,40.0,14.266666,85.0,84.081635,15.0,113.5,121.0,36.8,64.0
2006-12-23,30.666666,22.468355,43.5,15.733334,85.57143,84.22449,14.848485,111.5,121.0,36.8,63.5
2006-12-24,30.555555,20.29114,38.0,13.0,85.5,83.67347,14.545455,111.5,122.0,36.8,63.5
2006-12-25,31.0,17.86076,29.25,10.066667,86.07143,82.938774,14.030303,113.0,122.0,36.4,63.5
2006-12-26,29.777779,14.126582,23.0,7.266667,87.07143,83.20408,17.787878,113.0,122.0,35.6,62.5
2006-12-27,51.333332,16.0,22.25,6.6666665,105.64286,102.265305,17.151516,134.0,142.0,52.4,79.0
2006-12-28,66.333336,35.037975,68.5,29.466667,114.89286,108.061226,24.878788,158.5,170.0,68.8,88.0
2006-12-29,66.333336,35.189873,70.5,30.733334,123.78571,120.20408,24.666666,158.5,170.0,68.8,88.0
2006-12-30,63.77778,34.126583,70.25,29.4,124.03571,119.04082,23.90909,157.0,171.0,69.2,88.0
2006-12-31,63.555557,29.620253,62.5,23.466667,124.42857,117.71429,23.030304,158.0,171.0,69.0,88.5
2007-01-01,62.88889,29.41772,62.5,23.066668,124.75,117.81633,22.90909,157.5,171.0,69.6,88.0
2007-01-02,49.88889,29.075949,62.25,22.466667,125.35714,118.081635,22.242424,158.0,171.0,69.2,88.0
2007-01-03,47.444443,28.050632,56.75,19.266666,126.53571,116.34694,21.424242,156.5,170.0,67.4,88.0
2007-01-04,48.11111,23.911392,41.25,13.666667,128.53572,116.36735,21.969696,173.5,189.0,69.4,87.0
2007-01-05,76.22222,35.265823,65.0,22.466667,152.85715,141.55103,24.060606,216.5,226.0,104.6,115.5
2007-01-06,64.333336,35.468353,65.25,22.533333,154.25,142.59184,28.939394,215.5,226.0,104.4,113.5
2007-01-07,68.77778,34.949368,63.25,21.866667,153.85715,141.9796,24.212122,214.5,227.0,104.2,113.5
2007-01-08,60.444443,31.873417,53.75,18.6,154.46428,140.71428,22.333334,213.0,227.0,103.2,113.5
2007-01-09,58.333332,26.670887,40.5,13.8,155.07143,139.91837,20.424242,213.0,226.0,103.2,113.5
2007-01-10,57.11111,22.696203,35.0,11.066667,156.03572,137.83673,18.939394,213.0,226.0,102.2,113.5
2007-01-11,56.88889,21.98734,34.0,10.333333,155.85715,137.16327,19.060606,213.5,226.0,103.6,113.5
2007-01-12,64.22222,22.0,33.75,10.266666,155.46428,137.06122,18.878788,213.5,226.0,103.4,113.5
2007-01-13,60.666668,21.98734,33.75,10.266666,155.64285,137.22449,18.878788,214.0,226.0,103.2,113.5
2007-01-14,62.333332,21.974684,33.75,10.266666,155.21428,137.0,18.878788,214.0,226.0,103.2,113.5
2007-01-15,61.555557,21.974684,34.0,10.333333,155.21428,137.0,18.878788,214.0,226.0,103.0,113.5
2007-01-16,57.666668,21.974684,34.0,10.333333,155.46428,137.14285,18.878788,213.5,226.0,103.6,113.5
2007-01-17,59.11111,21.974684,34.0,10.266666,155.39285,137.08163,18.848484,213.5,226.0,103.6,113.5
2007-01-18,58.666668,21.962025,34.0,10.266666,155.39285,137.08163,18.848484,213.5,226.0,103.6,113.5
2007-01-19,58.77778,21.949368,33.5,9.933333,155.39285,136.85715,18.575758,213.0,226.0,103.6,113.5
2007-01-20,59.0,21.29114,32.0,8.933333,155.35715,135.63266,18.181818,211.5,226.0,103.0,113.5
2007-01-21,59.22222,21.1519,31.75,8.6,155.07143,135.04082,17.818182,211.0,226.0,104.4,114.5
2007-01-22,58.666668,21.1519,31.75,8.6,155.10715,135.18367,17.848484,211.5,226.0,104.4,113.5
2007-01-23,57.333332,21.13924,31.5,8.4,155.03572,134.38776,17.363636,211.0,226.0,104.8,114.0
2007-01-24,56.77778,19.455696,29.0,7.733333,155.60715,132.79591,15.969697,206.5,224.0,105.0,113.0
2007-01-25,56.333332,17.696203,25.0,6.6666665,155.78572,130.9796,14.454545,199.5,221.0,103.4,112.0
2007-01-26,56.0,17.025316,22.75,6.0666666,156.14285,130.40816,12.939394,195.0,219.0,100.4,110.5
2007-01-27,56.0,17.113924,21.75,5.8,155.96428,130.20409,12.090909,192.5,218.0,99.8,109.0
2007-01-28,57.555557,18.746836,25.0,6.733333,158.92857,132.57143,11.757576,192.0,218.0,101.0,109.0
2007-01-29,59.88889,20.405064,26.0,7.133333,161.03572,134.63266,11.424242,192.0,218.0,100.8,109.0
2007-01-30,59.555557,20.72152,25.75,6.866667,161.67857,134.85715,10.818182,192.0,218.0,100.6,109.0
2007-01-31,60.22222,20.886076,25.75,6.866667,161.5,134.63266,10.606061,192.0,218.0,100.6,108.5
2007-02-01,59.88889,21.367088,25.75,6.866667,161.64285,134.71428,10.30303,193.0,218.0,100.8,108.5
2007-02-02,60.0,21.924051,25.75,6.866667,161.60715,134.57143,10.121212,193.5,218.0,100.8,108.5
2007-02-03,60.0,21.518988,25.25,6.733333,161.5,133.65306,9.69697,192.5,218.0,100.6,108.5
2007-02-04,59.444443,20.113924,22.75,6.0666666,161.5,132.36734,8.69697,187.5,216.0,97.4,105.0
2007-02-05,57.444443,17.392405,15.5,4.133333,158.25,126.97959,5.757576,180.0,212.0,93.2,96.5
2007-02-06,55.77778,14.873418,8.5,2.2666667,150.60715,118.20408,4.121212,171.0,208.0,85.4,87.5
2007-02-07,53.555557,13.063292,4.75,1.2666667,147.39285,114.36735,3.3939395,163.0,209.0,81.4,83.5
2007-02-08,53.22222,13.151898,3.75,1.0,151.35715,118.081635,4.5757575,170.0,219.0,82.0,92.0
2007-02-09,52.666668,12.962026,3.25,0.8666667,156.42857,123.61224,5.848485,188.0,237.0,84.4,102.0
2007-02-10,55.666668,12.468354,2.5,0.6666667,168.53572,135.67346,6.030303,214.0,249.0,95.8,108.0
2007-02-11,111.111115,19.620253,13.0,3.4666667,230.92857,192.71428,6.090909,268.5,302.0,119.6,156.0
2007-02-12,104.888885,26.43038,21.0,6.9333334,252.67857,212.22449,7.7272725,287.5,318.0,131.2,175.0
2007-02-13,110.22222,27.303797,21.25,7.133333,253.57143,213.16327,8.212121,287.5,318.0,131.0,175.5
2007-02-14,114.22222,28.113924,21.25,7.2,254.42857,213.95918,7.878788,287.5,318.0,132.2,175.0
2007-02-15,109.44444,27.936708,21.5,7.266667,254.57143,213.81633,7.818182,288.0,318.0,132.2,178.5
2007-02-16,105.77778,27.088608,21.5,6.866667,254.07143,213.20409,6.3333335,282.5,315.0,131.2,175.5
2007-02-17,104.22222,22.696203,22.25,6.266667,252.89285,211.0,4.7272725,279.0,313.0,129.4,172.0
2007-02-18,104.111115,20.113924,17.25,4.6,249.5,205.7551,4.4848485,274.0,312.0,123.6,163.5
2007-02-19,106.55556,20.379747,15.75,4.2,251.64285,208.2449,4.3636365,274.0,313.0,127.6,162.5
2007-02-20,106.333336,21.518988,18.25,4.866667,251.57143,208.08163,4.3030305,274.0,313.0,127.6,162.5
2007-02-21,98.55556,21.075949,17.5,4.6666665,251.39285,207.20409,4.3636365,274.0,312.0,126.4,162.0
2007-02-22,99.22222,21.037975,16.0,4.266667,251.0,206.57143,9.878788,275.0,312.0,126.2,159.5
2007-02-23,132.77777,33.329113,27.25,9.0,286.7857,244.16327,26.212122,319.0,346.0,158.6,195.5
2007-02-24,108.77778,36.41772,30.5,10.533334,290.0357,246.93878,26.757576,320.0,356.0,160.0,197.0
2007-02-25,143.88889,36.392406,30.25,10.066667,293.2143,248.44897,49.333332,352.5,382.0,170.0,217.5
2007-02-26,159.88889,37.670887,34.75,11.533334,322.89285,277.67346,63.636364,419.5,448.0,194.4,259.0
2007-02-27,203.77777,45.037975,42.25,14.4,363.7857,319.83673,84.030304,496.5,519.0,235.6,310.0
2007-02-28,204.77777,52.430378,58.5,21.066668,381.92856,335.59183,95.969696,515.0,545.0,241.4,319.0
2007-03-01,209.55556,55.101265,60.75,22.466667,369.5,312.5102,99.93939,533.0,569.0,240.8,322.0
2007-03-02,210.44444,55.088608,61.0,22.4,369.42856,311.7143,100.30303,534.5,574.0,242.2,322.0
2007-03-03,212.0,54.683544,61.5,21.6,385.14285,337.57144,99.0,530.5,574.0,241.8,321.5
2007-03-04,210.88889,52.63291,46.75,16.733334,384.39285,336.2857,96.15151,531.5,574.0,244.8,321.5
2007-03-05,212.0,49.93671,42.25,14.133333,382.64285,333.65308,84.242424,532.0,573.0,244.2,319.5
2007-03-06,205.44444,42.746834,38.0,11.4,381.0,329.7755,77.93939,529.5,571.0,239.0,315.5
2007-03-07,198.44444,34.810127,29.5,7.866667,378.7857,328.2857,68.15151,527.0,567.0,235.2,314.0
2007-03-08,174.0,30.936708,25.25,6.733333,377.57144,325.0,63.727272,529.5,568.0,232.2,310.0
2007-03-09,153.66667,27.379747,20.5,5.4666667,375.89285,320.4898,58.272728,525.5,569.0,226.4,305.0
2007-03-10,156.88889,23.873417,15.75,4.2,373.57144,315.38776,54.39394,519.5,567.0,220.6,302.0
2007-03-11,158.0,20.443037,11.5,3.0666666,369.35715,307.73468,46.303032,511.5,565.0,213.2,295.5
2007-03-12,141.88889,16.468355,3.75,1.0,359.35715,290.9592,27.121212,500.5,562.0,204.8,286.5
2007-03-13,137.88889,10.886076,0.0,0.0,348.07144,273.9592,13.575758,464.5,552.0,186.0,270.0
2007-03-14,134.88889,6.746835,0.0,0.0,336.17856,259.7143,6.6969695,441.5,539.0,167.0,249.0
2007-03-15,132.22223,4.329114,0.0,0.0,325.75,249.0,4.6666665,424.5,527.0,153.8,230.5
2007-03-16,144.44444,2.5822785,0.0,0.0,311.0357,234.67346,3.8181818,403.0,512.0,138.4,207.5
2007-03-17,136.11111,1.2531645,0.0,0.0,287.5,214.18367,2.7878788,364.0,489.0,117.4,177.5
2007-03-18,130.55556,0.56962025,0.0,0.0,270.89285,199.83673,2.2424242,330.0,470.0,100.6,153.5
2007-03-19,126.0,0.4177215,0.0,0.0,260.5357,190.9796,1.4242424,309.5,455.0,87.8,133.5
2007-03-20,122.77778,0.30379745,0.0,0.0,253.28572,185.2653,0.90909094,293.5,442.0,80.2,117.5
2007-03-21,130.22223,1.2911392,1.0,0.26666668,268.2143,198.87755,0.8484849,298.5,450.0,85.4,113.0
2007-03-22,114.77778,1.886076,2.0,0.53333336,270.32144,199.79591,0.75757575,299.5,450.0,86.4,113.5
2007-03-23,114.333336,1.3544304,0.0,0.0,267.07144,194.9796,0.15151516,295.5,449.0,82.2,106.0
2007-03-24,128.77777,0.721519,0.0,0.0,259.4643,188.32654,0.0,286.0,439.0,73.4,88.5
2007-03-25,123.888885,0.278481,0.0,0.0,246.35715,178.67346,0.0,262.0,417.0,60.4,72.5
2007-03-26,120.44444,0.21518987,0.0,0.0,235.96428,170.89796,0.0,249.0,405.0,51.6,64.5
2007-03-27,137.33333,0.70886075,2.25,0.6,266.07144,196.06122,11.0,281.0,434.0,68.4,79.0
2007-03-28,141.0,4.873418,15.0,6.733333,261.5,191.04082,12.454545,301.0,455.0,85.4,105.0
2007-03-29,130.66667,4.189873,14.25,5.5333333,270.82144,200.14285,12.30303,303.5,456.0,82.8,105.0
2007-03-30,119.44444,1.4683545,4.5,1.2,270.92856,197.57143,6.878788,305.0,454.0,78.8,104.5
2007-03-31,116.77778,0.7468355,1.5,0.4,259.64285,187.51021,0.36363637,286.5,444.0,72.2,93.5
2007-04-01,128.66667,0.24050634,0.0,0.0,240.14285,173.40816,0.0,267.0,430.0,65.0,77.5
2007-04-02,122.77778,0.1392405,0.0,0.0,219.17857,157.0204,0.0,252.0,418.0,57.0,65.0
2007-04-03,117.77778,0.06329114,0.0,0.0,203.25,143.77551,0.0,238.0,410.0,49.2,57.5
2007-04-04,111.111115,0.0,0.0,0.0,190.07143,133.20409,0.0,207.5,384.0,38.4,46.0
2007-04-05,105.22222,0.0,0.0,0.0,178.53572,124.5102,0.0,182.0,363.0,23.2,32.5
2007-04-06,100.0,0.0,0.0,0.0,164.10715,113.69388,0.0,148.0,329.0,10.4,18.0
2007-04-07,93.55556,0.0,0.0,0.0,143.28572,98.65306,0.0,110.0,291.0,3.2,0.0
2007-04-08,91.77778,0.0,0.0,0.0,135.67857,93.10204,0.0,93.0,272.0,1.6,0.0
2007-04-09,84.22222,0.0,0.0,0.0,131.42857,89.4898,0.0,74.5,252.0,0.0,0.0
2007-04-10,79.44444,0.0,0.0,0.0,129.82143,88.04082,0.0,65.5,234.0,0.0,0.0
2007-04-11,77.666664,0.0,0.0,0.0,129.17857,87.408165,0.0,60.0,225.0,0.0,0.0
2007-04-12,66.333336,0.025316456,0.25,0.06666667,123.32143,86.77551,2.5454545,72.5,239.0,6.0,5.5
2007-04-13,66.333336,0.025316456,0.25,0.06666667,123.32143,86.755104,1.8787879,84.0,250.0,10.4,9.0
2007-04-14,76.77778,0.06329114,0.0,0.0,121.42857,84.30612,0.060606062,77.5,248.0,10.2,3.5
2007-04-15,89.44444,1.050633,2.5,0.6666667,125.42857,88.44898,0.72727275,83.0,257.0,11.0,5.0
2007-04-16,96.111115,2.21519,2.5,0.8,128.21428,90.22449,0.27272728,82.5,264.0,10.6,4.5
2007-04-17,90.0,0.6835443,1.75,0.46666667,122.25,84.10204,0.0,66.5,248.0,6.0,0.0
2007-04-18,90.0,0.5949367,0.75,0.2,123.0,84.81633,0.18181819,79.0,261.0,12.0,4.0
2007-04-19,89.888885,0.5949367,0.75,0.2,122.07143,84.44898,1.0909091,82.5,265.0,15.0,8.0
2007-04-20,90.22222,0.5443038,0.75,0.2,123.17857,85.53061,1.939394,87.5,261.0,15.4,10.0
2007-04-21,83.111115,0.75949365,0.75,0.26666668,122.07143,84.85714,0.8181818,87.0,262.0,15.8,10.0
2007-04-22,102.55556,1.4810127,1.75,0.46666667,135.42857,99.16327,6.848485,104.5,278.0,17.6,16.0
2007-04-23,113.22222,6.962025,13.0,5.4,155.78572,118.081635,6.0,152.5,317.0,31.4,34.5
2007-04-24,112.111115,5.329114,11.5,4.3333335,159.42857,120.65306,1.9090909,151.5,310.0,28.6,26.5
2007-04-25,106.0,1.2405063,4.25,1.1333333,168.64285,122.42857,0.3939394,129.5,293.0,21.2,11.0
2007-04-26,101.111115,0.21518987,1.0,0.26666668,143.35715,100.18367,0.0,102.5,273.0,12.0,0.0
2007-04-27,95.111115,0.0,0.0,0.0,142.14285,96.10204,0.0,75.0,246.0,1.0,0.0
2007-04-28,72.333336,0.0,0.0,0.0,124.46429,82.95918,0.0,47.0,196.0,0.0,0.0
2007-04-29,58.444443,0.0,0.0,0.0,106.96429,70.02041,0.0,22.0,145.0,0.0,0.0
2007-04-30,50.555557,0.0,0.0,0.0,95.21429,61.632652,0.0,1.0,104.0,0.0,0.0
2007-05-01,43.555557,0.0,0.0,0.0,85.35714,54.857143,0.0,0.0,67.0,0.0,0.0
2007-05-02,38.88889,0.0,0.0,0.0,78.75,50.22449,0.0,0.0,40.0,0.0,0.0
2007-05-03,40.88889,0.025316456,0.0,0.0,82.10714,55.122448,0.18181819,19.0,68.0,4.2,11.0
2007-05-04,34.555557,0.12658228,0.25,0.06666667,78.42857,55.040817,0.8484849,23.5,72.0,6.0,13.5
2007-05-05,37.11111,0.1392405,0.25,0.06666667,82.82143,59.408165,0.6666667,32.0,82.0,8.4,16.0
2007-05-06,38.77778,0.088607594,0.25,0.06666667,82.57143,59.081635,0.121212125,33.0,84.0,8.6,16.0
2007-05-07,47.555557,0.025316456,0.0,0.0,85.10714,58.89796,0.0,19.5,67.0,4.0,3.5
2007-05-08,40.22222,0.0,0.0,0.0,78.64286,50.7551,0.0,0.0,30.0,0.0,0.0
2007-05-09,32.666668,0.0,0.0,0.0,68.17857,43.142857,0.0,0.0,0.0,0.0,0.0
2007-05-10,27.0,0.0,0.0,0.0,57.464287,35.530613,0.0,0.0,0.0,0.0,0.0
2007-05-11,21.222221,0.0,0.0,0.0,48.17857,29.0,0.0,0.0,0.0,0.0,0.0
2007-05-12,15.777778,0.0,0.0,0.0,41.5,24.571428,0.0,0.0,0.0,0.0,0.0
2007-05-13,11.555555,0.0,0.0,0.0,38.142857,22.408163,0.0,0.0,0.0,0.0,0.0
2007-05-14,8.333333,0.0,0.0,0.0,35.285713,20.510204,0.0,0.0,0.0,0.0,0.0
2007-05-15,6.0,0.0,0.0,0.0,31.142857,17.795918,0.0,0.0,0.0,0.0,0.0
2007-05-16,2.6666667,0.0,0.0,0.0,26.0,14.857142,0.0,0.0,0.0,0.0,0.0
2007-05-17,0.0,0.0,0.0,0.0,22.0,12.571428,0.0,0.0,0.0,0.0,0.0
2007-05-18,0.0,0.0,0.0,0.0,17.857143,10.204082,0.0,0.0,0.0,0.0,0.0
2007-05-19,0.0,0.0,0.0,0.0,14.75,8.428572,0.0,0.0,0.0,0.0,0.0
2007-05-20,0.0,0.0,0.0,0.0,12.142858,6.9387755,0.0,0.0,0.0,0.0,0.0
2007-05-21,0.0,0.0,0.0,0.0,9.928572,5.6734695,0.0,0.0,0.0,0.0,0.0
2007-05-22,0.0,0.0,0.0,0.0,8.5,4.857143,0.0,0.0,0.0,0.0,0.0
2007-05-23,0.0,0.0,0.0,0.0,8.035714,4.591837,0.0,0.0,0.0,0.0,0.0
2007-05-24,0.0,0.0,0.0,0.0,7.785714,4.4489794,0.0,0.0,0.0,0.0,0.0
2007-05-25,0.0,0.0,0.0,0.0,6.821429,3.8979592,0.0,0.0,0.0,0.0,0.0
2007-05-26,0.0,0.0,0.0,0.0,6.857143,3.9183674,0.0,0.0,0.0,0.0,0.0
2007-05-27,0.0,0.0,0.0,0.0,6.0,3.4285715,0.0,0.0,0.0,0.0,0.0
2007-05-28,0.0,0.0,0.0,0.0,5.25,3.0,0.0,0.0,0.0,0.0,0.0
2007-05-29,0.0,0.0,0.0,0.0,4.714286,2.6938775,0.0,0.0,0.0,0.0,0.0
2007-05-30,0.0,0.0,0.0,0.0,3.9642856,2.2653062,0.0,0.0,0.0,0.0,0.0
2007-05-31,0.0,0.0,0.0,0.0,3.107143,1.7755102,0.0,0.0,0.0,0.0,0.0
2007-06-01,0.0,0.0,0.0,0.0,2.0714285,1.1836735,0.0,0.0,0.0,0.0,0.0
2007-06-02,0.0,0.0,0.0,0.0,1.0714285,0.6122449,0.0,0.0,0.0,0.0,0.0
2007-06-03,0.0,0.0,0.0,0.0,0.10714286,0.06122449,0.0,0.0,0.0,0.0,0.0
2007-06-04,0.0,0.0,0.0,0.0,0.0,0.0,0.0,0.0,0.0,0.0,0.0
2007-06-05,0.0,0.0,0.0,0.0,0.0,0.0,0.0,0.0,0.0,0.0,0.0
2007-06-06,0.11111111,0.0,0.0,0.0,0.35714287,0.20408164,0.0,0.0,0.0,0.0,0.0
2007-06-07,1.0,0.0,0.0,0.0,0.25,0.14285715,0.0,0.0,0.0,1.0,4.0
2007-06-08,0.0,0.0,0.0,0.0,0.32142857,0.18367347,0.0,0.0,0.0,0.0,0.0
2007-06-09,0.0,0.0,0.0,0.0,0.0,0.0,0.0,0.0,0.0,0.0,0.0
2007-06-10,0.0,0.0,0.0,0.0,0.0,0.0,0.0,0.0,0.0,0.0,0.0
2007-06-11,0.0,0.0,0.0,0.0,0.0,0.0,0.0,0.0,0.0,0.0,0.0
2007-06-12,0.0,0.0,0.0,0.0,0.0,0.0,0.0,0.0,0.0,0.0,0.0
2007-06-13,0.0,0.0,0.0,0.0,0.0,0.0,0.0,0.0,0.0,0.0,0.0
2007-06-14,0.0,0.0,0.0,0.0,0.0,0.0,0.0,0.0,0.0,0.0,0.0
2007-06-15,0.0,0.0,0.0,0.0,0.0,0.0,0.0,0.0,0.0,0.0,0.0
2007-06-16,0.0,0.0,0.0,0.0,0.0,0.0,0.0,0.0,0.0,0.0,0.0
2007-06-17,0.0,0.0,0.0,0.0,0.0,0.0,0.0,0.0,0.0,0.0,0.0
2007-06-18,0.0,0.0,0.0,0.0,0.0,0.0,0.0,0.0,0.0,0.0,0.0
2007-06-19,0.0,0.0,0.0,0.0,0.0,0.0,0.0,0.0,0.0,0.0,0.0
2007-06-20,0.0,0.0,0.0,0.0,0.0,0.0,0.0,0.0,0.0,0.0,0.0
2007-06-21,0.0,0.0,0.0,0.0,0.0,0.0,0.0,0.0,0.0,0.0,0.0
2007-06-22,0.0,0.0,0.0,0.0,0.0,0.0,0.0,0.0,0.0,0.0,0.0
2007-06-23,0.0,0.0,0.0,0.0,0.0,0.0,0.0,0.0,0.0,0.0,0.0
2007-06-24,0.0,0.0,0.0,0.0,0.0,0.0,0.0,0.0,0.0,0.0,0.0
2007-06-25,0.0,0.0,0.0,0.0,0.0,0.0,0.0,0.0,0.0,0.0,0.0
2007-06-26,0.0,0.0,0.0,0.0,0.0,0.0,0.0,0.0,0.0,0.0,0.0
2007-06-27,0.0,0.0,0.0,0.0,0.0,0.0,0.0,0.0,0.0,0.0,0.0
2007-06-28,0.0,0.0,0.0,0.0,0.0,0.0,0.0,0.0,0.0,0.0,0.0
2007-06-29,0.0,0.0,0.0,0.0,0.0,0.0,0.0,0.0,0.0,0.0,0.0
2007-06-30,0.0,0.0,0.0,0.0,0.0,0.0,0.0,0.0,0.0,0.0,0.0
2007-07-01,0.0,0.0,0.0,0.0,0.0,0.0,0.0,0.0,0.0,0.0,0.0
2007-07-02,0.0,0.0,0.0,0.0,0.0,0.0,0.0,0.0,0.0,0.0,0.0
2007-07-03,0.0,0.0,0.0,0.0,0.0,0.0,0.0,0.0,0.0,0.0,0.0
2007-07-04,0.0,0.0,0.0,0.0,0.0,0.0,0.0,0.0,0.0,0.0,0.0
2007-07-05,0.0,0.0,0.0,0.0,0.0,0.0,0.0,0.0,0.0,0.0,0.0
2007-07-06,0.0,0.0,0.0,0.0,0.0,0.0,0.0,0.0,0.0,0.0,0.0
2007-07-07,0.0,0.0,0.0,0.0,0.0,0.0,0.0,0.0,0.0,0.0,0.0
2007-07-08,0.0,0.0,0.0,0.0,0.0,0.0,0.0,0.0,0.0,0.0,0.0
2007-07-09,0.0,0.0,0.0,0.0,0.0,0.0,0.0,0.0,0.0,0.0,0.0
2007-07-10,0.0,0.0,0.0,0.0,0.0,0.0,0.0,0.0,0.0,0.0,0.0
2007-07-11,0.0,0.0,0.0,0.0,0.0,0.0,0.0,0.0,0.0,0.0,0.0
2007-07-12,0.0,0.0,0.0,0.0,0.0,0.0,0.0,0.0,0.0,0.0,0.0
2007-07-13,0.0,0.0,0.0,0.0,0.0,0.0,0.0,0.0,0.0,0.0,0.0
2007-07-14,0.0,0.0,0.0,0.0,0.0,0.0,0.0,0.0,0.0,0.0,0.0
2007-07-15,0.0,0.0,0.0,0.0,0.0,0.0,0.0,0.0,0.0,0.0,0.0
2007-07-16,0.0,0.0,0.0,0.0,0.0,0.0,0.0,0.0,0.0,0.0,0.0
2007-07-17,0.0,0.0,0.0,0.0,0.0,0.0,0.0,0.0,0.0,0.0,0.0
2007-07-18,0.0,0.0,0.0,0.0,0.0,0.0,0.0,0.0,0.0,0.0,0.0
2007-07-19,0.0,0.0,0.0,0.0,0.0,0.0,0.0,0.0,0.0,0.0,0.0
2007-07-20,0.0,0.0,0.0,0.0,0.0,0.0,0.0,0.0,0.0,0.0,0.0
2007-07-21,0.0,0.0,0.0,0.0,0.0,0.0,0.0,0.0,0.0,0.0,0.0
2007-07-22,0.0,0.0,0.0,0.0,0.0,0.0,0.0,0.0,0.0,0.0,0.0
2007-07-23,0.0,0.0,0.0,0.0,0.0,0.0,0.0,0.0,0.0,0.0,0.0
2007-07-24,0.0,0.0,0.0,0.0,0.0,0.0,0.0,0.0,0.0,0.0,0.0
2007-07-25,0.0,0.0,0.0,0.0,0.0,0.0,0.0,0.0,0.0,0.0,0.0
2007-07-26,0.0,0.0,0.0,0.0,0.0,0.0,0.0,0.0,0.0,0.0,0.0
2007-07-27,0.0,0.0,0.0,0.0,0.0,0.0,0.0,0.0,0.0,0.0,0.0
2007-07-28,0.0,0.0,0.0,0.0,0.0,0.0,0.0,0.0,0.0,0.0,0.0
2007-07-29,0.0,0.0,0.0,0.0,0.0,0.0,0.0,0.0,0.0,0.0,0.0
2007-07-30,0.0,0.0,0.0,0.0,0.0,0.0,0.0,0.0,0.0,0.0,0.0
2007-07-31,0.0,0.0,0.0,0.0,0.0,0.0,0.0,0.0,0.0,0.0,0.0
2007-08-01,0.0,0.0,0.0,0.0,0.0,0.0,0.0,0.0,0.0,0.0,0.0
2007-08-02,0.0,0.0,0.0,0.0,0.0,0.0,0.0,0.0,0.0,0.0,0.0
2007-08-03,0.0,0.0,0.0,0.0,0.0,0.0,0.0,0.0,0.0,0.0,0.0
2007-08-04,0.0,0.0,0.0,0.0,0.0,0.0,0.0,0.0,0.0,0.0,0.0
2007-08-05,0.0,0.0,0.0,0.0,0.0,0.0,0.0,0.0,0.0,0.0,0.0
2007-08-06,0.0,0.0,0.0,0.0,0.0,0.0,0.0,0.0,0.0,0.0,0.0
2007-08-07,0.0,0.0,0.0,0.0,0.0,0.0,0.0,0.0,0.0,0.0,0.0
2007-08-08,0.0,0.0,0.0,0.0,0.0,0.0,0.0,0.0,0.0,0.0,0.0
2007-08-09,0.0,0.0,0.0,0.0,0.0,0.0,0.0,0.0,0.0,0.0,0.0
2007-08-10,0.0,0.0,0.0,0.0,0.0,0.0,0.0,0.0,0.0,0.0,0.0
2007-08-11,0.0,0.0,0.0,0.0,0.0,0.0,0.0,0.0,0.0,0.0,0.0
2007-08-12,0.0,0.0,0.0,0.0,0.0,0.0,0.0,0.0,0.0,0.0,0.0
2007-08-13,0.0,0.0,0.0,0.0,0.0,0.0,0.0,0.0,0.0,0.0,0.0
2007-08-14,0.0,0.0,0.0,0.0,0.0,0.0,0.0,0.0,0.0,0.0,0.0
2007-08-15,0.0,0.0,0.0,0.0,0.0,0.0,0.0,0.0,0.0,0.0,0.0
2007-08-16,0.0,0.0,0.0,0.0,0.0,0.0,0.0,0.0,0.0,0.0,0.0
2007-08-17,0.0,0.0,0.0,0.0,0.0,0.0,0.0,0.0,0.0,0.0,0.0
2007-08-18,0.0,0.0,0.0,0.0,0.0,0.0,0.0,0.0,0.0,0.0,0.0
2007-08-19,0.0,0.0,0.0,0.0,0.0,0.0,0.0,0.0,0.0,0.0,0.0
2007-08-20,0.0,0.0,0.0,0.0,0.0,0.0,0.0,0.0,0.0,0.0,0.0
2007-08-21,0.0,0.0,0.0,0.0,0.0,0.0,0.0,0.0,0.0,0.0,0.0
2007-08-22,0.0,0.0,0.0,0.0,0.0,0.0,0.0,0.0,0.0,0.0,0.0
2007-08-23,0.0,0.0,0.0,0.0,0.0,0.0,0.0,0.0,0.0,0.0,0.0
2007-08-24,0.0,0.0,0.0,0.0,0.0,0.0,0.0,0.0,0.0,0.0,0.0
2007-08-25,0.0,0.0,0.0,0.0,0.0,0.0,0.0,0.0,0.0,0.0,0.0
2007-08-26,0.0,0.0,0.0,0.0,0.0,0.0,0.0,0.0,0.0,0.0,0.0
2007-08-27,0.0,0.0,0.0,0.0,0.0,0.0,0.0,0.0,0.0,0.0,0.0
2007-08-28,0.0,0.0,0.0,0.0,0.0,0.0,0.0,0.0,0.0,0.0,0.0
2007-08-29,0.0,0.0,0.0,0.0,0.0,0.0,0.0,0.0,0.0,0.0,0.0
2007-08-30,0.0,0.0,0.0,0.0,0.0,0.0,0.0,0.0,0.0,0.0,0.0
2007-08-31,0.0,0.0,0.0,0.0,0.0,0.0,0.0,0.0,0.0,0.0,0.0
2007-09-01,0.0,0.0,0.0,0.0,0.0,0.0,0.0,0.0,0.0,0.0,0.0
2007-09-02,0.0,0.0,0.0,0.0,0.0,0.0,0.0,0.0,0.0,0.0,0.0
2007-09-03,0.0,0.0,0.0,0.0,0.0,0.0,0.0,0.0,0.0,0.0,0.0
2007-09-04,0.0,0.0,0.0,0.0,0.0,0.0,0.0,0.0,0.0,0.0,0.0
2007-09-05,0.0,0.0,0.0,0.0,0.0,0.0,0.0,0.0,0.0,0.0,0.0
2007-09-06,0.0,0.0,0.0,0.0,0.0,0.0,0.0,0.0,0.0,0.0,0.0
2007-09-07,0.0,0.0,0.0,0.0,0.0,0.0,0.0,0.0,0.0,0.0,0.0
2007-09-08,0.0,0.0,0.0,0.0,0.0,0.0,0.0,0.0,0.0,0.0,0.0
2007-09-09,0.0,0.0,0.0,0.0,0.0,0.0,0.0,0.0,0.0,0.0,0.0
2007-09-10,0.0,0.0,0.0,0.0,0.0,0.0,0.0,0.0,0.0,0.0,0.0
2007-09-11,0.0,0.0,0.0,0.0,0.0,0.0,0.0,0.0,0.0,0.0,0.0
2007-09-12,0.0,0.0,0.0,0.0,0.0,0.0,0.0,0.0,0.0,0.0,0.0
2007-09-13,0.0,0.0,0.0,0.0,0.0,0.0,0.0,0.0,0.0,0.0,0.0
2007-09-14,0.0,0.0,0.0,0.0,0.0,0.0,0.0,0.0,0.0,0.0,0.0
2007-09-15,0.0,0.0,0.0,0.0,0.0,0.0,0.0,0.0,0.0,0.0,0.0
2007-09-16,0.0,0.0,0.0,0.0,0.0,0.0,0.0,0.0,0.0,0.0,0.0
2007-09-17,0.0,0.0,0.0,0.0,0.0,0.0,0.0,0.0,0.0,0.0,0.0
2007-09-18,0.0,0.0,0.0,0.0,0.0,0.0,0.0,0.0,0.0,0.0,0.0
2007-09-19,0.0,0.0,0.0,0.0,0.0,0.0,0.0,0.0,0.0,0.0,0.0
2007-09-20,0.0,0.0,0.0,0.0,1.0714285,1.1224489,0.0,0.0,0.0,0.0,0.0
2007-09-21,0.0,0.06329114,0.0,0.0,1.6428572,2.1836734,0.0,0.0,0.0,0.0,0.0
2007-09-22,0.0,0.050632913,0.0,0.0,0.75,0.97959185,0.0,0.0,0.0,0.0,0.0
2007-09-23,0.33333334,0.12658228,0.0,0.0,2.857143,3.2040815,0.0,0.0,0.0,0.0,0.0
2007-09-24,0.11111111,0.12658228,0.0,0.0,3.7142856,3.7959185,0.0,0.0,0.0,0.0,0.0
2007-09-25,0.0,0.050632913,0.0,0.0,1.8928572,2.0816326,0.0,0.0,0.0,0.0,0.0
2007-09-26,0.0,0.0,0.0,0.0,0.35714287,0.3877551,0.0,0.0,0.0,0.0,0.0
2007-09-27,0.0,0.0,0.0,0.0,0.0,0.0,0.0,0.0,0.0,0.0,0.0
2007-09-28,0.0,0.0,0.0,0.0,0.0,0.0,0.0,0.0,0.0,0.0,0.0
2007-09-29,0.0,0.0,0.0,0.0,0.0,0.0,0.0,0.0,0.0,0.0,0.0
2007-09-30,0.0,0.0,0.0,0.0,0.0,0.0,0.0,0.0,0.0,0.4,0.0
2007-10-01,0.0,0.0,0.0,0.0,0.0,0.0,0.0,0.0,0.0,0.0,0.0
2007-10-02,0.0,0.0,0.0,0.0,0.0,0.0,0.0,0.0,0.0,0.0,0.0
2007-10-03,0.0,0.0,0.0,0.0,0.0,0.0,0.0,0.0,0.0,0.0,0.0
2007-10-04,0.0,0.0,0.0,0.0,0.0,0.0,0.0,0.0,0.0,0.0,0.0
2007-10-05,0.22222222,0.0,0.0,0.0,0.32142857,0.18367347,0.0,0.0,0.0,0.0,0.0
2007-10-06,4.0,1.2151898,0.0,0.0,0.53571427,0.67346936,0.0,2.0,2.0,7.4,6.0
2007-10-07,6.5555553,2.949367,0.0,0.0,0.89285713,0.85714287,0.0,1.5,1.0,6.0,4.5
2007-10-08,1.5555556,1.9620253,0.0,0.0,0.035714287,0.020408163,0.0,0.0,0.0,0.0,0.0
2007-10-09,0.0,0.11392405,0.0,0.0,0.0,0.0,0.0,0.0,0.0,0.0,0.0
2007-10-10,0.0,0.0,0.0,0.0,0.0,0.0,0.0,0.0,0.0,0.0,0.0
2007-10-11,0.0,0.0,0.0,0.0,0.0,0.0,0.0,7.0,5.0,3.8,1.5
2007-10-12,0.0,0.0,0.0,0.0,0.0,0.0,0.0,1.0,0.0,0.0,0.0
2007-10-13,0.5555556,0.2278481,0.0,0.0,1.3928572,1.3061224,0.0,0.0,0.0,0.0,0.0
2007-10-14,0.22222222,0.12658228,0.0,0.0,0.75,0.63265306,0.0,0.0,0.0,0.0,0.0
2007-10-15,0.0,0.0,0.0,0.0,0.0,0.0,0.0,0.0,0.0,0.0,0.0
2007-10-16,0.0,0.0,0.0,0.0,0.0,0.0,0.0,0.0,0.0,0.0,0.0
2007-10-17,0.0,0.0,0.0,0.0,0.75,0.71428573,0.0,5.5,2.0,0.0,0.5
2007-10-18,0.0,0.0,0.0,0.0,0.85714287,0.81632656,0.0,11.5,8.0,2.2,4.5
2007-10-19,0.0,0.0,0.0,0.0,0.035714287,0.020408163,0.0,6.5,3.0,0.0,2.5
2007-10-20,0.0,0.0,0.0,0.0,0.0,0.0,0.0,1.5,0.0,0.0,0.0
2007-10-21,0.0,0.0,0.0,0.0,0.0,0.0,0.0,1.5,0.0,0.0,0.0
2007-10-22,0.0,0.0,0.0,0.0,0.0,0.0,0.0,1.0,0.0,0.0,0.0
2007-10-23,0.0,0.0,0.0,0.0,0.0,0.0,0.0,0.0,0.0,0.0,0.0
2007-10-24,0.0,0.0,0.0,0.0,0.0,0.0,0.0,0.0,0.0,0.0,0.0
2007-10-25,0.0,0.0,0.0,0.0,0.0,0.0,0.0,0.0,0.0,0.0,0.0
2007-10-26,0.0,0.0,0.0,0.0,0.0,0.0,0.0,0.0,0.0,0.0,0.0
2007-10-27,0.0,0.0,0.0,0.0,0.0,0.0,0.0,0.0,0.0,0.0,0.0
2007-10-28,0.0,0.0,0.0,0.0,0.0,0.0,0.0,0.0,0.0,0.0,0.0
2007-10-29,0.0,0.0,0.0,0.0,0.0,0.0,0.0,0.0,0.0,0.0,0.0
2007-10-30,0.0,0.0,0.0,0.0,0.39285713,0.2244898,0.0,0.0,0.0,0.0,0.0
2007-10-31,0.0,0.0,0.0,0.0,0.32142857,0.18367347,0.0,0.0,0.0,0.0,0.0
2007-11-01,0.0,0.0,0.0,0.0,0.21428572,0.12244898,0.0,0.0,0.0,0.0,0.0
2007-11-02,0.0,0.0,0.0,0.0,0.21428572,0.12244898,0.0,0.0,0.0,0.0,0.0
2007-11-03,0.0,0.0,0.0,0.0,0.14285715,0.08163265,0.0,0.0,0.0,0.0,0.0
2007-11-04,0.0,0.0,0.0,0.0,0.0,0.0,0.0,0.0,0.0,0.0,0.0
2007-11-05,0.0,0.0,0.0,0.0,0.0,0.0,0.0,0.0,0.0,0.0,0.0
2007-11-06,0.0,0.0,0.0,0.0,0.0,0.0,0.0,0.0,0.0,0.0,0.0
2007-11-07,0.0,0.0,0.0,0.0,0.0,0.0,0.0,0.0,0.0,0.0,0.0
2007-11-08,0.0,0.0,0.0,0.0,0.0,0.0,0.0,0.0,0.0,0.0,0.0
2007-11-09,0.0,0.0,0.0,0.0,0.0,0.0,0.0,0.0,0.0,0.0,0.0
2007-11-10,0.0,0.0,0.0,0.0,0.0,0.0,0.0,0.0,0.0,0.0,0.0
2007-11-11,0.22222222,0.0,0.0,0.0,0.78571427,1.2040817,0.0,0.0,0.0,0.8,0.0
2007-11-12,1.8888888,0.2278481,0.0,0.0,2.4285715,2.5510204,0.0,6.5,4.0,8.8,0.0
2007-11-13,2.1111112,0.12658228,0.0,0.0,1.6071428,1.6938776,0.0,7.0,6.0,8.6,0.0
2007-11-14,0.44444445,0.0,0.0,0.0,0.25,0.4489796,0.0,0.5,1.0,3.4,0.0
2007-11-15,0.0,0.0,0.0,0.0,0.0,0.0,0.0,0.0,0.0,0.2,0.0
2007-11-16,0.0,0.0,0.0,0.0,0.0,0.0,0.0,0.0,0.0,0.0,0.0
2007-11-17,0.0,0.0,0.0,0.0,0.0,0.0,0.0,0.0,0.0,0.0,0.0
2007-11-18,0.0,0.0,0.0,0.0,0.0,0.0,0.0,0.0,0.0,0.0,0.0
2007-11-19,0.0,0.0,0.0,0.0,0.0,0.0,0.0,0.0,0.0,0.0,0.0
2007-11-20,0.0,0.0,0.0,0.0,0.0,0.0,0.060606062,0.0,0.0,0.0,0.0
2007-11-21,0.0,0.0,0.0,0.0,0.0,0.0,0.060606062,0.0,0.0,0.0,0.0
2007-11-22,0.0,0.0,0.0,0.0,0.0,0.0,0.0,0.0,0.0,0.0,0.0
2007-11-23,0.0,0.0,0.0,0.0,0.0,0.0,0.0,0.0,0.0,0.0,0.0
2007-11-24,0.0,0.0,0.0,0.0,0.0,0.0,0.0,0.0,0.0,0.0,0.0
2007-11-25,0.0,0.0,0.0,0.0,0.0,0.0,0.0,0.0,0.0,0.0,0.0
2007-11-26,0.0,0.0,0.0,0.0,0.0,0.0,0.0,0.0,0.0,0.0,0.0
2007-11-27,0.0,0.0,0.0,0.0,0.0,0.0,0.0,0.0,0.0,0.0,0.0
2007-11-28,0.0,0.0,0.0,0.0,0.0,0.0,0.0,0.0,0.0,0.0,0.0
2007-11-29,0.0,0.0,0.0,0.0,0.0,0.0,0.0,0.0,0.0,0.0,0.0
2007-11-30,0.0,0.0,0.0,0.0,0.0,0.0,0.0,0.0,0.0,0.0,0.0
2007-12-01,0.0,0.0,0.0,0.0,0.0,0.0,0.0,0.0,0.0,0.0,0.0
2007-12-02,0.0,0.0,0.0,0.0,0.0,0.0,0.0,0.0,0.0,0.0,0.0
2007-12-03,0.0,0.0,0.0,0.0,0.0,0.0,0.0,0.0,0.0,0.0,0.0
2007-12-04,0.0,0.0,0.0,0.0,0.0,0.0,0.0,0.0,0.0,0.0,0.0
2007-12-05,0.0,0.0,0.0,0.0,0.0,0.0,0.0,0.0,0.0,0.0,0.0
2007-12-06,0.0,0.0,0.0,0.0,0.0,0.0,0.0,0.0,0.0,0.0,0.0
2007-12-07,27.444445,7.341772,10.25,2.7333333,44.67857,37.408165,7.909091,22.5,21.0,13.6,15.5
2007-12-08,42.555557,23.696203,46.25,14.8,58.035713,50.959183,7.5757575,40.0,38.0,29.8,41.5
2007-12-09,44.22222,27.72152,47.0,15.6,63.357143,55.959183,7.6060605,40.0,38.0,32.0,41.5
2007-12-10,44.333332,27.227848,50.25,16.733334,61.25,53.836735,7.4545455,40.0,38.0,33.2,41.5
2007-12-11,44.333332,27.43038,50.5,16.466667,61.57143,53.959183,6.787879,40.0,38.0,33.2,41.5
2007-12-12,44.333332,27.240507,50.25,16.2,59.57143,52.57143,7.030303,40.0,38.0,33.2,41.5
2007-12-13,44.333332,27.329113,49.75,16.0,60.32143,53.2449,6.848485,40.0,38.0,33.6,41.5
2007-12-14,44.22222,27.063292,49.5,15.933333,61.964287,54.918365,5.151515,40.0,38.0,33.6,41.5
2007-12-15,44.22222,26.645569,48.0,15.466666,61.107143,54.183674,4.939394,40.0,38.0,33.6,43.0
2007-12-16,44.22222,26.088608,44.75,14.4,62.285713,55.02041,4.909091,40.0,38.0,34.0,43.0
2007-12-17,44.22222,26.088608,44.75,14.4,62.214287,54.938774,11.424242,40.0,38.0,34.4,43.0
2007-12-18,44.333332,26.632912,44.5,14.4,66.92857,59.469387,17.636364,47.5,45.0,38.8,47.5
2007-12-19,85.55556,47.379745,53.75,19.4,118.07143,106.22449,31.787878,74.5,75.0,47.8,62.5
2007-12-20,84.888885,48.253166,64.75,23.066668,126.39286,113.87755,48.969696,93.0,94.0,54.4,78.0
2007-12-21,101.77778,51.21519,76.75,28.2,154.10715,139.32654,49.878788,128.0,131.0,81.0,105.0
2007-12-22,101.77778,51.64557,77.25,28.4,154.07143,139.34694,49.878788,128.0,131.0,81.0,105.0
2007-12-23,98.55556,51.683544,75.0,26.733334,156.0,141.08163,49.969696,128.0,131.0,81.0,105.0
2007-12-24,96.22222,49.405064,69.5,24.8,155.28572,139.93878,49.090908,126.0,129.0,79.6,104.0
2007-12-25,102.0,48.151897,67.0,24.0,154.21428,138.42857,49.242424,125.5,129.0,79.6,104.0
2007-12-26,98.44444,47.93671,66.5,23.8,154.21428,138.34694,49.151516,126.0,129.0,79.6,104.5
2007-12-27,96.888885,47.962025,66.5,23.8,156.39285,139.7347,47.757576,126.0,129.0,79.4,104.5
2007-12-28,97.44444,47.898735,66.25,23.733334,157.82143,141.77551,51.78788,125.5,130.0,79.8,104.5
2007-12-29,97.666664,47.746834,66.0,23.666666,159.07143,143.61224,55.848484,143.0,153.0,84.8,105.0
2007-12-30,97.666664,47.35443,63.25,22.8,159.17857,143.69388,58.969696,146.0,155.0,85.0,109.0
2007-12-31,95.0,45.911392,59.25,21.466667,159.14285,143.44897,58.939392,146.0,155.0,85.8,108.5
2008-01-01,100.333336,44.886074,52.5,19.2,159.07143,143.0204,58.272728,146.5,155.0,85.8,108.5
2008-01-02,94.666664,43.848103,47.25,17.066668,160.21428,142.95918,56.575756,147.0,155.0,85.4,110.5
2008-01-03,97.0,42.683544,44.25,15.733334,161.03572,142.83673,55.272728,147.0,154.0,85.6,110.5
2008-01-04,104.333336,42.151897,42.75,15.133333,165.25,147.12245,63.848484,148.5,156.0,86.8,115.5
2008-01-05,187.66667,91.46835,69.25,25.2,289.2857,266.34692,103.757576,256.5,265.0,168.0,195.0
2008-01-06,227.22223,117.0,118.0,41.8,314.85715,289.91837,117.09091,311.0,325.0,209.4,231.5
2008-01-07,232.77777,120.74683,124.5,44.266666,339.7857,318.63266,122.545456,312.5,325.0,208.8,232.0
2008-01-08,232.66667,120.93671,124.25,44.066666,335.25,315.83673,124.757576,313.0,326.0,208.8,232.0
2008-01-09,237.55556,123.94936,125.75,44.4,352.4643,330.34692,141.66667,366.0,379.0,238.0,259.5
2008-01-10,235.0,122.26582,124.5,43.933334,353.7143,331.38776,139.69698,366.5,379.0,238.0,259.5
2008-01-11,236.55556,121.78481,122.5,43.2,356.89285,334.1837,151.81818,367.5,380.0,238.4,258.0
2008-01-12,232.77777,119.24051,115.75,41.0,356.32144,333.12244,136.39394,367.5,379.0,238.2,259.0
2008-01-13,238.33333,117.0,109.25,38.866665,356.17856,332.61224,149.78787,367.5,379.0,240.0,258.5
2008-01-14,235.88889,114.40506,100.5,36.066666,356.14285,331.8163,147.48485,367.5,379.0,238.2,258.5
2008-01-15,228.55556,111.3924,92.0,33.2,357.57144,331.87756,133.66667,367.5,379.0,237.8,259.5
2008-01-16,228.66667,109.53165,87.75,31.6,357.42856,331.32654,137.42424,368.5,379.0,237.6,259.5
2008-01-17,230.11111,109.582275,87.25,31.4,357.17856,331.10205,135.39394,368.0,379.0,237.6,259.5
2008-01-18,222.44444,109.51899,86.75,31.133333,356.07144,330.06122,133.84848,367.5,379.0,239.4,259.5
2008-01-19,220.33333,109.20253,85.0,30.4,355.14285,328.91837,121.27273,368.5,379.0,239.4,259.5
2008-01-20,220.22223,108.16456,84.75,30.0,356.10715,329.1837,122.0,369.0,379.0,239.4,259.5
2008-01-21,224.11111,108.1519,84.75,30.0,356.75,329.59183,145.30302,381.5,397.0,237.8,260.0
2008-01-22,223.33333,108.12658,84.75,30.0,356.39285,329.7143,155.27272,392.5,413.0,242.4,268.0
2008-01-23,248.66667,108.139244,85.0,30.066668,357.7143,333.67346,131.24243,401.5,421.0,248.0,270.5
2008-01-24,264.44446,119.24051,104.75,37.866665,381.67856,359.7143,142.54546,404.5,425.0,252.4,271.5
2008-01-25,276.55554,126.91139,119.75,44.733334,395.92856,372.61224,162.21213,412.5,435.0,255.6,281.0
2008-01-26,269.8889,129.79747,120.5,44.6,399.42856,376.2245,167.09091,424.0,449.0,258.2,299.5
2008-01-27,297.77777,132.70886,120.0,43.066666,411.60715,387.36734,193.21213,425.0,451.0,260.0,300.5
2008-01-28,346.44446,147.86076,132.5,47.733334,485.14285,458.02042,176.09091,472.0,506.0,292.6,336.5
2008-01-29,343.77777,152.59494,148.75,56.266666,494.7857,467.8163,209.69698,486.5,521.0,300.8,344.0
2008-01-30,351.55554,154.44304,149.5,56.266666,502.64285,476.5306,188.06061,508.5,546.0,313.2,355.0
2008-01-31,354.0,154.34177,149.5,56.333332,504.7857,478.0408,203.42424,519.5,559.0,316.0,358.5
2008-02-01,368.44446,155.7848,152.0,57.0,527.3571,499.7551,216.78787,549.5,592.0,335.2,382.0
2008-02-02,363.33334,156.62025,152.75,56.533333,529.8929,502.5306,222.93939,550.5,592.0,332.6,382.0
2008-02-03,398.0,174.12659,181.0,65.73333,569.6071,544.9184,243.87878,597.5,647.0,359.8,411.0
2008-02-04,409.33334,194.64557,213.0,81.8,589.8214,564.2653,245.9697,634.5,688.0,382.2,430.5
2008-02-05,408.77777,193.97469,208.75,78.86667,590.3214,564.5714,258.60605,637.5,689.0,384.2,430.5
2008-02-06,408.77777,194.6329,208.75,78.26667,590.6071,564.9388,251.15152,638.5,690.0,384.2,432.0
2008-02-07,408.55554,193.81012,211.75,78.86667,591.2143,564.7959,253.48485,640.0,690.0,384.2,433.0
2008-02-08,408.77777,189.6329,202.75,73.13333,591.9286,564.449,271.63635,641.0,690.0,381.2,433.0
2008-02-09,408.66666,183.32912,191.0,67.53333,592.8929,563.69385,231.42424,641.0,691.0,381.0,433.0
2008-02-10,408.77777,176.91139,175.0,62.066666,594.0357,562.5714,236.15152,640.5,691.0,382.4,433.0
2008-02-11,405.0,170.72151,159.0,56.866665,594.2857,560.9388,267.66666,639.0,687.0,380.0,433.0
2008-02-12,396.33334,164.87341,143.75,51.8,595.1786,559.95917,203.72728,638.5,686.0,378.4,433.0
2008-02-13,397.66666,158.01266,126.25,45.6,595.3214,557.449,201.57576,637.5,683.0,376.0,432.5
2008-02-14,394.33334,156.9367,122.5,44.133335,595.0714,557.0612,253.54546,637.5,683.0,372.0,432.5
2008-02-15,390.77777,157.02531,122.5,44.133335,595.0714,557.10205,200.33333,638.0,684.0,372.0,432.5
2008-02-16,391.55554,156.11392,122.25,43.933334,594.5,555.30615,212.84848,638.0,683.0,372.2,432.0
2008-02-17,387.66666,151.98734,122.0,43.133335,594.5,553.9388,207.12122,637.0,682.0,374.4,431.0
2008-02-18,385.44446,146.87341,121.5,42.066666,593.75,551.2041,206.0,636.5,679.0,373.0,430.5
2008-02-19,377.66666,142.89873,122.0,41.266666,593.3214,549.2041,198.48485,636.0,677.0,371.4,429.0
2008-02-20,379.0,142.4557,123.75,41.333332,600.1429,555.8571,199.39394,636.0,677.0,372.0,429.0
2008-02-21,379.77777,149.75949,140.0,47.133335,606.0357,561.04083,197.54546,642.5,684.0,370.4,432.0
2008-02-22,428.66666,162.67088,153.0,52.733334,626.2143,585.53064,211.09091,659.0,704.0,379.0,445.5
2008-02-23,434.0,179.40506,195.5,68.26667,649.8929,611.10205,254.78787,672.0,718.0,390.0,451.5
2008-02-24,491.22223,191.40506,230.25,80.26667,700.1429,656.0612,232.36363,700.5,751.0,412.6,476.0
2008-02-25,512.6667,202.35443,255.5,88.53333,743.25,694.3674,252.84848,742.5,799.0,428.0,514.0
2008-02-26,509.55554,200.29114,255.75,87.333336,744.3214,693.7755,241.0303,742.5,799.0,433.0,512.5
2008-02-27,509.1111,193.37975,246.75,84.0,744.2857,691.6531,237.93939,742.5,799.0,431.8,511.5
2008-02-28,510.66666,185.67088,224.0,76.6,744.3929,689.2041,230.51515,743.0,796.0,423.8,510.0
2008-02-29,515.2222,178.03798,198.25,68.2,742.6071,684.18365,225.93939,741.0,793.0,422.0,508.0
2008-03-01,485.22223,170.20253,175.25,60.466667,742.5,680.16327,220.30302,742.0,790.0,425.4,506.0
2008-03-02,495.33334,169.29114,169.5,58.4,742.0,679.0816,215.60606,743.0,791.0,419.0,505.5
2008-03-03,488.22223,168.6962,166.25,57.333332,741.6786,677.9388,218.81818,743.5,791.0,419.0,506.5
2008-03-04,482.0,167.40506,161.75,55.266666,741.1071,674.6531,215.36363,743.5,790.0,418.6,506.0
2008-03-05,470.8889,164.05063,158.25,53.066666,741.3929,673.2449,214.27272,743.0,790.0,417.0,504.5
2008-03-06,468.55554,163.12659,157.75,52.333332,741.5,671.1429,258.72726,743.5,789.0,420.6,504.5
2008-03-07,469.8889,161.26582,157.0,51.466667,741.2857,671.10205,201.36363,743.5,789.0,419.6,502.0
2008-03-08,460.44446,158.01266,155.0,49.933334,741.0,669.551,209.0,744.0,788.0,414.2,501.0
2008-03-09,457.8889,155.22784,153.75,48.8,740.5,666.69385,198.90909,745.5,790.0,414.2,500.5
2008-03-10,453.1111,153.97469,152.75,48.0,739.4286,663.59186,197.69698,745.5,789.0,412.6,498.5
2008-03-11,440.55554,150.34177,149.75,46.066666,737.1071,659.1429,192.42424,745.0,785.0,412.6,498.5
2008-03-12,435.44446,140.77216,145.25,43.133335,733.5714,651.2449,183.66667,743.5,783.0,408.6,496.0
2008-03-13,436.0,131.83545,140.5,39.933334,730.1429,644.2245,176.12122,742.5,781.0,401.4,494.0
2008-03-14,435.44446,128.49367,140.25,38.8,734.2143,646.46936,175.36363,765.5,810.0,406.0,500.5
2008-03-15,430.55554,128.44304,140.25,38.733334,736.8571,646.6326,181.21213,779.0,824.0,411.6,513.0
2008-03-16,449.77777,129.24051,142.75,40.066666,740.6786,649.7143,225.45454,789.5,836.0,415.6,516.5
2008-03-17,440.77777,129.22784,143.0,40.133335,741.6429,650.2449,176.45454,790.0,836.0,417.0,517.0
2008-03-18,439.44446,129.0633,141.5,39.2,741.8571,648.87756,173.45454,791.0,840.0,417.0,518.0
2008-03-19,427.1111,127.20253,139.5,37.733334,740.4643,644.16327,179.87878,788.5,837.0,408.2,515.0
2008-03-20,489.8889,125.96203,139.0,37.2,738.5,639.59186,166.45454,792.5,844.0,397.2,518.0
2008-03-21,397.77777,125.31645,138.25,36.866665,737.9286,636.6326,178.18182,792.0,845.0,391.6,518.5
2008-03-22,418.55554,120.21519,135.25,36.066666,736.0,632.10205,175.36363,788.0,844.0,389.4,518.0
2008-03-23,403.55554,114.822784,130.0,34.666668,733.0,629.6326,169.69698,786.0,842.0,390.8,516.0
2008-03-24,398.1111,106.91139,124.0,33.066666,730.8571,623.0612,206.0303,782.0,839.0,384.0,513.5
2008-03-25,382.55554,100.303795,120.0,32.0,727.6071,616.7959,198.45454,780.5,838.0,375.0,511.5
2008-03-26,382.22223,93.658226,115.5,30.8,726.5,612.87756,140.48485,779.5,838.0,366.4,508.5
2008-03-27,365.44446,91.44304,114.75,30.6,724.2857,609.7551,141.81818,778.5,841.0,358.4,508.5
2008-03-28,361.77777,88.98734,114.0,30.4,723.75,608.9184,142.27272,778.0,841.0,358.2,508.5
2008-03-29,359.55554,86.31645,113.0,30.133333,721.3571,605.3674,144.09091,782.5,851.0,357.8,510.0
2008-03-30,356.22223,83.860756,112.5,30.0,722.3929,605.12244,143.60606,779.5,850.0,360.2,507.5
2008-03-31,357.8889,85.44304,124.0,33.933334,726.9643,609.04083,143.81818,778.5,851.0,353.6,507.5
2008-04-01,358.1111,84.16456,118.75,32.4,727.0357,608.04083,154.27272,778.5,851.0,348.6,507.0
2008-04-02,358.8889,81.51899,115.75,30.866667,726.0,605.0,150.81818,778.5,850.0,348.4,507.0
2008-04-03,357.8889,79.79747,115.25,30.733334,723.3571,599.8571,148.09091,777.0,851.0,353.8,505.0
2008-04-04,358.22223,78.0,114.0,30.4,716.5714,590.18365,144.21213,775.0,850.0,338.6,502.0
2008-04-05,356.1111,74.73418,112.5,30.0,713.1786,583.4286,141.93939,773.0,848.0,334.8,500.5
2008-04-06,353.55554,71.22785,111.75,29.8,709.4643,576.81635,138.21213,766.0,835.0,326.6,497.5
2008-04-07,352.44446,68.0,112.25,29.933332,705.9286,571.6326,134.90909,761.5,828.0,320.2,493.5
2008-04-08,351.33334,64.417725,112.75,30.066668,702.8571,567.7347,136.81818,758.5,821.0,316.4,485.5
2008-04-09,351.1111,62.759495,112.5,30.0,704.7857,568.3674,132.48485,759.0,820.0,310.6,486.5
2008-04-10,350.8889,60.341774,112.75,30.066668,701.2857,566.2449,130.69698,758.5,818.0,306.4,484.0
2008-04-11,349.0,56.012657,111.0,29.6,695.5,560.2041,124.90909,755.5,818.0,299.0,476.5
2008-04-12,345.1111,50.189873,101.25,27.0,687.7143,550.9796,113.90909,729.0,797.0,282.2,465.5
2008-04-13,339.22223,41.329113,89.5,23.866667,681.7143,541.3674,96.242424,697.0,776.0,275.6,453.5
2008-04-14,329.44446,34.886074,78.0,20.8,675.8571,530.5102,83.545456,665.5,755.0,261.0,437.5
2008-04-15,325.55554,29.886076,64.75,17.266666,662.3214,518.83673,80.181816,652.5,736.0,257.2,437.0
2008-04-16,325.44446,28.506329,63.75,17.0,656.3571,514.4286,80.15151,648.5,730.0,251.4,435.5
2008-04-17,324.8889,27.518988,58.25,15.533334,647.4643,506.32654,76.666664,646.0,726.0,247.0,429.0
2008-04-18,322.44446,23.936708,44.5,11.866667,639.3214,496.34692,64.06061,628.0,715.0,237.4,416.5
2008-04-19,318.77777,20.518988,38.25,10.2,631.3214,487.93878,56.151516,607.0,697.0,223.4,408.0
2008-04-20,318.1111,20.354431,37.75,10.066667,621.75,480.20407,55.575756,597.5,680.0,222.8,405.5
2008-04-21,318.1111,20.303797,37.75,10.066667,617.5357,476.7755,55.060608,598.0,680.0,221.4,404.0
2008-04-22,317.55554,20.215189,37.25,9.933333,610.0357,472.4898,68.666664,597.5,681.0,214.4,394.5
2008-04-23,316.44446,19.265823,34.5,9.2,608.8571,472.4898,51.939392,589.5,668.0,203.2,387.0
2008-04-24,317.55554,19.075949,33.75,9.0,600.5714,466.32654,54.151516,604.0,679.0,205.8,388.0
2008-04-25,316.22223,18.455696,32.25,8.6,590.6071,458.8163,52.878788,603.0,679.0,207.6,390.0
2008-04-26,313.77777,17.063292,27.0,7.2,581.1071,449.57144,44.363636,585.5,664.0,199.6,371.0
2008-04-27,310.1111,14.101266,18.0,4.8,570.0357,436.2449,31.545454,553.5,627.0,181.2,342.0
2008-04-28,304.44446,11.113924,5.0,1.3333334,558.0714,423.7143,20.727272,512.5,583.0,161.8,307.0
2008-04-29,342.77777,8.481012,0.0,0.0,548.6786,414.2449,13.848485,469.5,539.0,153.0,273.5
2008-04-30,337.55554,10.56962,0.0,0.0,528.2857,399.16327,13.393939,454.0,526.0,146.0,260.0
2008-05-01,337.0,10.3924055,0.0,0.0,509.07144,385.7755,13.121212,450.0,522.0,142.0,248.5
2008-05-02,334.55554,10.2784815,0.0,0.0,494.7857,375.40817,10.69697,436.5,507.0,136.8,244.5
2008-05-03,329.1111,9.64557,0.0,0.0,488.07144,369.2857,7.030303,401.0,469.0,128.4,231.0
2008-05-04,325.8889,8.911392,0.0,0.0,487.2143,368.36734,5.060606,378.0,445.0,122.6,216.5
2008-05-05,324.33334,8.417722,0.0,0.0,484.42856,366.08163,4.151515,356.0,420.0,118.6,203.5
2008-05-06,321.1111,7.78481,0.0,0.0,482.85715,365.10205,2.5454545,312.5,375.0,109.6,178.5
2008-05-07,315.8889,6.151899,0.0,0.0,459.32144,346.2245,1.3333334,263.0,336.0,99.0,151.5
2008-05-08,311.33334,5.43038,0.0,0.0,445.9643,336.69388,0.5151515,229.5,311.0,93.4,139.5
2008-05-09,306.1111,4.658228,0.0,0.0,436.67856,328.87756,0.0,204.0,275.0,87.8,124.5
2008-05-10,300.33334,3.721519,0.0,0.0,424.57144,319.32654,0.0,181.0,246.0,81.4,108.5
2008-05-11,293.44446,2.544304,0.0,0.0,407.14285,305.5306,0.0,157.0,220.0,72.0,89.0
2008-05-12,286.33334,1.721519,0.0,0.0,390.67856,293.12244,0.0,138.5,204.0,62.6,75.0
2008-05-13,280.44446,1.5949367,0.0,0.0,376.89285,283.85715,0.0,129.0,194.0,57.6,74.0
2008-05-14,274.55554,1.3544304,0.0,0.0,386.17856,286.5306,0.0,114.5,182.0,50.6,60.5
2008-05-15,266.0,0.8227848,0.0,0.0,360.5,265.85715,0.0,87.5,161.0,39.4,38.5
2008-05-16,253.88889,0.25316456,0.0,0.0,305.0,223.0204,0.0,53.5,132.0,23.0,6.0
2008-05-17,240.11111,0.0,0.0,0.0,233.5,168.48979,0.0,23.0,98.0,5.4,0.0
2008-05-18,220.11111,0.0,0.0,0.0,234.57143,164.12245,0.0,0.0,59.0,0.0,0.0
2008-05-19,195.66667,0.0,0.0,0.0,198.96428,137.9796,0.0,0.0,25.0,0.0,0.0
2008-05-20,176.11111,0.0,0.0,0.0,184.53572,124.0,0.0,0.0,0.0,0.0,0.0
2008-05-21,167.88889,0.0,0.0,0.0,172.03572,114.81633,0.0,0.0,0.0,0.0,0.0
2008-05-22,168.33333,0.0,0.0,0.0,170.07143,113.32653,0.0,0.0,0.0,0.0,0.0
2008-05-23,170.22223,0.9113924,0.0,0.0,153.21428,103.57143,0.0,0.0,0.0,1.6,0.0
2008-05-24,169.77777,1.4683545,0.0,0.0,127.35714,84.61224,0.0,0.0,0.0,6.4,0.0
2008-05-25,175.66667,1.6455696,0.0,0.0,128.28572,86.85714,0.0,4.0,1.0,15.0,0.0
2008-05-26,193.88889,2.443038,3.0,0.8,134.46428,92.081635,0.0,2.0,0.0,13.6,0.0
2008-05-27,165.55556,1.4683545,2.25,0.6,126.32143,86.755104,0.0,0.0,0.0,12.0,0.0
2008-05-28,188.77777,0.51898736,0.5,0.13333334,123.89286,85.0,0.0,0.0,0.0,6.6,0.0
2008-05-29,190.77777,0.43037975,0.0,0.0,133.92857,90.55102,0.0,0.0,0.0,7.8,0.0
2008-05-30,190.22223,0.16455697,0.0,0.0,173.5,118.30612,0.0,0.0,0.0,6.0,0.0
2008-05-31,186.0,0.0,0.0,0.0,164.0,111.81633,0.0,0.0,0.0,0.8,0.0
2008-06-01,183.22223,0.0,0.0,0.0,178.32143,119.16327,0.0,0.0,0.0,0.0,0.0
2008-06-02,167.77777,0.0,0.0,0.0,170.78572,113.591835,0.0,0.0,0.0,0.0,0.0
2008-06-03,142.11111,0.0,0.0,0.0,163.10715,108.16327,0.0,0.0,0.0,0.0,0.0
2008-06-04,123.55556,0.0,0.0,0.0,153.60715,101.71429,0.0,0.0,0.0,0.0,0.0
2008-06-05,122.888885,0.0,0.0,0.0,152.42857,100.755104,0.0,0.0,0.0,0.0,0.0
2008-06-06,118.55556,0.0,0.0,0.0,147.28572,96.755104,0.0,0.0,0.0,0.0,0.0
2008-06-07,112.22222,0.0,0.0,0.0,140.89285,91.97959,0.0,0.0,0.0,0.0,0.0
2008-06-08,108.333336,0.0,0.0,0.0,135.39285,87.81633,0.0,0.0,0.0,0.0,0.0
2008-06-09,100.55556,0.0,0.0,0.0,124.53571,79.89796,0.0,0.0,0.0,0.0,0.0
2008-06-10,88.333336,0.0,0.0,0.0,106.17857,66.918365,0.0,0.0,0.0,0.0,0.0
2008-06-11,80.111115,0.0,0.0,0.0,96.85714,60.387756,0.0,0.0,0.0,0.0,0.0
2008-06-12,74.111115,0.0,0.0,0.0,91.07143,55.97959,0.0,0.0,0.0,0.0,0.0
2008-06-13,67.55556,0.0,0.0,0.0,79.5,47.938774,0.0,0.0,0.0,0.0,0.0
2008-06-14,58.77778,0.0,0.0,0.0,62.25,36.489796,0.0,0.0,0.0,0.0,0.0
2008-06-15,48.22222,0.0,0.0,0.0,48.32143,27.816326,0.0,0.0,0.0,0.0,0.0
2008-06-16,38.11111,0.0,0.0,0.0,39.67857,22.67347,0.0,0.0,0.0,0.0,0.0
2008-06-17,27.88889,0.0,0.0,0.0,32.107143,18.34694,0.0,0.0,0.0,0.0,0.0
2008-06-18,17.555555,0.0,0.0,0.0,25.035715,14.306123,0.0,0.0,0.0,0.0,0.0
2008-06-19,6.6666665,0.0,0.0,0.0,19.214285,10.979591,0.0,0.0,0.0,0.0,0.0
2008-06-20,0.0,0.0,0.0,0.0,14.5,8.285714,0.0,0.0,0.0,0.0,0.0
2008-06-21,0.0,0.0,0.0,0.0,10.214286,5.836735,0.0,0.0,0.0,0.0,0.0
2008-06-22,0.0,0.0,0.0,0.0,6.785714,3.877551,0.0,0.0,0.0,0.0,0.0
2008-06-23,0.0,0.0,0.0,0.0,4.857143,2.7755103,0.0,0.0,0.0,0.0,0.0
2008-06-24,0.0,0.0,0.0,0.0,3.9285715,2.2448978,0.0,0.0,0.0,0.0,0.0
2008-06-25,0.0,0.0,0.0,0.0,3.357143,1.9183674,0.0,0.0,0.0,0.0,0.0
2008-06-26,0.0,0.0,0.0,0.0,2.1785715,1.244898,0.0,0.0,0.0,0.0,0.0
2008-06-27,0.0,0.0,0.0,0.0,0.96428573,0.5510204,0.0,0.0,0.0,0.0,0.0
2008-06-28,0.0,0.0,0.0,0.0,0.0,0.0,0.0,0.0,0.0,0.0,0.0
2008-06-29,0.0,0.0,0.0,0.0,0.0,0.0,0.0,0.0,0.0,0.0,0.0
2008-06-30,0.0,0.0,0.0,0.0,0.0,0.0,0.0,0.0,0.0,0.0,0.0
2008-07-01,0.0,0.0,0.0,0.0,0.0,0.0,0.0,0.0,0.0,0.0,0.0
2008-07-02,0.0,0.0,0.0,0.0,0.0,0.0,0.0,0.0,0.0,0.0,0.0
2008-07-03,0.0,0.0,0.0,0.0,0.0,0.0,0.0,0.0,0.0,0.0,0.0
2008-07-04,0.0,0.0,0.0,0.0,0.0,0.0,0.0,0.0,0.0,0.0,0.0
2008-07-05,0.0,0.0,0.0,0.0,0.0,0.0,0.0,0.0,0.0,0.0,0.0
2008-07-06,0.0,0.0,0.0,0.0,0.0,0.0,0.0,0.0,0.0,0.0,0.0
2008-07-07,0.0,0.0,0.0,0.0,0.0,0.0,0.0,0.0,0.0,0.0,0.0
2008-07-08,0.0,0.0,0.0,0.0,0.0,0.0,0.0,0.0,0.0,0.0,0.0
2008-07-09,0.0,0.0,0.0,0.0,0.0,0.0,0.0,0.0,0.0,0.0,0.0
2008-07-10,0.0,0.0,0.0,0.0,0.0,0.0,0.0,0.0,0.0,0.0,0.0
2008-07-11,0.0,0.0,0.0,0.0,0.0,0.0,0.0,0.0,0.0,0.0,0.0
2008-07-12,0.0,0.0,0.0,0.0,0.0,0.0,0.0,0.0,0.0,0.0,0.0
2008-07-13,0.0,0.0,0.0,0.0,0.0,0.0,0.0,0.0,0.0,0.0,0.0
2008-07-14,0.0,0.0,0.0,0.0,0.0,0.0,0.0,0.0,0.0,0.0,0.0
2008-07-15,0.0,0.0,0.0,0.0,0.0,0.0,0.0,0.0,0.0,0.0,0.0
2008-07-16,0.0,0.0,0.0,0.0,0.0,0.0,0.0,0.0,0.0,0.0,0.0
2008-07-17,0.0,0.0,0.0,0.0,0.0,0.0,0.0,0.0,0.0,0.0,0.0
2008-07-18,0.0,0.0,0.0,0.0,0.0,0.0,0.0,0.0,0.0,0.0,0.0
2008-07-19,0.0,0.0,0.0,0.0,0.0,0.0,0.0,0.0,0.0,0.0,0.0
2008-07-20,0.0,0.0,0.0,0.0,0.0,0.0,0.0,0.0,0.0,0.0,0.0
2008-07-21,0.0,0.0,0.0,0.0,0.0,0.0,0.0,0.0,0.0,0.0,0.0
2008-07-22,0.0,0.0,0.0,0.0,0.0,0.0,0.0,0.0,0.0,0.0,0.0
2008-07-23,0.0,0.0,0.0,0.0,0.0,0.0,0.0,0.0,0.0,0.0,0.0
2008-07-24,0.0,0.0,0.0,0.0,0.0,0.0,0.0,0.0,0.0,0.0,0.0
2008-07-25,0.0,0.0,0.0,0.0,0.0,0.0,0.0,0.0,0.0,0.0,0.0
2008-07-26,0.0,0.0,0.0,0.0,0.0,0.0,0.0,0.0,0.0,0.0,0.0
2008-07-27,0.0,0.0,0.0,0.0,0.0,0.0,0.0,0.0,0.0,0.0,0.0
2008-07-28,0.0,0.0,0.0,0.0,0.0,0.0,0.0,0.0,0.0,0.0,0.0
2008-07-29,0.0,0.0,0.0,0.0,0.0,0.0,0.0,0.0,0.0,0.0,0.0
2008-07-30,0.0,0.0,0.0,0.0,0.0,0.0,0.0,0.0,0.0,0.0,0.0
2008-07-31,0.0,0.0,0.0,0.0,0.0,0.0,0.0,0.0,0.0,0.0,0.0
2008-08-01,0.0,0.0,0.0,0.0,0.0,0.0,0.0,0.0,0.0,0.0,0.0
2008-08-02,0.0,0.0,0.0,0.0,0.0,0.0,0.0,0.0,0.0,0.0,0.0
2008-08-03,0.0,0.0,0.0,0.0,0.0,0.0,0.0,0.0,0.0,0.0,0.0
2008-08-04,0.0,0.0,0.0,0.0,0.0,0.0,0.0,0.0,0.0,0.0,0.0
2008-08-05,0.0,0.0,0.0,0.0,0.0,0.0,0.0,0.0,0.0,0.0,0.0
2008-08-06,0.0,0.0,0.0,0.0,0.0,0.0,0.0,0.0,0.0,0.0,0.0
2008-08-07,0.0,0.0,0.0,0.0,0.0,0.0,0.0,0.0,0.0,0.0,0.0
2008-08-08,0.0,0.0,0.0,0.0,0.0,0.0,0.0,0.0,0.0,0.0,0.0
2008-08-09,0.0,0.0,0.0,0.0,0.0,0.0,0.0,0.0,0.0,0.0,0.0
2008-08-10,0.0,0.0,0.0,0.0,0.0,0.0,0.0,0.0,0.0,0.0,0.0
2008-08-11,0.0,0.0,0.0,0.0,0.0,0.0,0.0,0.0,0.0,0.0,0.0
2008-08-12,0.0,0.0,0.0,0.0,0.0,0.0,0.0,0.0,0.0,0.0,0.0
2008-08-13,0.0,0.0,0.0,0.0,0.0,0.0,0.0,0.0,0.0,0.0,0.0
2008-08-14,0.0,0.0,0.0,0.0,0.0,0.0,0.0,0.0,0.0,0.0,0.0
2008-08-15,0.0,0.0,0.0,0.0,0.0,0.0,0.0,0.0,0.0,0.0,0.0
2008-08-16,0.0,0.0,0.0,0.0,0.0,0.0,0.0,0.0,0.0,0.0,0.0
2008-08-17,0.0,0.0,0.0,0.0,0.0,0.0,0.0,0.0,0.0,0.0,0.0
2008-08-18,0.0,0.0,0.0,0.0,0.0,0.0,0.0,0.0,0.0,0.0,0.0
2008-08-19,0.0,0.0,0.0,0.0,0.0,0.0,0.0,0.0,0.0,0.0,0.0
2008-08-20,0.0,0.0,0.0,0.0,0.0,0.0,0.0,0.0,0.0,0.0,0.0
2008-08-21,0.0,0.0,0.0,0.0,0.0,0.0,0.0,0.0,0.0,0.0,0.0
2008-08-22,0.0,0.0,0.0,0.0,0.0,0.0,0.0,0.0,0.0,0.0,0.0
2008-08-23,0.0,0.0,0.0,0.0,0.0,0.0,0.0,0.0,0.0,0.0,0.0
2008-08-24,0.0,0.0,0.0,0.0,0.0,0.0,0.0,0.0,0.0,0.0,0.0
2008-08-25,0.0,0.0,0.0,0.0,0.0,0.0,0.0,0.0,0.0,0.0,0.0
2008-08-26,0.0,0.0,0.0,0.0,0.0,0.0,0.0,0.0,0.0,0.0,0.0
2008-08-27,0.0,0.0,0.0,0.0,0.0,0.0,0.0,0.0,0.0,0.0,0.0
2008-08-28,0.0,0.0,0.0,0.0,0.0,0.0,0.0,0.0,0.0,0.0,0.0
2008-08-29,0.0,0.0,0.0,0.0,0.0,0.0,0.0,0.0,0.0,0.0,0.0
2008-08-30,0.0,0.0,0.0,0.0,0.0,0.0,0.0,0.0,0.0,0.0,0.0
2008-08-31,0.0,0.0,0.0,0.0,0.0,0.0,0.0,0.0,0.0,0.0,0.0
2008-09-01,0.0,0.0,0.0,0.0,0.0,0.0,0.0,0.0,0.0,0.0,0.0
2008-09-02,0.0,0.0,0.0,0.0,0.0,0.0,0.0,0.0,0.0,0.0,0.0
2008-09-03,0.0,0.0,0.0,0.0,0.0,0.0,0.0,0.0,0.0,0.0,0.0
2008-09-04,0.0,0.0,0.0,0.0,0.0,0.0,0.0,0.0,0.0,0.0,0.0
2008-09-05,0.0,0.0,0.0,0.0,0.0,0.0,0.0,0.0,0.0,0.0,0.0
2008-09-06,0.0,0.0,0.0,0.0,0.0,0.0,0.0,0.0,0.0,0.0,0.0
2008-09-07,0.0,0.0,0.0,0.0,0.0,0.0,0.0,0.0,0.0,0.0,0.0
2008-09-08,0.0,0.0,0.0,0.0,0.0,0.0,0.0,0.0,0.0,0.0,0.0
2008-09-09,0.0,0.0,0.0,0.0,0.0,0.0,0.0,0.0,0.0,0.0,0.0
2008-09-10,0.0,0.0,0.0,0.0,0.0,0.0,0.0,0.0,0.0,0.0,0.0
2008-09-11,0.0,0.0,0.0,0.0,0.0,0.0,0.0,0.0,0.0,0.0,0.0
2008-09-12,0.0,0.0,0.0,0.0,0.0,0.0,0.0,0.0,0.0,0.0,0.0
2008-09-13,0.0,0.0,0.0,0.0,0.0,0.0,0.0,0.0,0.0,0.0,0.0
2008-09-14,0.0,0.0,0.0,0.0,0.0,0.0,0.0,0.0,0.0,0.0,0.0
2008-09-15,0.0,0.0,0.0,0.0,0.0,0.0,0.0,0.0,0.0,0.0,0.0
2008-09-16,0.0,0.0,0.0,0.0,0.0,0.0,0.0,0.0,0.0,0.0,0.0
2008-09-17,0.0,0.0,0.0,0.0,0.0,0.0,0.0,0.0,0.0,0.0,0.0
2008-09-18,0.0,0.0,0.0,0.0,0.0,0.0,0.0,0.0,0.0,0.0,0.0
2008-09-19,0.0,0.0,0.0,0.0,0.0,0.0,0.0,0.0,0.0,0.0,0.0
2008-09-20,0.0,0.0,0.0,0.0,0.0,0.0,0.0,0.0,0.0,0.0,0.0
2008-09-21,0.0,0.0,0.0,0.0,0.0,0.0,0.0,0.0,0.0,0.0,0.0
2008-09-22,0.0,0.0,0.0,0.0,0.0,0.0,0.0,0.0,0.0,0.0,0.0
2008-09-23,0.0,0.0,0.0,0.0,0.0,0.0,0.0,0.0,0.0,0.0,0.0
2008-09-24,0.0,0.0,0.0,0.0,0.0,0.0,0.0,0.0,0.0,0.0,0.0
2008-09-25,0.0,0.0,0.0,0.0,0.0,0.0,0.0,0.0,0.0,0.0,0.0
2008-09-26,0.0,0.0,0.0,0.0,0.0,0.0,0.0,0.0,0.0,0.0,0.0
2008-09-27,0.0,0.0,0.0,0.0,0.0,0.0,0.0,0.0,0.0,0.0,0.0
2008-09-28,0.0,0.0,0.0,0.0,0.0,0.0,0.0,0.0,0.0,0.0,0.0
2008-09-29,0.0,0.0,0.0,0.0,0.0,0.0,0.0,0.0,0.0,0.0,0.0
2008-09-30,0.0,0.0,0.0,0.0,0.0,0.0,0.0,0.0,0.0,0.0,0.0
2008-10-01,0.0,0.0,0.0,0.0,0.0,0.0,0.0,0.0,0.0,0.0,0.0
2008-10-02,0.0,0.0,0.0,0.0,0.0,0.0,0.0,0.0,0.0,0.0,0.0
2008-10-03,0.0,0.0,0.0,0.0,0.0,0.0,0.0,0.0,0.0,0.0,0.0
2008-10-04,0.0,0.0,0.0,0.0,0.35714287,0.20408164,0.0,0.0,0.0,0.0,0.0
2008-10-05,0.7777778,0.0,0.0,0.0,7.535714,5.6734695,0.0,0.0,0.0,0.0,0.0
2008-10-06,0.0,0.0,0.0,0.0,5.107143,3.5306122,0.0,0.0,0.0,0.0,0.0
2008-10-07,0.0,0.0,0.0,0.0,0.6785714,0.3877551,0.0,0.0,0.0,0.0,0.0
2008-10-08,0.0,0.0,0.0,0.0,0.0,0.0,0.0,0.0,0.0,0.0,0.0
2008-10-09,0.0,0.0,0.0,0.0,0.0,0.0,0.0,0.0,0.0,0.0,0.0
2008-10-10,0.0,0.0,0.0,0.0,0.0,0.0,0.0,0.0,0.0,0.0,0.0
2008-10-11,0.0,0.0,0.0,0.0,0.0,0.0,0.0,0.0,0.0,0.6,0.0
2008-10-12,0.0,0.0,0.0,0.0,0.0,0.0,0.0,0.0,0.0,1.0,0.0
2008-10-13,0.0,0.0,0.0,0.0,0.0,0.0,0.0,0.5,1.0,1.4,0.5
2008-10-14,0.0,0.0,0.0,0.0,0.0,0.0,0.0,0.0,0.0,0.2,0.0
2008-10-15,0.0,0.0,0.0,0.0,0.0,0.0,0.0,0.0,0.0,0.0,0.0
2008-10-16,0.0,0.0,0.0,0.0,0.0,0.0,0.0,0.0,0.0,0.0,0.0
2008-10-17,0.0,0.0,0.0,0.0,0.0,0.0,0.0,0.0,0.0,0.0,0.0
2008-10-18,0.0,0.0,0.0,0.0,0.0,0.0,0.0,0.0,0.0,0.0,0.0
2008-10-19,0.0,0.0,0.0,0.0,0.0,0.0,0.0,0.0,0.0,0.0,0.0
2008-10-20,0.0,0.0,0.0,0.0,0.0,0.0,0.0,0.0,0.0,0.0,0.0
2008-10-21,0.0,0.0,0.0,0.0,0.0,0.0,0.0,0.0,0.0,0.0,0.0
2008-10-22,0.0,0.0,0.0,0.0,0.0,0.0,0.0,0.0,0.0,0.0,0.0
2008-10-23,0.0,0.0,0.0,0.0,0.0,0.0,0.0,0.0,0.0,0.0,0.0
2008-10-24,0.0,0.0,0.0,0.0,0.0,0.0,0.0,0.0,0.0,0.0,0.0
2008-10-25,0.0,0.0,0.0,0.0,0.0,0.0,0.0,0.0,0.0,0.0,0.0
2008-10-26,0.0,0.0,0.0,0.0,0.0,0.0,0.0,0.0,0.0,0.0,0.0
2008-10-27,0.0,0.0,0.0,0.0,0.0,0.0,0.0,0.0,0.0,0.0,0.0
2008-10-28,0.0,0.0,0.0,0.0,0.0,0.0,0.0,0.0,0.0,0.0,0.0
2008-10-29,0.0,0.0,0.0,0.0,0.0,0.0,0.0,0.0,0.0,0.0,0.0
2008-10-30,0.0,0.0,0.0,0.0,0.0,0.0,0.0,0.0,0.0,0.0,0.0
2008-10-31,0.0,0.0,0.0,0.0,1.3928572,1.3877552,0.0,0.0,0.0,0.0,0.0
2008-11-01,4.888889,0.0,0.0,0.0,8.0,6.5102043,0.0,0.0,0.0,0.0,0.0
2008-11-02,23.555555,0.15189873,0.0,0.0,35.0,29.571428,0.0,0.0,0.0,7.0,0.0
2008-11-03,32.555557,0.16455697,0.0,0.0,40.07143,33.632652,0.0,18.5,20.0,14.8,2.0
2008-11-04,36.666668,0.17721519,0.0,0.0,47.964287,42.22449,0.969697,39.0,42.0,20.8,13.0
2008-11-05,38.22222,0.11392405,0.75,0.2,50.357143,44.122448,0.90909094,40.0,45.0,21.4,21.5
2008-11-06,38.11111,0.12658228,0.75,0.2,53.42857,45.877552,1.1212121,41.0,45.0,21.4,21.5
2008-11-07,36.88889,0.11392405,0.0,0.0,54.32143,45.040817,0.54545456,36.5,42.0,18.4,13.5
2008-11-08,34.555557,0.03797468,0.0,0.0,52.857143,43.040817,0.0,29.5,38.0,15.0,11.5
2008-11-09,40.11111,0.12658228,0.0,0.0,61.32143,50.204082,0.0,29.5,38.0,15.4,8.0
2008-11-10,42.0,0.8227848,2.25,1.0,61.92857,50.714287,0.0,31.5,41.0,19.0,9.0
2008-11-11,42.0,0.46835443,2.0,0.8,61.964287,50.77551,0.0,29.5,36.0,18.8,8.5
2008-11-12,35.88889,0.2658228,0.5,0.13333334,62.285713,50.469387,0.0,26.5,34.0,18.0,7.0
2008-11-13,34.444443,0.0,0.0,0.0,57.32143,45.204082,0.0,19.0,30.0,13.8,4.0
2008-11-14,35.444443,0.0,0.0,0.0,50.17857,38.469387,0.0,10.5,24.0,7.2,0.5
2008-11-15,31.0,0.0,0.0,0.0,43.714287,32.77551,0.0,4.0,20.0,3.0,0.0
2008-11-16,26.666666,0.0,0.0,0.0,38.642857,28.265306,0.0,0.0,14.0,1.2,0.0
2008-11-17,22.222221,0.0,0.0,0.0,34.214287,24.020409,0.0,0.0,7.0,0.0,0.0
2008-11-18,18.88889,0.0,0.0,0.0,28.892857,19.67347,0.0,0.0,0.0,0.0,0.0
2008-11-19,17.333334,0.0,0.0,0.0,25.642857,17.204082,0.0,0.0,0.0,0.0,0.0
2008-11-20,16.333334,0.0,0.0,0.0,23.321428,15.428572,0.0,0.0,0.0,0.0,0.0
2008-11-21,15.555555,0.0,0.0,0.0,22.285715,14.591837,0.0,0.0,0.0,0.0,0.0
2008-11-22,14.777778,0.0,0.0,0.0,20.678572,13.244898,0.0,0.0,0.0,0.0,0.0
2008-11-23,14.444445,0.0,0.0,0.0,19.571428,12.448979,0.0,0.0,0.0,0.0,0.0
2008-11-24,14.0,0.0,0.0,0.0,18.357143,11.571428,0.0,0.0,0.0,0.0,0.0
2008-11-25,13.666667,0.0,0.0,0.0,17.178572,10.755102,0.0,0.0,0.0,0.0,0.0
2008-11-26,13.222222,0.06329114,0.0,0.0,17.821428,11.346939,0.0,0.0,0.0,0.0,0.0
2008-11-27,20.333334,7.316456,2.5,0.6666667,24.071428,17.12245,0.0,3.5,7.0,4.0,0.5
2008-11-28,20.333334,8.253164,4.25,1.1333333,23.892857,16.87755,0.0,2.5,6.0,4.0,0.0
2008-11-29,19.444445,6.56962,4.0,1.0666667,23.428572,15.632653,0.0,0.0,4.0,3.4,0.0
2008-11-30,17.222221,1.835443,2.5,0.6666667,21.821428,13.632653,0.0,0.0,1.0,0.8,0.0
2008-12-01,16.555555,0.8227848,0.0,0.0,18.428572,11.0,0.0,0.0,0.0,0.0,0.0
2008-12-02,13.888889,0.20253165,0.0,0.0,15.571428,9.102041,0.0,0.0,0.0,0.0,0.0
2008-12-03,13.666667,0.17721519,0.0,0.0,15.035714,8.714286,0.0,0.0,0.0,0.0,0.0
2008-12-04,13.333333,0.15189873,0.0,0.0,14.535714,8.367347,0.0,0.0,0.0,0.0,0.0
2008-12-05,13.333333,0.15189873,0.0,0.0,14.535714,8.346939,0.0,0.0,0.0,0.0,0.0
2008-12-06,13.333333,0.15189873,0.0,0.0,14.464286,8.285714,0.0,0.0,0.0,0.0,0.0
2008-12-07,13.222222,0.15189873,0.0,0.0,13.785714,7.877551,0.0,0.0,0.0,0.0,0.0
2008-12-08,13.222222,0.101265825,0.0,0.0,13.785714,7.877551,0.0,0.0,0.0,0.0,0.0
2008-12-09,13.222222,0.101265825,0.0,0.0,13.785714,7.877551,0.0,0.0,0.0,0.0,0.0
2008-12-10,13.222222,0.101265825,0.0,0.0,13.785714,7.877551,0.0,0.0,0.0,0.0,0.0
2008-12-11,12.222222,0.1392405,0.0,0.0,12.142858,6.9387755,0.0,0.0,0.0,0.0,0.0
2008-12-12,11.333333,0.088607594,0.0,0.0,10.321428,5.897959,0.0,0.0,0.0,0.0,0.0
2008-12-13,11.444445,0.088607594,0.0,0.0,10.857142,6.367347,0.0,0.0,0.0,0.0,0.0
2008-12-14,11.222222,0.2658228,1.0,0.46666667,13.607142,10.163265,0.0,12.0,16.0,4.0,5.0
2008-12-15,22.11111,10.07595,22.25,11.533334,30.321428,26.061224,15.30303,28.0,35.0,11.0,16.0
2008-12-16,36.88889,33.72152,51.25,25.866667,60.07143,54.42857,29.121212,59.5,75.0,27.0,37.5
2008-12-17,36.88889,36.06329,56.0,28.133333,60.07143,54.510204,28.424242,65.5,83.0,27.4,39.0
2008-12-18,38.77778,36.58228,55.0,27.733334,59.964287,54.408165,28.545454,65.5,84.0,27.6,40.5
2008-12-19,38.555557,36.253166,55.0,27.466667,60.892857,55.65306,36.454544,74.5,92.0,30.8,45.5
2008-12-20,36.0,36.3038,55.0,27.133333,63.82143,58.77551,36.848484,88.0,107.0,35.2,52.5
2008-12-21,35.555557,36.44304,54.25,26.333334,63.82143,58.795918,36.545456,90.5,110.0,39.2,56.5
2008-12-22,58.22222,37.481014,52.25,23.666666,99.35714,91.10204,49.242424,114.5,137.0,52.6,66.5
2008-12-23,64.77778,45.64557,69.75,30.2,112.28571,104.22449,55.060608,135.5,163.0,64.4,74.0
2008-12-24,65.666664,45.78481,70.25,30.266666,112.75,105.10204,54.848484,141.0,169.0,71.4,76.5
2008-12-25,79.55556,46.088608,71.0,30.066668,141.89285,134.48979,85.242424,178.0,211.0,88.8,95.0
2008-12-26,113.0,55.3038,94.25,40.866665,192.25,184.12245,90.57576,222.5,261.0,125.2,133.0
2008-12-27,110.333336,55.544304,94.5,40.933334,192.64285,184.14285,93.333336,224.5,264.0,125.2,134.0
2008-12-28,108.55556,57.329113,98.5,43.333332,188.32143,180.36734,98.09091,225.5,266.0,126.8,136.0
2008-12-29,106.77778,56.07595,94.0,40.266666,190.03572,180.91837,94.121216,225.5,266.0,126.8,136.0
2008-12-30,109.888885,52.177216,86.0,34.733334,190.78572,181.44897,99.030304,226.0,267.0,126.4,136.0
2008-12-31,112.333336,46.670887,76.75,28.4,191.67857,181.2653,97.15151,226.0,267.0,126.0,136.0
2009-01-01,110.333336,41.873417,67.25,23.266666,193.17857,182.20409,91.09091,225.0,267.0,125.2,136.0
2009-01-02,109.888885,37.050632,56.5,19.0,163.03572,151.59184,90.333336,224.0,266.0,124.4,136.5
2009-01-03,113.77778,36.012657,52.5,17.666666,168.42857,157.67346,97.0,246.5,289.0,135.0,151.0
2009-01-04,112.77778,36.050632,52.25,17.533333,168.60715,157.77551,94.818184,246.5,289.0,135.0,151.0
2009-01-05,113.22222,37.341774,52.0,17.533333,169.25,158.16327,99.181816,246.5,289.0,136.6,151.0
2009-01-06,106.111115,37.27848,50.5,17.066668,170.60715,160.0204,98.57576,249.5,293.0,137.8,151.0
2009-01-07,99.333336,34.708862,44.5,15.133333,169.64285,158.93878,96.06061,249.0,292.0,136.0,151.0
2009-01-08,96.666664,27.227848,29.25,9.933333,170.32143,158.22449,92.454544,247.0,289.0,133.0,151.0
2009-01-09,112.333336,23.303797,21.75,7.0666666,170.71428,157.9796,92.30303,247.5,289.0,133.4,151.0
2009-01-10,112.333336,22.088608,19.75,6.0,170.89285,157.46939,91.21212,248.0,290.0,132.2,151.0
2009-01-11,111.77778,20.683544,16.5,4.4,196.75,179.08163,87.84849,249.0,289.0,132.2,151.0
2009-01-12,87.333336,16.493671,11.25,3.0,202.85715,180.63266,81.969696,249.5,287.0,129.6,151.0
2009-01-13,90.333336,13.70886,5.75,1.5333333,196.21428,172.65306,80.878784,250.5,287.0,130.2,151.0
2009-01-14,85.22222,10.49367,0.0,0.0,196.25,169.9796,73.878784,247.5,284.0,128.0,150.0
2009-01-15,110.111115,8.063292,0.0,0.0,194.92857,165.7551,69.63636,245.5,282.0,125.6,149.5
2009-01-16,84.111115,6.797468,0.0,0.0,195.17857,162.79591,62.696968,243.0,279.0,124.6,149.0
2009-01-17,109.888885,6.126582,0.0,0.0,193.82143,160.0204,58.515152,240.0,277.0,123.6,148.0
2009-01-18,83.666664,5.544304,0.0,0.0,194.71428,158.32654,52.878788,236.0,275.0,123.0,147.5
2009-01-19,109.888885,5.088608,0.0,0.0,192.32143,154.57143,46.18182,234.0,274.0,123.0,147.5
2009-01-20,83.77778,4.974684,0.0,0.0,191.57143,151.71428,41.333332,230.5,272.0,124.0,148.0
2009-01-21,110.0,4.531646,0.0,0.0,188.21428,148.10204,37.666668,224.5,271.0,122.0,147.5
2009-01-22,83.77778,4.126582,0.0,0.0,189.32143,147.81633,35.545456,216.0,265.0,121.0,149.5
2009-01-23,100.55556,5.924051,0.0,0.0,235.0,186.04082,35.454544,239.5,284.0,133.8,158.0
2009-01-24,147.77777,10.594936,0.75,0.2,272.82144,223.77551,32.18182,248.0,286.0,141.6,157.0
2009-01-25,145.0,16.063292,9.5,2.6,306.57144,255.89796,46.78788,268.0,305.0,150.2,164.0
2009-01-26,160.44444,21.734177,28.5,11.866667,311.89285,261.2245,54.303032,281.0,316.0,155.4,171.5
2009-01-27,154.66667,21.835443,28.5,11.8,310.32144,260.73468,57.18182,280.0,316.0,155.0,170.5
2009-01-28,157.88889,21.822784,28.5,11.4,310.67856,260.9592,56.878788,279.5,316.0,154.8,171.0
2009-01-29,157.55556,20.405064,23.25,7.6,310.4643,260.5102,54.757576,278.0,316.0,155.0,170.5
2009-01-30,149.11111,17.98734,15.0,4.0666666,311.10715,259.08163,50.666668,276.5,316.0,155.6,170.0
2009-01-31,177.77777,15.240506,11.75,3.1333334,309.75,257.12244,42.151516,270.5,315.0,154.2,169.5
2009-02-01,141.55556,13.050632,8.25,2.2,311.07144,256.7143,35.575756,265.5,313.0,154.0,169.0
2009-02-02,140.11111,11.987342,5.25,1.4,310.5357,254.83673,33.242424,261.0,312.0,153.8,169.0
2009-02-03,139.11111,10.822784,1.25,0.33333334,307.17856,249.89796,32.878788,253.0,308.0,150.2,167.5
2009-02-04,138.66667,9.531646,0.0,0.0,302.89285,244.59184,24.787878,246.5,305.0,146.4,164.5
2009-02-05,138.33333,9.658228,0.0,0.0,306.92856,245.06122,21.454546,242.0,304.0,143.4,159.5
2009-02-06,171.0,10.063292,1.25,0.33333334,312.2143,250.95918,28.787878,242.0,304.0,143.6,159.5
2009-02-07,179.11111,23.316456,26.5,9.133333,336.2143,274.0408,28.515152,253.5,317.0,147.8,168.5
2009-02-08,183.0,27.493671,32.25,11.066667,331.60715,271.32654,27.727272,257.0,321.0,164.0,171.0
2009-02-09,213.22223,39.79747,58.25,19.8,360.82144,301.1837,33.121212,280.5,336.0,179.4,187.5
2009-02-10,205.22223,43.088608,65.0,23.666666,386.60715,322.0,37.333332,292.5,354.0,179.0,188.0
2009-02-11,208.44444,43.088608,65.0,23.466667,369.2857,310.83673,43.757576,307.0,371.0,183.2,194.5
2009-02-12,211.55556,45.6962,69.5,25.4,383.42856,325.9592,51.303032,325.5,391.0,191.8,199.0
2009-02-13,204.0,45.810127,70.25,25.6,386.7857,330.02042,64.90909,325.0,392.0,192.6,202.0
2009-02-14,215.11111,49.848103,78.5,30.333334,401.0357,346.02042,79.27273,357.5,420.0,199.6,217.5
2009-02-15,211.77777,49.873417,78.5,30.133333,419.25,360.20407,88.393936,369.0,435.0,204.2,222.5
2009-02-16,225.11111,49.97468,78.25,29.0,419.67856,361.42856,108.51515,397.0,468.0,212.4,243.0
2009-02-17,269.66666,69.36709,113.75,46.533333,463.14285,407.2449,122.606064,413.0,486.0,219.2,255.0
2009-02-18,275.33334,76.1519,127.0,52.066666,515.2857,448.55103,133.81818,444.5,526.0,225.2,270.0
2009-02-19,275.66666,76.08861,125.0,50.2,516.7143,450.1837,133.51515,440.5,526.0,224.4,268.5
2009-02-20,272.44446,75.40506,122.25,47.4,517.6071,451.9592,131.21213,440.0,527.0,226.8,267.0
2009-02-21,251.33333,73.25317,113.0,40.4,518.75,452.61224,128.18182,438.5,526.0,226.4,265.0
2009-02-22,256.66666,70.31645,102.5,35.533333,519.1429,452.42856,123.51515,436.5,525.0,226.6,263.0
2009-02-23,279.44446,71.53165,101.75,35.0,551.4286,484.26532,117.90909,439.5,524.0,238.2,269.5
2009-02-24,283.55554,68.08861,94.25,32.6,567.4286,499.5102,109.757576,464.5,547.0,244.0,264.5
2009-02-25,285.55554,62.329113,80.5,28.0,552.2143,484.38776,103.30303,466.5,547.0,243.2,256.0
2009-02-26,282.55554,60.759495,75.5,26.4,550.7857,482.85715,101.78788,475.0,557.0,242.6,255.0
2009-02-27,274.55554,58.83544,67.5,23.8,544.5357,477.0408,100.757576,494.0,583.0,248.0,260.5
2009-02-28,264.77777,56.0,57.5,20.4,567.0,496.26532,98.666664,499.0,589.0,247.8,260.5
2009-03-01,263.33334,52.44304,48.0,16.6,561.3214,489.16327,91.454544,504.5,594.0,247.2,250.5
2009-03-02,285.8889,46.569622,45.25,13.933333,553.3571,481.89795,87.48485,552.5,649.0,265.8,250.0
2009-03-03,279.77777,45.569622,44.75,13.333333,569.9286,497.0408,107.454544,602.0,694.0,300.8,298.5
2009-03-04,362.22223,48.0,46.25,13.333333,635.1429,562.5102,149.42424,666.5,748.0,345.2,362.0
2009-03-05,358.8889,57.037975,72.5,24.133333,615.6071,544.87756,146.54546,687.0,785.0,361.8,369.5
2009-03-06,364.8889,56.708862,73.25,23.666666,657.6071,583.38776,135.30302,690.0,785.0,363.8,372.5
2009-03-07,329.33334,56.63291,73.25,23.4,658.9643,584.0612,134.18182,689.5,790.0,364.2,371.5
2009-03-08,337.77777,56.41772,73.25,22.866667,658.7857,583.8571,128.36363,689.0,790.0,364.4,372.0
2009-03-09,329.77777,55.088608,69.0,21.2,635.25,562.1429,132.45454,693.0,795.0,364.6,372.0
2009-03-10,335.55554,55.088608,69.0,21.2,634.7857,561.7143,132.57576,692.5,796.0,364.0,371.5
2009-03-11,329.55554,54.670887,63.25,19.4,631.5714,559.38776,130.36363,690.0,796.0,363.6,370.5
2009-03-12,331.66666,54.341774,58.0,17.666666,630.2857,558.18365,129.09091,690.5,796.0,361.4,370.5
2009-03-13,325.66666,53.126583,56.25,16.533333,629.6429,556.5102,124.42424,693.5,796.0,361.2,370.5
2009-03-14,328.44446,50.949368,54.0,14.933333,629.3929,553.9184,113.21212,693.0,796.0,361.2,369.5
2009-03-15,322.33334,49.379745,52.75,14.066667,629.7857,552.81635,111.454544,696.0,797.0,360.0,368.5
2009-03-16,311.77777,47.64557,51.75,13.8,630.4286,551.12244,111.545456,701.0,799.0,358.4,376.0
2009-03-17,313.0,40.86076,47.0,12.533334,629.6786,547.32654,109.63636,717.5,809.0,340.0,373.5
2009-03-18,303.66666,34.151897,41.75,11.133333,628.8571,542.81635,134.27272,717.0,802.0,329.6,370.5
2009-03-19,295.33334,26.556963,30.25,8.066667,627.1786,537.16327,99.78788,709.0,795.0,315.6,366.0
2009-03-20,284.44446,20.873417,21.0,5.6,623.4286,531.0612,98.393936,698.5,785.0,304.0,360.5
2009-03-21,276.1111,18.126583,16.25,4.3333335,619.9286,525.8571,89.36364,691.5,780.0,293.2,355.5
2009-03-22,377.0,19.075949,19.0,5.0666666,667.8214,570.38776,95.818184,725.5,808.0,306.6,376.0
2009-03-23,349.55554,32.759495,54.25,25.266666,616.0,535.18365,99.181816,755.5,841.0,324.2,384.0
2009-03-24,354.8889,32.72152,54.25,23.533333,649.7857,556.7347,100.0,753.5,841.0,323.8,384.0
2009-03-25,342.77777,30.607595,49.75,16.8,708.1071,607.9796,95.393936,751.5,841.0,324.8,384.0
2009-03-26,337.77777,26.01266,36.5,10.866667,706.2143,604.40814,92.545456,750.5,841.0,323.0,379.0
2009-03-27,327.33334,22.506329,29.0,7.733333,703.7143,600.2857,86.27273,748.5,838.0,320.8,378.0
2009-03-28,304.33334,20.822784,25.0,6.6666665,700.8214,595.46936,78.57576,738.5,833.0,319.2,374.5
2009-03-29,316.0,18.58228,20.75,5.5333333,697.3214,589.7755,72.42424,726.5,831.0,309.8,365.5
2009-03-30,289.66666,18.493671,19.75,5.266667,696.3214,588.0612,72.36364,715.0,812.0,306.8,367.0
2009-03-31,288.8889,18.481012,19.5,5.2,694.5714,585.5102,70.69697,710.0,805.0,303.2,364.5
2009-04-01,286.33334,18.493671,19.0,5.0666666,692.75,582.7143,66.15151,706.5,804.0,293.2,359.5
2009-04-02,283.8889,17.189873,15.0,4.0,698.6786,584.30615,61.060608,700.5,798.0,284.8,352.0
2009-04-03,282.66666,16.696203,13.5,3.6,696.8929,581.2245,60.060608,695.0,791.0,281.6,361.0
2009-04-04,282.77777,16.696203,13.5,3.6,697.2143,581.95917,59.60606,696.0,789.0,281.0,360.0
2009-04-05,282.77777,16.455696,13.25,3.5333333,697.0714,581.5102,58.515152,693.0,789.0,283.8,358.5
2009-04-06,282.44446,16.41772,11.25,3.0,694.5357,577.9388,54.484848,683.5,787.0,277.4,355.0
2009-04-07,281.1111,15.202532,6.75,1.8,688.9643,570.04083,46.909092,664.5,780.0,270.6,349.0
2009-04-08,287.22223,16.936708,5.25,1.4,704.1429,581.5714,43.636364,658.5,769.0,262.6,334.5
2009-04-09,290.66666,17.974684,9.25,3.2,715.5714,591.1429,43.696968,670.5,773.0,263.2,334.5
2009-04-10,295.8889,17.329113,9.5,2.7333333,715.8929,593.69385,42.21212,690.0,786.0,267.4,336.0
2009-04-11,297.77777,18.13924,11.0,2.9333334,721.2857,598.10205,45.424244,694.5,792.0,267.8,338.5
2009-04-12,298.33334,18.037975,10.75,2.8666666,730.3214,604.7755,44.030304,688.5,788.0,261.8,334.5
2009-04-13,296.0,16.126583,7.75,2.0666666,727.5,600.2653,48.727272,673.5,780.0,247.4,321.5
2009-04-14,294.44446,14.379746,2.75,0.73333335,724.6071,595.46936,46.18182,660.0,767.0,232.8,309.5
2009-04-15,295.66666,14.012658,2.75,0.73333335,725.8214,597.04083,46.030304,650.5,748.0,226.6,309.5
2009-04-16,296.22223,13.746836,2.75,0.73333335,726.1786,597.61224,45.81818,652.0,748.0,229.2,308.0
2009-04-17,292.55554,9.70886,2.75,0.73333335,714.3929,591.30615,42.636364,649.0,748.0,232.4,307.0
2009-04-18,290.22223,9.468354,0.0,0.0,708.2143,582.81635,36.121212,635.0,737.0,215.2,288.5
2009-04-19,287.33334,8.07595,0.0,0.0,695.7143,566.3469,29.0,608.5,715.0,211.4,271.0
2009-04-20,288.8889,8.189874,0.0,0.0,686.8929,550.1429,22.69697,578.5,688.0,192.2,245.0
2009-04-21,284.66666,5.392405,0.0,0.0,662.0714,523.2041,17.848484,536.5,655.0,174.6,202.0
2009-04-22,329.55554,2.8607595,0.0,0.0,624.3929,487.73468,12.060606,480.0,613.0,156.4,154.0
2009-04-23,320.77777,1.5696203,0.0,0.0,589.6071,455.93878,8.181818,425.0,576.0,138.6,124.5
2009-04-24,315.55554,1.0759493,0.0,0.0,578.25,445.34692,7.5454545,406.0,554.0,127.6,107.5
2009-04-25,314.77777,1.0632912,0.0,0.0,589.1786,452.8163,7.909091,424.5,572.0,130.2,113.5
2009-04-26,277.55554,0.9113924,0.0,0.0,592.1429,454.61224,7.3333335,424.0,572.0,136.2,111.0
2009-04-27,315.8889,0.62025315,0.0,0.0,588.1071,450.97958,6.848485,411.5,562.0,132.8,103.5
2009-04-28,314.0,0.62025315,0.0,0.0,585.6071,448.1837,6.6666665,409.0,547.0,129.6,101.5
2009-04-29,313.22223,0.62025315,0.0,0.0,581.4286,445.4694,6.6363635,401.0,532.0,127.6,101.0
2009-04-30,310.66666,0.5822785,0.0,0.0,575.2857,440.44897,6.4848485,390.0,517.0,125.2,99.5
2009-05-01,304.66666,0.49367088,0.0,0.0,559.2143,427.40817,6.181818,368.5,488.0,114.2,90.5
2009-05-02,303.66666,0.556962,0.0,0.0,577.9643,447.5306,5.969697,351.5,463.0,110.8,86.5
2009-05-03,313.55554,0.48101267,0.0,0.0,595.1429,460.12244,6.181818,366.0,469.0,114.2,87.5
2009-05-04,312.66666,0.4050633,0.0,0.0,597.9286,461.08163,5.848485,359.0,459.0,118.4,83.5
2009-05-05,307.44446,0.29113925,0.0,0.0,586.1786,451.16327,5.6363635,348.0,444.0,114.8,78.0
2009-05-06,300.1111,0.18987341,0.0,0.0,495.0357,393.63266,4.848485,310.0,412.0,106.0,74.0
2009-05-07,289.44446,0.0,0.0,0.0,467.42856,371.8163,4.242424,280.5,388.0,92.2,62.0
2009-05-08,276.77777,0.0,0.0,0.0,449.67856,355.26532,3.4545455,243.5,351.0,80.8,48.0
2009-05-09,262.22223,0.0,0.0,0.0,432.7143,339.42856,2.3939395,216.5,320.0,68.6,32.5
2009-05-10,249.11111,0.0,0.0,0.0,415.25,321.12244,1.0,189.0,289.0,54.8,15.0
2009-05-11,234.33333,0.0,0.0,0.0,398.14285,299.4898,0.0,164.0,267.0,40.6,0.0
2009-05-12,230.66667,0.0,0.0,0.0,364.9643,274.06122,0.0,142.0,249.0,26.8,0.0
2009-05-13,224.11111,0.0,0.0,0.0,327.60715,244.85715,0.0,128.5,238.0,20.2,0.0
2009-05-14,217.44444,0.0,0.0,0.0,301.85715,224.87755,0.0,113.5,226.0,15.2,0.0
2009-05-15,208.44444,0.0,0.0,0.0,287.10715,213.89796,0.0,92.0,210.0,13.4,0.0
2009-05-16,193.88889,0.0,0.0,0.0,266.89285,198.0204,0.0,61.0,185.0,1.6,0.0
2009-05-17,175.11111,0.0,0.0,0.0,241.0,177.14285,0.0,34.5,151.0,0.0,0.0
2009-05-18,134.22223,0.0,0.0,0.0,227.67857,162.0,0.0,6.5,110.0,0.0,0.0
2009-05-19,99.77778,0.0,0.0,0.0,198.60715,139.04082,0.0,0.0,72.0,0.0,0.0
2009-05-20,90.888885,0.0,0.0,0.0,182.14285,125.79592,0.0,0.0,44.0,0.0,0.0
2009-05-21,82.44444,0.0,0.0,0.0,168.42857,114.81633,0.0,0.0,20.0,0.0,0.0
2009-05-22,74.333336,0.0,0.0,0.0,152.42857,102.938774,0.0,0.0,0.0,0.0,0.0
2009-05-23,66.0,0.0,0.0,0.0,125.25,82.38776,0.0,0.0,0.0,0.0,0.0
2009-05-24,60.88889,0.0,0.0,0.0,113.5,73.89796,0.0,0.0,0.0,0.0,0.0
2009-05-25,57.77778,0.0,0.0,0.0,112.5,73.71429,0.0,0.0,0.0,0.0,0.0
2009-05-26,52.88889,0.0,0.0,0.0,102.42857,66.5102,0.0,0.0,0.0,0.0,0.0
2009-05-27,46.555557,0.0,0.0,0.0,89.78571,57.408165,0.0,0.0,0.0,0.0,0.0
2009-05-28,39.11111,0.0,0.0,0.0,74.39286,45.959183,0.0,0.0,0.0,0.0,0.0
2009-05-29,31.88889,0.0,0.0,0.0,61.964287,37.081635,0.0,0.0,0.0,0.0,0.0
2009-05-30,25.333334,0.0,0.0,0.0,51.67857,30.0,0.0,0.0,0.0,0.0,0.0
2009-05-31,20.11111,0.0,0.0,0.0,43.82143,25.040817,0.0,0.0,0.0,0.0,0.0
2009-06-01,15.444445,0.0,0.0,0.0,39.285713,22.44898,0.0,0.0,0.0,0.0,0.0
2009-06-02,11.777778,0.0,0.0,0.0,35.32143,20.183674,0.0,0.0,0.0,0.0,0.0
2009-06-03,9.444445,0.0,0.0,0.0,33.0,18.857143,0.0,0.0,0.0,0.0,0.0
2009-06-04,9.333333,0.0,0.0,0.0,32.642857,18.65306,0.0,0.0,0.0,0.0,0.0
2009-06-05,8.666667,0.0,0.0,0.0,31.285715,17.87755,0.0,0.0,0.0,0.0,0.0
2009-06-06,11.0,0.6962025,0.0,0.0,25.464285,15.632653,0.0,0.0,0.0,0.0,0.0
2009-06-07,12.444445,0.87341774,0.0,0.0,29.642857,17.816326,0.0,0.0,0.0,0.0,0.0
2009-06-08,9.555555,0.03797468,0.0,0.0,34.392857,19.816326,0.0,0.0,0.0,0.0,0.0
2009-06-09,7.888889,0.0,0.0,0.0,31.321428,17.897959,0.0,0.0,0.0,0.0,0.0
2009-06-10,6.7777777,0.0,0.0,0.0,30.321428,17.32653,0.0,0.0,0.0,0.0,0.0
2009-06-11,6.3333335,0.0,0.0,0.0,30.071428,17.183674,0.0,0.0,0.0,0.0,0.0
2009-06-12,5.5555553,0.0,0.0,0.0,29.678572,16.959183,0.0,0.0,0.0,0.0,0.0
2009-06-13,4.3333335,0.0,0.0,0.0,28.964285,16.55102,0.0,0.0,0.0,0.0,0.0
2009-06-14,3.8888888,0.0,0.0,0.0,28.821428,16.469387,0.0,0.0,0.0,0.0,0.0
2009-06-15,3.1111112,0.0,0.0,0.0,28.357143,16.204082,0.0,0.0,0.0,0.0,0.0
2009-06-16,2.0,0.0,0.0,0.0,26.857143,15.346939,0.0,0.0,0.0,0.0,0.0
2009-06-17,0.6666667,0.0,0.0,0.0,26.357143,15.061225,0.0,0.0,0.0,0.0,0.0
2009-06-18,0.0,0.0,0.0,0.0,23.964285,13.693877,0.0,0.0,0.0,0.0,0.0
2009-06-19,0.0,0.0,0.0,0.0,20.357143,11.632653,0.0,0.0,0.0,0.0,0.0
2009-06-20,0.0,0.0,0.0,0.0,16.892857,9.653061,0.0,0.0,0.0,0.0,0.0
2009-06-21,0.0,0.0,0.0,0.0,16.714285,9.551021,0.0,0.0,0.0,0.0,0.0
2009-06-22,0.0,0.0,0.0,0.0,16.071428,9.183674,0.0,0.0,0.0,0.0,0.0
2009-06-23,0.0,0.0,0.0,0.0,14.571428,8.32653,0.0,0.0,0.0,0.0,0.0
2009-06-24,0.0,0.0,0.0,0.0,11.857142,6.7755103,0.0,0.0,0.0,0.0,0.0
2009-06-25,0.0,0.0,0.0,0.0,9.535714,5.4489794,0.0,0.0,0.0,0.0,0.0
2009-06-26,0.0,0.0,0.0,0.0,8.0,4.571429,0.0,0.0,0.0,0.0,0.0
2009-06-27,0.0,0.0,0.0,0.0,7.071429,4.0408163,0.0,0.0,0.0,0.0,0.0
2009-06-28,0.0,0.0,0.0,0.0,6.642857,3.7959185,0.0,0.0,0.0,0.0,0.0
2009-06-29,0.0,0.0,0.0,0.0,4.571429,2.6122448,0.0,0.0,0.0,0.0,0.0
2009-06-30,0.0,0.0,0.0,0.0,2.75,1.5714285,0.0,0.0,0.0,0.0,0.0
2009-07-01,0.0,0.0,0.0,0.0,1.4285715,0.81632656,0.0,0.0,0.0,0.0,0.0
2009-07-02,0.0,0.0,0.0,0.0,0.071428575,0.040816326,0.0,0.0,0.0,0.0,0.0
2009-07-03,0.0,0.0,0.0,0.0,0.0,0.0,0.0,0.0,0.0,0.0,0.0
2009-07-04,0.0,0.0,0.0,0.0,0.0,0.0,0.0,0.0,0.0,0.0,0.0
2009-07-05,0.0,0.0,0.0,0.0,0.0,0.0,0.0,0.0,0.0,0.0,0.0
2009-07-06,0.0,0.0,0.0,0.0,0.0,0.0,0.0,0.0,0.0,0.0,0.0
2009-07-07,0.0,0.0,0.0,0.0,0.0,0.0,0.0,0.0,0.0,0.0,0.0
2009-07-08,0.0,0.0,0.0,0.0,0.0,0.0,0.0,0.0,0.0,0.0,0.0
2009-07-09,0.0,0.0,0.0,0.0,0.0,0.0,0.0,0.0,0.0,0.0,0.0
2009-07-10,0.0,0.0,0.0,0.0,0.0,0.0,0.0,0.0,0.0,0.0,0.0
2009-07-11,0.0,0.0,0.0,0.0,0.0,0.0,0.0,0.0,0.0,0.0,0.0
2009-07-12,0.0,0.0,0.0,0.0,0.0,0.0,0.0,0.0,0.0,0.0,0.0
2009-07-13,0.0,0.0,0.0,0.0,0.0,0.0,0.0,0.0,0.0,0.0,0.0
2009-07-14,0.0,0.0,0.0,0.0,0.0,0.0,0.0,0.0,0.0,0.0,0.0
2009-07-15,0.0,0.0,0.0,0.0,0.0,0.0,0.0,0.0,0.0,0.0,0.0
2009-07-16,0.0,0.0,0.0,0.0,0.0,0.0,0.0,0.0,0.0,0.0,0.0
2009-07-17,0.0,0.0,0.0,0.0,0.0,0.0,0.0,0.0,0.0,0.0,0.0
2009-07-18,0.0,0.0,0.0,0.0,0.0,0.0,0.0,0.0,0.0,0.0,0.0
2009-07-19,0.0,0.0,0.0,0.0,0.0,0.0,0.0,0.0,0.0,0.0,0.0
2009-07-20,0.0,0.0,0.0,0.0,0.0,0.0,0.0,0.0,0.0,0.0,0.0
2009-07-21,0.0,0.0,0.0,0.0,0.0,0.0,0.0,0.0,0.0,0.0,0.0
2009-07-22,0.0,0.0,0.0,0.0,0.0,0.0,0.0,0.0,0.0,0.0,0.0
2009-07-23,0.0,0.0,0.0,0.0,0.0,0.0,0.0,0.0,0.0,0.0,0.0
2009-07-24,0.0,0.0,0.0,0.0,0.0,0.0,0.0,0.0,0.0,0.0,0.0
2009-07-25,0.0,0.0,0.0,0.0,0.0,0.0,0.0,0.0,0.0,0.0,0.0
2009-07-26,0.0,0.0,0.0,0.0,0.0,0.0,0.0,0.0,0.0,0.0,0.0
2009-07-27,0.0,0.0,0.0,0.0,0.0,0.0,0.0,0.0,0.0,0.0,0.0
2009-07-28,0.0,0.0,0.0,0.0,0.0,0.0,0.0,0.0,0.0,0.0,0.0
2009-07-29,0.0,0.0,0.0,0.0,0.0,0.0,0.0,0.0,0.0,0.0,0.0
2009-07-30,0.0,0.0,0.0,0.0,0.0,0.0,0.0,0.0,0.0,0.0,0.0
2009-07-31,0.0,0.0,0.0,0.0,0.0,0.0,0.0,0.0,0.0,0.0,0.0
2009-08-01,0.0,0.0,0.0,0.0,0.0,0.0,0.0,0.0,0.0,0.0,0.0
2009-08-02,0.0,0.0,0.0,0.0,0.0,0.0,0.0,0.0,0.0,0.0,0.0
2009-08-03,0.0,0.0,0.0,0.0,0.0,0.0,0.0,0.0,0.0,0.0,0.0
2009-08-04,0.0,0.0,0.0,0.0,0.0,0.0,0.0,0.0,0.0,0.0,0.0
2009-08-05,0.0,0.0,0.0,0.0,0.0,0.0,0.0,0.0,0.0,0.0,0.0
2009-08-06,0.0,0.0,0.0,0.0,0.0,0.0,0.0,0.0,0.0,0.0,0.0
2009-08-07,0.0,0.0,0.0,0.0,0.0,0.0,0.0,0.0,0.0,0.0,0.0
2009-08-08,0.0,0.0,0.0,0.0,0.0,0.0,0.0,0.0,0.0,0.0,0.0
2009-08-09,0.0,0.0,0.0,0.0,0.0,0.0,0.0,0.0,0.0,0.0,0.0
2009-08-10,0.0,0.0,0.0,0.0,0.0,0.0,0.0,0.0,0.0,0.0,0.0
2009-08-11,0.0,0.0,0.0,0.0,0.0,0.0,0.0,0.0,0.0,0.0,0.0
2009-08-12,0.0,0.0,0.0,0.0,0.0,0.0,0.0,0.0,0.0,0.0,0.0
2009-08-13,0.0,0.0,0.0,0.0,0.0,0.0,0.0,0.0,0.0,0.0,0.0
2009-08-14,0.0,0.0,0.0,0.0,0.0,0.0,0.0,0.0,0.0,0.0,0.0
2009-08-15,0.0,0.0,0.0,0.0,0.0,0.0,0.0,0.0,0.0,0.0,0.0
2009-08-16,0.0,0.0,0.0,0.0,0.0,0.0,0.0,0.0,0.0,0.0,0.0
2009-08-17,0.0,0.0,0.0,0.0,0.0,0.0,0.0,0.0,0.0,0.0,0.0
2009-08-18,0.0,0.0,0.0,0.0,0.0,0.0,0.0,0.0,0.0,0.0,0.0
2009-08-19,0.0,0.0,0.0,0.0,0.0,0.0,0.0,0.0,0.0,0.0,0.0
2009-08-20,0.0,0.0,0.0,0.0,0.0,0.0,0.0,0.0,0.0,0.0,0.0
2009-08-21,0.0,0.0,0.0,0.0,0.0,0.0,0.0,0.0,0.0,0.0,0.0
2009-08-22,0.0,0.0,0.0,0.0,0.0,0.0,0.0,0.0,0.0,0.0,0.0
2009-08-23,0.0,0.0,0.0,0.0,0.0,0.0,0.0,0.0,0.0,0.0,0.0
2009-08-24,0.0,0.0,0.0,0.0,0.0,0.0,0.0,0.0,0.0,0.0,0.0
2009-08-25,0.0,0.0,0.0,0.0,0.0,0.0,0.0,0.0,0.0,0.0,0.0
2009-08-26,0.0,0.0,0.0,0.0,0.0,0.0,0.0,0.0,0.0,0.0,0.0
2009-08-27,0.0,0.0,0.0,0.0,0.0,0.0,0.0,0.0,0.0,0.0,0.0
2009-08-28,0.0,0.0,0.0,0.0,0.0,0.0,0.0,0.0,0.0,0.0,0.0
2009-08-29,0.0,0.0,0.0,0.0,0.0,0.0,0.0,0.0,0.0,0.0,0.0
2009-08-30,0.0,0.0,0.0,0.0,0.0,0.0,0.0,0.0,0.0,0.0,0.0
2009-08-31,0.0,0.0,0.0,0.0,0.0,0.0,0.0,0.0,0.0,0.0,0.0
2009-09-01,0.0,0.0,0.0,0.0,0.0,0.0,0.0,0.0,0.0,0.0,0.0
2009-09-02,0.0,0.0,0.0,0.0,0.0,0.0,0.0,0.0,0.0,0.0,0.0
2009-09-03,0.0,0.0,0.0,0.0,0.0,0.0,0.0,0.0,0.0,0.0,0.0
2009-09-04,0.0,0.0,0.0,0.0,0.0,0.0,0.0,0.0,0.0,0.0,0.0
2009-09-05,0.0,0.0,0.0,0.0,0.0,0.0,0.0,0.0,0.0,0.0,0.0
2009-09-06,0.0,0.0,0.0,0.0,0.0,0.0,0.0,0.0,0.0,0.0,0.0
2009-09-07,0.0,0.0,0.0,0.0,0.0,0.0,0.0,0.0,0.0,0.0,0.0
2009-09-08,0.0,0.0,0.0,0.0,0.0,0.0,0.0,0.0,0.0,0.0,0.0
2009-09-09,0.0,0.0,0.0,0.0,0.0,0.0,0.0,0.0,0.0,0.0,0.0
2009-09-10,0.0,0.0,0.0,0.0,0.0,0.0,0.0,0.0,0.0,0.0,0.0
2009-09-11,0.0,0.0,0.0,0.0,0.0,0.0,0.0,0.0,0.0,0.0,0.0
2009-09-12,0.0,0.0,0.0,0.0,0.0,0.0,0.0,0.0,0.0,0.0,0.0
2009-09-13,0.0,0.0,0.0,0.0,0.0,0.0,0.0,0.0,0.0,0.0,0.0
2009-09-14,0.0,0.0,0.0,0.0,0.0,0.0,0.0,0.0,0.0,0.0,0.0
2009-09-15,0.0,0.0,0.0,0.0,0.0,0.0,0.0,0.0,0.0,0.0,0.0
2009-09-16,0.0,0.0,0.0,0.0,0.0,0.0,0.0,0.0,0.0,0.0,0.0
2009-09-17,0.0,0.0,0.0,0.0,0.0,0.0,0.0,0.0,0.0,0.0,0.0
2009-09-18,0.0,0.0,0.0,0.0,0.0,0.0,0.0,0.0,0.0,0.0,0.0
2009-09-19,0.0,0.0,0.0,0.0,0.0,0.0,0.0,0.0,0.0,0.0,0.0
2009-09-20,0.0,0.0,0.0,0.0,0.0,0.0,0.0,0.0,0.0,0.0,0.0
2009-09-21,0.0,0.0,0.0,0.0,0.0,0.0,0.0,0.0,0.0,0.0,0.0
2009-09-22,0.0,0.0,0.0,0.0,0.0,0.0,0.0,0.0,0.0,0.0,0.0
2009-09-23,0.0,0.0,0.0,0.0,0.0,0.0,0.0,0.0,0.0,0.0,0.0
2009-09-24,0.0,0.0,0.0,0.0,0.0,0.0,0.0,0.0,0.0,0.0,0.0
2009-09-25,0.0,0.0,0.0,0.0,0.0,0.0,0.0,0.0,0.0,0.0,0.0
2009-09-26,0.0,0.0,0.0,0.0,0.0,0.0,0.0,0.0,0.0,0.0,0.0
2009-09-27,0.0,0.0,0.0,0.0,0.0,0.0,0.0,0.0,0.0,0.0,0.0
2009-09-28,0.0,0.0,0.0,0.0,0.0,0.0,0.0,0.0,0.0,0.0,0.0
2009-09-29,0.0,0.0,0.0,0.0,0.0,0.0,0.0,0.0,0.0,0.0,0.0
2009-09-30,0.0,0.0,0.0,0.0,0.0,0.0,0.0,0.0,0.0,0.0,0.0
2009-10-01,0.0,0.0,0.0,0.0,0.0,0.0,0.0,0.0,0.0,0.0,0.0
2009-10-02,0.0,0.0,0.0,0.0,0.0,0.0,0.0,0.0,0.0,0.0,0.0
2009-10-03,0.0,0.0,0.0,0.0,0.0,0.0,0.0,0.0,0.0,0.0,0.0
2009-10-04,0.0,0.0,0.0,0.0,0.0,0.0,0.0,0.0,0.0,1.4,0.0
2009-10-05,1.1111112,0.0,0.0,0.0,0.10714286,0.10204082,0.0,4.0,5.0,6.4,0.5
2009-10-06,1.1111112,0.0,0.0,0.0,0.14285715,0.12244898,0.0,4.0,5.0,5.4,1.5
2009-10-07,0.33333334,0.0,0.0,0.0,0.32142857,0.2244898,0.0,1.5,3.0,4.0,0.0
2009-10-08,0.0,0.0,0.0,0.0,0.071428575,0.040816326,0.0,0.0,0.0,1.8,0.0
2009-10-09,0.0,0.0,0.0,0.0,0.0,0.0,0.0,0.0,0.0,0.0,0.0
2009-10-10,0.0,0.0,0.0,0.0,0.0,0.0,0.0,0.0,0.0,0.0,0.0
2009-10-11,0.0,0.0,0.0,0.0,0.0,0.0,0.0,0.0,0.0,0.0,0.0
2009-10-12,0.0,0.0,0.0,0.0,0.0,0.0,0.0,0.0,0.0,0.0,0.0
2009-10-13,0.0,0.0,0.0,0.0,0.0,0.0,0.0,0.0,0.0,0.0,0.0
2009-10-14,59.88889,15.253164,19.25,5.133333,66.89286,54.081635,0.0,17.5,0.0,20.6,0.0
2009-10-15,58.444443,10.379746,17.25,4.6,61.642857,49.97959,0.0,15.0,0.0,18.8,0.0
2009-10-16,48.333332,5.987342,26.75,7.133333,71.21429,53.2449,0.0,8.0,0.0,14.0,0.0
2009-10-17,39.333332,2.835443,13.5,3.6,61.714287,44.65306,0.0,0.0,0.0,9.6,0.0
2009-10-18,35.0,0.49367088,3.25,0.8666667,53.07143,37.02041,0.0,0.0,0.0,3.8,0.0
2009-10-19,22.444445,0.025316456,0.0,0.0,49.142857,33.612244,0.0,0.0,0.0,0.0,0.0
2009-10-20,20.777779,0.012658228,0.0,0.0,52.964287,36.30612,0.09090909,0.0,0.0,1.8,0.0
2009-10-21,19.444445,0.012658228,0.0,0.0,52.0,35.265305,0.0,0.0,0.0,0.2,0.0
2009-10-22,14.222222,0.0,0.0,0.0,48.17857,32.040817,0.0,0.0,0.0,0.0,0.0
2009-10-23,10.333333,0.0,0.0,0.0,48.5,31.44898,0.0,0.0,0.0,0.0,0.0
2009-10-24,5.4444447,0.0,0.0,0.0,40.857143,26.020409,0.0,0.0,0.0,0.0,0.0
2009-10-25,1.8888888,0.0,0.0,0.0,35.57143,22.34694,0.0,0.0,0.0,0.0,0.0
2009-10-26,1.0,0.0,0.0,0.0,31.178572,19.306122,0.0,0.0,0.0,0.0,0.0
2009-10-27,0.33333334,0.0,0.0,0.0,27.107143,16.530613,0.0,0.0,0.0,0.0,0.0
2009-10-28,0.6666667,0.0,0.0,0.0,27.821428,17.285715,0.0,0.0,0.0,0.0,0.0
2009-10-29,0.5555556,0.0,0.0,0.0,32.0,20.204082,0.0,0.0,0.0,0.0,0.0
2009-10-30,0.5555556,0.0,0.0,0.0,32.035713,19.87755,0.0,0.0,0.0,0.0,0.0
2009-10-31,0.0,0.0,0.0,0.0,24.071428,14.510204,0.0,0.0,0.0,0.0,0.0
2009-11-01,0.0,0.0,0.0,0.0,22.357143,13.367347,0.0,0.0,0.0,0.0,0.0
2009-11-02,0.0,0.0,0.0,0.0,15.5,8.877551,0.0,0.0,0.0,0.0,0.0
2009-11-03,0.0,0.0,0.0,0.0,9.392858,5.367347,0.0,0.0,0.0,0.0,0.0
2009-11-04,0.0,0.0,0.0,0.0,5.464286,3.122449,0.0,0.0,0.0,0.0,0.0
2009-11-05,0.0,0.0,0.0,0.0,4.107143,2.3469388,0.0,0.0,0.0,0.0,0.0
2009-11-06,0.0,0.0,0.0,0.0,4.035714,2.3061225,0.0,0.0,0.0,0.0,0.0
2009-11-07,0.0,0.0,0.0,0.0,3.9642856,2.2653062,0.0,0.0,0.0,0.0,0.0
2009-11-08,0.0,0.0,0.0,0.0,3.9642856,2.2653062,0.0,0.0,0.0,0.0,0.0
2009-11-09,0.0,0.0,0.0,0.0,3.9285715,2.2448978,0.0,0.0,0.0,0.0,0.0
2009-11-10,0.0,0.0,0.0,0.0,3.7857144,2.1632652,0.0,0.0,0.0,0.0,0.0
2009-11-11,0.0,0.0,0.0,0.0,3.607143,2.0612245,0.0,0.0,0.0,0.0,0.0
2009-11-12,0.0,0.0,0.0,0.0,3.5714285,2.0408163,0.0,0.0,0.0,0.0,0.0
2009-11-13,0.22222222,0.0,0.0,0.0,9.035714,6.877551,0.0,6.0,6.0,4.2,7.5
2009-11-14,0.22222222,0.0,0.0,0.0,9.035714,6.836735,0.0,6.0,6.0,4.2,7.5
2009-11-15,0.22222222,0.0,0.0,0.0,9.035714,6.8163266,0.0,6.0,6.0,4.2,7.5
2009-11-16,0.22222222,0.0,0.0,0.0,8.75,5.9183674,0.0,4.0,5.0,3.6,7.0
2009-11-17,0.0,0.0,0.0,0.0,5.464286,3.142857,0.0,0.0,2.0,0.8,3.5
2009-11-18,0.0,0.0,0.0,0.0,4.607143,2.632653,3.2121212,0.0,0.0,0.0,0.5
2009-11-19,0.0,0.0,0.0,0.0,4.607143,2.632653,2.6060605,0.0,0.0,0.0,0.5
2009-11-20,0.0,0.0,0.0,0.0,4.214286,2.4081633,0.8787879,0.0,0.0,0.0,0.0
2009-11-21,0.0,0.0,0.0,0.0,4.857143,3.5510204,13.939394,30.5,39.0,8.2,20.5
2009-11-22,0.0,0.0,0.0,0.0,4.857143,3.510204,13.757576,30.5,39.0,8.2,20.5
2009-11-23,0.0,0.0,0.0,0.0,4.857143,3.3265307,12.757576,31.0,39.0,8.0,21.0
2009-11-24,0.0,0.0,0.0,0.0,4.678571,2.9591837,10.848485,31.0,39.0,8.2,21.0
2009-11-25,0.0,0.0,0.0,0.0,4.142857,2.3877552,6.7272725,27.5,38.0,7.6,20.0
2009-11-26,0.0,0.0,0.0,0.0,3.6785715,2.1020408,4.060606,23.5,36.0,4.8,17.5
2009-11-27,0.0,0.0,0.0,0.0,3.3214285,1.8979592,3.1818182,18.0,32.0,2.2,12.5
2009-11-28,7.5555553,2.0253165,1.5,0.4,5.75,4.0,5.151515,26.5,40.0,12.8,19.0
2009-11-29,11.444445,3.9620254,3.0,0.93333334,7.714286,5.4693875,4.969697,27.5,42.0,17.6,20.5
2009-11-30,11.444445,2.8607595,1.5,0.4,7.392857,4.836735,4.121212,27.0,42.0,18.4,21.0
2009-12-01,11.555555,0.8227848,0.0,0.0,6.571429,4.0408163,3.1818182,24.5,40.0,17.2,19.0
2009-12-02,11.333333,0.43037975,0.0,0.0,6.392857,3.7551022,2.060606,18.5,30.0,16.2,16.0
2009-12-03,11.333333,0.4177215,0.0,0.0,6.357143,3.7142856,1.5151515,17.5,30.0,16.2,16.5
2009-12-04,7.4444447,0.4177215,0.0,0.0,6.428571,3.7142856,1.2424242,17.5,30.0,16.2,16.5
2009-12-05,8.222222,0.4177215,0.0,0.0,6.321429,3.6530612,1.2121212,17.0,29.0,15.4,15.5
2009-12-06,8.222222,0.4177215,0.0,0.0,6.321429,3.6530612,1.1515151,17.0,29.0,15.6,15.5
2009-12-07,11.333333,0.4177215,0.0,0.0,8.357142,6.9183674,2.4242425,33.0,43.0,24.2,33.5
2009-12-08,24.777779,15.683544,28.25,18.866667,34.607143,31.87755,2.3939395,71.5,90.0,45.0,63.0
2009-12-09,24.777779,15.582278,28.25,18.733334,34.607143,31.836735,2.4242425,70.5,90.0,44.2,63.5
2009-12-10,24.777779,15.620254,28.25,18.2,34.607143,31.857143,2.4848485,70.0,90.0,44.2,63.0
2009-12-11,27.666666,17.405064,28.5,15.133333,44.785713,41.816326,2.6666667,72.0,92.0,46.8,68.0
2009-12-12,49.444443,23.392405,35.25,13.866667,88.57143,81.0,16.333334,104.0,127.0,58.6,89.0
2009-12-13,100.333336,45.620255,54.75,20.6,171.89285,156.7347,40.515152,157.5,183.0,91.0,131.5
2009-12-14,111.22222,48.544304,70.5,25.666666,195.89285,178.48979,42.939392,180.0,211.0,101.6,147.5
2009-12-15,110.22222,48.101265,69.25,24.6,195.92857,178.48979,36.21212,180.0,211.0,101.2,148.0
2009-12-16,108.77778,47.544304,66.5,23.466667,196.46428,178.57143,47.939392,177.5,212.0,101.0,145.0
2009-12-17,101.44444,45.949368,60.0,21.4,197.32143,178.57143,46.969696,182.5,212.0,102.0,145.0
2009-12-18,110.77778,44.02532,52.25,18.8,196.92857,177.36734,48.18182,181.0,212.0,102.4,145.5
2009-12-19,110.44444,42.36709,45.75,16.466667,196.96428,176.44897,47.484848,179.0,210.0,101.2,148.0
2009-12-20,113.111115,40.746834,43.75,15.266666,197.78572,176.18367,46.0,173.0,208.0,98.6,148.0
2009-12-21,113.0,40.20253,43.75,14.933333,198.64285,176.06122,46.878788,176.5,207.0,99.2,148.0
2009-12-22,128.44444,48.189873,52.75,18.533333,224.60715,200.93878,52.575756,196.0,228.0,111.6,154.5
2009-12-23,130.0,52.36709,58.0,21.6,227.0,202.9796,51.848484,199.5,233.0,112.4,153.5
2009-12-24,130.0,51.949368,58.0,20.8,227.10715,202.95918,49.545456,198.0,233.0,112.6,159.0
2009-12-25,129.55556,50.708862,54.5,19.066668,227.53572,202.93878,49.636364,199.0,233.0,113.4,159.5
2009-12-26,129.88889,49.594936,54.5,18.666666,227.46428,202.63266,49.727272,199.5,233.0,113.4,159.5
2009-12-27,129.77777,49.620255,54.5,18.666666,227.64285,203.06122,61.303032,201.0,235.0,112.4,161.0
2009-12-28,129.11111,49.64557,54.5,18.666666,232.28572,207.81633,56.151516,203.5,237.0,114.2,162.0
2009-12-29,130.44444,49.481014,54.5,18.6,232.57143,208.85715,58.909092,213.0,247.0,113.8,169.0
2009-12-30,134.0,50.27848,55.75,19.266666,239.89285,216.87755,65.454544,223.0,257.0,120.4,174.0
2009-12-31,137.55556,52.379745,58.5,20.4,249.28572,224.44897,63.727272,230.0,266.0,123.8,181.0
2010-01-01,99.333336,52.189873,58.5,20.133333,251.03572,225.10204,54.060608,227.0,270.0,126.2,181.5
2010-01-02,137.88889,52.050632,58.5,20.0,248.92857,223.40816,54.60606,237.0,284.0,126.8,182.5
2010-01-03,137.88889,47.962025,58.5,19.466667,246.10715,220.65306,53.909092,237.0,284.0,126.6,182.5
2010-01-04,137.55556,48.569622,58.5,18.866667,249.46428,222.42857,54.757576,244.5,283.0,125.8,180.0
2010-01-05,137.55556,46.78481,58.5,18.4,249.46428,222.08163,63.575756,245.0,282.0,124.6,180.0
2010-01-06,137.77777,44.531647,58.5,17.533333,249.5,221.7347,56.81818,244.5,281.0,123.4,182.5
2010-01-07,137.66667,42.291138,58.5,16.8,249.5,221.14285,59.545456,242.0,279.0,121.2,182.5
2010-01-08,137.88889,40.379745,57.5,15.733334,249.71428,220.51021,52.515152,240.0,278.0,120.2,182.5
2010-01-09,138.11111,38.93671,54.25,14.466666,250.0,220.18367,55.939392,242.0,276.0,119.2,178.5
2010-01-10,138.55556,37.227848,52.0,13.866667,250.89285,220.40816,53.848484,232.0,275.0,118.2,178.0
2010-01-11,137.77777,35.49367,49.5,13.2,251.82143,220.7551,39.545456,232.0,273.0,117.4,178.0
2010-01-12,138.22223,33.848103,46.75,12.466666,252.85715,220.46939,34.969696,230.0,271.0,117.6,182.0
2010-01-13,145.77777,34.962025,49.5,13.2,261.10715,230.57143,47.727272,254.0,299.0,128.0,189.0
2010-01-14,146.55556,39.012657,60.25,17.2,280.60715,246.95918,37.39394,270.0,315.0,146.8,202.5
2010-01-15,158.33333,33.86076,43.25,12.466666,278.64285,242.46939,33.060608,258.5,314.0,147.8,203.0
2010-01-16,158.22223,35.949368,54.0,14.733334,280.17856,244.83673,45.454544,267.0,314.0,146.6,203.0
2010-01-17,158.11111,35.544304,53.0,14.133333,280.17856,244.46939,34.424244,266.0,315.0,147.4,203.0
2010-01-18,160.77777,38.392406,55.25,14.933333,288.89285,252.93878,55.303032,279.5,328.0,152.6,210.0
2010-01-19,196.88889,57.291138,82.0,23.933332,338.0,302.20407,94.09091,329.5,380.0,186.6,245.0
2010-01-20,209.33333,69.67088,104.0,31.8,355.2857,320.5306,129.0,348.0,400.0,195.4,254.5
2010-01-21,240.33333,84.74683,130.75,42.2,397.82144,364.42856,154.87878,388.5,445.0,221.6,279.5
2010-01-22,274.33334,107.81013,179.75,59.733334,440.2143,403.59183,169.33333,409.0,470.0,232.2,296.5
2010-01-23,282.33334,115.49367,196.25,67.933334,459.85715,421.9592,177.66667,411.0,484.0,235.4,304.5
2010-01-24,283.44446,115.20253,195.25,67.46667,460.64285,422.2857,181.87878,412.5,485.0,235.4,305.0
2010-01-25,282.77777,114.68355,196.0,67.2,461.42856,423.57144,202.75757,429.5,489.0,243.2,304.0
2010-01-26,290.8889,114.29114,195.75,65.8,469.14285,430.97958,220.57576,481.0,544.0,257.8,332.5
2010-01-27,290.1111,115.67088,197.0,65.0,469.0,430.91837,207.39394,485.5,549.0,258.4,333.0
2010-01-28,289.1111,115.03797,197.0,64.0,469.7857,430.79593,214.24243,484.5,549.0,259.0,333.5
2010-01-29,289.44446,114.59494,197.0,62.6,468.5357,430.5306,216.54546,471.0,551.0,258.8,333.0
2010-01-30,289.66666,114.01266,197.0,61.866665,469.82144,431.91837,223.81818,470.5,550.0,258.6,333.0
2010-01-31,291.1111,113.87342,196.75,61.8,471.25,433.12244,226.93939,469.5,550.0,260.4,333.5
2010-02-01,290.66666,113.341774,196.0,61.6,471.0,432.9592,223.90909,482.0,548.0,260.2,333.0
2010-02-02,291.77777,112.8481,192.5,60.666668,471.4643,432.69388,229.27272,481.0,548.0,260.2,333.0
2010-02-03,291.1111,112.63291,189.5,59.866665,471.32144,432.57144,228.72728,489.5,551.0,263.2,337.0
2010-02-04,292.33334,112.21519,186.0,58.933334,471.07144,432.08163,218.33333,492.0,554.0,263.6,342.5
2010-02-05,299.0,111.83544,179.5,57.2,478.25,439.44897,229.27272,502.0,563.0,266.6,345.5
2010-02-06,314.8889,117.05064,184.25,60.133335,506.2857,463.44897,249.45454,516.5,579.0,269.6,349.0
2010-02-07,323.1111,125.822784,201.75,67.13333,521.6429,477.4694,242.12122,522.5,586.0,286.2,359.5
2010-02-08,323.1111,125.72152,203.0,67.8,526.2857,480.69388,237.42424,522.5,586.0,286.2,358.0
2010-02-09,323.1111,124.72152,201.5,67.4,526.6071,481.10205,243.75757,525.5,589.0,286.6,359.5
2010-02-10,329.22223,131.53165,210.75,70.73333,529.0714,483.2449,255.42424,528.0,589.0,280.8,361.0
2010-02-11,328.77777,132.20253,209.0,69.86667,529.7143,483.55103,224.21213,521.0,591.0,286.6,357.5
2010-02-12,329.0,130.3671,204.75,68.73333,530.3571,483.14285,231.45454,525.0,592.0,282.8,356.5
2010-02-13,327.77777,132.16455,197.75,66.86667,530.0,482.08163,260.12122,525.5,592.0,283.0,362.5
2010-02-14,328.1111,129.44304,187.75,63.933334,530.7143,480.5306,257.9394,522.5,590.0,287.6,360.5
2010-02-15,329.33334,126.43038,173.5,59.4,531.1429,478.42856,204.66667,522.0,587.0,284.6,358.5
2010-02-16,327.55554,122.93671,160.25,55.066666,530.1071,475.61224,220.81818,525.5,586.0,284.0,350.5
2010-02-17,327.8889,121.51899,144.0,49.533333,530.8214,473.12244,207.0,504.5,586.0,281.8,347.0
2010-02-18,320.44446,118.83544,130.75,44.6,531.3929,471.36734,209.81818,515.5,580.0,280.4,350.5
2010-02-19,317.55554,117.93671,124.25,42.0,531.4643,470.12244,232.54546,508.5,580.0,272.8,347.0
2010-02-20,312.0,122.379745,122.0,41.2,533.5714,471.7143,207.39394,503.5,580.0,279.4,347.0
2010-02-21,304.55554,125.620255,127.5,43.333332,541.9286,479.14285,240.48485,508.0,585.0,282.8,351.5
2010-02-22,344.66666,132.65823,161.25,55.0,559.2857,496.08163,228.9697,520.0,590.0,286.0,354.0
2010-02-23,344.55554,134.35443,164.0,56.133335,559.4286,496.02042,212.78787,516.0,591.0,285.4,354.5
2010-02-24,362.44446,135.11392,163.0,55.8,579.9643,518.46936,231.81818,537.5,611.0,304.0,372.0
2010-02-25,380.66666,151.40506,172.25,61.333332,610.75,545.61224,221.42424,568.0,646.0,316.4,385.0
2010-02-26,379.33334,149.48102,161.5,57.866665,610.1786,543.69385,252.24243,566.5,645.0,319.0,386.5
2010-02-27,421.55554,153.81012,162.25,58.266666,651.1071,580.4898,265.66666,594.0,666.0,345.6,392.0
2010-02-28,427.55554,162.13924,171.25,61.733334,668.2143,596.8571,264.12122,600.0,673.0,353.6,399.0
2010-03-01,427.44446,159.94937,166.75,60.266666,667.8571,595.53064,215.0,594.0,674.0,353.6,398.5
2010-03-02,428.77777,157.97469,162.75,58.533333,667.7857,594.2653,250.48485,593.0,673.0,352.8,397.5
2010-03-03,430.8889,157.96202,162.5,58.533333,676.8214,602.81635,248.57576,602.5,683.0,358.0,407.0
2010-03-04,452.22223,171.25316,190.75,69.333336,702.1429,628.7755,254.72728,624.0,712.0,374.2,418.5
2010-03-05,452.55554,172.18988,191.5,69.666664,703.8214,630.10205,281.15152,623.5,712.0,374.0,417.5
2010-03-06,452.55554,171.74684,189.0,69.0,704.6429,630.3469,241.57576,623.0,712.0,374.2,418.0
2010-03-07,451.22223,170.8481,187.25,68.46667,704.9286,630.89795,272.42426,628.0,711.0,373.6,422.5
2010-03-08,452.0,169.87341,182.25,66.666664,704.8214,630.8571,210.60606,627.5,711.0,373.8,418.5
2010-03-09,456.44446,173.75949,199.5,72.73333,713.1429,639.46936,270.57574,641.5,716.0,377.0,424.5
2010-03-10,459.55554,173.67088,199.25,72.333336,715.25,641.7551,257.9394,640.0,720.0,370.2,428.5
2010-03-11,460.77777,174.44304,201.75,73.46667,717.2143,642.38776,255.21213,641.5,727.0,383.0,431.5
2010-03-12,454.0,173.62025,198.75,72.46667,716.9643,642.4286,280.27274,641.5,727.0,376.0,430.0
2010-03-13,481.0,175.91139,192.75,70.066666,744.0357,668.2449,312.21213,680.0,775.0,394.2,460.5
2010-03-14,481.77777,176.18988,193.5,70.4,743.6429,667.95917,262.72726,678.5,775.0,394.2,460.0
2010-03-15,478.44446,175.64557,191.25,69.6,745.5,667.1429,247.15152,688.5,775.0,402.6,460.5
2010-03-16,472.66666,171.55696,186.25,66.86667,744.6429,665.2041,239.87878,686.0,773.0,396.2,459.5
2010-03-17,465.22223,165.43037,186.25,64.53333,743.0,657.0612,255.54546,680.5,770.0,392.8,458.0
2010-03-18,468.1111,160.22784,186.0,62.533333,743.0357,654.9388,238.30302,673.5,770.0,387.6,446.0
2010-03-19,460.55554,154.89873,182.75,60.133335,741.9286,651.9184,233.33333,671.0,769.0,383.6,451.5
2010-03-20,445.77777,146.50633,178.25,57.133335,741.6071,649.2041,243.54546,670.0,768.0,368.8,441.0
2010-03-21,441.1111,137.82278,172.25,53.066666,740.0357,645.3674,232.75757,661.5,766.0,371.2,445.0
2010-03-22,432.55554,132.27849,169.0,50.4,740.0357,644.18365,220.33333,658.0,771.0,367.8,439.0
2010-03-23,415.33334,127.31645,166.75,48.466667,739.3571,642.449,224.36363,654.5,772.0,366.2,436.5
2010-03-24,412.1111,123.03797,163.75,46.333332,738.3929,638.7551,217.90909,651.0,772.0,355.8,433.0
2010-03-25,411.33334,118.59494,161.5,43.933334,737.3929,636.2041,222.24243,654.5,773.0,357.2,430.5
2010-03-26,410.55554,118.05064,161.5,43.6,738.25,637.2449,218.42424,670.5,795.0,364.4,439.0
2010-03-27,413.33334,117.35443,161.25,43.266666,738.0,636.7959,216.06061,670.0,793.0,362.0,445.0
2010-03-28,406.55554,114.93671,159.0,42.4,736.3571,634.6531,207.51515,670.5,792.0,356.2,442.5
2010-03-29,379.77777,110.07595,154.0,41.066666,735.4286,632.449,202.0303,655.5,791.0,346.0,437.5
2010-03-30,408.8889,102.91139,149.25,39.8,734.0357,629.30615,187.45454,714.5,839.0,336.0,429.0
2010-03-31,430.44446,102.139244,149.5,39.866665,752.3214,649.2449,203.63637,752.5,880.0,364.4,470.0
2010-04-01,459.0,104.18987,159.5,43.066666,763.8929,660.3674,217.48485,788.0,908.0,374.8,475.0
2010-04-02,458.44446,104.101265,159.25,43.0,764.1429,660.4286,211.30302,788.5,908.0,374.8,475.0
2010-04-03,456.77777,103.75949,152.5,41.066666,772.3929,667.7143,240.33333,813.5,937.0,390.0,496.5
2010-04-04,462.22223,103.59494,152.75,40.866665,772.4643,669.8571,214.9697,812.5,937.0,388.6,492.0
2010-04-05,501.8889,106.36709,166.0,46.066666,808.4286,705.87756,266.60605,839.0,967.0,406.0,519.5
2010-04-06,517.2222,111.417725,198.5,57.133335,825.3571,720.2041,250.84848,865.5,993.0,420.6,517.0
2010-04-07,513.1111,112.16456,203.0,58.133335,825.3571,721.59186,246.45454,862.0,991.0,419.8,522.5
2010-04-08,497.33334,108.63291,176.0,49.666668,824.9286,717.69385,222.72728,855.0,988.0,418.0,519.0
2010-04-09,504.22223,104.1519,170.0,45.933334,821.6786,712.18365,226.42424,865.0,992.0,408.8,516.0
2010-04-10,504.55554,99.50633,164.75,43.933334,821.0,709.4286,217.93939,867.0,992.0,403.2,521.5
2010-04-11,495.33334,96.56962,162.5,43.333332,819.1071,706.7551,216.09091,861.0,991.0,397.8,518.5
2010-04-12,519.55554,102.32912,167.0,44.533333,848.6786,735.0816,224.36363,876.0,1005.0,405.4,523.5
2010-04-13,512.0,110.101265,194.75,53.4,869.0357,752.89795,231.66667,891.5,1023.0,409.4,529.0
2010-04-14,520.6667,109.379745,191.25,52.466667,867.75,751.5102,227.15152,895.5,1024.0,405.8,529.0
2010-04-15,524.6667,105.8481,178.0,48.0,865.1429,749.2245,249.42424,897.5,1025.0,394.6,528.0
2010-04-16,521.44446,98.36709,173.75,46.333332,862.2857,745.2857,223.78787,889.0,1025.0,386.2,525.5
2010-04-17,516.55554,92.20253,171.0,45.6,861.2143,742.18365,214.15152,872.5,1018.0,375.6,519.5
2010-04-18,508.77777,84.51899,164.25,43.8,859.3929,737.551,201.45454,843.5,1008.0,362.6,504.0
2010-04-19,501.77777,77.20253,152.75,40.733334,855.8214,729.9388,166.06061,817.5,991.0,346.0,491.5
2010-04-20,487.66666,71.03797,147.25,39.266666,851.1786,722.40814,154.15152,804.5,985.0,331.4,468.5
2010-04-21,507.33334,84.101265,168.0,46.8,889.7857,758.2245,172.9697,822.0,997.0,336.2,469.0
2010-04-22,508.22223,80.455696,179.0,50.466667,901.6071,768.89795,185.06061,833.0,1009.0,351.0,486.0
2010-04-23,497.0,81.25317,176.5,49.866665,906.7857,772.61224,132.69698,841.0,1017.0,358.2,489.0
2010-04-24,504.8889,76.49367,169.0,47.133335,900.6429,764.69385,155.51515,827.5,1015.0,350.2,478.5
2010-04-25,492.44446,70.6076,165.5,44.133335,894.0,755.59186,143.0,807.5,998.0,340.8,466.5
2010-04-26,485.22223,63.544304,155.75,41.533333,887.6786,745.9388,115.454544,784.0,974.0,331.4,451.0
2010-04-27,468.0,54.113926,143.75,38.333332,878.9286,733.7143,102.757576,759.5,960.0,324.6,432.5
2010-04-28,464.33334,50.518986,139.5,37.2,886.9286,741.5102,127.51515,813.5,1013.0,339.2,464.0
2010-04-29,472.33334,49.177216,140.5,37.733334,902.9286,757.7143,135.27272,840.0,1035.0,355.2,504.0
2010-04-30,464.1111,50.35443,148.25,40.266666,906.8929,760.83673,105.0,844.5,1043.0,355.4,503.5
2010-05-01,474.0,50.392406,143.75,39.066666,907.2143,762.6531,128.09091,855.5,1045.0,338.8,497.5
2010-05-02,468.8889,47.97468,144.75,38.6,903.5,757.9796,116.393936,837.5,1038.0,346.0,495.5
2010-05-03,465.44446,42.06329,141.75,37.8,896.75,748.2653,94.969696,828.0,1025.0,334.4,481.0
2010-05-04,455.8889,35.44304,134.25,35.8,887.1071,735.2041,83.454544,810.5,1016.0,315.2,464.0
2010-05-05,441.22223,28.177216,119.5,31.866667,878.1786,724.5102,76.333336,780.0,985.0,295.2,444.5
2010-05-06,433.22223,24.189873,103.25,27.533333,874.3214,719.6326,76.06061,768.0,968.0,288.6,438.5
2010-05-07,431.1111,21.341772,91.75,24.466667,867.1786,711.5714,71.93939,766.0,964.0,280.8,436.5
2010-05-08,429.77777,19.696203,82.75,22.066668,855.6429,698.8571,71.878784,752.5,947.0,265.8,423.5
2010-05-09,426.33334,18.037975,78.0,20.8,847.7143,689.87756,66.42424,732.5,918.0,252.6,410.5
2010-05-10,353.1111,18.050632,78.5,20.933332,857.2143,698.16327,56.575756,737.0,904.0,248.2,394.0
2010-05-11,392.44446,18.58228,81.75,21.8,872.0,713.7143,70.09091,777.5,941.0,240.2,406.5
2010-05-12,359.44446,18.253164,82.5,22.0,879.9286,721.1429,71.72727,764.5,946.0,239.2,404.0
2010-05-13,358.8889,17.0,78.75,21.0,870.25,711.9388,59.484848,762.5,938.0,233.0,401.5
2010-05-14,423.66666,15.670886,74.5,19.866667,859.7857,700.4286,45.757576,747.5,920.0,236.6,381.5
2010-05-15,419.22223,13.518988,67.75,18.066668,855.75,694.2041,36.575756,710.5,893.0,226.6,351.0
2010-05-16,410.0,15.265822,57.5,15.333333,841.0,677.0816,24.848484,647.0,848.0,214.6,315.5
2010-05-17,399.33334,12.620254,48.25,12.866667,832.9643,666.53064,16.333334,607.5,812.0,200.6,273.0
2010-05-18,402.66666,12.70886,47.0,12.533334,843.3571,675.67346,12.969697,599.0,806.0,196.2,251.5
2010-05-19,399.33334,12.227848,46.25,12.333333,838.6786,670.5102,11.909091,592.0,800.0,191.2,236.5
2010-05-20,390.1111,10.670886,41.0,10.933333,829.1786,661.2857,11.060606,559.5,765.0,180.4,225.0
2010-05-21,382.55554,9.012658,36.75,9.8,830.6429,658.551,11.030303,526.0,732.0,173.0,212.0
2010-05-22,382.77777,8.873418,35.5,9.466666,830.6786,657.7347,10.090909,542.0,744.0,175.0,212.5
2010-05-23,381.77777,6.43038,35.5,9.466666,820.6429,651.16327,10.393939,545.0,747.0,164.4,211.0
2010-05-24,339.1111,6.4177217,35.5,9.466666,824.3571,653.32654,9.969697,563.0,751.0,165.6,211.0
2010-05-25,383.1111,6.455696,35.0,9.333333,819.6071,651.12244,9.666667,553.0,743.0,173.8,207.5
2010-05-26,382.8889,8.746836,32.0,8.533334,787.1429,626.7551,9.424242,519.5,719.0,173.4,200.0
2010-05-27,383.55554,8.632912,30.25,8.066667,752.5,603.38776,9.333333,563.0,727.0,173.6,196.5
2010-05-28,389.22223,8.670886,30.0,8.0,728.3214,594.4286,10.151515,596.0,748.0,179.4,207.0
2010-05-29,389.8889,8.683544,30.0,8.0,697.1786,576.0204,9.575758,594.5,746.0,179.4,205.0
2010-05-30,387.77777,8.126582,25.5,6.8,671.5,554.32654,9.151515,535.5,726.0,172.2,192.0
2010-05-31,384.22223,6.316456,15.25,4.0666666,641.1429,527.67346,6.151515,493.5,683.0,156.6,165.0
2010-06-01,377.55554,4.126582,5.0,1.3333334,657.0714,540.67346,4.5454545,457.5,642.0,139.8,157.0
2010-06-02,371.66666,2.8101265,0.0,0.0,656.1071,541.2857,3.3939395,419.5,598.0,125.4,138.0
2010-06-03,362.33334,1.6962025,0.0,0.0,635.5714,522.30615,1.6060606,368.0,548.0,106.8,118.5
2010-06-04,347.55554,0.7721519,0.0,0.0,615.0,506.0,0.27272728,320.5,500.0,92.2,98.0
2010-06-05,333.1111,0.278481,0.0,0.0,560.7857,466.2449,0.0,283.5,446.0,76.6,78.5
2010-06-06,307.44446,0.0,0.0,0.0,520.9286,428.08163,0.0,229.5,378.0,53.6,50.0
2010-06-07,280.1111,0.0,0.0,0.0,541.1429,426.14285,0.0,168.5,294.0,40.0,15.5
2010-06-08,262.33334,0.0,0.0,0.0,508.0357,385.2857,0.0,123.0,237.0,17.6,0.0
2010-06-09,245.88889,0.0,0.0,0.0,466.0357,351.87756,0.0,86.0,194.0,1.2,0.0
2010-06-10,236.77777,0.0,0.0,0.0,409.67856,307.20407,0.0,68.0,176.0,0.0,0.0
2010-06-11,233.66667,0.0,0.0,0.0,388.75,290.67346,0.0,62.0,163.0,0.0,0.0
2010-06-12,231.66667,0.0,0.0,0.0,385.10715,287.65308,0.0,56.0,153.0,0.0,0.0
2010-06-13,226.88889,0.0,0.0,0.0,375.7857,280.08163,0.0,45.5,135.0,0.0,0.0
2010-06-14,216.77777,0.0,0.0,0.0,356.7143,265.55103,0.0,30.0,111.0,0.0,0.0
2010-06-15,203.44444,0.0,0.0,0.0,332.2143,246.95918,0.0,12.0,82.0,0.0,0.0
2010-06-16,192.33333,0.0,0.0,0.0,314.07144,233.04082,0.0,0.0,106.0,0.0,0.0
2010-06-17,185.22223,0.0,0.0,0.0,305.92856,226.57143,0.0,0.0,88.0,0.0,0.0
2010-06-18,153.11111,0.0,0.0,0.0,293.4643,216.69388,0.0,0.0,64.0,0.0,0.0
2010-06-19,126.111115,0.0,0.0,0.0,309.17856,223.93878,0.0,0.0,36.0,0.0,0.0
2010-06-20,120.0,0.0,0.0,0.0,299.2143,216.36734,0.0,0.0,8.0,0.0,0.0
2010-06-21,113.111115,0.0,0.0,0.0,286.2143,206.53061,0.0,0.0,0.0,0.0,0.0
2010-06-22,106.888885,0.0,0.0,0.0,273.57144,196.61224,0.0,0.0,0.0,0.0,0.0
2010-06-23,99.111115,0.0,0.0,0.0,255.0,181.81633,0.0,0.0,0.0,0.0,0.0
2010-06-24,90.0,0.0,0.0,0.0,230.67857,162.95918,0.0,0.0,0.0,0.0,0.0
2010-06-25,81.55556,0.0,0.0,0.0,213.96428,149.67346,0.0,0.0,0.0,0.0,0.0
2010-06-26,74.55556,0.0,0.0,0.0,194.46428,135.95918,0.0,0.0,0.0,0.0,0.0
2010-06-27,65.333336,0.0,0.0,0.0,170.75,119.10204,0.0,0.0,0.0,0.0,0.0
2010-06-28,52.0,0.0,0.0,0.0,139.67857,95.83673,0.0,0.0,0.0,0.0,0.0
2010-06-29,36.666668,0.0,0.0,0.0,109.78571,73.061226,0.0,0.0,0.0,0.0,0.0
2010-06-30,23.666666,0.0,0.0,0.0,88.46429,57.469387,0.0,0.0,0.0,0.0,0.0
2010-07-01,14.444445,0.0,0.0,0.0,75.07143,47.530613,0.0,0.0,0.0,0.0,0.0
2010-07-02,5.7777777,0.0,0.0,0.0,62.82143,38.97959,0.0,0.0,0.0,0.0,0.0
2010-07-03,0.0,0.0,0.0,0.0,52.964287,31.897959,0.0,0.0,0.0,0.0,0.0
2010-07-04,0.0,0.0,0.0,0.0,46.82143,27.693878,0.0,0.0,0.0,0.0,0.0
2010-07-05,0.0,0.0,0.0,0.0,40.57143,23.32653,0.0,0.0,0.0,0.0,0.0
2010-07-06,0.0,0.0,0.0,0.0,34.07143,19.469387,0.0,0.0,0.0,0.0,0.0
2010-07-07,0.0,0.0,0.0,0.0,28.821428,16.469387,0.0,0.0,0.0,0.0,0.0
2010-07-08,0.0,0.0,0.0,0.0,24.321428,13.897959,0.0,0.0,0.0,0.0,0.0
2010-07-09,0.0,0.0,0.0,0.0,22.928572,13.102041,0.0,0.0,0.0,0.0,0.0
2010-07-10,0.0,0.0,0.0,0.0,17.642857,10.081633,0.0,0.0,0.0,0.0,0.0
2010-07-11,0.0,0.0,0.0,0.0,12.035714,6.877551,0.0,0.0,0.0,0.0,0.0
2010-07-12,0.0,0.0,0.0,0.0,7.785714,4.4489794,0.0,0.0,0.0,0.0,0.0
2010-07-13,0.0,0.0,0.0,0.0,6.321429,3.6122448,0.0,0.0,0.0,0.0,0.0
2010-07-14,0.0,0.0,0.0,0.0,5.071429,2.8979592,0.0,0.0,0.0,0.0,0.0
2010-07-15,0.0,0.0,0.0,0.0,3.5714285,2.0408163,0.0,0.0,0.0,0.0,0.0
2010-07-16,0.0,0.0,0.0,0.0,1.5714285,0.8979592,0.0,0.0,0.0,0.0,0.0
2010-07-17,0.0,0.0,0.0,0.0,0.0,0.0,0.0,0.0,0.0,0.0,0.0
2010-07-18,0.0,0.0,0.0,0.0,0.0,0.0,0.0,0.0,0.0,0.0,0.0
2010-07-19,0.0,0.0,0.0,0.0,0.0,0.0,0.0,0.0,0.0,0.0,0.0
2010-07-20,0.0,0.0,0.0,0.0,0.0,0.0,0.0,0.0,0.0,0.0,0.0
2010-07-21,0.0,0.0,0.0,0.0,0.0,0.0,0.0,0.0,0.0,0.0,0.0
2010-07-22,0.0,0.0,0.0,0.0,0.0,0.0,0.0,0.0,0.0,0.0,0.0
2010-07-23,0.0,0.0,0.0,0.0,0.0,0.0,0.0,0.0,0.0,0.0,0.0
2010-07-24,0.0,0.0,0.0,0.0,0.0,0.0,0.0,0.0,0.0,0.0,0.0
2010-07-25,0.0,0.0,0.0,0.0,0.0,0.0,0.0,0.0,0.0,0.0,0.0
2010-07-26,0.0,0.0,0.0,0.0,0.0,0.0,0.0,0.0,0.0,0.0,0.0
2010-07-27,0.0,0.0,0.0,0.0,0.0,0.0,0.0,0.0,0.0,0.0,0.0
2010-07-28,0.0,0.0,0.0,0.0,0.0,0.0,0.0,0.0,0.0,0.0,0.0
2010-07-29,0.0,0.0,0.0,0.0,0.0,0.0,0.0,0.0,0.0,0.0,0.0
2010-07-30,0.0,0.0,0.0,0.0,0.0,0.0,0.0,0.0,0.0,0.0,0.0
2010-07-31,0.0,0.0,0.0,0.0,0.0,0.0,0.0,0.0,0.0,0.0,0.0
2010-08-01,0.0,0.0,0.0,0.0,0.0,0.0,0.0,0.0,0.0,0.0,0.0
2010-08-02,0.0,0.0,0.0,0.0,0.0,0.0,0.0,0.0,0.0,0.0,0.0
2010-08-03,0.0,0.0,0.0,0.0,0.0,0.0,0.0,0.0,0.0,0.0,0.0
2010-08-04,0.0,0.0,0.0,0.0,0.0,0.0,0.0,0.0,0.0,0.0,0.0
2010-08-05,0.0,0.0,0.0,0.0,0.0,0.0,0.0,0.0,0.0,0.0,0.0
2010-08-06,0.0,0.0,0.0,0.0,0.0,0.0,0.0,0.0,0.0,0.0,0.0
2010-08-07,0.0,0.0,0.0,0.0,0.0,0.0,0.0,0.0,0.0,0.0,0.0
2010-08-08,0.0,0.0,0.0,0.0,0.0,0.0,0.0,0.0,0.0,0.0,0.0
2010-08-09,0.0,0.0,0.0,0.0,0.0,0.0,0.0,0.0,0.0,0.0,0.0
2010-08-10,0.0,0.0,0.0,0.0,0.0,0.0,0.0,0.0,0.0,0.0,0.0
2010-08-11,0.0,0.0,0.0,0.0,0.0,0.0,0.0,0.0,0.0,0.0,0.0
2010-08-12,0.0,0.0,0.0,0.0,0.0,0.0,0.0,0.0,0.0,0.0,0.0
2010-08-13,0.0,0.0,0.0,0.0,0.0,0.0,0.0,0.0,0.0,0.0,0.0
2010-08-14,0.0,0.0,0.0,0.0,0.0,0.0,0.0,0.0,0.0,0.0,0.0
2010-08-15,0.0,0.0,0.0,0.0,0.0,0.0,0.0,0.0,0.0,0.0,0.0
2010-08-16,0.0,0.0,0.0,0.0,0.0,0.0,0.0,0.0,0.0,0.0,0.0
2010-08-17,0.0,0.0,0.0,0.0,0.0,0.0,0.0,0.0,0.0,0.0,0.0
2010-08-18,0.0,0.0,0.0,0.0,0.0,0.0,0.0,0.0,0.0,0.0,0.0
2010-08-19,0.0,0.0,0.0,0.0,0.0,0.0,0.0,0.0,0.0,0.0,0.0
2010-08-20,0.0,0.0,0.0,0.0,0.0,0.0,0.0,0.0,0.0,0.0,0.0
2010-08-21,0.0,0.0,0.0,0.0,0.0,0.0,0.0,0.0,0.0,0.0,0.0
2010-08-22,0.0,0.0,0.0,0.0,0.0,0.0,0.0,0.0,0.0,0.0,0.0
2010-08-23,0.0,0.0,0.0,0.0,0.0,0.0,0.0,0.0,0.0,0.0,0.0
2010-08-24,0.0,0.0,0.0,0.0,0.0,0.0,0.0,0.0,0.0,0.0,0.0
2010-08-25,0.0,0.0,0.0,0.0,0.0,0.0,0.0,0.0,0.0,0.0,0.0
2010-08-26,0.0,0.0,0.0,0.0,0.0,0.0,0.0,0.0,0.0,0.0,0.0
2010-08-27,0.0,0.0,0.0,0.0,0.0,0.0,0.0,0.0,0.0,0.0,0.0
2010-08-28,0.0,0.0,0.0,0.0,0.0,0.0,0.0,0.0,0.0,0.0,0.0
2010-08-29,0.0,0.0,0.0,0.0,0.0,0.0,0.0,0.0,0.0,0.0,0.0
2010-08-30,0.0,0.0,0.0,0.0,0.0,0.0,0.0,0.0,0.0,0.0,0.0
2010-08-31,0.0,0.0,0.0,0.0,0.0,0.0,0.0,0.0,0.0,0.0,0.0
2010-09-01,0.0,0.0,0.0,0.0,0.0,0.0,0.0,0.0,0.0,0.0,0.0
2010-09-02,0.0,0.0,0.0,0.0,0.0,0.0,0.0,0.0,0.0,0.0,0.0
2010-09-03,0.0,0.0,0.0,0.0,0.0,0.0,0.0,0.0,0.0,0.0,0.0
2010-09-04,0.0,0.0,0.0,0.0,0.0,0.0,0.0,0.0,0.0,0.0,0.0
2010-09-05,0.0,0.0,0.0,0.0,0.0,0.0,0.0,0.0,0.0,0.0,0.0
2010-09-06,0.0,0.0,0.0,0.0,0.0,0.0,0.0,0.0,0.0,0.0,0.0
2010-09-07,0.0,0.0,0.0,0.0,0.0,0.0,0.0,0.0,0.0,0.0,0.0
2010-09-08,0.0,0.0,0.0,0.0,0.0,0.0,0.0,0.0,0.0,0.0,0.0
2010-09-09,0.0,0.0,0.0,0.0,0.0,0.0,0.0,0.0,0.0,0.0,0.0
2010-09-10,0.0,0.0,0.0,0.0,0.0,0.0,0.0,0.0,0.0,0.0,0.0
2010-09-11,0.0,0.0,0.0,0.0,0.0,0.0,0.0,0.0,0.0,0.0,0.0
2010-09-12,0.0,0.0,0.0,0.0,0.0,0.0,0.0,0.0,0.0,0.0,0.0
2010-09-13,0.0,0.0,0.0,0.0,0.0,0.0,0.0,0.0,0.0,0.0,0.0
2010-09-14,0.0,0.0,0.0,0.0,0.0,0.0,0.0,0.0,0.0,0.0,0.0
2010-09-15,0.0,0.0,0.0,0.0,0.0,0.0,0.0,0.0,0.0,0.0,0.0
2010-09-16,0.0,0.0,0.0,0.0,0.0,0.0,0.0,0.0,0.0,0.0,0.0
2010-09-17,0.0,0.0,0.0,0.0,0.0,0.0,0.0,0.0,0.0,0.0,0.0
2010-09-18,0.0,0.0,0.0,0.0,0.0,0.0,0.0,0.0,0.0,0.0,0.0
2010-09-19,0.0,0.0,0.0,0.0,0.0,0.0,0.0,0.0,0.0,0.0,0.0
2010-09-20,0.0,0.0,0.0,0.0,0.0,0.0,0.0,0.0,0.0,0.0,0.0
2010-09-21,0.0,0.0,0.0,0.0,0.0,0.0,0.0,0.0,0.0,0.0,0.0
2010-09-22,0.0,0.0,0.0,0.0,0.0,0.0,0.0,0.0,0.0,0.0,0.0
2010-09-23,0.0,0.0,0.0,0.0,0.0,0.0,0.0,0.0,0.0,0.0,0.0
2010-09-24,0.0,0.0,0.0,0.0,0.0,0.0,0.0,0.0,0.0,0.0,0.0
2010-09-25,0.0,0.0,0.0,0.0,0.0,0.0,0.0,0.0,0.0,0.0,0.0
2010-09-26,0.0,0.0,0.0,0.0,0.0,0.0,0.0,0.0,0.0,0.0,0.0
2010-09-27,0.0,0.0,0.0,0.0,0.0,0.0,0.0,0.0,0.0,0.0,0.0
2010-09-28,0.0,0.0,0.0,0.0,0.0,0.0,0.0,0.0,0.0,0.0,0.0
2010-09-29,0.0,0.0,0.0,0.0,0.0,0.0,0.0,0.0,0.0,0.0,0.0
2010-09-30,0.0,0.0,0.0,0.0,0.0,0.0,0.0,0.0,0.0,0.0,0.0
2010-10-01,0.0,0.0,0.0,0.0,0.0,0.0,0.0,0.0,0.0,0.0,0.0
2010-10-02,0.0,0.0,0.0,0.0,0.0,0.0,0.0,0.0,0.0,0.0,0.0
2010-10-03,0.0,0.0,0.0,0.0,0.0,0.0,0.0,0.0,0.0,0.0,0.0
2010-10-04,0.0,0.0,0.0,0.0,0.4642857,0.26530612,0.0,0.0,0.0,0.0,0.0
2010-10-05,3.1111112,0.0,0.0,0.0,10.642858,7.7755103,0.0,0.0,0.0,0.0,0.0
2010-10-06,7.111111,0.37974682,0.0,0.0,12.714286,9.32653,0.0,0.0,0.0,1.6,0.0
2010-10-07,7.4444447,0.4177215,0.0,0.0,14.785714,10.530612,0.0,0.0,0.0,0.8,0.0
2010-10-08,7.111111,0.48101267,0.0,0.0,18.607143,13.530612,0.0,0.0,0.0,0.6,0.0
2010-10-09,4.7777777,0.0,0.0,0.0,19.535715,13.346939,0.0,0.0,0.0,0.0,0.0
2010-10-10,4.0,0.0,0.0,0.0,12.25,7.897959,0.0,0.0,0.0,0.0,0.0
2010-10-11,0.44444445,0.0,0.0,0.0,3.7142856,2.122449,0.0,0.0,0.0,0.0,0.0
2010-10-12,0.0,0.0,0.0,0.0,0.85714287,0.48979592,0.0,0.0,0.0,0.0,0.0
2010-10-13,0.0,0.0,0.0,0.0,0.39285713,0.2244898,0.0,0.0,0.0,0.0,0.0
2010-10-14,0.0,0.0,0.0,0.0,0.0,0.0,0.0,0.0,0.0,0.0,0.0
2010-10-15,0.0,0.0,0.0,0.0,0.0,0.0,0.0,0.0,0.0,0.0,0.0
2010-10-16,0.0,0.0,0.0,0.0,0.0,0.0,0.0,0.0,0.0,0.0,0.0
2010-10-17,0.0,0.0,0.0,0.0,0.0,0.0,0.0,0.0,0.0,0.0,0.0
2010-10-18,0.0,0.0,0.0,0.0,0.071428575,0.040816326,0.0,0.0,0.0,0.0,0.0
2010-10-19,0.0,0.0,0.0,0.0,0.071428575,0.040816326,0.0,0.0,0.0,0.0,0.0
2010-10-20,0.0,0.0,0.0,0.0,0.0,0.0,0.0,0.0,0.0,0.0,0.0
2010-10-21,0.0,0.0,0.0,0.0,0.0,0.0,0.0,0.0,0.0,0.0,0.0
2010-10-22,0.0,0.0,0.0,0.0,0.0,0.0,0.0,0.0,0.0,0.0,0.0
2010-10-23,0.0,0.0,0.0,0.0,0.071428575,0.10204082,0.0,0.0,0.0,0.0,0.0
2010-10-24,0.0,0.0,0.0,0.0,6.642857,6.265306,0.0,0.0,0.0,0.0,0.0
2010-10-25,3.8888888,0.0,0.0,0.0,47.714287,37.285713,0.0,0.0,0.0,15.2,18.5
2010-10-26,4.0,0.0,0.0,0.0,47.607143,37.163265,0.0,0.0,0.0,15.2,18.0
2010-10-27,4.0,0.0,0.0,0.0,47.607143,37.142857,0.0,0.0,1.0,15.2,18.0
2010-10-28,3.4444444,0.0,0.0,0.0,47.607143,36.89796,0.0,0.0,0.0,13.0,19.5
2010-10-29,3.2222223,0.0,0.0,0.0,56.357143,41.367348,0.0,0.0,0.0,12.0,17.0
2010-10-30,3.3333333,0.050632913,0.0,0.0,57.357143,41.714287,0.0,0.0,0.0,9.0,14.5
2010-10-31,4.3333335,0.5822785,0.75,0.2,36.857143,27.77551,0.0,0.0,0.0,8.4,13.5
2010-11-01,4.5555553,0.16455697,0.0,0.0,49.392857,37.183674,0.0,0.0,0.0,4.8,12.5
2010-11-02,5.2222223,0.0,0.0,0.0,54.964287,42.081635,0.0,0.0,0.0,3.4,8.5
2010-11-03,1.5555556,0.0,0.0,0.0,42.75,32.65306,0.0,0.0,0.0,0.2,4.0
2010-11-04,0.0,0.0,0.0,0.0,30.392857,23.081633,0.0,0.0,0.0,0.0,0.0
2010-11-05,0.0,0.0,0.0,0.0,21.035715,15.77551,0.0,0.0,0.0,0.0,0.0
2010-11-06,0.0,0.0,0.0,0.0,15.642858,11.612245,0.0,0.0,0.0,0.0,0.0
2010-11-07,0.0,0.0,0.0,0.0,14.285714,10.612245,0.0,0.0,0.0,0.0,0.0
2010-11-08,9.0,0.11392405,0.0,0.0,27.642857,21.530613,0.90909094,24.0,28.0,20.6,14.5
2010-11-09,9.555555,0.3164557,0.25,0.13333334,22.464285,16.938776,1.2121212,29.0,31.0,18.4,13.0
2010-11-10,9.666667,0.278481,0.25,0.06666667,21.607143,17.061224,4.4848485,33.5,38.0,20.6,17.0
2010-11-11,7.4444447,0.30379745,0.25,0.13333334,23.142857,18.55102,5.242424,47.5,54.0,23.6,25.5
2010-11-12,7.6666665,0.2278481,0.25,0.06666667,23.142857,18.428572,4.212121,48.0,55.0,22.8,26.0
2010-11-13,7.111111,0.1392405,0.0,0.0,24.464285,18.632652,2.3939395,46.0,52.0,21.0,24.5
2010-11-14,6.6666665,0.050632913,0.0,0.0,23.678572,17.734694,1.3030303,46.0,51.0,24.8,24.0
2010-11-15,5.5555553,0.0,0.0,0.0,30.785715,24.612246,0.3030303,42.0,49.0,21.4,22.5
2010-11-16,4.4444447,0.0,0.0,0.0,31.071428,24.32653,0.0,37.5,45.0,16.8,18.0
2010-11-17,3.4444444,0.0,0.0,0.0,29.107143,22.591837,0.0,34.0,43.0,15.0,15.0
2010-11-18,2.6666667,0.0,0.0,0.0,27.285715,20.959183,0.0,30.0,40.0,13.0,10.5
2010-11-19,1.2222222,0.0,0.0,0.0,26.321428,20.163265,0.0,26.0,36.0,10.4,7.0
2010-11-20,8.666667,0.025316456,0.0,0.0,45.785713,40.30612,7.6969695,51.0,69.0,20.8,20.0
2010-11-21,35.22222,6.189873,31.75,12.666667,80.57143,75.755104,33.060608,95.5,123.0,54.4,50.5
2010-11-22,45.0,10.92405,54.0,23.533333,94.0,91.44898,40.18182,129.0,165.0,79.6,73.5
2010-11-23,45.666668,10.746836,54.75,23.533333,91.03571,89.42857,52.515152,146.0,187.0,85.8,82.0
2010-11-24,56.77778,17.01266,76.75,33.2,116.32143,114.22449,54.0,185.5,229.0,113.8,115.5
2010-11-25,56.666668,17.025316,76.75,33.2,117.35714,115.16327,52.18182,184.0,229.0,110.8,115.5
2010-11-26,55.77778,17.025316,76.5,33.066666,117.5,114.79592,51.121212,184.5,229.0,114.2,115.5
2010-11-27,56.0,16.949368,76.0,32.4,115.46429,112.53061,55.696968,185.0,229.0,113.0,115.5
2010-11-28,66.77778,23.468355,103.0,41.133335,135.46428,134.46939,67.545456,215.0,262.0,136.0,136.0
2010-11-29,66.666664,23.455696,103.0,41.2,135.75,134.46939,67.818184,215.0,262.0,127.8,136.0
2010-11-30,65.666664,23.455696,103.0,41.133335,135.0,133.2449,67.242424,215.0,262.0,125.6,136.0
2010-12-01,66.888885,22.696203,99.75,38.6,133.75,131.83673,66.333336,215.5,262.0,123.8,136.0
2010-12-02,68.0,19.27848,94.25,34.666668,130.07143,129.10204,67.69697,216.5,260.0,122.2,136.0
2010-12-03,63.666668,15.0,89.25,30.6,137.42857,133.14285,67.030304,233.0,281.0,123.2,146.0
2010-12-04,61.444443,9.455696,81.25,27.533333,139.0,132.95918,63.939392,233.0,278.0,123.0,145.5
2010-12-05,61.333332,8.177216,77.25,26.266666,140.57143,134.32654,62.151516,232.0,276.0,122.8,145.5
2010-12-06,88.666664,9.0,78.0,27.4,172.46428,160.08163,54.21212,238.0,274.0,134.2,145.0
2010-12-07,79.44444,8.594936,74.0,26.2,170.67857,159.59184,60.39394,255.0,303.0,134.6,164.5
2010-12-08,88.44444,6.594937,61.75,22.066668,171.92857,159.38776,56.060608,257.0,302.0,152.6,164.5
2010-12-09,83.22222,5.443038,46.5,17.133333,173.82143,160.42857,54.121212,284.0,337.0,146.2,168.0
2010-12-10,76.55556,4.379747,35.75,13.333333,178.14285,163.2449,59.242424,286.0,338.0,143.0,164.5
2010-12-11,75.77778,3.734177,29.0,10.8,179.0,162.36734,43.636364,281.5,331.0,142.0,157.5
2010-12-12,74.44444,2.6835444,23.5,8.266666,181.64285,163.10204,42.454544,273.0,317.0,139.4,154.0
2010-12-13,70.333336,1.4303797,17.75,5.2,183.10715,162.46939,39.696968,273.0,316.0,135.4,149.5
2010-12-14,71.44444,0.5822785,11.5,3.0666666,182.92857,160.51021,37.727272,275.0,316.0,161.6,149.0
2010-12-15,83.55556,0.6455696,10.0,2.6666667,213.53572,190.36734,42.666668,334.5,387.0,181.4,193.0
2010-12-16,88.22222,1.7974683,11.75,3.2,222.92857,197.36734,37.60606,328.0,387.0,180.8,190.5
2010-12-17,94.111115,1.886076,12.25,3.4,226.42857,200.44897,41.60606,327.0,387.0,189.4,190.5
2010-12-18,144.44444,33.746834,50.25,15.933333,305.35715,275.69388,50.757576,375.5,452.0,201.8,229.0
2010-12-19,239.11111,92.96203,76.0,25.133333,381.2857,340.26532,55.060608,454.0,531.0,236.0,274.5
2010-12-20,321.0,167.0,94.5,33.133335,473.25,421.02042,74.878784,497.0,577.0,307.0,325.5
2010-12-21,343.1111,195.4557,117.25,41.133335,505.92856,449.89795,86.242424,518.5,601.0,316.2,336.5
2010-12-22,350.1111,202.17722,136.75,47.733334,507.82144,452.06122,96.606064,518.0,602.0,289.6,337.5
2010-12-23,382.77777,217.88608,165.75,57.866665,521.6071,465.57144,118.15151,520.5,603.0,289.6,338.0
2010-12-24,361.77777,216.56963,146.0,51.4,524.7143,465.20407,115.90909,522.5,608.0,286.6,336.0
2010-12-25,371.1111,215.07594,142.25,50.133335,512.5714,457.61224,95.42424,524.0,608.0,286.6,338.0
2010-12-26,374.55554,226.29114,151.0,54.133335,542.7143,485.5102,109.30303,529.5,616.0,290.0,348.0
2010-12-27,385.55554,226.75949,151.5,54.4,535.3571,480.0408,107.0,541.5,632.0,329.6,353.5
2010-12-28,399.33334,225.37975,150.25,54.0,539.0,481.91837,113.878784,542.0,633.0,296.4,353.5
2010-12-29,418.22223,238.35443,158.75,56.466667,598.8571,538.81635,136.27272,586.5,682.0,365.8,385.0
2010-12-30,429.44446,259.7595,200.5,75.4,633.0714,570.7755,120.666664,620.0,721.0,394.8,406.0
2010-12-31,429.33334,260.0886,200.5,75.333336,628.9643,567.1429,126.757576,623.0,722.0,391.6,405.5
2011-01-01,453.0,259.70886,201.0,75.53333,626.6071,563.9796,130.75757,622.5,723.0,394.6,407.0
2011-01-02,475.1111,269.40506,219.5,81.333336,648.5357,589.67346,135.66667,639.0,739.0,407.8,417.0
2011-01-03,492.22223,285.0633,249.5,93.53333,667.6429,607.4898,153.0303,638.5,740.0,413.0,417.5
2011-01-04,489.22223,286.70886,248.25,92.86667,666.3214,607.0,125.48485,637.5,739.0,417.0,417.5
2011-01-05,492.1111,286.3291,248.25,92.6,661.9286,604.5102,132.93939,637.5,739.0,416.2,417.5
2011-01-06,491.77777,286.6076,248.25,92.066666,663.1071,604.5714,123.78788,648.0,739.0,409.4,418.0
2011-01-07,489.77777,286.83545,243.5,89.333336,662.3571,603.38776,124.878784,639.0,740.0,407.0,419.0
2011-01-08,492.44446,286.02533,240.0,87.26667,662.8214,603.7551,129.27272,640.0,740.0,405.8,419.5
2011-01-09,472.77777,286.2658,240.0,86.933334,665.0714,605.16327,129.57576,638.5,740.0,407.0,424.5
2011-01-10,492.8889,285.4557,240.5,87.066666,659.7857,601.449,146.0303,639.5,740.0,392.6,419.0
2011-01-11,487.22223,285.88608,238.5,86.13333,661.3571,602.10205,123.333336,648.0,739.0,393.2,420.0
2011-01-12,476.33334,284.8481,236.75,85.26667,668.9286,609.6531,142.84848,647.5,748.0,397.2,420.5
2011-01-13,496.77777,283.96204,230.25,82.6,664.3929,605.53064,131.30302,654.0,748.0,375.2,418.5
2011-01-14,488.66666,283.79745,226.25,80.933334,667.8571,607.2041,131.57576,656.5,760.0,379.4,420.0
2011-01-15,493.44446,281.48102,219.75,78.13333,667.3214,605.0612,128.60606,655.5,759.0,381.6,418.0
2011-01-16,487.55554,277.72153,207.0,73.6,668.5,604.2653,130.45454,655.5,757.0,380.2,416.0
2011-01-17,489.66666,274.34177,195.25,69.73333,669.2857,603.3469,132.9697,655.0,758.0,402.8,413.0
2011-01-18,488.0,270.79745,189.25,67.53333,663.5,598.4898,147.93939,658.5,758.0,396.8,412.0
2011-01-19,472.8889,268.02533,185.0,66.0,663.9286,596.7959,145.75757,661.5,757.0,350.6,411.0
2011-01-20,492.0,265.89874,179.0,63.866665,669.8571,599.4898,135.69698,664.5,758.0,350.6,411.5
2011-01-21,477.66666,264.3038,173.0,61.733334,672.3214,599.9184,117.181816,664.0,757.0,349.8,408.5
2011-01-22,486.22223,261.3671,166.75,59.4,672.1071,597.2653,113.454544,664.0,755.0,345.0,404.5
2011-01-23,481.22223,259.20255,162.75,57.666668,675.5714,598.40814,105.30303,664.0,755.0,344.4,402.5
2011-01-24,482.55554,256.92404,160.5,56.666668,676.3214,597.449,101.36364,664.0,754.0,343.2,402.0
2011-01-25,474.0,253.02531,160.0,55.866665,677.7143,597.1429,106.545456,665.5,754.0,340.6,399.5
2011-01-26,479.1111,250.08861,161.0,55.666668,677.5714,596.0,109.181816,664.5,753.0,338.4,396.0
2011-01-27,477.44446,247.68355,159.25,54.333332,676.2857,593.9796,117.0,664.5,752.0,337.6,393.5
2011-01-28,469.1111,247.0633,158.5,53.266666,677.9643,593.95917,103.333336,664.0,750.0,334.2,392.0
2011-01-29,475.0,244.89873,158.0,52.466667,677.9286,592.551,107.90909,661.5,747.0,332.2,391.0
2011-01-30,479.44446,243.7848,158.0,52.0,687.7857,602.0,119.545456,663.5,749.0,357.8,393.0
2011-01-31,490.0,246.07594,166.5,55.066666,696.2857,611.9388,92.30303,686.0,774.0,342.0,403.5
2011-02-01,483.55554,244.77216,165.75,54.666668,694.1786,610.9184,112.242424,686.0,775.0,338.4,403.5
2011-02-02,487.1111,244.75949,164.75,54.2,695.6429,611.95917,85.63636,685.5,774.0,338.6,410.5
2011-02-03,485.66666,246.41772,164.25,54.066666,691.3929,608.83673,115.51515,684.0,775.0,379.8,410.5
2011-02-04,482.0,247.18988,161.25,53.066666,691.6786,608.551,94.84849,685.0,774.0,379.6,410.5
2011-02-05,484.55554,244.51898,158.5,51.466667,687.1071,604.38776,106.36364,682.0,772.0,337.0,408.5
2011-02-06,479.77777,242.64557,157.5,50.4,689.2143,604.87756,83.30303,680.0,772.0,336.0,406.5
2011-02-07,482.55554,239.49367,156.0,49.0,687.6786,601.89795,96.78788,673.0,772.0,335.0,405.0
2011-02-08,463.55554,237.83545,155.75,48.2,692.6071,604.32654,73.878784,674.0,773.0,335.0,405.0
2011-02-09,467.77777,238.13924,154.5,47.8,694.0357,606.0,93.15151,672.0,773.0,335.0,405.0
2011-02-10,467.77777,237.0,153.75,47.6,690.5,604.18365,91.30303,678.5,772.0,335.0,405.0
2011-02-11,460.1111,237.41772,153.75,47.466667,723.7143,632.7755,72.09091,678.5,772.0,336.2,405.0
2011-02-12,463.77777,236.10127,153.75,46.733334,719.6429,628.4898,69.878784,676.0,771.0,333.2,404.5
2011-02-13,456.0,234.89873,153.0,45.666668,720.1071,627.18365,85.454544,673.5,770.0,333.4,404.0
2011-02-14,443.8889,233.67088,152.75,44.733334,724.5,629.32654,81.666664,671.0,770.0,330.0,402.5
2011-02-15,449.33334,232.0,151.5,43.933334,725.6786,630.1429,95.48485,671.5,786.0,332.4,428.5
2011-02-16,465.44446,231.60759,152.25,43.666668,734.5357,640.2449,128.51515,699.0,800.0,386.0,464.5
2011-02-17,524.6667,244.79747,187.25,61.066666,859.7857,746.5102,162.93939,757.5,863.0,427.0,506.0
2011-02-18,548.44446,245.29114,190.5,62.133335,910.2143,794.16327,190.72728,802.5,916.0,459.8,541.0
2011-02-19,586.3333,259.11392,203.75,66.6,945.1071,834.8571,172.39394,842.5,960.0,497.6,570.0
2011-02-20,593.7778,265.50632,216.5,73.13333,979.9643,863.53064,178.48485,850.0,971.0,476.8,573.0
2011-02-21,593.7778,265.21518,216.5,73.066666,988.5714,867.2245,178.69698,853.5,971.0,479.4,569.0
2011-02-22,558.6667,265.40506,217.0,73.2,993.4286,870.6531,206.66667,855.0,971.0,480.2,570.0
2011-02-23,572.6667,264.34177,218.25,73.333336,995.6429,871.81635,207.21213,853.0,971.0,473.8,569.0
2011-02-24,561.0,264.29114,218.25,72.933334,996.3571,872.449,207.81818,862.0,971.0,476.8,569.0
2011-02-25,593.8889,266.50632,220.5,73.26667,1001.75,880.81635,197.45454,877.5,998.0,508.0,591.5
2011-02-26,626.0,290.18988,276.25,103.53333,1059.3572,935.81635,225.0303,933.0,1064.0,538.6,627.5
2011-02-27,625.55554,292.64557,286.25,109.13333,1059.8572,935.5714,226.30302,931.5,1063.0,538.6,627.0
2011-02-28,624.7778,289.4304,288.0,109.73333,1064.7142,939.7551,255.45454,944.5,1063.0,538.2,626.0
2011-03-01,596.0,288.0,285.0,106.86667,1063.5714,937.3469,226.60606,940.5,1063.0,540.8,626.0
2011-03-02,619.0,286.68353,285.5,103.666664,1069.2142,942.69385,225.81818,940.0,1065.0,473.2,625.5
2011-03-03,627.7778,288.03796,284.5,98.86667,1083.8572,955.30615,258.87878,989.5,1138.0,492.6,653.0
2011-03-04,614.3333,285.07596,284.75,96.6,1094.1072,964.8571,227.75757,998.0,1149.0,502.0,657.0
2011-03-05,620.6667,282.96204,278.25,90.46667,1093.0358,963.1429,226.60606,995.5,1149.0,502.0,657.0
2011-03-06,620.2222,278.96204,260.0,81.46667,1099.3928,968.2653,221.69698,993.0,1148.0,571.2,656.5
2011-03-07,645.6667,278.3291,254.0,78.46667,1120.1428,985.3674,246.15152,1025.0,1178.0,515.0,662.5
2011-03-08,616.55554,282.21518,271.25,84.46667,1127.7142,992.12244,233.78787,1026.0,1188.0,517.2,667.5
2011-03-09,632.6667,281.27847,268.0,83.333336,1127.7142,991.449,233.57576,1025.5,1187.0,518.4,675.0
2011-03-10,620.55554,279.5443,254.0,78.26667,1133.6072,994.3469,213.72728,1021.5,1186.0,515.8,673.5
2011-03-11,590.44446,274.3038,238.5,72.666664,1131.4642,990.1429,220.45454,1025.0,1190.0,514.2,662.5
2011-03-12,601.7778,272.64557,226.75,68.46667,1129.4642,986.83673,201.54546,1024.0,1191.0,514.4,663.0
2011-03-13,593.55554,271.2405,221.5,66.0,1117.4642,977.9796,185.45454,1024.0,1193.0,513.4,660.5
2011-03-14,592.3333,268.5443,222.25,64.73333,1120.2142,979.32654,188.81818,1049.5,1217.0,521.4,681.0
2011-03-15,569.55554,266.1519,220.0,62.733334,1135.0,987.5714,219.12122,1078.5,1252.0,601.4,691.0
2011-03-16,584.6667,260.58228,214.0,59.066666,1130.3928,981.9184,213.39394,1138.5,1315.0,561.8,722.5
2011-03-17,583.8889,259.89874,214.5,58.866665,1155.9642,1001.6531,226.9697,1179.5,1361.0,580.6,748.0
2011-03-18,577.55554,259.20255,213.0,58.066666,1156.0358,1004.2245,268.45456,1179.0,1360.0,657.0,748.0
2011-03-19,650.7778,262.22784,219.25,60.933334,1173.1786,1025.3877,286.78787,1203.0,1389.0,677.2,782.5
2011-03-20,681.1111,262.82278,222.75,62.066666,1177.6072,1038.1224,352.9091,1228.0,1409.0,711.6,806.0
2011-03-21,733.44446,294.01266,280.0,85.46667,1251.6428,1114.1224,359.51514,1267.0,1458.0,722.0,845.5
2011-03-22,700.6667,301.82278,299.5,94.666664,1276.3572,1136.1428,369.39395,1304.0,1479.0,718.0,855.0
2011-03-23,743.44446,297.4304,298.25,93.53333,1265.0,1128.1428,382.54544,1289.5,1482.0,720.4,857.5
2011-03-24,776.7778,313.5696,344.0,110.53333,1328.7142,1189.9592,370.9091,1312.0,1507.0,723.8,875.0
2011-03-25,816.3333,324.78482,382.5,127.26667,1384.8572,1250.4694,395.0909,1353.5,1553.0,797.4,923.0
2011-03-26,820.1111,330.29114,395.75,131.2,1399.7142,1262.7959,413.15152,1380.0,1580.0,771.0,931.5
2011-03-27,807.44446,327.46835,400.75,132.33333,1424.6072,1287.9387,416.78787,1411.5,1611.0,808.8,950.5
2011-03-28,805.2222,325.4557,398.75,129.86667,1440.8572,1298.0613,459.45456,1418.0,1624.0,800.8,949.5
2011-03-29,810.8889,320.89874,397.0,127.333336,1437.6786,1293.3062,391.42426,1416.5,1621.0,807.6,960.5
2011-03-30,805.3333,319.16455,388.5,122.066666,1435.5,1288.6938,389.21213,1428.5,1623.0,698.2,946.0
2011-03-31,779.6667,309.02533,350.75,106.8,1429.8214,1278.7347,368.69696,1419.5,1622.0,791.0,940.5
2011-04-01,752.0,297.37976,301.75,90.333336,1423.1072,1269.1224,395.69696,1413.5,1618.0,696.0,935.0
2011-04-02,767.7778,286.7595,260.5,75.666664,1402.7858,1242.0817,369.87878,1409.5,1618.0,673.8,930.0
2011-04-03,687.6667,280.35443,253.75,71.666664,1406.3928,1240.0408,363.87878,1413.0,1629.0,677.8,933.5
2011-04-04,694.3333,276.11392,250.0,69.066666,1400.3214,1229.898,355.63635,1417.0,1629.0,762.8,932.5
2011-04-05,699.44446,271.65823,242.25,64.6,1417.1072,1235.3469,297.15152,1416.0,1635.0,757.2,930.5
2011-04-06,685.7778,265.05063,236.25,63.0,1408.4286,1224.9387,288.63635,1418.0,1638.0,760.8,929.0
2011-04-07,705.3333,261.8481,235.25,62.733334,1406.75,1219.7551,372.9697,1415.0,1642.0,674.2,944.5
2011-04-08,663.0,267.0,248.25,67.2,1432.7142,1246.8776,327.81818,1439.0,1666.0,680.8,956.5
2011-04-09,746.1111,266.83545,249.75,68.2,1429.7858,1243.6531,336.78787,1445.5,1677.0,679.0,941.0
2011-04-10,620.2222,269.86075,252.0,68.46667,1440.8214,1253.7142,298.42426,1445.5,1677.0,677.2,941.0
2011-04-11,674.44446,269.0,250.25,67.933334,1426.5,1238.7347,294.9394,1451.0,1677.0,675.8,939.5
2011-04-12,648.8889,268.11392,248.25,66.53333,1428.8214,1238.2041,276.9697,1448.0,1680.0,674.6,937.5
2011-04-13,667.3333,266.3671,245.5,65.46667,1425.7142,1233.4694,315.21213,1450.5,1681.0,673.4,936.0
2011-04-14,657.44446,264.11392,244.75,65.26667,1435.0714,1243.1632,278.51514,1464.0,1698.0,678.0,939.0
2011-04-15,602.7778,261.0,243.75,65.0,1426.8214,1233.4897,313.0606,1463.5,1698.0,675.8,938.5
2011-04-16,627.8889,254.37975,239.0,63.733334,1414.8572,1220.9387,306.87878,1462.0,1699.0,667.4,934.0
2011-04-17,516.7778,241.43037,229.75,61.266666,1397.8928,1205.3062,319.84848,1447.0,1669.0,655.2,926.0
2011-04-18,513.44446,228.11392,220.5,58.8,1370.6786,1177.6938,241.27272,1432.0,1638.0,634.2,917.5
2011-04-19,505.66666,216.73418,217.5,58.0,1360.5358,1165.5103,242.21213,1407.0,1593.0,631.0,914.0
2011-04-20,499.77777,208.18988,210.75,56.2,1347.75,1151.7142,288.0303,1378.5,1566.0,610.2,903.5
2011-04-21,502.33334,201.26582,208.25,55.533333,1354.3214,1155.2041,277.48486,1391.0,1574.0,605.8,905.5
2011-04-22,500.77777,196.72151,206.5,55.066666,1370.8214,1167.3877,252.24243,1392.0,1575.0,605.8,904.0
2011-04-23,498.66666,191.29114,204.5,54.533333,1383.6786,1177.2041,253.90909,1397.5,1582.0,609.8,901.5
2011-04-24,498.44446,186.17722,200.75,53.533333,1382.8928,1174.8572,244.48485,1415.5,1606.0,672.8,901.5
2011-04-25,497.66666,178.2152,201.5,53.733334,1379.6786,1171.8368,219.45454,1442.0,1606.0,669.0,900.5
2011-04-26,495.33334,172.12659,199.5,53.2,1382.5714,1174.5306,237.93939,1472.5,1642.0,670.6,902.5
2011-04-27,491.77777,169.56963,197.5,52.666668,1380.4286,1171.6327,217.36363,1481.0,1644.0,665.0,894.5
2011-04-28,485.77777,164.12659,190.5,50.8,1381.5358,1171.3877,204.36363,1463.0,1635.0,652.8,886.0
2011-04-29,482.44446,160.13924,186.25,49.666668,1366.3214,1153.4897,206.18182,1445.0,1609.0,643.4,877.5
2011-04-30,482.55554,159.60759,184.0,49.066666,1356.3928,1142.0613,198.30302,1440.5,1596.0,638.4,874.5
2011-05-01,482.44446,159.25316,184.25,49.133335,1352.2142,1135.6735,179.87878,1439.0,1594.0,635.2,871.5
2011-05-02,481.1111,159.11392,179.0,47.733334,1346.75,1128.7755,201.87878,1426.5,1582.0,623.2,861.0
2011-05-03,476.8889,152.10127,173.0,46.133335,1350.9642,1127.1224,172.21213,1406.0,1568.0,607.8,846.0
2011-05-04,558.1111,142.67088,161.0,42.933334,1334.8214,1107.1632,157.75757,1376.5,1542.0,585.4,835.5
2011-05-05,547.55554,127.88608,143.75,38.333332,1312.9642,1081.2858,136.90909,1331.5,1511.0,568.6,812.0
2011-05-06,534.3333,112.51899,126.0,33.6,1290.0358,1053.4897,112.333336,1286.0,1489.0,537.0,785.0
2011-05-07,521.55554,98.898735,112.0,29.866667,1266.4642,1027.7347,97.36364,1242.0,1459.0,502.4,760.0
2011-05-08,512.44446,89.94936,101.0,26.933332,1241.6072,1002.69385,96.818184,1216.0,1431.0,478.8,734.0
2011-05-09,514.0,89.43038,101.25,27.0,1232.5358,993.551,105.0,1206.0,1413.0,464.2,719.5
2011-05-10,524.7778,89.72152,101.75,27.133333,1248.2858,1005.67346,102.030304,1219.5,1424.0,477.8,721.0
2011-05-11,522.8889,89.51899,100.0,26.666666,1252.5714,1005.9388,84.72727,1231.0,1421.0,458.2,709.5
2011-05-12,539.0,84.53165,84.5,22.533333,1240.0714,995.81635,72.93939,1184.0,1395.0,438.2,691.0
2011-05-13,496.44446,74.93671,57.0,15.2,1215.0358,968.83673,66.818184,1150.5,1359.0,414.2,672.5
2011-05-14,477.1111,66.59494,47.25,12.6,1211.8928,957.83673,65.393936,1108.0,1320.0,387.8,647.5
2011-05-15,479.55554,65.01266,44.0,11.733334,1206.75,951.5714,55.18182,1093.0,1299.0,375.6,624.5
2011-05-16,489.66666,66.696205,45.75,12.4,1222.5,961.9796,55.757576,1132.0,1330.0,347.4,627.5
2011-05-17,523.0,67.0,46.25,12.6,1227.6786,965.30615,61.030304,1135.5,1331.0,362.0,631.0
2011-05-18,515.3333,71.898735,52.75,14.4,1270.7858,1002.7347,74.06061,1190.0,1356.0,399.8,644.0
2011-05-19,445.1111,76.05064,57.0,15.333333,1272.0,1004.7959,66.36364,1200.5,1366.0,402.8,641.5
2011-05-20,443.44446,74.24051,60.75,16.2,1262.1072,994.9184,67.0,1173.5,1365.0,397.6,626.0
2011-05-21,525.6667,66.83544,47.25,12.6,1246.7858,979.46936,57.424244,1152.5,1368.0,384.2,605.5
2011-05-22,515.0,61.27848,39.5,10.533334,1226.0358,960.38776,49.81818,1123.5,1334.0,382.0,575.0
2011-05-23,480.22223,57.101265,36.0,9.6,1202.7858,939.6531,51.78788,1104.5,1310.0,371.8,552.0
2011-05-24,509.33334,54.83544,33.5,8.933333,1210.6428,940.12244,47.363636,1083.0,1278.0,363.2,526.5
2011-05-25,506.1111,50.227848,29.0,7.733333,1205.8928,930.0,44.121212,1056.5,1244.0,357.2,495.0
2011-05-26,470.1111,42.088608,22.25,5.9333334,1179.4642,906.6326,47.151516,1082.0,1255.0,349.2,497.5
2011-05-27,497.1111,39.27848,17.0,4.5333333,1180.2142,903.6531,46.81818,1069.0,1268.0,349.0,489.5
2011-05-28,491.22223,36.037975,11.0,2.9333334,1170.7142,890.83673,43.848484,1066.5,1269.0,348.2,469.5
2011-05-29,496.44446,35.949368,12.25,3.2666667,1167.7142,887.69385,49.454544,1085.5,1287.0,322.2,470.0
2011-05-30,497.44446,37.21519,13.75,4.0,1167.8572,889.6326,47.666668,1089.0,1291.0,354.2,482.5
2011-05-31,465.55554,36.27848,12.75,3.4,1162.6428,884.61224,46.333332,1094.0,1299.0,356.0,465.5
2011-06-01,459.22223,33.962025,8.25,2.2,1151.3928,873.7143,42.333332,1059.5,1252.0,359.4,447.0
2011-06-02,459.44446,33.620255,6.5,1.7333333,1131.5714,857.61224,45.515152,1076.0,1264.0,356.8,449.0
2011-06-03,492.66666,33.468353,5.25,1.4,1138.3928,858.7551,48.030304,1086.0,1280.0,352.2,448.5
2011-06-04,457.33334,31.949368,1.5,0.4,1121.4286,845.16327,42.909092,1075.5,1275.0,358.6,442.5
2011-06-05,488.1111,30.455696,0.0,0.0,1128.6428,850.9796,41.696968,1054.5,1251.0,357.0,432.5
2011-06-06,487.44446,29.455696,0.0,0.0,1137.5358,853.12244,42.272728,1033.5,1227.0,351.2,420.5
2011-06-07,450.44446,28.936708,0.0,0.0,1117.8572,838.9796,38.454544,1008.0,1186.0,346.8,413.0
2011-06-08,443.66666,27.063292,0.0,0.0,1068.4642,802.40814,35.090908,976.0,1149.0,338.0,394.5
2011-06-09,432.44446,24.303797,0.0,0.0,1025.1072,768.7347,31.545454,909.5,1110.0,320.2,373.5
2011-06-10,416.22223,20.113924,0.0,0.0,995.0,741.5102,25.666666,850.0,1050.0,301.8,340.5
2011-06-11,398.66666,23.784811,0.0,0.0,958.0714,713.6531,21.363636,789.5,1007.0,282.6,307.5
2011-06-12,416.0,20.772152,0.0,0.0,938.7143,696.4898,18.333334,733.0,934.0,264.4,282.0
2011-06-13,403.22223,17.974684,0.0,0.0,925.1786,681.3674,15.333333,675.0,877.0,242.0,249.0
2011-06-14,359.33334,13.670886,0.0,0.0,909.0714,664.67346,13.878788,617.5,809.0,216.4,223.0
2011-06-15,338.1111,9.303798,0.0,0.0,908.75,659.16327,11.030303,556.0,749.0,189.6,204.5
2011-06-16,316.0,6.329114,0.0,0.0,905.1071,653.10205,8.424242,477.5,691.0,162.6,173.5
2011-06-17,326.33334,4.708861,0.0,0.0,889.0357,640.9796,6.6363635,421.5,643.0,142.2,152.0
2011-06-18,291.44446,3.5189874,0.0,0.0,867.8929,628.0204,4.2727275,375.5,585.0,121.6,127.5
2011-06-19,305.33334,2.329114,0.0,0.0,863.0,633.551,2.060606,328.0,525.0,97.6,102.0
2011-06-20,141.44444,1.278481,0.0,0.0,784.3571,570.40814,0.0,285.0,463.0,77.2,78.5
2011-06-21,128.88889,0.34177214,0.0,0.0,715.5714,509.02042,0.0,233.0,407.0,69.0,40.0
2011-06-22,96.22222,0.0,0.0,0.0,657.8571,466.5102,0.0,178.0,368.0,28.0,0.0
2011-06-23,143.0,0.0,0.0,0.0,534.0357,381.4898,0.0,126.5,327.0,7.2,0.0
2011-06-24,125.333336,0.0,0.0,0.0,488.42856,347.40817,0.0,85.5,291.0,0.0,0.0
2011-06-25,107.77778,0.0,0.0,0.0,459.17856,324.30612,0.0,65.0,262.0,0.0,0.0
2011-06-26,95.77778,0.0,0.0,0.0,420.4643,295.44897,0.0,46.5,236.0,0.0,0.0
2011-06-27,88.0,0.0,0.0,0.0,382.7143,266.85715,0.0,27.0,209.0,0.0,0.0
2011-06-28,76.44444,0.0,0.0,0.0,360.25,247.53061,0.0,5.5,174.0,0.0,0.0
2011-06-29,69.55556,0.0,0.0,0.0,352.67856,240.71428,0.0,0.0,144.0,0.0,0.0
2011-06-30,67.888885,0.0,0.0,0.0,343.9643,234.71428,0.0,0.0,127.0,0.0,0.0
2011-07-01,60.22222,0.0,0.0,0.0,324.25,219.2449,0.0,0.0,105.0,0.0,0.0
2011-07-02,46.555557,0.0,0.0,0.0,290.57144,193.81633,0.0,0.0,73.0,0.0,0.0
2011-07-03,29.555555,0.0,0.0,0.0,252.96428,165.95918,0.0,0.0,34.0,0.0,0.0
2011-07-04,12.333333,0.0,0.0,0.0,212.71428,136.30612,0.0,0.0,0.0,0.0,0.0
2011-07-05,1.1111112,0.0,0.0,0.0,177.5,110.14286,0.0,0.0,0.0,0.0,0.0
2011-07-06,0.0,0.0,0.0,0.0,144.75,87.63265,0.0,0.0,0.0,0.0,0.0
2011-07-07,0.0,0.0,0.0,0.0,115.85714,68.22449,0.0,0.0,0.0,0.0,0.0
2011-07-08,0.0,0.0,0.0,0.0,94.17857,54.408165,0.0,0.0,0.0,0.0,0.0
2011-07-09,0.0,0.0,0.0,0.0,76.07143,43.469387,0.0,0.0,0.0,0.0,0.0
2011-07-10,0.0,0.0,0.0,0.0,62.607143,35.77551,0.0,0.0,0.0,0.0,0.0
2011-07-11,0.0,0.0,0.0,0.0,52.464287,29.979591,0.0,0.0,0.0,0.0,0.0
2011-07-12,0.0,0.0,0.0,0.0,44.464287,25.408163,0.0,0.0,0.0,0.0,0.0
2011-07-13,0.0,0.0,0.0,0.0,38.642857,22.081633,0.0,0.0,0.0,0.0,0.0
2011-07-14,0.0,0.0,0.0,0.0,35.392857,20.22449,0.0,0.0,0.0,0.0,0.0
2011-07-15,0.0,0.0,0.0,0.0,33.035713,18.87755,0.0,0.0,0.0,0.0,0.0
2011-07-16,0.0,0.0,0.0,0.0,30.214285,17.265306,0.0,0.0,0.0,0.0,0.0
2011-07-17,0.0,0.0,0.0,0.0,28.857143,16.489796,0.0,0.0,0.0,0.0,0.0
2011-07-18,0.0,0.0,0.0,0.0,27.071428,15.469388,0.0,0.0,0.0,0.0,0.0
2011-07-19,0.0,0.0,0.0,0.0,23.392857,13.367347,0.0,0.0,0.0,0.0,0.0
2011-07-20,0.0,0.0,0.0,0.0,20.892857,11.938775,0.0,0.0,0.0,0.0,0.0
2011-07-21,0.0,0.0,0.0,0.0,18.25,10.428572,0.0,0.0,0.0,0.0,0.0
2011-07-22,0.0,0.0,0.0,0.0,15.357142,8.77551,0.0,0.0,0.0,0.0,0.0
2011-07-23,0.0,0.0,0.0,0.0,12.357142,7.0612245,0.0,0.0,0.0,0.0,0.0
2011-07-24,0.0,0.0,0.0,0.0,8.928572,5.102041,0.0,0.0,0.0,0.0,0.0
2011-07-25,0.0,0.0,0.0,0.0,6.321429,3.6122448,0.0,0.0,0.0,0.0,0.0
2011-07-26,0.0,0.0,0.0,0.0,4.964286,2.8367348,0.0,0.0,0.0,0.0,0.0
2011-07-27,0.0,0.0,0.0,0.0,3.75,2.142857,0.0,0.0,0.0,0.0,0.0
2011-07-28,0.0,0.0,0.0,0.0,2.5357144,1.4489796,0.0,0.0,0.0,0.0,0.0
2011-07-29,0.0,0.0,0.0,0.0,0.85714287,0.48979592,0.0,0.0,0.0,0.0,0.0
2011-07-30,0.0,0.0,0.0,0.0,0.0,0.0,0.0,0.0,0.0,0.0,0.0
2011-07-31,0.0,0.0,0.0,0.0,0.0,0.0,0.0,0.0,0.0,0.0,0.0
2011-08-01,0.0,0.0,0.0,0.0,0.0,0.0,0.0,0.0,0.0,0.0,0.0
2011-08-02,0.0,0.0,0.0,0.0,0.0,0.0,0.0,0.0,0.0,0.0,0.0
2011-08-03,0.0,0.0,0.0,0.0,0.0,0.0,0.0,0.0,0.0,0.0,0.0
2011-08-04,0.0,0.0,0.0,0.0,0.0,0.0,0.0,0.0,0.0,0.0,0.0
2011-08-05,0.0,0.0,0.0,0.0,0.0,0.0,0.0,0.0,0.0,0.0,0.0
2011-08-06,0.0,0.0,0.0,0.0,0.0,0.0,0.0,0.0,0.0,0.0,0.0
2011-08-07,0.0,0.0,0.0,0.0,0.0,0.0,0.0,0.0,0.0,0.0,0.0
2011-08-08,0.0,0.0,0.0,0.0,0.0,0.0,0.0,0.0,0.0,0.0,0.0
2011-08-09,0.0,0.0,0.0,0.0,0.0,0.0,0.0,0.0,0.0,0.0,0.0
2011-08-10,0.0,0.0,0.0,0.0,0.0,0.0,0.0,0.0,0.0,0.0,0.0
2011-08-11,0.0,0.0,0.0,0.0,0.0,0.0,0.0,0.0,0.0,0.0,0.0
2011-08-12,0.0,0.0,0.0,0.0,0.0,0.0,0.0,0.0,0.0,0.0,0.0
2011-08-13,0.0,0.0,0.0,0.0,0.0,0.0,0.0,0.0,0.0,0.0,0.0
2011-08-14,0.0,0.0,0.0,0.0,0.0,0.0,0.0,0.0,0.0,0.0,0.0
2011-08-15,0.0,0.0,0.0,0.0,0.0,0.0,0.0,0.0,0.0,0.0,0.0
2011-08-16,0.0,0.0,0.0,0.0,0.0,0.0,0.0,0.0,0.0,0.0,0.0
2011-08-17,0.0,0.0,0.0,0.0,0.0,0.0,0.0,0.0,0.0,0.0,0.0
2011-08-18,0.0,0.0,0.0,0.0,0.0,0.0,0.0,0.0,0.0,0.0,0.0
2011-08-19,0.0,0.0,0.0,0.0,0.0,0.0,0.0,0.0,0.0,0.0,0.0
2011-08-20,0.0,0.0,0.0,0.0,0.0,0.0,0.0,0.0,0.0,0.0,0.0
2011-08-21,0.0,0.0,0.0,0.0,0.0,0.0,0.0,0.0,0.0,0.0,0.0
2011-08-22,0.0,0.0,0.0,0.0,0.0,0.0,0.0,0.0,0.0,0.0,0.0
2011-08-23,0.0,0.0,0.0,0.0,0.0,0.0,0.0,0.0,0.0,0.0,0.0
2011-08-24,0.0,0.0,0.0,0.0,0.0,0.0,0.0,0.0,0.0,0.0,0.0
2011-08-25,0.0,0.0,0.0,0.0,0.0,0.0,0.0,0.0,0.0,0.0,0.0
2011-08-26,0.0,0.0,0.0,0.0,0.0,0.0,0.0,0.0,0.0,0.0,0.0
2011-08-27,0.0,0.0,0.0,0.0,0.0,0.0,0.0,0.0,0.0,0.0,0.0
2011-08-28,0.0,0.0,0.0,0.0,0.0,0.0,0.0,0.0,0.0,0.0,0.0
2011-08-29,0.0,0.0,0.0,0.0,0.0,0.0,0.0,0.0,0.0,0.0,0.0
2011-08-30,0.0,0.0,0.0,0.0,0.0,0.0,0.0,0.0,0.0,0.0,0.0
2011-08-31,0.0,0.0,0.0,0.0,0.0,0.0,0.0,0.0,0.0,0.0,0.0
2011-09-01,0.0,0.0,0.0,0.0,0.0,0.0,0.0,0.0,0.0,0.0,0.0
2011-09-02,0.0,0.0,0.0,0.0,0.0,0.0,0.0,0.0,0.0,0.0,0.0
2011-09-03,0.0,0.0,0.0,0.0,0.0,0.0,0.0,0.0,0.0,0.0,0.0
2011-09-04,0.0,0.0,0.0,0.0,0.0,0.0,0.0,0.0,0.0,0.0,0.0
2011-09-05,0.0,0.0,0.0,0.0,0.0,0.0,0.0,0.0,0.0,0.0,0.0
2011-09-06,0.0,0.0,0.0,0.0,0.0,0.0,0.0,0.0,0.0,0.0,0.0
2011-09-07,0.0,0.0,0.0,0.0,0.0,0.0,0.0,0.0,0.0,0.0,0.0
2011-09-08,0.0,0.0,0.0,0.0,0.0,0.0,0.0,0.0,0.0,0.0,0.0
2011-09-09,0.0,0.0,0.0,0.0,0.0,0.0,0.0,0.0,0.0,0.0,0.0
2011-09-10,0.0,0.0,0.0,0.0,0.0,0.0,0.0,0.0,0.0,0.0,0.0
2011-09-11,0.0,0.0,0.0,0.0,0.0,0.0,0.0,0.0,0.0,0.0,0.0
2011-09-12,0.0,0.0,0.0,0.0,0.0,0.0,0.0,0.0,0.0,0.0,0.0
2011-09-13,0.0,0.0,0.0,0.0,0.0,0.0,0.0,0.0,0.0,0.0,0.0
2011-09-14,0.0,0.0,0.0,0.0,0.0,0.0,0.0,0.0,0.0,0.0,0.0
2011-09-15,0.0,0.0,0.0,0.0,0.0,0.0,0.0,0.0,0.0,0.0,0.0
2011-09-16,0.0,0.0,0.0,0.0,0.0,0.0,0.0,0.0,0.0,0.0,0.0
2011-09-17,0.0,0.0,0.0,0.0,0.0,0.0,0.0,0.0,0.0,0.0,0.0
2011-09-18,0.0,0.0,0.0,0.0,0.0,0.0,0.0,0.0,0.0,0.0,0.0
2011-09-19,0.0,0.0,0.0,0.0,0.0,0.0,0.0,0.0,0.0,0.0,0.0
2011-09-20,0.0,0.0,0.0,0.0,0.0,0.0,0.0,0.0,0.0,0.0,0.0
2011-09-21,0.0,0.0,0.0,0.0,0.0,0.0,0.0,0.0,0.0,0.0,0.0
2011-09-22,0.0,0.0,0.0,0.0,0.0,0.0,0.0,0.0,0.0,0.0,0.0
2011-09-23,0.0,0.0,0.0,0.0,0.0,0.0,0.0,0.0,0.0,0.0,0.0
2011-09-24,0.0,0.0,0.0,0.0,0.0,0.0,0.0,0.0,0.0,0.0,0.0
2011-09-25,0.0,0.0,0.0,0.0,0.0,0.0,0.0,0.0,0.0,0.0,0.0
2011-09-26,0.0,0.0,0.0,0.0,0.0,0.0,0.0,0.0,0.0,0.0,0.0
2011-09-27,0.0,0.0,0.0,0.0,0.0,0.0,0.0,0.0,0.0,0.0,0.0
2011-09-28,0.0,0.0,0.0,0.0,0.0,0.0,0.0,0.0,0.0,0.0,0.0
2011-09-29,0.0,0.0,0.0,0.0,0.0,0.0,0.0,0.0,0.0,0.0,0.0
2011-09-30,0.0,0.0,0.0,0.0,0.0,0.0,0.0,0.0,0.0,0.0,0.0
2011-10-01,0.0,0.0,0.0,0.0,0.0,0.0,0.0,0.0,0.0,0.0,0.0
2011-10-02,0.0,0.0,0.0,0.0,0.0,0.0,0.0,0.0,0.0,0.0,0.0
2011-10-03,0.0,0.0,0.0,0.0,0.0,0.0,0.0,0.0,0.0,0.0,0.0
2011-10-04,0.0,0.0,0.0,0.0,0.0,0.0,0.0,0.0,0.0,0.0,0.0
2011-10-05,2.6666667,0.0,0.0,0.0,7.178571,5.3469386,0.72727275,0.0,0.0,0.0,0.0
2011-10-06,19.555555,12.531646,12.25,3.3333333,38.857143,32.367348,3.4545455,22.5,26.0,15.8,20.0
2011-10-07,19.777779,13.822784,13.0,3.4666667,43.642857,36.22449,3.060606,30.5,36.0,19.0,26.0
2011-10-08,17.333334,13.443038,13.0,3.4666667,43.607143,35.67347,1.1212121,30.0,32.0,16.2,22.5
2011-10-09,18.11111,12.6075945,10.75,2.8666666,41.57143,32.265305,0.6666667,21.0,27.0,10.0,17.5
2011-10-10,13.222222,7.506329,8.0,2.1333334,29.821428,21.367348,0.24242425,12.0,21.0,6.0,11.0
2011-10-11,8.777778,2.21519,9.25,2.4666667,21.964285,15.387755,0.0,4.5,14.0,2.2,5.5
2011-10-12,2.4444444,0.1392405,2.5,0.6666667,11.535714,7.979592,0.0,0.0,5.0,0.0,0.0
2011-10-13,0.0,0.0,0.0,0.0,3.7142856,2.3061225,0.0,0.0,0.0,0.0,0.0
2011-10-14,0.0,0.0,0.0,0.0,0.5714286,0.3265306,0.0,0.0,0.0,0.0,0.0
2011-10-15,0.0,0.0,0.0,0.0,0.0,0.0,0.0,0.0,0.0,0.0,0.0
2011-10-16,0.0,0.0,0.0,0.0,0.0,0.0,0.0,0.0,0.0,0.0,0.0
2011-10-17,0.0,0.0,0.0,0.0,0.0,0.0,0.0,0.0,0.0,0.0,0.0
2011-10-18,0.0,0.0,0.0,0.0,0.0,0.0,0.0,0.0,0.0,0.0,0.0
2011-10-19,0.0,0.0,0.0,0.0,0.0,0.0,0.0,0.0,0.0,0.0,0.0
2011-10-20,0.0,0.0,0.0,0.0,0.0,0.0,0.0,0.0,0.0,0.0,0.0
2011-10-21,0.0,0.0,0.0,0.0,0.0,0.0,0.0,0.0,0.0,0.0,0.0
2011-10-22,0.0,0.0,0.0,0.0,0.0,0.0,0.0,0.0,0.0,0.0,0.0
2011-10-23,0.0,0.0,0.0,0.0,0.0,0.0,0.0,0.0,0.0,0.0,0.0
2011-10-24,0.0,0.0,0.0,0.0,0.0,0.0,0.0,0.0,0.0,0.0,0.0
2011-10-25,0.0,0.0,0.0,0.0,0.0,0.0,0.0,0.0,0.0,0.0,0.0
2011-10-26,0.0,0.0,0.0,0.0,0.0,0.0,0.0,0.0,0.0,0.0,0.0
2011-10-27,0.0,0.0,0.0,0.0,0.0,0.0,0.0,0.0,0.0,0.0,0.0
2011-10-28,0.0,0.0,0.0,0.0,0.0,0.0,0.0,0.0,0.0,0.0,0.0
2011-10-29,0.0,0.0,0.0,0.0,0.0,0.0,0.0,0.0,0.0,0.0,0.0
2011-10-30,0.0,0.0,0.0,0.0,0.0,0.0,0.0,0.0,0.0,0.0,0.0
2011-10-31,0.0,0.0,0.0,0.0,0.0,0.0,0.0,0.0,0.0,0.0,0.0
2011-11-01,0.0,0.0,0.0,0.0,0.0,0.0,0.0,0.0,0.0,0.0,0.0
2011-11-02,0.0,0.0,0.0,0.0,0.0,0.0,0.0,0.0,0.0,0.0,0.0
2011-11-03,0.0,0.0,0.0,0.0,0.0,0.0,0.0,0.0,0.0,0.0,0.0
2011-11-04,6.4444447,0.34177214,0.0,0.0,7.5,6.4897957,3.6060605,13.5,17.0,10.2,6.0
2011-11-05,7.3333335,1.3417722,5.75,2.0666666,7.928571,6.877551,3.5757575,13.5,17.0,11.4,8.0
2011-11-06,12.333333,2.4683545,8.0,3.0,15.678572,14.408163,9.272727,26.0,32.0,14.6,12.0
2011-11-07,10.111111,5.556962,22.75,9.133333,16.107143,14.408163,8.545455,26.0,33.0,16.4,13.0
2011-11-08,15.222222,5.21519,22.75,8.733334,17.428572,15.489796,8.484848,26.0,33.0,14.6,11.0
2011-11-09,17.666666,4.924051,19.75,7.2,19.285715,17.0,7.909091,27.0,33.0,14.4,11.5
2011-11-10,12.555555,3.4177215,10.0,3.4666667,18.714285,15.122449,8.060606,25.0,33.0,13.4,11.5
2011-11-11,17.11111,2.5696204,3.25,1.0,15.607142,11.551021,4.7272725,19.0,28.0,14.8,11.5
2011-11-12,21.333334,7.189873,7.75,2.4,21.5,15.67347,2.7878788,16.5,27.0,13.0,7.5
2011-11-13,15.0,7.810127,7.5,2.0,21.928572,15.632653,1.7575758,13.0,24.0,11.8,6.0
2011-11-14,13.777778,6.78481,6.0,1.6,20.321428,13.897959,0.75757575,6.0,18.0,9.4,2.0
2011-11-15,17.11111,4.911392,4.5,1.2,19.142857,12.877551,0.3030303,1.0,15.0,8.6,1.0
2011-11-16,14.777778,2.734177,2.5,0.6666667,17.928572,11.857142,0.030303031,0.0,11.0,7.4,0.0
2011-11-17,12.777778,2.012658,0.5,0.13333334,16.464285,10.612245,0.0,0.0,6.0,5.6,0.0
2011-11-18,11.888889,1.6582278,0.0,0.0,15.75,10.061225,0.0,0.5,16.0,4.8,0.0
2011-11-19,11.444445,1.3797468,0.0,0.0,15.857142,10.122449,6.060606,8.0,25.0,6.6,6.0
2011-11-20,11.888889,1.3797468,0.0,0.0,16.785715,10.653061,10.030303,17.0,37.0,7.6,10.0
2011-11-21,23.333334,9.037974,13.0,5.133333,24.928572,17.244898,11.484848,24.5,48.0,11.2,20.5
2011-11-22,23.11111,9.35443,11.25,4.0,25.178572,17.34694,12.242424,29.5,61.0,11.6,24.0
2011-11-23,23.444445,6.468354,2.25,0.6666667,24.714285,16.489796,9.333333,29.5,58.0,11.6,24.5
2011-11-24,23.88889,3.987342,0.0,0.0,22.821428,14.918367,7.4545455,25.0,49.0,9.2,21.0
2011-11-25,23.88889,3.822785,0.0,0.0,22.607143,14.795918,8.212121,24.0,48.0,9.2,21.0
2011-11-26,22.555555,3.607595,0.0,0.0,21.857143,14.081633,7.909091,21.0,45.0,8.4,18.5
2011-11-27,16.666666,2.455696,0.0,0.0,18.428572,11.204082,4.4545455,12.5,38.0,5.2,14.5
2011-11-28,10.666667,1.329114,0.0,0.0,14.035714,8.102041,1.939394,3.5,29.0,1.4,6.5
2011-11-29,6.6666665,1.113924,0.0,0.0,11.928572,6.8163266,1.2727273,0.0,22.0,0.0,3.0
2011-11-30,4.111111,0.6708861,0.0,0.0,8.964286,5.122449,0.36363637,0.0,15.0,0.0,0.0
2011-12-01,4.111111,0.6835443,0.0,0.0,8.857142,5.0612245,0.3030303,0.0,16.0,0.0,0.0
2011-12-02,4.111111,0.6835443,0.0,0.0,9.035714,5.163265,0.24242425,0.0,16.0,0.0,0.0
2011-12-03,4.111111,0.6835443,0.0,0.0,8.964286,5.122449,0.18181819,0.0,16.0,0.0,0.0
2011-12-04,4.111111,0.6835443,0.0,0.0,9.0,5.142857,0.18181819,0.0,16.0,0.0,0.0
2011-12-05,4.111111,0.6835443,0.0,0.0,9.0,5.142857,0.15151516,0.0,16.0,0.0,0.0
2011-12-06,4.111111,0.6835443,0.0,0.0,9.0,5.142857,0.15151516,0.0,16.0,0.0,0.5
2011-12-07,4.111111,0.6835443,0.0,0.0,9.0,5.142857,0.121212125,0.0,16.0,0.0,0.5
2011-12-08,4.111111,0.6835443,0.0,0.0,8.964286,5.122449,0.0,0.0,14.0,0.0,0.0
2011-12-09,4.111111,0.6835443,0.0,0.0,9.035714,5.163265,0.0,0.0,14.0,0.0,0.0
2011-12-10,4.111111,0.6708861,0.0,0.0,8.678572,4.9591837,0.0,0.0,13.0,0.0,0.0
2011-12-11,4.111111,0.6708861,0.0,0.0,8.678572,4.9591837,0.0,0.0,13.0,0.0,0.0
2011-12-12,4.111111,0.6708861,0.0,0.0,8.642858,4.9387755,0.0,0.0,13.0,0.0,0.0
2011-12-13,4.111111,1.4683545,0.0,0.0,8.642858,4.9387755,0.0,0.0,13.0,0.0,0.0
2011-12-14,4.111111,1.4810127,0.0,0.0,8.642858,4.9387755,0.0,0.0,13.0,0.0,0.0
2011-12-15,4.111111,1.4556962,0.0,0.0,8.678572,4.9591837,0.6363636,0.0,13.0,0.4,0.0
2011-12-16,4.111111,1.4556962,0.0,0.0,8.678572,4.9591837,0.7878788,0.0,13.0,0.4,0.0
2011-12-17,4.111111,1.0379747,0.0,0.0,8.678572,4.9591837,0.060606062,0.0,13.0,0.4,0.0
2011-12-18,4.111111,0.87341774,0.0,0.0,8.607142,4.9183674,0.0,0.0,12.0,0.4,0.0
2011-12-19,4.111111,0.87341774,0.0,0.0,8.607142,4.9183674,0.0,0.0,11.0,0.4,0.0
2011-12-20,4.111111,0.87341774,0.0,0.0,8.607142,4.9183674,0.0,0.0,11.0,0.4,0.0
2011-12-21,4.111111,0.87341774,0.0,0.0,8.607142,4.9183674,0.0,0.0,11.0,1.6,0.0
2011-12-22,4.111111,0.87341774,0.0,0.0,8.607142,4.9183674,0.0,0.0,11.0,1.6,0.0
2011-12-23,4.111111,0.8607595,0.0,0.0,8.607142,4.9183674,0.0,0.0,11.0,1.4,0.0
2011-12-24,4.111111,0.8607595,0.0,0.0,8.75,5.0,0.0,0.0,11.0,1.4,0.0
2011-12-25,4.111111,0.7848101,0.0,0.0,8.571428,4.897959,0.0,0.0,11.0,1.4,0.0
2011-12-26,3.7777777,0.73417723,0.0,0.0,8.107142,4.632653,0.0,0.0,9.0,1.0,0.0
2011-12-27,3.3333333,0.6708861,0.0,0.0,7.821429,4.4693875,0.0,0.0,7.0,0.2,0.0
2011-12-28,2.8888888,0.6455696,0.0,0.0,7.321429,4.1836734,0.0,0.0,4.0,0.0,0.0
2011-12-29,1.6666666,0.46835443,0.0,0.0,5.964286,3.4081633,0.0,0.0,0.0,0.0,0.0
2011-12-30,0.8888889,0.32911393,0.0,0.0,5.464286,3.122449,0.0,0.0,0.0,0.0,0.0
2011-12-31,0.6666667,0.29113925,0.0,0.0,5.357143,3.0612245,0.060606062,0.0,0.0,0.0,0.0
2012-01-01,0.44444445,0.278481,0.0,0.0,5.071429,2.8979592,0.0,0.0,0.0,0.0,0.0
2012-01-02,0.11111111,0.21518987,0.0,0.0,3.6785715,2.1020408,0.0,0.0,0.0,0.0,0.0
2012-01-03,0.0,0.17721519,0.0,0.0,3.0357144,1.7346939,0.0,0.0,0.0,0.0,0.0
2012-01-04,0.0,0.1392405,0.0,0.0,2.25,1.2857143,0.0,0.0,0.0,0.0,0.0
2012-01-05,0.0,0.06329114,0.0,0.0,1.4285715,0.81632656,0.0,0.0,0.0,0.0,0.0
2012-01-06,0.0,0.025316456,0.0,0.0,1.2142857,0.6938776,0.0,0.0,0.0,0.0,0.0
2012-01-07,0.0,0.025316456,0.0,0.0,1.2142857,0.6938776,0.0,0.0,0.0,0.0,0.0
2012-01-08,0.0,0.025316456,0.0,0.0,1.2142857,0.6938776,0.0,0.0,0.0,0.0,0.0
2012-01-09,0.0,0.025316456,0.0,0.0,1.1785715,0.67346936,0.0,0.0,0.0,0.0,0.0
2012-01-10,0.0,0.025316456,0.0,0.0,1.0714285,0.6122449,0.0,0.0,0.0,0.0,0.0
2012-01-11,0.0,0.025316456,0.0,0.0,1.0714285,0.6122449,0.0,0.0,0.0,0.0,0.0
2012-01-12,0.0,0.025316456,0.0,0.0,1.0714285,0.6122449,0.0,0.0,0.0,0.0,0.0
2012-01-13,0.0,0.025316456,0.0,0.0,1.0714285,0.6122449,0.0,0.0,0.0,0.0,0.0
2012-01-14,0.0,0.025316456,0.0,0.0,1.0357143,0.59183675,0.0,0.0,0.0,0.0,0.0
2012-01-15,0.0,0.025316456,0.0,0.0,1.0,0.5714286,0.0,0.0,0.0,0.0,0.0
2012-01-16,0.0,0.025316456,0.0,0.0,1.0,0.5714286,0.0,0.0,0.0,0.0,0.0
2012-01-17,0.0,0.025316456,0.0,0.0,1.0,0.5714286,0.0,0.0,0.0,0.0,0.0
2012-01-18,0.0,0.025316456,0.0,0.0,1.0,0.5714286,0.0,0.0,0.0,0.0,0.0
2012-01-19,0.0,0.025316456,0.0,0.0,1.0,0.5714286,0.0,1.0,3.0,0.2,0.5
2012-01-20,0.0,0.025316456,0.0,0.0,1.0,0.5714286,12.727273,14.5,19.0,3.0,5.0
2012-01-21,16.333334,6.620253,13.0,3.4666667,66.07143,47.30612,29.181818,118.5,133.0,30.2,30.5
2012-01-22,30.88889,26.367088,44.75,15.066667,90.32143,70.14286,38.272728,144.0,167.0,49.8,41.5
2012-01-23,58.444443,33.759495,55.75,17.866667,112.21429,92.28571,53.39394,176.5,198.0,62.6,56.0
2012-01-24,78.22222,59.050632,75.0,25.933332,150.53572,126.69388,71.757576,225.5,255.0,84.0,90.5
2012-01-25,78.0,57.44304,74.0,25.666666,150.5,126.46939,65.06061,224.5,255.0,90.4,90.0
2012-01-26,77.888885,49.987343,67.5,23.666666,151.39285,126.20408,61.18182,225.0,255.0,86.6,89.0
2012-01-27,77.111115,44.455696,58.75,20.666666,151.46428,125.81633,56.303032,225.5,255.0,86.8,86.5
2012-01-28,77.22222,42.822784,54.0,19.0,150.92857,124.44898,46.121212,225.5,255.0,86.0,86.5
2012-01-29,77.22222,40.58228,47.75,16.733334,150.71428,123.04082,47.848484,225.5,255.0,86.2,87.5
2012-01-30,77.333336,37.405064,46.75,15.533334,150.46428,122.46939,52.424244,225.5,255.0,84.2,88.0
2012-01-31,77.111115,36.06329,46.75,14.933333,150.25,121.63265,41.424244,225.5,255.0,82.4,87.5
2012-02-01,56.22222,33.569622,46.5,14.066667,149.75,120.14286,45.575756,225.5,255.0,82.2,86.5
2012-02-02,77.0,33.44304,46.0,13.6,149.75,119.14286,45.424244,225.5,255.0,78.8,88.5
2012-02-03,73.22222,32.746834,45.25,13.066667,149.53572,118.36735,39.454544,225.0,255.0,78.8,88.5
2012-02-04,75.44444,32.734177,45.25,12.933333,149.17857,117.5102,48.363636,224.0,255.0,84.4,88.5
2012-02-05,55.88889,32.189873,45.25,12.733334,148.67857,116.63265,39.969696,224.5,255.0,84.4,88.5
2012-02-06,75.55556,31.632912,45.0,12.4,147.21428,115.44898,44.60606,223.0,255.0,79.0,88.5
2012-02-07,64.77778,31.455696,44.5,12.0,146.78572,115.061226,43.060608,223.5,255.0,84.4,88.0
2012-02-08,63.22222,31.620253,44.5,11.933333,146.25,114.67347,44.757576,224.5,258.0,84.4,91.0
2012-02-09,58.444443,31.303797,43.5,11.6,145.57143,113.42857,43.090908,222.5,258.0,83.6,87.0
2012-02-10,55.22222,28.544304,39.75,10.6,145.92857,113.71429,40.545456,221.0,257.0,81.2,85.5
2012-02-11,41.444443,25.924051,37.0,9.866667,146.0,113.04082,39.848484,223.0,258.0,80.6,82.5
2012-02-12,47.88889,26.835443,39.25,10.466666,146.75,113.87755,39.242424,222.5,258.0,80.0,83.5
2012-02-13,64.111115,27.620253,42.25,11.266666,154.42857,122.32653,47.151516,225.5,260.0,80.0,83.5
2012-02-14,58.555557,39.481014,68.5,23.333334,166.71428,134.18367,36.060608,241.0,278.0,87.2,86.5
2012-02-15,76.666664,39.392406,69.25,23.6,170.75,139.0,43.909092,245.0,280.0,89.8,89.0
2012-02-16,71.888885,43.6962,82.25,27.866667,181.07143,146.40816,40.090908,251.5,289.0,95.8,101.5
2012-02-17,65.0,42.177216,82.75,26.133333,180.39285,145.34694,36.424244,251.5,289.0,95.8,101.0
2012-02-18,62.77778,39.41772,75.75,22.666666,181.64285,145.22449,39.242424,250.0,288.0,95.0,100.5
2012-02-19,58.11111,38.50633,64.5,19.133333,183.35715,146.57143,39.060608,250.5,289.0,94.6,100.5
2012-02-20,53.444443,38.49367,62.75,18.666666,182.64285,145.59184,39.303032,250.0,289.0,94.6,100.5
2012-02-21,54.444443,38.20253,57.75,17.066668,181.28572,144.08163,38.060608,249.5,291.0,94.6,100.5
2012-02-22,54.77778,36.455696,54.75,15.533334,180.92857,143.0204,39.60606,249.0,291.0,87.8,99.5
2012-02-23,52.444443,30.746836,48.25,12.866667,180.39285,140.95918,38.272728,246.0,288.0,91.0,95.5
2012-02-24,55.444443,27.886076,42.5,11.333333,179.32143,137.9796,30.39394,244.0,286.0,82.6,93.0
2012-02-25,63.555557,24.746836,37.25,9.933333,177.67857,134.67346,30.818182,241.0,284.0,79.6,89.5
2012-02-26,63.444443,24.037975,35.25,9.4,177.67857,134.44897,30.939394,241.5,285.0,78.0,90.0
2012-02-27,64.111115,23.746836,34.25,9.133333,177.67857,134.46939,31.0,242.0,284.0,86.0,90.0
2012-02-28,74.22222,25.063292,38.75,10.533334,180.03572,136.16327,24.848484,260.5,300.0,94.2,109.0
2012-02-29,61.11111,25.063292,38.75,10.533334,182.17857,137.91837,39.545456,271.0,306.0,99.0,116.5
2012-03-01,85.22222,25.316456,43.25,12.0,192.89285,149.95918,48.636364,310.0,349.0,115.4,139.0
2012-03-02,80.111115,25.746836,44.0,12.266666,196.07143,153.0,48.060608,339.0,382.0,123.2,153.5
2012-03-03,62.444443,25.556963,40.75,11.4,196.25,153.0204,41.21212,329.5,383.0,122.8,155.5
2012-03-04,69.77778,22.443037,31.75,8.466666,193.60715,146.16327,46.969696,333.0,383.0,121.2,154.5
2012-03-05,77.888885,17.607595,21.75,5.8,190.5,140.7347,40.757576,331.0,379.0,117.0,151.5
2012-03-06,76.0,13.341772,15.25,4.0666666,187.85715,137.2653,35.515152,325.0,386.0,115.8,149.0
2012-03-07,78.44444,15.468354,21.75,6.2,192.28572,141.48979,38.151516,332.5,393.0,127.0,159.0
2012-03-08,81.111115,15.455696,21.75,6.2,192.28572,141.57143,37.969696,332.0,393.0,126.2,157.0
2012-03-09,78.888885,13.481012,15.0,4.0,190.57143,136.89796,32.39394,332.0,391.0,126.8,157.0
2012-03-10,77.111115,11.898734,11.25,3.0,188.14285,131.89796,24.848484,329.0,387.0,121.6,156.5
2012-03-11,77.44444,10.594936,8.25,2.2,185.82143,128.87755,20.90909,328.5,387.0,117.8,154.0
2012-03-12,75.111115,10.405064,7.25,1.9333333,185.25,128.46939,21.39394,328.0,388.0,114.6,155.0
2012-03-13,74.333336,7.721519,6.75,1.8,185.39285,128.46939,25.181818,328.5,390.0,111.8,160.5
2012-03-14,73.55556,7.746835,6.75,1.8,186.5,129.69388,37.666668,361.0,421.0,116.6,193.0
2012-03-15,72.333336,7.405063,5.5,1.4666667,187.17857,130.85715,45.090908,390.5,448.0,120.6,201.0
2012-03-16,70.22222,7.025316,3.0,0.8,186.42857,129.42857,41.454544,438.5,503.0,121.8,198.5
2012-03-17,100.111115,8.797468,2.25,0.6,247.71428,191.2653,51.515152,530.5,596.0,171.4,268.0
2012-03-18,136.44444,26.27848,74.25,32.466667,286.32144,228.51021,71.333336,547.0,623.0,183.6,278.0
2012-03-19,143.66667,29.481012,97.75,45.266666,301.4643,243.83673,86.51515,565.5,635.0,188.0,285.0
2012-03-20,144.44444,30.27848,97.75,45.0,301.07144,243.55103,70.121216,559.0,637.0,188.0,287.0
2012-03-21,146.88889,28.341772,92.0,38.866665,301.32144,243.61224,63.939392,561.5,638.0,186.0,289.0
2012-03-22,144.55556,19.443037,80.0,28.466667,300.35715,241.32654,60.575756,557.0,631.0,182.2,284.5
2012-03-23,131.66667,11.797468,61.75,20.6,300.7143,240.0204,61.303032,561.0,635.0,179.0,283.5
2012-03-24,126.111115,10.379746,38.25,13.0,300.64285,239.63266,73.30303,565.0,639.0,183.0,283.5
2012-03-25,124.77778,9.949368,24.0,7.733333,299.75,238.77551,73.666664,565.5,642.0,179.8,281.0
2012-03-26,131.0,14.56962,46.0,16.333334,318.7143,257.20407,66.878784,569.5,645.0,178.6,283.0
2012-03-27,133.77777,14.594936,43.75,15.466666,321.07144,259.0,80.454544,573.0,650.0,182.8,284.5
2012-03-28,136.0,12.29114,39.25,13.333333,322.75,260.65308,97.878784,589.0,673.0,190.6,295.5
2012-03-29,139.22223,11.050632,35.25,10.866667,324.5357,261.40817,105.27273,619.0,705.0,195.2,309.5
2012-03-30,136.11111,10.0,27.0,7.2,322.64285,260.26532,102.51515,621.5,713.0,192.6,306.5
2012-03-31,130.66667,8.341772,17.0,4.5333333,317.9643,252.63266,98.36364,621.5,718.0,186.8,292.0
2012-04-01,139.22223,9.253164,23.75,6.3333335,341.82144,277.0,120.21212,670.0,736.0,198.6,324.0
2012-04-02,114.77778,9.734178,25.25,6.866667,343.85715,279.32654,96.818184,653.0,747.0,198.0,325.0
2012-04-03,114.22222,9.481012,24.75,6.6,343.42856,278.5306,131.72728,653.0,747.0,197.8,327.5
2012-04-04,134.88889,8.43038,20.75,5.5333333,339.67856,271.85715,89.757576,657.5,749.0,197.8,326.5
2012-04-05,134.88889,8.151898,20.25,5.4,339.4643,271.67346,98.48485,659.5,752.0,195.4,332.0
2012-04-06,135.11111,8.13924,20.25,5.4,339.2857,271.5306,94.78788,661.5,753.0,189.0,334.5
2012-04-07,135.0,7.708861,20.25,5.4,339.25,271.57144,114.21212,661.5,753.0,189.0,329.5
2012-04-08,135.22223,7.240506,16.75,4.4666667,337.0357,266.57144,111.878784,660.0,753.0,184.0,330.0
2012-04-09,134.44444,6.101266,11.5,3.0666666,332.5357,256.67346,84.030304,656.0,746.0,179.4,321.0
2012-04-10,134.0,4.126582,5.25,1.4,325.07144,242.59184,77.757576,652.0,741.0,174.4,306.5
2012-04-11,132.88889,3.9620254,2.5,0.6666667,323.92856,237.69388,94.48485,657.0,735.0,170.6,291.0
2012-04-12,136.44444,4.341772,10.5,3.8666666,348.10715,264.02042,82.454544,678.5,752.0,172.4,299.5
2012-04-13,141.77777,5.949367,14.75,5.866667,366.9643,284.5306,98.030304,700.5,754.0,188.6,330.5
2012-04-14,155.0,22.620253,56.0,20.133333,404.17856,324.32654,103.969696,717.0,768.0,193.0,340.5
2012-04-15,142.11111,22.98734,55.0,20.0,404.4643,324.7143,100.84849,716.5,765.0,188.6,344.5
2012-04-16,156.11111,19.379747,44.0,16.333334,403.5,322.55103,100.63636,707.5,768.0,187.6,343.5
2012-04-17,150.44444,10.443038,31.0,11.466666,400.35715,313.85715,91.21212,712.0,756.0,182.8,332.0
2012-04-18,149.0,5.329114,22.0,6.0,393.32144,301.91837,82.666664,688.0,747.0,174.8,315.5
2012-04-19,152.77777,3.822785,12.0,3.2,384.14285,289.59183,75.27273,670.5,738.0,172.2,299.5
2012-04-20,144.88889,2.6455696,3.25,0.8666667,367.2143,270.2245,66.42424,651.5,729.0,153.2,273.5
2012-04-21,139.33333,1.2531645,0.0,0.0,314.60715,221.2653,48.39394,615.5,718.0,134.4,236.5
2012-04-22,126.77778,0.556962,0.0,0.0,281.7143,191.06122,38.21212,579.0,704.0,109.6,187.0
2012-04-23,112.44444,0.12658228,0.0,0.0,251.28572,168.0,26.757576,518.0,675.0,82.4,127.5
2012-04-24,101.77778,0.0,0.0,0.0,229.14285,151.53061,20.939394,456.0,620.0,58.4,86.5
2012-04-25,94.333336,0.0,0.0,0.0,215.21428,141.04082,17.151516,404.0,575.0,39.2,67.0
2012-04-26,90.44444,0.0,0.0,0.0,212.14285,138.36734,14.818182,379.0,554.0,30.8,56.5
2012-04-27,95.22222,0.07594936,1.25,0.33333334,221.17857,145.77551,16.060606,439.0,610.0,40.6,72.0
2012-04-28,94.0,0.0,0.0,0.0,218.46428,143.79591,15.30303,425.5,604.0,40.2,65.5
2012-04-29,92.44444,0.0,0.0,0.0,225.57143,146.61224,12.393939,398.5,581.0,32.6,53.0
2012-04-30,81.111115,0.0,0.0,0.0,212.35715,137.12245,8.30303,364.5,546.0,18.4,37.5
2012-05-01,65.333336,0.0,0.0,0.0,192.14285,123.5102,7.060606,327.5,508.0,8.2,21.0
2012-05-02,56.666668,0.0,0.0,0.0,174.78572,112.38776,6.3636365,302.0,483.0,1.8,10.0
2012-05-03,51.666668,0.0,0.0,0.0,161.42857,104.02041,5.909091,280.0,462.0,0.0,1.5
2012-05-04,50.22222,0.0,0.0,0.0,153.46428,99.16327,5.5454545,265.5,443.0,0.0,0.0
2012-05-05,48.77778,0.0,0.0,0.0,151.17857,97.755104,5.3333335,251.5,420.0,0.0,0.0
2012-05-06,48.333332,0.0,0.0,0.0,148.17857,95.87755,4.6060605,226.0,372.0,0.0,0.0
2012-05-07,46.333332,0.0,0.0,0.0,142.46428,91.79592,3.5454545,200.5,336.0,0.0,0.0
2012-05-08,43.0,0.0,0.0,0.0,133.39285,85.28571,2.090909,164.5,286.0,0.0,0.0
2012-05-09,36.666668,0.0,0.0,0.0,121.64286,76.61224,0.24242425,127.0,253.0,0.0,0.0
2012-05-10,28.555555,0.0,0.0,0.0,103.75,64.4898,0.0,96.0,254.0,0.0,0.0
2012-05-11,24.0,0.0,0.0,0.0,93.89286,57.489796,0.0,61.0,196.0,0.0,0.0
2012-05-12,19.0,0.0,0.0,0.0,85.39286,51.265305,0.0,41.5,149.0,0.0,0.0
2012-05-13,12.444445,0.0,0.0,0.0,73.85714,43.22449,0.0,19.5,110.0,0.0,0.0
2012-05-14,7.5555553,0.0,0.0,0.0,60.0,34.57143,0.0,0.0,61.0,0.0,0.0
2012-05-15,5.6666665,0.0,0.0,0.0,55.67857,31.87755,0.0,0.0,25.0,0.0,0.0
2012-05-16,3.7777777,0.0,0.0,0.0,50.642857,28.938776,0.0,0.0,0.0,0.0,0.0
2012-05-17,0.0,0.0,0.0,0.0,39.714287,22.693878,0.0,0.0,0.0,0.0,0.0
2012-05-18,0.0,0.0,0.0,0.0,36.142857,20.65306,0.0,0.0,0.0,0.0,0.0
2012-05-19,0.0,0.0,0.0,0.0,34.214287,19.55102,0.0,0.0,0.0,0.0,0.0
2012-05-20,0.0,0.0,0.0,0.0,28.714285,16.408163,0.0,0.0,0.0,0.0,0.0
2012-05-21,0.0,0.0,0.0,0.0,22.5,12.857142,0.0,0.0,0.0,0.0,0.0
2012-05-22,0.0,0.0,0.0,0.0,18.285715,10.448979,0.0,0.0,0.0,0.0,0.0
2012-05-23,0.0,0.0,0.0,0.0,17.5,10.0,0.0,0.0,0.0,0.0,0.0
2012-05-24,0.0,0.0,0.0,0.0,16.142857,9.22449,0.0,0.0,0.0,0.0,0.0
2012-05-25,0.0,0.0,0.0,0.0,15.785714,9.020409,0.0,0.0,0.0,0.0,0.0
2012-05-26,0.0,0.0,0.0,0.0,8.321428,4.7755103,0.0,1.5,1.0,1.2,2.0
2012-05-27,0.0,0.0,0.25,0.06666667,9.285714,5.714286,0.0,1.5,0.0,2.8,0.0
2012-05-28,0.0,0.0,0.0,0.0,14.75,8.67347,0.0,0.0,0.0,1.8,0.0
2012-05-29,0.0,0.0,0.0,0.0,15.25,8.714286,0.0,0.0,0.0,0.0,0.0
2012-05-30,0.0,0.0,0.0,0.0,13.357142,7.632653,0.0,0.0,0.0,0.0,0.0
2012-05-31,0.0,0.0,0.0,0.0,10.392858,5.9387755,0.0,0.0,0.0,0.0,0.0
2012-06-01,0.0,0.0,0.0,0.0,6.75,3.857143,0.0,0.0,0.0,0.0,0.0
2012-06-02,0.0,0.0,0.0,0.0,3.892857,2.2244897,0.0,0.0,0.0,0.0,0.0
2012-06-03,0.0,0.0,0.0,0.0,1.4285715,0.81632656,0.0,0.0,0.0,0.0,0.0
2012-06-04,0.0,0.0,0.0,0.0,0.2857143,0.1632653,0.0,0.0,0.0,0.0,0.0
2012-06-05,0.0,0.0,0.0,0.0,1.5714285,1.6122448,0.0,0.0,0.0,0.0,0.0
2012-06-06,0.0,0.0,0.0,0.0,1.2142857,1.1836735,0.0,0.5,0.0,0.0,0.0
2012-06-07,0.0,0.0,0.0,0.0,0.89285713,0.7346939,0.0,0.0,0.0,0.0,0.0
2012-06-08,0.0,0.0,0.0,0.0,0.0,0.0,0.0,0.0,0.0,0.0,0.0
2012-06-09,0.0,0.0,0.0,0.0,0.0,0.0,0.0,0.0,0.0,0.0,0.0
2012-06-10,0.0,0.0,0.0,0.0,0.0,0.0,0.0,0.0,0.0,0.0,0.0
2012-06-11,0.0,0.0,0.0,0.0,0.0,0.0,0.0,0.0,0.0,0.0,0.0
2012-06-12,0.0,0.0,0.0,0.0,0.0,0.0,0.0,0.0,0.0,0.0,0.0
2012-06-13,0.0,0.0,0.0,0.0,0.0,0.0,0.0,0.0,0.0,0.0,0.0
2012-06-14,0.0,0.0,0.0,0.0,0.0,0.0,0.0,0.0,0.0,0.0,0.0
2012-06-15,0.0,0.0,0.0,0.0,0.0,0.0,0.0,0.0,0.0,0.0,0.0
2012-06-16,0.0,0.0,0.0,0.0,0.0,0.0,0.0,0.0,0.0,0.0,0.0
2012-06-17,0.0,0.0,0.0,0.0,0.0,0.0,0.0,0.0,0.0,0.0,0.0
2012-06-18,0.0,0.0,0.0,0.0,0.0,0.0,0.0,0.0,0.0,0.0,0.0
2012-06-19,0.0,0.0,0.0,0.0,0.0,0.0,0.0,0.0,0.0,0.0,0.0
2012-06-20,0.0,0.0,0.0,0.0,0.0,0.0,0.0,0.0,0.0,0.0,0.0
2012-06-21,0.0,0.0,0.0,0.0,0.0,0.0,0.0,0.0,0.0,0.0,0.0
2012-06-22,0.0,0.0,0.0,0.0,0.0,0.0,0.0,0.0,0.0,0.0,0.0
2012-06-23,0.0,0.0,0.0,0.0,0.0,0.0,0.0,0.0,0.0,0.0,0.0
2012-06-24,0.0,0.0,0.0,0.0,0.0,0.0,0.0,0.0,0.0,0.0,0.0
2012-06-25,0.0,0.0,0.0,0.0,0.0,0.0,0.0,0.0,0.0,0.0,0.0
2012-06-26,0.0,0.0,0.0,0.0,0.0,0.0,0.0,0.0,0.0,0.0,0.0
2012-06-27,0.0,0.0,0.0,0.0,0.0,0.0,0.0,0.0,0.0,0.0,0.0
2012-06-28,0.0,0.0,0.0,0.0,0.0,0.0,0.0,0.0,0.0,0.0,0.0
2012-06-29,0.0,0.0,0.0,0.0,0.0,0.0,0.0,0.0,0.0,0.0,0.0
2012-06-30,0.0,0.0,0.0,0.0,0.0,0.0,0.0,0.0,0.0,0.0,0.0
2012-07-01,0.0,0.0,0.0,0.0,0.0,0.0,0.0,0.0,0.0,0.0,0.0
2012-07-02,0.0,0.0,0.0,0.0,0.0,0.0,0.0,0.0,0.0,0.0,0.0
2012-07-03,0.0,0.0,0.0,0.0,0.0,0.0,0.0,0.0,0.0,0.0,0.0
2012-07-04,0.0,0.0,0.0,0.0,0.0,0.0,0.0,0.0,0.0,0.0,0.0
2012-07-05,0.0,0.0,0.0,0.0,0.0,0.0,0.0,0.0,0.0,0.0,0.0
2012-07-06,0.0,0.0,0.0,0.0,0.0,0.0,0.0,0.0,0.0,0.0,0.0
2012-07-07,0.0,0.0,0.0,0.0,0.0,0.0,0.0,0.0,0.0,0.0,0.0
2012-07-08,0.0,0.0,0.0,0.0,0.0,0.0,0.0,0.0,0.0,0.0,0.0
2012-07-09,0.0,0.0,0.0,0.0,0.0,0.0,0.0,0.0,0.0,0.0,0.0
2012-07-10,0.0,0.0,0.0,0.0,0.0,0.0,0.0,0.0,0.0,0.0,0.0
2012-07-11,0.0,0.0,0.0,0.0,0.0,0.0,0.0,0.0,0.0,0.0,0.0
2012-07-12,0.0,0.0,0.0,0.0,0.0,0.0,0.0,0.0,0.0,0.0,0.0
2012-07-13,0.0,0.0,0.0,0.0,0.0,0.0,0.0,0.0,0.0,0.0,0.0
2012-07-14,0.0,0.0,0.0,0.0,0.0,0.0,0.0,0.0,0.0,0.0,0.0
2012-07-15,0.0,0.0,0.0,0.0,0.0,0.0,0.0,0.0,0.0,0.0,0.0
2012-07-16,0.0,0.0,0.0,0.0,0.0,0.0,0.0,0.0,0.0,0.0,0.0
2012-07-17,0.0,0.0,0.0,0.0,0.0,0.0,0.0,0.0,0.0,0.0,0.0
2012-07-18,0.0,0.0,0.0,0.0,0.0,0.0,0.0,0.0,0.0,0.0,0.0
2012-07-19,0.0,0.0,0.0,0.0,0.0,0.0,0.0,0.0,0.0,0.0,0.0
2012-07-20,0.0,0.0,0.0,0.0,0.0,0.0,0.0,0.0,0.0,0.0,0.0
2012-07-21,0.0,0.0,0.0,0.0,0.0,0.0,0.0,0.0,0.0,0.0,0.0
2012-07-22,0.0,0.0,0.0,0.0,0.0,0.0,0.0,0.0,0.0,0.0,0.0
2012-07-23,0.0,0.0,0.0,0.0,0.0,0.0,0.0,0.0,0.0,0.0,0.0
2012-07-24,0.0,0.0,0.0,0.0,0.0,0.0,0.0,0.0,0.0,0.0,0.0
2012-07-25,0.0,0.0,0.0,0.0,0.0,0.0,0.0,0.0,0.0,0.0,0.0
2012-07-26,0.0,0.0,0.0,0.0,0.0,0.0,0.0,0.0,0.0,0.0,0.0
2012-07-27,0.0,0.0,0.0,0.0,0.0,0.0,0.0,0.0,0.0,0.0,0.0
2012-07-28,0.0,0.0,0.0,0.0,0.0,0.0,0.0,0.0,0.0,0.0,0.0
2012-07-29,0.0,0.0,0.0,0.0,0.0,0.0,0.0,0.0,0.0,0.0,0.0
2012-07-30,0.0,0.0,0.0,0.0,0.0,0.0,0.0,0.0,0.0,0.0,0.0
2012-07-31,0.0,0.0,0.0,0.0,0.0,0.0,0.0,0.0,0.0,0.0,0.0
2012-08-01,0.0,0.0,0.0,0.0,0.0,0.0,0.0,0.0,0.0,0.0,0.0
2012-08-02,0.0,0.0,0.0,0.0,0.0,0.0,0.0,0.0,0.0,0.0,0.0
2012-08-03,0.0,0.0,0.0,0.0,0.0,0.0,0.0,0.0,0.0,0.0,0.0
2012-08-04,0.0,0.0,0.0,0.0,0.0,0.0,0.0,0.0,0.0,0.0,0.0
2012-08-05,0.0,0.0,0.0,0.0,0.0,0.0,0.0,0.0,0.0,0.0,0.0
2012-08-06,0.0,0.0,0.0,0.0,0.0,0.0,0.0,0.0,0.0,0.0,0.0
2012-08-07,0.0,0.0,0.0,0.0,0.0,0.0,0.0,0.0,0.0,0.0,0.0
2012-08-08,0.0,0.0,0.0,0.0,0.0,0.0,0.0,0.0,0.0,0.0,0.0
2012-08-09,0.0,0.0,0.0,0.0,0.0,0.0,0.0,0.0,0.0,0.0,0.0
2012-08-10,0.0,0.0,0.0,0.0,0.0,0.0,0.0,0.0,0.0,0.0,0.0
2012-08-11,0.0,0.0,0.0,0.0,0.0,0.0,0.0,0.0,0.0,0.0,0.0
2012-08-12,0.0,0.0,0.0,0.0,0.0,0.0,0.0,0.0,0.0,0.0,0.0
2012-08-13,0.0,0.0,0.0,0.0,0.0,0.0,0.0,0.0,0.0,0.0,0.0
2012-08-14,0.0,0.0,0.0,0.0,0.0,0.0,0.0,0.0,0.0,0.0,0.0
2012-08-15,0.0,0.0,0.0,0.0,0.0,0.0,0.0,0.0,0.0,0.0,0.0
2012-08-16,0.0,0.0,0.0,0.0,0.0,0.0,0.0,0.0,0.0,0.0,0.0
2012-08-17,0.0,0.0,0.0,0.0,0.0,0.0,0.0,0.0,0.0,0.0,0.0
2012-08-18,0.0,0.0,0.0,0.0,0.0,0.0,0.0,0.0,0.0,0.0,0.0
2012-08-19,0.0,0.0,0.0,0.0,0.0,0.0,0.0,0.0,0.0,0.0,0.0
2012-08-20,0.0,0.0,0.0,0.0,0.0,0.0,0.0,0.0,0.0,0.0,0.0
2012-08-21,0.0,0.0,0.0,0.0,0.0,0.0,0.0,0.0,0.0,0.0,0.0
2012-08-22,0.0,0.0,0.0,0.0,0.0,0.0,0.0,0.0,0.0,0.0,0.0
2012-08-23,0.0,0.0,0.0,0.0,0.0,0.0,0.0,0.0,0.0,0.0,0.0
2012-08-24,0.0,0.0,0.0,0.0,0.0,0.0,0.0,0.0,0.0,0.0,0.0
2012-08-25,0.0,0.0,0.0,0.0,0.0,0.0,0.0,0.0,0.0,0.0,0.0
2012-08-26,0.0,0.0,0.0,0.0,0.0,0.0,0.0,0.0,0.0,0.0,0.0
2012-08-27,0.0,0.0,0.0,0.0,0.0,0.0,0.0,0.0,0.0,0.0,0.0
2012-08-28,0.0,0.0,0.0,0.0,0.0,0.0,0.0,0.0,0.0,0.0,0.0
2012-08-29,0.0,0.0,0.0,0.0,0.0,0.0,0.0,0.0,0.0,0.0,0.0
2012-08-30,0.0,0.0,0.0,0.0,0.0,0.0,0.0,0.0,0.0,0.0,0.0
2012-08-31,0.0,0.0,0.0,0.0,0.0,0.0,0.0,0.0,0.0,0.0,0.0
2012-09-01,0.0,0.0,0.0,0.0,0.0,0.0,0.0,0.0,0.0,0.0,0.0
2012-09-02,0.0,0.0,0.0,0.0,0.0,0.0,0.0,0.0,0.0,0.0,0.0
2012-09-03,0.0,0.0,0.0,0.0,0.0,0.0,0.0,0.0,0.0,0.0,0.0
2012-09-04,0.0,0.0,0.0,0.0,0.0,0.0,0.0,0.0,0.0,0.0,0.0
2012-09-05,0.0,0.0,0.0,0.0,0.0,0.0,0.0,0.0,0.0,0.0,0.0
2012-09-06,0.0,0.0,0.0,0.0,0.0,0.0,0.0,0.0,0.0,0.0,0.0
2012-09-07,0.0,0.0,0.0,0.0,0.0,0.0,0.0,0.0,0.0,0.0,0.0
2012-09-08,0.0,0.0,0.0,0.0,0.0,0.0,0.0,0.0,0.0,0.0,0.0
2012-09-09,0.0,0.0,0.0,0.0,0.0,0.0,0.0,0.0,0.0,0.0,0.0
2012-09-10,0.0,0.0,0.0,0.0,0.0,0.0,0.0,0.0,0.0,0.0,0.0
2012-09-11,0.0,0.0,0.0,0.0,0.0,0.0,0.0,0.0,0.0,0.0,0.0
2012-09-12,0.0,0.0,0.0,0.0,0.0,0.0,0.0,0.0,0.0,0.0,0.0
2012-09-13,0.0,0.0,0.0,0.0,0.0,0.0,0.0,0.0,0.0,0.0,0.0
2012-09-14,0.0,0.0,0.0,0.0,0.0,0.0,0.0,0.0,0.0,0.0,0.0
2012-09-15,0.0,0.0,0.0,0.0,0.0,0.0,0.0,0.0,0.0,0.0,0.0
2012-09-16,0.0,0.0,0.0,0.0,0.0,0.0,0.0,0.0,0.0,0.0,0.0
2012-09-17,0.0,0.0,0.0,0.0,0.0,0.0,0.0,0.0,0.0,0.0,0.0
2012-09-18,0.0,0.0,0.0,0.0,0.0,0.0,0.0,0.0,0.0,0.0,0.0
2012-09-19,0.0,0.0,0.0,0.0,0.0,0.0,0.0,0.0,0.0,0.0,0.0
2012-09-20,0.0,0.0,0.0,0.0,0.0,0.0,0.0,0.0,0.0,0.0,0.0
2012-09-21,0.0,0.0,0.0,0.0,0.0,0.0,0.0,0.0,0.0,0.0,0.0
2012-09-22,0.0,0.0,0.0,0.0,0.0,0.0,0.0,0.0,0.0,0.0,0.0
2012-09-23,0.0,0.0,0.0,0.0,0.0,0.0,0.0,0.0,0.0,0.0,0.0
2012-09-24,0.0,0.0,0.0,0.0,0.0,0.0,0.0,0.0,0.0,0.0,0.0
2012-09-25,0.0,0.0,0.0,0.0,0.0,0.0,0.0,0.0,0.0,0.0,0.0
2012-09-26,0.0,0.0,0.0,0.0,0.0,0.0,0.0,0.0,0.0,0.0,0.0
2012-09-27,0.0,0.0,0.0,0.0,0.0,0.0,0.0,0.0,0.0,0.0,0.0
2012-09-28,0.0,0.0,0.0,0.0,0.0,0.0,0.0,0.0,0.0,0.0,0.0
2012-09-29,0.0,0.0,0.0,0.0,0.0,0.0,0.0,0.0,0.0,0.0,0.0
2012-09-30,0.0,0.0,0.0,0.0,0.0,0.0,0.0,0.0,0.0,0.0,0.0
2012-10-01,0.0,0.0,0.0,0.0,0.0,0.0,0.0,0.0,0.0,0.0,0.0
2012-10-02,0.0,0.0,0.0,0.0,0.0,0.0,0.0,0.0,0.0,0.0,0.0
2012-10-03,0.0,0.0,0.0,0.0,0.0,0.0,0.0,0.0,0.0,0.0,0.0
2012-10-04,0.0,0.0,0.0,0.0,0.0,0.0,0.0,0.0,0.0,0.0,0.0
2012-10-05,0.0,0.0,0.0,0.0,0.0,0.0,0.0,0.0,0.0,0.0,0.0
2012-10-06,0.0,0.0,0.0,0.0,0.0,0.0,0.0,0.0,0.0,0.0,0.0
2012-10-07,0.0,0.0,0.0,0.0,0.0,0.0,0.0,0.0,0.0,0.0,0.0
2012-10-08,0.0,0.0,0.0,0.0,0.0,0.0,0.0,0.0,0.0,0.0,0.0
2012-10-09,0.0,0.0,0.0,0.0,0.0,0.0,0.0,0.0,0.0,0.0,0.0
2012-10-10,0.0,0.0,0.0,0.0,0.0,0.0,0.0,0.0,0.0,0.0,0.0
2012-10-11,0.0,0.0,0.0,0.0,0.0,0.0,0.0,0.0,0.0,0.0,0.0
2012-10-12,1.2222222,0.1392405,0.0,0.0,0.75,0.42857143,0.0,0.0,0.0,0.0,0.0
2012-10-13,0.8888889,0.20253165,0.0,0.0,0.96428573,0.5714286,0.0,0.0,0.0,0.0,0.0
2012-10-14,0.0,0.0,0.0,0.0,0.0,0.0,0.0,0.0,0.0,0.0,0.0
2012-10-15,0.0,0.0,0.0,0.0,0.0,0.0,0.0,0.0,0.0,0.0,0.0
2012-10-16,0.0,0.0,0.0,0.0,0.0,0.0,0.0,0.0,0.0,0.0,0.0
2012-10-17,0.0,0.0,0.0,0.0,0.0,0.0,0.0,0.0,0.0,0.0,0.0
2012-10-18,0.0,0.0,0.0,0.0,0.0,0.0,0.0,0.0,0.0,0.0,0.0
2012-10-19,0.0,0.0,0.0,0.0,0.0,0.0,0.0,0.0,0.0,0.0,0.0
2012-10-20,0.0,0.0,0.0,0.0,0.0,0.0,0.0,0.0,0.0,0.0,0.0
2012-10-21,0.0,0.0,0.0,0.0,0.0,0.0,0.0,0.0,0.0,0.0,0.0
2012-10-22,0.0,0.0,0.0,0.0,0.4642857,0.3265306,0.27272728,0.5,0.0,0.0,0.0
2012-10-23,15.333333,0.012658228,0.0,0.0,11.607142,9.040816,3.1818182,48.5,59.0,20.0,30.0
2012-10-24,15.555555,0.012658228,0.0,0.0,11.571428,9.081633,7.181818,65.0,82.0,29.8,36.5
2012-10-25,15.555555,0.012658228,0.0,0.0,10.785714,8.612245,6.4848485,81.5,101.0,36.4,47.5
2012-10-26,13.888889,0.0,0.0,0.0,12.857142,9.77551,6.3333335,83.0,100.0,36.2,47.0
2012-10-27,9.555555,0.0,0.0,0.0,10.714286,8.653061,3.6060605,82.0,94.0,32.6,46.5
2012-10-28,4.4444447,0.0,0.0,0.0,8.535714,6.9387755,2.2727273,72.0,86.0,25.8,40.5
2012-10-29,1.4444444,0.0,0.0,0.0,5.178571,3.877551,0.969697,58.5,79.0,17.6,29.5
2012-10-30,0.0,0.0,0.0,0.0,1.7142857,1.1632653,0.0,41.0,65.0,9.2,10.5
2012-10-31,0.0,0.0,0.0,0.0,0.35714287,0.20408164,0.0,23.5,51.0,1.6,0.5
2012-11-01,0.0,0.0,0.0,0.0,0.25,0.14285715,0.0,15.0,44.0,0.0,0.0
2012-11-02,0.0,0.0,0.0,0.0,0.25,0.14285715,0.0,14.5,39.0,0.8,0.0
2012-11-03,0.0,0.0,0.0,0.0,0.25,0.14285715,0.0,6.5,32.0,0.0,0.0
2012-11-04,0.0,0.0,0.0,0.0,0.14285715,0.08163265,0.0,0.0,22.0,0.0,0.0
2012-11-05,0.0,0.0,0.0,0.0,0.0,0.0,0.0,0.0,11.0,0.0,0.0
2012-11-06,0.0,0.0,0.0,0.0,0.0,0.0,0.0,0.0,0.0,0.0,0.0
2012-11-07,0.0,0.0,0.0,0.0,0.0,0.0,0.0,0.0,0.0,0.0,0.0
2012-11-08,0.0,0.0,0.0,0.0,0.0,0.0,0.0,0.0,0.0,0.0,0.0
2012-11-09,3.3333333,0.0,0.0,0.0,3.0,2.632653,7.5454545,17.0,19.0,9.2,8.5
2012-11-10,6.0,0.18987341,4.25,1.8,5.714286,5.6734695,9.848485,23.0,26.0,11.2,9.0
2012-11-11,7.2222223,1.2151898,9.5,4.4666667,7.464286,7.0612245,11.090909,30.5,34.0,13.8,12.0
2012-11-12,7.2222223,1.1518987,9.5,4.133333,7.535714,7.122449,8.393939,34.5,42.0,13.8,13.0
2012-11-13,5.0,0.37974682,1.25,0.4,7.535714,6.1836734,8.060606,34.5,41.0,13.2,12.5
2012-11-14,4.3333335,0.07594936,0.0,0.0,6.428571,4.8163266,6.121212,34.0,40.0,12.2,10.5
2012-11-15,2.4444444,0.012658228,0.0,0.0,4.571429,3.6938775,2.2727273,28.5,37.0,9.8,7.0
2012-11-16,2.5555556,0.03797468,0.0,0.0,4.785714,3.6734693,0.33333334,21.5,32.0,7.4,2.0
2012-11-17,6.888889,0.34177214,0.0,0.0,12.821428,10.591837,0.3030303,22.5,33.0,8.0,4.0
2012-11-18,28.333334,1.2911392,3.25,0.8666667,32.464287,29.163265,2.939394,44.5,42.0,18.0,27.0
2012-11-19,26.222221,1.1898735,3.0,0.8,37.035713,33.44898,3.3030303,67.0,70.0,27.0,30.5
2012-11-20,28.666666,0.8227848,2.0,0.53333336,36.607143,32.77551,4.0,70.5,70.0,25.6,31.5
2012-11-21,26.11111,0.5443038,0.5,0.13333334,37.464287,32.734695,3.121212,71.0,71.0,24.6,37.5
2012-11-22,26.666666,0.36708862,0.0,0.0,38.392857,33.69388,2.6363637,75.0,76.0,25.4,38.0
2012-11-23,24.777779,0.1392405,0.0,0.0,46.607143,38.97959,1.9090909,69.0,71.0,23.4,36.5
2012-11-24,22.333334,0.025316456,0.0,0.0,45.214287,38.42857,1.3333334,60.0,65.0,21.2,31.5
2012-11-25,19.88889,0.0,0.0,0.0,44.17857,37.959183,1.0,51.0,61.0,18.0,26.5
2012-11-26,17.333334,0.0,0.0,0.0,47.0,39.30612,0.90909094,46.0,58.0,16.0,23.0
2012-11-27,16.0,0.0,0.0,0.0,45.25,36.69388,0.7878788,41.0,55.0,14.2,19.5
2012-11-28,15.333333,0.0,0.0,0.0,47.5,38.122448,0.6666667,38.5,54.0,13.4,17.0
2012-11-29,29.666666,0.06329114,0.0,0.0,64.53571,54.469387,1.3636364,63.0,84.0,21.2,17.5
2012-11-30,40.444443,0.088607594,0.0,0.0,81.57143,72.408165,1.5454545,63.0,82.0,24.0,15.0
2012-12-01,79.77778,0.2278481,0.75,0.2,139.53572,126.61224,1.9090909,116.0,126.0,79.8,49.5
2012-12-02,78.55556,0.30379745,0.25,0.06666667,147.89285,133.08163,2.121212,121.5,123.0,87.2,46.5
2012-12-03,99.333336,4.8607593,7.0,1.8666667,190.85715,166.57143,5.0,156.5,161.0,108.2,96.0
2012-12-04,119.0,4.151899,6.25,1.6666666,196.46428,170.77551,4.939394,164.0,169.0,104.2,99.5
2012-12-05,90.55556,2.4683545,4.0,1.0666667,203.10715,174.44897,5.212121,178.0,186.0,103.2,104.0
2012-12-06,90.77778,1.772152,2.0,0.53333336,209.0,178.59184,4.969697,200.5,213.0,112.4,108.0
2012-12-07,90.0,1.607595,1.0,0.26666668,213.5,182.81633,4.787879,198.0,213.0,110.6,107.0
2012-12-08,89.77778,1.5443038,0.0,0.0,215.64285,185.63266,4.6363635,182.5,192.0,110.0,105.5
2012-12-09,113.55556,1.4556962,0.0,0.0,212.85715,184.20409,4.4545455,163.5,163.0,109.6,105.0
2012-12-10,88.666664,1.3670886,0.0,0.0,210.35715,179.53061,4.2727275,160.0,161.0,103.4,105.0
2012-12-11,87.888885,1.278481,0.0,0.0,208.0,177.59184,3.2121212,159.0,160.0,96.2,103.5
2012-12-12,87.666664,1.2151898,0.0,0.0,211.10715,178.9796,6.6363635,164.5,162.0,100.4,108.0
2012-12-13,125.0,3.2405064,5.25,1.4,228.17857,199.93878,12.545455,181.5,176.0,116.2,109.5
2012-12-14,112.888885,3.3670886,4.5,1.2666667,236.57143,206.06122,10.181818,181.0,179.0,116.2,109.0
2012-12-15,109.44444,3.379747,3.25,0.93333334,238.78572,208.0,11.121212,183.5,179.0,122.0,110.5
2012-12-16,125.0,3.506329,4.5,1.2666667,238.67857,208.53061,16.666666,184.5,180.0,121.0,112.0
2012-12-17,98.77778,3.506329,4.5,1.2,243.96428,212.40816,13.242424,199.5,196.0,125.8,117.0
2012-12-18,162.33333,5.227848,10.25,2.7333333,276.2143,244.7551,13.30303,235.0,238.0,147.8,124.0
2012-12-19,160.66667,7.594937,22.0,8.466666,261.57144,236.04082,13.757576,245.5,251.0,149.4,132.5
2012-12-20,162.77777,7.607595,22.0,8.4,282.42856,250.30612,12.969697,241.0,250.0,149.4,132.0
2012-12-21,158.88889,7.556962,20.5,6.733333,282.14285,249.57143,31.69697,224.0,224.0,152.6,137.0
2012-12-22,170.22223,7.151899,18.5,5.4,293.7143,263.87756,58.696968,247.5,246.0,160.4,150.5
2012-12-23,183.88889,8.227848,35.5,11.333333,320.7143,294.9592,70.90909,297.0,303.0,193.8,190.0
2012-12-24,228.22223,18.27848,74.25,24.933332,381.32144,355.40817,92.818184,352.5,368.0,223.2,246.0
2012-12-25,221.44444,19.189873,76.5,25.733334,375.67856,350.8163,92.51515,360.5,379.0,222.6,250.0
2012-12-26,251.0,27.215189,88.75,30.266666,421.32144,390.67346,112.84849,394.0,416.0,241.0,273.0
2012-12-27,246.0,36.02532,112.75,39.533333,432.0,401.32654,113.69697,421.5,452.0,244.4,284.5
2012-12-28,254.66667,35.93671,112.25,39.4,422.7857,394.4694,116.818184,420.5,452.0,245.6,286.0
2012-12-29,254.0,35.93671,113.0,39.666668,410.10715,384.97958,114.90909,421.0,452.0,247.8,286.0
2012-12-30,255.11111,36.088608,113.25,39.933334,433.57144,402.1837,115.545456,421.0,452.0,249.6,287.0
2012-12-31,256.66666,36.151897,113.75,40.066666,426.39285,397.20407,116.818184,422.5,452.0,252.8,288.5
2013-01-01,246.22223,36.21519,113.0,39.666668,447.35715,411.40817,130.84848,416.0,453.0,253.2,289.0
2013-01-02,256.33334,36.13924,112.0,38.933334,446.5,410.63266,128.63637,416.0,453.0,252.8,288.0
2013-01-03,256.0,34.63291,108.75,37.066666,445.17856,409.4898,95.878784,416.5,453.0,251.4,288.5
2013-01-04,256.22223,33.126583,104.25,35.6,447.85715,410.7755,113.121216,417.5,453.0,251.6,288.5
2013-01-05,249.11111,31.772152,99.75,34.133335,448.7143,410.9592,111.51515,419.0,454.0,252.8,289.0
2013-01-06,255.88889,31.41772,97.5,33.333332,451.14285,413.1837,115.30303,420.0,454.0,255.0,289.5
2013-01-07,257.33334,34.810127,105.75,37.0,448.0357,411.63266,125.84849,424.5,453.0,259.4,290.5
2013-01-08,258.22223,34.3038,103.5,35.533333,443.17856,407.59183,127.393936,419.0,453.0,257.8,291.5
2013-01-09,190.11111,29.886076,95.75,32.8,449.25,409.4898,91.606064,418.0,452.0,256.6,291.0
2013-01-10,265.22223,28.443037,90.75,31.066668,450.60715,414.08163,136.51515,456.0,500.0,275.8,303.5
2013-01-11,262.1111,32.79747,102.75,37.666668,458.10715,419.93878,121.878784,465.5,514.0,275.2,303.0
2013-01-12,252.11111,33.13924,104.5,38.666668,446.7143,411.97958,127.51515,467.0,515.0,275.2,303.5
2013-01-13,256.0,33.189873,104.5,38.666668,470.4643,426.38776,126.57576,470.0,514.0,275.4,303.5
2013-01-14,254.66667,33.088608,104.5,38.666668,469.0,425.4694,127.21212,468.0,514.0,275.4,304.0
2013-01-15,257.77777,33.07595,104.5,38.6,477.92856,431.7755,126.57576,468.0,514.0,273.8,303.5
2013-01-16,257.77777,32.86076,102.5,36.066666,460.7143,418.65308,124.57576,467.0,513.0,276.6,303.5
2013-01-17,261.66666,29.974684,92.25,31.6,473.07144,426.0408,130.33333,467.0,514.0,275.2,304.0
2013-01-18,262.77777,27.075949,79.75,27.466667,481.42856,430.30612,117.454544,470.0,515.0,277.2,305.0
2013-01-19,246.77777,24.784811,71.5,24.466667,492.92856,437.16327,118.878784,471.5,515.0,276.2,306.0
2013-01-20,254.77777,22.392405,63.75,21.4,490.5357,433.89795,114.242424,475.5,516.0,276.6,307.5
2013-01-21,254.55556,19.98734,59.0,19.066668,487.2857,429.69388,113.757576,478.5,516.0,276.0,308.5
2013-01-22,257.66666,17.974684,49.5,15.133333,486.89285,427.20407,131.66667,480.5,516.0,276.2,310.0
2013-01-23,259.44446,16.088608,43.75,12.066667,487.17856,424.67346,128.45454,484.0,514.0,275.0,310.5
2013-01-24,271.44446,16.215189,42.25,11.266666,492.10715,427.83673,124.30303,483.0,515.0,275.2,310.5
2013-01-25,276.44446,18.177216,41.5,11.066667,486.25,424.38776,125.90909,480.0,514.0,281.8,310.0
2013-01-26,268.1111,18.329113,39.25,10.466666,488.7143,424.8163,123.333336,479.0,513.0,280.8,309.0
2013-01-27,282.22223,19.936708,43.25,11.533334,485.92856,422.91837,121.84849,480.5,515.0,280.4,309.5
2013-01-28,276.66666,20.594936,45.75,12.666667,488.60715,424.91837,122.15151,482.5,520.0,289.8,313.0
2013-01-29,260.22223,20.632912,46.0,12.733334,491.89285,426.73468,117.36364,485.5,520.0,288.0,313.5
2013-01-30,281.33334,20.594936,45.75,12.333333,483.07144,421.0,98.121216,480.0,520.0,288.0,314.5
2013-01-31,276.1111,19.088608,41.75,11.133333,488.57144,422.9592,120.0,474.0,519.0,285.4,313.5
2013-02-01,255.55556,18.189873,40.0,10.666667,493.64285,425.97958,112.878784,481.0,517.0,284.0,311.0
2013-02-02,262.1111,17.594936,37.75,10.066667,495.14285,425.7551,89.27273,479.0,516.0,284.2,310.5
2013-02-03,262.77777,17.303797,36.75,9.8,492.2857,423.2245,81.63636,478.0,515.0,283.0,310.0
2013-02-04,264.44446,16.949368,35.25,9.4,497.85715,426.1837,102.21212,470.0,514.0,282.2,308.0
2013-02-05,266.66666,16.518988,33.25,8.866667,507.92856,432.2449,96.545456,473.5,513.0,280.2,310.5
2013-02-06,268.66666,16.354431,31.5,8.4,493.89285,421.26532,94.72727,468.0,514.0,280.8,307.0
2013-02-07,280.8889,16.354431,31.25,8.333333,490.5,417.97958,93.30303,467.0,514.0,281.2,311.5
2013-02-08,262.77777,18.822784,34.5,9.466666,500.07144,426.20407,104.333336,475.0,523.0,280.4,308.0
2013-02-09,253.77777,24.531645,49.25,16.533333,503.67856,429.0,81.57576,484.5,527.0,282.0,308.5
2013-02-10,254.33333,24.531645,48.75,16.4,504.2143,429.4898,107.393936,485.5,526.0,279.0,308.0
2013-02-11,265.77777,24.506329,49.25,16.533333,499.39285,426.40817,100.57576,484.5,527.0,280.4,308.0
2013-02-12,246.66667,24.594936,49.0,16.266666,512.75,435.83673,59.636364,484.5,527.0,279.6,308.0
2013-02-13,255.22223,24.037975,49.25,15.0,511.35715,434.61224,103.48485,478.5,528.0,280.0,308.0
2013-02-14,251.33333,22.41772,41.0,11.866667,510.64285,433.20407,77.30303,479.0,527.0,280.0,307.5
2013-02-15,255.0,20.113924,37.5,10.066667,495.67856,421.34692,73.121216,477.0,526.0,244.8,307.0
2013-02-16,230.55556,18.189873,33.75,9.0,495.35715,418.8163,71.333336,478.5,523.0,243.6,305.0
2013-02-17,224.77777,17.772152,30.5,8.133333,492.42856,415.5306,67.84849,474.5,522.0,241.6,300.5
2013-02-18,226.77777,17.620253,28.5,7.6,504.0357,423.30612,66.181816,466.0,520.0,241.4,299.5
2013-02-19,257.66666,17.58228,26.75,7.133333,502.7857,422.2857,67.969696,464.5,520.0,241.4,299.5
2013-02-20,228.11111,19.113924,32.0,9.866667,503.42856,423.12244,82.72727,482.5,535.0,243.8,310.0
2013-02-21,239.33333,19.13924,32.0,9.8,473.10715,402.5102,57.727272,479.5,536.0,244.2,305.5
2013-02-22,233.88889,19.13924,32.0,9.666667,475.9643,404.14285,73.606064,475.5,535.0,243.6,313.0
2013-02-23,267.0,18.886076,31.75,9.066667,473.07144,401.5306,78.51515,475.0,535.0,242.2,308.0
2013-02-24,201.11111,18.759493,31.0,8.6,477.14285,404.59183,84.030304,474.5,535.0,240.8,308.0
2013-02-25,204.11111,18.772152,30.25,8.4,471.10715,400.73468,83.06061,473.5,536.0,238.6,310.5
2013-02-26,198.77777,18.27848,28.5,7.6,512.8214,429.73468,67.27273,474.0,536.0,237.6,307.5
2013-02-27,203.33333,18.253164,28.5,7.6,513.8571,430.57144,67.09091,473.0,536.0,237.8,308.0
2013-02-28,188.22223,18.253164,27.5,7.3333335,511.57144,427.5306,65.181816,472.5,534.0,237.0,311.5
2013-03-01,192.22223,17.974684,25.0,6.6666665,510.14285,425.67346,66.545456,467.0,531.0,235.2,309.0
2013-03-02,169.22223,17.075949,18.25,4.866667,511.75,422.20407,60.090908,459.5,527.0,230.0,305.5
2013-03-03,167.66667,15.848102,13.5,3.6,494.57144,407.26532,52.21212,456.0,527.0,227.0,304.5
2013-03-04,171.66667,15.810126,13.5,3.6,502.67856,415.59183,50.939392,477.0,559.0,232.2,312.5
2013-03-05,169.88889,15.49367,12.75,3.4,504.07144,416.44897,49.363636,479.5,561.0,232.4,306.5
2013-03-06,169.55556,15.177216,12.25,3.2666667,512.75,424.36734,49.484848,482.0,564.0,237.4,316.5
2013-03-07,172.66667,15.240506,13.5,3.7333333,531.6071,442.7143,58.727272,517.5,598.0,253.4,341.0
2013-03-08,178.44444,16.392405,15.75,4.5333333,547.9643,457.69388,58.0,532.5,616.0,268.8,344.0
2013-03-09,182.55556,23.645569,25.75,7.9333334,545.5714,457.85715,57.696968,537.5,617.0,260.2,340.5
2013-03-10,182.77777,22.86076,25.25,7.8,530.75,447.5306,54.848484,541.5,618.0,253.8,340.5
2013-03-11,181.44444,18.658228,16.75,4.733333,534.7143,449.14285,48.696968,533.5,616.0,253.4,339.5
2013-03-12,177.44444,15.911392,11.5,3.0666666,557.5714,462.1837,42.545456,529.5,616.0,250.4,332.5
2013-03-13,171.66667,13.43038,5.5,1.4666667,558.5714,460.16327,34.848484,517.0,610.0,241.6,327.0
2013-03-14,163.55556,9.341772,0.0,0.0,557.0,455.91837,27.181818,501.0,603.0,230.8,316.0
2013-03-15,172.33333,5.708861,0.0,0.0,547.5357,444.20407,21.030304,478.0,597.0,219.4,302.0
2013-03-16,234.88889,3.9746835,0.0,0.0,544.1071,438.59183,16.666666,456.5,590.0,230.2,290.5
2013-03-17,207.77777,2.9240506,0.0,0.0,537.8214,432.10205,14.242424,438.5,576.0,224.0,282.5
2013-03-18,203.88889,2.4303796,0.0,0.0,534.5357,427.4898,13.181818,432.5,571.0,219.4,274.5
2013-03-19,200.88889,2.177215,0.0,0.0,528.3214,421.42856,11.787879,422.5,557.0,211.6,268.5
2013-03-20,185.22223,1.7341772,0.0,0.0,525.3214,417.63266,10.424242,420.5,552.0,206.0,259.0
2013-03-21,194.77777,1.6329114,0.0,0.0,526.6786,418.97958,11.090909,460.0,591.0,214.0,265.0
2013-03-22,194.88889,1.6329114,0.0,0.0,530.0357,420.2449,9.909091,455.0,587.0,212.4,264.0
2013-03-23,193.22223,1.6582278,0.0,0.0,530.8929,420.4694,10.969697,452.0,585.0,211.2,264.0
2013-03-24,190.33333,1.6202532,0.0,0.0,526.4286,416.5306,9.060606,447.5,582.0,205.6,263.5
2013-03-25,184.33333,1.5443038,0.0,0.0,520.9286,410.7551,9.030303,445.0,574.0,199.0,254.0
2013-03-26,178.11111,1.3544304,0.0,0.0,518.1429,407.16327,7.848485,426.5,563.0,196.2,243.0
2013-03-27,176.44444,1.2531645,0.0,0.0,515.0714,404.67346,7.121212,420.5,555.0,188.4,236.5
2013-03-28,174.11111,1.2531645,0.0,0.0,512.8214,402.36734,6.6060605,417.0,539.0,182.4,227.0
2013-03-29,172.22223,1.2025317,0.0,0.0,511.07144,400.06122,6.242424,400.0,528.0,179.6,214.0
2013-03-30,168.44444,0.9113924,0.0,0.0,507.14285,394.38776,5.6060605,381.0,510.0,175.4,194.5
2013-03-31,166.88889,0.75949365,0.0,0.0,510.64285,394.30612,5.212121,355.0,488.0,167.2,166.0
2013-04-01,174.11111,0.7721519,0.0,0.0,528.5,408.16327,4.909091,354.5,482.0,168.6,161.0
2013-04-02,147.44444,0.56962025,0.0,0.0,530.3929,409.87756,4.757576,348.5,473.0,170.8,156.0
2013-04-03,171.55556,0.7721519,0.0,0.0,523.7143,404.7755,4.5757575,335.0,455.0,167.8,142.5
2013-04-04,168.0,0.6455696,0.0,0.0,518.4286,398.20407,3.5757575,318.5,439.0,160.0,118.5
2013-04-05,166.66667,0.62025315,0.0,0.0,523.75,401.0,3.3939395,365.0,540.0,156.2,111.0
2013-04-06,165.22223,0.5949367,0.0,0.0,520.8214,397.4898,3.2121212,292.5,400.0,153.4,107.0
2013-04-07,136.0,0.5443038,0.0,0.0,518.4286,393.9592,2.969697,284.0,389.0,150.2,103.5
2013-04-08,136.55556,0.5316456,0.0,0.0,522.0,397.5306,5.181818,275.5,371.0,148.8,101.5
2013-04-09,110.22222,2.0,2.0,1.0,500.2143,384.61224,4.121212,281.5,372.0,154.2,104.5
2013-04-10,109.77778,1.7088608,1.75,0.6666667,518.2857,394.85715,2.8181818,283.5,384.0,153.8,103.0
2013-04-11,163.22223,0.49367088,0.0,0.0,511.39285,386.4898,2.4242425,261.0,363.0,148.6,92.0
2013-04-12,157.77777,0.37974682,0.0,0.0,501.5357,378.34692,1.8484849,240.0,339.0,139.4,83.5
2013-04-13,150.88889,0.25316456,0.0,0.0,482.5,364.30612,1.1515151,214.5,312.0,131.2,73.0
2013-04-14,110.77778,0.18987341,0.0,0.0,481.39285,362.08163,0.7878788,190.0,285.0,123.4,64.0
2013-04-15,107.888885,0.15189873,0.0,0.0,499.67856,374.73468,0.6666667,177.0,268.0,114.4,58.0
2013-04-16,109.77778,0.15189873,0.0,0.0,471.07144,356.5102,0.6060606,194.5,286.0,124.4,58.0
2013-04-17,150.11111,0.11392405,0.0,0.0,454.25,346.02042,0.57575756,198.5,287.0,127.4,61.0
2013-04-18,105.77778,0.11392405,0.0,0.0,457.32144,347.08163,0.5151515,198.5,287.0,112.4,57.0
2013-04-19,91.44444,0.15189873,0.0,0.0,468.2143,351.2245,0.121212125,185.5,275.0,126.0,53.5
2013-04-20,107.22222,0.12658228,0.0,0.0,469.5357,351.57144,0.0,160.5,246.0,121.2,49.0
2013-04-21,103.333336,0.03797468,0.0,0.0,473.10715,350.63266,0.0,139.0,214.0,112.0,38.5
2013-04-22,97.22222,0.0,0.0,0.0,486.25,351.87756,0.0,112.5,179.0,97.2,21.5
2013-04-23,121.333336,0.0,0.0,0.0,476.42856,342.4898,0.0,97.0,166.0,86.2,9.0
2013-04-24,88.888885,0.0,0.0,0.0,468.5357,335.16327,0.0,86.0,156.0,77.4,0.0
2013-04-25,88.888885,0.0,0.0,0.0,455.42856,325.16327,0.0,76.5,149.0,69.8,0.0
2013-04-26,111.888885,0.0,0.0,0.0,441.42856,314.57144,0.0,64.5,135.0,59.0,0.0
2013-04-27,106.888885,0.0,0.0,0.0,406.64285,288.42856,0.0,53.5,117.0,48.2,0.0
2013-04-28,77.111115,0.0,0.0,0.0,330.07144,231.87755,0.0,40.5,98.0,33.2,0.0
2013-04-29,89.0,0.0,0.0,0.0,305.0,213.34694,0.0,27.0,77.0,19.4,0.0
2013-04-30,79.44444,0.0,0.0,0.0,283.2143,196.89796,0.0,12.5,55.0,4.6,0.0
2013-05-01,57.22222,0.0,0.0,0.0,272.89285,188.87755,0.0,3.5,40.0,2.2,0.0
2013-05-02,54.444443,0.0,0.0,0.0,261.5,180.06122,0.0,0.0,32.0,1.2,0.0
2013-05-03,50.11111,0.0,0.0,0.0,246.53572,168.2449,0.0,0.0,17.0,0.0,0.0
2013-05-04,55.22222,0.0,0.0,0.0,236.10715,158.85715,0.0,0.0,0.0,0.0,0.0
2013-05-05,51.555557,0.0,0.0,0.0,225.96428,150.93878,0.0,0.0,0.0,0.0,0.0
2013-05-06,50.22222,0.0,0.0,0.0,222.71428,148.42857,0.0,0.0,0.0,0.0,0.0
2013-05-07,51.555557,0.37974682,0.0,0.0,227.82143,152.16327,0.0,0.0,0.0,10.4,0.0
2013-05-08,54.444443,0.5063291,0.75,0.2,218.25,143.28572,0.0,0.0,0.0,12.4,0.0
2013-05-09,56.666668,0.32911393,0.0,0.0,228.85715,152.79591,0.0,0.0,0.0,6.0,0.0
2013-05-10,54.555557,0.12658228,0.0,0.0,223.07143,148.42857,0.0,0.0,0.0,1.0,0.0
2013-05-11,47.444443,0.0,0.0,0.0,207.57143,136.59184,0.0,0.0,0.0,0.0,0.0
2013-05-12,35.555557,0.0,0.0,0.0,187.25,121.061226,0.0,0.0,0.0,0.0,0.0
2013-05-13,27.666666,0.0,0.0,0.0,165.60715,105.12245,0.0,0.0,0.0,0.0,0.0
2013-05-14,19.777779,0.0,0.0,0.0,145.60715,90.408165,0.0,0.0,0.0,0.0,0.0
2013-05-15,14.333333,0.0,0.0,0.0,141.14285,85.89796,0.0,0.0,0.0,0.0,0.0
2013-05-16,9.666667,0.0,0.0,0.0,129.89285,77.734695,0.0,0.0,0.0,0.0,0.0
2013-05-17,8.777778,0.0,0.0,0.0,128.46428,76.755104,0.0,0.0,0.0,0.0,0.0
2013-05-18,8.222222,0.0,0.0,0.0,125.39286,74.71429,0.0,0.0,0.0,0.0,0.0
2013-05-19,6.7777777,0.0,0.0,0.0,120.14286,71.10204,0.0,0.0,0.0,0.0,0.0
2013-05-20,5.5555553,0.0,0.0,0.0,113.39286,66.55102,0.0,0.0,0.0,0.0,0.0
2013-05-21,4.111111,0.0,0.0,0.0,103.89286,60.2449,0.0,0.0,0.0,0.0,0.0
2013-05-22,2.1111112,0.0,0.0,0.0,95.21429,54.67347,0.0,0.0,0.0,0.0,0.0
2013-05-23,1.8888888,0.0,0.0,0.0,94.46429,54.22449,0.0,0.0,0.0,0.0,0.0
2013-05-24,1.6666666,0.0,0.0,0.0,93.89286,53.877552,0.0,0.0,0.0,0.0,0.0
2013-05-25,1.1111112,0.0,0.0,0.0,89.46429,51.122448,0.0,0.0,0.0,0.0,0.0
2013-05-26,0.0,0.0,0.0,0.0,85.35714,48.77551,0.0,0.0,0.0,0.0,0.0
2013-05-27,0.0,0.0,0.0,0.0,82.21429,46.97959,0.0,0.0,0.0,0.0,0.0
2013-05-28,0.0,0.0,0.0,0.0,78.75,45.0,0.0,0.0,0.0,0.0,0.0
2013-05-29,0.0,0.0,0.0,0.0,73.67857,42.10204,0.0,0.0,0.0,0.0,0.0
2013-05-30,0.0,0.0,0.0,0.0,67.64286,38.65306,0.0,0.0,0.0,0.0,0.0
2013-05-31,0.0,0.0,0.0,0.0,57.535713,32.877552,0.0,0.0,0.0,0.0,0.0
2013-06-01,0.0,0.0,0.0,0.0,46.92857,26.816326,0.0,0.0,0.0,0.0,0.0
2013-06-02,0.0,0.0,0.0,0.0,37.32143,21.32653,0.0,0.0,0.0,0.0,0.0
2013-06-03,0.0,0.0,0.0,0.0,29.214285,16.693878,0.0,0.0,0.0,0.0,0.0
2013-06-04,0.0,0.0,0.0,0.0,21.964285,12.551021,0.0,0.0,0.0,0.0,0.0
2013-06-05,0.0,0.0,0.0,0.0,15.964286,9.122449,0.0,0.0,0.0,0.0,0.0
2013-06-06,0.0,0.0,0.0,0.0,12.107142,6.9183674,0.0,0.0,0.0,0.0,0.0
2013-06-07,0.0,0.0,0.0,0.0,8.5,4.857143,0.0,0.0,0.0,0.0,0.0
2013-06-08,0.0,0.0,0.0,0.0,3.9285715,2.2448978,0.0,0.0,0.0,0.0,0.0
2013-06-09,0.0,0.0,0.0,0.0,0.8214286,0.46938777,0.0,0.0,0.0,0.0,0.0
2013-06-10,0.0,0.0,0.0,0.0,0.0,0.0,0.0,0.0,0.0,0.0,0.0
2013-06-11,0.0,0.0,0.0,0.0,0.0,0.0,0.0,0.0,0.0,0.0,0.0
2013-06-12,0.0,0.0,0.0,0.0,0.0,0.0,0.0,0.0,0.0,0.0,0.0
2013-06-13,0.0,0.0,0.0,0.0,0.0,0.0,0.0,0.0,0.0,0.0,0.0
2013-06-14,0.0,0.0,0.0,0.0,0.0,0.0,0.0,0.0,0.0,0.0,0.0
2013-06-15,0.0,0.0,0.0,0.0,0.0,0.0,0.0,0.0,0.0,0.0,0.0
2013-06-16,0.0,0.0,0.0,0.0,0.0,0.0,0.0,0.0,0.0,0.0,0.0
2013-06-17,0.0,0.0,0.0,0.0,0.0,0.0,0.0,0.0,0.0,0.0,0.0
2013-06-18,0.0,0.0,0.0,0.0,0.0,0.0,0.0,0.0,0.0,0.0,0.0
2013-06-19,0.0,0.0,0.0,0.0,0.0,0.0,0.0,0.0,0.0,0.0,0.0
2013-06-20,0.0,0.0,0.0,0.0,0.0,0.0,0.0,0.0,0.0,0.0,0.0
2013-06-21,0.0,0.0,0.0,0.0,0.0,0.0,0.0,0.0,0.0,0.0,0.0
2013-06-22,0.0,0.0,0.0,0.0,0.0,0.0,0.0,0.0,0.0,0.0,0.0
2013-06-23,0.0,0.0,0.0,0.0,0.0,0.0,0.0,0.0,0.0,0.0,0.0
2013-06-24,0.0,0.0,0.0,0.0,0.0,0.0,0.0,0.0,0.0,0.0,0.0
2013-06-25,0.0,0.0,0.0,0.0,0.0,0.0,0.0,0.0,0.0,0.0,0.0
2013-06-26,0.0,0.0,0.0,0.0,0.0,0.0,0.0,0.0,0.0,0.0,0.0
2013-06-27,0.0,0.0,0.0,0.0,0.0,0.0,0.0,0.0,0.0,0.0,0.0
2013-06-28,0.0,0.0,0.0,0.0,0.0,0.0,0.0,0.0,0.0,0.0,0.0
2013-06-29,0.0,0.0,0.0,0.0,0.0,0.0,0.0,0.0,0.0,0.0,0.0
2013-06-30,0.0,0.0,0.0,0.0,0.0,0.0,0.0,0.0,0.0,0.0,0.0
2013-07-01,0.0,0.0,0.0,0.0,0.0,0.0,0.0,0.0,0.0,0.0,0.0
2013-07-02,0.0,0.0,0.0,0.0,0.0,0.0,0.0,0.0,0.0,0.0,0.0
2013-07-03,0.0,0.0,0.0,0.0,0.0,0.0,0.0,0.0,0.0,0.0,0.0
2013-07-04,0.0,0.0,0.0,0.0,0.0,0.0,0.0,0.0,0.0,0.0,0.0
2013-07-05,0.0,0.0,0.0,0.0,0.0,0.0,0.0,0.0,0.0,0.0,0.0
2013-07-06,0.0,0.0,0.0,0.0,0.0,0.0,0.0,0.0,0.0,0.0,0.0
2013-07-07,0.0,0.0,0.0,0.0,0.0,0.0,0.0,0.0,0.0,0.0,0.0
2013-07-08,0.0,0.0,0.0,0.0,0.0,0.0,0.0,0.0,0.0,0.0,0.0
2013-07-09,0.0,0.0,0.0,0.0,0.0,0.0,0.0,0.0,0.0,0.0,0.0
2013-07-10,0.0,0.0,0.0,0.0,0.0,0.0,0.0,0.0,0.0,0.0,0.0
2013-07-11,0.0,0.0,0.0,0.0,0.0,0.0,0.0,0.0,0.0,0.0,0.0
2013-07-12,0.0,0.0,0.0,0.0,0.0,0.0,0.0,0.0,0.0,0.0,0.0
2013-07-13,0.0,0.0,0.0,0.0,0.0,0.0,0.0,0.0,0.0,0.0,0.0
2013-07-14,0.0,0.0,0.0,0.0,0.0,0.0,0.0,0.0,0.0,0.0,0.0
2013-07-15,0.0,0.0,0.0,0.0,0.0,0.0,0.0,0.0,0.0,0.0,0.0
2013-07-16,0.0,0.0,0.0,0.0,0.0,0.0,0.0,0.0,0.0,0.0,0.0
2013-07-17,0.0,0.0,0.0,0.0,0.0,0.0,0.0,0.0,0.0,0.0,0.0
2013-07-18,0.0,0.0,0.0,0.0,0.0,0.0,0.0,0.0,0.0,0.0,0.0
2013-07-19,0.0,0.0,0.0,0.0,0.0,0.0,0.0,0.0,0.0,0.0,0.0
2013-07-20,0.0,0.0,0.0,0.0,0.0,0.0,0.0,0.0,0.0,0.0,0.0
2013-07-21,0.0,0.0,0.0,0.0,0.0,0.0,0.0,0.0,0.0,0.0,0.0
2013-07-22,0.0,0.0,0.0,0.0,0.0,0.0,0.0,0.0,0.0,0.0,0.0
2013-07-23,0.0,0.0,0.0,0.0,0.0,0.0,0.0,0.0,0.0,0.0,0.0
2013-07-24,0.0,0.0,0.0,0.0,0.0,0.0,0.0,0.0,0.0,0.0,0.0
2013-07-25,0.0,0.0,0.0,0.0,0.0,0.0,0.0,0.0,0.0,0.0,0.0
2013-07-26,0.0,0.0,0.0,0.0,0.0,0.0,0.0,0.0,0.0,0.0,0.0
2013-07-27,0.0,0.0,0.0,0.0,0.0,0.0,0.0,0.0,0.0,0.0,0.0
2013-07-28,0.0,0.0,0.0,0.0,0.0,0.0,0.0,0.0,0.0,0.0,0.0
2013-07-29,0.0,0.0,0.0,0.0,0.0,0.0,0.0,0.0,0.0,0.0,0.0
2013-07-30,0.0,0.0,0.0,0.0,0.0,0.0,0.0,0.0,0.0,0.0,0.0
2013-07-31,0.0,0.0,0.0,0.0,0.0,0.0,0.0,0.0,0.0,0.0,0.0
2013-08-01,0.0,0.0,0.0,0.0,0.0,0.0,0.0,0.0,0.0,0.0,0.0
2013-08-02,0.0,0.0,0.0,0.0,0.0,0.0,0.0,0.0,0.0,0.0,0.0
2013-08-03,0.0,0.0,0.0,0.0,0.0,0.0,0.0,0.0,0.0,0.0,0.0
2013-08-04,0.0,0.0,0.0,0.0,0.0,0.0,0.0,0.0,0.0,0.0,0.0
2013-08-05,0.0,0.0,0.0,0.0,0.0,0.0,0.0,0.0,0.0,0.0,0.0
2013-08-06,0.0,0.0,0.0,0.0,0.0,0.0,0.0,0.0,0.0,0.0,0.0
2013-08-07,0.0,0.0,0.0,0.0,0.0,0.0,0.0,0.0,0.0,0.0,0.0
2013-08-08,0.0,0.0,0.0,0.0,0.0,0.0,0.0,0.0,0.0,0.0,0.0
2013-08-09,0.0,0.0,0.0,0.0,0.0,0.0,0.0,0.0,0.0,0.0,0.0
2013-08-10,0.0,0.0,0.0,0.0,0.0,0.0,0.0,0.0,0.0,0.0,0.0
2013-08-11,0.0,0.0,0.0,0.0,0.0,0.0,0.0,0.0,0.0,0.0,0.0
2013-08-12,0.0,0.0,0.0,0.0,0.0,0.0,0.0,0.0,0.0,0.0,0.0
2013-08-13,0.0,0.0,0.0,0.0,0.0,0.0,0.0,0.0,0.0,0.0,0.0
2013-08-14,0.0,0.0,0.0,0.0,0.0,0.0,0.0,0.0,0.0,0.0,0.0
2013-08-15,0.0,0.0,0.0,0.0,0.0,0.0,0.0,0.0,0.0,0.0,0.0
2013-08-16,0.0,0.0,0.0,0.0,0.0,0.0,0.0,0.0,0.0,0.0,0.0
2013-08-17,0.0,0.0,0.0,0.0,0.0,0.0,0.0,0.0,0.0,0.0,0.0
2013-08-18,0.0,0.0,0.0,0.0,0.0,0.0,0.0,0.0,0.0,0.0,0.0
2013-08-19,0.0,0.0,0.0,0.0,0.0,0.0,0.0,0.0,0.0,0.0,0.0
2013-08-20,0.0,0.0,0.0,0.0,0.0,0.0,0.0,0.0,0.0,0.0,0.0
2013-08-21,0.0,0.0,0.0,0.0,0.0,0.0,0.0,0.0,0.0,0.0,0.0
2013-08-22,0.0,0.0,0.0,0.0,0.0,0.0,0.0,0.0,0.0,0.0,0.0
2013-08-23,0.0,0.0,0.0,0.0,0.0,0.0,0.0,0.0,0.0,0.0,0.0
2013-08-24,0.0,0.0,0.0,0.0,0.0,0.0,0.0,0.0,0.0,0.0,0.0
2013-08-25,0.0,0.0,0.0,0.0,0.0,0.0,0.0,0.0,0.0,0.0,0.0
2013-08-26,0.0,0.0,0.0,0.0,0.0,0.0,0.0,0.0,0.0,0.0,0.0
2013-08-27,0.0,0.0,0.0,0.0,0.0,0.0,0.0,0.0,0.0,0.0,0.0
2013-08-28,0.0,0.0,0.0,0.0,0.0,0.0,0.0,0.0,0.0,0.0,0.0
2013-08-29,0.0,0.0,0.0,0.0,0.0,0.0,0.0,0.0,0.0,0.0,0.0
2013-08-30,0.0,0.0,0.0,0.0,0.0,0.0,0.0,0.0,0.0,0.0,0.0
2013-08-31,0.0,0.0,0.0,0.0,0.0,0.0,0.0,0.0,0.0,0.0,0.0
2013-09-01,0.0,0.0,0.0,0.0,0.0,0.0,0.0,0.0,0.0,0.0,0.0
2013-09-02,0.0,0.0,0.0,0.0,0.0,0.0,0.0,0.0,0.0,0.0,0.0
2013-09-03,0.0,0.0,0.0,0.0,0.0,0.0,0.0,0.0,0.0,0.0,0.0
2013-09-04,0.0,0.0,0.0,0.0,0.0,0.0,0.0,0.0,0.0,0.0,0.0
2013-09-05,0.0,0.0,0.0,0.0,0.0,0.0,0.0,0.0,0.0,0.0,0.0
2013-09-06,0.0,0.0,0.0,0.0,0.0,0.0,0.0,0.0,0.0,0.0,0.0
2013-09-07,0.0,0.0,0.0,0.0,0.0,0.0,0.0,0.0,0.0,0.0,0.0
2013-09-08,0.0,0.0,0.0,0.0,0.0,0.0,0.0,0.0,0.0,0.0,0.0
2013-09-09,0.0,0.0,0.0,0.0,0.0,0.0,0.0,0.0,0.0,0.0,0.0
2013-09-10,0.0,0.0,0.0,0.0,0.0,0.0,0.0,0.0,0.0,0.0,0.0
2013-09-11,0.0,0.0,0.0,0.0,0.0,0.0,0.0,0.0,0.0,0.0,0.0
2013-09-12,0.0,0.0,0.0,0.0,0.0,0.0,0.0,0.0,0.0,0.0,0.0
2013-09-13,0.0,0.0,0.0,0.0,0.0,0.0,0.0,0.0,0.0,0.0,0.0
2013-09-14,0.0,0.0,0.0,0.0,0.0,0.0,0.0,0.0,0.0,0.0,0.0
2013-09-15,0.0,0.0,0.0,0.0,0.0,0.0,0.0,0.0,0.0,0.0,0.0
2013-09-16,0.0,0.0,0.0,0.0,0.0,0.0,0.0,0.0,0.0,0.0,0.0
2013-09-17,0.0,0.0,0.0,0.0,0.0,0.0,0.0,0.0,0.0,0.0,0.0
2013-09-18,0.0,0.0,0.0,0.0,0.0,0.0,0.0,0.0,0.0,0.0,0.0
2013-09-19,0.0,0.0,0.0,0.0,0.0,0.0,0.0,0.0,0.0,0.0,0.0
2013-09-20,0.0,0.0,0.0,0.0,0.0,0.0,0.0,0.0,0.0,0.0,0.0
2013-09-21,0.0,0.0,0.0,0.0,0.0,0.0,0.0,0.0,0.0,0.0,0.0
2013-09-22,0.0,0.0,0.0,0.0,4.607143,3.6734693,0.0,0.0,0.0,0.0,0.0
2013-09-23,0.0,0.0,0.0,0.0,4.857143,4.387755,0.0,0.0,0.0,0.0,0.0
2013-09-24,0.0,0.0,0.0,0.0,0.8214286,0.7346939,0.0,0.0,0.0,0.0,0.0
2013-09-25,0.0,0.0,0.0,0.0,0.14285715,0.08163265,0.0,0.0,0.0,0.0,0.0
2013-09-26,0.0,0.0,0.0,0.0,0.14285715,0.08163265,0.0,0.0,0.0,0.0,0.0
2013-09-27,0.0,0.0,0.0,0.0,0.14285715,0.08163265,0.0,0.0,0.0,0.0,0.0
2013-09-28,0.0,0.0,0.0,0.0,0.14285715,0.08163265,0.0,0.0,0.0,0.0,0.0
2013-09-29,0.0,0.0,0.0,0.0,0.035714287,0.020408163,0.0,0.0,0.0,0.0,0.0
2013-09-30,0.0,0.0,0.0,0.0,0.0,0.0,0.0,0.0,0.0,0.0,0.0
2013-10-01,0.0,0.0,0.0,0.0,0.0,0.0,0.0,0.0,0.0,0.0,0.0
2013-10-02,0.0,0.0,0.0,0.0,0.0,0.0,0.0,0.0,0.0,0.0,0.0
2013-10-03,0.0,0.0,0.0,0.0,0.0,0.0,0.0,0.0,0.0,0.0,0.0
2013-10-04,0.0,0.0,0.0,0.0,0.0,0.0,0.0,0.0,0.0,0.0,0.0
2013-10-05,0.0,0.0,0.0,0.0,0.0,0.0,0.0,0.0,0.0,0.0,0.0
2013-10-06,0.0,0.0,0.0,0.0,0.0,0.0,0.0,0.0,0.0,0.0,0.0
2013-10-07,0.0,0.0,0.0,0.0,0.0,0.0,0.0,0.0,0.0,0.0,0.0
2013-10-08,0.0,0.0,0.0,0.0,0.0,0.0,0.0,0.0,0.0,0.0,0.0
2013-10-09,0.0,0.0,0.0,0.0,0.0,0.0,0.0,0.0,0.0,0.0,0.0
2013-10-10,3.0,0.20253165,0.25,0.06666667,3.2857144,2.632653,0.0,0.5,1.0,2.2,0.5
2013-10-11,3.2222223,0.3164557,0.0,0.0,2.8214285,2.0612245,0.0,0.0,0.0,1.0,0.0
2013-10-12,1.6666666,0.03797468,0.0,0.0,2.357143,1.5306122,0.0,0.0,0.0,0.0,0.0
2013-10-13,0.7777778,0.0,0.0,0.0,1.8928572,1.0816326,0.0,0.0,0.0,0.0,0.0
2013-10-14,0.7777778,0.0,0.0,0.0,1.8571428,1.0612245,0.0,0.0,0.0,0.0,0.0
2013-10-15,0.22222222,0.0,0.0,0.0,1.3214285,0.75510204,0.0,0.0,0.0,0.0,0.0
2013-10-16,0.22222222,0.0,0.0,0.0,0.89285713,0.5102041,0.0,0.0,0.0,0.0,0.0
2013-10-17,0.0,0.0,0.0,0.0,0.32142857,0.18367347,0.0,0.0,0.0,0.0,0.0
2013-10-18,0.0,0.0,0.0,0.0,0.10714286,0.06122449,0.0,0.0,0.0,0.0,0.0
2013-10-19,0.0,0.0,0.0,0.0,0.0,0.0,0.0,0.0,0.0,0.0,0.0
2013-10-20,0.0,0.0,0.0,0.0,0.0,0.0,0.0,0.0,0.0,0.0,0.0
2013-10-21,0.0,0.0,0.0,0.0,0.0,0.0,0.0,0.0,0.0,0.0,0.0
2013-10-22,0.0,0.0,0.0,0.0,0.0,0.0,0.0,0.0,0.0,0.0,0.0
2013-10-23,0.0,0.0,0.0,0.0,0.0,0.0,0.0,0.0,0.0,0.0,0.0
2013-10-24,0.0,0.0,0.0,0.0,0.0,0.0,0.0,0.0,0.0,0.0,0.0
2013-10-25,0.0,0.0,0.0,0.0,0.0,0.0,0.0,0.0,0.0,0.0,0.0
2013-10-26,0.0,0.0,0.0,0.0,0.0,0.0,0.0,0.0,0.0,0.0,0.0
2013-10-27,0.0,0.0,0.0,0.0,0.0,0.0,0.0,0.0,0.0,0.0,0.0
2013-10-28,0.0,0.0,0.0,0.0,0.5,0.71428573,0.0,0.0,0.0,0.0,0.0
2013-10-29,3.6666667,1.3037975,5.5,1.4666667,11.785714,9.571428,0.121212125,17.0,22.0,8.6,12.5
2013-10-30,3.6666667,1.3037975,5.5,1.4666667,12.214286,9.836735,0.21212122,21.0,29.0,8.2,14.5
2013-10-31,3.5555556,1.278481,5.75,1.5333333,15.392858,13.122449,0.030303031,22.0,27.0,7.8,14.0
2013-11-01,2.8888888,0.6455696,3.25,0.8666667,12.714286,9.653061,0.0,16.0,22.0,7.0,10.5
2013-11-02,0.8888889,0.11392405,0.0,0.0,7.142857,5.0,0.0,4.5,11.0,2.0,0.5
2013-11-03,0.33333334,0.012658228,0.0,0.0,4.607143,3.2653062,0.0,0.0,7.0,0.2,0.0
2013-11-04,0.33333334,0.0,0.0,0.0,4.464286,3.1020408,0.0,0.0,4.0,0.0,0.0
2013-11-05,0.33333334,0.0,0.0,0.0,4.464286,3.1020408,0.0,0.0,3.0,0.0,0.0
2013-11-06,0.33333334,0.0,0.0,0.0,4.464286,3.1020408,0.0,0.0,1.0,0.0,0.0
2013-11-07,0.0,0.0,0.0,0.0,2.642857,1.6734694,0.0,0.0,0.0,0.0,0.0
2013-11-08,0.0,0.0,0.0,0.0,1.2142857,0.6938776,0.0,0.0,0.0,0.0,0.0
2013-11-09,0.0,0.0,0.0,0.0,0.5,0.2857143,0.0,0.0,0.0,0.0,0.0
2013-11-10,0.0,0.0,0.0,0.0,0.2857143,0.1632653,0.0,0.0,0.0,0.0,0.0
2013-11-11,0.0,0.0,0.0,0.0,0.071428575,0.040816326,0.0,0.0,0.0,0.0,0.0
2013-11-12,0.0,0.0,0.0,0.0,0.0,0.0,0.0,0.0,0.0,0.0,0.0
2013-11-13,0.0,0.0,0.0,0.0,0.0,0.0,0.0,0.0,0.0,0.0,0.0
2013-11-14,0.0,0.0,0.0,0.0,0.0,0.0,0.0,0.0,0.0,0.0,0.0
2013-11-15,0.0,0.0,0.0,0.0,0.0,0.0,0.0,0.0,0.0,0.0,0.0
2013-11-16,0.0,0.0,0.0,0.0,0.0,0.0,0.0,0.0,0.0,0.0,0.0
2013-11-17,0.0,0.0,0.0,0.0,0.0,0.0,0.0,0.0,0.0,0.0,0.0
2013-11-18,0.0,0.0,0.0,0.0,0.0,0.0,0.0,0.0,0.0,0.0,0.0
2013-11-19,0.0,0.0,0.0,0.0,0.0,0.0,0.0,0.0,0.0,0.0,0.0
2013-11-20,0.44444445,0.0,0.0,0.0,2.5714285,2.510204,0.0,4.5,3.0,0.4,1.0
2013-11-21,2.1111112,0.39240506,0.0,0.0,12.678572,13.244898,0.030303031,9.0,5.0,4.8,6.0
2013-11-22,4.888889,4.708861,1.5,0.4,17.571428,17.020409,0.060606062,9.5,7.0,8.4,7.0
2013-11-23,6.3333335,9.329114,1.75,0.46666667,16.0,15.408163,0.0,9.5,7.0,8.0,9.5
2013-11-24,6.3333335,9.151898,1.75,0.46666667,17.285715,16.387754,0.0,9.5,7.0,8.0,9.5
2013-11-25,6.3333335,8.455696,1.75,0.46666667,17.392857,16.469387,0.0,9.0,6.0,7.8,9.0
2013-11-26,4.111111,6.848101,0.75,0.2,17.571428,15.591837,0.0,6.0,4.0,7.8,7.0
2013-11-27,4.0,4.037975,0.0,0.0,15.214286,12.877551,0.0,3.5,1.0,5.4,2.5
2013-11-28,3.8888888,3.1898735,0.0,0.0,14.285714,11.755102,0.0,1.5,0.0,4.0,1.0
2013-11-29,3.8888888,2.9746835,0.0,0.0,14.071428,11.32653,0.0,0.5,0.0,4.0,0.0
2013-11-30,3.8888888,2.607595,0.0,0.0,13.821428,10.530612,0.0,0.0,0.0,4.0,0.0
2013-12-01,3.7777777,2.164557,0.0,0.0,13.035714,9.979591,0.0,0.0,0.0,3.2,0.0
2013-12-02,3.0,1.4683545,0.0,0.0,11.75,9.020409,0.0,0.0,0.0,1.6,0.0
2013-12-03,2.7777777,0.93670887,0.0,0.0,10.892858,8.530612,0.0,0.0,0.0,0.6,0.0
2013-12-04,16.666666,2.3164556,4.25,1.4,29.642857,26.959183,0.121212125,8.0,10.0,9.4,7.5
2013-12-05,12.888889,2.3164556,4.25,1.4,29.928572,27.12245,0.121212125,9.0,11.0,9.2,8.5
2013-12-06,16.666666,2.3164556,4.25,1.4,29.678572,26.979591,0.121212125,10.0,11.0,9.2,9.0
2013-12-07,27.222221,3.8101265,6.25,2.3333333,41.17857,39.7551,11.393939,30.5,36.0,28.4,20.5
2013-12-08,32.88889,5.050633,17.5,6.133333,50.964287,48.836735,11.393939,48.0,55.0,37.6,29.0
2013-12-09,32.88889,5.037975,17.5,6.133333,51.32143,49.061226,11.121212,48.0,56.0,37.6,29.0
2013-12-10,32.77778,5.493671,17.25,5.9333334,51.357143,49.081635,9.606061,47.5,56.0,37.6,29.0
2013-12-11,32.77778,5.088608,17.75,6.0666666,51.285713,49.10204,8.666667,48.5,56.0,37.4,29.0
2013-12-12,32.88889,3.734177,10.75,3.7333333,51.392857,49.163265,6.6363635,48.5,56.0,37.6,29.0
2013-12-13,32.88889,2.7594936,4.5,1.6,51.142857,48.938774,4.909091,48.5,56.0,37.4,29.0
2013-12-14,32.77778,2.5696204,3.25,0.93333334,51.285713,48.77551,3.7272727,48.5,56.0,37.6,29.0
2013-12-15,32.88889,2.1265824,1.25,0.33333334,51.214287,47.2449,2.6666667,48.5,56.0,37.6,29.0
2013-12-16,31.333334,1.2025317,0.0,0.0,48.142857,39.918365,1.0909091,43.5,53.0,35.0,29.0
2013-12-17,25.222221,0.556962,0.0,0.0,38.642857,29.081633,0.15151516,36.5,48.0,31.2,25.0
2013-12-18,19.222221,0.278481,0.0,0.0,31.0,22.87755,0.0,28.5,43.0,27.4,19.0
2013-12-19,16.444445,0.29113925,0.0,0.0,29.392857,21.693878,0.0,25.0,39.0,24.6,15.0
2013-12-20,16.444445,1.0,0.0,0.0,29.642857,21.938776,0.0,32.0,44.0,35.0,16.5
2013-12-21,16.444445,0.9493671,0.0,0.0,29.5,21.87755,0.0,31.5,44.0,35.2,16.5
2013-12-22,16.444445,0.5822785,0.0,0.0,29.464285,21.816326,0.0,31.0,44.0,34.8,16.5
2013-12-23,16.222221,0.48101267,0.0,0.0,28.857143,21.367348,0.0,30.0,42.0,34.6,15.5
2013-12-24,15.333333,0.36708862,0.0,0.0,27.464285,20.183674,0.0,26.0,39.0,27.4,12.0
2013-12-25,14.0,0.32911393,0.0,0.0,25.642857,18.65306,0.0,23.0,37.0,25.8,9.5
2013-12-26,12.666667,0.29113925,0.0,0.0,24.035715,17.34694,0.0,20.5,35.0,25.2,8.5
2013-12-27,11.222222,0.25316456,0.0,0.0,22.285715,15.816326,0.0,16.0,32.0,21.4,6.0
2013-12-28,10.555555,0.25316456,0.0,0.0,20.964285,14.795918,0.0,12.5,30.0,19.4,4.0
2013-12-29,10.888889,0.25316456,0.0,0.0,20.821428,14.591837,0.0,12.0,30.0,19.4,2.5
2013-12-30,10.111111,0.25316456,0.0,0.0,20.285715,13.959184,0.0,10.0,28.0,19.0,3.5
2013-12-31,8.888889,0.25316456,0.0,0.0,18.642857,12.653061,0.0,6.5,24.0,16.2,1.0
2014-01-01,8.333333,0.25316456,0.0,0.0,17.928572,11.918367,0.0,4.0,21.0,13.6,0.0
2014-01-02,7.888889,0.25316456,0.0,0.0,16.642857,10.857142,0.0,2.0,17.0,11.4,0.0
2014-01-03,7.3333335,0.24050634,0.0,0.0,15.678572,10.0,0.0,0.0,13.0,9.0,0.0
2014-01-04,7.2222223,0.24050634,0.0,0.0,14.75,9.22449,0.0,0.0,8.0,7.4,0.0
2014-01-05,7.2222223,0.24050634,0.0,0.0,14.75,9.081633,0.0,0.0,7.0,7.4,0.0
2014-01-06,7.111111,0.24050634,0.0,0.0,14.535714,8.755102,0.0,0.0,7.0,7.2,0.0
2014-01-07,7.0,0.24050634,0.0,0.0,14.428572,8.632653,0.0,0.0,6.0,6.4,0.0
2014-01-08,7.0,0.24050634,0.0,0.0,14.321428,8.571428,0.0,0.0,4.0,5.8,0.0
2014-01-09,7.0,0.24050634,0.0,0.0,14.321428,8.571428,0.0,0.0,3.0,6.0,0.0
2014-01-10,7.0,0.24050634,0.0,0.0,14.321428,8.571428,0.0,0.0,1.0,5.6,0.0
2014-01-11,6.5555553,0.24050634,0.0,0.0,13.785714,8.040816,0.0,0.0,0.0,4.4,0.0
2014-01-12,6.5555553,0.24050634,0.0,0.0,13.964286,8.265306,2.090909,17.0,21.0,9.6,8.5
2014-01-13,6.5555553,0.24050634,0.0,0.0,14.0,8.285714,2.2727273,17.0,21.0,8.8,8.5
2014-01-14,6.4444447,0.24050634,0.0,0.0,13.75,7.9387755,0.4848485,17.0,21.0,8.6,8.0
2014-01-15,5.888889,0.2278481,0.0,0.0,12.5,7.142857,0.0,12.0,20.0,6.4,5.0
2014-01-16,5.2222223,0.18987341,0.0,0.0,11.142858,6.367347,0.0,6.5,15.0,4.2,2.0
2014-01-17,4.6666665,0.1392405,0.0,0.0,9.964286,5.6938777,0.0,1.0,11.0,3.0,0.5
2014-01-18,4.2222223,0.088607594,0.0,0.0,8.678572,4.9591837,0.0,0.0,6.0,0.8,0.0
2014-01-19,4.0,0.06329114,0.0,0.0,7.75,4.428571,0.0,0.0,1.0,0.0,0.0
2014-01-20,3.6666667,0.06329114,0.0,0.0,7.321429,4.1836734,0.0,0.0,0.0,0.0,0.0
2014-01-21,3.5555556,0.050632913,0.0,0.0,7.0,4.0,0.0,0.0,0.0,0.0,0.0
2014-01-22,3.4444444,0.050632913,0.0,0.0,6.642857,3.7959185,0.0,0.0,0.0,0.0,0.0
2014-01-23,3.2222223,0.050632913,0.0,0.0,6.25,3.5714285,0.0,0.0,0.0,0.0,0.0
2014-01-24,3.2222223,0.050632913,0.0,0.0,6.25,3.5714285,0.0,0.0,0.0,0.0,0.0
2014-01-25,3.2222223,0.050632913,0.0,0.0,6.25,3.5714285,0.0,0.0,0.0,0.0,0.0
2014-01-26,3.0,0.03797468,0.0,0.0,6.214286,3.5510204,0.0,0.0,0.0,0.0,0.0
2014-01-27,3.1111112,0.03797468,0.0,0.0,6.214286,3.5510204,0.0,0.0,0.0,0.0,0.0
2014-01-28,3.0,0.03797468,0.0,0.0,6.214286,3.5510204,0.0,0.0,0.0,0.0,0.0
2014-01-29,2.6666667,0.03797468,0.0,0.0,5.642857,3.2244897,0.0,0.0,0.0,0.0,0.0
2014-01-30,2.2222223,0.025316456,0.0,0.0,9.321428,8.877551,0.0,0.0,0.0,14.8,9.5
2014-01-31,37.333332,6.64557,9.75,2.6,47.357143,45.367348,0.0,18.0,21.0,43.8,20.0
2014-02-01,34.555557,11.987342,22.75,7.0,51.714287,48.816326,0.0,19.0,22.0,44.0,20.0
2014-02-02,40.0,11.987342,22.75,7.0,51.607143,48.67347,0.0,19.0,22.0,44.0,21.0
2014-02-03,36.22222,11.949368,23.5,7.2,52.75,49.877552,0.0,21.5,24.0,45.4,22.0
2014-02-04,38.22222,11.962026,23.25,7.133333,52.5,49.734695,0.0,21.5,24.0,45.6,27.0
2014-02-05,35.333332,11.974684,23.25,7.0666666,52.857143,49.938774,0.0,21.5,24.0,45.6,27.0
2014-02-06,31.777779,11.962026,22.75,7.0,54.857143,52.510204,0.21212122,24.5,27.0,45.6,28.5
2014-02-07,37.22222,18.974684,35.5,11.333333,62.464287,59.265305,4.121212,35.5,40.0,49.6,34.0
2014-02-08,40.11111,21.784811,38.5,11.933333,73.96429,72.265305,18.242424,60.5,68.0,57.4,42.5
2014-02-09,42.0,19.645569,33.0,10.066667,96.53571,94.591835,22.09091,156.5,158.0,108.0,89.5
2014-02-10,44.666668,17.303797,24.5,6.866667,107.39286,104.5102,22.515152,204.5,202.0,133.0,104.5
2014-02-11,45.77778,15.772152,23.5,6.266667,108.32143,104.28571,16.363636,211.5,213.0,138.8,106.5
2014-02-12,44.666668,14.088608,23.5,6.266667,108.35714,103.20408,18.666666,209.0,212.0,138.4,102.5
2014-02-13,41.0,9.35443,17.25,4.6,110.07143,102.97959,14.636364,207.0,208.0,136.4,97.0
2014-02-14,46.333332,4.493671,9.5,2.5333333,111.64286,102.081635,10.575758,205.0,197.0,151.2,92.0
2014-02-15,46.11111,1.8227848,4.0,1.0666667,113.60714,100.4898,7.6969695,206.0,194.0,146.8,85.5
2014-02-16,44.88889,1.0759493,0.5,0.13333334,116.64286,102.10204,7.151515,212.0,196.0,150.4,83.5
2014-02-17,45.77778,0.8607595,0.0,0.0,117.25,102.081635,6.4242425,230.0,216.0,155.4,83.0
2014-02-18,48.77778,0.8101266,0.0,0.0,116.35714,101.16327,7.0,230.0,215.0,154.6,81.0
2014-02-19,49.0,0.79746836,0.0,0.0,115.71429,99.69388,6.4848485,229.5,214.0,153.6,78.0
2014-02-20,45.22222,0.7848101,0.0,0.0,115.21429,98.69388,5.6666665,226.0,217.0,153.8,79.0
2014-02-21,45.11111,0.7848101,0.0,0.0,114.14286,96.95918,5.818182,223.5,213.0,153.0,77.5
2014-02-22,45.11111,0.7721519,0.0,0.0,112.35714,94.79592,5.2727275,219.0,205.0,150.0,75.5
2014-02-23,48.666668,0.7721519,0.0,0.0,110.10714,92.408165,4.939394,219.5,201.0,149.4,73.0
2014-02-24,48.88889,0.6708861,0.0,0.0,107.03571,89.20408,4.6969695,213.0,193.0,142.6,70.5
2014-02-25,44.555557,0.62025315,0.0,0.0,102.39286,84.81633,2.909091,203.5,186.0,137.6,67.5
2014-02-26,44.11111,0.556962,0.0,0.0,97.17857,79.85714,2.5454545,193.0,178.0,132.8,62.0
2014-02-27,64.111115,5.746835,7.75,2.0666666,136.25,111.97959,4.6060605,208.5,195.0,146.4,59.0
2014-02-28,82.0,10.101266,11.25,3.0,154.67857,126.67347,5.6969695,227.5,216.0,145.8,70.5
2014-03-01,122.0,37.886074,31.25,11.133333,218.21428,182.18367,10.636364,247.0,242.0,184.8,90.0
2014-03-02,123.333336,39.21519,32.0,11.466666,219.39285,182.87755,11.151515,252.0,245.0,183.6,90.0
2014-03-03,123.77778,39.64557,32.0,11.4,220.60715,183.9796,11.121212,257.5,252.0,161.4,93.5
2014-03-04,130.55556,37.101265,31.0,10.466666,225.28572,188.69388,14.30303,275.5,265.0,187.6,101.0
2014-03-05,127.111115,34.316456,31.0,9.533334,225.03572,188.12245,13.333333,268.0,260.0,184.8,93.5
2014-03-06,94.22222,29.240507,31.0,8.266666,225.78572,188.06122,11.030303,266.5,259.0,184.4,84.5
2014-03-07,95.77778,26.594936,31.0,8.266666,228.71428,189.57143,12.090909,271.0,260.0,190.6,87.0
2014-03-08,95.333336,24.98734,31.0,8.266666,228.07143,188.34694,10.424242,271.5,257.0,187.2,86.5
2014-03-09,123.0,19.392405,22.75,6.0666666,224.75,183.04082,11.151515,265.5,256.0,183.0,80.0
2014-03-10,115.55556,13.556962,15.5,4.133333,221.14285,177.67346,9.787879,258.5,248.0,178.2,69.5
2014-03-11,95.666664,11.481012,12.25,3.2666667,219.71428,175.22449,12.0,267.5,265.0,179.6,77.0
2014-03-12,114.111115,10.8354435,10.75,2.8666666,218.03572,172.51021,11.787879,267.5,265.0,179.8,76.5
2014-03-13,89.44444,10.772152,10.25,2.7333333,218.0,172.16327,11.242424,267.5,266.0,177.4,76.5
2014-03-14,89.22222,10.189874,8.75,2.3333333,216.89285,170.59184,9.727273,263.5,259.0,172.4,73.0
2014-03-15,110.888885,8.329114,5.5,1.4666667,213.89285,166.69388,8.818182,251.5,252.0,163.0,69.0
2014-03-16,108.111115,5.518987,0.0,0.0,209.17857,161.10204,7.3333335,225.0,243.0,155.6,66.0
2014-03-17,103.666664,3.4810126,0.0,0.0,201.03572,153.0204,5.969697,209.5,237.0,150.8,62.0
2014-03-18,103.44444,3.278481,0.0,0.0,198.14285,150.34694,5.757576,202.5,228.0,147.8,66.0
2014-03-19,103.44444,3.2405064,0.0,0.0,196.64285,148.93878,5.181818,197.5,220.0,145.4,65.5
2014-03-20,96.44444,3.050633,0.0,0.0,194.03572,146.63266,4.848485,192.0,217.0,143.8,64.0
2014-03-21,93.888885,2.7088609,0.0,0.0,190.14285,143.30612,4.151515,182.0,208.0,141.0,60.5
2014-03-22,93.111115,2.455696,0.0,0.0,186.25,140.0204,3.5757575,173.0,201.0,139.2,57.5
2014-03-23,98.55556,2.2405064,0.0,0.0,182.14285,136.46939,3.2727273,164.5,193.0,141.6,54.5
2014-03-24,97.666664,1.9746835,0.0,0.0,175.42857,130.20409,3.060606,153.5,182.0,140.2,49.0
2014-03-25,96.0,1.4303797,0.0,0.0,164.07143,120.061226,2.6666667,139.5,172.0,136.0,41.0
2014-03-26,97.666664,1.2911392,0.0,0.0,169.28572,124.81633,2.4242425,142.5,174.0,141.2,40.5
2014-03-27,102.666664,5.1392407,21.25,7.3333335,197.89285,151.42857,10.060606,171.5,194.0,128.8,53.5
2014-03-28,110.77778,5.392405,18.0,6.2,202.28572,155.63266,10.818182,180.5,201.0,129.2,58.0
2014-03-29,111.22222,3.5696204,8.5,2.6666667,202.42857,154.79591,10.484848,185.0,201.0,146.0,59.5
2014-03-30,115.333336,3.607595,8.5,2.2666667,218.75,171.2449,26.969696,230.0,249.0,165.4,103.5
2014-03-31,111.0,4.025316,10.75,2.8666666,224.32143,175.16327,27.969696,230.5,250.0,158.6,96.5
2014-04-01,118.0,11.810126,20.0,6.3333335,243.17857,193.63266,36.424244,259.5,279.0,160.6,111.5
2014-04-02,123.333336,14.696202,30.5,9.8,219.35715,183.42857,31.181818,277.5,292.0,159.2,117.5
2014-04-03,129.22223,15.253164,31.0,10.0,219.32143,183.87755,33.60606,278.5,294.0,161.2,116.0
2014-04-04,129.22223,14.936708,24.75,8.266666,220.0,184.10204,28.515152,283.5,300.0,157.0,114.0
2014-04-05,129.66667,14.468354,23.0,7.266667,215.57143,181.91837,29.030304,285.5,301.0,156.6,113.5
2014-04-06,128.11111,13.86076,23.0,6.9333334,218.35715,183.55103,31.242424,282.0,296.0,156.2,111.0
2014-04-07,127.22222,7.468354,21.0,5.6,217.5,181.10204,20.454546,284.0,289.0,154.6,104.5
2014-04-08,124.333336,2.2025316,8.75,2.3333333,201.67857,163.36734,10.909091,268.0,277.0,162.4,90.5
2014-04-09,113.111115,1.0253165,0.0,0.0,189.0,145.55103,7.4545455,226.0,262.0,156.4,77.0
2014-04-10,106.333336,0.6329114,0.0,0.0,196.96428,143.18367,4.5757575,189.0,240.0,147.2,56.5
2014-04-11,98.55556,0.2278481,0.0,0.0,179.78572,128.36734,3.3030303,165.0,219.0,135.0,41.5
2014-04-12,102.333336,0.07594936,0.0,0.0,165.71428,116.77551,2.2424242,142.0,197.0,121.6,26.0
2014-04-13,97.22222,0.0,0.0,0.0,157.14285,109.591835,1.4545455,117.5,171.0,109.0,12.5
2014-04-14,94.44444,0.0,0.0,0.0,150.67857,104.061226,0.6060606,98.5,140.0,102.4,6.5
2014-04-15,90.0,0.0,0.0,0.0,142.89285,97.53061,0.0,80.5,119.0,93.0,0.0
2014-04-16,75.0,0.0,0.0,0.0,134.03572,90.265305,0.0,63.5,97.0,81.2,0.0
2014-04-17,57.88889,0.0,0.0,0.0,123.35714,81.71429,0.0,54.5,82.0,69.4,0.0
2014-04-18,50.444443,0.0,0.0,0.0,113.25,73.65306,0.0,44.0,67.0,55.6,0.0
2014-04-19,46.555557,0.0,0.0,0.0,105.60714,67.46939,0.0,35.0,52.0,43.4,0.0
2014-04-20,42.444443,0.0,0.0,0.0,98.78571,62.02041,0.0,27.0,40.0,33.4,0.0
2014-04-21,38.11111,0.0,0.0,0.0,92.03571,57.183674,0.0,18.5,28.0,23.2,0.0
2014-04-22,33.77778,0.0,0.0,0.0,89.17857,55.02041,0.0,12.5,17.0,13.8,0.0
2014-04-23,34.444443,0.0,0.0,0.0,85.53571,52.142857,0.030303031,23.0,30.0,18.6,3.5
2014-04-24,33.88889,0.0,0.0,0.0,90.28571,55.89796,0.0,24.5,29.0,19.0,1.5
2014-04-25,31.88889,0.0,0.0,0.0,87.96429,54.10204,0.0,22.0,25.0,15.0,0.0
2014-04-26,29.88889,7.886076,8.0,2.3333333,110.75,81.44898,0.0,58.0,56.0,28.6,12.5
2014-04-27,30.444445,8.367088,8.25,2.4666667,110.75,81.10204,0.0,58.0,52.0,24.2,10.5
2014-04-28,29.333334,6.683544,7.5,2.0,110.32143,80.22449,0.0,56.0,50.0,23.0,10.0
2014-04-29,32.333332,3.1898735,4.25,1.1333333,103.42857,72.71429,0.0,52.5,46.0,24.8,5.5
2014-04-30,29.222221,0.16455697,0.0,0.0,89.67857,56.97959,0.0,33.5,36.0,17.6,0.0
2014-05-01,34.88889,0.0,0.0,0.0,100.0,61.55102,0.0,17.5,21.0,9.0,0.0
2014-05-02,26.333334,0.0,0.0,0.0,84.67857,50.918365,0.0,3.0,0.0,0.0,0.0
2014-05-03,18.555555,0.0,0.0,0.0,66.96429,39.387756,0.0,0.0,0.0,0.0,0.0
2014-05-04,13.777778,0.0,0.0,0.0,57.035713,33.061226,0.0,0.0,0.0,0.0,0.0
2014-05-05,12.444445,0.0,0.0,0.0,53.67857,30.959183,0.0,0.0,0.0,0.0,0.0
2014-05-06,10.111111,0.025316456,0.0,0.0,53.107143,30.755102,0.0,0.0,0.0,0.0,0.0
2014-05-07,9.222222,0.4177215,1.5,0.46666667,43.714287,26.367348,0.0,0.0,0.0,2.8,0.0
2014-05-08,9.444445,0.18987341,1.25,0.33333334,46.214287,27.32653,0.0,0.0,0.0,2.0,0.0
2014-05-09,10.777778,0.07594936,0.0,0.0,55.535713,32.469387,0.0,0.0,0.0,0.0,0.0
2014-05-10,12.555555,0.0,0.0,0.0,54.785713,31.67347,0.0,0.0,0.0,0.0,0.0
2014-05-11,12.777778,0.0,0.0,0.0,54.75,31.632652,0.0,0.0,0.0,0.4,0.0
2014-05-12,12.666667,0.0,0.0,0.0,54.642857,31.510204,0.0,0.0,0.0,0.6,0.0
2014-05-13,11.555555,0.0,0.0,0.0,50.142857,28.714285,0.0,0.0,0.0,0.0,0.0
2014-05-14,9.555555,0.0,0.0,0.0,42.464287,24.265306,0.0,0.0,0.0,0.0,0.0
2014-05-15,6.2222223,0.0,0.0,0.0,31.714285,18.12245,0.0,0.0,0.0,0.0,0.0
2014-05-16,1.8888888,0.0,0.0,0.0,23.357143,13.346939,0.0,0.0,0.0,0.0,0.0
2014-05-17,0.0,0.0,0.0,0.0,17.285715,9.877551,0.0,0.0,0.0,0.0,0.0
2014-05-18,0.0,0.0,0.0,0.0,14.5,8.285714,0.0,0.0,0.0,0.0,0.0
2014-05-19,0.0,0.0,0.0,0.0,13.928572,7.9591837,0.0,0.0,0.0,0.0,0.0
2014-05-20,0.0,0.0,0.0,0.0,13.785714,7.877551,0.0,0.0,0.0,0.0,0.0
2014-05-21,0.7777778,0.0,0.0,0.0,14.178572,8.551021,0.0,2.5,1.0,16.2,0.5
2014-05-22,2.3333333,0.0,0.0,0.0,15.214286,9.122449,0.0,0.0,0.0,8.8,0.0
2014-05-23,2.2222223,0.0,0.0,0.0,12.785714,7.3061223,0.0,0.0,0.0,3.2,0.0
2014-05-24,0.0,0.0,0.0,0.0,12.178572,6.9591837,0.0,0.0,0.0,0.0,0.0
2014-05-25,0.0,0.0,0.0,0.0,8.25,4.714286,0.0,0.0,0.0,0.0,0.0
2014-05-26,0.0,0.0,0.0,0.0,6.285714,3.5918367,0.0,0.0,0.0,0.0,0.0
2014-05-27,0.0,0.0,0.0,0.0,4.535714,2.5918367,0.0,0.0,0.0,0.0,0.0
2014-05-28,0.0,0.0,0.0,0.0,4.428571,2.5306122,0.0,0.0,0.0,0.0,0.0
2014-05-29,0.0,0.0,0.0,0.0,4.0,2.2857144,0.0,0.0,0.0,0.0,0.0
2014-05-30,0.0,0.0,0.0,0.0,3.6785715,2.1020408,0.0,0.0,0.0,0.0,0.0
2014-05-31,0.0,0.0,0.0,0.0,3.2857144,1.8775511,0.0,0.0,0.0,0.0,0.0
2014-06-01,0.0,0.0,0.0,0.0,2.857143,1.6326531,0.0,0.0,0.0,0.0,0.0
2014-06-02,0.0,0.0,0.0,0.0,2.142857,1.2244898,0.0,0.0,0.0,0.0,0.0
2014-06-03,0.0,0.0,0.0,0.0,1.6071428,0.9183673,0.0,0.0,0.0,0.0,0.0
2014-06-04,0.0,0.0,0.0,0.0,1.0,0.5714286,0.0,0.0,0.0,0.0,0.0
2014-06-05,0.0,0.0,0.0,0.0,0.17857143,0.10204082,0.0,0.0,0.0,0.0,0.0
2014-06-06,0.0,0.0,0.0,0.0,0.0,0.0,0.0,0.0,0.0,0.0,0.0
2014-06-07,0.0,0.0,0.0,0.0,0.0,0.0,0.0,0.0,0.0,0.0,0.0
2014-06-08,0.0,0.0,0.0,0.0,0.0,0.0,0.0,0.0,0.0,0.0,0.0
2014-06-09,0.0,0.0,0.0,0.0,0.0,0.0,0.0,0.0,0.0,0.0,0.0
2014-06-10,0.0,0.0,0.0,0.0,0.0,0.0,0.0,0.0,0.0,0.0,0.0
2014-06-11,0.0,0.0,0.0,0.0,0.0,0.0,0.0,0.0,0.0,0.0,0.0
2014-06-12,0.0,0.0,0.0,0.0,0.0,0.0,0.0,0.0,0.0,0.0,0.0
2014-06-13,0.0,0.0,0.0,0.0,0.0,0.0,0.0,0.0,0.0,0.0,0.0
2014-06-14,0.0,0.0,0.0,0.0,0.0,0.0,0.0,0.0,0.0,0.0,0.0
2014-06-15,0.0,0.0,0.0,0.0,0.0,0.0,0.0,0.0,0.0,0.0,0.0
2014-06-16,0.0,0.0,0.0,0.0,0.0,0.0,0.0,0.0,0.0,0.0,0.0
2014-06-17,0.0,0.0,0.0,0.0,0.0,0.0,0.0,0.0,0.0,0.0,0.0
2014-06-18,0.0,0.0,0.0,0.0,0.0,0.0,0.0,0.0,0.0,0.0,0.0
2014-06-19,0.0,0.0,0.0,0.0,0.0,0.0,0.0,0.0,0.0,0.0,0.0
2014-06-20,0.0,0.0,0.0,0.0,0.0,0.0,0.0,0.0,0.0,0.0,0.0
2014-06-21,0.0,0.0,0.0,0.0,0.0,0.0,0.0,0.0,0.0,0.0,0.0
2014-06-22,0.0,0.0,0.0,0.0,0.0,0.0,0.0,0.0,0.0,0.0,0.0
2014-06-23,0.0,0.0,0.0,0.0,0.0,0.0,0.0,0.0,0.0,0.0,0.0
2014-06-24,0.0,0.0,0.0,0.0,0.0,0.0,0.0,0.0,0.0,0.0,0.0
2014-06-25,0.0,0.0,0.0,0.0,0.0,0.0,0.0,0.0,0.0,0.0,0.0
2014-06-26,0.0,0.0,0.0,0.0,0.0,0.0,0.0,0.0,0.0,0.0,0.0
2014-06-27,0.0,0.0,0.0,0.0,0.0,0.0,0.0,0.0,0.0,0.0,0.0
2014-06-28,0.0,0.0,0.0,0.0,0.0,0.0,0.0,0.0,0.0,0.0,0.0
2014-06-29,0.0,0.0,0.0,0.0,0.0,0.0,0.0,0.0,0.0,0.0,0.0
2014-06-30,0.0,0.0,0.0,0.0,0.0,0.0,0.0,0.0,0.0,0.0,0.0
2014-07-01,0.0,0.0,0.0,0.0,0.0,0.0,0.0,0.0,0.0,0.0,0.0
2014-07-02,0.0,0.0,0.0,0.0,0.0,0.0,0.0,0.0,0.0,0.0,0.0
2014-07-03,0.0,0.0,0.0,0.0,0.0,0.0,0.0,0.0,0.0,0.0,0.0
2014-07-04,0.0,0.0,0.0,0.0,0.0,0.0,0.0,0.0,0.0,0.0,0.0
2014-07-05,0.0,0.0,0.0,0.0,0.0,0.0,0.0,0.0,0.0,0.0,0.0
2014-07-06,0.0,0.0,0.0,0.0,0.0,0.0,0.0,0.0,0.0,0.0,0.0
2014-07-07,0.0,0.0,0.0,0.0,0.0,0.0,0.0,0.0,0.0,0.0,0.0
2014-07-08,0.0,0.0,0.0,0.0,0.0,0.0,0.0,0.0,0.0,0.0,0.0
2014-07-09,0.0,0.0,0.0,0.0,0.0,0.0,0.0,0.0,0.0,0.0,0.0
2014-07-10,0.0,0.0,0.0,0.0,0.0,0.0,0.0,0.0,0.0,0.0,0.0
2014-07-11,0.0,0.0,0.0,0.0,0.0,0.0,0.0,0.0,0.0,0.0,0.0
2014-07-12,0.0,0.0,0.0,0.0,0.0,0.0,0.0,0.0,0.0,0.0,0.0
2014-07-13,0.0,0.0,0.0,0.0,0.0,0.0,0.0,0.0,0.0,0.0,0.0
2014-07-14,0.0,0.0,0.0,0.0,0.0,0.0,0.0,0.0,0.0,0.0,0.0
2014-07-15,0.0,0.0,0.0,0.0,0.0,0.0,0.0,0.0,0.0,0.0,0.0
2014-07-16,0.0,0.0,0.0,0.0,0.0,0.0,0.0,0.0,0.0,0.0,0.0
2014-07-17,0.0,0.0,0.0,0.0,0.0,0.0,0.0,0.0,0.0,0.0,0.0
2014-07-18,0.0,0.0,0.0,0.0,0.0,0.0,0.0,0.0,0.0,0.0,0.0
2014-07-19,0.0,0.0,0.0,0.0,0.0,0.0,0.0,0.0,0.0,0.0,0.0
2014-07-20,0.0,0.0,0.0,0.0,0.0,0.0,0.0,0.0,0.0,0.0,0.0
2014-07-21,0.0,0.0,0.0,0.0,0.0,0.0,0.0,0.0,0.0,0.0,0.0
2014-07-22,0.0,0.0,0.0,0.0,0.0,0.0,0.0,0.0,0.0,0.0,0.0
2014-07-23,0.0,0.0,0.0,0.0,0.0,0.0,0.0,0.0,0.0,0.0,0.0
2014-07-24,0.0,0.0,0.0,0.0,0.0,0.0,0.0,0.0,0.0,0.0,0.0
2014-07-25,0.0,0.0,0.0,0.0,0.0,0.0,0.0,0.0,0.0,0.0,0.0
2014-07-26,0.0,0.0,0.0,0.0,0.0,0.0,0.0,0.0,0.0,0.0,0.0
2014-07-27,0.0,0.0,0.0,0.0,0.0,0.0,0.0,0.0,0.0,0.0,0.0
2014-07-28,0.0,0.0,0.0,0.0,0.0,0.0,0.0,0.0,0.0,0.0,0.0
2014-07-29,0.0,0.0,0.0,0.0,0.0,0.0,0.0,0.0,0.0,0.0,0.0
2014-07-30,0.0,0.0,0.0,0.0,0.0,0.0,0.0,0.0,0.0,0.0,0.0
2014-07-31,0.0,0.0,0.0,0.0,0.0,0.0,0.0,0.0,0.0,0.0,0.0
2014-08-01,0.0,0.0,0.0,0.0,0.0,0.0,0.0,0.0,0.0,0.0,0.0
2014-08-02,0.0,0.0,0.0,0.0,0.0,0.0,0.0,0.0,0.0,0.0,0.0
2014-08-03,0.0,0.0,0.0,0.0,0.0,0.0,0.0,0.0,0.0,0.0,0.0
2014-08-04,0.0,0.0,0.0,0.0,0.0,0.0,0.0,0.0,0.0,0.0,0.0
2014-08-05,0.0,0.0,0.0,0.0,0.0,0.0,0.0,0.0,0.0,0.0,0.0
2014-08-06,0.0,0.0,0.0,0.0,0.0,0.0,0.0,0.0,0.0,0.0,0.0
2014-08-07,0.0,0.0,0.0,0.0,0.0,0.0,0.0,0.0,0.0,0.0,0.0
2014-08-08,0.0,0.0,0.0,0.0,0.0,0.0,0.0,0.0,0.0,0.0,0.0
2014-08-09,0.0,0.0,0.0,0.0,0.0,0.0,0.0,0.0,0.0,0.0,0.0
2014-08-10,0.0,0.0,0.0,0.0,0.0,0.0,0.0,0.0,0.0,0.0,0.0
2014-08-11,0.0,0.0,0.0,0.0,0.0,0.0,0.0,0.0,0.0,0.0,0.0
2014-08-12,0.0,0.0,0.0,0.0,0.0,0.0,0.0,0.0,0.0,0.0,0.0
2014-08-13,0.0,0.0,0.0,0.0,0.0,0.0,0.0,0.0,0.0,0.0,0.0
2014-08-14,0.0,0.0,0.0,0.0,0.0,0.0,0.0,0.0,0.0,0.0,0.0
2014-08-15,0.0,0.0,0.0,0.0,0.0,0.0,0.0,0.0,0.0,0.0,0.0
2014-08-16,0.0,0.0,0.0,0.0,0.0,0.0,0.0,0.0,0.0,0.0,0.0
2014-08-17,0.0,0.0,0.0,0.0,0.0,0.0,0.0,0.0,0.0,0.0,0.0
2014-08-18,0.0,0.0,0.0,0.0,0.0,0.0,0.0,0.0,0.0,0.0,0.0
2014-08-19,0.0,0.0,0.0,0.0,0.0,0.0,0.0,0.0,0.0,0.0,0.0
2014-08-20,0.0,0.0,0.0,0.0,0.0,0.0,0.0,0.0,0.0,0.0,0.0
2014-08-21,0.0,0.0,0.0,0.0,0.0,0.0,0.0,0.0,0.0,0.0,0.0
2014-08-22,0.0,0.0,0.0,0.0,0.0,0.0,0.0,0.0,0.0,0.0,0.0
2014-08-23,0.0,0.0,0.0,0.0,0.0,0.0,0.0,0.0,0.0,0.0,0.0
2014-08-24,0.0,0.0,0.0,0.0,0.0,0.0,0.0,0.0,0.0,0.0,0.0
2014-08-25,0.0,0.0,0.0,0.0,0.0,0.0,0.0,0.0,0.0,0.0,0.0
2014-08-26,0.0,0.0,0.0,0.0,0.0,0.0,0.0,0.0,0.0,0.0,0.0
2014-08-27,0.0,0.0,0.0,0.0,0.0,0.0,0.0,0.0,0.0,0.0,0.0
2014-08-28,0.0,0.0,0.0,0.0,0.0,0.0,0.0,0.0,0.0,0.0,0.0
2014-08-29,0.0,0.0,0.0,0.0,0.0,0.0,0.0,0.0,0.0,0.0,0.0
2014-08-30,0.0,0.0,0.0,0.0,0.0,0.0,0.0,0.0,0.0,0.0,0.0
2014-08-31,0.0,0.0,0.0,0.0,0.0,0.0,0.0,0.0,0.0,0.0,0.0
2014-09-01,0.0,0.0,0.0,0.0,0.0,0.0,0.0,0.0,0.0,0.0,0.0
2014-09-02,0.0,0.0,0.0,0.0,0.0,0.0,0.0,0.0,0.0,0.0,0.0
2014-09-03,0.0,0.0,0.0,0.0,0.0,0.0,0.0,0.0,0.0,0.0,0.0
2014-09-04,0.0,0.0,0.0,0.0,0.0,0.0,0.0,0.0,0.0,0.0,0.0
2014-09-05,0.0,0.0,0.0,0.0,0.0,0.0,0.0,0.0,0.0,0.0,0.0
2014-09-06,0.0,0.0,0.0,0.0,0.0,0.0,0.0,0.0,0.0,0.0,0.0
2014-09-07,0.0,0.0,0.0,0.0,0.0,0.0,0.0,0.0,0.0,0.0,0.0
2014-09-08,0.0,0.0,0.0,0.0,0.0,0.0,0.0,0.0,0.0,0.0,0.0
2014-09-09,0.0,0.0,0.0,0.0,0.0,0.0,0.0,0.0,0.0,0.0,0.0
2014-09-10,0.0,0.0,0.0,0.0,0.0,0.0,0.0,0.0,0.0,0.0,0.0
2014-09-11,0.0,0.0,0.0,0.0,0.0,0.0,0.0,0.0,0.0,0.0,0.0
2014-09-12,0.0,0.0,0.0,0.0,0.0,0.0,0.0,0.0,0.0,0.0,0.0
2014-09-13,0.0,0.0,0.0,0.0,0.0,0.0,0.0,0.0,0.0,0.0,0.0
2014-09-14,0.0,0.0,0.0,0.0,0.0,0.0,0.0,0.0,0.0,0.0,0.0
2014-09-15,0.0,0.0,0.0,0.0,0.0,0.0,0.0,0.0,0.0,0.0,0.0
2014-09-16,0.0,0.0,0.0,0.0,0.0,0.0,0.0,0.0,0.0,0.0,0.0
2014-09-17,0.0,0.0,0.0,0.0,0.0,0.0,0.0,0.0,0.0,0.0,0.0
2014-09-18,0.0,0.0,0.0,0.0,0.0,0.0,0.0,0.0,0.0,0.0,0.0
2014-09-19,0.0,0.0,0.0,0.0,0.0,0.0,0.0,0.0,0.0,0.0,0.0
2014-09-20,0.0,0.0,0.0,0.0,0.0,0.0,0.0,0.0,0.0,0.0,0.0
2014-09-21,0.0,0.0,0.0,0.0,0.0,0.0,0.0,0.0,0.0,0.0,0.0
2014-09-22,0.0,0.0,0.0,0.0,0.0,0.0,0.0,0.0,0.0,0.0,0.0
2014-09-23,0.0,0.0,0.0,0.0,0.0,0.0,0.0,0.0,0.0,0.0,0.0
2014-09-24,0.0,0.0,0.0,0.0,0.0,0.0,0.0,0.0,0.0,0.0,0.0
2014-09-25,0.0,0.0,0.0,0.0,0.0,0.0,0.0,0.0,0.0,0.0,0.0
2014-09-26,0.0,0.0,0.0,0.0,0.0,0.0,0.0,0.0,0.0,0.0,0.0
2014-09-27,0.0,0.0,0.0,0.0,0.0,0.0,0.0,0.0,0.0,4.0,0.0
2014-09-28,0.5555556,0.0,0.0,0.0,2.0714285,1.5918367,0.0,0.0,0.0,10.4,0.0
2014-09-29,4.0,0.21518987,0.0,0.0,5.964286,4.1836734,0.0,0.0,0.0,8.6,0.0
2014-09-30,1.5555556,0.0,0.0,0.0,3.4642856,2.142857,0.0,0.0,0.0,3.2,0.0
2014-10-01,0.0,0.0,0.0,0.0,0.39285713,0.2244898,0.0,0.0,0.0,1.0,0.0
2014-10-02,0.0,0.0,0.0,0.0,0.035714287,0.020408163,0.0,0.0,0.0,0.0,0.0
2014-10-03,0.0,0.0,0.0,0.0,0.0,0.0,0.0,0.0,0.0,0.0,0.0
2014-10-04,0.0,0.0,0.0,0.0,0.0,0.0,0.0,0.0,0.0,0.0,0.0
2014-10-05,0.0,0.0,0.0,0.0,0.0,0.0,0.0,0.0,0.0,0.0,0.0
2014-10-06,0.0,0.0,0.0,0.0,0.0,0.0,0.0,0.0,0.0,0.0,0.0
2014-10-07,0.0,0.0,0.0,0.0,0.0,0.0,0.0,0.0,0.0,0.0,0.0
2014-10-08,0.0,0.0,0.0,0.0,0.0,0.0,0.0,0.0,0.0,0.0,0.0
2014-10-09,0.0,0.0,0.0,0.0,0.0,0.0,0.0,0.0,0.0,0.0,0.0
2014-10-10,0.0,0.0,0.0,0.0,0.0,0.0,0.0,0.0,0.0,0.0,0.0
2014-10-11,0.0,0.0,0.0,0.0,0.0,0.0,0.0,0.0,0.0,0.0,0.0
2014-10-12,0.0,0.0,0.0,0.0,0.0,0.0,0.0,0.0,0.0,0.0,0.0
2014-10-13,0.0,0.0,0.0,0.0,0.0,0.0,0.0,0.0,0.0,0.0,0.0
2014-10-14,0.0,0.0,0.0,0.0,0.0,0.0,0.0,0.0,0.0,0.0,0.0
2014-10-15,0.0,0.0,0.0,0.0,0.0,0.0,0.0,0.0,0.0,0.0,0.0
2014-10-16,0.0,0.0,0.0,0.0,0.0,0.0,0.0,0.0,0.0,0.0,0.0
2014-10-17,0.0,0.0,0.0,0.0,0.0,0.0,0.0,0.0,0.0,0.0,0.0
2014-10-18,0.0,0.0,0.0,0.0,0.0,0.0,0.0,0.0,0.0,0.0,0.0
2014-10-19,0.0,0.0,0.0,0.0,0.0,0.0,0.0,0.0,0.0,0.0,0.0
2014-10-20,0.0,0.0,0.0,0.0,0.0,0.0,0.0,0.0,0.0,0.0,0.0
2014-10-21,0.0,0.0,0.0,0.0,0.0,0.0,0.0,0.0,0.0,0.0,0.0
2014-10-22,0.0,0.0,0.0,0.0,0.0,0.0,0.0,0.0,0.0,0.0,0.0
2014-10-23,0.0,0.0,0.0,0.0,0.0,0.0,0.0,0.0,0.0,0.0,0.0
2014-10-24,0.0,0.0,0.0,0.0,0.0,0.0,0.0,0.0,0.0,0.0,0.0
2014-10-25,0.0,0.0,0.0,0.0,0.0,0.0,0.0,0.0,0.0,0.0,0.0
2014-10-26,0.0,0.0,0.0,0.0,0.035714287,0.020408163,0.0,0.0,0.0,0.0,0.0
2014-10-27,0.0,0.0,0.0,0.0,0.035714287,0.020408163,0.0,0.0,0.0,0.0,0.0
2014-10-28,0.0,0.0,0.0,0.0,0.035714287,0.020408163,0.0,0.0,0.0,0.0,0.0
2014-10-29,0.0,0.0,0.0,0.0,0.0,0.0,0.0,0.0,0.0,0.0,0.0
2014-10-30,0.0,0.0,0.0,0.0,0.0,0.0,0.0,0.0,0.0,0.0,0.0
2014-10-31,0.0,0.0,0.0,0.0,0.0,0.0,0.0,0.0,0.0,0.0,0.0
2014-11-01,1.8888888,0.03797468,0.5,0.13333334,10.535714,9.102041,0.0,0.0,0.0,0.0,0.0
2014-11-02,3.8888888,0.9493671,9.5,3.3333333,12.0,10.285714,0.121212125,10.5,16.0,3.6,3.5
2014-11-03,3.6666667,0.9240506,8.25,2.8666666,11.607142,10.020409,0.060606062,7.5,11.0,3.6,3.5
2014-11-04,3.6666667,0.6329114,7.0,2.2,11.428572,9.653061,0.0,8.0,12.0,2.6,2.0
2014-11-05,3.6666667,0.07594936,3.75,1.0,13.642858,11.285714,0.0,2.0,8.0,0.0,0.0
2014-11-06,2.6666667,0.0,0.0,0.0,7.964286,6.5102043,0.0,0.0,1.0,0.0,0.0
2014-11-07,0.33333334,0.0,0.0,0.0,3.0,2.6734693,0.0,0.0,0.0,0.0,0.0
2014-11-08,0.0,0.0,0.0,0.0,0.5714286,0.59183675,0.0,0.0,0.0,0.0,0.0
2014-11-09,0.0,0.0,0.0,0.0,0.0,0.0,0.0,0.0,0.0,0.0,0.0
2014-11-10,0.0,0.0,0.0,0.0,0.0,0.0,0.0,0.0,0.0,0.0,0.0
2014-11-11,0.0,0.0,0.0,0.0,0.0,0.0,0.0,0.0,0.0,0.0,0.0
2014-11-12,0.0,0.0,0.0,0.0,0.0,0.0,0.0,0.0,0.0,0.0,0.0
2014-11-13,0.0,0.0,0.0,0.0,0.35714287,0.30612245,0.0,0.0,0.0,0.0,0.0
2014-11-14,0.6666667,0.0,0.0,0.0,5.285714,3.8367348,0.0,0.0,0.0,1.2,0.0
2014-11-15,0.5555556,0.0,0.0,0.0,3.857143,3.2040815,0.0,0.0,0.0,0.6,0.0
2014-11-16,0.5555556,0.0,0.0,0.0,4.0,3.2653062,0.0,0.0,0.0,1.0,0.0
2014-11-17,0.5555556,0.0,0.0,0.0,3.857143,3.1836734,0.0,0.0,0.0,1.0,0.5
2014-11-18,0.44444445,0.0,0.0,0.0,3.5,2.8367348,0.0,0.0,0.0,0.2,0.0
2014-11-19,0.33333334,0.0,0.0,0.0,3.7142856,2.7551022,0.0,0.0,0.0,0.0,0.0
2014-11-20,0.33333334,0.0,0.0,0.0,3.857143,2.8979592,0.33333334,0.0,0.0,0.0,0.0
2014-11-21,1.1111112,0.37974682,0.0,0.0,7.535714,6.9387755,0.8484849,1.0,1.0,0.0,0.0
2014-11-22,0.7777778,0.35443038,0.0,0.0,7.821429,7.4693875,0.6060606,3.5,3.0,0.8,2.5
2014-11-23,2.5555556,0.24050634,0.0,0.0,10.535714,10.591837,0.6363636,16.5,18.0,6.4,11.5
2014-11-24,2.6666667,0.2278481,0.0,0.0,10.571428,11.0,0.6666667,15.5,18.0,6.4,14.0
2014-11-25,2.4444444,0.2278481,0.0,0.0,12.571428,11.959184,0.4848485,16.0,17.0,6.0,13.0
2014-11-26,0.6666667,0.025316456,0.0,0.0,9.321428,8.734694,0.24242425,11.5,14.0,3.6,7.5
2014-11-27,0.0,0.0,0.0,0.0,6.178571,6.142857,0.0,4.5,7.0,0.4,1.5
2014-11-28,0.0,0.0,0.0,0.0,3.5714285,4.0408163,0.0,1.0,3.0,0.0,0.0
2014-11-29,0.0,0.0,0.0,0.0,2.6785715,3.3469388,0.3030303,1.0,2.0,0.0,0.5
2014-11-30,0.0,0.0,0.0,0.0,2.892857,4.857143,0.36363637,35.0,49.0,6.4,22.5
2014-12-01,0.0,0.0,0.0,0.0,4.214286,7.020408,0.969697,47.5,63.0,11.6,31.5
2014-12-02,0.0,0.012658228,0.0,0.0,4.107143,7.408163,0.90909094,52.0,67.0,11.6,35.0
2014-12-03,19.333334,11.822784,0.0,0.0,26.464285,22.734694,1.0,57.0,85.0,23.0,61.5
2014-12-04,21.222221,11.683544,0.0,0.0,32.75,29.22449,1.8787879,65.0,84.0,34.2,83.5
2014-12-05,16.88889,12.405064,0.0,0.0,33.285713,29.32653,1.5151515,68.0,85.0,37.0,78.5
2014-12-06,16.777779,12.329114,0.0,0.0,37.17857,31.795918,1.3636364,67.5,84.0,37.2,66.0
2014-12-07,17.333334,11.822784,0.0,0.0,34.035713,29.367348,1.3333334,66.0,82.0,37.2,65.0
2014-12-08,17.333334,10.658228,0.0,0.0,33.107143,28.67347,1.2424242,63.5,79.0,35.6,63.5
2014-12-09,16.444445,8.936708,0.0,0.0,32.57143,28.081633,1.1212121,62.0,77.0,34.8,63.5
2014-12-10,14.888889,7.379747,0.0,0.0,32.214287,27.489796,1.0909091,62.0,78.0,32.8,61.5
2014-12-11,17.444445,6.025316,0.0,0.0,33.0,28.081633,1.060606,62.5,78.0,32.6,59.5
2014-12-12,24.0,6.987342,2.0,0.53333336,51.714287,43.44898,21.878788,67.5,79.0,34.2,56.5
2014-12-13,39.88889,30.544304,39.25,13.866667,66.75,54.122448,21.030304,75.5,86.0,44.0,70.0
2014-12-14,37.77778,30.784811,39.5,14.0,69.28571,54.57143,22.0,75.0,86.0,44.0,70.0
2014-12-15,37.88889,30.734177,39.25,13.933333,69.07143,54.30612,22.09091,74.5,86.0,41.4,71.5
2014-12-16,40.77778,33.13924,41.0,14.733334,84.89286,69.14286,32.060608,84.5,99.0,48.0,82.5
2014-12-17,47.0,36.13924,46.0,16.6,91.25,75.755104,37.090908,90.0,104.0,50.2,85.0
2014-12-18,46.88889,37.658226,46.75,17.066668,92.03571,76.89796,37.39394,91.5,107.0,50.8,87.0
2014-12-19,48.88889,37.518986,46.25,16.933332,91.0,76.0,38.21212,91.5,107.0,51.4,87.0
2014-12-20,48.88889,37.07595,44.5,16.333334,93.53571,78.734695,40.757576,113.0,132.0,60.6,98.5
2014-12-21,49.555557,36.177216,41.5,15.4,95.39286,80.63265,41.333332,131.5,157.0,65.8,107.5
2014-12-22,49.666668,33.518986,37.25,13.933333,97.96429,81.63265,37.424244,130.0,159.0,65.2,108.0
2014-12-23,37.444443,29.56962,31.5,11.866667,99.39286,81.28571,35.60606,131.0,156.0,63.8,105.0
2014-12-24,45.444443,25.088608,24.5,9.2,100.78571,82.408165,33.363636,124.5,153.0,61.2,100.5
2014-12-25,49.333332,27.898735,27.75,9.666667,106.75,87.87755,34.909092,136.0,166.0,70.8,110.5
2014-12-26,49.333332,27.924051,27.75,9.6,105.35714,87.30612,35.090908,139.0,166.0,70.6,110.5
2014-12-27,48.666668,27.924051,27.75,9.666667,108.0,89.244896,33.060608,139.5,166.0,70.6,110.5
2014-12-28,49.0,27.911392,27.5,9.533334,108.82143,89.77551,37.78788,137.5,166.0,64.6,112.0
2014-12-29,49.0,27.670887,27.0,9.133333,109.07143,90.14286,36.0,138.0,166.0,64.8,112.0
2014-12-30,49.22222,27.455696,27.0,8.933333,110.71429,91.265305,38.242424,136.0,166.0,71.8,113.0
2014-12-31,49.666668,27.911392,28.25,9.4,109.28571,89.53061,39.545456,137.5,167.0,79.4,121.0
2015-01-01,49.77778,27.911392,28.25,9.4,107.28571,88.12245,38.303032,136.5,167.0,72.2,121.5
2015-01-02,49.666668,27.898735,28.25,9.4,105.39286,86.81633,36.21212,137.5,167.0,72.0,120.5
2015-01-03,49.555557,27.797468,27.25,8.933333,103.57143,86.244896,36.242424,136.5,167.0,71.8,121.5
2015-01-04,49.0,27.01266,26.25,8.2,104.14286,86.408165,34.727272,135.0,166.0,70.8,118.5
2015-01-05,47.666668,24.962025,23.5,6.4666667,105.78571,85.81633,34.60606,135.0,164.0,69.8,116.0
2015-01-06,45.77778,21.0,18.0,4.8,107.25,83.63265,40.333332,133.5,161.0,67.6,111.0
2015-01-07,44.22222,16.898735,11.0,2.9333334,105.07143,78.755104,31.90909,128.0,155.0,68.2,104.5
2015-01-08,42.333332,14.037974,5.0,1.3333334,104.64286,76.57143,28.60606,122.0,150.0,62.6,98.5
2015-01-09,41.333332,12.3924055,1.0,0.26666668,103.32143,75.0,24.39394,115.0,145.0,59.8,94.5
2015-01-10,39.22222,12.0,0.0,0.0,105.82143,76.44898,23.030304,110.0,143.0,58.4,91.0
2015-01-11,39.0,11.734178,0.0,0.0,110.5,79.408165,22.212122,104.5,140.0,56.8,85.0
2015-01-12,40.555557,12.949368,0.0,0.0,112.03571,80.22449,21.90909,99.5,138.0,55.6,81.5
2015-01-13,40.555557,12.64557,0.0,0.0,113.0,80.85714,23.333334,98.5,138.0,55.6,81.0
2015-01-14,40.555557,12.50633,0.0,0.0,111.89286,80.04082,19.878788,98.5,138.0,55.6,81.0
2015-01-15,38.77778,12.07595,0.0,0.0,111.82143,79.97959,19.333334,95.5,134.0,55.2,81.0
2015-01-16,38.333332,11.6075945,0.0,0.0,115.96429,82.938774,18.484848,91.0,132.0,53.4,78.5
2015-01-17,37.555557,11.265822,0.0,0.0,118.71429,85.0,17.484848,87.5,132.0,52.4,75.0
2015-01-18,36.333332,10.582278,0.0,0.0,120.25,85.85714,17.121212,81.0,128.0,48.6,69.5
2015-01-19,34.88889,9.772152,0.0,0.0,121.46429,86.10204,15.121212,75.0,127.0,44.6,63.0
2015-01-20,34.0,9.594936,0.0,0.0,124.39286,87.591835,13.666667,71.0,124.0,41.8,59.0
2015-01-21,34.0,9.582278,0.0,0.0,124.14286,87.28571,12.848485,68.0,120.0,41.6,58.0
2015-01-22,34.0,9.582278,0.0,0.0,125.42857,88.16327,13.848485,67.5,120.0,40.6,58.0
2015-01-23,34.0,9.518988,0.0,0.0,125.82143,88.38776,12.515152,64.0,116.0,40.2,57.5
2015-01-24,34.0,9.367088,0.0,0.0,127.64286,89.5102,10.939394,61.5,115.0,39.6,56.0
2015-01-25,32.22222,8.70886,0.0,0.0,126.60714,88.28571,8.575758,55.0,110.0,34.6,51.5
2015-01-26,28.88889,7.113924,0.0,0.0,125.14286,86.61224,8.151515,43.5,103.0,25.6,42.5
2015-01-27,28.11111,7.075949,0.0,0.0,124.0,85.81633,7.3030305,32.0,94.0,18.0,33.5
2015-01-28,27.0,7.898734,0.75,0.2,130.46428,90.755104,7.090909,32.0,95.0,27.2,33.5
2015-01-29,26.88889,7.56962,0.0,0.0,130.89285,90.67347,6.5454545,29.0,92.0,26.8,33.0
2015-01-30,31.444445,7.341772,0.0,0.0,130.10715,90.22449,6.030303,25.5,88.0,25.8,31.5
2015-01-31,31.666666,7.329114,0.0,0.0,129.85715,90.04082,5.6666665,24.0,85.0,24.8,30.5
2015-02-01,31.666666,5.683544,0.0,0.0,128.07143,88.53061,5.0,21.5,81.0,20.4,30.0
2015-02-02,29.88889,6.898734,0.0,0.0,125.5,86.10204,4.5151515,19.0,78.0,17.4,27.5
2015-02-03,28.444445,6.278481,0.0,0.0,122.96429,83.77551,4.060606,17.5,76.0,14.6,25.5
2015-02-04,26.555555,5.632911,0.0,0.0,119.03571,80.5102,3.7878788,15.0,70.0,11.6,22.5
2015-02-05,24.0,4.708861,0.0,0.0,113.25,75.79592,3.4848485,11.0,61.0,8.6,18.5
2015-02-06,21.777779,3.936709,0.0,0.0,108.35714,72.061226,2.969697,7.0,51.0,5.4,14.5
2015-02-07,32.333332,3.670886,0.0,0.0,139.57143,98.63265,4.7272725,74.0,154.0,29.8,15.0
2015-02-08,54.11111,6.886076,0.0,0.0,156.39285,110.0,4.151515,82.0,149.0,62.6,17.0
2015-02-09,71.0,6.21519,0.0,0.0,195.71428,134.55103,4.212121,140.0,196.0,101.8,43.0
2015-02-10,71.888885,5.721519,0.0,0.0,190.39285,131.0204,4.3636365,166.0,235.0,108.6,62.0
2015-02-11,71.22222,5.468354,0.0,0.0,169.17857,115.61224,4.151515,164.5,234.0,104.8,62.0
2015-02-12,68.55556,4.873418,0.0,0.0,168.89285,113.77551,3.6969697,157.5,224.0,96.8,58.5
2015-02-13,60.444443,4.075949,0.0,0.0,162.07143,107.65306,2.969697,143.0,204.0,83.2,46.0
2015-02-14,53.22222,3.3164556,0.0,0.0,155.92857,102.63265,2.4242425,120.5,183.0,69.8,30.5
2015-02-15,49.666668,2.8481014,0.0,0.0,165.0,108.67347,2.2121212,101.0,164.0,58.2,23.5
2015-02-16,51.333332,2.506329,0.0,0.0,167.07143,110.22449,1.9090909,82.5,151.0,46.4,18.0
2015-02-17,41.77778,2.227848,0.0,0.0,155.25,102.16327,1.6060606,66.5,138.0,35.4,13.5
2015-02-18,41.77778,2.0886075,0.0,0.0,147.0,96.5102,1.3333334,51.5,124.0,24.4,8.0
2015-02-19,34.11111,1.8607595,0.0,0.0,138.60715,90.14286,0.90909094,42.0,107.0,16.6,1.5
2015-02-20,30.777779,1.6835443,0.0,0.0,135.17857,87.14286,0.6060606,35.0,92.0,11.8,0.0
2015-02-21,28.666666,1.607595,0.0,0.0,133.71428,85.77551,0.33333334,29.5,81.0,9.2,0.0
2015-02-22,29.777779,1.5949367,0.0,0.0,133.25,85.5102,0.24242425,27.0,75.0,8.6,0.0
2015-02-23,31.777779,14.050632,22.0,7.5333333,131.5,83.918365,0.21212122,27.0,75.0,10.2,0.0
2015-02-24,31.777779,17.43038,31.5,10.733334,133.60715,85.265305,0.18181819,27.5,76.0,10.2,0.0
2015-02-25,25.666666,16.29114,29.0,9.933333,136.71428,87.87755,0.15151516,26.5,73.0,10.2,0.0
2015-02-26,28.222221,10.455696,10.5,3.8,125.42857,80.89796,0.0,23.5,67.0,8.2,0.0
2015-02-27,28.222221,7.822785,4.75,1.4666667,133.71428,85.63265,0.0,21.5,61.0,8.0,0.0
2015-02-28,30.0,7.911392,4.75,1.4,133.14285,85.67347,0.15151516,43.5,100.0,13.0,7.0
2015-03-01,33.77778,7.202532,6.0,1.9333333,134.78572,87.57143,0.15151516,69.5,135.0,25.6,21.0
2015-03-02,38.444443,9.189874,7.75,2.5333333,138.64285,90.918365,0.060606062,70.5,136.0,26.6,22.0
2015-03-03,41.555557,11.35443,10.75,3.4666667,144.85715,96.0,0.09090909,72.0,136.0,26.8,23.0
2015-03-04,41.555557,11.329114,9.75,3.1333334,144.85715,95.97959,0.060606062,72.5,136.0,26.8,23.0
2015-03-05,44.0,10.189874,8.75,2.5333333,141.46428,93.591835,0.0,72.0,136.0,26.8,23.0
2015-03-06,33.22222,8.012658,6.25,1.6666666,154.32143,101.02041,0.0,71.5,133.0,27.0,22.5
2015-03-07,30.555555,5.455696,2.5,0.6666667,147.57143,95.408165,0.0,66.5,125.0,26.0,18.0
2015-03-08,32.666668,3.772152,0.0,0.0,138.32143,88.57143,0.0,51.5,112.0,23.8,6.0
2015-03-09,30.88889,2.6455696,0.0,0.0,133.92857,85.408165,0.0,34.5,97.0,18.4,0.0
2015-03-10,29.777779,2.0379746,0.0,0.0,131.0,82.95918,0.0,20.0,82.0,13.6,0.0
2015-03-11,27.444445,1.8227848,0.0,0.0,127.25,80.12245,0.0,12.0,67.0,8.8,0.0
2015-03-12,26.777779,1.8227848,0.0,0.0,127.96429,80.71429,0.121212125,8.5,58.0,8.0,0.0
2015-03-13,26.88889,1.7594937,0.0,0.0,126.46429,79.408165,0.0,4.5,49.0,7.2,0.0
2015-03-14,25.666666,1.5189873,0.0,0.0,120.07143,74.69388,0.0,0.0,26.0,5.4,0.0
2015-03-15,20.666666,1.1265823,0.0,0.0,112.0,68.57143,0.0,0.0,0.0,2.8,0.0
2015-03-16,17.222221,0.79746836,0.0,0.0,105.10714,63.57143,0.0,0.0,0.0,0.8,0.0
2015-03-17,14.888889,0.5822785,0.0,0.0,99.96429,59.959183,0.0,0.0,0.0,0.0,0.0
2015-03-18,14.333333,0.556962,0.0,0.0,98.35714,58.877552,0.0,0.0,0.0,0.0,0.0
2015-03-19,13.555555,0.5316456,0.0,0.0,97.46429,58.142857,0.0,0.0,0.0,0.0,0.0
2015-03-20,11.777778,0.46835443,0.0,0.0,93.35714,55.122448,0.0,0.0,0.0,0.0,0.0
2015-03-21,10.0,0.37974682,0.0,0.0,91.21429,53.530613,0.0,0.0,0.0,0.0,0.0
2015-03-22,9.333333,0.3164557,0.0,0.0,90.17857,52.77551,0.0,0.0,0.0,0.0,0.0
2015-03-23,9.333333,0.29113925,0.0,0.0,92.07143,54.163265,0.24242425,0.0,0.0,0.0,0.0
2015-03-24,9.333333,0.29113925,0.0,0.0,91.78571,54.0,0.42424244,7.0,9.0,1.4,2.5
2015-03-25,9.333333,0.29113925,0.0,0.0,91.53571,53.816326,0.36363637,3.0,4.0,0.8,1.5
2015-03-26,8.666667,0.25316456,0.0,0.0,89.60714,52.265305,0.0,0.0,0.0,0.0,0.0
2015-03-27,6.6666665,0.12658228,0.0,0.0,83.25,47.97959,0.0,0.0,0.0,0.0,0.0
2015-03-28,5.111111,0.0,0.0,0.0,74.82143,42.877552,0.0,0.0,0.0,0.0,0.0
2015-03-29,3.8888888,0.0,0.0,0.0,67.71429,38.69388,0.0,0.0,0.0,0.0,0.0
2015-03-30,2.6666667,0.0,0.0,0.0,61.17857,34.959183,0.0,0.0,0.0,0.0,0.0
2015-03-31,1.0,0.0,0.0,0.0,54.32143,31.040817,0.0,0.0,0.0,0.0,0.0
2015-04-01,0.7777778,0.0,0.0,0.0,53.642857,30.65306,0.0,0.0,0.0,0.0,0.0
2015-04-02,0.7777778,0.0,0.0,0.0,53.67857,30.67347,0.0,0.0,0.0,0.0,0.0
2015-04-03,0.7777778,0.0,0.0,0.0,53.642857,30.65306,0.0,0.0,0.0,0.0,0.0
2015-04-04,0.7777778,0.0,0.0,0.0,53.67857,30.67347,0.0,0.0,0.0,0.0,0.0
2015-04-05,0.7777778,0.0,0.0,0.0,53.535713,30.591837,0.0,0.0,0.0,0.0,0.0
2015-04-06,0.7777778,0.0,0.0,0.0,58.0,36.77551,4.151515,20.5,20.0,2.4,5.5
2015-04-07,0.7777778,0.0,0.0,0.0,57.892857,36.67347,4.848485,24.0,24.0,2.8,6.0
2015-04-08,21.444445,5.658228,9.75,3.9333334,68.75,51.204082,14.090909,40.0,40.0,11.4,10.0
2015-04-09,15.222222,5.113924,8.0,3.2666667,69.89286,51.632652,13.969697,39.5,40.0,9.8,11.5
2015-04-10,19.333334,3.4050634,6.75,2.2,70.32143,51.163265,8.424242,34.5,34.0,11.2,9.0
2015-04-11,12.0,1.0759493,3.0,0.8,72.78571,50.632652,2.030303,23.5,20.0,8.6,4.0
2015-04-12,9.0,0.2278481,0.0,0.0,66.28571,43.163265,0.3030303,15.0,15.0,6.0,0.0
2015-04-13,4.6666665,0.0,0.0,0.0,53.357143,32.183674,0.0,3.0,5.0,1.0,0.0
2015-04-14,2.0,0.0,0.0,0.0,59.785713,35.122448,0.0,0.0,0.0,0.0,0.0
2015-04-15,2.0,0.0,0.0,0.0,56.357143,33.163265,0.0,1.5,1.0,0.0,0.0
2015-04-16,1.8888888,0.0,0.0,0.0,56.607143,33.183674,0.0,0.5,0.0,0.0,0.0
2015-04-17,1.5555556,0.0,0.0,0.0,56.107143,32.67347,0.0,0.0,0.0,0.0,0.0
2015-04-18,0.8888889,0.0,0.0,0.0,52.857143,30.265306,0.0,0.0,0.0,0.0,0.0
2015-04-19,0.0,0.0,0.0,0.0,47.285713,27.020409,0.0,0.0,0.0,0.0,0.0
2015-04-20,0.0,0.0,0.0,0.0,41.785713,23.87755,0.0,0.0,0.0,0.0,0.0
2015-04-21,0.0,0.0,0.0,0.0,36.142857,20.65306,0.0,0.0,0.0,0.0,0.0
2015-04-22,0.0,0.0,0.0,0.0,33.17857,18.959183,0.0,0.0,0.0,0.0,0.0
2015-04-23,0.0,0.0,0.0,0.0,32.5,18.571428,0.0,0.0,0.0,0.0,0.0
2015-04-24,0.0,0.0,0.0,0.0,33.107143,18.918367,0.0,0.0,0.0,0.0,0.0
2015-04-25,1.6666666,0.0,0.0,0.0,32.392857,20.67347,0.21212122,19.0,23.0,2.6,1.5
2015-04-26,8.333333,1.607595,2.0,0.53333336,53.214287,40.142857,0.060606062,44.5,39.0,20.4,6.0
2015-04-27,9.777778,0.43037975,0.25,0.06666667,47.25,34.367348,0.0,27.0,19.0,13.2,2.5
2015-04-28,4.111111,0.0,0.0,0.0,44.57143,27.530613,0.0,12.5,8.0,7.6,0.0
2015-04-29,0.0,0.0,0.0,0.0,36.82143,21.244898,0.0,0.0,0.0,0.0,0.0
2015-04-30,0.0,0.0,0.0,0.0,30.321428,17.32653,0.0,0.0,0.0,0.0,0.0
2015-05-01,0.0,0.0,0.0,0.0,25.142857,14.367347,0.0,0.0,0.0,0.0,0.0
2015-05-02,0.0,0.0,0.0,0.0,20.75,11.857142,0.0,0.0,0.0,0.0,0.0
2015-05-03,0.0,0.0,0.0,0.0,18.0,10.285714,0.0,0.0,0.0,0.0,0.0
2015-05-04,0.0,0.0,0.0,0.0,16.25,9.285714,0.0,0.0,0.0,0.0,0.0
2015-05-05,0.0,0.0,0.0,0.0,14.785714,8.448979,0.0,0.0,0.0,0.0,0.0
2015-05-06,0.0,0.0,0.0,0.0,13.678572,7.8163266,0.0,0.0,0.0,0.0,0.0
2015-05-07,0.0,0.0,0.0,0.0,13.607142,7.7755103,0.0,0.0,0.0,0.0,0.0
2015-05-08,6.2222223,0.0,0.25,0.06666667,22.214285,17.244898,0.0,5.5,2.0,18.8,1.0
2015-05-09,10.444445,0.4050633,0.5,0.13333334,22.821428,18.77551,0.0,1.5,0.0,12.4,0.0
2015-05-10,4.3333335,0.20253165,0.0,0.0,21.75,15.163265,0.0,0.0,0.0,6.4,0.0
2015-05-11,1.2222222,0.0,0.0,0.0,20.785715,12.877551,0.0,0.0,0.0,0.4,0.0
2015-05-12,0.0,0.0,0.0,0.0,16.892857,9.857142,0.0,0.0,0.0,0.0,0.0
2015-05-13,0.0,0.0,0.0,0.0,16.642857,9.653061,0.0,0.0,0.0,0.0,0.0
2015-05-14,0.0,0.0,0.0,0.0,16.678572,9.67347,0.0,0.0,0.0,0.0,0.0
2015-05-15,0.44444445,0.36708862,1.75,0.46666667,16.821428,10.612245,0.0,0.0,0.0,4.0,0.0
2015-05-16,1.7777778,0.443038,2.0,0.53333336,17.607143,11.918367,0.0,2.5,1.0,8.6,3.0
2015-05-17,0.44444445,0.3164557,1.75,0.46666667,16.535715,10.612245,0.0,0.5,0.0,7.0,0.0
2015-05-18,0.7777778,0.278481,0.0,0.0,17.607143,11.183674,0.0,0.0,0.0,8.4,0.0
2015-05-19,1.6666666,0.29113925,0.0,0.0,18.214285,11.653061,0.0,0.0,0.0,7.0,0.0
2015-05-20,2.7777777,0.21518987,0.0,0.0,21.892857,13.816326,0.0,0.0,0.0,3.4,0.0
2015-05-21,3.4444444,0.1392405,0.0,0.0,20.5,12.571428,0.0,0.0,0.0,0.2,0.0
2015-05-22,3.1111112,0.17721519,0.0,0.0,22.107143,13.693877,0.0,0.0,0.0,0.0,0.0
2015-05-23,4.111111,0.2658228,0.0,0.0,23.0,14.469388,0.0,0.0,0.0,0.0,0.0
2015-05-24,5.2222223,0.30379745,0.0,0.0,22.892857,14.204082,0.0,0.0,0.0,0.0,0.0
2015-05-25,1.6666666,0.11392405,0.0,0.0,19.892857,11.755102,0.0,0.0,0.0,0.0,0.0
2015-05-26,0.0,0.0,0.0,0.0,17.357143,9.918367,0.0,0.0,0.0,0.0,0.0
2015-05-27,0.0,0.0,0.0,0.0,14.714286,8.408163,0.0,0.0,0.0,0.0,0.0
2015-05-28,0.0,0.0,0.0,0.0,11.821428,6.755102,0.0,0.0,0.0,0.0,0.0
2015-05-29,0.0,0.0,0.0,0.0,8.535714,4.877551,0.0,0.0,0.0,0.0,0.0
2015-05-30,0.0,0.0,0.0,0.0,5.5,3.142857,0.0,0.0,0.0,0.0,0.0
2015-05-31,0.0,0.0,0.0,0.0,4.321429,2.4693878,0.0,0.0,0.0,0.0,0.0
2015-06-01,0.0,0.0,0.0,0.0,3.4285715,1.9591837,0.0,0.0,0.0,0.0,0.0
2015-06-02,0.0,0.0,0.0,0.0,3.142857,1.7959183,0.0,0.0,0.0,0.0,0.0
2015-06-03,0.0,0.0,0.0,0.0,2.8214285,1.6122448,0.0,0.0,0.0,0.0,0.0
2015-06-04,0.0,0.0,0.0,0.0,2.5,1.4285715,0.0,0.0,0.0,0.0,0.0
2015-06-05,0.0,0.0,0.0,0.0,2.5,1.4285715,0.0,0.0,0.0,0.0,0.0
2015-06-06,0.0,0.0,0.0,0.0,1.8571428,1.0612245,0.0,0.0,0.0,0.0,0.0
2015-06-07,0.0,0.0,0.0,0.0,1.8928572,1.0816326,0.0,0.0,0.0,0.0,0.0
2015-06-08,0.0,0.0,0.0,0.0,1.1428572,0.6530612,0.0,0.0,0.0,0.0,0.0
2015-06-09,0.0,0.0,0.0,0.0,0.0,0.0,0.0,0.0,0.0,0.0,0.0
2015-06-10,0.0,0.0,0.0,0.0,0.0,0.0,0.0,0.0,0.0,0.0,0.0
2015-06-11,0.0,0.0,0.0,0.0,0.0,0.0,0.0,0.0,0.0,0.0,0.0
2015-06-12,0.0,0.0,0.0,0.0,0.0,0.0,0.0,0.0,0.0,0.0,0.0
2015-06-13,0.0,0.0,0.0,0.0,0.0,0.0,0.0,0.0,0.0,0.0,0.0
2015-06-14,0.0,0.0,0.0,0.0,0.0,0.0,0.0,0.0,0.0,0.0,0.0
2015-06-15,0.0,0.0,0.0,0.0,0.0,0.0,0.0,0.0,0.0,0.0,0.0
2015-06-16,0.0,0.0,0.0,0.0,0.0,0.0,0.0,0.0,0.0,0.0,0.0
2015-06-17,0.0,0.0,0.0,0.0,0.0,0.0,0.0,0.0,0.0,0.0,0.0
2015-06-18,0.0,0.0,0.0,0.0,0.0,0.0,0.0,0.0,0.0,0.0,0.0
2015-06-19,0.0,0.0,0.0,0.0,0.0,0.0,0.0,0.0,0.0,0.0,0.0
2015-06-20,0.0,0.0,0.0,0.0,0.0,0.0,0.0,0.0,0.0,0.0,0.0
2015-06-21,0.0,0.0,0.0,0.0,0.0,0.0,0.0,0.0,0.0,0.0,0.0
2015-06-22,0.0,0.0,0.0,0.0,0.0,0.0,0.0,0.0,0.0,0.0,0.0
2015-06-23,0.0,0.0,0.0,0.0,0.0,0.0,0.0,0.0,0.0,0.0,0.0
2015-06-24,0.0,0.0,0.0,0.0,0.0,0.0,0.0,0.0,0.0,0.0,0.0
2015-06-25,0.0,0.0,0.0,0.0,0.0,0.0,0.0,0.0,0.0,0.0,0.0
2015-06-26,0.0,0.0,0.0,0.0,0.0,0.0,0.0,0.0,0.0,0.0,0.0
2015-06-27,0.0,0.0,0.0,0.0,0.0,0.0,0.0,0.0,0.0,0.0,0.0
2015-06-28,0.0,0.0,0.0,0.0,0.0,0.0,0.0,0.0,0.0,0.0,0.0
2015-06-29,0.0,0.0,0.0,0.0,0.0,0.0,0.0,0.0,0.0,0.0,0.0
2015-06-30,0.0,0.0,0.0,0.0,0.0,0.0,0.0,0.0,0.0,0.0,0.0
2015-07-01,0.0,0.0,0.0,0.0,0.0,0.0,0.0,0.0,0.0,0.0,0.0
2015-07-02,0.0,0.0,0.0,0.0,0.0,0.0,0.0,0.0,0.0,0.0,0.0
2015-07-03,0.0,0.0,0.0,0.0,0.0,0.0,0.0,0.0,0.0,0.0,0.0
2015-07-04,0.0,0.0,0.0,0.0,0.0,0.0,0.0,0.0,0.0,0.0,0.0
2015-07-05,0.0,0.0,0.0,0.0,0.0,0.0,0.0,0.0,0.0,0.0,0.0
2015-07-06,0.0,0.0,0.0,0.0,0.0,0.0,0.0,0.0,0.0,0.0,0.0
2015-07-07,0.0,0.0,0.0,0.0,0.0,0.0,0.0,0.0,0.0,0.0,0.0
2015-07-08,0.0,0.0,0.0,0.0,0.0,0.0,0.0,0.0,0.0,0.0,0.0
2015-07-09,0.0,0.0,0.0,0.0,0.0,0.0,0.0,0.0,0.0,0.0,0.0
2015-07-10,0.0,0.0,0.0,0.0,0.14285715,0.08163265,0.0,0.0,0.0,0.0,0.0
2015-07-11,0.0,0.0,0.0,0.0,0.0,0.0,0.0,0.0,0.0,0.0,0.0
2015-07-12,0.0,0.0,0.0,0.0,0.0,0.0,0.0,0.0,0.0,0.0,0.0
2015-07-13,0.0,0.0,0.0,0.0,0.0,0.0,0.0,0.0,0.0,0.0,0.0
2015-07-14,0.0,0.0,0.0,0.0,0.0,0.0,0.0,0.0,0.0,0.0,0.0
2015-07-15,0.0,0.0,0.0,0.0,0.0,0.0,0.0,0.0,0.0,0.0,0.0
2015-07-16,0.0,0.0,0.0,0.0,0.0,0.0,0.0,0.0,0.0,0.0,0.0
2015-07-17,0.0,0.0,0.0,0.0,0.0,0.0,0.0,0.0,0.0,0.0,0.0
2015-07-18,0.0,0.0,0.0,0.0,0.0,0.0,0.0,0.0,0.0,0.0,0.0
2015-07-19,0.0,0.0,0.0,0.0,0.0,0.0,0.0,0.0,0.0,0.0,0.0
2015-07-20,0.0,0.0,0.0,0.0,0.0,0.0,0.0,0.0,0.0,0.0,0.0
2015-07-21,0.0,0.0,0.0,0.0,0.0,0.0,0.0,0.0,0.0,0.0,0.0
2015-07-22,0.0,0.0,0.0,0.0,0.0,0.0,0.0,0.0,0.0,0.0,0.0
2015-07-23,0.0,0.0,0.0,0.0,0.0,0.0,0.0,0.0,0.0,0.0,0.0
2015-07-24,0.0,0.0,0.0,0.0,0.0,0.0,0.0,0.0,0.0,0.0,0.0
2015-07-25,0.0,0.0,0.0,0.0,0.0,0.0,0.0,0.0,0.0,0.0,0.0
2015-07-26,0.0,0.0,0.0,0.0,0.0,0.0,0.0,0.0,0.0,0.0,0.0
2015-07-27,0.0,0.0,0.0,0.0,0.0,0.0,0.0,0.0,0.0,0.0,0.0
2015-07-28,0.0,0.0,0.0,0.0,0.0,0.0,0.0,0.0,0.0,0.0,0.0
2015-07-29,0.0,0.0,0.0,0.0,0.0,0.0,0.0,0.0,0.0,0.0,0.0
2015-07-30,0.0,0.0,0.0,0.0,0.0,0.0,0.0,0.0,0.0,0.0,0.0
2015-07-31,0.0,0.0,0.0,0.0,0.0,0.0,0.0,0.0,0.0,0.0,0.0
2015-08-01,0.0,0.0,0.0,0.0,0.0,0.0,0.0,0.0,0.0,0.0,0.0
2015-08-02,0.0,0.0,0.0,0.0,0.0,0.0,0.0,0.0,0.0,0.0,0.0
2015-08-03,0.0,0.0,0.0,0.0,0.0,0.0,0.0,0.0,0.0,0.0,0.0
2015-08-04,0.0,0.0,0.0,0.0,0.0,0.0,0.0,0.0,0.0,0.0,0.0
2015-08-05,0.0,0.0,0.0,0.0,0.0,0.0,0.0,0.0,0.0,0.0,0.0
2015-08-06,0.0,0.0,0.0,0.0,0.0,0.0,0.0,0.0,0.0,0.0,0.0
2015-08-07,0.0,0.0,0.0,0.0,0.0,0.0,0.0,0.0,0.0,0.0,0.0
2015-08-08,0.0,0.0,0.0,0.0,0.0,0.0,0.0,0.0,0.0,0.0,0.0
2015-08-09,0.0,0.0,0.0,0.0,0.0,0.0,0.0,0.0,0.0,0.0,0.0
2015-08-10,0.0,0.0,0.0,0.0,0.0,0.0,0.0,0.0,0.0,0.0,0.0
2015-08-11,0.0,0.0,0.0,0.0,0.0,0.0,0.0,0.0,0.0,0.0,0.0
2015-08-12,0.0,0.0,0.0,0.0,0.0,0.0,0.0,0.0,0.0,0.0,0.0
2015-08-13,0.0,0.0,0.0,0.0,0.0,0.0,0.0,0.0,0.0,0.0,0.0
2015-08-14,0.0,0.0,0.0,0.0,0.0,0.0,0.0,0.0,0.0,0.0,0.0
2015-08-15,0.0,0.0,0.0,0.0,0.0,0.0,0.0,0.0,0.0,0.0,0.0
2015-08-16,0.0,0.0,0.0,0.0,0.0,0.0,0.0,0.0,0.0,0.0,0.0
2015-08-17,0.0,0.0,0.0,0.0,0.0,0.0,0.0,0.0,0.0,0.0,0.0
2015-08-18,0.0,0.0,0.0,0.0,0.0,0.0,0.0,0.0,0.0,0.0,0.0
2015-08-19,0.0,0.0,0.0,0.0,0.0,0.0,0.0,0.0,0.0,0.0,0.0
2015-08-20,0.0,0.0,0.0,0.0,0.0,0.0,0.0,0.0,0.0,0.0,0.0
2015-08-21,0.0,0.0,0.0,0.0,0.0,0.0,0.0,0.0,0.0,0.0,0.0
2015-08-22,0.0,0.0,0.0,0.0,0.0,0.0,0.0,0.0,0.0,0.0,0.0
2015-08-23,0.0,0.0,0.0,0.0,0.0,0.0,0.0,0.0,0.0,0.0,0.0
2015-08-24,0.0,0.0,0.0,0.0,0.0,0.0,0.0,0.0,0.0,0.0,0.0
2015-08-25,0.0,0.0,0.0,0.0,0.0,0.0,0.0,0.0,0.0,0.0,0.0
2015-08-26,0.0,0.0,0.0,0.0,0.0,0.0,0.0,0.0,0.0,0.0,0.0
2015-08-27,0.0,0.0,0.0,0.0,0.0,0.0,0.0,0.0,0.0,0.0,0.0
2015-08-28,0.0,0.0,0.0,0.0,0.0,0.0,0.0,0.0,0.0,0.0,0.0
2015-08-29,0.0,0.0,0.0,0.0,0.0,0.0,0.0,0.0,0.0,0.0,0.0
2015-08-30,0.0,0.0,0.0,0.0,0.0,0.0,0.0,0.0,0.0,0.0,0.0
2015-08-31,0.0,0.0,0.0,0.0,0.0,0.0,0.0,0.0,0.0,0.0,0.0
2015-09-01,0.0,0.0,0.0,0.0,0.0,0.0,0.0,0.0,0.0,0.0,0.0
2015-09-02,0.0,0.0,0.0,0.0,0.0,0.0,0.0,0.0,0.0,0.0,0.0
2015-09-03,0.0,0.0,0.0,0.0,0.0,0.0,0.0,0.0,0.0,0.0,0.0
2015-09-04,0.0,0.0,0.0,0.0,0.0,0.0,0.0,0.0,0.0,0.0,0.0
2015-09-05,0.0,0.0,0.0,0.0,0.0,0.0,0.0,0.0,0.0,0.0,0.0
2015-09-06,0.0,0.0,0.0,0.0,0.0,0.0,0.0,0.0,0.0,0.0,0.0
2015-09-07,0.0,0.0,0.0,0.0,0.0,0.0,0.0,0.0,0.0,0.0,0.0
2015-09-08,0.0,0.0,0.0,0.0,0.0,0.0,0.0,0.0,0.0,0.0,0.0
2015-09-09,0.0,0.0,0.0,0.0,0.0,0.0,0.0,0.0,0.0,0.0,0.0
2015-09-10,0.0,0.0,0.0,0.0,0.0,0.0,0.0,0.0,0.0,0.0,0.0
2015-09-11,0.0,0.0,0.0,0.0,0.0,0.0,0.0,0.0,0.0,0.0,0.0
2015-09-12,0.0,0.0,0.0,0.0,0.0,0.0,0.0,0.0,0.0,0.0,0.0
2015-09-13,0.0,0.0,0.0,0.0,0.0,0.0,0.0,0.0,0.0,0.0,0.0
2015-09-14,0.0,0.0,0.0,0.0,0.0,0.0,0.0,0.0,0.0,0.0,0.0
2015-09-15,0.0,0.0,0.0,0.0,0.0,0.0,0.0,0.0,0.0,0.0,0.0
2015-09-16,0.0,0.0,0.0,0.0,0.035714287,0.020408163,0.0,0.0,0.0,0.0,0.0
2015-09-17,0.0,0.0,0.0,0.0,0.035714287,0.020408163,0.0,0.0,0.0,0.0,0.0
2015-09-18,0.0,0.0,0.0,0.0,0.0,0.0,0.0,0.0,0.0,0.0,0.0
2015-09-19,0.0,0.0,0.0,0.0,0.0,0.0,0.0,0.0,0.0,0.0,0.0
2015-09-20,0.0,0.0,0.0,0.0,0.0,0.0,0.0,0.0,0.0,0.0,0.0
2015-09-21,0.0,0.0,0.0,0.0,0.0,0.0,0.0,0.0,0.0,0.0,0.0
2015-09-22,0.0,0.0,0.0,0.0,0.0,0.0,0.0,0.0,0.0,0.0,0.0
2015-09-23,0.0,0.0,0.0,0.0,0.0,0.0,0.0,0.0,0.0,0.0,0.0
2015-09-24,0.0,0.0,0.0,0.0,0.0,0.0,0.0,0.0,0.0,0.0,0.0
2015-09-25,0.0,0.0,0.0,0.0,0.0,0.0,0.0,0.0,0.0,0.0,0.0
2015-09-26,0.0,0.0,0.0,0.0,0.0,0.0,0.0,0.0,0.0,0.0,0.0
2015-09-27,0.0,0.0,0.0,0.0,0.0,0.0,0.0,0.0,0.0,0.0,0.0
2015-09-28,0.0,0.0,0.0,0.0,0.0,0.0,0.0,0.0,0.0,0.0,0.0
2015-09-29,0.0,0.0,0.0,0.0,0.0,0.0,0.0,0.0,0.0,0.0,0.0
2015-09-30,0.0,0.0,0.0,0.0,0.0,0.0,0.0,0.0,0.0,0.0,0.0
2015-10-01,0.0,0.0,0.0,0.0,0.0,0.0,0.0,0.0,0.0,0.0,0.0
2015-10-02,0.0,0.0,0.0,0.0,0.39285713,0.3469388,0.0,0.0,0.0,0.0,0.0
2015-10-03,0.0,0.0,0.0,0.0,0.071428575,0.040816326,0.0,0.0,0.0,0.0,0.0
2015-10-04,0.0,0.0,0.0,0.0,0.0,0.0,0.0,0.0,0.0,0.0,0.0
2015-10-05,0.0,3.658228,0.0,0.0,0.0,0.0,0.0,0.0,0.0,0.0,0.0
2015-10-06,0.0,3.1265824,0.0,0.0,0.0,0.0,0.0,0.0,0.0,0.0,0.0
2015-10-07,0.0,1.8607595,0.0,0.0,0.0,0.0,0.0,0.0,0.0,0.0,0.0
2015-10-08,0.0,0.0,0.0,0.0,0.0,0.0,0.0,0.0,0.0,0.0,0.0
2015-10-09,0.0,0.0,0.0,0.0,0.0,0.0,0.0,0.0,0.0,0.0,0.0
2015-10-10,0.0,0.0,0.0,0.0,0.0,0.0,0.0,0.0,0.0,0.0,0.0
2015-10-11,0.0,0.0,0.0,0.0,0.0,0.0,0.0,0.0,0.0,0.0,0.0
2015-10-12,0.0,0.0,0.0,0.0,0.0,0.0,0.0,0.0,0.0,0.0,0.0
2015-10-13,0.0,0.0,0.0,0.0,0.0,0.0,0.0,0.0,0.0,0.0,0.0
2015-10-14,0.0,0.0,0.0,0.0,0.0,0.0,0.0,0.0,0.0,0.0,0.0
2015-10-15,0.0,0.0,0.0,0.0,0.0,0.0,0.0,0.0,0.0,0.0,0.0
2015-10-16,0.0,0.0,0.0,0.0,0.0,0.0,0.0,0.0,0.0,0.0,0.0
2015-10-17,0.0,0.0,0.0,0.0,0.0,0.0,0.0,0.0,0.0,0.0,0.0
2015-10-18,0.0,0.0,0.0,0.0,7.964286,7.6734695,0.0,0.0,0.0,0.0,0.0
2015-10-19,0.44444445,0.025316456,0.0,0.0,10.892858,9.32653,0.0,0.0,0.0,0.0,0.0
2015-10-20,0.33333334,0.025316456,0.0,0.0,10.142858,8.510204,0.0,0.0,0.0,0.0,0.0
2015-10-21,0.22222222,0.0,0.0,0.0,8.607142,7.0816326,0.0,0.0,0.0,0.0,0.0
2015-10-22,0.0,0.0,0.0,0.0,7.0,5.5510206,0.0,0.0,0.0,0.0,0.0
2015-10-23,0.0,0.0,0.0,0.0,4.464286,3.4081633,0.0,0.0,0.0,0.0,0.0
2015-10-24,0.0,0.0,0.0,0.0,2.392857,1.5918367,0.0,0.0,0.0,0.0,0.0
2015-10-25,0.0,0.0,0.0,0.0,1.2142857,0.6938776,0.0,0.0,0.0,0.0,0.0
2015-10-26,0.0,0.0,0.0,0.0,0.64285713,0.36734694,0.0,0.0,0.0,0.0,0.0
2015-10-27,0.0,0.0,0.0,0.0,0.35714287,0.20408164,0.0,0.0,0.0,0.0,0.0
2015-10-28,0.0,0.0,0.0,0.0,0.35714287,0.20408164,0.0,0.0,0.0,0.0,0.0
2015-10-29,0.22222222,0.03797468,0.0,0.0,5.535714,4.0816326,0.0,0.0,0.0,0.0,0.0
2015-10-30,0.22222222,0.03797468,0.0,0.0,3.75,2.7959185,0.0,0.0,0.0,0.0,0.0
2015-10-31,0.0,0.0,0.0,0.0,2.3214285,1.4489796,0.0,0.0,0.0,0.0,0.0
2015-11-01,0.0,0.0,0.0,0.0,0.39285713,0.2244898,0.0,0.0,0.0,0.0,0.0
2015-11-02,0.0,0.0,0.0,0.0,0.2857143,0.1632653,0.0,0.0,0.0,0.0,0.0
2015-11-03,21.333334,6.43038,8.75,2.3333333,42.964287,37.57143,0.18181819,15.5,17.0,29.4,20.5
2015-11-04,21.88889,12.481012,11.25,3.4,42.32143,36.938774,0.121212125,15.5,17.0,35.0,20.5
2015-11-05,26.666666,14.21519,11.75,3.4666667,41.035713,35.959183,0.121212125,15.5,17.0,31.4,20.5
2015-11-06,27.444445,14.13924,11.75,3.4,41.32143,36.204082,0.060606062,16.0,17.0,30.6,21.5
2015-11-07,27.444445,12.7215185,11.75,3.1333334,41.07143,35.795918,0.0,14.5,17.0,35.4,21.0
2015-11-08,26.555555,9.0,12.0,3.2,43.92857,37.591835,0.0,11.0,14.0,31.6,19.5
2015-11-09,22.777779,7.202532,11.5,3.0666666,56.82143,49.44898,7.030303,15.5,19.0,39.0,21.5
2015-11-10,44.77778,15.126582,21.25,6.5333333,69.14286,62.469387,8.393939,28.0,34.0,43.2,28.0
2015-11-11,47.22222,18.632912,21.75,7.0,69.10714,62.408165,9.090909,28.0,35.0,47.2,31.0
2015-11-12,43.11111,18.063292,19.75,6.3333335,69.46429,62.530613,8.333333,28.5,35.0,47.6,32.5
2015-11-13,33.666668,15.683544,19.0,5.4,70.85714,62.489796,6.5151515,26.0,33.0,42.4,32.0
2015-11-14,42.666668,11.544304,15.75,4.2,69.21429,58.857143,4.3333335,21.0,31.0,44.2,30.5
2015-11-15,32.11111,9.481012,12.5,3.3333333,70.35714,58.061226,2.3333333,16.0,28.0,42.0,26.5
2015-11-16,39.88889,22.924051,39.0,12.6,92.10714,82.32653,12.787879,31.5,43.0,55.2,32.5
2015-11-17,38.444443,22.632912,39.0,12.6,91.32143,81.61224,12.727273,31.5,44.0,48.6,33.0
2015-11-18,37.555557,21.253164,37.0,12.066667,91.0,80.16327,10.909091,30.5,45.0,48.2,36.5
2015-11-19,36.666668,14.341772,23.75,7.5333333,89.60714,76.36735,9.060606,25.0,42.0,45.8,33.0
2015-11-20,34.333332,9.07595,17.5,4.6666665,88.03571,72.04082,5.121212,18.0,37.0,47.8,26.5
2015-11-21,33.333332,6.493671,11.5,3.0666666,86.67857,68.02041,2.4242425,13.5,34.0,46.4,22.0
2015-11-22,32.666668,5.518987,7.25,1.9333333,85.53571,65.12245,0.6666667,6.5,28.0,44.0,16.0
2015-11-23,36.444443,4.822785,3.5,0.93333334,83.92857,62.081635,0.15151516,0.0,22.0,40.6,8.5
2015-11-24,35.666668,4.43038,1.25,0.33333334,83.21429,61.040817,0.0,0.0,18.0,38.6,5.5
2015-11-25,40.444443,6.8607593,3.75,1.0,96.75,75.61224,5.181818,24.0,50.0,56.0,26.5
2015-11-26,43.22222,8.936708,8.0,3.0666666,103.42857,81.69388,5.181818,27.5,53.0,59.4,35.0
2015-11-27,45.0,7.911392,8.25,3.1333334,103.53571,81.83673,4.939394,28.0,52.0,61.0,35.0
2015-11-28,45.555557,7.911392,8.25,2.8666666,104.28571,82.53061,4.939394,28.0,52.0,61.0,35.0
2015-11-29,45.555557,9.49367,8.25,2.6666667,104.39286,82.71429,5.212121,28.0,52.0,61.2,35.0
2015-11-30,45.444443,9.49367,8.0,2.4666667,104.17857,82.57143,5.212121,28.0,52.0,61.2,35.0
2015-12-01,43.0,9.594936,6.0,1.7333333,104.17857,82.65306,5.2727275,29.0,52.0,61.4,43.5
2015-12-02,44.444443,8.873418,5.0,1.3333334,104.17857,82.61224,4.757576,29.0,52.0,61.2,43.5
2015-12-03,45.444443,6.1392407,3.75,1.0,103.28571,79.918365,3.3030303,28.0,51.0,59.4,42.5
2015-12-04,38.0,6.341772,2.5,0.6666667,105.0,81.938774,6.181818,46.0,82.0,60.0,51.0
2015-12-05,43.666668,7.443038,2.5,0.6666667,104.53571,81.53061,6.818182,51.0,84.0,60.6,53.0
2015-12-06,37.333332,5.734177,1.5,0.4,103.35714,79.71429,7.6666665,50.5,80.0,60.6,53.5
2015-12-07,41.0,5.746835,0.0,0.0,102.89286,78.4898,8.0,50.5,79.0,60.0,53.5
2015-12-08,38.0,6.544304,0.0,0.0,101.60714,76.38776,6.242424,49.0,78.0,63.8,49.0
2015-12-09,34.333332,5.506329,0.0,0.0,99.25,72.591835,5.030303,42.0,76.0,59.8,41.5
2015-12-10,31.0,4.481013,0.0,0.0,97.89286,70.61224,4.5454545,48.0,84.0,60.4,35.5
2015-12-11,53.0,8.911392,5.5,1.4666667,125.92857,99.34694,4.6060605,99.0,139.0,91.8,68.0
2015-12-12,57.555557,15.92405,22.25,8.133333,138.96428,110.938774,5.787879,122.0,169.0,103.0,75.5
2015-12-13,57.0,15.177216,22.25,8.0,139.64285,111.55102,9.818182,125.0,174.0,102.6,79.5
2015-12-14,68.888885,27.607595,46.5,16.533333,159.39285,132.83673,29.90909,156.0,211.0,128.8,115.5
2015-12-15,69.44444,27.911392,45.75,16.2,160.10715,133.89796,30.121212,164.0,224.0,129.6,116.5
2015-12-16,69.888885,27.835443,45.5,16.066668,159.75,133.42857,28.39394,164.0,224.0,130.2,118.0
2015-12-17,69.44444,27.936708,46.0,16.2,159.85715,133.22449,30.0,166.5,224.0,131.4,119.5
2015-12-18,69.44444,27.303797,43.25,14.933333,159.85715,133.20409,30.060606,166.0,224.0,132.0,121.0
2015-12-19,69.0,25.86076,38.5,13.333333,160.14285,133.61224,54.030304,165.5,226.0,134.4,122.5
2015-12-20,74.77778,27.70886,39.0,13.4,174.10715,147.7551,59.272728,178.5,247.0,138.0,127.0
2015-12-21,96.0,28.227848,38.75,13.4,182.60715,157.48979,62.242424,185.0,252.0,143.6,131.0
2015-12-22,111.77778,36.683544,44.0,14.733334,261.42856,237.36734,75.30303,273.5,349.0,186.0,181.5
2015-12-23,133.33333,44.481014,56.25,17.866667,287.5,258.36734,79.878784,308.5,379.0,207.4,195.5
2015-12-24,134.88889,44.620255,56.25,17.933332,287.64285,260.8163,80.242424,318.5,394.0,209.2,197.5
2015-12-25,145.0,49.13924,70.0,23.533333,305.67856,278.0408,80.72727,344.0,428.0,255.0,212.0
2015-12-26,142.33333,48.746834,69.75,23.466667,306.5,280.2245,81.06061,346.0,430.0,237.4,213.0
2015-12-27,145.11111,48.3038,69.75,23.466667,306.42856,280.61224,82.15151,346.5,430.0,234.6,214.0
2015-12-28,144.44444,47.78481,69.25,23.066668,306.7143,280.67346,82.0,351.5,429.0,232.2,215.0
2015-12-29,151.0,48.050632,69.75,23.2,308.0,282.8163,89.42424,353.5,430.0,234.8,215.0
2015-12-30,149.33333,47.670887,69.75,23.266666,307.67856,281.8163,83.393936,354.0,430.0,227.0,215.5
2015-12-31,151.55556,47.683544,69.5,23.0,307.10715,281.89795,87.15151,354.5,430.0,227.0,215.0
2016-01-01,152.0,48.93671,69.5,22.933332,308.0,281.7551,87.757576,353.5,430.0,228.2,214.5
2016-01-02,152.77777,48.341774,69.5,22.8,307.82144,281.67346,88.757576,347.5,431.0,226.2,214.5
2016-01-03,153.33333,48.329113,66.0,21.266666,307.82144,281.5306,88.878784,348.5,431.0,227.0,215.0
2016-01-04,154.33333,47.240505,63.0,20.333334,306.25,280.69388,90.27273,347.5,431.0,249.6,215.0
2016-01-05,160.77777,50.0,62.0,19.933332,309.75,284.12244,94.36364,350.0,438.0,248.2,217.0
2016-01-06,189.88889,65.417725,109.25,36.133335,356.5357,329.38776,94.51515,378.0,470.0,248.6,229.5
2016-01-07,198.77777,78.51899,133.5,45.6,390.60715,365.16327,105.48485,384.0,484.0,249.4,234.5
2016-01-08,202.33333,79.53165,136.75,46.933334,391.92856,365.83673,108.30303,399.5,487.0,251.2,235.0
2016-01-09,203.55556,79.98734,135.5,46.466667,392.32144,367.02042,118.818184,393.0,488.0,251.0,236.5
2016-01-10,205.66667,80.8481,136.0,46.133335,394.25,370.0,113.333336,398.0,495.0,252.6,237.0
2016-01-11,202.77777,80.822784,135.0,45.6,392.82144,368.5102,114.242424,393.0,495.0,252.0,238.0
2016-01-12,200.22223,81.1519,134.0,45.133335,393.85715,369.2857,113.757576,404.0,494.0,248.8,237.5
2016-01-13,192.44444,79.64557,127.25,42.266666,394.9643,370.10205,113.09091,398.0,498.0,265.0,238.5
2016-01-14,220.11111,78.544304,125.5,41.8,396.7143,372.7143,125.63636,430.0,538.0,273.8,258.0
2016-01-15,205.66667,77.81013,120.75,40.2,406.2143,382.57144,141.0,461.0,571.0,291.0,274.5
2016-01-16,214.11111,80.3924,120.75,40.2,419.39285,392.87756,144.45454,474.5,587.0,291.4,278.5
2016-01-17,202.22223,78.81013,115.5,38.533333,425.14285,398.26532,143.84848,490.5,605.0,292.0,284.5
2016-01-18,212.22223,78.696205,107.75,35.933334,424.07144,397.73468,137.33333,503.5,621.0,286.8,295.0
2016-01-19,219.11111,81.24051,105.0,35.0,446.5,420.7551,145.69698,519.5,627.0,320.6,297.5
2016-01-20,255.77777,108.27848,110.75,36.533333,476.14285,449.4898,143.45454,543.5,664.0,320.8,315.0
2016-01-21,241.66667,106.822784,106.75,35.133335,477.0357,449.06122,131.93939,548.5,662.0,321.0,315.0
2016-01-22,245.66667,106.07595,101.25,33.133335,479.82144,451.10205,139.81818,541.0,663.0,318.2,315.0
2016-01-23,272.1111,105.24051,96.0,31.2,506.35715,476.79593,144.42424,556.0,669.0,337.6,332.0
2016-01-24,282.33334,112.77215,112.25,37.0,521.25,490.0408,149.42424,581.0,699.0,349.0,344.0
2016-01-25,272.8889,113.75949,111.75,36.866665,519.6786,488.7755,150.60606,586.5,708.0,348.8,345.0
2016-01-26,270.55554,113.658226,109.75,36.266666,519.75,488.73468,150.75757,590.0,709.0,349.4,346.5
2016-01-27,271.77777,112.08861,104.75,34.466667,517.0714,485.55103,149.06061,590.0,709.0,340.0,347.5
2016-01-28,273.22223,108.544304,98.25,32.133335,523.9286,490.73468,144.72728,595.5,707.0,334.8,347.0
2016-01-29,264.44446,105.455696,91.75,29.6,525.0714,490.4694,141.45454,590.5,708.0,335.4,348.5
2016-01-30,265.77777,102.24051,89.5,28.0,542.4643,506.59183,139.48485,605.0,689.0,360.8,353.5
2016-01-31,306.77777,117.341774,98.5,30.733334,567.4643,528.59186,128.18182,637.5,727.0,375.4,364.5
2016-02-01,343.66666,146.08861,148.25,55.2,586.8214,547.6326,139.75757,652.0,740.0,400.4,377.5
2016-02-02,325.8889,146.41772,148.5,55.333332,592.8571,552.2449,141.0303,657.5,739.0,404.2,378.5
2016-02-03,330.0,147.2152,148.25,55.2,590.1429,549.89795,130.30302,657.0,738.0,403.8,378.0
2016-02-04,323.77777,146.9367,148.25,55.2,591.2143,550.7755,132.72728,658.0,738.0,399.0,379.5
2016-02-05,324.0,146.74684,148.25,54.733334,591.5357,551.16327,142.63637,652.5,738.0,397.0,379.5
2016-02-06,313.0,145.13924,147.75,52.466667,592.5,551.449,140.24243,652.5,739.0,382.6,379.0
2016-02-07,302.66666,141.02531,142.0,47.466667,595.8571,552.32654,138.51515,651.5,738.0,381.8,377.5
2016-02-08,296.0,136.2152,129.25,42.0,593.1429,548.9184,130.45454,652.5,736.0,379.6,376.5
2016-02-09,301.66666,131.87341,115.75,37.066666,592.4286,545.5102,123.15151,657.0,735.0,380.6,374.5
2016-02-10,304.44446,126.94936,112.25,34.8,591.9643,541.7143,105.030304,658.5,733.0,378.0,373.5
2016-02-11,309.55554,120.56962,107.5,31.933332,592.75,540.67346,107.333336,657.5,729.0,370.4,370.5
2016-02-12,307.55554,114.544304,102.5,28.933332,592.8929,538.61224,99.51515,651.5,726.0,363.6,369.0
2016-02-13,311.8889,108.70886,97.25,26.133333,591.6786,533.9796,93.393936,650.0,722.0,357.0,364.5
2016-02-14,315.8889,101.72152,94.5,25.2,586.2143,525.67346,87.30303,648.5,718.0,353.2,361.5
2016-02-15,310.8889,97.101265,91.75,24.466667,585.6429,522.4898,80.78788,647.0,714.0,347.8,360.0
2016-02-16,314.44446,88.72152,86.25,23.0,582.9643,515.551,73.09091,644.5,709.0,342.2,356.0
2016-02-17,303.0,80.56962,80.5,21.466667,582.1429,510.65308,65.454544,648.5,707.0,334.8,352.5
2016-02-18,347.0,83.75949,87.0,23.2,607.5357,535.89795,64.454544,675.5,750.0,384.4,354.0
2016-02-19,337.1111,90.94936,95.5,26.333334,620.0357,547.2653,71.51515,731.5,787.0,407.4,380.5
2016-02-20,338.0,89.24051,92.25,25.466667,622.1071,549.7755,74.93939,726.0,784.0,362.2,380.5
2016-02-21,336.55554,88.303795,91.75,24.8,617.8571,543.7551,74.15151,723.5,784.0,372.4,380.5
2016-02-22,333.33334,87.139244,90.75,24.2,617.0714,542.04083,70.393936,722.0,783.0,365.6,377.5
2016-02-23,330.0,84.67088,88.5,23.6,616.1786,539.59186,68.454544,710.0,783.0,369.2,376.5
2016-02-24,321.55554,82.91139,84.75,22.6,614.1429,534.83673,65.90909,718.5,780.0,366.2,375.5
2016-02-25,319.55554,79.658226,80.5,21.466667,611.9286,530.18365,60.303032,706.5,778.0,360.6,367.5
2016-02-26,322.44446,75.67088,75.75,20.2,611.1071,529.7347,53.242424,699.5,771.0,351.2,356.5
2016-02-27,318.77777,69.98734,71.0,18.933332,606.8571,522.04083,46.757576,685.5,765.0,342.8,350.5
2016-02-28,316.33334,66.25317,67.75,18.066668,604.2143,517.2653,45.78788,687.5,759.0,336.0,341.5
2016-02-29,314.33334,62.0,64.5,17.2,600.8214,511.59183,42.363636,672.0,750.0,331.2,335.0
2016-03-01,299.1111,58.02532,56.5,15.066667,595.2857,503.67346,37.939392,663.0,741.0,327.2,329.5
2016-03-02,299.0,53.16456,44.75,11.933333,587.8214,494.63266,33.545456,651.0,737.0,320.8,322.5
2016-03-03,286.66666,49.253166,34.25,9.133333,585.25,488.85715,30.151516,633.0,731.0,316.8,312.0
2016-03-04,272.44446,46.189873,30.0,8.0,582.4643,484.83673,29.60606,618.0,724.0,347.0,302.0
2016-03-05,270.0,42.873417,26.5,7.0666666,590.8214,487.7755,27.60606,650.0,764.0,337.4,293.0
2016-03-06,323.0,44.050632,40.5,10.8,672.8214,570.5102,33.60606,694.0,750.0,361.8,315.0
2016-03-07,331.1111,53.683544,55.5,16.533333,693.4643,591.5714,59.969696,737.0,782.0,380.2,350.0
2016-03-08,350.0,69.35443,81.5,25.266666,703.5357,600.8571,62.78788,728.5,802.0,385.6,356.5
2016-03-09,320.33334,72.582275,80.25,24.933332,707.8214,605.61224,64.333336,738.0,808.0,343.8,359.0
2016-03-10,301.1111,69.025314,71.25,21.733334,705.3571,600.2449,59.030304,756.0,818.0,345.0,358.5
2016-03-11,269.22223,57.316456,60.25,16.866667,702.25,595.7755,70.57576,755.5,818.0,383.2,353.5
2016-03-12,344.1111,74.73418,76.75,21.066668,736.75,631.18365,78.606064,777.0,831.0,383.2,363.0
2016-03-13,344.33334,74.25317,77.5,21.0,738.3571,633.0,86.242424,798.0,856.0,389.2,383.5
2016-03-14,352.0,73.48101,80.75,21.533333,774.9286,672.32654,142.45454,870.5,937.0,370.6,430.5
2016-03-15,287.44446,69.1519,81.5,21.733334,780.75,677.59186,115.42424,887.0,954.0,417.6,438.0
2016-03-16,337.33334,63.58228,80.0,21.333334,778.1786,673.551,111.48485,888.5,953.0,417.0,437.5
2016-03-17,337.33334,58.050632,74.75,19.933332,773.2143,664.551,119.454544,891.0,951.0,412.2,431.0
2016-03-18,333.66666,51.607594,60.0,16.0,763.2857,652.2449,119.63636,881.0,947.0,405.2,421.5
2016-03-19,329.66666,44.3038,45.5,12.133333,760.8929,645.69385,106.15151,869.0,942.0,394.8,409.5
2016-03-20,325.22223,38.177216,39.25,10.466666,757.5714,640.0816,76.30303,848.5,937.0,386.0,397.0
2016-03-21,320.8889,33.759495,35.25,9.4,751.8571,632.46936,72.72727,880.0,969.0,381.4,385.5
2016-03-22,325.77777,33.759495,35.5,9.466666,765.3571,647.0816,103.0,917.0,996.0,407.2,412.0
2016-03-23,283.55554,33.708862,35.75,9.533334,767.5,648.83673,96.30303,921.5,998.0,358.0,412.5
2016-03-24,328.22223,40.253166,35.25,9.4,765.9643,646.5102,92.666664,912.5,995.0,358.2,414.0
2016-03-25,325.66666,32.64557,32.75,8.733334,761.75,639.9388,73.818184,891.5,986.0,395.4,410.0
2016-03-26,322.66666,31.075949,30.0,8.0,757.2143,633.2041,83.393936,882.0,978.0,388.4,402.5
2016-03-27,320.44446,29.810127,27.25,7.266667,751.9286,625.2245,77.36364,871.0,970.0,380.8,395.5
2016-03-28,333.66666,28.658228,24.25,6.4666667,746.9286,619.2449,74.181816,859.5,961.0,376.4,387.0
2016-03-29,322.22223,29.1519,24.0,6.4,753.25,626.2857,73.93939,881.5,980.0,380.8,406.5
2016-03-30,325.0,28.886076,24.0,6.4,755.4286,628.2857,73.42424,887.0,982.0,341.2,405.0
2016-03-31,284.22223,28.886076,24.5,6.5333333,753.8214,625.89795,68.36364,863.0,981.0,393.2,404.5
2016-04-01,283.0,28.797468,24.0,6.4,752.6429,623.7143,58.757576,872.0,977.0,374.2,400.0
2016-04-02,320.0,28.265823,20.5,5.4666667,742.25,607.04083,52.454544,848.0,955.0,360.8,384.0
2016-04-03,314.33334,27.101265,14.75,3.9333334,730.2857,587.7755,47.727272,826.5,933.0,345.2,365.0
2016-04-04,307.22223,26.126583,9.25,2.4666667,654.75,518.18365,47.575756,804.0,907.0,327.8,346.0
2016-04-05,302.66666,24.911392,3.75,1.0,666.5357,524.04083,45.757576,781.5,881.0,308.8,326.0
2016-04-06,296.8889,22.58228,0.0,0.0,707.6429,558.3469,41.242424,758.5,858.0,290.6,311.5
2016-04-07,290.44446,19.607595,0.0,0.0,688.2143,536.69385,38.848484,730.0,831.0,274.8,277.0
2016-04-08,284.1111,18.01266,0.0,0.0,666.3214,516.5102,32.878788,694.0,800.0,260.0,230.5
2016-04-09,280.44446,20.367088,0.0,0.0,573.1429,438.63266,30.060606,665.0,775.0,247.8,193.5
2016-04-10,283.8889,20.784811,0.5,0.13333334,607.7143,467.5102,28.60606,650.0,756.0,257.0,181.0
2016-04-11,283.77777,21.645569,0.0,0.0,587.0714,450.26532,28.515152,624.0,728.0,251.6,169.0
2016-04-12,283.22223,20.265823,0.0,0.0,586.8929,448.7551,25.60606,593.5,704.0,247.0,159.5
2016-04-13,279.0,19.392405,0.0,0.0,661.5,506.38776,25.0,559.0,671.0,243.0,152.5
2016-04-14,277.0,18.696203,0.0,0.0,656.7143,502.0,25.242424,538.5,644.0,237.8,149.5
2016-04-15,277.55554,18.493671,0.0,0.0,532.7143,404.7755,25.515152,543.5,645.0,236.6,143.5
2016-04-16,277.44446,18.329113,0.0,0.0,550.1071,418.63266,23.333334,533.0,645.0,236.2,143.0
2016-04-17,274.66666,17.822784,0.0,0.0,641.9643,488.12244,21.242424,519.5,632.0,231.4,147.5
2016-04-18,268.55554,16.27848,0.0,0.0,493.39285,370.42856,18.454546,486.5,602.0,221.8,135.0
2016-04-19,276.77777,14.620254,0.0,0.0,499.57144,373.0408,16.39394,449.0,561.0,206.8,117.5
2016-04-20,250.11111,12.746836,0.0,0.0,584.5714,434.44897,12.575758,410.0,520.0,190.8,98.0
2016-04-21,241.0,10.987342,0.0,0.0,566.3214,418.10205,10.757576,367.0,486.0,178.2,82.0
2016-04-22,232.88889,9.455696,0.0,0.0,550.0,403.93878,9.69697,325.0,449.0,164.6,67.5
2016-04-23,252.0,9.683544,0.0,0.0,464.10715,342.63266,12.363636,378.5,487.0,187.8,105.5
2016-04-24,206.66667,9.658228,0.0,0.0,594.8214,445.7143,12.636364,403.0,499.0,159.6,100.0
2016-04-25,239.22223,9.632912,0.0,0.0,596.3571,446.2245,11.939394,408.0,495.0,178.2,90.0
2016-04-26,244.22223,10.07595,0.25,0.13333334,483.14285,360.7143,10.69697,413.5,495.0,184.4,93.0
2016-04-27,238.0,9.658228,0.0,0.0,599.5714,447.1837,10.757576,413.5,496.0,183.8,85.5
2016-04-28,238.66667,9.64557,0.0,0.0,599.9286,445.34692,10.242424,401.5,491.0,183.4,80.0
2016-04-29,237.88889,9.582278,0.0,0.0,599.1071,443.20407,9.454545,385.5,484.0,187.2,75.5
2016-04-30,237.66667,9.405064,0.0,0.0,589.8214,434.32654,8.969697,361.5,468.0,185.2,70.0
2016-05-01,237.11111,9.3924055,0.0,0.0,592.7143,435.26532,8.30303,351.0,451.0,186.2,68.5
2016-05-02,235.66667,9.13924,0.0,0.0,594.0,435.36734,7.212121,326.5,428.0,181.0,65.0
2016-05-03,234.33333,8.696202,0.0,0.0,576.3214,422.08163,6.181818,298.5,402.0,175.4,52.0
2016-05-04,229.77777,7.759494,0.0,0.0,558.1786,408.0408,4.939394,269.0,366.0,166.8,36.5
2016-05-05,223.33333,6.746835,0.0,0.0,533.7857,385.57144,3.8181818,242.5,339.0,154.6,20.5
2016-05-06,224.77777,6.759494,0.0,0.0,531.6786,382.7755,3.2121212,229.0,322.0,156.4,12.5
2016-05-07,225.55556,5.56962,0.5,0.13333334,539.1786,386.67346,2.5454545,209.5,294.0,156.4,3.5
2016-05-08,226.77777,6.43038,0.0,0.0,549.1429,393.36734,2.0,196.0,274.0,153.6,0.0
2016-05-09,223.88889,7.620253,0.0,0.0,543.9643,388.9592,0.969697,169.0,237.0,143.6,0.0
2016-05-10,219.22223,6.607595,0.0,0.0,525.8571,376.08163,0.0,140.5,196.0,130.4,0.0
2016-05-11,214.77777,5.253165,0.0,0.0,497.5357,357.02042,0.0,124.5,183.0,120.0,0.0
2016-05-12,208.66667,3.8734176,0.0,0.0,473.14285,339.85715,0.0,103.5,166.0,105.4,0.0
2016-05-13,194.66667,1.9873418,0.0,0.0,447.7143,320.73468,0.0,86.5,142.0,83.2,0.0
2016-05-14,179.66667,2.063291,0.0,0.0,420.2857,300.1837,0.0,69.0,115.0,59.4,0.0
2016-05-15,172.44444,1.8101265,0.0,0.0,393.9643,281.89795,0.0,62.5,103.0,50.6,0.0
2016-05-16,168.55556,1.670886,0.0,0.0,368.0357,263.83673,0.0,55.5,93.0,42.6,0.0
2016-05-17,164.33333,1.556962,0.0,0.0,338.35715,243.53061,0.0,48.5,81.0,35.4,0.0
2016-05-18,158.33333,1.4050633,0.0,0.0,322.10715,231.9796,0.0,39.0,64.0,24.0,0.0
2016-05-19,131.88889,1.050633,0.0,0.0,300.5,216.16327,0.0,23.5,41.0,10.4,0.0
2016-05-20,112.888885,0.7468355,0.0,0.0,284.39285,204.20409,0.0,14.0,23.0,5.8,0.0
2016-05-21,112.666664,0.7468355,0.0,0.0,283.4643,203.69388,0.030303031,19.0,26.0,6.0,10.0
2016-05-22,112.888885,0.7468355,0.0,0.0,229.89285,168.65306,0.030303031,19.5,27.0,6.4,9.0
2016-05-23,112.111115,0.7468355,0.0,0.0,280.4643,201.89796,0.0,17.0,25.0,7.0,6.5
2016-05-24,109.0,0.5316456,0.0,0.0,272.64285,196.42857,0.0,15.5,20.0,6.6,1.5
2016-05-25,110.333336,0.7468355,0.0,0.0,214.21428,158.30612,0.0,13.0,16.0,5.0,0.0
2016-05-26,109.44444,0.8607595,0.0,0.0,270.60715,194.34694,0.0,8.0,7.0,3.6,0.0
2016-05-27,106.888885,0.70886075,0.0,0.0,260.17856,186.57143,0.0,2.0,0.0,1.4,0.0
2016-05-28,101.44444,0.48101267,0.0,0.0,250.42857,179.12245,0.0,0.0,0.0,0.0,0.0
2016-05-29,96.22222,0.3164557,0.0,0.0,241.10715,171.7347,0.0,0.0,0.0,0.0,0.0
2016-05-30,88.44444,0.12658228,0.0,0.0,228.14285,161.77551,0.0,0.0,0.0,0.0,0.0
2016-05-31,75.888885,0.0,0.0,0.0,210.0,147.2449,0.0,0.0,0.0,0.0,0.0
2016-06-01,61.333332,0.0,0.0,0.0,188.5,130.51021,0.0,0.0,0.0,0.0,0.0
2016-06-02,45.11111,0.0,0.0,0.0,166.71428,114.65306,0.0,0.0,0.0,0.0,0.0
2016-06-03,32.77778,0.0,0.0,0.0,167.60715,113.755104,0.0,0.0,0.0,0.0,0.0
2016-06-04,19.777779,0.0,0.0,0.0,138.21428,92.12245,0.0,0.0,0.0,0.0,0.0
2016-06-05,12.333333,0.0,0.0,0.0,109.92857,72.44898,0.0,0.0,0.0,0.0,0.0
2016-06-06,6.5555553,0.0,0.0,0.0,89.57143,57.918365,0.0,0.0,0.0,0.0,0.0
2016-06-07,1.3333334,0.0,0.0,0.0,71.25,44.67347,0.0,0.0,0.0,0.0,0.0
2016-06-08,0.0,0.0,0.0,0.0,54.392857,32.183674,0.0,0.0,0.0,0.0,0.0
2016-06-09,0.0,0.0,0.0,0.0,42.285713,24.387754,0.0,0.0,0.0,0.0,0.0
2016-06-10,0.0,0.0,0.0,0.0,35.57143,20.32653,0.0,0.0,0.0,0.0,0.0
2016-06-11,0.0,0.0,0.0,0.0,31.214285,17.836735,0.0,0.0,0.0,0.0,0.0
2016-06-12,0.0,0.0,0.0,0.0,28.857143,16.489796,0.0,0.0,0.0,0.0,0.0
2016-06-13,2.7777777,0.0,0.0,0.0,29.071428,16.612246,0.0,0.0,0.0,0.0,0.0
2016-06-14,0.0,0.0,0.0,0.0,26.821428,15.32653,0.0,0.0,0.0,0.0,0.0
2016-06-15,0.0,0.0,0.0,0.0,25.285715,14.448979,0.0,0.0,0.0,0.0,0.0
2016-06-16,0.0,0.0,0.0,0.0,25.107143,14.346939,0.0,0.0,0.0,0.0,0.0
2016-06-17,0.0,0.0,0.0,0.0,24.821428,14.183674,0.0,0.0,0.0,0.0,0.0
2016-06-18,0.0,0.0,0.0,0.0,23.535715,13.448979,0.0,0.0,0.0,0.0,0.0
2016-06-19,0.0,0.0,0.0,0.0,21.178572,12.102041,0.0,0.0,0.0,0.0,0.0
2016-06-20,0.0,0.0,0.0,0.0,17.178572,9.816326,0.0,0.0,0.0,0.0,0.0
2016-06-21,0.0,0.0,0.0,0.0,13.5,7.714286,0.0,0.0,0.0,0.0,0.0
2016-06-22,0.0,0.0,0.0,0.0,8.928572,5.102041,0.0,0.0,0.0,0.0,0.0
2016-06-23,0.0,0.0,0.0,0.0,7.035714,4.020408,0.0,0.0,0.0,0.0,0.0
2016-06-24,0.0,0.0,0.0,0.0,5.714286,3.2653062,0.0,0.0,0.0,0.0,0.0
2016-06-25,0.0,0.0,0.0,0.0,4.5,2.5714285,0.0,0.0,0.0,0.0,0.0
2016-06-26,0.0,0.0,0.0,0.0,3.0,1.7142857,0.0,0.0,0.0,0.0,0.0
2016-06-27,0.0,0.0,0.0,0.0,1.25,0.71428573,0.0,0.0,0.0,0.0,0.0
2016-06-28,0.0,0.0,0.0,0.0,0.0,0.0,0.0,0.0,0.0,0.0,0.0
2016-06-29,0.0,0.0,0.0,0.0,0.0,0.0,0.0,0.0,0.0,0.0,0.0
2016-06-30,0.0,0.0,0.0,0.0,0.0,0.0,0.0,0.0,0.0,0.0,0.0
2016-07-01,0.0,0.0,0.0,0.0,0.0,0.0,0.0,0.0,0.0,0.0,0.0
2016-07-02,0.0,0.0,0.0,0.0,0.0,0.0,0.0,0.0,0.0,0.0,0.0
2016-07-03,0.0,0.0,0.0,0.0,0.0,0.0,0.0,0.0,0.0,0.0,0.0
2016-07-04,0.0,0.0,0.0,0.0,0.0,0.0,0.0,0.0,0.0,0.0,0.0
2016-07-05,0.0,0.0,0.0,0.0,0.0,0.0,0.0,0.0,0.0,0.0,0.0
2016-07-06,0.0,0.0,0.0,0.0,0.0,0.0,0.0,0.0,0.0,0.0,0.0
2016-07-07,0.0,0.0,0.0,0.0,0.0,0.0,0.0,0.0,0.0,0.0,0.0
2016-07-08,0.0,0.0,0.0,0.0,0.0,0.0,0.0,0.0,0.0,0.0,0.0
2016-07-09,0.0,0.0,0.0,0.0,0.0,0.0,0.0,0.0,0.0,0.0,0.0
2016-07-10,0.0,0.0,0.0,0.0,0.0,0.0,0.0,0.0,0.0,0.0,0.0
2016-07-11,0.0,0.0,0.0,0.0,0.0,0.0,0.0,0.0,0.0,0.0,0.0
2016-07-12,0.0,0.0,0.0,0.0,0.0,0.0,0.0,0.0,0.0,0.0,0.0
2016-07-13,0.0,0.0,0.0,0.0,0.0,0.0,0.0,0.0,0.0,0.0,0.0
2016-07-14,0.0,0.0,0.0,0.0,0.0,0.0,0.0,0.0,0.0,0.0,0.0
2016-07-15,0.0,0.0,0.0,0.0,0.0,0.0,0.0,0.0,0.0,0.0,0.0
2016-07-16,0.0,0.0,0.0,0.0,0.0,0.0,0.0,0.0,0.0,0.0,0.0
2016-07-17,0.0,0.0,0.0,0.0,0.0,0.0,0.0,0.0,0.0,0.0,0.0
2016-07-18,0.0,0.0,0.0,0.0,0.0,0.0,0.0,0.0,0.0,0.0,0.0
2016-07-19,0.0,0.0,0.0,0.0,0.0,0.0,0.0,0.0,0.0,0.0,0.0
2016-07-20,0.0,0.0,0.0,0.0,0.0,0.0,0.0,0.0,0.0,0.0,0.0
2016-07-21,0.0,0.0,0.0,0.0,0.0,0.0,0.0,0.0,0.0,0.0,0.0
2016-07-22,0.0,0.0,0.0,0.0,0.0,0.0,0.0,0.0,0.0,0.0,0.0
2016-07-23,0.0,0.0,0.0,0.0,0.0,0.0,0.0,0.0,0.0,0.0,0.0
2016-07-24,0.0,0.0,0.0,0.0,0.0,0.0,0.0,0.0,0.0,0.0,0.0
2016-07-25,0.0,0.0,0.0,0.0,0.0,0.0,0.0,0.0,0.0,0.0,0.0
2016-07-26,0.0,0.0,0.0,0.0,0.0,0.0,0.0,0.0,0.0,0.0,0.0
2016-07-27,0.0,0.0,0.0,0.0,0.0,0.0,0.0,0.0,0.0,0.0,0.0
2016-07-28,0.0,0.0,0.0,0.0,0.0,0.0,0.0,0.0,0.0,0.0,0.0
2016-07-29,0.0,0.0,0.0,0.0,0.0,0.0,0.0,0.0,0.0,0.0,0.0
2016-07-30,0.0,0.0,0.0,0.0,0.0,0.0,0.0,0.0,0.0,0.0,0.0
2016-07-31,0.0,0.0,0.0,0.0,0.0,0.0,0.0,0.0,0.0,0.0,0.0
2016-08-01,0.0,0.0,0.0,0.0,0.0,0.0,0.0,0.0,0.0,0.0,0.0
2016-08-02,0.0,0.0,0.0,0.0,0.0,0.0,0.0,0.0,0.0,0.0,0.0
2016-08-03,0.0,0.0,0.0,0.0,0.0,0.0,0.0,0.0,0.0,0.0,0.0
2016-08-04,0.0,0.0,0.0,0.0,0.0,0.0,0.0,0.0,0.0,0.0,0.0
2016-08-05,0.0,0.0,0.0,0.0,0.0,0.0,0.0,0.0,0.0,0.0,0.0
2016-08-06,0.0,0.0,0.0,0.0,0.0,0.0,0.0,0.0,0.0,0.0,0.0
2016-08-07,0.0,0.0,0.0,0.0,0.0,0.0,0.0,0.0,0.0,0.0,0.0
2016-08-08,0.0,0.0,0.0,0.0,0.0,0.0,0.0,0.0,0.0,0.0,0.0
2016-08-09,0.0,0.0,0.0,0.0,0.0,0.0,0.0,0.0,0.0,0.0,0.0
2016-08-10,0.0,0.0,0.0,0.0,0.0,0.0,0.0,0.0,0.0,0.0,0.0
2016-08-11,0.0,0.0,0.0,0.0,0.0,0.0,0.0,0.0,0.0,0.0,0.0
2016-08-12,0.0,0.0,0.0,0.0,0.0,0.0,0.0,0.0,0.0,0.0,0.0
2016-08-13,0.0,0.0,0.0,0.0,0.0,0.0,0.0,0.0,0.0,0.0,0.0
2016-08-14,0.0,0.0,0.0,0.0,0.0,0.0,0.0,0.0,0.0,0.0,0.0
2016-08-15,0.0,0.0,0.0,0.0,0.0,0.0,0.0,0.0,0.0,0.0,0.0
2016-08-16,0.0,0.0,0.0,0.0,0.0,0.0,0.0,0.0,0.0,0.0,0.0
2016-08-17,0.0,0.0,0.0,0.0,0.0,0.0,0.0,0.0,0.0,0.0,0.0
2016-08-18,0.0,0.0,0.0,0.0,0.0,0.0,0.0,0.0,0.0,0.0,0.0
2016-08-19,0.0,0.0,0.0,0.0,0.0,0.0,0.0,0.0,0.0,0.0,0.0
2016-08-20,0.0,0.0,0.0,0.0,0.0,0.0,0.0,0.0,0.0,0.0,0.0
2016-08-21,0.0,0.0,0.0,0.0,0.0,0.0,0.0,0.0,0.0,0.0,0.0
2016-08-22,0.0,0.0,0.0,0.0,0.0,0.0,0.0,0.0,0.0,0.0,0.0
2016-08-23,0.0,0.0,0.0,0.0,0.0,0.0,0.0,0.0,0.0,0.0,0.0
2016-08-24,0.0,0.0,0.0,0.0,0.0,0.0,0.0,0.0,0.0,0.0,0.0
2016-08-25,0.0,0.0,0.0,0.0,0.0,0.0,0.0,0.0,0.0,0.0,0.0
2016-08-26,0.0,0.0,0.0,0.0,0.0,0.0,0.0,0.0,0.0,0.0,0.0
2016-08-27,0.0,0.0,0.0,0.0,0.0,0.0,0.0,0.0,0.0,0.0,0.0
2016-08-28,0.0,0.0,0.0,0.0,0.0,0.0,0.0,0.0,0.0,0.0,0.0
2016-08-29,0.0,0.0,0.0,0.0,0.0,0.0,0.0,0.0,0.0,0.0,0.0
2016-08-30,0.0,0.0,0.0,0.0,0.0,0.0,0.0,0.0,0.0,0.0,0.0
2016-08-31,0.0,0.0,0.0,0.0,0.0,0.0,0.0,0.0,0.0,0.0,0.0
2016-09-01,0.0,0.0,0.0,0.0,0.0,0.0,0.0,0.0,0.0,0.0,0.0
2016-09-02,0.0,0.0,0.0,0.0,0.0,0.0,0.0,0.0,0.0,0.0,0.0
2016-09-03,0.0,0.0,0.0,0.0,0.0,0.0,0.0,0.0,0.0,0.0,0.0
2016-09-04,0.0,0.0,0.0,0.0,0.0,0.0,0.0,0.0,0.0,0.0,0.0
2016-09-05,0.0,0.0,0.0,0.0,0.0,0.0,0.0,0.0,0.0,0.0,0.0
2016-09-06,0.0,0.0,0.0,0.0,0.0,0.0,0.0,0.0,0.0,0.0,0.0
2016-09-07,0.0,0.0,0.0,0.0,0.0,0.0,0.0,0.0,0.0,0.0,0.0
2016-09-08,0.0,0.0,0.0,0.0,0.0,0.0,0.0,0.0,0.0,0.0,0.0
2016-09-09,0.0,0.0,0.0,0.0,0.0,0.0,0.0,0.0,0.0,0.0,0.0
2016-09-10,0.0,0.0,0.0,0.0,0.0,0.0,0.0,0.0,0.0,0.0,0.0
2016-09-11,0.0,0.0,0.0,0.0,0.0,0.0,0.0,0.0,0.0,0.0,0.0
2016-09-12,0.0,0.0,0.0,0.0,0.0,0.0,0.0,0.0,0.0,0.0,0.0
2016-09-13,0.0,0.0,0.0,0.0,0.0,0.0,0.0,0.0,0.0,0.0,0.0
2016-09-14,0.0,0.0,0.0,0.0,0.0,0.0,0.0,0.0,0.0,0.0,0.0
2016-09-15,0.0,0.0,0.0,0.0,0.0,0.0,0.0,0.0,0.0,0.0,0.0
2016-09-16,0.0,0.0,0.0,0.0,0.0,0.0,0.0,0.0,0.0,0.0,0.0
2016-09-17,0.0,0.0,0.0,0.0,0.0,0.0,0.0,0.0,0.0,0.0,0.0
2016-09-18,0.0,0.0,0.0,0.0,0.0,0.0,0.0,0.0,0.0,0.0,0.0
2016-09-19,0.0,0.0,0.0,0.0,0.0,0.0,0.0,0.0,0.0,0.0,0.0
2016-09-20,0.0,0.0,0.0,0.0,0.0,0.0,0.0,0.0,0.0,0.0,0.0
2016-09-21,0.0,0.0,0.0,0.0,0.0,0.0,0.0,0.0,0.0,0.0,0.0
2016-09-22,0.0,0.0,0.0,0.0,0.0,0.0,0.0,0.0,0.0,0.0,0.0
2016-09-23,0.0,0.0,0.0,0.0,0.0,0.0,0.0,0.0,0.0,0.0,0.0
2016-09-24,0.0,0.0,0.0,0.0,0.0,0.0,0.0,0.0,0.0,0.0,0.0
2016-09-25,0.0,0.0,0.0,0.0,0.0,0.0,0.0,0.0,0.0,0.0,0.0
2016-09-26,0.0,0.0,0.0,0.0,0.0,0.0,0.0,0.0,0.0,0.0,0.0
2016-09-27,0.0,0.0,0.0,0.0,0.0,0.0,0.0,0.0,0.0,0.0,0.0
2016-09-28,0.0,0.0,0.0,0.0,0.0,0.0,0.0,0.0,0.0,0.0,0.0
2016-09-29,0.0,0.0,0.0,0.0,0.0,0.0,0.0,0.0,0.0,0.0,0.0
2016-09-30,0.0,0.0,0.0,0.0,0.0,0.0,0.0,0.0,0.0,0.0,0.0
2016-10-01,0.0,0.0,0.0,0.0,0.0,0.0,0.0,0.0,0.0,0.0,0.0
2016-10-02,0.0,0.0,0.0,0.0,0.0,0.0,0.0,0.0,0.0,0.0,0.0
2016-10-03,0.0,0.0,0.0,0.0,0.0,0.0,0.030303031,0.0,0.0,1.4,0.0
2016-10-04,0.0,0.0,0.0,0.0,0.0,0.0,0.45454547,1.0,0.0,3.2,0.5
2016-10-05,0.0,0.0,0.0,0.0,0.0,0.0,0.0,0.0,0.0,0.6,0.0
2016-10-06,0.0,0.0,0.0,0.0,0.0,0.0,0.0,0.0,0.0,0.2,0.0
2016-10-07,0.0,0.0,0.0,0.0,0.0,0.0,0.0,0.0,0.0,0.0,0.0
2016-10-08,0.0,0.0,0.0,0.0,0.0,0.0,0.0,0.0,0.0,0.0,0.0
2016-10-09,0.0,0.0,0.0,0.0,0.0,0.0,0.0,0.0,0.0,0.0,0.0
2016-10-10,0.0,0.0,0.0,0.0,0.0,0.0,0.0,0.0,0.0,0.0,0.0
2016-10-11,0.0,0.0,0.0,0.0,0.0,0.0,0.0,0.0,0.0,0.0,0.0
2016-10-12,0.0,0.0,0.0,0.0,0.0,0.0,0.0,0.0,0.0,0.0,0.0
2016-10-13,0.0,0.0,0.0,0.0,0.0,0.0,0.0,0.0,0.0,0.0,0.0
2016-10-14,0.0,0.0,0.0,0.0,0.0,0.0,0.0,0.0,0.0,0.0,0.0
2016-10-15,0.0,0.0,0.0,0.0,0.035714287,0.020408163,0.0,0.0,0.0,0.0,0.0
2016-10-16,0.0,0.0,0.0,0.0,8.678572,6.4897957,0.0,0.0,0.0,0.0,0.0
2016-10-17,2.3333333,0.0,0.0,0.0,37.642857,29.102041,0.0,25.5,0.0,29.4,1.0
2016-10-18,3.4444444,0.0,0.0,0.0,39.214287,31.857143,0.0,39.0,12.0,30.0,8.0
2016-10-19,3.1111112,0.0,0.0,0.0,38.25,31.040817,0.0,27.5,5.0,29.6,6.5
2016-10-20,2.1111112,0.0,0.0,0.0,40.607143,31.632652,0.0,18.0,0.0,27.6,6.0
2016-10-21,0.7777778,0.0,0.0,0.0,36.57143,27.32653,0.0,20.0,0.0,21.4,0.0
2016-10-22,0.0,0.0,0.0,0.0,30.357143,22.081633,0.0,12.5,0.0,14.4,0.0
2016-10-23,0.0,0.0,0.0,0.0,26.678572,18.632652,0.0,6.0,0.0,11.6,0.0
2016-10-24,0.0,0.0,0.0,0.0,22.392857,15.204082,0.0,0.0,0.0,3.6,0.0
2016-10-25,0.0,0.0,0.0,0.0,21.642857,14.428572,0.0,0.0,0.0,0.4,0.0
2016-10-26,0.0,0.0,0.0,0.0,20.107143,13.142858,0.0,0.0,0.0,0.0,0.0
2016-10-27,0.0,0.0,0.0,0.0,16.214285,10.122449,0.0,0.0,0.0,0.0,0.0
2016-10-28,0.0,0.0,0.0,0.0,19.821428,12.204082,0.0,0.0,0.0,0.0,0.0
2016-10-29,3.3333333,0.0,0.0,0.0,25.392857,16.510204,0.0,0.0,0.0,0.0,0.0
2016-10-30,3.1111112,0.0,0.0,0.0,24.785715,15.67347,0.0,0.0,0.0,0.0,0.0
2016-10-31,2.4444444,0.79746836,0.0,0.0,39.214287,28.693878,0.0,50.0,48.0,16.2,16.5
2016-11-01,2.7777777,0.6708861,0.0,0.0,51.964287,37.42857,3.060606,51.5,47.0,13.6,13.0
2016-11-02,2.7777777,0.6329114,0.0,0.0,54.75,39.77551,2.3030303,58.5,58.0,13.8,13.5
2016-11-03,2.3333333,0.36708862,0.0,0.0,51.714287,37.22449,0.72727275,52.0,52.0,10.8,12.0
2016-11-04,1.5555556,0.025316456,0.0,0.0,49.357143,34.02041,0.0,37.0,40.0,6.0,8.0
2016-11-05,1.1111112,0.0,0.0,0.0,44.464287,30.102041,0.0,24.5,27.0,1.6,2.5
2016-11-06,0.33333334,0.0,0.0,0.0,41.142857,27.55102,0.0,13.0,17.0,0.0,0.0
2016-11-07,0.0,0.0,0.0,0.0,39.714287,26.428572,0.0,6.0,9.0,0.0,0.0
2016-11-08,0.0,0.0,0.0,0.0,35.535713,23.183674,0.0,0.0,0.0,0.0,0.0
2016-11-09,0.0,0.0,0.0,0.0,30.285715,19.285715,0.0,0.0,0.0,0.0,0.0
2016-11-10,0.0,0.0,0.0,0.0,25.857143,16.142857,0.0,0.0,0.0,0.0,0.0
2016-11-11,0.0,0.0,0.0,0.0,22.107143,13.469388,0.0,0.0,0.0,0.0,0.0
2016-11-12,0.0,0.0,0.0,0.0,19.5,11.734694,0.0,0.0,0.0,0.0,0.0
2016-11-13,0.0,0.0,0.0,0.0,18.071428,10.755102,0.0,0.0,0.0,0.0,0.0
2016-11-14,0.0,0.0,0.0,0.0,15.821428,9.22449,0.0,0.0,0.0,0.0,0.0
2016-11-15,0.0,0.0,0.0,0.0,13.392858,7.6530614,0.0,0.0,0.0,0.0,0.0
2016-11-16,0.0,0.0,0.0,0.0,12.392858,7.0816326,0.0,0.0,0.0,0.0,0.0
2016-11-17,0.0,0.0,0.0,0.0,13.285714,7.755102,0.0,0.0,0.0,0.0,0.0
2016-11-18,0.0,0.0,0.0,0.0,13.214286,7.714286,0.0,0.5,1.0,0.0,1.5
2016-11-19,0.0,0.0,0.0,0.0,13.25,7.632653,0.36363637,0.0,0.0,0.0,3.5
2016-11-20,0.0,0.0,0.0,0.0,12.857142,7.3469386,26.484848,22.5,29.0,4.0,2.0
2016-11-21,0.33333334,1.2405063,0.0,0.0,18.464285,11.693877,21.030304,38.0,47.0,13.4,12.0
2016-11-22,1.0,2.0886075,0.75,0.26666668,21.071428,14.265306,19.212122,38.5,48.0,15.6,14.0
2016-11-23,1.0,1.9113925,0.5,0.13333334,20.964285,14.122449,29.878788,42.0,51.0,16.0,15.5
2016-11-24,1.3333334,1.8227848,0.5,0.13333334,26.0,20.081633,32.151516,53.0,66.0,18.6,22.0
2016-11-25,1.3333334,1.506329,0.0,0.0,25.821428,19.714285,32.18182,58.0,72.0,20.0,23.5
2016-11-26,1.6666666,0.96202534,0.0,0.0,25.25,18.755102,33.303032,58.0,72.0,20.4,22.0
2016-11-27,20.777779,12.962026,7.0,2.7333333,57.107143,49.0,47.81818,74.5,91.0,29.6,30.0
2016-11-28,32.555557,27.506329,35.25,13.733334,75.82143,66.12245,51.81818,99.0,122.0,50.8,40.5
2016-11-29,35.22222,27.70886,35.5,13.533334,77.17857,67.408165,51.78788,100.0,122.0,49.4,41.0
2016-11-30,35.11111,27.594936,34.75,13.133333,78.10714,68.04082,50.666668,100.0,122.0,48.6,41.0
2016-12-01,35.11111,26.962025,33.25,12.4,76.85714,67.16327,51.757576,100.0,122.0,46.4,41.0
2016-12-02,35.444443,27.050632,33.0,12.133333,75.78571,66.408165,48.60606,100.0,122.0,46.6,41.0
2016-12-03,35.11111,26.658228,33.25,12.266666,75.46429,66.20408,48.121212,100.0,122.0,43.4,41.5
2016-12-04,35.555557,24.86076,28.25,10.2,76.46429,65.938774,46.424244,100.0,122.0,42.0,41.5
2016-12-05,33.666668,21.924051,18.75,7.2,77.64286,66.04082,45.878788,100.0,122.0,41.0,39.5
2016-12-06,31.88889,19.265823,15.0,5.866667,76.96429,65.36735,41.363636,100.0,122.0,41.0,39.5
2016-12-07,31.88889,18.316456,14.75,5.733333,77.42857,65.755104,48.060608,100.0,122.0,41.0,39.5
2016-12-08,37.0,18.645569,15.0,5.866667,85.75,76.87755,56.39394,106.5,129.0,46.0,50.0
2016-12-09,39.11111,21.607595,19.25,7.133333,97.82143,86.16327,51.515152,112.5,136.0,48.6,49.5
2016-12-10,36.444443,20.025316,19.5,6.8,101.64286,89.38776,44.0,114.0,136.0,48.6,46.0
2016-12-11,40.333332,17.240507,17.75,5.6666665,135.07143,116.85714,39.969696,158.0,175.0,83.6,82.0
2016-12-12,39.555557,14.936708,15.5,4.4,131.96428,114.53061,40.333332,158.0,176.0,83.2,79.0
2016-12-13,39.333332,13.7215185,13.75,3.6666667,130.53572,113.36735,39.18182,158.0,176.0,91.0,63.5
2016-12-14,46.11111,12.012658,11.5,3.0666666,128.5,111.81633,40.272728,162.0,174.0,82.2,68.0
2016-12-15,43.88889,9.670886,8.25,2.2,129.0,111.46939,37.0,162.5,178.0,89.4,66.0
2016-12-16,98.22222,35.658226,27.0,7.2,243.25,204.85715,35.696968,139.5,156.0,121.2,64.0
2016-12-17,104.666664,45.55696,32.5,10.466666,251.78572,210.57143,38.848484,133.0,150.0,109.8,67.5
2016-12-18,104.77778,45.658226,41.75,13.266666,246.71428,207.63266,36.515152,138.5,150.0,105.4,67.5
2016-12-19,104.666664,45.569622,44.5,14.066667,252.46428,211.0204,35.696968,134.0,145.0,105.4,67.5
2016-12-20,133.55556,44.341774,43.0,13.333333,249.14285,208.59184,37.78788,134.5,145.0,105.4,69.0
2016-12-21,134.0,40.86076,44.0,13.133333,247.14285,206.48979,37.454544,135.0,140.0,116.2,69.5
2016-12-22,132.66667,39.93671,43.0,12.466666,249.96428,207.57143,35.696968,134.5,135.0,116.8,74.0
2016-12-23,102.888885,39.63291,43.25,12.4,249.25,206.93878,38.0,127.0,134.0,120.6,75.0
2016-12-24,161.55556,77.77215,99.75,32.066666,267.25,224.42857,55.030304,186.0,193.0,142.2,102.0
2016-12-25,162.55556,79.303795,105.5,33.933334,276.17856,230.48979,71.78788,184.5,196.0,146.0,104.0
2016-12-26,162.33333,79.64557,103.75,33.4,276.60715,230.7551,52.363636,182.0,196.0,145.4,104.5
2016-12-27,162.22223,80.20253,104.0,33.533333,278.2143,231.83673,51.424244,182.5,197.0,128.2,103.5
2016-12-28,162.88889,79.27848,99.75,32.133335,278.5,231.48979,53.78788,181.5,197.0,128.4,106.0
2016-12-29,162.44444,76.341774,95.0,30.533333,274.9643,228.44897,49.242424,185.0,196.0,126.4,106.0
2016-12-30,162.0,73.43038,89.75,28.8,283.14285,232.34694,48.333332,183.5,195.0,125.2,102.0
2016-12-31,162.44444,77.64557,92.25,30.0,277.17856,228.53061,46.121212,182.5,194.0,125.0,102.0
2017-01-01,161.33333,84.73418,94.0,30.933332,281.10715,231.08163,39.272728,182.0,194.0,124.8,99.5
2017-01-02,161.66667,84.860756,93.0,30.666666,277.2857,228.57143,78.57576,192.5,205.0,130.4,103.0
2017-01-03,131.77777,85.03797,90.25,29.8,278.64285,229.91837,94.84849,245.5,278.0,149.8,122.5
2017-01-04,195.22223,94.101265,92.75,30.733334,313.17856,266.59183,90.69697,287.0,313.0,171.0,160.5
2017-01-05,251.88889,130.75949,117.0,38.733334,401.42856,348.40817,96.545456,383.5,422.0,234.8,220.0
2017-01-06,263.44446,155.01266,109.75,37.0,406.75,355.12244,95.51515,409.0,449.0,236.8,228.0
2017-01-07,260.66666,158.51898,114.0,38.4,420.35715,363.91837,118.333336,414.0,456.0,227.2,230.0
2017-01-08,322.33334,195.6962,114.75,39.066666,508.2857,448.44897,110.242424,446.5,486.0,252.2,265.0
2017-01-09,388.22223,205.02531,112.0,37.8,566.0,501.4694,99.666664,442.0,476.0,288.8,316.0
2017-01-10,407.0,206.44304,107.0,36.2,606.0,542.10205,118.333336,482.0,525.0,320.0,351.0
2017-01-11,469.77777,215.6329,113.0,37.933334,681.6071,608.0,138.12122,613.0,670.0,379.0,440.0
2017-01-12,493.44446,222.94937,126.5,42.8,708.1071,637.40814,142.21213,654.5,717.0,428.0,460.5
2017-01-13,515.6667,234.5443,147.25,50.733334,740.4286,664.2245,145.15152,690.0,755.0,434.4,471.5
2017-01-14,504.0,235.26582,151.5,51.933334,743.0357,665.61224,135.69698,690.0,755.0,437.4,472.5
2017-01-15,508.66666,233.97469,146.0,49.6,742.8214,665.2041,143.84848,690.0,755.0,437.6,472.0
2017-01-16,502.77777,232.48102,143.25,48.466667,752.6429,670.2653,138.54546,690.0,755.0,429.0,472.5
2017-01-17,506.55554,230.77216,139.25,47.2,736.7857,660.0,150.30302,690.5,755.0,429.2,472.5
2017-01-18,503.1111,230.12659,136.0,46.133335,743.5357,663.59186,155.33333,688.5,757.0,429.0,475.5
2017-01-19,546.55554,243.74684,150.0,50.866665,780.2857,698.32654,171.45454,741.5,806.0,448.0,500.0
2017-01-20,562.3333,259.07596,182.0,61.866665,790.3214,710.3674,213.0303,786.5,852.0,478.0,518.0
2017-01-21,584.6667,302.96204,248.0,88.6,822.6786,745.30615,250.15152,831.5,902.0,525.4,538.5
2017-01-22,600.6667,315.94937,264.5,94.26667,828.3929,749.9796,251.90909,867.5,938.0,539.8,550.0
2017-01-23,674.3333,359.74683,327.5,115.333336,887.2143,803.0,269.9091,942.0,1023.0,625.4,598.0
2017-01-24,685.7778,375.29114,355.25,129.2,881.1429,802.7755,269.9394,958.0,1047.0,638.4,604.0
2017-01-25,678.55554,372.07596,355.25,128.8,1044.5714,921.3469,237.63637,942.5,1047.0,635.6,604.5
2017-01-26,682.44446,375.2658,356.25,129.13333,1047.4642,923.69385,234.72728,956.0,1047.0,631.6,604.0
2017-01-27,677.44446,373.64557,355.25,128.46666,1014.3214,897.0816,232.66667,957.0,1047.0,628.2,604.0
2017-01-28,679.6667,374.3924,358.5,129.0,1008.75,895.18365,233.06061,957.0,1047.0,624.4,603.0
2017-01-29,682.8889,373.25317,350.25,122.8,1022.6786,901.7347,231.48485,956.0,1047.0,617.4,604.0
2017-01-30,682.2222,371.46835,340.25,117.066666,1041.3572,917.9796,230.42424,956.0,1047.0,595.0,606.5
2017-01-31,678.7778,366.0,330.0,112.4,1039.9286,914.81635,232.81818,955.5,1047.0,618.0,606.5
2017-02-01,668.3333,360.21518,318.0,107.13333,1042.2858,914.2041,240.48485,958.0,1047.0,577.8,606.5
2017-02-02,666.2222,357.29114,310.75,104.46667,1056.2858,924.0,220.39394,959.0,1048.0,582.4,606.5
2017-02-03,681.1111,356.59494,311.5,104.666664,1067.3572,933.53064,260.27274,968.0,1062.0,583.8,613.0
2017-02-04,700.55554,360.41772,313.25,106.0,1098.6072,955.67346,246.87878,1005.0,1105.0,650.8,650.0
2017-02-05,714.7778,359.0633,311.5,105.46667,1098.6072,955.46936,241.30302,1019.0,1126.0,646.2,657.0
2017-02-06,723.6667,363.59494,323.0,108.6,1119.0,976.61224,242.36363,1026.0,1132.0,656.0,667.0
2017-02-07,729.8889,381.10126,330.5,111.73333,1160.1428,1015.7143,242.24243,1073.5,1184.0,622.6,705.5
2017-02-08,785.6667,387.0886,325.0,109.4,1240.8928,1075.1428,253.27272,1147.0,1269.0,645.0,732.0
2017-02-09,782.6667,380.1266,312.75,105.333336,1267.3572,1091.4694,245.9697,1217.5,1349.0,733.0,738.5
2017-02-10,787.0,372.8481,305.75,102.73333,1226.8572,1062.1224,194.81818,1281.0,1432.0,782.6,759.0
2017-02-11,830.2222,380.3924,312.75,104.53333,1249.1428,1081.1224,217.75757,1321.5,1485.0,735.6,780.0
2017-02-12,815.8889,380.10126,313.5,104.73333,1263.1428,1089.551,194.06061,1323.5,1488.0,816.2,782.0
2017-02-13,823.0,377.02533,311.0,103.73333,1323.6072,1136.0613,238.39394,1325.5,1488.0,815.4,782.5
2017-02-14,822.8889,372.72153,306.0,101.8,1337.3214,1144.2041,225.51515,1325.0,1488.0,816.8,782.5
2017-02-15,823.44446,367.34177,299.0,99.2,1326.1428,1135.4694,201.0303,1325.5,1486.0,737.2,782.0
2017-02-16,823.7778,361.05063,289.0,95.6,1338.8214,1142.6327,198.84848,1326.0,1487.0,816.6,782.5
2017-02-17,826.3333,360.94937,286.5,94.53333,1338.1428,1143.1428,200.27272,1348.5,1512.0,831.0,785.0
2017-02-18,853.2222,382.79745,315.0,104.4,1370.9642,1171.7347,222.57576,1366.5,1543.0,750.8,800.5
2017-02-19,856.55554,385.2658,317.75,105.53333,1381.5714,1180.7142,219.81818,1379.0,1555.0,754.8,803.5
2017-02-20,864.7778,386.51898,314.0,103.933334,1394.7858,1193.6735,243.69698,1397.0,1577.0,847.8,814.0
2017-02-21,903.7778,392.13925,318.75,104.933334,1452.5358,1247.4694,254.51515,1490.5,1693.0,833.2,892.0
2017-02-22,929.0,392.3924,317.5,104.53333,1483.4642,1277.2653,250.12122,1567.0,1778.0,861.6,934.5
2017-02-23,926.8889,393.02533,321.75,106.0,1484.3572,1279.0,251.45454,1577.0,1788.0,882.4,936.0
2017-02-24,917.0,393.68353,324.5,107.2,1488.5714,1282.2245,212.60606,1576.5,1788.0,879.2,938.5
2017-02-25,914.0,395.05063,328.25,108.46667,1489.7858,1282.7551,249.0,1574.0,1788.0,882.6,939.0
2017-02-26,915.1111,394.6329,327.5,108.0,1492.6428,1285.5918,217.57576,1580.5,1788.0,883.0,938.5
2017-02-27,929.2222,394.3924,328.0,108.066666,1485.7142,1282.7755,269.60605,1582.5,1791.0,976.6,944.0
2017-02-28,931.1111,395.89874,331.75,109.4,1494.4286,1290.0613,240.48485,1586.5,1803.0,973.0,956.0
2017-03-01,932.8889,395.31647,328.75,108.26667,1500.8572,1293.9387,252.72728,1590.5,1803.0,895.2,941.0
2017-03-02,931.7778,395.1519,326.75,107.73333,1494.3572,1289.7959,252.0303,1598.0,1811.0,895.0,945.0
2017-03-03,931.44446,392.9367,320.75,105.6,1492.0358,1285.6938,210.57576,1598.0,1812.0,887.4,943.0
2017-03-04,932.44446,391.02533,314.75,103.2,1493.0714,1286.3265,246.54546,1597.5,1812.0,883.6,945.0
2017-03-05,935.1111,389.07596,313.25,102.26667,1488.7858,1285.5306,235.72728,1609.5,1837.0,982.6,968.5
2017-03-06,957.6667,397.25317,319.75,105.6,1528.7142,1325.2245,262.57574,1664.5,1899.0,1022.4,990.0
2017-03-07,958.0,398.4557,321.75,106.333336,1515.6428,1310.4286,270.24243,1671.5,1902.0,1035.2,993.5
2017-03-08,954.55554,395.6076,312.75,103.2,1521.8214,1313.9387,285.81818,1673.0,1903.0,1032.2,990.5
2017-03-09,955.3333,388.1266,311.0,101.53333,1523.7142,1312.3062,256.66666,1672.0,1903.0,1025.4,987.5
2017-03-10,952.1111,378.68353,307.75,98.933334,1527.2142,1311.2858,254.63637,1673.0,1903.0,1021.6,983.0
2017-03-11,949.8889,366.89874,307.5,97.333336,1529.6072,1310.4897,248.18182,1668.5,1903.0,1019.6,981.5
2017-03-12,947.2222,358.64557,305.5,95.066666,1532.2142,1309.8572,238.24243,1672.5,1903.0,915.6,974.0
2017-03-13,942.6667,347.58228,302.5,92.13333,1528.7142,1305.2653,243.72728,1675.5,1903.0,911.6,973.5
2017-03-14,953.7778,332.22784,301.5,89.333336,1523.5,1299.2449,234.81818,1682.0,1903.0,905.6,971.0
2017-03-15,931.8889,319.2658,301.75,86.666664,1532.4642,1302.5306,227.51515,1691.5,1903.0,992.0,967.5
2017-03-16,942.3333,309.05063,304.0,85.13333,1525.8572,1296.7347,231.81818,1695.5,1903.0,984.8,977.0
2017-03-17,934.0,299.83545,303.75,82.6,1526.6428,1294.9387,222.81818,1695.5,1903.0,976.8,974.0
2017-03-18,926.44446,281.94937,302.25,80.6,1528.1786,1292.8163,211.54546,1695.5,1903.0,966.4,971.0
2017-03-19,917.55554,269.8481,304.75,81.26667,1531.9642,1292.8163,205.54546,1694.0,1903.0,955.8,967.0
2017-03-20,910.2222,254.88608,306.75,81.8,1533.8214,1291.449,197.63637,1690.0,1903.0,948.4,957.0
2017-03-21,901.3333,245.49367,306.75,81.8,1533.2142,1288.3062,192.42424,1690.0,1903.0,938.0,951.0
2017-03-22,916.1111,242.32912,314.25,83.8,1552.1786,1301.2041,187.72728,1706.5,1910.0,957.0,971.5
2017-03-23,919.3333,241.22784,316.75,85.13333,1557.5,1304.9592,191.75757,1718.5,1927.0,960.2,976.5
2017-03-24,919.0,241.25316,318.5,85.53333,1558.1786,1305.449,191.54546,1729.0,1939.0,959.0,976.0
2017-03-25,929.6667,238.02531,323.75,86.333336,1575.0,1316.2858,203.63637,1749.5,1965.0,970.6,987.0
2017-03-26,929.1111,235.9367,323.0,86.13333,1577.1428,1317.898,201.18182,1752.5,1968.0,971.0,988.0
2017-03-27,929.0,231.67088,321.25,85.666664,1578.7142,1318.2449,207.54546,1765.5,1992.0,969.4,998.0
2017-03-28,929.3333,231.55696,320.0,85.4,1574.8928,1313.1428,206.84848,1777.5,2011.0,974.4,1006.0
2017-03-29,927.7778,228.98734,321.25,85.666664,1568.9642,1304.7347,203.45454,1778.0,2011.0,973.0,1003.5
2017-03-30,920.8889,219.41772,317.0,84.53333,1562.75,1294.5306,196.33333,1778.0,2013.0,964.4,994.0
2017-03-31,925.44446,217.8481,318.75,85.2,1561.3572,1290.9387,196.24243,1781.0,1996.0,960.8,1001.5
2017-04-01,925.3333,220.17722,315.75,84.2,1555.0358,1281.9592,191.9697,1783.5,1994.0,953.8,1001.5
2017-04-02,919.2222,213.97469,313.25,83.53333,1548.6428,1272.9387,178.42424,1784.5,1995.0,947.0,994.0
2017-04-03,910.7778,205.72151,309.25,82.46667,1542.1428,1265.1632,170.06061,1783.5,1987.0,940.0,989.0
2017-04-04,908.1111,200.05063,306.0,81.6,1536.6786,1259.1428,163.78787,1780.5,1975.0,923.2,984.5
2017-04-05,901.7778,191.6329,301.5,80.4,1529.75,1249.8572,155.12122,1779.5,1971.0,915.4,974.0
2017-04-06,890.7778,181.67088,291.75,77.8,1524.9286,1240.2041,146.60606,1775.5,1963.0,908.0,961.0
2017-04-07,893.55554,173.8481,286.25,76.333336,1544.1428,1248.9796,152.15152,1811.0,2003.0,911.0,989.5
2017-04-08,947.0,177.86076,304.5,81.2,1580.1428,1268.9183,143.75757,1840.5,2023.0,936.8,1023.0
2017-04-09,959.0,189.3671,318.5,85.53333,1587.4286,1274.2449,144.66667,1857.0,2030.0,950.6,1039.0
2017-04-10,959.1111,188.2152,311.75,83.666664,1571.2858,1259.9592,173.72728,1856.5,2030.0,952.0,1039.0
2017-04-11,958.44446,184.73418,309.0,82.4,1539.7858,1231.5918,171.87878,1859.0,2032.0,951.6,1038.5
2017-04-12,954.6667,182.44304,305.0,81.333336,1526.5,1220.3877,172.84848,1861.5,2035.0,952.2,1040.0
2017-04-13,944.55554,173.67088,300.0,80.0,1508.4286,1205.7142,171.69698,1885.5,2067.0,955.8,1048.5
2017-04-14,956.6667,172.31645,300.5,80.13333,1486.0,1186.5103,178.9697,1918.0,2095.0,974.8,1070.5
2017-04-15,955.6667,168.03798,300.75,80.2,1478.6072,1176.7347,178.9697,1918.5,2093.0,977.4,1069.5
2017-04-16,950.44446,159.82278,294.0,78.4,1469.3214,1163.7551,174.06061,1924.5,2104.0,978.4,1068.0
2017-04-17,941.2222,151.83545,286.0,76.26667,1456.0,1145.1224,172.54546,1940.5,2134.0,975.4,1063.0
2017-04-18,938.6667,145.51898,280.5,74.8,1442.25,1127.0817,169.18182,1922.5,2086.0,970.0,1047.5
2017-04-19,950.7778,146.72151,288.0,76.8,1432.0714,1108.8163,163.57576,1909.0,2044.0,973.2,1037.0
2017-04-20,949.2222,120.81013,288.25,76.86667,1410.6786,1085.6531,158.81818,1903.0,2020.0,970.6,1028.0
2017-04-21,942.0,118.544304,283.5,75.6,1397.6428,1072.7551,155.78787,1902.0,2014.0,965.8,1024.5
2017-04-22,931.6667,97.974686,273.75,73.0,1382.6072,1056.9387,144.9697,1899.0,2008.0,958.0,1014.0
2017-04-23,920.2222,108.11392,258.25,68.86667,1360.1786,1036.102,137.18182,1894.0,1997.0,950.6,998.5
2017-04-24,909.7778,104.544304,252.5,67.333336,1343.0358,1019.81635,131.06061,1887.0,1976.0,935.2,982.0
2017-04-25,906.7778,102.72152,249.5,66.53333,1317.9286,999.16327,129.24243,1891.0,1983.0,933.2,979.5
2017-04-26,891.1111,100.68355,245.5,65.46667,1274.6428,966.95917,125.15151,1891.0,1985.0,929.2,969.5
2017-04-27,875.55554,94.78481,238.5,63.6,1242.25,941.10205,120.969696,1880.0,1959.0,924.0,953.5
2017-04-28,865.8889,91.44304,233.0,62.133335,1215.6072,919.0204,116.42424,1867.5,1924.0,912.0,935.0
2017-04-29,866.2222,90.88608,230.5,61.466667,1183.7142,893.59186,111.51515,1852.5,1888.0,896.8,929.5
2017-04-30,861.7778,89.27848,225.25,60.066666,1150.9642,866.67346,101.454544,1826.0,1860.0,882.2,913.0
2017-05-01,848.0,84.22785,192.25,51.266666,1128.6072,847.5102,90.393936,1794.0,1826.0,865.0,889.5
2017-05-02,834.7778,76.417725,142.0,37.866665,1095.0,818.12244,80.69697,1750.0,1781.0,844.0,867.0
2017-05-03,822.0,66.6076,129.0,34.4,1072.1786,795.7755,71.757576,1695.0,1737.0,850.4,843.0
2017-05-04,806.7778,55.55696,112.25,29.933332,1050.25,773.2245,66.0,1586.5,1674.0,803.0,814.0
2017-05-05,789.7778,44.544304,96.0,25.6,1010.3571,739.0612,60.666668,1525.5,1627.0,755.2,782.5
2017-05-06,771.6667,38.822784,86.75,23.133333,970.4286,706.2857,57.303032,1478.0,1572.0,717.6,748.0
2017-05-07,764.1111,39.06329,86.75,23.133333,916.5357,673.6531,55.484848,1471.0,1560.0,726.6,769.5
2017-05-08,762.0,39.253166,86.25,23.0,911.1071,669.69385,51.515152,1447.0,1529.0,721.2,756.0
2017-05-09,752.0,38.468353,82.5,22.0,907.2857,665.2653,46.969696,1424.0,1511.0,711.4,741.5
2017-05-10,742.7778,34.97468,74.5,19.866667,907.25,661.95917,40.939392,1388.5,1476.0,681.2,713.0
2017-05-11,729.44446,44.746834,64.75,17.266666,891.6429,649.53064,33.696968,1354.5,1432.0,647.8,674.5
2017-05-12,712.0,41.341774,59.75,15.933333,878.5714,638.4898,31.333334,1314.0,1383.0,620.0,633.5
2017-05-13,709.7778,40.58228,57.75,15.4,862.0,628.7551,30.121212,1280.5,1329.0,606.6,612.5
2017-05-14,708.3333,40.3038,56.0,14.933333,857.0357,625.7551,28.515152,1266.5,1305.0,592.6,602.0
2017-05-15,705.8889,40.101265,54.75,14.6,849.9286,621.46936,27.181818,1253.0,1286.0,579.6,599.0
2017-05-16,709.8889,26.886076,34.0,9.066667,851.5714,622.9388,25.060606,1246.0,1278.0,566.8,593.0
2017-05-17,708.3333,39.873417,53.0,14.133333,844.5714,619.449,23.151516,1246.0,1274.0,563.6,590.0
2017-05-18,706.8889,39.620255,52.25,13.933333,847.0,620.2857,22.757576,1228.5,1251.0,548.8,586.5
2017-05-19,705.1111,38.734177,48.25,12.866667,839.3214,614.5102,20.181818,1195.0,1204.0,525.6,577.5
2017-05-20,699.7778,36.16456,40.5,10.8,833.3214,607.95917,16.939394,1145.0,1145.0,499.4,554.5
2017-05-21,690.44446,31.949368,28.25,7.5333333,846.6429,612.04083,13.151515,1079.0,1093.0,478.2,517.0
2017-05-22,681.44446,26.835443,12.75,3.4,795.7143,577.0816,13.424242,1013.5,1022.0,455.6,478.0
2017-05-23,670.2222,20.949368,0.0,0.0,768.75,555.0204,9.727273,947.0,953.0,430.4,429.5
2017-05-24,656.7778,14.987342,0.0,0.0,753.5357,539.7755,7.030303,874.0,880.0,406.4,371.0
2017-05-25,641.7778,11.35443,0.0,0.0,715.9643,513.81635,5.121212,814.0,813.0,385.2,332.0
2017-05-26,629.8889,9.987342,0.0,0.0,693.8214,499.38776,3.939394,757.5,754.0,368.8,303.5
2017-05-27,621.1111,9.13924,0.0,0.0,629.0,460.67346,3.0,687.0,706.0,353.2,276.0
2017-05-28,609.0,7.8607593,0.0,0.0,585.4286,433.16327,1.3939394,627.5,647.0,333.4,241.0
2017-05-29,589.44446,5.797468,0.0,0.0,570.2857,421.0408,0.0,571.5,585.0,310.6,212.5
2017-05-30,563.55554,3.898734,0.0,0.0,591.5714,430.06122,0.0,533.0,560.0,289.0,177.5
2017-05-31,537.6667,3.0,0.0,0.0,656.75,491.4694,0.0,496.0,534.0,268.8,146.5
2017-06-01,530.0,2.835443,0.0,0.0,652.6786,488.59183,0.0,477.0,517.0,256.4,132.5
2017-06-02,513.8889,2.3544304,0.0,0.0,642.8214,481.0,0.0,453.0,495.0,237.6,113.0
2017-06-03,490.1111,1.493671,0.0,0.0,790.9286,595.2857,0.0,390.0,466.0,213.4,81.5
2017-06-04,472.22223,0.5822785,0.0,0.0,770.4286,576.6531,0.0,344.0,433.0,189.2,49.0
2017-06-05,453.44446,0.12658228,0.0,0.0,765.7143,566.449,0.0,314.0,407.0,168.6,25.0
2017-06-06,436.1111,0.0,0.0,0.0,742.7857,549.32654,0.0,278.0,381.0,147.6,0.0
2017-06-07,416.22223,0.0,0.0,0.0,717.5,530.2857,0.0,241.0,351.0,127.0,0.0
2017-06-08,398.8889,0.0,0.0,0.0,694.1786,512.89795,0.0,206.5,324.0,148.8,0.0
2017-06-09,387.77777,0.0,0.0,0.0,681.6786,503.57144,0.0,191.5,309.0,131.4,0.0
2017-06-10,379.0,0.0,0.0,0.0,670.1786,494.89795,0.0,179.0,295.0,117.4,0.0
2017-06-11,372.8889,0.0,0.0,0.0,665.6071,491.5102,0.0,168.5,284.0,106.8,0.0
2017-06-12,375.0,0.050632913,0.0,0.0,407.7857,297.36734,0.060606062,173.0,285.0,107.0,0.0
2017-06-13,371.8889,0.03797468,0.0,0.0,486.2857,342.02042,0.0,176.5,287.0,107.2,0.0
2017-06-14,367.66666,0.0,0.0,0.0,659.0,486.63266,0.0,161.5,275.0,98.6,0.0
2017-06-15,353.55554,0.0,0.0,0.0,638.25,470.97958,0.0,131.0,250.0,78.2,0.0
2017-06-16,333.22223,0.0,0.0,0.0,610.0357,450.0,0.0,109.0,220.0,54.8,0.0
2017-06-17,305.33334,0.0,0.0,0.0,622.0714,450.83673,0.0,84.0,179.0,25.8,0.0
2017-06-18,237.44444,0.0,0.0,0.0,578.7857,417.9592,0.0,56.0,133.0,0.6,0.0
2017-06-19,166.66667,0.0,0.0,0.0,536.6429,385.2449,0.0,44.0,166.0,0.0,0.0
2017-06-20,140.33333,0.0,0.0,0.0,485.85715,346.87756,0.0,0.0,77.0,0.0,0.0
2017-06-21,113.44444,0.0,0.0,0.0,435.82144,311.2857,0.0,0.0,0.0,0.0,0.0
2017-06-22,94.666664,0.0,0.0,0.0,396.32144,280.06122,0.0,0.0,0.0,0.0,0.0
2017-06-23,77.888885,0.0,0.0,0.0,357.4643,251.28572,0.0,0.0,0.0,0.0,0.0
2017-06-24,63.88889,0.0,0.0,0.0,315.75,221.83673,0.0,0.0,0.0,0.0,0.0
2017-06-25,47.333332,0.0,0.0,0.0,277.64285,194.36734,0.0,0.0,0.0,0.0,0.0
2017-06-26,31.555555,0.0,0.0,0.0,246.14285,171.32654,0.0,0.0,0.0,0.0,0.0
2017-06-27,19.777779,0.0,0.0,0.0,223.21428,154.51021,0.0,0.0,0.0,0.0,0.0
2017-06-28,10.777778,0.0,0.0,0.0,203.75,140.10204,0.0,0.0,0.0,0.0,0.0
2017-06-29,6.0,0.0,0.0,0.0,185.25,126.244896,0.0,0.0,0.0,0.0,0.0
2017-06-30,0.33333334,0.0,0.0,0.0,164.89285,111.30612,0.0,0.0,0.0,0.0,0.0
2017-07-01,0.0,0.0,0.0,0.0,143.71428,95.591835,0.0,0.0,0.0,0.0,0.0
2017-07-02,0.0,0.0,0.0,0.0,126.0,82.12245,0.0,0.0,0.0,0.0,0.0
2017-07-03,0.0,0.0,0.0,0.0,110.96429,70.14286,0.0,0.0,0.0,0.0,0.0
2017-07-04,0.0,0.0,0.0,0.0,98.39286,60.489796,0.0,0.0,0.0,0.0,0.0
2017-07-05,0.0,0.0,0.0,0.0,89.10714,52.959183,0.0,0.0,0.0,0.0,0.0
2017-07-06,0.0,0.0,0.0,0.0,79.89286,46.367348,0.0,0.0,0.0,0.0,0.0
2017-07-07,0.0,0.0,0.0,0.0,68.35714,39.061226,0.0,0.0,0.0,0.0,0.0
2017-07-08,0.0,0.0,0.0,0.0,54.857143,31.34694,0.0,0.0,0.0,0.0,0.0
2017-07-09,0.0,0.0,0.0,0.0,39.035713,22.306122,0.0,0.0,0.0,0.0,0.0
2017-07-10,0.0,0.0,0.0,0.0,32.0,18.285715,0.0,0.0,0.0,0.0,0.0
2017-07-11,0.0,0.0,0.0,0.0,26.25,15.0,0.0,0.0,0.0,0.0,0.0
2017-07-12,0.0,0.0,0.0,0.0,21.535715,12.306123,0.0,0.0,0.0,0.0,0.0
2017-07-13,0.0,0.0,0.0,0.0,18.178572,10.387755,0.0,0.0,0.0,0.0,0.0
2017-07-14,0.0,0.0,0.0,0.0,14.428572,8.244898,0.0,0.0,0.0,0.0,0.0
2017-07-15,0.0,0.0,0.0,0.0,10.5,6.0,0.0,0.0,0.0,0.0,0.0
2017-07-16,0.0,0.0,0.0,0.0,7.178571,4.102041,0.0,0.0,0.0,0.0,0.0
2017-07-17,0.0,0.0,0.0,0.0,5.392857,3.0816326,0.0,0.0,0.0,0.0,0.0
2017-07-18,0.0,0.0,0.0,0.0,3.892857,2.2244897,0.0,0.0,0.0,0.0,0.0
2017-07-19,0.0,0.0,0.0,0.0,2.5714285,1.4693878,0.0,0.0,0.0,0.0,0.0
2017-07-20,0.0,0.0,0.0,0.0,1.2142857,0.6938776,0.0,0.0,0.0,0.0,0.0
2017-07-21,0.0,0.0,0.0,0.0,0.0,0.0,0.0,0.0,0.0,0.0,0.0
2017-07-22,0.0,0.0,0.0,0.0,0.0,0.0,0.0,0.0,0.0,0.0,0.0
2017-07-23,0.0,0.0,0.0,0.0,0.0,0.0,0.0,0.0,0.0,0.0,0.0
2017-07-24,0.0,0.0,0.0,0.0,0.0,0.0,0.0,0.0,0.0,0.0,0.0
2017-07-25,0.0,0.0,0.0,0.0,0.0,0.0,0.0,0.0,0.0,0.0,0.0
2017-07-26,0.0,0.0,0.0,0.0,0.0,0.0,0.0,0.0,0.0,0.0,0.0
2017-07-27,0.0,0.0,0.0,0.0,0.0,0.0,0.0,0.0,0.0,0.0,0.0
2017-07-28,0.0,0.0,0.0,0.0,0.0,0.0,0.0,0.0,0.0,0.0,0.0
2017-07-29,0.0,0.0,0.0,0.0,0.0,0.0,0.0,0.0,0.0,0.0,0.0
2017-07-30,0.0,0.0,0.0,0.0,0.0,0.0,0.0,0.0,0.0,0.0,0.0
2017-07-31,0.0,0.0,0.0,0.0,0.0,0.0,0.0,0.0,0.0,0.0,0.0
2017-08-01,0.0,0.0,0.0,0.0,0.0,0.0,0.0,0.0,0.0,0.0,0.0
2017-08-02,0.0,0.0,0.0,0.0,0.0,0.0,0.0,0.0,0.0,0.0,0.0
2017-08-03,0.0,0.0,0.0,0.0,0.0,0.0,0.0,0.0,0.0,0.0,0.0
2017-08-04,0.0,0.0,0.0,0.0,0.0,0.0,0.0,0.0,0.0,0.0,0.0
2017-08-05,0.0,0.0,0.0,0.0,0.0,0.0,0.0,0.0,0.0,0.0,0.0
2017-08-06,0.0,0.0,0.0,0.0,0.0,0.0,0.0,0.0,0.0,0.0,0.0
2017-08-07,0.0,0.0,0.0,0.0,0.0,0.0,0.0,0.0,0.0,0.0,0.0
2017-08-08,0.0,0.0,0.0,0.0,0.0,0.0,0.0,0.0,0.0,0.0,0.0
2017-08-09,0.0,0.0,0.0,0.0,0.0,0.0,0.0,0.0,0.0,0.0,0.0
2017-08-10,0.0,0.0,0.0,0.0,0.0,0.0,0.0,0.0,0.0,0.0,0.0
2017-08-11,0.0,0.0,0.0,0.0,0.0,0.0,0.0,0.0,0.0,0.0,0.0
2017-08-12,0.0,0.0,0.0,0.0,0.0,0.0,0.0,0.0,0.0,0.0,0.0
2017-08-13,0.0,0.0,0.0,0.0,0.0,0.0,0.0,0.0,0.0,0.0,0.0
2017-08-14,0.0,0.0,0.0,0.0,0.0,0.0,0.0,0.0,0.0,0.0,0.0
2017-08-15,0.0,0.0,0.0,0.0,0.0,0.0,0.0,0.0,0.0,0.0,0.0
2017-08-16,0.0,0.0,0.0,0.0,0.0,0.0,0.0,0.0,0.0,0.0,0.0
2017-08-17,0.0,0.0,0.0,0.0,0.0,0.0,0.0,0.0,0.0,0.0,0.0
2017-08-18,0.0,0.0,0.0,0.0,0.0,0.0,0.0,0.0,0.0,0.0,0.0
2017-08-19,0.0,0.0,0.0,0.0,0.0,0.0,0.0,0.0,0.0,0.0,0.0
2017-08-20,0.0,0.0,0.0,0.0,0.0,0.0,0.0,0.0,0.0,0.0,0.0
2017-08-21,0.0,0.0,0.0,0.0,0.0,0.0,0.0,0.0,0.0,0.0,0.0
2017-08-22,0.0,0.0,0.0,0.0,0.0,0.0,0.0,0.0,0.0,0.0,0.0
2017-08-23,0.0,0.0,0.0,0.0,0.0,0.0,0.0,0.0,0.0,0.0,0.0
2017-08-24,0.0,0.0,0.0,0.0,0.0,0.0,0.0,0.0,0.0,0.0,0.0
2017-08-25,0.0,0.0,0.0,0.0,0.0,0.0,0.0,0.0,0.0,0.0,0.0
2017-08-26,0.0,0.0,0.0,0.0,0.0,0.0,0.0,0.0,0.0,0.0,0.0
2017-08-27,0.0,0.0,0.0,0.0,0.0,0.0,0.0,0.0,0.0,0.0,0.0
2017-08-28,0.0,0.0,0.0,0.0,0.0,0.0,0.0,0.0,0.0,0.0,0.0
2017-08-29,0.0,0.0,0.0,0.0,0.0,0.0,0.0,0.0,0.0,0.0,0.0
2017-08-30,0.0,0.0,0.0,0.0,0.0,0.0,0.0,0.0,0.0,0.0,0.0
2017-08-31,0.0,0.0,0.0,0.0,0.0,0.0,0.0,0.0,0.0,0.0,0.0
2017-09-01,0.0,0.0,0.0,0.0,0.0,0.0,0.0,0.0,0.0,0.0,0.0
2017-09-02,0.0,0.0,0.0,0.0,0.0,0.0,0.0,0.0,0.0,0.0,0.0
2017-09-03,0.0,0.0,0.0,0.0,0.0,0.0,0.0,0.0,0.0,0.0,0.0
2017-09-04,0.0,0.0,0.0,0.0,0.0,0.0,0.0,0.0,0.0,0.0,0.0
2017-09-05,0.0,0.0,0.0,0.0,0.0,0.0,0.0,0.0,0.0,0.0,0.0
2017-09-06,0.0,0.0,0.0,0.0,0.0,0.0,0.0,0.0,0.0,0.0,0.0
2017-09-07,0.0,0.0,0.0,0.0,0.0,0.0,0.0,0.0,0.0,0.0,0.0
2017-09-08,0.0,0.0,0.0,0.0,0.0,0.0,0.0,0.0,0.0,0.0,0.0
2017-09-09,0.0,0.0,0.0,0.0,0.0,0.0,0.0,0.0,0.0,0.0,0.0
2017-09-10,0.0,0.0,0.0,0.0,0.0,0.0,0.0,0.0,0.0,0.0,0.0
2017-09-11,0.0,0.0,0.0,0.0,0.0,0.0,0.0,0.0,0.0,0.0,0.0
2017-09-12,0.0,0.0,0.0,0.0,0.0,0.0,0.0,0.0,0.0,0.0,0.0
2017-09-13,0.0,0.0,0.0,0.0,0.0,0.0,0.0,0.0,0.0,0.0,0.0
2017-09-14,0.0,0.0,0.0,0.0,0.0,0.0,0.0,0.0,0.0,0.0,0.0
2017-09-15,0.0,0.0,0.0,0.0,0.0,0.0,0.0,0.0,0.0,0.0,0.0
2017-09-16,0.0,0.0,0.0,0.0,0.0,0.0,0.0,0.0,0.0,0.0,0.0
2017-09-17,0.0,0.0,0.0,0.0,0.0,0.0,0.0,0.0,0.0,0.0,0.0
2017-09-18,0.0,0.0,0.0,0.0,0.0,0.0,0.0,0.0,0.0,0.0,0.0
2017-09-19,0.0,0.0,0.0,0.0,0.0,0.0,0.0,0.0,0.0,0.0,0.0
2017-09-20,0.0,0.0,0.0,0.0,0.0,0.0,0.0,0.0,0.0,0.0,0.0
2017-09-21,0.0,0.0,0.0,0.0,0.42857143,0.24489796,0.0,0.0,0.0,0.8,0.0
2017-09-22,0.5555556,0.886076,1.5,0.4,4.571429,3.489796,0.0,3.5,0.0,4.0,4.0
2017-09-23,0.5555556,0.7721519,1.25,0.33333334,4.714286,4.3265305,0.0,3.5,0.0,3.8,3.0
2017-09-24,0.5555556,0.62025315,0.0,0.0,4.428571,3.9795918,0.0,2.0,0.0,5.0,2.0
2017-09-25,0.44444445,0.32911393,0.0,0.0,3.642857,3.142857,0.0,0.0,0.0,2.8,0.0
2017-09-26,0.11111111,0.06329114,0.0,0.0,1.5357143,1.3469387,0.0,0.0,0.0,0.4,0.0
2017-09-27,0.0,0.0,0.0,0.0,0.75,0.42857143,0.0,0.0,0.0,0.0,0.0
2017-09-28,0.0,0.0,0.0,0.0,0.35714287,0.20408164,0.0,0.0,0.0,0.0,0.0
2017-09-29,0.0,0.0,0.0,0.0,0.0,0.0,0.0,0.0,0.0,0.0,0.0
2017-09-30,0.0,0.0,0.0,0.0,0.0,0.0,0.0,0.0,0.0,0.0,0.0
2017-10-01,0.0,0.0,0.0,0.0,0.0,0.0,0.0,0.0,0.0,0.0,0.0
2017-10-02,0.0,0.0,0.0,0.0,0.0,0.0,0.0,0.0,0.0,0.0,0.0
2017-10-03,0.0,0.0,0.0,0.0,0.0,0.0,0.0,0.0,0.0,0.0,0.0
2017-10-04,0.0,0.0,0.0,0.0,0.0,0.0,0.0,0.0,0.0,0.0,0.0
2017-10-05,0.0,0.0,0.0,0.0,0.0,0.0,0.0,0.0,0.0,0.0,0.0
2017-10-06,0.0,0.0,0.0,0.0,0.0,0.0,0.0,0.0,0.0,0.0,0.0
2017-10-07,0.0,0.0,0.0,0.0,0.0,0.0,0.0,0.0,0.0,0.0,0.0
2017-10-08,0.0,0.0,0.0,0.0,0.0,0.0,0.0,0.0,0.0,0.0,0.0
2017-10-09,0.0,0.0,0.0,0.0,0.0,0.0,0.0,0.0,0.0,0.0,0.0
2017-10-10,0.0,0.0,0.0,0.0,0.0,0.0,0.0,0.0,0.0,0.0,0.0
2017-10-11,0.0,0.0,0.0,0.0,0.0,0.0,0.0,0.0,0.0,0.0,0.0
2017-10-12,0.0,0.0,0.0,0.0,0.0,0.0,0.0,0.0,0.0,0.0,0.0
2017-10-13,0.0,0.0,0.0,0.0,0.0,0.0,0.0,0.0,0.0,0.0,0.0
2017-10-14,0.0,0.0,0.0,0.0,0.0,0.0,0.0,0.0,0.0,0.0,0.0
2017-10-15,0.0,0.0,0.0,0.0,0.0,0.0,0.0,0.0,0.0,0.0,0.0
2017-10-16,0.0,0.0,0.0,0.0,0.0,0.0,0.0,0.0,0.0,0.0,0.0
2017-10-17,0.0,0.0,0.0,0.0,0.0,0.0,0.0,0.0,0.0,0.0,0.0
2017-10-18,0.0,0.0,0.0,0.0,0.0,0.0,0.0,0.0,0.0,0.0,0.0
2017-10-19,0.0,0.0,0.0,0.0,0.0,0.0,0.0,0.0,0.0,0.0,0.0
2017-10-20,0.0,0.0,0.0,0.0,0.035714287,0.020408163,0.36363637,0.0,0.0,0.0,0.0
2017-10-21,1.2222222,0.0,0.0,0.0,2.142857,1.6938776,0.3939394,8.0,1.0,4.2,7.5
2017-10-22,0.22222222,0.0,0.0,0.0,0.89285713,0.63265306,0.27272728,5.0,0.0,2.4,7.5
2017-10-23,0.0,0.0,0.0,0.0,0.0,0.0,0.0,0.0,0.0,0.0,0.0
2017-10-24,0.0,0.0,0.0,0.0,0.0,0.0,0.0,0.0,0.0,0.0,0.0
2017-10-25,0.0,0.0,0.0,0.0,0.0,0.0,0.0,0.0,0.0,0.0,0.0
2017-10-26,0.0,0.0,0.0,0.0,0.0,0.0,0.0,0.0,0.0,0.0,0.0
2017-10-27,0.0,0.0,0.0,0.0,0.0,0.0,0.0,0.0,0.0,0.0,0.0
2017-10-28,0.0,0.0,0.0,0.0,0.0,0.0,0.0,0.0,0.0,0.0,0.0
2017-10-29,0.0,0.0,0.0,0.0,0.0,0.0,0.0,0.0,0.0,0.0,0.0
2017-10-30,0.0,0.0,0.0,0.0,0.0,0.0,0.0,0.0,0.0,0.0,0.0
2017-10-31,0.0,0.0,0.0,0.0,0.0,0.0,0.0,0.0,0.0,0.0,0.0
2017-11-01,0.0,0.0,0.0,0.0,0.0,0.0,0.0,0.0,0.0,0.0,0.0
2017-11-02,0.0,0.0,0.0,0.0,0.0,0.0,0.0,0.0,0.0,0.0,0.0
2017-11-03,0.0,0.0,0.0,0.0,0.0,0.0,0.0,0.0,0.0,0.0,0.0
2017-11-04,0.0,0.0,0.0,0.0,0.32142857,0.24489796,0.8787879,4.5,3.0,0.0,2.5
2017-11-05,0.0,0.0,0.0,0.0,1.6428572,1.4081633,2.4545455,13.5,5.0,0.8,8.0
2017-11-06,0.0,0.0,0.0,0.0,1.7857143,1.5510204,2.5151515,12.5,5.0,0.6,7.5
2017-11-07,0.0,0.025316456,0.0,0.0,1.7857143,1.4897959,2.6060605,11.5,4.0,0.6,7.5
2017-11-08,0.0,0.0,0.0,0.0,1.5357143,1.3061224,2.3636363,10.0,3.0,0.0,7.5
2017-11-09,0.0,0.0,0.0,0.0,1.0714285,0.8979592,1.7575758,12.0,5.0,0.0,8.0
2017-11-10,0.0,0.0,0.0,0.0,0.96428573,0.85714287,1.6060606,16.0,3.0,3.2,9.5
2017-11-11,0.0,0.0,0.0,0.0,0.96428573,0.85714287,1.4242424,15.0,2.0,2.8,9.5
2017-11-12,0.0,0.0,0.0,0.0,0.89285713,0.79591835,1.3939394,20.0,2.0,1.6,9.0
2017-11-13,0.0,0.0,0.0,0.0,0.53571427,0.4489796,1.2424242,17.5,0.0,0.0,7.5
2017-11-14,0.0,0.0,0.0,0.0,0.39285713,0.3265306,1.2121212,21.0,0.0,0.4,6.5
2017-11-15,0.0,0.0,0.0,0.0,0.39285713,0.26530612,1.1515151,20.0,0.0,0.6,6.0
2017-11-16,6.7777777,0.0,0.0,0.0,9.821428,7.5102043,3.8181818,53.0,46.0,33.4,34.0
2017-11-17,33.11111,3.658228,0.0,0.0,55.32143,41.938774,3.878788,113.5,104.0,81.0,90.5
2017-11-18,35.444443,4.886076,2.25,0.6,56.964287,43.877552,3.969697,116.5,113.0,83.4,88.0
2017-11-19,35.666668,4.316456,2.25,0.6,55.5,42.34694,3.7272727,121.5,114.0,84.0,96.0
2017-11-20,35.11111,3.4683545,0.0,0.0,57.392857,42.816326,3.4545455,118.5,114.0,82.6,84.5
2017-11-21,34.444443,2.2025316,0.0,0.0,57.892857,42.67347,3.3333333,123.0,123.0,82.0,83.5
2017-11-22,33.666668,0.6962025,0.0,0.0,57.214287,40.959183,2.8181818,118.5,118.0,77.2,79.5
2017-11-23,32.0,0.025316456,0.0,0.0,61.642857,46.612244,2.121212,110.0,111.0,73.4,73.0
2017-11-24,26.222221,0.0,0.0,0.0,53.785713,40.918365,1.5757576,102.5,103.0,68.6,80.5
2017-11-25,21.88889,0.0,0.0,0.0,48.285713,36.857143,1.1818181,97.5,99.0,65.0,74.5
2017-11-26,15.555555,0.0,0.0,0.0,39.892857,30.510204,0.8787879,95.5,99.0,62.4,65.0
2017-11-27,24.777779,0.0,0.0,0.0,54.57143,41.42857,0.8484849,160.5,193.0,70.6,68.0
2017-11-28,35.555557,2.5189874,4.75,1.8666667,54.5,38.34694,1.1818181,172.0,203.0,70.6,74.5
2017-11-29,35.333332,1.2531645,4.25,1.3333334,54.285713,38.142857,0.8787879,172.0,204.0,70.6,74.5
2017-11-30,34.77778,0.9113924,3.0,0.8,53.964287,40.10204,0.7878788,172.0,204.0,70.0,74.5
2017-12-01,32.666668,0.5443038,1.0,0.26666668,61.357143,46.530613,0.72727275,171.5,202.0,68.8,73.0
2017-12-02,30.777779,0.35443038,0.0,0.0,60.17857,45.67347,0.6666667,167.0,201.0,71.4,71.0
2017-12-03,29.777779,0.15189873,0.0,0.0,59.535713,45.30612,1.5454545,181.5,211.0,71.4,69.0
2017-12-04,30.333334,0.15189873,0.0,0.0,60.714287,44.10204,1.5454545,189.5,219.0,72.2,81.5
2017-12-05,30.333334,0.15189873,0.0,0.0,61.0,44.32653,1.6363636,181.5,219.0,72.6,82.0
2017-12-06,29.333334,0.15189873,0.0,0.0,61.07143,44.30612,1.3030303,181.5,219.0,72.6,82.0
2017-12-07,29.222221,0.15189873,0.0,0.0,60.214287,45.97959,0.72727275,182.0,219.0,73.0,82.0
2017-12-08,28.222221,0.15189873,0.0,0.0,59.17857,45.081635,0.57575756,184.5,218.0,73.4,83.0
2017-12-09,27.333334,0.07594936,0.0,0.0,56.857143,43.163265,0.45454547,186.5,216.0,72.6,80.5
2017-12-10,27.88889,0.03797468,0.0,0.0,54.92857,41.42857,0.36363637,185.5,214.0,73.0,79.0
2017-12-11,27.11111,0.0,0.0,0.0,53.107143,39.836735,0.27272728,181.5,212.0,72.0,76.5
2017-12-12,26.11111,0.0,0.0,0.0,51.285713,38.163265,0.121212125,178.5,211.0,70.6,76.0
2017-12-13,24.222221,0.0,0.0,0.0,48.107143,35.44898,0.0,173.0,209.0,68.8,75.0
2017-12-14,22.666666,0.0,0.0,0.0,45.107143,32.877552,0.0,169.0,208.0,66.6,71.5
2017-12-15,21.222221,0.0,0.0,0.0,42.285713,30.530613,0.0,163.5,204.0,62.8,67.5
2017-12-16,20.444445,0.0,0.0,0.0,40.535713,29.163265,0.0,161.0,207.0,59.4,62.0
2017-12-17,20.444445,0.0,0.0,0.0,40.535713,29.163265,0.0,161.0,207.0,61.8,62.5
2017-12-18,20.444445,0.0,0.0,0.0,40.535713,29.12245,0.0,161.0,207.0,62.0,62.0
2017-12-19,20.11111,0.0,0.0,0.0,40.25,28.816326,0.0,157.0,204.0,59.6,58.5
2017-12-20,19.88889,0.0,0.0,0.0,39.892857,28.489796,1.4545455,157.5,205.0,58.6,56.5
2017-12-21,22.222221,0.51898736,2.0,0.6666667,43.75,32.632652,1.4545455,168.5,214.0,66.6,63.0
2017-12-22,22.222221,0.51898736,2.0,0.6666667,43.714287,32.612244,1.3939394,170.0,214.0,66.8,63.0
2017-12-23,21.777779,0.39240506,0.5,0.2,44.642857,32.857143,1.4848485,176.0,216.0,66.6,67.5
2017-12-24,20.11111,0.25316456,0.0,0.0,43.5,31.142857,0.6969697,172.5,217.0,65.2,64.0
2017-12-25,19.222221,0.101265825,0.0,0.0,42.285713,30.183674,0.54545456,173.0,216.0,63.0,60.5
2017-12-26,18.88889,0.050632913,0.0,0.0,41.57143,29.67347,0.15151516,173.0,216.0,62.6,58.0
2017-12-27,18.11111,0.025316456,0.0,0.0,40.82143,28.979591,0.0,171.0,212.0,59.0,54.0
2017-12-28,17.88889,0.0,0.0,0.0,39.82143,28.204082,0.0,167.0,210.0,57.2,50.0
2017-12-29,16.555555,0.0,0.0,0.0,37.57143,26.367348,0.0,159.5,206.0,52.8,44.5
2017-12-30,14.666667,0.0,0.0,0.0,34.607143,24.102041,0.0,153.5,204.0,47.4,36.0
2017-12-31,13.444445,0.0,0.0,0.0,32.92857,22.816326,0.0,152.5,206.0,44.2,30.5
2018-01-01,12.666667,0.0,0.0,0.0,32.07143,22.061224,0.0,149.0,205.0,41.6,27.5
2018-01-02,12.0,0.0,0.0,0.0,31.285715,21.306122,0.0,143.0,201.0,38.4,24.0
2018-01-03,11.333333,0.0,0.0,0.0,30.392857,20.571428,0.0,137.5,198.0,36.2,21.0
2018-01-04,10.777778,0.0,0.0,0.0,29.428572,19.836735,0.0,133.0,196.0,32.8,17.5
2018-01-05,10.666667,0.012658228,0.0,0.0,30.714285,20.816326,0.0,140.0,210.0,34.6,16.5
2018-01-06,11.555555,0.012658228,0.0,0.0,33.5,23.67347,0.0,135.5,205.0,37.4,14.5
2018-01-07,20.0,0.07594936,0.0,0.0,53.464287,42.265305,0.0,155.0,218.0,53.4,22.5
2018-01-08,20.0,0.1392405,0.0,0.0,58.714287,45.77551,0.0,154.5,215.0,55.8,21.5
2018-01-09,41.0,6.974684,0.25,0.06666667,99.07143,82.18367,0.121212125,148.0,204.0,58.2,18.5
2018-01-10,43.555557,20.215189,9.5,3.1333334,105.96429,88.65306,0.09090909,151.0,213.0,61.6,17.0
2018-01-11,42.88889,20.481012,9.75,3.2,106.85714,89.67347,0.09090909,152.5,217.0,62.6,19.0
2018-01-12,41.11111,19.0,8.5,2.4666667,108.42857,90.83673,0.060606062,149.5,213.0,62.2,18.5
2018-01-13,40.0,16.670887,7.0,1.8666667,112.85714,93.408165,0.0,142.5,207.0,59.8,16.5
2018-01-14,40.22222,14.696202,4.25,1.1333333,118.96429,96.89796,0.0,137.5,204.0,56.8,13.5
2018-01-15,40.666668,11.873418,2.0,0.53333336,116.32143,94.55102,0.0,130.5,197.0,53.2,10.0
2018-01-16,40.666668,9.49367,0.25,0.06666667,112.10714,90.22449,0.0,126.0,195.0,50.0,6.0
2018-01-17,39.22222,8.329114,0.0,0.0,109.21429,87.38776,0.0,125.5,197.0,48.8,5.0
2018-01-18,36.22222,6.721519,0.0,0.0,102.53571,80.734695,0.0,122.0,200.0,44.8,1.0
2018-01-19,35.444443,5.481013,0.0,0.0,112.78571,91.87755,0.4848485,154.0,240.0,51.6,14.5
2018-01-20,40.22222,9.772152,17.25,5.9333334,122.78571,101.20408,0.6060606,157.0,242.0,61.0,23.0
2018-01-21,40.333332,10.151898,16.75,5.8,123.07143,101.36735,0.6060606,157.0,242.0,61.0,23.0
2018-01-22,40.333332,9.898734,17.25,5.9333334,123.07143,101.34694,3.1515152,160.5,248.0,61.0,23.0
2018-01-23,40.77778,9.70886,16.25,5.4666667,124.35714,102.44898,5.4545455,163.5,248.0,61.0,23.0
2018-01-24,41.22222,9.050632,13.25,4.5333333,124.57143,102.18367,5.3333335,167.0,248.0,61.6,23.0
2018-01-25,58.333332,8.6075945,9.0,3.2,137.46428,113.755104,10.30303,196.0,290.0,80.0,48.5
2018-01-26,66.77778,10.772152,15.5,5.866667,148.10715,121.77551,16.212122,215.5,309.0,90.6,60.5
2018-01-27,67.0,10.683544,15.5,5.733333,148.21428,121.12245,17.09091,215.5,309.0,91.0,60.5
2018-01-28,67.0,9.911392,12.0,4.3333335,148.5,121.5102,15.272727,215.5,306.0,90.8,61.0
2018-01-29,67.888885,6.987342,3.5,1.1333333,141.57143,114.30612,10.121212,220.0,303.0,89.0,59.0
2018-01-30,60.0,5.063291,0.0,0.0,129.82143,103.04082,6.969697,214.5,296.0,85.8,54.5
2018-01-31,50.77778,4.063291,0.0,0.0,121.42857,94.591835,4.3030305,198.5,290.0,80.0,49.5
2018-02-01,46.22222,3.21519,0.0,0.0,112.28571,86.02041,2.969697,187.0,286.0,74.0,41.5
2018-02-02,40.0,2.4303796,0.0,0.0,101.57143,76.20408,1.1515151,174.0,278.0,67.6,33.5
2018-02-03,35.444443,1.6835443,0.0,0.0,93.60714,68.755104,0.4848485,163.5,271.0,62.4,24.0
2018-02-04,32.333332,1.0759493,0.0,0.0,89.25,64.918365,0.030303031,155.5,264.0,57.4,15.5
2018-02-05,29.333334,0.79746836,0.0,0.0,85.89286,62.22449,0.0,144.0,254.0,52.8,5.0
2018-02-06,27.222221,0.6708861,0.0,0.0,83.64286,60.30612,0.0,136.5,250.0,48.6,0.5
2018-02-07,26.333334,0.6329114,0.0,0.0,82.60714,59.061226,0.0,131.0,244.0,46.8,0.0
2018-02-08,24.333334,0.5822785,0.0,0.0,79.35714,56.34694,0.0,122.0,237.0,42.0,0.0
2018-02-09,22.333334,0.443038,0.0,0.0,75.42857,52.97959,0.0,111.5,231.0,36.6,0.0
2018-02-10,21.0,0.34177214,0.0,0.0,72.57143,50.367348,0.0,101.0,225.0,32.4,0.0
2018-02-11,21.0,0.34177214,0.0,0.0,72.32143,50.183674,0.0,101.5,227.0,32.4,0.0
2018-02-12,21.0,0.34177214,0.0,0.0,72.42857,50.2449,0.0,101.5,228.0,32.4,0.0
2018-02-13,23.11111,0.32911393,0.0,0.0,67.82143,48.469387,0.0,108.0,234.0,34.0,1.0
2018-02-14,23.11111,0.32911393,0.0,0.0,67.32143,48.10204,0.0,108.5,234.0,32.6,1.0
2018-02-15,23.11111,0.32911393,0.0,0.0,67.32143,48.040817,0.0,108.5,234.0,32.6,1.0
2018-02-16,23.11111,0.34177214,0.0,0.0,67.14286,47.89796,0.0,108.5,234.0,32.8,1.0
2018-02-17,23.0,0.35443038,0.0,0.0,67.60714,47.530613,0.0,104.5,230.0,32.0,0.5
2018-02-18,21.88889,0.35443038,0.0,0.0,75.17857,51.489796,0.0,98.5,228.0,31.6,0.0
2018-02-19,22.222221,0.35443038,0.0,0.0,67.0,46.89796,0.18181819,104.0,233.0,34.8,7.0
2018-02-20,22.777779,0.5063291,1.25,0.53333336,67.35714,47.510204,0.18181819,104.0,233.0,35.4,7.0
2018-02-21,22.666666,0.49367088,1.25,0.53333336,67.28571,47.42857,0.18181819,104.0,233.0,35.4,7.0
2018-02-22,22.88889,0.5063291,1.25,0.46666667,67.67857,47.65306,0.18181819,105.0,234.0,35.4,7.0
2018-02-23,32.88889,2.6455696,5.5,2.8,78.71429,59.489796,2.6666667,118.5,247.0,47.4,17.5
2018-02-24,32.88889,2.9240506,6.0,3.1333334,78.71429,59.489796,2.5454545,118.5,247.0,47.4,17.5
2018-02-25,32.88889,2.9113925,6.0,3.0,78.53571,59.387756,2.4848485,119.0,247.0,48.8,18.0
2018-02-26,32.88889,2.886076,6.0,2.2666667,78.53571,59.32653,3.8484848,120.0,248.0,49.8,18.0
2018-02-27,39.666668,4.721519,11.75,4.4666667,85.39286,66.38776,5.0,141.0,268.0,61.4,35.0
2018-02-28,40.11111,6.405063,17.75,7.6666665,86.60714,67.32653,4.848485,141.0,268.0,61.4,35.0
2018-03-01,40.555557,6.316456,17.75,7.2,88.17857,69.53061,18.69697,145.0,272.0,63.0,40.0
2018-03-02,84.44444,10.594936,29.25,11.066667,147.5,123.38776,48.030304,201.0,329.0,96.6,80.5
2018-03-03,108.888885,19.72152,59.0,20.8,189.5,161.89796,52.060608,250.0,382.0,135.0,111.0
2018-03-04,122.111115,31.025316,81.5,32.866665,199.75,172.44897,56.484848,263.0,395.0,147.0,118.5
2018-03-05,122.111115,31.607595,80.5,32.4,199.75,172.44897,56.484848,264.0,394.0,149.4,121.5
2018-03-06,122.22222,31.215189,80.0,30.8,199.92857,172.51021,55.424244,263.5,392.0,149.2,121.5
2018-03-07,122.333336,28.58228,73.75,26.066668,202.21428,173.12245,48.454544,263.5,390.0,149.0,121.5
2018-03-08,122.0,25.822784,66.25,23.533333,204.35715,173.71428,43.424244,257.5,378.0,148.8,121.5
2018-03-09,121.111115,22.177216,56.25,20.533333,205.46428,173.87755,40.303032,257.5,376.0,146.8,121.5
2018-03-10,118.77778,18.189873,47.75,17.933332,206.57143,174.2653,37.333332,258.0,375.0,145.6,121.5
2018-03-11,117.333336,22.962025,45.5,17.333334,208.0,174.57143,33.575756,262.0,378.0,149.6,127.5
2018-03-12,114.22222,20.56962,37.5,14.533334,210.5,175.36734,27.30303,258.5,372.0,147.0,127.5
2018-03-13,110.55556,16.924051,33.0,11.933333,213.85715,178.34694,20.666666,263.0,375.0,143.6,128.0
2018-03-14,121.55556,17.303797,29.75,10.0,242.57143,208.83673,33.18182,290.0,407.0,166.2,146.0
2018-03-15,132.66667,19.367088,39.25,13.866667,250.82143,217.08163,45.39394,316.0,435.0,173.6,158.0
2018-03-16,135.22223,20.98734,41.75,14.666667,253.53572,219.93878,61.696968,357.5,484.0,195.4,181.5
2018-03-17,155.33333,30.86076,64.25,23.133333,275.0357,243.2653,71.15151,417.0,552.0,238.2,218.5
2018-03-18,157.88889,32.07595,66.0,23.866667,280.85715,249.12245,72.606064,421.5,560.0,240.0,223.5
2018-03-19,157.88889,32.02532,66.0,23.866667,281.60715,246.95918,70.878784,423.0,561.0,242.4,224.5
2018-03-20,157.66667,31.0,63.25,22.133333,282.0357,249.51021,67.36364,422.0,561.0,242.8,224.5
2018-03-21,165.0,31.037975,53.5,19.466667,290.5357,257.2245,65.06061,447.0,591.0,257.2,234.5
2018-03-22,194.88889,48.949368,66.75,24.933332,326.39285,290.87756,58.727272,495.0,635.0,277.6,251.0
2018-03-23,260.1111,70.898735,84.75,32.666668,381.2143,346.38776,61.363636,544.0,669.0,331.8,311.0
2018-03-24,260.0,69.20253,84.75,32.6,383.5357,347.57144,65.72727,543.5,669.0,331.6,311.0
2018-03-25,260.8889,68.83544,84.75,32.6,385.9643,350.7143,67.393936,567.0,701.0,338.0,324.5
2018-03-26,261.77777,68.417725,86.0,33.2,388.0357,352.4898,69.0,569.0,702.0,337.6,326.0
2018-03-27,261.66666,68.417725,85.75,33.066666,388.17856,352.44897,67.78788,569.5,702.0,337.6,326.0
2018-03-28,260.66666,65.68355,85.25,32.533333,389.7143,352.32654,58.636364,572.5,702.0,336.4,326.0
2018-03-29,256.44446,60.79747,85.25,30.666666,390.2143,351.32654,45.18182,568.0,693.0,326.0,326.0
2018-03-30,251.33333,55.848103,85.25,28.066668,389.5,350.2245,32.636364,562.0,679.0,314.4,326.0
2018-03-31,244.0,46.898735,81.25,24.2,387.32144,348.93878,24.515152,556.0,664.0,301.4,326.0
2018-04-01,237.44444,39.481014,74.0,19.733334,386.85715,348.83673,19.0,553.5,655.0,290.4,326.0
2018-04-02,231.77777,31.86076,56.0,14.933333,385.60715,348.5102,15.272727,544.0,638.0,274.2,326.0
2018-04-03,230.22223,27.974684,45.0,12.0,384.39285,347.91837,13.181818,536.0,625.0,264.6,322.5
2018-04-04,227.22223,24.822784,39.25,10.466666,383.57144,346.2857,10.606061,522.0,606.0,255.2,317.0
2018-04-05,223.0,20.696203,33.75,9.0,385.75,346.40817,7.818182,495.5,590.0,240.2,306.0
2018-04-06,219.11111,16.924051,28.0,7.4666667,380.75,339.97958,6.878788,476.0,576.0,224.8,293.5
2018-04-07,217.66667,13.07595,22.0,5.866667,387.42856,341.85715,6.3636365,461.5,560.0,213.4,293.5
2018-04-08,222.88889,11.379746,20.5,5.4666667,399.60715,349.63266,6.060606,449.5,531.0,208.2,285.0
2018-04-09,224.0,10.126582,16.5,4.4,394.67856,344.44897,5.3939395,444.5,532.0,212.0,271.5
2018-04-10,226.33333,7.531646,7.75,2.0666666,384.14285,331.61224,3.7878788,422.5,511.0,192.2,246.0
2018-04-11,216.0,4.886076,0.0,0.0,377.89285,321.67346,3.2727273,411.5,503.0,174.0,224.5
2018-04-12,217.66667,4.78481,0.0,0.0,370.2143,318.5306,4.121212,423.5,514.0,180.4,224.0
2018-04-13,217.77777,5.151899,0.0,0.0,368.39285,317.73468,4.151515,424.0,514.0,180.0,227.0
2018-04-14,217.55556,4.734177,0.0,0.0,358.0357,310.9592,3.4848485,423.0,512.0,180.0,225.5
2018-04-15,213.0,4.518987,0.0,0.0,347.0,300.2245,2.7272727,409.5,506.0,173.0,208.0
2018-04-16,212.77777,4.35443,0.0,0.0,342.2857,299.63266,3.090909,447.0,547.0,181.8,215.0
2018-04-17,223.11111,4.962025,4.75,1.2666667,350.35715,309.14285,5.5454545,461.0,552.0,180.0,219.5
2018-04-18,223.33333,4.974684,4.75,1.2666667,351.0,309.06122,5.4545455,463.5,553.0,181.2,217.5
2018-04-19,223.0,4.531646,4.75,1.2666667,351.92856,308.93878,5.3030305,465.5,554.0,181.0,215.0
2018-04-20,223.88889,4.759494,2.75,0.73333335,349.42856,306.44897,3.7878788,464.0,554.0,190.0,214.0
2018-04-21,220.11111,4.088608,3.25,0.8666667,348.32144,301.61224,2.3333333,441.5,541.0,183.8,193.5
2018-04-22,210.0,3.6962025,0.0,0.0,334.67856,286.1837,0.8181818,396.0,513.0,170.0,157.5
2018-04-23,198.22223,2.493671,0.0,0.0,350.42856,289.87756,0.0,368.5,494.0,154.8,120.0
2018-04-24,187.66667,1.607595,0.0,0.0,331.67856,271.16327,0.0,339.5,464.0,142.4,93.0
2018-04-25,180.22223,0.8607595,0.0,0.0,337.0357,265.44897,0.0,296.5,427.0,126.8,69.0
2018-04-26,167.33333,0.25316456,0.0,0.0,320.32144,246.51021,0.0,243.5,392.0,105.0,50.5
2018-04-27,155.55556,0.1392405,0.0,0.0,289.7143,214.18367,0.0,205.0,353.0,79.0,24.5
2018-04-28,153.11111,0.06329114,0.0,0.0,269.0357,198.10204,0.0,190.0,327.0,73.0,18.0
2018-04-29,151.77777,0.050632913,0.0,0.0,267.60715,195.10204,0.030303031,183.5,312.0,70.2,16.0
2018-04-30,151.77777,0.050632913,0.0,0.0,265.5357,193.7551,0.060606062,183.0,309.0,70.2,15.0
2018-05-01,147.11111,0.050632913,0.0,0.0,267.4643,194.89796,0.0,180.0,301.0,73.4,16.0
2018-05-02,148.22223,1.0632912,0.75,0.2,233.0,175.16327,0.0,168.0,281.0,71.2,11.5
2018-05-03,147.0,0.6708861,0.5,0.13333334,253.25,184.79591,0.0,150.0,250.0,65.6,4.5
2018-05-04,148.44444,0.06329114,0.0,0.0,253.10715,182.61224,0.0,125.0,219.0,54.8,0.0
2018-05-05,139.55556,0.0,0.0,0.0,257.0357,182.38776,0.0,98.5,194.0,43.2,0.0
2018-05-06,122.666664,0.0,0.0,0.0,253.78572,177.20409,0.0,73.0,173.0,21.2,0.0
2018-05-07,90.22222,0.0,0.0,0.0,239.85715,166.42857,0.0,57.0,153.0,5.4,0.0
2018-05-08,73.333336,0.0,0.0,0.0,221.92857,152.81633,0.0,41.0,128.0,0.0,0.0
2018-05-09,60.22222,0.0,0.0,0.0,198.71428,135.38776,0.0,21.5,99.0,0.0,0.0
2018-05-10,51.555557,0.0,0.0,0.0,185.25,124.77551,0.0,8.5,76.0,0.0,0.0
2018-05-11,43.0,0.0,0.0,0.0,174.60715,117.061226,0.0,0.0,57.0,0.0,0.0
2018-05-12,42.11111,0.0,0.0,0.0,171.78572,114.938774,0.0,0.0,49.0,0.0,0.0
2018-05-13,41.333332,0.0,0.0,0.0,158.64285,107.32653,0.0,0.0,43.0,0.0,0.0
2018-05-14,40.666668,0.0,0.0,0.0,168.25,112.18367,0.0,0.0,55.0,0.0,0.0
2018-05-15,38.22222,0.0,0.0,0.0,163.39285,108.55102,0.0,0.0,32.0,0.0,0.0
2018-05-16,35.11111,0.0,0.0,0.0,159.03572,105.38776,0.0,0.0,9.0,0.0,0.0
2018-05-17,34.22222,0.0,0.0,0.0,158.67857,105.10204,0.0,0.0,0.0,0.0,0.0
2018-05-18,31.666666,0.0,0.0,0.0,156.21428,103.32653,0.0,0.0,0.0,0.0,0.0
2018-05-19,27.777779,0.0,0.0,0.0,149.35715,98.38776,0.0,0.0,0.0,0.0,0.0
2018-05-20,24.666666,0.0,0.0,0.0,141.64285,93.10204,0.0,0.0,0.0,0.0,0.0
2018-05-21,22.555555,0.0,0.0,0.0,136.0,89.16327,0.0,0.0,0.0,0.0,0.0
2018-05-22,22.222221,0.0,0.0,0.0,133.5,87.28571,0.0,0.0,0.0,0.0,0.0
2018-05-23,20.444445,0.0,0.0,0.0,127.89286,83.38776,0.0,0.0,0.0,0.0,0.0
2018-05-24,18.666666,0.0,0.0,0.0,120.07143,77.97959,0.0,0.0,0.0,0.0,0.0
2018-05-25,16.666666,0.0,0.0,0.0,111.96429,72.28571,0.0,0.0,0.0,0.0,0.0
2018-05-26,16.555555,0.0,0.0,0.0,112.35714,72.55102,0.0,0.0,0.0,0.2,0.0
2018-05-27,16.444445,0.0,0.0,0.0,112.25,72.42857,0.0,0.0,0.0,0.0,0.0
2018-05-28,15.777778,0.0,0.0,0.0,108.42857,69.591835,0.0,0.0,0.0,0.0,0.0
2018-05-29,13.111111,0.0,0.0,0.0,97.28571,61.57143,0.0,0.0,0.0,0.0,0.0
2018-05-30,9.333333,0.0,0.0,0.0,82.28571,50.7551,0.0,0.0,0.0,0.0,0.0
2018-05-31,6.888889,0.0,0.0,0.0,73.64286,44.285713,0.0,0.0,0.0,0.0,0.0
2018-06-01,6.2222223,0.0,0.0,0.0,72.46429,43.44898,0.0,0.0,0.0,0.0,0.0
2018-06-02,4.3333335,0.0,0.0,0.0,67.67857,40.2449,0.0,0.0,0.0,0.0,0.0
2018-06-03,0.22222222,0.0,0.0,0.0,57.32143,33.44898,0.0,0.0,0.0,0.0,0.0
2018-06-04,0.0,0.0,0.0,0.0,47.642857,27.22449,0.0,0.0,0.0,0.0,0.0
2018-06-05,0.0,0.0,0.0,0.0,40.214287,22.979591,0.0,0.0,0.0,0.0,0.0
2018-06-06,0.0,0.0,0.0,0.0,33.964287,19.408163,0.0,0.0,0.0,0.0,0.0
2018-06-07,0.0,0.0,0.0,0.0,30.357143,17.34694,0.0,0.0,0.0,0.0,0.0
2018-06-08,0.0,0.0,0.0,0.0,27.535715,15.734694,0.0,0.0,0.0,0.0,0.0
2018-06-09,0.0,0.0,0.0,0.0,23.928572,13.67347,0.0,0.0,0.0,0.0,0.0
2018-06-10,0.0,0.0,0.0,0.0,22.785715,13.020409,0.0,0.0,0.0,0.0,0.0
2018-06-11,0.0,0.0,0.0,0.0,21.678572,12.387755,0.0,0.0,0.0,0.0,0.0
2018-06-12,0.0,0.0,0.0,0.0,18.642857,10.653061,0.0,0.0,0.0,0.0,0.0
2018-06-13,0.0,0.0,0.0,0.0,13.821428,7.897959,0.0,0.0,0.0,0.0,0.0
2018-06-14,0.0,0.0,0.0,0.0,9.714286,5.5510206,0.0,0.0,0.0,0.0,0.0
2018-06-15,0.0,0.0,0.0,0.0,6.964286,3.9795918,0.0,0.0,0.0,0.0,0.0
2018-06-16,0.0,0.0,0.0,0.0,5.357143,3.0612245,0.0,0.0,0.0,0.0,0.0
2018-06-17,0.0,0.0,0.0,0.0,4.857143,2.7755103,0.0,0.0,0.0,0.0,0.0
2018-06-18,0.0,0.0,0.0,0.0,4.821429,2.7551022,0.0,0.0,0.0,0.0,0.0
2018-06-19,0.0,0.0,0.0,0.0,4.535714,2.5918367,0.0,0.0,0.0,0.0,0.0
2018-06-20,0.0,0.0,0.0,0.0,3.6785715,2.1020408,0.0,0.0,0.0,0.0,0.0
2018-06-21,0.0,0.0,0.0,0.0,2.357143,1.3469387,0.0,0.0,0.0,0.0,0.0
2018-06-22,0.0,0.0,0.0,0.0,1.0357143,0.59183675,0.0,0.0,0.0,0.0,0.0
2018-06-23,0.0,0.0,0.0,0.0,0.0,0.0,0.0,0.0,0.0,0.0,0.0
2018-06-24,0.0,0.0,0.0,0.0,0.0,0.0,0.0,0.0,0.0,0.0,0.0
2018-06-25,0.0,0.0,0.0,0.0,0.0,0.0,0.0,0.0,0.0,0.0,0.0
2018-06-26,0.0,0.0,0.0,0.0,0.0,0.0,0.0,0.0,0.0,0.0,0.0
2018-06-27,0.0,0.0,0.0,0.0,0.0,0.0,0.0,0.0,0.0,0.0,0.0
2018-06-28,0.0,0.0,0.0,0.0,0.0,0.0,0.0,0.0,0.0,0.0,0.0
2018-06-29,0.0,0.0,0.0,0.0,0.0,0.0,0.0,0.0,0.0,0.0,0.0
2018-06-30,0.0,0.0,0.0,0.0,0.0,0.0,0.0,0.0,0.0,0.0,0.0
2018-07-01,0.0,0.0,0.0,0.0,0.0,0.0,0.0,0.0,0.0,0.0,0.0
2018-07-02,0.0,0.0,0.0,0.0,0.0,0.0,0.0,0.0,0.0,0.0,0.0
2018-07-03,0.0,0.0,0.0,0.0,0.0,0.0,0.0,0.0,0.0,0.0,0.0
2018-07-04,0.0,0.0,0.0,0.0,0.0,0.0,0.0,0.0,0.0,0.0,0.0
2018-07-05,0.0,0.0,0.0,0.0,0.0,0.0,0.0,0.0,0.0,0.0,0.0
2018-07-06,0.0,0.0,0.0,0.0,0.0,0.0,0.0,0.0,0.0,0.0,0.0
2018-07-07,0.0,0.0,0.0,0.0,0.0,0.0,0.0,0.0,0.0,0.0,0.0
2018-07-08,0.0,0.0,0.0,0.0,0.0,0.0,0.0,0.0,0.0,0.0,0.0
2018-07-09,0.0,0.0,0.0,0.0,0.0,0.0,0.0,0.0,0.0,0.0,0.0
2018-07-10,0.0,0.0,0.0,0.0,0.0,0.0,0.0,0.0,0.0,0.0,0.0
2018-07-11,0.0,0.0,0.0,0.0,0.0,0.0,0.0,0.0,0.0,0.0,0.0
2018-07-12,0.0,0.0,0.0,0.0,0.0,0.0,0.0,0.0,0.0,0.0,0.0
2018-07-13,0.0,0.0,0.0,0.0,0.0,0.0,0.0,0.0,0.0,0.0,0.0
2018-07-14,0.0,0.0,0.0,0.0,0.0,0.0,0.0,0.0,0.0,0.0,0.0
2018-07-15,0.0,0.0,0.0,0.0,0.0,0.0,0.0,0.0,0.0,0.0,0.0
2018-07-16,0.0,0.0,0.0,0.0,0.0,0.0,0.0,0.0,0.0,0.0,0.0
2018-07-17,0.0,0.0,0.0,0.0,0.0,0.0,0.0,0.0,0.0,0.0,0.0
2018-07-18,0.0,0.0,0.0,0.0,0.0,0.0,0.0,0.0,0.0,0.0,0.0
2018-07-19,0.0,0.0,0.0,0.0,0.0,0.0,0.0,0.0,0.0,0.0,0.0
2018-07-20,0.0,0.0,0.0,0.0,0.0,0.0,0.0,0.0,0.0,0.0,0.0
2018-07-21,0.0,0.0,0.0,0.0,0.0,0.0,0.0,0.0,0.0,0.0,0.0
2018-07-22,0.0,0.0,0.0,0.0,0.0,0.0,0.0,0.0,0.0,0.0,0.0
2018-07-23,0.0,0.0,0.0,0.0,0.0,0.0,0.0,0.0,0.0,0.0,0.0
2018-07-24,0.0,0.0,0.0,0.0,0.0,0.0,0.0,0.0,0.0,0.0,0.0
2018-07-25,0.0,0.0,0.0,0.0,0.0,0.0,0.0,0.0,0.0,0.0,0.0
2018-07-26,0.0,0.0,0.0,0.0,0.0,0.0,0.0,0.0,0.0,0.0,0.0
2018-07-27,0.0,0.0,0.0,0.0,0.0,0.0,0.0,0.0,0.0,0.0,0.0
2018-07-28,0.0,0.0,0.0,0.0,0.0,0.0,0.0,0.0,0.0,0.0,0.0
2018-07-29,0.0,0.0,0.0,0.0,0.0,0.0,0.0,0.0,0.0,0.0,0.0
2018-07-30,0.0,0.0,0.0,0.0,0.0,0.0,0.0,0.0,0.0,0.0,0.0
2018-07-31,0.0,0.0,0.0,0.0,0.0,0.0,0.0,0.0,0.0,0.0,0.0
2018-08-01,0.0,0.0,0.0,0.0,0.0,0.0,0.0,0.0,0.0,0.0,0.0
2018-08-02,0.0,0.0,0.0,0.0,0.0,0.0,0.0,0.0,0.0,0.0,0.0
2018-08-03,0.0,0.0,0.0,0.0,0.0,0.0,0.0,0.0,0.0,0.0,0.0
2018-08-04,0.0,0.0,0.0,0.0,0.0,0.0,0.0,0.0,0.0,0.0,0.0
2018-08-05,0.0,0.0,0.0,0.0,0.0,0.0,0.0,0.0,0.0,0.0,0.0
2018-08-06,0.0,0.0,0.0,0.0,0.0,0.0,0.0,0.0,0.0,0.0,0.0
2018-08-07,0.0,0.0,0.0,0.0,0.0,0.0,0.0,0.0,0.0,0.0,0.0
2018-08-08,0.0,0.0,0.0,0.0,0.0,0.0,0.0,0.0,0.0,0.0,0.0
2018-08-09,0.0,0.0,0.0,0.0,0.0,0.0,0.0,0.0,0.0,0.0,0.0
2018-08-10,0.0,0.0,0.0,0.0,0.0,0.0,0.0,0.0,0.0,0.0,0.0
2018-08-11,0.0,0.0,0.0,0.0,0.0,0.0,0.0,0.0,0.0,0.0,0.0
2018-08-12,0.0,0.0,0.0,0.0,0.0,0.0,0.0,0.0,0.0,0.0,0.0
2018-08-13,0.0,0.0,0.0,0.0,0.0,0.0,0.0,0.0,0.0,0.0,0.0
2018-08-14,0.0,0.0,0.0,0.0,0.0,0.0,0.0,0.0,0.0,0.0,0.0
2018-08-15,0.0,0.0,0.0,0.0,0.0,0.0,0.0,0.0,0.0,0.0,0.0
2018-08-16,0.0,0.0,0.0,0.0,0.0,0.0,0.0,0.0,0.0,0.0,0.0
2018-08-17,0.0,0.0,0.0,0.0,0.0,0.0,0.0,0.0,0.0,0.0,0.0
2018-08-18,0.0,0.0,0.0,0.0,0.0,0.0,0.0,0.0,0.0,0.0,0.0
2018-08-19,0.0,0.0,0.0,0.0,0.0,0.0,0.0,0.0,0.0,0.0,0.0
2018-08-20,0.0,0.0,0.0,0.0,0.0,0.0,0.0,0.0,0.0,0.0,0.0
2018-08-21,0.0,0.0,0.0,0.0,0.0,0.0,0.0,0.0,0.0,0.0,0.0
2018-08-22,0.0,0.0,0.0,0.0,0.0,0.0,0.0,0.0,0.0,0.0,0.0
2018-08-23,0.0,0.0,0.0,0.0,0.0,0.0,0.0,0.0,0.0,0.0,0.0
2018-08-24,0.0,0.0,0.0,0.0,0.0,0.0,0.0,0.0,0.0,0.0,0.0
2018-08-25,0.0,0.0,0.0,0.0,0.0,0.0,0.0,0.0,0.0,0.0,0.0
2018-08-26,0.0,0.0,0.0,0.0,0.0,0.0,0.0,0.0,0.0,0.0,0.0
2018-08-27,0.0,0.0,0.0,0.0,0.0,0.0,0.0,0.0,0.0,0.0,0.0
2018-08-28,0.0,0.0,0.0,0.0,0.0,0.0,0.0,0.0,0.0,0.0,0.0
2018-08-29,0.0,0.0,0.0,0.0,0.0,0.0,0.0,0.0,0.0,0.0,0.0
2018-08-30,0.0,0.0,0.0,0.0,0.0,0.0,0.0,0.0,0.0,0.0,0.0
2018-08-31,0.0,0.0,0.0,0.0,0.0,0.0,0.0,0.0,0.0,0.0,0.0
2018-09-01,0.0,0.0,0.0,0.0,0.0,0.0,0.0,0.0,0.0,0.0,0.0
2018-09-02,0.0,0.0,0.0,0.0,0.0,0.0,0.0,0.0,0.0,0.0,0.0
2018-09-03,0.0,0.0,0.0,0.0,0.0,0.0,0.0,0.0,0.0,0.0,0.0
2018-09-04,0.0,0.0,0.0,0.0,0.0,0.0,0.0,0.0,0.0,0.0,0.0
2018-09-05,0.0,0.0,0.0,0.0,0.0,0.0,0.0,0.0,0.0,0.0,0.0
2018-09-06,0.0,0.0,0.0,0.0,0.0,0.0,0.0,0.0,0.0,0.0,0.0
2018-09-07,0.0,0.0,0.0,0.0,0.0,0.0,0.0,0.0,0.0,0.0,0.0
2018-09-08,0.0,0.0,0.0,0.0,0.0,0.0,0.0,0.0,0.0,0.0,0.0
2018-09-09,0.0,0.0,0.0,0.0,0.0,0.0,0.0,0.0,0.0,0.0,0.0
2018-09-10,0.0,0.0,0.0,0.0,0.0,0.0,0.0,0.0,0.0,0.0,0.0
2018-09-11,0.0,0.0,0.0,0.0,0.0,0.0,0.0,0.0,0.0,0.0,0.0
2018-09-12,0.0,0.0,0.0,0.0,0.0,0.0,0.0,0.0,0.0,0.0,0.0
2018-09-13,0.0,0.0,0.0,0.0,0.0,0.0,0.0,0.0,0.0,0.0,0.0
2018-09-14,0.0,0.0,0.0,0.0,0.0,0.0,0.0,0.0,0.0,0.0,0.0
2018-09-15,0.0,0.0,0.0,0.0,0.0,0.0,0.0,0.0,0.0,0.0,0.0
2018-09-16,0.0,0.0,0.0,0.0,0.0,0.0,0.0,0.0,0.0,0.0,0.0
2018-09-17,0.0,0.0,0.0,0.0,0.0,0.0,0.0,0.0,0.0,0.0,0.0
2018-09-18,0.0,0.0,0.0,0.0,0.0,0.0,0.0,0.0,0.0,0.0,0.0
2018-09-19,0.0,0.0,0.0,0.0,0.0,0.0,0.0,0.0,0.0,0.0,0.0
2018-09-20,0.0,0.0,0.0,0.0,0.0,0.0,0.0,0.0,0.0,0.0,0.0
2018-09-21,0.0,0.0,0.0,0.0,0.0,0.0,0.0,0.0,0.0,0.0,0.0
2018-09-22,0.0,0.0,0.0,0.0,0.0,0.0,0.0,0.0,0.0,0.0,0.0
2018-09-23,0.0,0.0,0.0,0.0,0.0,0.0,0.0,0.0,0.0,0.0,0.0
2018-09-24,0.0,0.0,0.0,0.0,0.0,0.0,0.0,0.0,0.0,0.0,0.0
2018-09-25,0.0,0.0,0.0,0.0,0.0,0.0,0.0,0.0,0.0,0.0,0.0
2018-09-26,0.0,0.0,0.0,0.0,0.0,0.0,0.0,0.0,0.0,0.0,0.0
2018-09-27,0.0,0.0,0.0,0.0,0.0,0.0,0.0,0.0,0.0,0.0,0.0
2018-09-28,0.0,0.0,0.0,0.0,0.0,0.0,0.0,0.0,0.0,0.0,0.0
2018-09-29,0.0,0.0,0.0,0.0,0.0,0.0,0.0,0.0,0.0,0.0,0.0
2018-09-30,0.0,0.0,0.0,0.0,0.0,0.0,0.0,0.0,0.0,0.0,0.0
2018-10-01,0.0,0.0,0.0,0.0,0.0,0.0,0.0,0.0,0.0,0.0,0.0
2018-10-02,0.0,0.0,0.0,0.0,0.0,0.0,0.0,0.0,0.0,0.0,0.0
2018-10-03,0.0,0.0,0.0,0.0,0.0,0.0,0.0,0.0,0.0,0.0,0.0
2018-10-04,0.0,0.0,0.0,0.0,0.35714287,0.20408164,0.0,0.0,0.0,0.0,0.0
2018-10-05,0.0,0.0,0.0,0.0,0.39285713,0.2244898,0.0,0.0,0.0,0.0,0.0
2018-10-06,0.0,0.0,0.0,0.0,0.42857143,0.24489796,0.0,0.0,0.0,0.0,0.0
2018-10-07,0.0,0.0,0.0,0.0,0.42857143,0.24489796,0.0,0.0,0.0,0.0,0.0
2018-10-08,0.0,0.0,0.0,0.0,0.42857143,0.24489796,0.0,0.0,0.0,0.0,0.0
2018-10-09,0.0,0.0,0.0,0.0,0.42857143,0.24489796,0.0,0.0,0.0,0.0,0.0
2018-10-10,0.0,0.0,0.0,0.0,0.35714287,0.20408164,0.0,0.0,0.0,0.0,0.0
2018-10-11,0.0,0.0,0.0,0.0,0.35714287,0.20408164,0.0,0.0,0.0,0.0,0.0
2018-10-12,0.0,0.0,0.0,0.0,0.35714287,0.20408164,0.0,0.0,0.0,0.0,0.0
2018-10-13,0.0,0.0,0.0,0.0,0.2857143,0.1632653,0.0,0.0,0.0,0.0,0.0
2018-10-14,0.0,0.0,0.0,0.0,0.21428572,0.12244898,0.0,0.0,0.0,0.0,0.0
2018-10-15,0.0,0.0,0.0,0.0,0.21428572,0.12244898,0.0,0.0,0.0,0.0,0.0
2018-10-16,0.0,0.0,0.0,0.0,0.21428572,0.12244898,0.0,0.0,0.0,0.0,0.0
2018-10-17,0.0,0.0,0.0,0.0,0.17857143,0.10204082,0.0,0.0,0.0,0.0,0.0
2018-10-18,0.0,0.0,0.0,0.0,0.10714286,0.06122449,0.0,0.0,0.0,0.0,0.0
2018-10-19,0.0,0.0,0.0,0.0,0.071428575,0.040816326,0.0,0.0,0.0,0.0,0.0
2018-10-20,0.0,0.0,0.0,0.0,0.0,0.0,0.0,0.0,0.0,0.0,0.0
2018-10-21,0.0,0.0,0.0,0.0,0.0,0.0,0.0,0.0,0.0,0.0,0.0
2018-10-22,0.0,0.0,0.0,0.0,0.0,0.0,0.0,0.0,0.0,0.0,0.0
2018-10-23,0.0,0.0,0.0,0.0,0.0,0.0,0.0,0.0,0.0,0.0,0.0
2018-10-24,0.0,0.0,0.0,0.0,0.0,0.0,0.0,0.0,0.0,0.0,0.0
2018-10-25,0.0,0.0,0.0,0.0,0.0,0.0,0.0,0.0,0.0,0.0,0.0
2018-10-26,0.0,0.0,0.0,0.0,0.0,0.0,0.0,0.0,0.0,0.0,0.0
2018-10-27,0.0,0.0,0.0,0.0,0.0,0.0,0.0,0.0,0.0,0.0,0.0
2018-10-28,0.0,0.0,0.0,0.0,0.0,0.0,0.0,0.0,0.0,0.0,0.0
2018-10-29,0.0,0.0,0.0,0.0,0.0,0.0,0.0,0.0,0.0,0.0,0.0
2018-10-30,0.0,0.0,0.0,0.0,0.0,0.0,0.0,0.0,0.0,0.0,0.0
2018-10-31,0.0,0.0,0.0,0.0,0.0,0.0,0.0,0.0,0.0,0.0,0.0
2018-11-01,0.0,0.0,0.0,0.0,0.0,0.0,0.0,0.0,0.0,0.0,0.0
2018-11-02,0.0,0.0,0.0,0.0,0.0,0.0,0.0,0.0,0.0,0.0,0.0
2018-11-03,0.0,0.0,0.0,0.0,0.0,0.0,0.0,0.0,0.0,0.0,0.0
2018-11-04,0.0,0.0,0.0,0.0,0.0,0.0,0.0,0.0,0.0,0.0,0.0
2018-11-05,0.0,0.0,0.0,0.0,0.0,0.0,0.0,0.0,0.0,0.0,0.0
2018-11-06,0.0,0.0,0.0,0.0,0.0,0.0,0.0,0.0,0.0,0.0,0.0
2018-11-07,0.0,0.0,0.0,0.0,0.0,0.0,0.0,0.0,0.0,0.0,0.0
2018-11-08,0.0,0.0,0.0,0.0,0.0,0.0,0.0,0.0,0.0,0.0,0.0
2018-11-09,0.0,0.0,0.0,0.0,0.0,0.0,0.0,0.0,0.0,0.0,0.0
2018-11-10,0.0,0.0,0.0,0.0,0.0,0.0,0.0,0.0,0.0,0.0,0.0
2018-11-11,0.0,0.0,0.0,0.0,0.0,0.0,0.0,0.0,0.0,0.0,0.0
2018-11-12,0.0,0.0,0.0,0.0,0.0,0.0,0.0,0.0,0.0,0.0,0.0
2018-11-13,0.0,0.0,0.0,0.0,0.0,0.0,0.0,0.0,0.0,0.0,0.0
2018-11-14,0.0,0.0,0.0,0.0,0.0,0.0,0.0,0.0,0.0,0.0,0.0
2018-11-15,0.0,0.0,0.0,0.0,0.0,0.0,0.0,0.0,0.0,0.0,0.0
2018-11-16,0.0,0.0,0.0,0.0,0.0,0.0,0.0,0.0,0.0,0.0,0.0
2018-11-17,0.0,0.0,0.0,0.0,0.0,0.0,0.0,0.0,0.0,0.0,0.0
2018-11-18,0.0,0.0,0.0,0.0,0.0,0.0,0.0,0.0,0.0,0.0,0.0
2018-11-19,0.0,0.0,0.0,0.0,0.0,0.0,0.0,0.0,0.0,0.0,0.0
2018-11-20,0.0,0.0,0.0,0.0,0.0,0.0,0.0,0.0,0.0,0.0,0.0
2018-11-21,0.0,0.0,0.0,0.0,0.0,0.0,0.0,0.0,0.0,0.0,0.0
2018-11-22,1.7777778,0.2658228,0.0,0.0,14.428572,11.387755,0.0,7.0,2.0,14.6,7.0
2018-11-23,2.6666667,0.6075949,2.0,0.53333336,19.964285,16.081633,0.0,41.5,44.0,36.8,31.0
2018-11-24,3.2222223,0.46835443,1.5,0.4,31.214285,25.612246,0.0,89.5,96.0,55.8,61.0
2018-11-25,4.0,0.35443038,0.5,0.13333334,32.785713,27.163265,0.0,87.5,91.0,48.6,59.0
2018-11-26,3.8888888,0.32911393,0.0,0.0,38.107143,30.204082,0.0,78.5,81.0,47.4,56.5
2018-11-27,7.3333335,0.35443038,0.0,0.0,46.392857,37.061226,0.0,84.5,81.0,49.0,56.0
2018-11-28,8.333333,0.15189873,0.0,0.0,50.285713,40.32653,0.15151516,97.5,100.0,50.4,50.0
2018-11-29,42.11111,5.987342,3.0,0.8,87.10714,73.53061,1.030303,112.0,111.0,59.4,57.0
2018-11-30,80.77778,45.97468,42.75,16.466667,139.10715,122.36735,10.151515,141.5,146.0,83.6,74.0
2018-12-01,86.44444,47.683544,48.75,18.533333,144.46428,126.46939,10.393939,145.0,149.0,85.6,75.0
2018-12-02,93.44444,50.683544,56.25,21.466667,158.78572,141.69388,15.848485,164.0,170.0,101.2,83.0
2018-12-03,93.44444,50.683544,56.25,21.4,158.78572,141.69388,15.848485,165.0,173.0,101.2,83.5
2018-12-04,93.44444,50.620255,56.0,21.066668,158.78572,141.69388,15.787879,171.5,181.0,103.2,86.5
2018-12-05,94.77778,50.55696,55.0,20.733334,159.25,141.95918,15.818182,174.5,184.0,105.2,89.5
2018-12-06,98.0,54.620255,56.5,21.466667,164.75,146.48979,16.848484,183.0,193.0,110.2,99.0
2018-12-07,98.666664,69.417725,66.5,25.533333,165.89285,147.06122,16.60606,183.0,193.0,110.2,100.0
2018-12-08,98.666664,68.83544,63.25,24.533333,165.78572,146.65306,16.181818,183.0,193.0,110.2,100.0
2018-12-09,98.666664,66.94936,58.25,22.733334,165.07143,145.2653,14.787879,182.5,193.0,110.2,100.0
2018-12-10,98.666664,64.35443,52.5,20.666666,164.46428,144.10204,14.484848,182.5,193.0,110.2,100.0
2018-12-11,98.666664,61.898735,47.5,18.866667,164.39285,143.79591,13.575758,185.0,198.0,110.6,100.0
2018-12-12,98.666664,59.810127,44.0,17.6,163.89285,142.83673,12.424242,184.5,197.0,110.8,99.0
2018-12-13,104.333336,55.126583,39.0,15.6,166.67857,138.28572,11.424242,167.5,194.0,106.4,95.5
2018-12-14,103.55556,52.898735,35.25,14.066667,164.28572,135.36734,9.545455,165.0,192.0,105.0,93.5
2018-12-15,103.22222,51.898735,33.25,13.2,163.60715,134.51021,8.818182,163.0,189.0,103.8,91.5
2018-12-16,102.111115,49.253166,31.5,12.133333,162.42857,132.89796,8.151515,161.5,188.0,102.2,89.5
2018-12-17,102.666664,46.987343,30.5,11.466666,163.07143,132.91837,9.969697,159.5,184.0,100.4,87.5
2018-12-18,111.22222,47.240505,30.75,11.4,181.92857,148.7347,10.090909,167.0,195.0,101.0,91.5
2018-12-19,110.333336,46.227848,30.25,10.933333,181.03572,147.79591,9.757576,166.5,195.0,100.4,92.0
2018-12-20,107.22222,41.83544,27.25,9.266666,176.96428,143.48979,8.393939,162.5,191.0,97.6,90.0
2018-12-21,102.666664,37.151897,24.25,7.5333333,173.75,140.2653,7.6969695,159.5,188.0,94.4,87.0
2018-12-22,102.888885,35.291138,23.0,6.6,174.25,140.7347,7.7272725,169.5,203.0,98.6,90.5
2018-12-23,102.888885,33.41772,21.5,5.733333,173.53572,139.83673,7.4242425,169.5,202.0,99.0,91.0
2018-12-24,102.111115,32.126583,20.75,5.5333333,173.21428,139.32654,9.121212,172.5,206.0,100.0,92.0
2018-12-25,116.44444,38.27848,25.75,6.866667,192.67857,156.67346,22.848484,200.0,239.0,121.2,111.5
2018-12-26,116.44444,39.36709,28.0,7.6,192.67857,156.7347,22.69697,203.5,243.0,123.4,112.0
2018-12-27,116.44444,39.3038,27.5,7.4666667,192.67857,156.69388,22.363636,207.0,249.0,123.6,116.5
2018-12-28,116.44444,39.3038,27.5,7.4666667,192.67857,156.69388,22.363636,207.0,249.0,123.6,116.5
2018-12-29,116.44444,39.3038,27.5,7.4666667,192.67857,156.69388,22.363636,207.0,249.0,124.4,117.5
2018-12-30,116.44444,39.240505,26.25,7.0,192.64285,156.65306,20.666666,207.5,250.0,125.0,120.5
2018-12-31,116.0,38.405064,26.0,6.9333334,192.5,156.40816,20.454546,207.5,249.0,124.6,120.5
2019-01-01,116.0,38.405064,26.0,6.9333334,192.5,156.40816,20.454546,207.5,249.0,124.6,120.5
2019-01-02,116.0,38.405064,26.0,6.9333334,192.5,156.40816,20.454546,207.5,249.0,125.4,121.5
2019-01-03,126.666664,46.620255,36.75,9.8,206.78572,170.79591,20.848484,241.5,288.0,126.0,114.5
2019-01-04,126.22222,45.544304,35.25,9.4,206.32143,170.18367,20.151516,238.5,288.0,125.8,120.0
2019-01-05,126.111115,44.658226,33.5,8.933333,206.03572,169.57143,19.181818,236.5,288.0,125.4,123.5
2019-01-06,148.11111,49.21519,41.5,11.266666,231.64285,193.36734,35.060608,257.0,308.0,140.4,140.0
2019-01-07,179.11111,64.56962,67.75,20.0,278.85715,238.44897,63.0,318.0,372.0,162.8,207.0
2019-01-08,181.66667,64.79747,66.25,19.6,284.67856,243.77551,62.545456,335.0,393.0,167.6,207.5
2019-01-09,169.88889,53.36709,41.5,12.333333,269.2143,226.87755,59.21212,329.5,395.0,169.4,213.0
2019-01-10,178.33333,54.64557,42.25,12.533334,282.10715,238.61224,64.121216,356.5,425.0,177.6,224.0
2019-01-11,178.33333,53.93671,38.75,11.333333,281.9643,238.18367,62.575756,356.5,425.0,177.2,224.0
2019-01-12,178.88889,53.734177,36.75,10.533334,283.2143,238.81633,60.666668,359.5,429.0,174.4,225.0
2019-01-13,178.66667,55.759495,36.5,10.466666,282.39285,237.95918,58.454544,360.0,429.0,173.6,225.0
2019-01-14,178.66667,55.607594,36.5,10.4,282.82144,238.28572,56.848484,359.5,429.0,171.0,224.0
2019-01-15,181.22223,61.55696,40.0,11.666667,285.64285,241.0204,56.727272,362.5,433.0,172.8,224.5
2019-01-16,197.44444,68.26582,46.75,14.133333,311.10715,264.89795,72.969696,406.5,481.0,190.4,278.0
2019-01-17,252.44444,79.822784,52.25,15.866667,378.4643,322.4898,92.757576,465.0,538.0,236.4,342.5
2019-01-18,284.22223,103.139244,72.0,24.733334,409.85715,348.4694,105.21212,470.5,532.0,261.2,365.0
2019-01-19,283.0,100.56962,68.25,23.4,408.0,346.67346,108.57576,503.5,582.0,261.4,366.5
2019-01-20,282.55554,96.74683,61.25,20.933332,408.35715,345.55103,106.51515,504.0,582.0,261.6,366.5
2019-01-21,307.0,103.49367,66.0,22.666666,445.67856,380.93878,122.606064,541.0,625.0,285.2,400.0
2019-01-22,307.0,106.72152,70.75,24.8,434.67856,371.10205,122.78788,558.0,647.0,290.8,408.0
2019-01-23,306.8889,106.582275,70.5,24.266666,434.67856,371.10205,122.57576,562.0,652.0,291.4,409.0
2019-01-24,306.44446,103.75949,65.75,22.333334,434.0357,369.59183,120.51515,562.0,654.0,292.2,409.0
2019-01-25,306.77777,101.96203,64.0,21.266666,433.5357,367.69388,117.0,561.5,654.0,292.2,409.0
2019-01-26,306.33334,99.29114,62.0,20.0,431.5357,364.2857,112.06061,561.0,654.0,291.2,409.0
2019-01-27,304.33334,94.21519,58.75,18.066668,428.64285,359.26532,106.63636,559.5,654.0,291.6,409.0
2019-01-28,298.77777,86.53165,54.25,15.4,423.67856,352.73468,99.78788,556.5,654.0,290.8,409.0
2019-01-29,296.22223,81.544304,51.0,13.6,419.89285,347.65308,94.333336,555.5,654.0,288.6,409.0
2019-01-30,295.0,78.81013,49.0,13.066667,418.0,345.36734,88.57576,554.5,654.0,289.8,409.0
2019-01-31,294.55554,76.63291,47.25,12.6,420.2857,346.5306,84.242424,553.0,652.0,288.8,409.0
2019-02-01,294.55554,76.79747,46.75,12.466666,419.7143,345.2857,79.93939,549.5,648.0,287.8,409.0
2019-02-02,308.66666,83.32912,48.0,12.8,435.25,357.40817,79.72727,553.5,650.0,288.0,412.0
2019-02-03,363.66666,112.51899,87.0,26.666666,502.85715,418.44897,84.42424,590.5,693.0,312.6,447.5
2019-02-04,392.44446,125.56962,116.25,37.0,561.6071,473.4694,101.666664,617.5,723.0,333.0,472.5
2019-02-05,438.55554,147.58228,166.0,58.866665,630.1786,537.0612,119.72727,663.5,778.0,361.0,508.0
2019-02-06,448.8889,149.59494,169.25,61.266666,646.4286,552.0612,121.757576,670.0,784.0,359.8,516.0
2019-02-07,449.22223,149.59494,169.25,61.266666,646.7857,552.30615,121.72727,670.5,785.0,358.8,516.0
2019-02-08,448.55554,149.59494,169.25,60.866665,645.9643,551.67346,121.666664,670.5,785.0,359.6,516.0
2019-02-09,460.66666,152.44304,174.75,62.666668,661.5357,565.38776,123.969696,676.5,791.0,362.6,520.0
2019-02-10,479.44446,156.9367,182.5,66.26667,690.9643,593.551,139.60606,742.5,863.0,394.0,572.0
2019-02-11,500.22223,169.34177,209.75,83.53333,726.8571,626.2653,141.72728,757.5,881.0,395.6,575.0
2019-02-12,498.22223,169.34177,209.75,83.26667,717.3571,617.551,141.60606,758.5,880.0,395.2,579.5
2019-02-13,500.55554,169.32912,207.75,78.26667,719.9643,619.9796,160.87878,761.0,882.0,401.0,583.5
2019-02-14,549.6667,172.17722,207.5,75.2,776.8571,669.2041,190.81818,857.0,986.0,443.6,659.5
2019-02-15,587.1111,194.89873,224.0,81.13333,827.0,713.6531,199.0,892.0,1010.0,484.2,708.0
2019-02-16,606.2222,203.6962,241.25,90.13333,870.0357,756.7551,203.12122,921.5,1041.0,521.8,734.5
2019-02-17,608.2222,207.07594,250.5,94.53333,869.0357,755.40814,207.30302,951.0,1069.0,528.6,749.5
2019-02-18,613.55554,209.32912,255.75,97.8,878.8571,764.2449,209.36363,958.5,1076.0,542.0,758.0
2019-02-19,613.2222,209.50633,255.75,97.73333,878.4643,763.87756,209.33333,959.0,1076.0,541.4,758.0
2019-02-20,614.2222,209.50633,255.75,97.6,881.4643,766.40814,208.81818,962.0,1080.0,542.6,758.0
2019-02-21,616.0,211.39241,259.75,100.066666,885.1786,769.89795,210.78787,965.0,1084.0,544.8,760.5
2019-02-22,615.44446,214.37975,271.0,106.46667,884.8571,769.551,210.75757,965.0,1084.0,545.2,760.5
2019-02-23,615.2222,214.37975,271.0,106.333336,884.5357,769.3674,210.57576,965.0,1086.0,547.0,762.5
2019-02-24,616.44446,214.31645,271.0,105.46667,888.2857,772.46936,210.48485,965.0,1086.0,546.4,762.5
2019-02-25,616.7778,213.73418,266.25,101.26667,888.8571,772.7959,213.51515,968.5,1090.0,535.4,764.0
2019-02-26,614.7778,210.97469,258.0,95.13333,888.2143,771.12244,243.72728,995.0,1121.0,554.4,780.0
2019-02-27,612.1111,206.8481,248.0,88.333336,888.7857,771.2449,280.15152,1041.5,1174.0,571.2,829.0
2019-02-28,616.1111,203.79747,239.0,82.666664,899.2857,779.8571,284.78787,1071.0,1210.0,578.4,853.0
2019-03-01,615.6667,200.91139,228.5,77.26667,901.6786,781.53064,284.33334,1078.5,1219.0,581.0,856.5
2019-03-02,614.2222,204.01266,219.75,73.46667,904.8571,783.81635,287.12122,1080.5,1221.0,583.2,856.5
2019-03-03,655.3333,219.20253,232.0,77.4,956.3929,827.6531,285.9091,1094.5,1235.0,599.4,865.0
2019-03-04,659.8889,219.11392,229.5,76.666664,969.5357,838.59186,286.60605,1107.0,1246.0,610.6,874.5
2019-03-05,655.55554,216.97469,225.25,75.333336,961.8929,830.6326,284.87878,1107.0,1246.0,610.2,874.5
2019-03-06,691.0,245.26582,244.25,80.13333,986.8214,851.30615,296.21213,1125.5,1268.0,621.0,886.5
2019-03-07,722.3333,254.62025,250.25,82.73333,1025.6072,884.67346,299.18182,1149.5,1290.0,648.8,912.0
2019-03-08,724.7778,259.53165,264.0,87.666664,1025.1072,883.69385,301.0606,1070.0,1212.0,625.8,853.0
2019-03-09,727.55554,261.46835,271.25,91.2,1029.1428,887.7143,303.42426,1159.5,1301.0,657.4,919.5
2019-03-10,728.2222,261.44302,271.5,90.933334,1034.6428,893.2857,305.84848,1160.0,1301.0,658.6,919.5
2019-03-11,728.6667,261.98734,272.5,90.73333,1037.1786,895.7143,305.9091,1160.5,1303.0,657.8,920.5
2019-03-12,728.3333,261.94937,270.75,90.0,1035.2142,893.83673,303.87878,1160.5,1303.0,659.0,920.5
2019-03-13,728.6667,261.86075,267.5,89.066666,1038.2142,896.2857,304.0606,1162.5,1307.0,660.2,922.0
2019-03-14,728.2222,261.8481,266.25,88.73333,1036.8572,895.0816,303.78787,1162.5,1307.0,660.2,922.0
2019-03-15,728.6667,261.82278,264.5,88.2,1037.6786,895.3469,302.12122,1162.0,1307.0,661.4,922.0
2019-03-16,728.1111,261.3291,258.75,86.4,1036.0714,892.9388,296.51514,1162.5,1307.0,660.8,922.0
2019-03-17,728.1111,257.41772,242.75,81.2,1034.4642,889.3674,287.0,1160.5,1307.0,660.8,922.0
2019-03-18,727.55554,252.72151,226.0,75.53333,1033.0714,885.8571,275.84848,1159.5,1307.0,657.8,922.0
2019-03-19,724.3333,246.9367,210.5,70.066666,1031.2858,881.7143,264.45456,1159.0,1307.0,653.4,922.0
2019-03-20,730.0,244.53165,201.75,67.0,1037.4286,883.2245,254.75757,1159.5,1307.0,653.2,922.0
2019-03-21,733.2222,248.7848,206.25,68.53333,1043.1786,887.89795,254.09091,1161.5,1309.0,654.8,924.5
2019-03-22,734.1111,249.98734,209.5,69.666664,1041.0,885.6531,250.36363,1163.0,1311.0,657.4,925.0
2019-03-23,736.0,249.46835,206.75,68.8,1048.9642,892.69385,255.27272,1169.0,1317.0,659.4,934.0
2019-03-24,739.8889,249.48102,205.5,68.4,1057.0,900.38776,259.18182,1179.5,1329.0,664.2,942.0
2019-03-25,737.44446,248.60759,200.5,66.666664,1052.2142,894.61224,257.42426,1062.5,1214.0,631.2,850.0
2019-03-26,740.8889,245.74684,190.5,62.933334,1060.2858,900.69385,264.78787,1181.5,1331.0,664.0,942.0
2019-03-27,734.2222,241.32912,183.25,59.866665,1059.4286,898.5714,264.48486,1183.5,1332.0,660.8,943.5
2019-03-28,757.8889,240.89873,180.5,58.733334,1103.8928,938.53064,266.57574,1203.5,1350.0,680.6,961.0
2019-03-29,759.0,240.53165,180.25,58.4,1106.0358,940.0,268.57574,1209.5,1358.0,683.2,964.0
2019-03-30,754.55554,239.53165,179.75,57.8,1098.5358,932.1429,266.15152,1208.0,1358.0,682.6,964.0
2019-03-31,755.55554,238.5443,179.75,57.666668,1100.7858,933.6326,262.60605,1206.5,1358.0,683.2,964.0
2019-04-01,753.7778,235.56963,178.75,56.666668,1101.9286,933.449,255.72728,1205.5,1358.0,679.2,964.0
2019-04-02,749.2222,231.26582,177.5,55.466667,1102.2858,931.7347,247.84848,1209.0,1359.0,674.4,967.5
2019-04-03,753.2222,231.07594,178.5,55.133335,1111.75,940.10205,242.51515,1210.5,1359.0,678.8,970.0
2019-04-04,748.44446,228.56963,177.0,53.866665,1110.25,938.10205,237.39394,1207.5,1359.0,707.0,971.0
2019-04-05,745.8889,227.2152,176.0,52.866665,1113.6428,941.16327,232.45454,1212.5,1360.0,675.6,971.0
2019-04-06,746.1111,226.37975,175.75,52.466667,1116.0358,943.46936,228.57576,1220.5,1367.0,677.8,974.0
2019-04-07,739.6667,223.32912,174.5,51.266666,1115.6428,942.83673,225.21213,1223.5,1368.0,674.4,974.5
2019-04-08,727.0,214.68355,170.0,48.066666,1110.7858,937.3469,214.90909,1226.0,1368.0,667.2,975.5
2019-04-09,709.8889,200.08861,162.25,43.266666,1103.1428,928.8571,211.72728,1239.0,1368.0,655.4,977.5
2019-04-10,696.6667,199.91139,162.5,43.333332,1064.7858,890.59186,209.57576,1066.0,1184.0,621.8,831.5
2019-04-11,712.6667,199.1519,161.5,43.066666,1106.2858,931.30615,205.48485,1243.0,1372.0,654.4,980.0
2019-04-12,712.0,198.98734,161.25,43.0,1106.2142,931.2857,203.15152,1244.5,1372.0,654.0,980.0
2019-04-13,712.1111,198.31645,161.0,42.933334,1105.5,930.2245,197.51515,1244.5,1372.0,650.2,980.0
2019-04-14,695.8889,217.27849,229.5,61.2,1136.9286,968.30615,185.57576,1246.0,1372.0,639.6,980.0
2019-04-15,686.1111,206.75949,222.0,59.2,1134.5358,965.38776,176.93939,1246.0,1372.0,629.0,980.0
2019-04-16,683.0,205.31645,219.25,58.466667,1140.8572,970.0204,174.45454,1250.0,1377.0,624.0,981.0
2019-04-17,683.8889,205.49367,221.25,59.0,1144.5,972.61224,170.09091,1251.0,1377.0,622.8,982.5
2019-04-18,676.2222,201.58228,217.0,57.866665,1142.9286,969.89795,162.87878,1251.0,1377.0,613.4,982.5
2019-04-19,659.0,192.10127,204.75,54.6,1138.7142,964.0816,145.24243,1251.0,1377.0,594.6,982.5
2019-04-20,641.3333,180.83545,190.75,50.866665,1133.3572,957.46936,127.09091,1248.5,1377.0,577.0,976.5
2019-04-21,634.6667,175.01266,187.0,49.866665,1131.1428,955.10205,119.42424,1249.5,1377.0,572.0,971.5
2019-04-22,612.6667,144.82278,124.75,33.266666,1057.2142,873.81635,111.878784,1251.0,1377.0,566.4,963.0
2019-04-23,604.2222,139.92406,120.75,32.2,1052.0358,866.9388,100.21212,1251.0,1377.0,557.2,947.5
2019-04-24,583.1111,130.81012,112.75,30.066668,1041.1428,854.2857,85.72727,1247.0,1377.0,541.2,929.0
2019-04-25,548.44446,118.72152,102.5,27.333334,1021.0,833.0816,73.121216,1232.0,1377.0,516.8,902.5
2019-04-26,513.6667,103.91139,90.25,24.066668,1001.6429,812.61224,63.18182,1204.5,1377.0,486.2,878.5
2019-04-27,483.77777,91.77215,80.75,21.533333,984.1786,794.12244,56.18182,1181.0,1353.0,463.8,857.5
2019-04-28,457.77777,82.898735,72.0,19.2,968.7143,777.2245,51.18182,1158.5,1312.0,444.2,836.0
2019-04-29,438.66666,74.36709,63.0,16.8,955.6429,762.40814,46.78788,1129.5,1272.0,414.0,817.0
2019-04-30,424.66666,71.75949,60.0,16.0,947.2857,752.95917,43.484848,1106.0,1245.0,390.2,801.5
2019-05-01,420.22223,70.55696,58.0,15.466666,941.8214,747.2245,42.272728,1099.0,1234.0,384.2,800.5
2019-05-02,415.1111,69.139244,55.5,14.8,941.9286,747.8571,40.424244,1091.5,1223.0,374.2,788.0
2019-05-03,407.0,66.43038,50.0,13.333333,939.75,745.5714,37.727272,1072.5,1205.0,375.4,763.5
2019-05-04,393.66666,61.886074,43.0,11.466666,931.1786,737.7143,34.060608,1042.5,1174.0,343.6,730.5
2019-05-05,381.0,56.379745,34.75,9.266666,920.25,727.5714,30.0,1007.5,1137.0,314.8,709.0
2019-05-06,368.77777,53.569622,30.0,8.0,911.6786,719.6326,25.818182,965.5,1093.0,286.8,672.0
2019-05-07,358.22223,52.97468,28.25,7.5333333,899.4643,707.69385,22.333334,921.5,1045.0,264.4,633.5
2019-05-08,346.66666,49.6962,22.75,6.0666666,887.5714,695.7551,19.727272,885.5,1006.0,247.6,600.0
2019-05-09,336.33334,46.316456,16.75,4.4666667,874.9643,682.89795,16.333334,844.0,964.0,231.4,564.0
2019-05-10,313.66666,43.569622,12.25,3.2666667,728.1071,554.7755,13.606061,535.0,640.0,258.0,367.5
2019-05-11,330.44446,43.088608,10.25,2.7333333,859.8571,665.449,10.848485,786.0,906.0,210.2,467.5
2019-05-12,322.77777,40.35443,3.75,1.0,846.6786,652.5714,7.848485,741.5,862.0,194.8,420.0
2019-05-13,310.33334,37.265823,0.0,0.0,823.9643,631.81635,6.0,673.0,805.0,175.2,374.5
2019-05-14,298.33334,33.949368,0.0,0.0,802.0714,612.3469,4.4242425,589.5,761.0,158.6,341.0
2019-05-15,286.8889,30.41772,0.0,0.0,782.0357,595.1429,3.2424242,552.0,722.0,145.8,310.5
2019-05-16,285.8889,27.835443,0.0,0.0,783.2857,595.1429,2.969697,540.5,707.0,139.8,311.0
2019-05-17,303.77777,36.177216,7.75,3.0666666,811.8571,620.18365,5.090909,595.0,746.0,147.8,323.5
2019-05-18,299.66666,35.898735,7.25,2.6,809.75,618.83673,4.5454545,611.5,746.0,147.8,286.5
2019-05-19,288.66666,33.012657,5.0,1.3333334,692.3929,518.4898,5.3333335,433.5,526.0,192.0,246.5
2019-05-20,314.66666,39.822784,14.25,5.0666666,854.1071,653.0,5.121212,644.5,782.0,151.8,303.0
2019-05-21,313.0,39.27848,11.25,4.0,851.6071,651.0612,5.030303,660.5,789.0,152.0,303.0
2019-05-22,313.22223,40.64557,12.75,4.9333334,860.5,660.7551,5.757576,680.0,810.0,157.8,306.0
2019-05-23,321.22223,42.227848,14.25,5.5333333,869.0714,667.1429,5.030303,677.5,801.0,163.4,304.0
2019-05-24,321.66666,41.949368,14.0,4.8,868.3214,665.9184,3.909091,662.0,782.0,160.8,295.0
2019-05-25,319.33334,37.50633,11.25,3.0,861.4643,657.2041,3.1818182,626.5,756.0,154.2,309.0
2019-05-26,319.0,34.341774,9.0,2.4,857.5714,652.30615,2.8484848,600.5,736.0,149.4,296.0
2019-05-27,324.1111,39.189873,18.5,6.4,874.5714,667.2653,3.3030303,611.0,739.0,153.8,294.5
2019-05-28,323.1111,40.253166,18.5,6.266667,877.2857,669.7551,2.7878788,594.5,720.0,151.2,282.0
2019-05-29,321.22223,36.430378,14.0,3.7333333,861.8571,654.3674,1.939394,558.0,690.0,143.8,256.0
2019-05-30,317.55554,33.683544,6.75,1.8,846.9286,640.7755,0.6969697,518.0,646.0,131.6,223.5
2019-05-31,313.77777,31.240507,0.0,0.0,836.4643,631.0204,0.0,485.5,611.0,121.6,208.0
2019-06-01,311.22223,29.101265,0.0,0.0,823.8929,619.40814,0.0,449.0,570.0,110.0,191.0
2019-06-02,307.77777,27.29114,0.0,0.0,810.5714,607.3674,0.0,405.0,520.0,93.2,170.5
2019-06-03,302.77777,25.443037,0.0,0.0,792.2857,591.2449,0.0,354.5,463.0,77.8,145.5
2019-06-04,291.55554,23.27848,0.0,0.0,740.6071,546.0612,0.0,286.0,391.0,57.4,113.0
2019-06-05,280.55554,19.594936,0.0,0.0,729.3929,539.0612,0.0,193.0,282.0,49.6,75.5
2019-06-06,255.0,15.329114,0.0,0.0,629.1071,461.2245,0.0,129.5,160.0,22.8,36.5
2019-06-07,242.66667,12.670886,0.0,0.0,587.3571,429.97958,0.0,112.0,119.0,6.4,16.5
2019-06-08,236.77777,11.101266,0.0,0.0,577.5,422.9592,0.0,103.5,101.0,1.6,6.0
2019-06-09,231.55556,9.240506,0.0,0.0,567.4286,415.16327,0.0,95.5,85.0,0.0,0.0
2019-06-10,222.55556,7.56962,0.0,0.0,547.0714,399.4694,0.0,78.5,50.0,0.0,0.0
2019-06-11,206.44444,5.924051,0.0,0.0,515.5714,376.1837,0.0,49.0,0.0,0.0,0.0
2019-06-12,187.55556,4.607595,0.0,0.0,478.4643,348.83673,0.0,13.0,0.0,0.0,0.0
2019-06-13,166.66667,2.886076,0.0,0.0,429.07144,311.65308,0.0,0.0,0.0,0.0,0.0
2019-06-14,150.88889,2.063291,0.0,0.0,400.35715,290.14285,0.0,0.0,0.0,0.0,0.0
2019-06-15,134.66667,1.443038,0.0,0.0,371.32144,268.1837,0.0,0.0,0.0,0.0,0.0
2019-06-16,116.888885,1.0379747,0.0,0.0,342.0357,246.0,0.0,0.0,0.0,0.0,0.0
2019-06-17,100.55556,0.62025315,0.0,0.0,310.85715,222.85715,0.0,0.0,0.0,0.0,0.0
2019-06-18,84.44444,0.2278481,0.0,0.0,273.0,193.85715,0.0,0.0,0.0,0.0,0.0
2019-06-19,71.888885,0.0,0.0,0.0,246.96428,174.53061,0.0,0.0,0.0,0.0,0.0
2019-06-20,60.0,0.0,0.0,0.0,218.71428,154.51021,0.0,0.0,0.0,0.0,0.0
2019-06-21,51.444443,0.0,0.0,0.0,200.82143,142.0,0.0,0.0,0.0,0.0,0.0
2019-06-22,45.444443,0.0,0.0,0.0,190.46428,134.48979,0.0,0.0,0.0,0.0,0.0
2019-06-23,39.333332,0.0,0.0,0.0,180.21428,126.918365,0.0,0.0,0.0,0.0,0.0
2019-06-24,31.88889,0.0,0.0,0.0,168.35715,118.10204,0.0,0.0,0.0,0.0,0.0
2019-06-25,23.222221,0.0,0.0,0.0,155.67857,108.65306,0.0,0.0,0.0,0.0,0.0
2019-06-26,16.333334,0.0,0.0,0.0,143.28572,99.30612,0.0,0.0,0.0,0.0,0.0
2019-06-27,13.666667,0.0,0.0,0.0,135.64285,93.5102,0.0,0.0,0.0,0.0,0.0
2019-06-28,11.0,0.0,0.0,0.0,131.03572,89.755104,0.0,0.0,0.0,0.0,0.0
2019-06-29,7.888889,0.0,0.0,0.0,127.35714,86.77551,0.0,0.0,0.0,0.0,0.0
2019-06-30,4.0,0.0,0.0,0.0,120.92857,81.46939,0.0,0.0,0.0,0.0,0.0
2019-07-01,0.0,0.0,0.0,0.0,112.10714,73.918365,0.0,0.0,0.0,0.0,0.0
2019-07-02,0.0,0.0,0.0,0.0,103.42857,66.755104,0.0,0.0,0.0,0.0,0.0
2019-07-03,0.0,0.0,0.0,0.0,94.57143,59.959183,0.0,0.0,0.0,0.0,0.0
2019-07-04,0.0,0.0,0.0,0.0,87.28571,54.2449,0.0,0.0,0.0,0.0,0.0
2019-07-05,0.0,0.0,0.0,0.0,81.32143,49.32653,0.0,0.0,0.0,0.0,0.0
2019-07-06,0.0,0.0,0.0,0.0,75.32143,44.469387,0.0,0.0,0.0,0.0,0.0
2019-07-07,0.0,0.0,0.0,0.0,68.85714,39.42857,0.0,0.0,0.0,0.0,0.0
2019-07-08,0.0,0.0,0.0,0.0,63.92857,36.530613,0.0,0.0,0.0,0.0,0.0
2019-07-09,0.0,0.0,0.0,0.0,59.17857,33.816326,0.0,0.0,0.0,0.0,0.0
2019-07-10,0.0,0.0,0.0,0.0,54.285713,31.020409,0.0,0.0,0.0,0.0,0.0
2019-07-11,0.0,0.0,0.0,0.0,48.07143,27.469387,0.0,0.0,0.0,0.0,0.0
2019-07-12,0.0,0.0,0.0,0.0,41.17857,23.530613,0.0,0.0,0.0,0.0,0.0
2019-07-13,0.0,0.0,0.0,0.0,35.42857,20.244898,0.0,0.0,0.0,0.0,0.0
2019-07-14,0.0,0.0,0.0,0.0,29.785715,17.020409,0.0,0.0,0.0,0.0,0.0
2019-07-15,0.0,0.0,0.0,0.0,26.785715,15.306123,0.0,0.0,0.0,0.0,0.0
2019-07-16,0.0,0.0,0.0,0.0,23.857143,13.632653,0.0,0.0,0.0,0.0,0.0
2019-07-17,0.0,0.0,0.0,0.0,21.107143,12.061225,0.0,0.0,0.0,0.0,0.0
2019-07-18,0.0,0.0,0.0,0.0,17.714285,10.122449,0.0,0.0,0.0,0.0,0.0
2019-07-19,0.0,0.0,0.0,0.0,14.392858,8.22449,0.0,0.0,0.0,0.0,0.0
2019-07-20,0.0,0.0,0.0,0.0,10.857142,6.2040815,0.0,0.0,0.0,0.0,0.0
2019-07-21,0.0,0.0,0.0,0.0,8.5,4.857143,0.0,0.0,0.0,0.0,0.0
2019-07-22,0.0,0.0,0.0,0.0,6.714286,3.8367348,0.0,0.0,0.0,0.0,0.0
2019-07-23,0.0,0.0,0.0,0.0,4.75,2.7142856,0.0,0.0,0.0,0.0,0.0
2019-07-24,0.0,0.0,0.0,0.0,3.0714285,1.755102,0.0,0.0,0.0,0.0,0.0
2019-07-25,0.0,0.0,0.0,0.0,1.3214285,0.75510204,0.0,0.0,0.0,0.0,0.0
2019-07-26,0.0,0.0,0.0,0.0,0.0,0.0,0.0,0.0,0.0,0.0,0.0
2019-07-27,0.0,0.0,0.0,0.0,0.0,0.0,0.0,0.0,0.0,0.0,0.0
2019-07-28,0.0,0.0,0.0,0.0,0.0,0.0,0.0,0.0,0.0,0.0,0.0
2019-07-29,0.0,0.0,0.0,0.0,0.0,0.0,0.0,0.0,0.0,0.0,0.0
2019-07-30,0.0,0.0,0.0,0.0,0.0,0.0,0.0,0.0,0.0,0.0,0.0
2019-07-31,0.0,0.0,0.0,0.0,0.0,0.0,0.0,0.0,0.0,0.0,0.0
2019-08-01,0.0,0.0,0.0,0.0,0.0,0.0,0.0,0.0,0.0,0.0,0.0
2019-08-02,0.0,0.0,0.0,0.0,0.0,0.0,0.0,0.0,0.0,0.0,0.0
2019-08-03,0.0,0.0,0.0,0.0,0.0,0.0,0.0,0.0,0.0,0.0,0.0
2019-08-04,0.0,0.0,0.0,0.0,0.0,0.0,0.0,0.0,0.0,0.0,0.0
2019-08-05,0.0,0.0,0.0,0.0,0.0,0.0,0.0,0.0,0.0,0.0,0.0
2019-08-06,0.0,0.0,0.0,0.0,0.0,0.0,0.0,0.0,0.0,0.0,0.0
2019-08-07,0.0,0.0,0.0,0.0,0.0,0.0,0.0,0.0,0.0,0.0,0.0
2019-08-08,0.0,0.0,0.0,0.0,0.0,0.0,0.0,0.0,0.0,0.0,0.0
2019-08-09,0.0,0.0,0.0,0.0,0.0,0.0,0.0,0.0,0.0,0.0,0.0
2019-08-10,0.0,0.0,0.0,0.0,0.0,0.0,0.0,0.0,0.0,0.0,0.0
2019-08-11,0.0,0.0,0.0,0.0,0.0,0.0,0.0,0.0,0.0,0.0,0.0
2019-08-12,0.0,0.0,0.0,0.0,0.0,0.0,0.0,0.0,0.0,0.0,0.0
2019-08-13,0.0,0.0,0.0,0.0,0.0,0.0,0.0,0.0,0.0,0.0,0.0
2019-08-14,0.0,0.0,0.0,0.0,0.0,0.0,0.0,0.0,0.0,0.0,0.0
2019-08-15,0.0,0.0,0.0,0.0,0.0,0.0,0.0,0.0,0.0,0.0,0.0
2019-08-16,0.0,0.0,0.0,0.0,0.0,0.0,0.0,0.0,0.0,0.0,0.0
2019-08-17,0.0,0.0,0.0,0.0,0.0,0.0,0.0,0.0,0.0,0.0,0.0
2019-08-18,0.0,0.0,0.0,0.0,0.0,0.0,0.0,0.0,0.0,0.0,0.0
2019-08-19,0.0,0.0,0.0,0.0,0.0,0.0,0.0,0.0,0.0,0.0,0.0
2019-08-20,0.0,0.0,0.0,0.0,0.0,0.0,0.0,0.0,0.0,0.0,0.0
2019-08-21,0.0,0.0,0.0,0.0,0.0,0.0,0.0,0.0,0.0,0.0,0.0
2019-08-22,0.0,0.0,0.0,0.0,0.0,0.0,0.0,0.0,0.0,0.0,0.0
2019-08-23,0.0,0.0,0.0,0.0,0.0,0.0,0.0,0.0,0.0,0.0,0.0
2019-08-24,0.0,0.0,0.0,0.0,0.0,0.0,0.0,0.0,0.0,0.0,0.0
2019-08-25,0.0,0.0,0.0,0.0,0.0,0.0,0.0,0.0,0.0,0.0,0.0
2019-08-26,0.0,0.0,0.0,0.0,0.0,0.0,0.0,0.0,0.0,0.0,0.0
2019-08-27,0.0,0.0,0.0,0.0,0.0,0.0,0.0,0.0,0.0,0.0,0.0
2019-08-28,0.0,0.0,0.0,0.0,0.0,0.0,0.0,0.0,0.0,0.0,0.0
2019-08-29,0.0,0.0,0.0,0.0,0.0,0.0,0.0,0.0,0.0,0.0,0.0
2019-08-30,0.0,0.0,0.0,0.0,0.0,0.0,0.0,0.0,0.0,0.0,0.0
2019-08-31,0.0,0.0,0.0,0.0,0.0,0.0,0.0,0.0,0.0,0.0,0.0
2019-09-01,0.0,0.0,0.0,0.0,0.0,0.0,0.0,0.0,0.0,0.0,0.0
2019-09-02,0.0,0.0,0.0,0.0,0.0,0.0,0.0,0.0,0.0,0.0,0.0
2019-09-03,0.0,0.0,0.0,0.0,0.0,0.0,0.0,0.0,0.0,0.0,0.0
2019-09-04,0.0,0.0,0.0,0.0,0.0,0.0,0.0,0.0,0.0,0.0,0.0
2019-09-05,0.0,0.0,0.0,0.0,0.0,0.0,0.0,0.0,0.0,0.0,0.0
2019-09-06,0.0,0.0,0.0,0.0,0.0,0.0,0.0,0.0,0.0,0.0,0.0
2019-09-07,0.0,0.0,0.0,0.0,0.0,0.0,0.0,0.0,0.0,0.0,0.0
2019-09-08,0.0,0.0,0.0,0.0,0.0,0.0,0.0,0.0,0.0,0.0,0.0
2019-09-09,0.0,0.0,0.0,0.0,0.0,0.0,0.0,0.0,0.0,0.0,0.0
2019-09-10,0.0,0.0,0.0,0.0,0.0,0.0,0.0,0.0,0.0,0.0,0.0
2019-09-11,0.0,0.0,0.0,0.0,0.0,0.0,0.0,0.0,0.0,0.0,0.0
2019-09-12,0.0,0.0,0.0,0.0,0.0,0.0,0.0,0.0,0.0,0.0,0.0
2019-09-13,0.0,0.0,0.0,0.0,0.0,0.0,0.0,0.0,0.0,0.0,0.0
2019-09-14,0.0,0.0,0.0,0.0,0.0,0.0,0.0,0.0,0.0,0.0,0.0
2019-09-15,0.0,0.0,0.0,0.0,0.0,0.0,0.0,0.0,0.0,0.0,0.0
2019-09-16,0.0,0.0,0.0,0.0,0.0,0.0,0.0,0.0,0.0,0.0,0.0
2019-09-17,0.0,0.0,0.0,0.0,0.0,0.0,0.0,0.0,0.0,0.0,0.0
2019-09-18,0.0,0.0,0.0,0.0,0.0,0.0,0.0,0.0,0.0,0.0,0.0
2019-09-19,0.0,0.0,0.0,0.0,0.0,0.0,0.0,0.0,0.0,0.0,0.0
2019-09-20,0.0,0.0,0.0,0.0,0.0,0.0,0.0,0.0,0.0,0.0,0.0
2019-09-21,0.0,0.0,0.0,0.0,0.0,0.0,0.0,0.0,0.0,0.0,0.0
2019-09-22,0.0,0.0,0.0,0.0,0.0,0.0,0.0,0.0,0.0,0.0,0.0
2019-09-23,0.0,0.0,0.0,0.0,0.0,0.0,0.0,0.0,0.0,0.0,0.0
2019-09-24,0.0,0.0,0.0,0.0,0.0,0.0,0.0,0.0,0.0,0.0,0.0
2019-09-25,0.0,0.0,0.0,0.0,0.0,0.0,0.0,0.0,0.0,0.0,0.0
2019-09-26,0.0,0.0,0.0,0.0,0.0,0.0,0.0,0.0,0.0,0.0,0.0
2019-09-27,0.0,0.0,0.0,0.0,0.0,0.0,0.0,0.0,0.0,0.0,0.0
2019-09-28,0.0,0.0,0.0,0.0,0.0,0.0,0.0,0.0,0.0,0.0,0.0
2019-09-29,0.22222222,0.0,0.0,0.0,0.0,0.0,0.0,0.0,0.0,0.6,1.5
2019-09-30,0.22222222,0.0,0.0,0.0,0.0,0.12244898,0.0,5.5,6.0,1.6,3.5
2019-10-01,0.0,0.0,0.0,0.0,0.0,0.040816326,0.24242425,7.5,9.0,1.4,4.0
2019-10-02,0.0,0.0,0.0,0.0,0.0,0.06122449,0.060606062,7.0,8.0,1.2,4.5
2019-10-03,0.0,0.0,0.0,0.0,0.0,0.0,0.0,0.5,0.0,0.0,1.5
2019-10-04,0.0,0.0,0.0,0.0,0.0,0.0,0.0,0.0,0.0,0.0,0.0
2019-10-05,0.0,0.0,0.0,0.0,0.0,0.0,0.0,0.0,0.0,0.0,0.0
2019-10-06,0.0,0.0,0.0,0.0,0.0,0.0,0.0,0.0,0.0,0.0,0.0
2019-10-07,0.0,0.0,0.0,0.0,0.0,0.0,0.0,0.0,0.0,0.0,0.0
2019-10-08,0.0,0.0,0.0,0.0,0.0,0.0,0.0,0.0,0.0,0.0,0.0
2019-10-09,0.0,0.0,0.0,0.0,0.0,0.0,0.0,0.0,0.0,0.0,0.0
2019-10-10,0.0,0.0,0.0,0.0,0.0,0.0,0.0,0.0,0.0,0.0,0.0
2019-10-11,0.0,0.0,0.0,0.0,0.0,0.0,0.0,0.0,0.0,0.0,0.0
2019-10-12,0.0,0.0,0.0,0.0,0.0,0.0,0.0,0.0,0.0,0.0,0.0
2019-10-13,0.0,0.0,0.0,0.0,0.0,0.0,0.0,0.0,0.0,0.0,0.0
2019-10-14,0.0,0.0,0.0,0.0,0.0,0.0,0.0,0.0,0.0,0.0,0.0
2019-10-15,0.0,0.0,0.0,0.0,0.0,0.0,0.0,0.0,0.0,0.0,0.0
2019-10-16,0.0,0.0,0.0,0.0,0.0,0.0,0.0,0.0,0.0,0.0,0.0
2019-10-17,0.0,0.0,0.0,0.0,0.0,0.0,0.0,0.0,0.0,0.0,0.0
2019-10-18,0.0,0.0,0.0,0.0,0.0,0.0,0.0,0.0,0.0,0.0,0.0
2019-10-19,0.0,0.0,0.0,0.0,0.0,0.0,0.0,0.0,0.0,0.0,0.0
2019-10-20,0.0,0.0,0.0,0.0,0.0,0.0,0.0,0.0,0.0,0.0,0.0
2019-10-21,0.0,0.0,0.0,0.0,0.0,0.0,0.0,0.0,0.0,0.0,0.0
2019-10-22,0.0,0.0,0.0,0.0,0.0,0.0,0.0,0.0,0.0,0.0,0.0
2019-10-23,0.0,0.0,0.0,0.0,0.0,0.0,0.0,0.0,0.0,0.0,0.0
2019-10-24,0.0,0.0,0.0,0.0,0.0,0.0,0.0,0.0,0.0,0.0,0.0
2019-10-25,0.0,0.0,0.0,0.0,0.0,0.0,0.0,0.0,0.0,0.0,0.0
2019-10-26,0.0,0.0,0.0,0.0,0.0,0.0,0.0,0.0,0.0,0.0,0.0
2019-10-27,0.0,0.0,0.0,0.0,0.0,0.0,0.0,0.0,0.0,0.0,0.0
2019-10-28,0.0,0.0,0.0,0.0,0.0,0.0,0.0,0.0,0.0,0.0,0.0
2019-10-29,0.0,0.0,0.0,0.0,0.0,0.0,0.0,0.0,0.0,0.0,0.0
2019-10-30,0.0,0.0,0.0,0.0,0.0,0.0,0.0,0.0,0.0,0.0,0.0
2019-10-31,0.0,0.0,0.0,0.0,0.0,0.0,0.0,0.0,0.0,0.0,0.5
2019-11-01,0.0,0.0,0.0,0.0,0.0,0.0,0.0,0.0,0.0,0.0,0.0
2019-11-02,0.0,0.0,0.0,0.0,0.0,0.0,0.0,0.0,0.0,0.0,0.0
2019-11-03,0.0,0.0,0.0,0.0,0.0,0.0,0.0,0.0,0.0,0.0,0.0
2019-11-04,0.0,0.0,0.0,0.0,0.0,0.0,0.0,0.0,0.0,0.0,0.0
2019-11-05,0.0,0.0,0.0,0.0,0.0,0.0,0.0,0.0,0.0,0.0,0.0
2019-11-06,0.0,0.0,0.0,0.0,0.0,0.0,0.0,0.0,0.0,0.0,0.0
2019-11-07,0.0,0.0,0.0,0.0,0.0,0.0,0.0,0.0,0.0,0.0,0.0
2019-11-08,0.0,0.0,0.0,0.0,0.0,0.0,0.0,0.0,0.0,0.0,0.0
2019-11-09,0.0,0.0,0.0,0.0,0.0,0.0,0.0,0.0,0.0,0.0,0.0
2019-11-10,0.0,0.0,0.0,0.0,0.0,0.0,0.0,0.0,0.0,0.0,0.0
2019-11-11,0.0,0.0,0.0,0.0,0.0,0.0,0.0,0.0,0.0,0.0,0.0
2019-11-12,0.0,0.0,0.0,0.0,0.0,0.0,0.0,0.0,0.0,0.0,0.0
2019-11-13,0.0,0.0,0.0,0.0,0.0,0.0,0.0,0.0,0.0,0.0,0.0
2019-11-14,0.0,0.0,0.0,0.0,0.0,0.0,0.0,0.0,0.0,0.0,0.0
2019-11-15,0.0,0.0,0.0,0.0,0.0,0.0,0.0,0.0,0.0,0.0,0.0
2019-11-16,0.0,0.0,0.0,0.0,0.0,0.0,0.0,0.0,0.0,0.0,0.0
2019-11-17,0.0,0.0,0.0,0.0,0.0,0.0,0.0,0.0,0.0,0.0,0.0
2019-11-18,0.0,0.0,0.0,0.0,0.0,0.0,0.0,0.0,0.0,0.0,0.0
2019-11-19,0.0,0.0,0.0,0.0,0.0,0.0,0.0,0.0,0.0,0.0,0.0
2019-11-20,0.0,0.0,0.0,0.0,0.0,0.0,0.0,0.0,0.0,1.4,0.0
2019-11-21,0.5555556,9.101266,6.5,2.3333333,0.0,0.0,0.0,0.0,0.0,6.4,0.0
2019-11-22,0.0,8.873418,5.5,2.0666666,0.0,0.0,0.0,0.0,0.0,6.8,0.0
2019-11-23,0.0,8.43038,3.75,1.4666667,0.0,0.0,0.0,0.0,0.0,6.6,0.0
2019-11-24,0.0,7.405063,2.5,0.8,0.0,0.0,0.0,0.0,0.0,5.4,0.0
2019-11-25,0.0,3.6962025,0.75,0.2,0.0,0.0,0.0,0.0,0.0,3.4,0.0
2019-11-26,0.0,3.6962025,0.75,0.2,0.0,0.0,0.0,0.0,0.0,4.8,0.0
2019-11-27,19.0,13.050632,13.5,4.6,18.714285,18.67347,18.09091,22.0,26.0,25.0,14.0
2019-11-28,38.11111,29.886076,50.75,23.266666,43.857143,41.97959,24.969696,40.5,49.0,35.0,21.5
2019-11-29,47.333332,40.873417,71.25,33.6,52.964287,51.02041,26.363636,50.0,60.0,39.0,31.5
2019-11-30,53.666668,49.291138,90.5,43.6,62.285713,59.632652,26.39394,56.0,69.0,37.2,32.0
2019-12-01,63.333332,52.86076,100.75,47.933334,89.57143,86.53061,41.757576,71.5,86.0,53.8,49.0
2019-12-02,86.22222,54.227848,99.25,45.533333,133.35715,127.265305,69.36364,119.5,132.0,86.6,85.5
2019-12-03,89.666664,50.92405,91.25,38.933334,139.32143,134.95918,67.42424,145.0,159.0,108.4,93.5
2019-12-04,89.0,52.3038,95.75,38.466667,134.14285,131.2449,58.454544,144.0,156.0,109.6,93.0
2019-12-05,106.333336,62.759495,107.5,41.866665,161.71428,152.10204,60.484848,152.5,166.0,115.2,96.5
2019-12-06,106.22222,60.83544,103.0,38.866665,161.25,151.22449,57.848484,151.5,164.0,114.0,97.0
2019-12-07,106.888885,58.962025,98.0,34.866665,161.42857,150.7551,55.727272,160.0,172.0,116.6,104.0
2019-12-08,132.55556,60.848103,98.25,33.8,205.71428,188.46939,55.909092,203.5,221.0,147.0,139.0
2019-12-09,138.77777,65.77215,102.0,35.2,216.39285,197.34694,55.272728,215.5,237.0,150.8,143.0
2019-12-10,133.44444,67.88608,112.0,38.2,208.32143,194.16327,51.303032,224.5,235.0,149.0,142.5
2019-12-11,139.44444,63.02532,96.25,32.733334,217.60715,197.67346,52.696968,216.0,237.0,150.4,143.0
2019-12-12,139.55556,59.468353,88.75,30.266666,217.57143,197.32654,52.484848,229.5,257.0,154.2,148.5
2019-12-13,134.55556,52.658226,76.25,26.133333,217.42857,196.14285,50.333332,233.0,256.0,155.4,147.5
2019-12-14,133.55556,48.683544,67.5,23.2,226.25,204.91837,54.0,271.5,302.0,168.8,165.0
2019-12-15,134.66667,49.405064,72.5,24.8,228.46428,207.2449,59.484848,283.5,315.0,176.2,169.5
2019-12-16,133.66667,49.405064,72.5,24.8,225.71428,204.95918,59.484848,280.5,312.0,175.6,170.5
2019-12-17,133.55556,49.405064,72.5,24.8,224.82143,204.0,59.060608,283.0,314.0,176.6,171.0
2019-12-18,134.66667,49.405064,71.75,24.6,227.92857,206.65306,58.909092,284.0,317.0,177.0,171.5
2019-12-19,134.22223,49.405064,71.75,24.6,226.53572,205.36734,64.15151,285.0,319.0,177.0,172.0
2019-12-20,134.33333,49.07595,70.25,24.133333,227.42857,205.93878,63.60606,289.5,325.0,176.2,173.5
2019-12-21,134.22223,46.822784,61.5,21.333334,226.46428,204.22449,61.39394,293.0,330.0,177.4,174.0
2019-12-22,134.55556,44.97468,55.25,19.133333,226.0,203.10204,59.242424,300.0,339.0,172.6,173.0
2019-12-23,141.55556,47.772152,55.75,19.133333,234.60715,210.36734,65.63636,320.0,365.0,181.0,179.0
2019-12-24,151.55556,61.92405,85.75,30.533333,248.03572,222.91837,65.545456,321.5,366.0,184.2,179.0
2019-12-25,153.44444,63.151897,89.5,32.066666,250.5,225.06122,65.63636,322.0,368.0,183.4,179.0
2019-12-26,154.55556,66.974686,91.0,32.8,247.89285,222.71428,66.21212,324.0,371.0,184.0,180.0
2019-12-27,154.44444,71.822784,93.0,33.8,247.25,222.2449,66.15151,325.0,373.0,184.0,180.0
2019-12-28,156.11111,71.822784,93.0,33.8,253.25,227.36734,65.878784,334.0,400.0,196.4,164.0
2019-12-29,155.11111,71.46835,92.5,33.133335,250.07143,224.65306,64.21212,322.0,368.0,184.4,181.5
2019-12-30,155.66667,70.974686,91.0,31.933332,251.07143,225.34694,64.51515,322.5,370.0,185.0,182.0
2019-12-31,155.22223,70.72152,89.5,31.066668,250.14285,224.55103,63.242424,323.0,370.0,185.0,182.5
2020-01-01,155.77777,68.96203,86.0,29.533333,251.32143,224.81633,60.21212,320.0,367.0,186.2,183.5
2020-01-02,155.22223,65.03797,80.0,27.4,251.85715,224.83673,59.21212,327.0,381.0,185.6,184.0
2020-01-03,154.77777,62.151897,75.25,25.8,251.75,223.93878,57.060608,336.0,404.0,197.2,167.5
2020-01-04,153.66667,57.101265,64.25,22.066668,250.03572,221.51021,53.575756,325.5,379.0,186.4,184.5
2020-01-05,152.11111,54.848103,59.0,20.2,248.21428,219.2449,54.60606,324.0,378.0,186.6,185.0
2020-01-06,151.44444,53.772152,56.25,19.2,246.53572,217.61224,54.484848,325.0,377.0,186.0,185.0
2020-01-07,151.66667,52.3038,51.25,17.4,245.71428,216.06122,52.757576,319.5,375.0,187.0,186.5
2020-01-08,152.0,50.911392,48.75,16.333334,246.10715,216.08163,51.727272,317.0,369.0,186.2,186.5
2020-01-09,151.88889,50.873417,48.5,16.266666,245.92857,215.95918,54.515152,317.5,369.0,187.0,188.0
2020-01-10,150.88889,50.873417,48.5,16.266666,243.60715,214.08163,57.81818,313.0,363.0,186.0,190.0
2020-01-11,152.0,50.78481,47.75,15.933333,247.07143,217.0,57.78788,320.0,373.0,188.2,192.0
2020-01-12,151.0,50.78481,47.75,15.933333,245.0,215.28572,58.303032,321.5,373.0,188.2,192.5
2020-01-13,151.88889,50.670887,46.75,15.533334,246.96428,216.89796,59.060608,325.5,377.0,187.6,192.5
2020-01-14,149.88889,50.151897,45.75,15.066667,245.32143,215.53061,68.69697,334.0,389.0,191.0,197.0
2020-01-15,149.44444,50.06329,45.25,14.8,244.39285,214.9796,70.333336,342.0,399.0,192.8,200.5
2020-01-16,150.11111,49.58228,43.5,14.133333,246.10715,216.2653,70.30303,353.0,407.0,193.8,199.5
2020-01-17,169.44444,59.569622,56.5,19.0,268.75,237.61224,89.78788,393.0,475.0,219.4,195.5
2020-01-18,168.55556,59.569622,56.5,19.0,265.57144,234.81633,90.42424,384.0,446.0,219.0,211.5
2020-01-19,169.44444,57.987343,51.0,17.066668,268.42856,236.79591,90.06061,395.5,477.0,222.6,196.5
2020-01-20,169.33333,53.759495,45.25,14.733334,267.39285,234.83673,87.09091,393.0,476.0,222.2,196.5
2020-01-21,168.44444,52.987343,44.75,14.333333,263.7857,231.16327,84.757576,390.0,458.0,219.8,213.5
2020-01-22,168.33333,52.49367,44.5,14.066667,263.82144,231.14285,88.72727,401.5,473.0,222.2,215.5
2020-01-23,167.66667,50.594936,43.75,13.533334,263.5357,230.61224,87.121216,402.0,475.0,223.0,216.5
2020-01-24,167.44444,48.430378,42.0,12.4,263.17856,229.51021,84.30303,404.0,479.0,225.8,218.5
2020-01-25,165.44444,46.177216,40.5,11.466666,262.07144,228.06122,81.818184,401.0,475.0,225.4,218.5
2020-01-26,163.66667,43.670887,38.5,10.266666,261.5,226.79591,78.454544,401.5,477.0,226.0,218.0
2020-01-27,166.66667,43.20253,38.0,10.133333,267.82144,233.22449,77.72727,421.5,507.0,232.8,229.0
2020-01-28,163.33333,52.329113,54.5,14.533334,278.9643,249.59184,84.818184,436.5,512.0,232.0,228.5
2020-01-29,166.33333,41.63291,36.25,9.666667,269.07144,233.83673,75.969696,424.5,513.0,232.4,228.5
2020-01-30,166.33333,41.620255,36.0,9.6,269.17856,233.69388,73.242424,426.0,515.0,231.8,230.0
2020-01-31,165.33333,40.240505,34.75,9.266666,268.17856,232.2449,68.818184,427.5,519.0,233.4,229.0
2020-02-01,161.11111,36.810127,31.75,8.466666,266.0357,229.28572,61.454544,423.0,517.0,230.2,226.5
2020-02-02,153.55556,30.962025,27.0,7.2,261.07144,224.04082,56.18182,420.5,515.0,227.6,220.0
2020-02-03,152.44444,30.962025,27.0,7.2,258.67856,221.7551,56.18182,424.0,516.0,228.4,222.5
2020-02-04,151.22223,30.962025,27.0,7.2,253.71428,217.18367,56.18182,391.5,488.0,217.0,186.5
2020-02-05,152.66667,30.962025,27.0,7.2,257.5,220.2449,56.18182,426.5,527.0,231.2,224.0
2020-02-06,153.33333,30.936708,27.0,7.2,260.0357,222.53061,54.666668,422.0,529.0,235.8,225.0
2020-02-07,150.77777,29.506329,25.25,6.733333,259.5,221.85715,50.696968,424.0,529.0,236.2,224.0
2020-02-08,147.55556,27.594936,22.5,6.0,257.57144,219.20409,46.424244,423.0,527.0,233.4,219.5
2020-02-09,146.11111,26.632912,21.0,5.6,257.0,218.38776,46.030304,429.0,530.0,233.0,217.0
2020-02-10,145.22223,26.632912,21.0,5.6,254.85715,216.2653,46.0,435.5,535.0,232.0,217.5
2020-02-11,145.66667,26.58228,20.5,5.4666667,255.78572,216.93878,44.242424,433.5,535.0,230.4,215.5
2020-02-12,145.44444,26.303797,19.5,5.2,254.39285,214.93878,41.030304,431.5,537.0,234.4,215.5
2020-02-13,145.77777,26.113924,18.5,4.9333334,254.96428,215.32654,38.151516,429.0,534.0,234.8,215.5
2020-02-14,145.11111,25.936708,17.5,4.6666665,253.03572,213.38776,35.727272,424.5,525.0,233.2,214.0
2020-02-15,145.66667,25.759493,16.5,4.4,254.46428,214.63266,33.454544,420.5,517.0,231.4,213.0
2020-02-16,143.88889,25.1519,15.25,4.0666666,254.82143,214.77551,31.454546,418.5,509.0,226.0,210.5
2020-02-17,140.44444,23.949368,13.25,3.5333333,254.85715,214.34694,30.060606,438.0,535.0,228.4,210.0
2020-02-18,140.0,23.518988,12.0,3.2,254.10715,213.2653,29.30303,442.0,545.0,226.8,209.0
2020-02-19,139.11111,23.329113,11.0,2.9333334,252.75,211.7551,28.424242,442.0,545.0,221.0,209.5
2020-02-20,139.11111,23.227848,10.0,2.6666667,252.67857,211.67346,27.636364,442.5,545.0,218.8,208.0
2020-02-21,136.22223,23.164557,8.75,2.3333333,245.57143,205.89796,25.545454,441.0,544.0,212.4,205.0
2020-02-22,140.0,23.01266,7.25,1.9333333,252.78572,210.7347,22.09091,440.5,544.0,208.6,203.0
2020-02-23,145.22223,28.443037,12.75,4.3333335,260.67856,217.48979,18.878788,439.5,543.0,212.4,199.5
2020-02-24,143.0,27.481012,12.0,3.6666667,260.2143,216.65306,17.181818,439.0,542.0,207.2,197.5
2020-02-25,141.22223,25.683544,10.5,2.8,258.92856,214.71428,15.484848,438.0,542.0,205.4,196.0
2020-02-26,139.0,24.405064,7.75,2.0666666,257.32144,212.20409,12.606061,436.5,540.0,202.2,192.0
2020-02-27,135.11111,23.594936,4.5,1.2,254.85715,209.44897,9.636364,433.0,537.0,198.0,185.5
2020-02-28,131.77777,22.607595,0.25,0.06666667,251.07143,205.51021,7.060606,422.5,531.0,191.6,179.5
2020-02-29,128.33333,21.696203,0.0,0.0,248.5,202.55103,6.121212,417.0,531.0,189.6,173.0
2020-03-01,128.33333,21.56962,0.0,0.0,249.14285,202.81633,6.090909,423.5,541.0,185.0,175.0
2020-03-02,133.77777,21.822784,0.0,0.0,249.92857,203.51021,6.090909,430.0,545.0,191.6,181.0
2020-03-03,134.11111,21.822784,0.0,0.0,250.39285,203.81633,6.0,431.5,547.0,196.2,182.5
2020-03-04,132.0,21.341772,0.0,0.0,249.0,200.81633,5.060606,429.5,547.0,189.0,178.5
2020-03-05,127.0,20.468355,0.0,0.0,245.39285,196.89796,4.181818,419.0,543.0,183.4,169.0
2020-03-06,119.0,19.594936,0.0,0.0,228.21428,181.06122,3.5757575,309.5,426.0,187.4,121.0
2020-03-07,118.333336,19.113924,0.0,0.0,242.96428,193.69388,3.3333333,404.5,534.0,166.8,137.0
2020-03-08,112.44444,19.113924,0.0,0.0,225.53572,178.10204,7.030303,302.5,417.0,181.0,112.5
2020-03-09,112.44444,19.113924,0.0,0.0,225.53572,178.10204,7.4545455,303.5,418.0,181.0,112.5
2020-03-10,117.55556,19.113924,0.0,0.0,241.78572,192.46939,6.151515,355.5,446.0,158.2,139.0
2020-03-11,121.111115,23.43038,0.0,0.0,243.57143,193.51021,3.3939395,358.0,452.0,156.6,133.0
2020-03-12,120.111115,23.01266,0.0,0.0,243.21428,192.89796,3.030303,356.0,453.0,152.4,124.5
2020-03-13,118.666664,22.367088,0.0,0.0,242.78572,191.93878,2.4848485,346.0,445.0,155.6,116.0
2020-03-14,116.888885,22.354431,0.0,0.0,242.07143,191.10204,2.3333333,383.5,515.0,146.4,111.0
2020-03-15,118.666664,22.898735,0.5,0.13333334,240.82143,190.77551,17.39394,326.0,447.0,203.0,121.5
2020-03-16,139.22223,23.037975,0.75,0.2,289.42856,236.2449,38.242424,506.0,647.0,207.0,197.5
2020-03-17,164.55556,37.79747,37.75,17.466667,321.64285,267.65308,52.424244,541.0,684.0,231.0,226.5
2020-03-18,165.44444,38.037975,38.25,17.733334,322.0357,268.08163,70.545456,552.5,696.0,229.2,232.5
2020-03-19,166.0,37.949368,38.25,17.466667,323.67856,269.87756,71.90909,562.0,705.0,231.6,237.0
2020-03-20,169.0,39.13924,44.25,19.333334,328.17856,273.97958,70.06061,565.0,707.0,232.0,238.0
2020-03-21,170.55556,40.253166,44.0,17.866667,328.7143,274.2449,66.09091,565.0,707.0,231.8,238.0
2020-03-22,170.44444,40.253166,42.0,15.533334,329.5,274.89795,57.575756,565.0,707.0,227.8,237.0
2020-03-23,174.77777,51.101265,44.75,15.866667,335.85715,279.57144,49.363636,565.0,707.0,224.4,236.5
2020-03-24,176.55556,51.468353,44.5,15.266666,341.14285,283.83673,47.39394,571.5,716.0,227.2,238.5
2020-03-25,180.77777,50.392406,40.0,13.6,355.89285,298.40817,54.151516,596.0,745.0,239.8,250.5
2020-03-26,183.66667,53.41772,54.25,19.133333,362.60715,304.8163,57.090908,602.0,753.0,242.2,251.5
2020-03-27,187.44444,55.126583,57.75,20.933332,366.60715,308.5102,57.121212,603.5,754.0,242.8,253.0
2020-03-28,188.44444,55.07595,58.25,20.933332,367.89285,309.38776,56.454544,606.0,758.0,244.8,253.5
2020-03-29,189.33333,54.873417,56.25,19.466667,369.92856,311.42856,57.484848,609.5,761.0,250.4,256.5
2020-03-30,192.11111,56.379745,58.75,20.133333,372.89285,313.4898,55.21212,614.5,766.0,251.0,257.5
2020-03-31,189.88889,54.151897,47.75,16.533333,375.0,314.63266,53.303032,615.5,767.0,250.2,259.5
2020-04-01,174.0,45.531647,27.5,9.533334,356.4643,295.42856,48.757576,456.0,600.0,282.8,192.5
2020-04-02,175.0,42.101265,25.5,8.133333,369.57144,306.73468,47.848484,617.5,768.0,243.0,254.5
2020-04-03,175.44444,40.55696,25.0,7.5333333,370.60715,307.30612,46.666668,617.5,768.0,240.4,254.0
2020-04-04,172.88889,38.49367,24.0,6.5333333,367.9643,303.89795,43.757576,618.0,770.0,237.0,254.0
2020-04-05,172.66667,36.72152,22.25,5.9333334,373.0,308.2245,54.0,629.5,782.0,236.4,259.5
2020-04-06,214.0,48.430378,34.75,9.866667,428.0,360.63266,66.333336,672.0,824.0,267.4,297.5
2020-04-07,228.66667,59.227848,53.0,16.733334,442.07144,373.73468,64.606064,687.5,840.0,273.0,305.0
2020-04-08,231.0,74.974686,56.5,18.6,443.42856,374.34692,57.909092,690.5,843.0,275.6,301.0
2020-04-09,234.66667,101.43038,72.25,25.0,445.57144,374.2449,42.81818,603.0,703.0,274.2,290.5
2020-04-10,244.22223,104.417725,73.5,25.533333,450.89285,377.97958,33.575756,490.5,526.0,281.0,301.5
2020-04-11,244.0,102.27848,69.75,24.266666,451.5357,377.59183,22.60606,685.0,843.0,278.6,274.0
2020-04-12,236.66667,94.177216,56.5,19.533333,446.4643,370.10205,12.575758,675.5,843.0,266.0,255.5
2020-04-13,231.33333,83.03797,47.5,15.666667,442.07144,364.83673,8.090909,576.0,685.0,257.8,245.0
2020-04-14,231.33333,77.07595,45.75,14.066667,439.57144,361.7755,6.181818,662.5,828.0,253.4,240.5
2020-04-15,230.0,73.96203,44.25,12.6,438.67856,359.73468,4.121212,522.5,685.0,341.8,195.5
2020-04-16,221.11111,66.36709,39.75,10.6,431.5,351.79593,3.090909,458.5,599.0,299.8,159.5
2020-04-17,215.11111,58.27848,35.25,9.4,424.85715,343.9592,2.3636363,447.0,588.0,293.6,149.5
2020-04-18,221.22223,57.6962,34.0,9.066667,438.25,353.0,1.7272727,618.5,787.0,233.8,194.5
2020-04-19,220.0,58.101265,34.25,9.133333,437.67856,351.93878,1.2121212,603.5,766.0,226.4,181.0
2020-04-20,219.0,56.02532,32.75,8.733334,437.75,351.7755,0.8484849,591.0,748.0,222.8,170.0
2020-04-21,220.66667,56.050632,31.75,8.466666,438.85715,352.14285,0.45454547,586.5,743.0,220.2,158.5
2020-04-22,215.22223,52.911392,28.5,7.6,424.25,337.5306,0.0,410.5,546.0,275.4,106.0
2020-04-23,205.88889,48.113926,21.75,5.8,412.5357,325.10205,0.0,392.5,528.0,261.2,88.5
2020-04-24,198.44444,41.607594,12.5,3.3333333,425.42856,335.5306,0.0,515.0,673.0,184.4,87.5
2020-04-25,188.88889,35.16456,0.0,0.0,417.5,327.55103,0.0,480.0,644.0,168.4,68.0
2020-04-26,177.77777,29.518988,0.0,0.0,405.0,315.89795,0.0,437.5,616.0,154.6,50.0
2020-04-27,167.88889,25.759493,0.0,0.0,388.9643,301.34692,0.0,403.0,585.0,141.2,34.0
2020-04-28,155.44444,21.696203,0.0,0.0,371.9643,286.2245,0.0,364.5,551.0,127.2,17.0
2020-04-29,137.66667,16.594936,0.0,0.0,340.0,257.4898,0.0,300.5,502.0,106.0,0.0
2020-04-30,124.666664,10.92405,0.0,0.0,302.7143,226.38776,0.0,235.0,452.0,81.8,0.0
2020-05-01,114.55556,7.329114,0.0,0.0,271.7857,202.28572,0.0,203.5,411.0,108.0,0.0
2020-05-02,107.0,5.924051,0.0,0.0,245.64285,182.2653,0.0,176.5,384.0,94.2,0.0
2020-05-03,103.55556,4.974684,0.0,0.0,238.71428,176.93878,0.0,154.0,353.0,85.0,0.0
2020-05-04,101.666664,4.481013,0.0,0.0,235.07143,174.12245,0.0,136.5,327.0,81.2,0.0
2020-05-05,98.333336,4.050633,0.0,0.0,229.60715,170.0204,0.0,113.0,292.0,77.8,0.0
2020-05-06,92.333336,3.341772,0.0,0.0,208.32143,153.0,0.0,69.5,206.0,67.0,0.0
2020-05-07,85.22222,2.379747,0.0,0.0,205.25,152.14285,0.0,56.5,234.0,41.8,0.0
2020-05-08,76.22222,1.4556962,0.0,0.0,189.46428,140.04082,0.0,37.0,178.0,28.2,0.0
2020-05-09,64.22222,0.7468355,0.0,0.0,160.5,117.081635,0.0,9.0,108.0,16.2,0.0
2020-05-10,51.77778,0.4177215,0.0,0.0,149.75,109.67347,0.0,0.0,56.0,1.0,0.0
2020-05-11,41.11111,0.17721519,0.0,0.0,133.03572,96.89796,0.0,0.0,13.0,0.0,0.0
2020-05-12,36.333332,0.050632913,0.0,0.0,127.78571,92.97959,0.0,0.0,0.0,0.0,0.0
2020-05-13,34.666668,0.025316456,0.0,0.0,127.17857,92.46939,0.0,1.0,1.0,0.0,0.0
2020-05-14,33.333332,0.0,0.0,0.0,125.07143,90.77551,0.0,1.5,0.0,0.0,0.0
2020-05-15,33.0,0.0,0.0,0.0,121.85714,88.85714,0.0,2.0,0.0,0.0,0.0
2020-05-16,28.11111,0.0,0.0,0.0,119.14286,86.265305,0.0,0.0,0.0,0.0,0.0
2020-05-17,23.444445,0.0,0.0,0.0,109.17857,78.5102,0.0,0.0,0.0,0.0,0.0
2020-05-18,19.333334,0.0,0.0,0.0,99.42857,70.61224,0.0,0.0,0.0,0.0,0.0
2020-05-19,28.11111,1.2151898,5.0,1.3333334,126.46429,95.36735,0.0,12.0,11.0,7.6,1.5
2020-05-20,29.0,2.9240506,6.75,1.8,125.53571,96.734695,0.0,15.0,13.0,8.4,0.0
2020-05-21,28.222221,1.7974683,5.5,1.4666667,125.5,95.79592,0.0,10.5,7.0,6.4,0.0
2020-05-22,27.222221,0.6455696,0.25,0.06666667,133.5,98.38776,0.0,2.0,0.0,2.4,0.0
2020-05-23,26.777779,0.39240506,0.0,0.0,129.46428,94.36735,0.0,0.0,0.0,0.0,0.0
2020-05-24,24.11111,0.17721519,0.0,0.0,123.0,88.55102,0.0,0.0,0.0,0.0,0.0
2020-05-25,20.0,0.0,0.0,0.0,109.67857,77.77551,0.0,0.0,0.0,0.0,0.0
2020-05-26,12.666667,0.0,0.0,0.0,93.92857,66.44898,0.0,0.0,0.0,0.0,0.0
2020-05-27,5.3333335,0.0,0.0,0.0,72.67857,50.69388,0.0,0.0,0.0,0.0,0.0
2020-05-28,0.0,0.0,0.0,0.0,57.714287,38.77551,0.0,0.0,0.0,0.0,0.0
2020-05-29,0.0,0.0,0.0,0.0,41.92857,26.795918,0.0,0.0,0.0,0.0,0.0
2020-05-30,0.0,0.0,0.0,0.0,29.928572,17.265306,0.0,0.0,0.0,0.0,0.0
2020-05-31,0.0,0.0,0.0,0.0,24.928572,14.244898,0.0,0.0,0.0,0.0,0.0
2020-06-01,0.0,0.0,0.0,0.0,22.75,13.0,0.0,0.0,0.0,0.0,0.0
2020-06-02,0.0,0.0,0.0,0.0,21.178572,12.102041,0.0,0.0,0.0,0.0,0.0
2020-06-03,0.0,0.0,0.0,0.0,17.464285,9.979591,0.0,0.0,0.0,0.0,0.0
2020-06-04,0.0,0.0,0.0,0.0,12.892858,7.367347,0.0,0.0,0.0,0.0,0.0
2020-06-05,0.0,0.0,0.0,0.0,9.714286,5.5510206,0.0,0.0,0.0,0.0,0.0
2020-06-06,0.0,0.0,0.0,0.0,7.785714,4.4489794,0.0,0.0,0.0,0.0,0.0
2020-06-07,0.0,0.0,0.0,0.0,7.25,4.142857,0.0,0.0,0.0,0.0,0.0
2020-06-08,0.0,0.0,0.0,0.0,7.821429,4.4693875,0.0,0.5,0.0,0.8,0.0
2020-06-09,0.0,0.0,0.0,0.0,7.571429,4.3265305,0.0,0.0,0.0,0.0,0.0
2020-06-10,0.0,0.0,0.0,0.0,7.142857,4.0816326,0.0,0.0,0.0,0.0,0.0
2020-06-11,0.0,0.0,0.0,0.0,6.0,3.4285715,0.0,0.0,0.0,0.0,0.0
2020-06-12,0.0,0.0,0.0,0.0,5.285714,3.0204082,0.0,0.0,0.0,0.0,0.0
2020-06-13,0.0,0.0,0.0,0.0,5.25,3.0,0.0,0.0,0.0,0.0,0.0
2020-06-14,0.0,0.0,0.0,0.0,5.285714,3.0204082,0.0,0.0,0.0,0.0,0.0
2020-06-15,0.0,0.0,0.0,0.0,5.107143,2.9183674,0.0,0.0,0.0,0.0,0.0
2020-06-16,0.0,0.0,0.0,0.0,4.714286,2.6938775,0.0,0.0,0.0,0.0,0.0
2020-06-17,0.0,0.0,0.0,0.0,4.5,2.5714285,0.0,0.0,0.0,0.0,0.0
2020-06-18,0.0,0.0,0.0,0.0,4.25,2.4285715,0.0,0.0,0.0,0.0,0.0
2020-06-19,0.0,0.0,0.0,0.0,3.642857,2.0816326,0.0,0.0,0.0,0.0,0.0
2020-06-20,0.0,0.0,0.0,0.0,2.892857,1.6530613,0.0,0.0,0.0,0.0,0.0
2020-06-21,0.0,0.0,0.0,0.0,1.7857143,1.0204082,0.0,0.0,0.0,0.0,0.0
2020-06-22,0.0,0.0,0.0,0.0,0.4642857,0.26530612,0.0,0.0,0.0,0.0,0.0
2020-06-23,0.0,0.0,0.0,0.0,0.0,0.0,0.0,0.0,0.0,0.0,0.0
2020-06-24,0.0,0.0,0.0,0.0,0.0,0.0,0.0,0.0,0.0,0.0,0.0
2020-06-25,0.0,0.0,0.0,0.0,0.0,0.0,0.0,0.0,0.0,0.0,0.0
2020-06-26,0.0,0.0,0.0,0.0,0.0,0.0,0.0,0.0,0.0,0.0,0.0
2020-06-27,0.0,0.0,0.0,0.0,0.0,0.0,0.0,0.0,0.0,0.0,0.0
2020-06-28,0.0,0.0,0.0,0.0,0.0,0.0,0.0,0.0,0.0,0.0,0.0
2020-06-29,0.0,0.0,0.0,0.0,0.0,0.0,0.0,0.0,0.0,0.0,0.0
2020-06-30,0.0,0.0,0.0,0.0,0.0,0.0,0.0,0.0,0.0,0.0,0.0
2020-07-01,0.0,0.0,0.0,0.0,0.0,0.0,0.0,0.0,0.0,0.0,0.0
2020-07-02,0.0,0.0,0.0,0.0,0.0,0.0,0.0,0.0,0.0,0.0,0.0
2020-07-03,0.0,0.0,0.0,0.0,0.0,0.0,0.0,0.0,0.0,0.0,0.0
2020-07-04,0.0,0.0,0.0,0.0,0.0,0.0,0.0,0.0,0.0,0.0,0.0
2020-07-05,0.0,0.0,0.0,0.0,0.0,0.0,0.0,0.0,0.0,0.0,0.0
2020-07-06,0.0,0.0,0.0,0.0,0.0,0.0,0.0,0.0,0.0,0.0,0.0
2020-07-07,0.0,0.0,0.0,0.0,0.0,0.0,0.0,0.0,0.0,0.0,0.0
2020-07-08,0.0,0.0,0.0,0.0,0.0,0.0,0.0,0.0,0.0,0.0,0.0
2020-07-09,0.0,0.0,0.0,0.0,0.0,0.0,0.0,0.0,0.0,0.0,0.0
2020-07-10,0.0,0.0,0.0,0.0,0.0,0.0,0.0,0.0,0.0,0.0,0.0
2020-07-11,0.0,0.0,0.0,0.0,0.0,0.0,0.0,0.0,0.0,0.0,0.0
2020-07-12,0.0,0.0,0.0,0.0,0.0,0.0,0.0,0.0,0.0,0.0,0.0
2020-07-13,0.0,0.0,0.0,0.0,0.0,0.0,0.0,0.0,0.0,0.0,0.0
2020-07-14,0.0,0.0,0.0,0.0,0.0,0.0,0.0,0.0,0.0,0.0,0.0
2020-07-15,0.0,0.0,0.0,0.0,0.0,0.0,0.0,0.0,0.0,0.0,0.0
2020-07-16,0.0,0.0,0.0,0.0,0.0,0.0,0.0,0.0,0.0,0.0,0.0
2020-07-17,0.0,0.0,0.0,0.0,0.0,0.0,0.0,0.0,0.0,0.0,0.0
2020-07-18,0.0,0.0,0.0,0.0,0.0,0.0,0.0,0.0,0.0,0.0,0.0
2020-07-19,0.0,0.0,0.0,0.0,0.0,0.0,0.0,0.0,0.0,0.0,0.0
2020-07-20,0.0,0.0,0.0,0.0,0.0,0.0,0.0,0.0,0.0,0.0,0.0
2020-07-21,0.0,0.0,0.0,0.0,0.0,0.0,0.0,0.0,0.0,0.0,0.0
2020-07-22,0.0,0.0,0.0,0.0,0.0,0.0,0.0,0.0,0.0,0.0,0.0
2020-07-23,0.0,0.0,0.0,0.0,0.0,0.0,0.0,0.0,0.0,0.0,0.0
2020-07-24,0.0,0.0,0.0,0.0,0.0,0.0,0.0,0.0,0.0,0.0,0.0
2020-07-25,0.0,0.0,0.0,0.0,0.0,0.0,0.0,0.0,0.0,0.0,0.0
2020-07-26,0.0,0.0,0.0,0.0,0.0,0.0,0.0,0.0,0.0,0.0,0.0
2020-07-27,0.0,0.0,0.0,0.0,0.0,0.0,0.0,0.0,0.0,0.0,0.0
2020-07-28,0.0,0.0,0.0,0.0,0.0,0.0,0.0,0.0,0.0,0.0,0.0
2020-07-29,0.0,0.0,0.0,0.0,0.0,0.0,0.0,0.0,0.0,0.0,0.0
2020-07-30,0.0,0.0,0.0,0.0,0.0,0.0,0.0,0.0,0.0,0.0,0.0
2020-07-31,0.0,0.0,0.0,0.0,0.0,0.0,0.0,0.0,0.0,0.0,0.0
2020-08-01,0.0,0.0,0.0,0.0,0.0,0.0,0.0,0.0,0.0,0.0,0.0
2020-08-02,0.0,0.0,0.0,0.0,0.0,0.0,0.0,0.0,0.0,0.0,0.0
2020-08-03,0.0,0.0,0.0,0.0,0.0,0.0,0.0,0.0,0.0,0.0,0.0
2020-08-04,0.0,0.0,0.0,0.0,0.0,0.0,0.0,0.0,0.0,0.0,0.0
2020-08-05,0.0,0.0,0.0,0.0,0.0,0.0,0.0,0.0,0.0,0.0,0.0
2020-08-06,0.0,0.0,0.0,0.0,0.0,0.0,0.0,0.0,0.0,0.0,0.0
2020-08-07,0.0,0.0,0.0,0.0,0.0,0.0,0.0,0.0,0.0,0.0,0.0
2020-08-08,0.0,0.0,0.0,0.0,0.0,0.0,0.0,0.0,0.0,0.0,0.0
2020-08-09,0.0,0.0,0.0,0.0,0.0,0.0,0.0,0.0,0.0,0.0,0.0
2020-08-10,0.0,0.0,0.0,0.0,0.0,0.0,0.0,0.0,0.0,0.0,0.0
2020-08-11,0.0,0.0,0.0,0.0,0.0,0.0,0.0,0.0,0.0,0.0,0.0
2020-08-12,0.0,0.0,0.0,0.0,0.0,0.0,0.0,0.0,0.0,0.0,0.0
2020-08-13,0.0,0.0,0.0,0.0,0.0,0.0,0.0,0.0,0.0,0.0,0.0
2020-08-14,0.0,0.0,0.0,0.0,0.0,0.0,0.0,0.0,0.0,0.0,0.0
2020-08-15,0.0,0.0,0.0,0.0,0.0,0.0,0.0,0.0,0.0,0.0,0.0
2020-08-16,0.0,0.0,0.0,0.0,0.0,0.0,0.0,0.0,0.0,0.0,0.0
2020-08-17,0.0,0.0,0.0,0.0,0.0,0.0,0.0,0.0,0.0,0.0,0.0
2020-08-18,0.0,0.0,0.0,0.0,0.0,0.0,0.0,0.0,0.0,0.0,0.0
2020-08-19,0.0,0.0,0.0,0.0,0.0,0.0,0.0,0.0,0.0,0.0,0.0
2020-08-20,0.0,0.0,0.0,0.0,0.0,0.0,0.0,0.0,0.0,0.0,0.0
2020-08-21,0.0,0.0,0.0,0.0,0.0,0.0,0.0,0.0,0.0,0.0,0.0
2020-08-22,0.0,0.0,0.0,0.0,0.0,0.0,0.0,0.0,0.0,0.0,0.0
2020-08-23,0.0,0.0,0.0,0.0,0.0,0.0,0.0,0.0,0.0,0.0,0.0
2020-08-24,0.0,0.0,0.0,0.0,0.0,0.0,0.0,0.0,0.0,0.0,0.0
2020-08-25,0.0,0.0,0.0,0.0,0.0,0.0,0.0,0.0,0.0,0.0,0.0
2020-08-26,0.0,0.0,0.0,0.0,0.0,0.0,0.0,0.0,0.0,0.0,0.0
2020-08-27,0.0,0.0,0.0,0.0,0.0,0.0,0.0,0.0,0.0,0.0,0.0
2020-08-28,0.0,0.0,0.0,0.0,0.0,0.0,0.0,0.0,0.0,0.0,0.0
2020-08-29,0.0,0.0,0.0,0.0,0.0,0.0,0.0,0.0,0.0,0.0,0.0
2020-08-30,0.0,0.0,0.0,0.0,0.0,0.0,0.0,0.0,0.0,0.0,0.0
2020-08-31,0.0,0.0,0.0,0.0,0.0,0.0,0.0,0.0,0.0,0.0,0.0
2020-09-01,0.0,0.0,0.0,0.0,0.0,0.0,0.0,0.0,0.0,0.0,0.0
2020-09-02,0.0,0.0,0.0,0.0,0.0,0.0,0.0,0.0,0.0,0.0,0.0
2020-09-03,0.0,0.0,0.0,0.0,0.0,0.0,0.0,0.0,0.0,0.0,0.0
2020-09-04,0.0,0.0,0.0,0.0,0.0,0.0,0.0,0.0,0.0,0.0,0.0
2020-09-05,0.0,0.0,0.0,0.0,0.0,0.0,0.0,0.0,0.0,0.0,0.0
2020-09-06,0.0,0.0,0.0,0.0,0.0,0.0,0.0,0.0,0.0,0.0,0.0
2020-09-07,0.0,0.0,0.0,0.0,0.0,0.0,0.0,0.0,0.0,0.0,0.0
2020-09-08,0.0,0.0,0.0,0.0,0.0,0.0,0.0,0.0,0.0,0.0,0.0
2020-09-09,0.0,0.0,0.0,0.0,0.0,0.0,0.0,0.0,0.0,0.0,0.0
2020-09-10,0.0,0.0,0.0,0.0,0.0,0.0,0.0,0.0,0.0,0.0,0.0
2020-09-11,0.0,0.0,0.0,0.0,0.0,0.0,0.0,0.0,0.0,0.0,0.0
2020-09-12,0.0,0.0,0.0,0.0,0.0,0.0,0.0,0.0,0.0,0.0,0.0
2020-09-13,0.0,0.0,0.0,0.0,0.0,0.0,0.0,0.0,0.0,0.0,0.0
2020-09-14,0.0,0.0,0.0,0.0,0.0,0.0,0.0,0.0,0.0,0.0,0.0
2020-09-15,0.0,0.0,0.0,0.0,0.0,0.0,0.0,0.0,0.0,0.0,0.0
2020-09-16,0.0,0.0,0.0,0.0,0.0,0.0,0.0,0.0,0.0,0.0,0.0
2020-09-17,0.0,0.0,0.0,0.0,0.0,0.0,0.0,0.0,0.0,0.0,0.0
2020-09-18,0.0,0.0,0.0,0.0,0.0,0.0,0.0,0.0,0.0,0.0,0.0
2020-09-19,0.0,0.0,0.0,0.0,0.0,0.0,0.0,0.0,0.0,0.0,0.0
2020-09-20,0.0,0.0,0.0,0.0,0.0,0.0,0.0,0.0,0.0,0.0,0.0
2020-09-21,0.0,0.0,0.0,0.0,0.0,0.0,0.0,0.0,0.0,0.0,0.0
2020-09-22,0.0,0.0,0.0,0.0,0.0,0.0,0.0,0.0,0.0,0.0,0.0
2020-09-23,0.0,0.0,0.0,0.0,0.0,0.0,0.0,0.0,0.0,0.0,0.0
2020-09-24,0.0,0.0,0.0,0.0,0.0,0.0,0.0,0.0,0.0,0.0,0.0
2020-09-25,0.0,0.0,0.0,0.0,0.0,0.0,0.0,0.0,0.0,0.0,0.0
2020-09-26,0.0,0.0,0.0,0.0,0.0,0.0,0.0,0.0,0.0,0.0,0.0
2020-09-27,0.0,0.0,0.0,0.0,0.0,0.0,0.0,0.0,0.0,0.0,0.0
2020-09-28,0.0,0.0,0.0,0.0,0.0,0.0,0.0,0.0,0.0,0.0,0.0
2020-09-29,0.0,0.0,0.0,0.0,0.0,0.0,0.0,0.0,0.0,0.0,0.0
2020-09-30,0.0,0.0,0.0,0.0,0.0,0.0,0.0,0.0,0.0,0.0,0.0
2020-10-01,0.0,0.0,0.0,0.0,0.0,0.0,0.0,0.0,0.0,0.0,0.0
2020-10-02,0.0,0.0,0.0,0.0,0.0,0.0,0.0,0.0,0.0,0.0,0.0
2020-10-03,0.0,0.0,0.0,0.0,0.0,0.0,0.0,0.0,0.0,0.0,0.0
2020-10-04,0.0,0.0,0.0,0.0,0.0,0.0,0.0,0.0,0.0,0.0,0.0
2020-10-05,0.0,0.0,0.0,0.0,0.0,0.0,0.0,0.0,0.0,0.0,0.0
2020-10-06,0.0,0.0,0.0,0.0,0.0,0.0,0.0,0.0,0.0,0.0,0.0
2020-10-07,0.0,0.0,0.0,0.0,0.0,0.0,0.0,0.0,0.0,0.0,0.0
2020-10-08,0.0,0.0,0.0,0.0,0.0,0.0,0.0,0.0,0.0,0.0,0.0
2020-10-09,0.0,0.0,0.0,0.0,0.0,0.0,0.0,0.0,0.0,0.0,0.0
2020-10-10,0.0,0.0,0.0,0.0,0.0,0.0,0.0,0.0,0.0,0.0,0.0
2020-10-11,0.0,0.0,0.0,0.0,0.0,0.0,0.0,0.0,0.0,0.0,0.0
2020-10-12,0.0,0.0,0.0,0.0,0.0,0.0,0.0,0.0,0.0,0.0,0.0
2020-10-13,0.0,0.0,0.0,0.0,0.0,0.0,0.0,0.0,0.0,0.0,0.0
2020-10-14,0.0,0.0,0.0,0.0,0.0,0.0,0.0,0.0,0.0,0.0,0.0
2020-10-15,0.0,0.0,0.0,0.0,0.0,0.0,0.0,0.0,0.0,0.0,0.0
2020-10-16,0.0,0.0,0.0,0.0,0.0,0.0,0.0,0.0,0.0,0.0,0.0
2020-10-17,0.0,0.0,0.0,0.0,0.0,0.0,0.0,0.0,0.0,0.0,0.0
2020-10-18,0.0,0.0,0.0,0.0,0.0,0.0,0.0,0.0,0.0,0.0,0.0
2020-10-19,0.0,0.0,0.0,0.0,0.0,0.0,0.0,0.0,0.0,0.0,0.0
2020-10-20,0.0,0.0,0.0,0.0,0.0,0.0,0.0,0.0,0.0,0.0,0.0
2020-10-21,0.0,0.0,0.0,0.0,0.0,0.0,0.0,0.0,0.0,0.0,0.0
2020-10-22,0.0,0.0,0.0,0.0,0.0,0.0,0.0,0.0,0.0,0.0,0.0
2020-10-23,0.0,0.0,0.0,0.0,0.0,0.0,0.0,0.0,0.0,0.0,0.0
2020-10-24,0.0,0.0,0.0,0.0,0.0,0.0,0.0,0.0,0.0,0.0,0.0
2020-10-25,0.0,0.0,0.0,0.0,0.0,0.0,0.0,0.0,0.0,0.0,0.0
2020-10-26,0.0,0.0,0.0,0.0,0.0,0.0,0.0,0.0,0.0,0.0,0.0
2020-10-27,0.0,0.0,0.0,0.0,0.0,0.0,0.0,0.0,0.0,0.0,0.0
2020-10-28,0.0,0.0,0.0,0.0,0.0,0.0,0.0,0.0,0.0,0.0,0.0
2020-10-29,0.0,0.0,0.0,0.0,0.0,0.0,0.0,0.0,0.0,0.0,0.0
2020-10-30,0.0,0.0,0.0,0.0,0.0,0.0,0.0,0.0,0.0,0.0,0.0
2020-10-31,0.0,0.0,0.0,0.0,0.0,0.0,0.0,0.0,0.0,0.0,0.0
2020-11-01,0.0,0.0,0.0,0.0,0.0,0.0,0.0,0.0,0.0,0.0,0.0
2020-11-02,0.0,0.0,0.0,0.0,0.0,0.0,0.0,0.0,0.0,0.0,0.0
2020-11-03,0.0,0.0,0.0,0.0,0.0,0.0,0.0,0.0,0.0,0.0,0.0
2020-11-04,0.0,0.0,0.0,0.0,0.0,0.0,0.0,0.0,0.0,0.0,0.0
2020-11-05,0.0,0.0,0.0,0.0,0.0,0.0,0.0,0.0,0.0,0.0,0.0
2020-11-06,0.0,0.0,0.0,0.0,0.0,0.0,0.0,0.0,0.0,0.0,0.0
2020-11-07,0.8888889,0.0,0.0,0.0,1.6071428,1.3061224,0.09090909,0.0,0.0,0.0,0.0
2020-11-08,4.3333335,1.2025317,2.5,0.8666667,8.357142,9.346939,0.09090909,9.0,13.0,5.2,5.0
2020-11-09,10.444445,12.1645565,27.75,15.6,19.5,20.693878,0.36363637,15.5,20.0,26.4,7.5
2020-11-10,13.333333,12.050632,29.75,16.4,19.178572,20.510204,0.36363637,15.0,20.0,26.6,7.5
2020-11-11,13.222222,12.07595,29.0,14.8,18.785715,20.081633,0.030303031,16.0,20.0,27.4,7.5
2020-11-12,13.111111,9.810126,24.0,9.733334,18.285715,19.285715,0.0,15.5,20.0,27.4,7.5
2020-11-13,13.111111,7.607595,17.75,6.0666666,18.071428,18.428572,0.0,15.5,22.0,27.8,8.0
2020-11-14,10.555555,6.1392407,10.25,3.6666667,21.428572,22.244898,1.8181819,46.5,61.0,43.4,18.0
2020-11-15,9.666667,3.4683545,5.0,1.6666666,22.75,22.510204,1.6969697,49.5,68.0,43.6,19.0
2020-11-16,7.2222223,0.6962025,0.75,0.2,19.892857,19.163265,0.6969697,50.0,68.0,42.2,16.0
2020-11-17,2.2222223,0.012658228,0.0,0.0,11.821428,10.32653,0.0,37.5,61.0,36.8,7.5
2020-11-18,1.5555556,0.0,0.0,0.0,11.464286,10.183674,0.42424244,57.0,87.0,50.4,6.0
2020-11-19,9.333333,0.0,0.0,0.0,30.821428,28.714285,1.3030303,119.0,154.0,86.0,46.5
2020-11-20,8.888889,0.0,0.0,0.0,31.0,28.693878,1.1515151,119.5,154.0,84.2,47.0
2020-11-21,8.555555,0.0,0.0,0.0,29.964285,26.959183,0.8484849,119.0,154.0,84.2,47.5
2020-11-22,7.4444447,0.0,0.0,0.0,27.107143,23.510204,0.42424244,116.0,154.0,84.0,47.5
2020-11-23,8.333333,0.0,0.0,0.0,25.464285,21.530613,0.3030303,114.5,154.0,84.0,47.5
2020-11-24,8.333333,0.0,0.0,0.0,25.357143,21.571428,0.27272728,114.0,154.0,84.0,47.5
2020-11-25,7.5555553,0.0,0.0,0.0,24.25,20.32653,0.121212125,111.0,153.0,83.4,46.5
2020-11-26,7.4444447,0.0,0.0,0.0,24.178572,20.12245,0.121212125,112.0,155.0,85.0,46.5
2020-11-27,7.4444447,0.0,0.0,0.0,24.178572,20.12245,0.121212125,112.5,155.0,83.2,46.5
2020-11-28,7.3333335,0.0,0.0,0.0,23.785715,19.632652,0.0,112.0,156.0,83.4,47.5
2020-11-29,6.2222223,0.0,0.0,0.0,22.607143,18.408163,0.0,107.0,153.0,81.4,46.5
2020-11-30,6.0,0.0,0.0,0.0,22.107143,17.714285,0.0,103.5,150.0,80.6,45.0
2020-12-01,5.6666665,0.0,0.0,0.0,20.714285,16.367348,0.0,98.5,148.0,79.2,42.5
2020-12-02,4.7777777,0.0,0.0,0.0,18.0,14.020409,0.0,94.0,146.0,77.6,41.5
2020-12-03,4.2222223,0.0,0.0,0.0,16.25,12.367347,0.0,86.5,140.0,75.4,39.5
2020-12-04,4.2222223,0.0,0.0,0.0,15.642858,11.77551,0.0,80.5,136.0,75.0,36.5
2020-12-05,4.111111,0.0,0.0,0.0,15.25,11.244898,0.0,75.5,133.0,71.6,34.0
2020-12-06,3.8888888,0.0,0.0,0.0,14.464286,10.530612,0.0,71.0,131.0,70.4,31.5
2020-12-07,3.8888888,0.0,0.0,0.0,14.428572,10.489796,0.0,70.5,131.0,69.4,30.5
2020-12-08,3.8888888,0.0,0.0,0.0,14.392858,10.428572,0.0,70.5,132.0,69.6,29.5
2020-12-09,3.7777777,0.0,0.0,0.0,13.464286,9.489796,0.0,63.5,126.0,68.4,24.5
2020-12-10,3.7777777,0.0,0.0,0.0,13.285714,9.306123,0.0,64.5,123.0,66.8,20.0
2020-12-11,3.7777777,0.0,0.0,0.0,13.285714,9.306123,0.0,64.0,124.0,66.6,18.5
2020-12-12,7.7777777,0.30379745,0.25,0.13333334,25.857143,21.081633,3.060606,70.0,129.0,66.8,21.0
2020-12-13,9.111111,0.4050633,0.75,0.4,27.642857,23.061224,4.4242425,73.0,142.0,69.4,23.5
2020-12-14,21.0,2.7088609,4.5,1.8,46.964287,44.65306,13.787879,107.5,176.0,99.4,56.5
2020-12-15,28.11111,2.7088609,4.5,1.8,46.75,44.469387,13.242424,110.0,180.0,101.0,56.5
2020-12-16,27.444445,2.658228,4.5,1.8,47.107143,44.591835,13.333333,113.5,185.0,100.2,61.5
2020-12-17,22.11111,1.949367,4.25,1.4,50.642857,47.02041,21.363636,118.5,190.0,105.4,71.0
2020-12-18,29.88889,5.974684,11.5,3.9333334,61.964287,57.816326,22.878788,132.0,205.0,119.0,80.5
2020-12-19,30.444445,5.746835,11.0,3.8,62.464287,58.0,22.575758,131.5,204.0,119.0,84.5
2020-12-20,30.333334,3.113924,6.25,2.0666666,63.107143,57.836735,22.121212,129.0,203.0,118.2,83.5
2020-12-21,29.11111,1.7594937,3.5,0.93333334,64.67857,57.122448,20.0,123.0,198.0,113.4,81.0
2020-12-22,37.77778,1.2911392,2.0,0.53333336,64.71429,55.32653,19.39394,118.5,195.0,112.4,78.0
2020-12-23,37.555557,1.227848,1.5,0.4,64.46429,54.183674,18.666666,118.5,195.0,112.8,78.0
2020-12-24,38.666668,1.227848,0.75,0.2,64.0,52.469387,18.818182,118.0,195.0,112.8,78.5
2020-12-25,38.555557,1.329114,0.25,0.06666667,63.714287,51.69388,18.30303,116.5,195.0,115.6,78.5
2020-12-26,29.555555,1.4556962,0.0,0.0,66.0,55.77551,29.515152,135.0,217.0,126.6,90.0
2020-12-27,32.11111,1.556962,0.0,0.0,70.28571,60.2449,34.18182,154.0,238.0,130.2,104.5
2020-12-28,37.0,13.70886,15.0,5.5333333,79.78571,70.57143,33.21212,159.5,248.0,132.2,104.5
2020-12-29,55.0,17.215189,20.5,7.5333333,83.5,73.83673,33.090908,159.5,248.0,135.4,105.0
2020-12-30,53.666668,17.202532,20.5,7.5333333,83.89286,74.081635,32.78788,160.5,248.0,135.4,106.5
2020-12-31,53.666668,16.56962,19.75,7.2,83.92857,74.20408,35.090908,168.5,256.0,134.8,110.0
2021-01-01,54.22222,16.696203,21.0,7.6666665,83.78571,74.10204,35.21212,171.5,259.0,138.2,111.5
2021-01-02,41.555557,16.29114,19.75,7.266667,84.0,73.63265,35.272728,173.0,263.0,138.8,113.0
2021-01-03,40.77778,15.873418,17.0,6.4666667,84.07143,73.20408,35.666668,176.5,269.0,139.6,115.0
2021-01-04,40.22222,14.746836,15.5,6.0,84.14286,72.55102,37.21212,179.5,271.0,140.2,118.0
2021-01-05,55.88889,13.86076,11.75,4.866667,90.0,79.18367,48.727272,212.0,306.0,152.6,138.5
2021-01-06,42.77778,13.012658,11.0,4.4,90.92857,79.16327,47.333332,215.5,307.0,152.6,138.5
2021-01-07,42.444443,12.253164,9.5,3.4666667,90.5,78.44898,48.878788,216.0,309.0,152.8,139.5
2021-01-08,42.444443,11.64557,8.5,2.8,89.96429,77.63265,49.515152,212.5,308.0,155.6,139.5
2021-01-09,42.555557,11.088608,8.0,2.4,89.5,77.14286,57.151516,212.5,309.0,155.8,139.5
2021-01-10,42.22222,11.025316,8.0,2.1333334,89.64286,76.61224,56.39394,214.5,311.0,155.2,140.5
2021-01-11,42.11111,9.987342,7.0,1.8666667,89.25,75.69388,55.78788,214.0,311.0,154.0,140.5
2021-01-12,54.77778,9.49367,6.0,1.6,89.21429,74.67347,53.363636,212.0,309.0,148.8,139.5
2021-01-13,53.444443,9.329114,4.75,1.2666667,88.25,73.32653,54.060608,211.0,310.0,153.0,137.5
2021-01-14,51.666668,7.35443,2.0,0.53333336,85.07143,69.97959,53.878788,210.0,310.0,151.8,135.5
2021-01-15,38.444443,5.379747,0.0,0.0,79.14286,64.12245,48.636364,202.0,304.0,147.8,131.5
2021-01-16,35.666668,3.379747,0.0,0.0,71.96429,56.77551,54.727272,192.0,297.0,137.8,125.0
2021-01-17,31.666666,2.379747,0.0,0.0,66.42857,51.30612,49.030304,184.0,291.0,133.0,118.0
2021-01-18,34.0,1.7088608,0.0,0.0,62.75,47.57143,42.424244,175.5,284.0,129.0,110.5
2021-01-19,36.555557,1.7341772,0.0,0.0,62.67857,47.469387,40.909092,176.0,285.0,131.6,110.0
2021-01-20,36.555557,1.7468355,0.0,0.0,62.67857,47.469387,39.333332,176.5,285.0,131.6,110.0
2021-01-21,36.555557,1.8607595,0.0,0.0,62.642857,47.387756,37.81818,177.0,284.0,129.0,109.0
2021-01-22,34.0,1.9367088,0.0,0.0,62.5,47.265305,36.878788,175.5,284.0,131.2,108.5
2021-01-23,30.555555,9.70886,9.75,3.4,65.17857,49.89796,28.30303,180.0,287.0,128.6,110.0
2021-01-24,31.11111,11.329114,12.0,4.6666665,65.0,49.877552,33.757576,181.0,288.0,133.4,111.0
2021-01-25,35.444443,18.316456,16.5,7.133333,79.32143,65.67347,33.303032,193.0,302.0,135.2,115.5
2021-01-26,46.444443,25.949368,39.5,23.133333,83.46429,70.20408,33.515152,198.5,309.0,143.4,119.0
2021-01-27,61.555557,35.16456,51.25,28.666666,101.07143,88.42857,46.727272,230.0,337.0,154.6,139.0
2021-01-28,138.77777,49.759495,63.0,30.8,187.92857,175.65306,64.48485,288.0,399.0,206.4,198.0
2021-01-29,182.44444,66.92405,77.0,33.466667,252.03572,242.93878,79.393936,354.0,464.0,246.8,244.5
2021-01-30,189.22223,75.43038,99.25,43.933334,268.75,260.93878,68.57576,369.0,476.0,249.6,246.5
2021-01-31,196.66667,76.16456,100.5,43.733334,277.7857,268.79593,69.27273,372.5,476.0,250.0,248.5
2021-02-01,202.11111,75.025314,98.0,40.866665,279.4643,269.57144,68.030304,371.5,478.0,256.0,251.5
2021-02-02,203.22223,72.417725,91.75,35.8,280.82144,270.2245,74.030304,374.0,480.0,253.8,252.0
2021-02-03,201.88889,70.11392,87.0,33.133335,280.92856,270.08163,77.15151,390.5,496.0,262.8,264.5
2021-02-04,204.55556,69.620255,86.25,32.8,279.7857,269.4898,80.48485,394.0,499.0,263.0,266.0
2021-02-05,205.55556,68.59494,85.0,32.266666,280.85715,269.7755,79.21212,403.0,501.0,263.6,267.0
2021-02-06,206.11111,65.101265,77.5,29.2,283.89285,270.85715,76.93939,400.5,498.0,261.6,267.0
2021-02-07,205.88889,60.962025,66.5,25.333334,286.67856,271.5306,87.36364,398.0,495.0,258.8,266.5
2021-02-08,205.44444,57.291138,60.0,22.866667,288.17856,271.1837,67.666664,396.5,492.0,257.6,265.5
2021-02-09,204.33333,54.253166,53.25,20.333334,288.7857,270.5306,65.878784,393.5,493.0,261.4,265.5
2021-02-10,198.11111,53.430378,49.5,18.933332,288.35715,269.69388,66.09091,397.0,494.0,261.0,265.5
2021-02-11,199.0,52.088608,46.0,17.666666,288.32144,268.79593,62.969696,397.0,494.0,260.4,261.5
2021-02-12,162.11111,51.544304,43.75,16.466667,305.17856,282.91837,77.48485,420.5,529.0,274.0,281.5
2021-02-13,229.11111,56.037975,56.75,21.333334,311.85715,288.0,82.72727,436.0,541.0,284.0,289.0
2021-02-14,169.88889,58.126583,71.0,27.133333,316.67856,293.83673,82.393936,452.5,563.0,289.6,300.0
2021-02-15,233.77777,58.55696,73.25,28.066668,319.5357,295.9592,85.57576,458.0,568.0,297.0,301.5
2021-02-16,237.44444,57.3038,72.5,27.733334,324.10715,300.93878,86.57576,471.0,579.0,301.6,305.5
2021-02-17,230.11111,57.746834,71.75,27.2,324.32144,301.20407,106.030304,476.5,577.0,295.6,305.5
2021-02-18,229.55556,56.6962,71.75,27.266666,323.92856,300.83673,88.84849,477.5,579.0,296.0,305.5
2021-02-19,230.77777,55.92405,70.25,26.666666,323.92856,300.08163,92.63636,478.5,580.0,296.0,307.5
2021-02-20,235.66667,53.949368,62.5,24.0,324.7857,299.85715,95.21212,485.0,590.0,298.6,313.0
2021-02-21,238.66667,53.6962,62.5,24.0,325.60715,300.9592,96.454544,494.5,596.0,306.0,318.0
2021-02-22,239.88889,52.683544,61.0,23.533333,325.07144,299.79593,109.606064,494.5,596.0,311.8,318.5
2021-02-23,232.11111,51.06329,50.75,19.6,325.5,298.08163,101.333336,493.0,592.0,310.4,316.5
2021-02-24,232.0,49.379745,42.75,16.333334,325.39285,295.2245,97.93939,494.0,592.0,304.4,316.0
2021-02-25,230.55556,48.44304,42.75,16.0,324.85715,293.38776,100.21212,493.5,592.0,310.4,316.0
2021-02-26,233.55556,47.93671,41.75,15.333333,324.2143,291.42856,98.333336,497.5,592.0,304.4,316.0
2021-02-27,239.0,47.227848,41.25,14.8,324.2143,290.5102,84.90909,496.0,591.0,310.4,316.0
2021-02-28,240.44444,47.21519,41.25,14.8,324.17856,290.14285,84.666664,495.5,591.0,310.4,316.5
2021-03-01,239.88889,47.012657,41.0,14.4,323.60715,288.8163,98.757576,499.0,591.0,303.6,316.5
2021-03-02,240.77777,46.151897,39.25,12.933333,323.0357,286.97958,111.63636,498.5,590.0,303.0,318.0
2021-03-03,239.44444,45.44304,37.5,11.4,322.67856,284.61224,106.757576,499.0,589.0,302.6,315.5
2021-03-04,240.0,45.468353,37.5,11.266666,323.07144,284.14285,87.393936,500.0,588.0,301.4,314.0
2021-03-05,174.66667,45.27848,37.0,10.733334,322.39285,282.55103,83.42424,501.0,589.0,299.6,313.0
2021-03-06,173.11111,43.79747,34.5,9.2,320.82144,279.4898,82.63636,503.5,598.0,305.4,310.0
2021-03-07,237.66667,42.20253,33.0,8.8,319.2143,277.83673,87.545456,509.0,603.0,310.8,315.0
2021-03-08,235.44444,40.607594,30.25,8.066667,318.4643,276.40817,94.181816,508.5,603.0,303.8,312.0
2021-03-09,230.44444,40.55696,30.25,8.066667,317.5,275.87756,89.121216,511.5,605.0,302.0,318.5
2021-03-10,233.22223,41.07595,33.0,8.866667,325.2857,285.32654,94.51515,523.5,616.0,304.6,327.5
2021-03-11,240.22223,45.329113,50.5,16.6,335.5,296.08163,85.545456,533.0,628.0,319.2,336.5
2021-03-12,249.88889,46.93671,53.5,18.266666,339.64285,299.79593,86.545456,543.5,638.0,322.8,342.0
2021-03-13,185.44444,48.037975,54.5,18.533333,339.0357,300.02042,94.90909,542.5,638.0,325.2,341.5
2021-03-14,187.66667,48.41772,59.0,19.733334,342.67856,302.65308,104.21212,541.0,637.0,331.2,343.5
2021-03-15,263.66666,46.531647,58.75,18.266666,350.92856,311.0408,83.63636,553.5,645.0,329.6,346.5
2021-03-16,269.22223,47.6962,62.5,19.8,357.2143,317.97958,106.666664,560.5,652.0,335.2,350.0
2021-03-17,262.0,47.6962,64.5,20.933332,358.2143,320.73468,86.878784,561.0,652.0,335.2,351.0
2021-03-18,193.66667,46.468353,58.5,18.466667,356.75,318.79593,98.78788,560.5,655.0,340.8,351.5
2021-03-19,261.22223,43.708862,47.0,14.666667,365.25,324.42856,94.48485,580.5,673.0,348.2,348.5
2021-03-20,284.33334,43.455696,54.0,17.333334,393.32144,349.34692,116.27273,601.5,694.0,357.6,354.5
2021-03-21,211.22223,44.962025,57.25,18.666666,396.35715,352.73468,137.24243,607.0,696.0,356.2,354.0
2021-03-22,211.33333,44.35443,53.25,17.333334,401.14285,357.44897,135.0303,615.0,697.0,349.0,354.0
2021-03-23,288.55554,43.759495,51.5,16.933332,403.25,358.2857,132.69698,614.5,700.0,357.8,355.5
2021-03-24,287.55554,43.544304,53.75,17.6,403.32144,358.30612,107.69697,615.0,702.0,354.2,356.0
2021-03-25,212.0,43.341774,48.75,16.133333,401.32144,356.8163,120.09091,616.5,704.0,353.6,356.5
2021-03-26,289.8889,43.113926,47.75,15.8,402.7143,357.34692,118.0,616.5,705.0,353.8,356.0
2021-03-27,214.0,42.670887,46.0,15.2,401.0,356.0,113.69697,618.0,706.0,350.4,355.5
2021-03-28,289.8889,40.531647,46.75,14.533334,400.42856,353.83673,105.42424,603.5,701.0,338.8,349.5
2021-03-29,284.55554,37.06329,46.5,12.4,397.9643,349.93878,86.90909,591.5,700.0,316.6,340.5
2021-03-30,280.0,33.97468,39.0,10.4,395.75,346.4694,74.969696,597.0,708.0,299.8,334.0
2021-03-31,275.1111,31.873417,32.0,8.533334,391.25,341.4898,73.606064,599.0,710.0,284.4,334.0
2021-04-01,270.1111,29.050632,25.0,6.6666665,389.42856,335.67346,62.272728,587.0,704.0,274.0,325.0
2021-04-02,263.33334,25.215189,18.75,5.0,388.92856,330.10205,51.909092,571.5,696.0,260.2,314.0
2021-04-03,250.44444,20.797468,11.25,3.0,381.5,318.7143,39.515152,555.5,687.0,248.4,298.5
2021-04-04,236.33333,18.810127,4.25,1.1333333,368.7857,301.5306,27.575758,529.5,659.0,224.6,274.0
2021-04-05,219.44444,16.443037,0.0,0.0,355.17856,288.32654,18.727272,501.5,634.0,221.2,246.0
2021-04-06,213.77777,14.78481,0.0,0.0,351.07144,284.0,13.606061,488.0,616.0,212.6,231.5
2021-04-07,206.88889,13.227848,0.0,0.0,342.5,275.91837,8.787879,469.0,595.0,202.0,212.0
2021-04-08,199.22223,11.64557,0.0,0.0,334.89285,268.12244,5.818182,455.0,577.0,190.0,199.5
2021-04-09,194.66667,10.7215185,0.0,0.0,330.39285,263.55103,4.181818,441.5,563.0,178.0,189.0
2021-04-10,188.33333,10.556962,0.0,0.0,324.0,257.06122,3.4848485,449.0,544.0,163.8,171.0
2021-04-11,180.55556,8.49367,0.0,0.0,316.14285,249.44897,2.4545455,415.5,528.0,152.6,150.5
2021-04-12,174.66667,9.70886,0.0,0.0,306.82144,239.69388,1.3030303,388.5,501.0,142.8,134.5
2021-04-13,172.88889,9.582278,0.0,0.0,315.7143,241.63266,0.24242425,371.5,487.0,136.0,120.0
2021-04-14,172.66667,9.49367,0.0,0.0,315.07144,240.53061,0.0,375.5,486.0,139.0,124.0
2021-04-15,172.55556,9.43038,0.0,0.0,295.2857,230.63266,0.0,383.0,488.0,135.4,123.5
2021-04-16,174.22223,9.405064,0.0,0.0,316.4643,242.16327,0.0,378.5,485.0,143.4,122.0
2021-04-17,173.44444,9.417722,0.0,0.0,315.07144,240.55103,0.0,364.5,468.0,141.4,113.0
2021-04-18,173.11111,9.43038,0.0,0.0,312.4643,238.04082,0.0,355.0,455.0,139.4,105.0
2021-04-19,171.11111,9.417722,0.0,0.0,304.7857,229.85715,0.0,323.0,427.0,130.8,84.5
2021-04-20,167.77777,9.202532,0.0,0.0,293.10715,217.14285,0.0,281.5,394.0,121.4,68.0
2021-04-21,165.0,9.037974,0.0,0.0,288.64285,211.0,0.0,258.0,368.0,113.2,57.5
2021-04-22,164.77777,9.050632,0.0,0.0,287.17856,209.89796,0.0,248.0,358.0,109.6,50.5
2021-04-23,163.88889,9.050632,0.0,0.0,285.39285,208.32654,0.0,227.0,328.0,107.6,42.0
2021-04-24,160.33333,9.49367,0.0,0.0,280.2857,204.2449,0.0,202.0,292.0,102.4,32.5
2021-04-25,159.77777,9.50633,0.0,0.0,279.5,203.7347,0.030303031,199.0,287.0,101.0,31.0
2021-04-26,165.88889,7.658228,0.25,0.06666667,283.92856,215.06122,11.393939,204.5,301.0,105.2,34.5
2021-04-27,165.11111,7.822785,0.5,0.2,275.82144,210.79591,10.818182,204.0,301.0,105.4,34.5
2021-04-28,164.55556,7.835443,0.5,0.2,275.4643,210.65306,3.969697,224.5,307.0,105.0,34.0
2021-04-29,162.22223,9.670886,0.0,0.0,288.60715,215.0204,0.0,193.0,273.0,101.8,22.0
2021-04-30,144.55556,8.240506,0.0,0.0,247.32143,182.34694,0.0,140.0,221.0,80.4,0.0
2021-05-01,131.44444,6.050633,0.0,0.0,181.96428,133.59184,0.0,94.0,170.0,62.0,0.0
2021-05-02,125.888885,5.544304,0.0,0.0,171.28572,125.5102,0.0,76.5,131.0,54.2,0.0
2021-05-03,124.666664,5.506329,0.0,0.0,167.10715,122.36735,0.0,64.0,103.0,50.2,0.0
2021-05-04,120.44444,5.329114,0.0,0.0,159.71428,116.69388,0.0,50.5,74.0,44.0,0.0
2021-05-05,111.888885,4.683544,0.0,0.0,148.89285,108.0,0.0,38.0,55.0,33.0,0.0
2021-05-06,84.77778,4.607595,0.0,0.0,136.46428,97.36735,0.0,22.0,30.0,28.0,0.0
2021-05-07,66.333336,3.5316455,0.0,0.0,125.78571,89.0,0.0,9.5,8.0,14.8,0.0
2021-05-08,63.0,3.506329,0.0,0.0,138.0,95.32653,0.0,3.0,0.0,12.2,0.0
2021-05-09,60.11111,3.5189874,0.0,0.0,134.60715,92.244896,0.0,0.0,0.0,10.2,0.0
2021-05-10,57.22222,3.772152,0.0,0.0,132.0,89.57143,0.0,0.0,0.0,8.0,0.0
2021-05-11,53.11111,3.6455696,0.0,0.0,127.60714,85.38776,0.0,0.0,0.0,5.4,0.0
2021-05-12,48.333332,3.2025316,0.0,0.0,121.46429,80.16327,0.0,0.0,0.0,1.0,0.0
2021-05-13,40.333332,2.658228,0.0,0.0,111.85714,72.755104,0.0,0.0,0.0,0.0,0.0
2021-05-14,31.0,2.113924,0.0,0.0,99.92857,63.77551,0.0,0.0,0.0,0.0,0.0
2021-05-15,23.444445,1.8227848,0.0,0.0,89.0,55.163265,0.0,0.0,0.0,0.0,0.0
2021-05-16,22.555555,1.8227848,0.0,0.0,88.10714,54.0,0.0,0.0,0.0,0.0,0.0
2021-05-17,21.444445,1.2025317,0.0,0.0,87.71429,53.163265,0.0,0.0,0.0,0.0,0.0
2021-05-18,18.444445,1.8227848,0.0,0.0,81.85714,48.510204,0.0,0.0,0.0,0.0,0.0
2021-05-19,14.222222,1.7088608,0.0,0.0,73.85714,42.7551,0.0,0.0,0.0,0.0,0.0
2021-05-20,12.777778,1.6329114,0.0,0.0,71.85714,41.408165,0.0,0.0,0.0,0.0,0.0
2021-05-21,11.777778,1.6202532,0.0,0.0,52.5,30.183674,0.0,1.5,1.0,5.2,3.0
2021-05-22,13.111111,1.0253165,0.0,0.0,41.75,24.204082,0.0,2.5,3.0,17.4,6.0
2021-05-23,14.333333,1.0,0.0,0.0,42.92857,25.22449,0.0,4.0,4.0,18.2,3.5
2021-05-24,13.222222,1.0632912,0.0,0.0,66.53571,38.489796,0.0,1.5,0.0,11.8,0.0
2021-05-25,11.444445,1.6329114,0.0,0.0,70.85714,40.65306,0.0,0.0,0.0,4.0,0.0
2021-05-26,10.777778,1.6329114,0.0,0.0,69.25,39.57143,0.0,0.0,0.0,0.0,0.0
2021-05-27,9.222222,1.5949367,0.0,0.0,65.67857,37.530613,0.0,0.0,0.0,0.0,0.0
2021-05-28,7.111111,1.493671,0.0,0.0,59.5,34.0,0.0,0.0,0.0,0.0,0.0
2021-05-29,4.3333335,1.278481,0.0,0.0,55.5,31.714285,0.0,0.0,0.0,0.0,0.0
2021-05-30,1.6666666,1.113924,0.0,0.0,48.92857,27.959183,0.0,0.0,0.0,0.0,0.0
2021-05-31,0.0,0.79746836,0.0,0.0,40.67857,23.244898,0.0,0.0,0.0,0.0,0.0
2021-06-01,0.0,0.12658228,0.0,0.0,32.42857,18.530613,0.0,0.0,0.0,0.0,0.0
2021-06-02,0.0,0.0,0.0,0.0,23.571428,13.469388,0.0,0.0,0.0,0.0,0.0
2021-06-03,0.0,0.0,0.0,0.0,15.107142,8.632653,0.0,0.0,0.0,0.0,0.0
2021-06-04,0.0,0.0,0.0,0.0,9.071428,5.1836734,0.0,0.0,0.0,0.0,0.0
2021-06-05,0.0,0.0,0.0,0.0,6.357143,3.632653,0.0,0.0,0.0,0.0,0.0
2021-06-06,0.0,0.0,0.0,0.0,5.321429,3.0408163,0.0,0.0,0.0,0.0,0.0
2021-06-07,0.0,0.0,0.0,0.0,4.392857,2.510204,0.0,0.0,0.0,0.0,0.0
2021-06-08,0.0,0.0,0.0,0.0,4.071429,2.3265307,0.0,0.0,0.0,0.0,0.0
2021-06-09,0.0,0.0,0.0,0.0,4.035714,2.3061225,0.0,0.0,0.0,0.0,0.0
2021-06-10,0.0,0.0,0.0,0.0,4.035714,2.3061225,0.0,0.0,0.0,0.0,0.0
2021-06-11,0.0,0.0,0.0,0.0,4.035714,2.3061225,0.0,0.0,0.0,0.0,0.0
2021-06-12,0.0,0.0,0.0,0.0,3.607143,2.0612245,0.0,0.0,0.0,0.0,0.0
2021-06-13,0.0,0.0,0.0,0.0,2.7142856,1.5510204,0.0,0.0,0.0,0.0,0.0
2021-06-14,0.0,0.0,0.0,0.0,1.8214285,1.0408163,0.0,0.0,0.0,0.0,0.0
2021-06-15,0.0,0.0,0.0,0.0,0.78571427,0.4489796,0.0,0.0,0.0,0.0,0.0
2021-06-16,0.0,0.0,0.0,0.0,0.0,0.0,0.0,0.0,0.0,0.0,0.0
2021-06-17,0.0,0.0,0.0,0.0,0.0,0.0,0.0,0.0,0.0,0.0,0.0
2021-06-18,0.0,0.0,0.0,0.0,0.0,0.0,0.0,0.0,0.0,0.0,0.0
2021-06-19,0.0,0.0,0.0,0.0,0.0,0.0,0.0,0.0,0.0,0.0,0.0
2021-06-20,0.0,0.0,0.0,0.0,0.0,0.0,0.0,0.0,0.0,0.0,0.0
2021-06-21,0.0,0.0,0.0,0.0,0.0,0.0,0.0,0.0,0.0,0.0,0.0
2021-06-22,0.0,0.0,0.0,0.0,0.0,0.0,0.0,0.0,0.0,0.0,0.0
2021-06-23,0.0,0.0,0.0,0.0,0.0,0.0,0.0,0.0,0.0,0.0,0.0
2021-06-24,0.0,0.0,0.0,0.0,0.0,0.0,0.0,0.0,0.0,0.0,0.0
2021-06-25,0.0,0.0,0.0,0.0,0.0,0.0,0.0,0.0,0.0,0.0,0.0
2021-06-26,0.0,0.0,0.0,0.0,0.0,0.0,0.0,0.0,0.0,0.0,0.0
2021-06-27,0.0,0.0,0.0,0.0,0.0,0.0,0.0,0.0,0.0,0.0,0.0
2021-06-28,0.0,0.0,0.0,0.0,0.0,0.0,0.0,0.0,0.0,0.0,0.0
2021-06-29,0.0,0.0,0.0,0.0,0.0,0.0,0.0,0.0,0.0,0.0,0.0
2021-06-30,0.0,0.0,0.0,0.0,0.0,0.0,0.0,0.0,0.0,0.0,0.0
2021-07-01,0.0,0.0,0.0,0.0,0.0,0.0,0.0,0.0,0.0,0.0,0.0
2021-07-02,0.0,0.0,0.0,0.0,0.0,0.0,0.0,0.0,0.0,0.0,0.0
2021-07-03,0.0,0.0,0.0,0.0,0.0,0.0,0.0,0.0,0.0,0.0,0.0
2021-07-04,0.0,0.0,0.0,0.0,0.0,0.0,0.0,0.0,0.0,0.0,0.0
2021-07-05,0.0,0.0,0.0,0.0,0.0,0.0,0.0,0.0,0.0,0.0,0.0
2021-07-06,0.0,0.0,0.0,0.0,0.0,0.0,0.0,0.0,0.0,0.0,0.0
2021-07-07,0.0,0.0,0.0,0.0,0.0,0.0,0.0,0.0,0.0,0.0,0.0
2021-07-08,0.0,0.0,0.0,0.0,0.0,0.0,0.0,0.0,0.0,0.0,0.0
2021-07-09,0.0,0.0,0.0,0.0,0.0,0.0,0.0,0.0,0.0,0.0,0.0
2021-07-10,0.0,0.0,0.0,0.0,0.0,0.0,0.0,0.0,0.0,0.0,0.0
2021-07-11,0.0,0.0,0.0,0.0,0.0,0.0,0.0,0.0,0.0,0.0,0.0
2021-07-12,0.0,0.0,0.0,0.0,0.0,0.0,0.0,0.0,0.0,0.0,0.0
2021-07-13,0.0,0.0,0.0,0.0,0.0,0.0,0.0,0.0,0.0,0.0,0.0
2021-07-14,0.0,0.0,0.0,0.0,0.0,0.0,0.0,0.0,0.0,0.0,0.0
2021-07-15,0.0,0.0,0.0,0.0,0.0,0.0,0.0,0.0,0.0,0.0,0.0
2021-07-16,0.0,0.0,0.0,0.0,0.0,0.0,0.0,0.0,0.0,0.0,0.0
2021-07-17,0.0,0.0,0.0,0.0,0.0,0.0,0.0,0.0,0.0,0.0,0.0
2021-07-18,0.0,0.0,0.0,0.0,0.0,0.0,0.0,0.0,0.0,0.0,0.0
2021-07-19,0.0,0.0,0.0,0.0,0.0,0.0,0.0,0.0,0.0,0.0,0.0
2021-07-20,0.0,0.0,0.0,0.0,0.0,0.0,0.0,0.0,0.0,0.0,0.0
2021-07-21,0.0,0.0,0.0,0.0,0.0,0.0,0.0,0.0,0.0,0.0,0.0
2021-07-22,0.0,0.0,0.0,0.0,0.0,0.0,0.0,0.0,0.0,0.0,0.0
2021-07-23,0.0,0.0,0.0,0.0,0.0,0.0,0.0,0.0,0.0,0.0,0.0
2021-07-24,0.0,0.0,0.0,0.0,0.0,0.0,0.0,0.0,0.0,0.0,0.0
2021-07-25,0.0,0.0,0.0,0.0,0.0,0.0,0.0,0.0,0.0,0.0,0.0
2021-07-26,0.0,0.0,0.0,0.0,0.0,0.0,0.0,0.0,0.0,0.0,0.0
2021-07-27,0.0,0.0,0.0,0.0,0.0,0.0,0.0,0.0,0.0,0.0,0.0
2021-07-28,0.0,0.0,0.0,0.0,0.0,0.0,0.0,0.0,0.0,0.0,0.0
2021-07-29,0.0,0.0,0.0,0.0,0.0,0.0,0.0,0.0,0.0,0.0,0.0
2021-07-30,0.0,0.0,0.0,0.0,0.0,0.0,0.0,0.0,0.0,0.0,0.0
2021-07-31,0.0,0.0,0.0,0.0,0.0,0.0,0.0,0.0,0.0,0.0,0.0
2021-08-01,0.0,0.0,0.0,0.0,0.0,0.0,0.0,0.0,0.0,0.0,0.0
2021-08-02,0.0,0.0,0.0,0.0,0.0,0.0,0.0,0.0,0.0,0.0,0.0
2021-08-03,0.0,0.0,0.0,0.0,0.0,0.0,0.0,0.0,0.0,0.0,0.0
2021-08-04,0.0,0.0,0.0,0.0,0.0,0.0,0.0,0.0,0.0,0.0,0.0
2021-08-05,0.0,0.0,0.0,0.0,0.0,0.0,0.0,0.0,0.0,0.0,0.0
2021-08-06,0.0,0.0,0.0,0.0,0.0,0.0,0.0,0.0,0.0,0.0,0.0
2021-08-07,0.0,0.0,0.0,0.0,0.0,0.0,0.0,0.0,0.0,0.0,0.0
2021-08-08,0.0,0.0,0.0,0.0,0.0,0.0,0.0,0.0,0.0,0.0,0.0
2021-08-09,0.0,0.0,0.0,0.0,0.0,0.0,0.0,0.0,0.0,0.0,0.0
2021-08-10,0.0,0.0,0.0,0.0,0.0,0.0,0.0,0.0,0.0,0.0,0.0
2021-08-11,0.0,0.0,0.0,0.0,0.0,0.0,0.0,0.0,0.0,0.0,0.0
2021-08-12,0.0,0.0,0.0,0.0,0.0,0.0,0.0,0.0,0.0,0.0,0.0
2021-08-13,0.0,0.0,0.0,0.0,0.0,0.0,0.0,0.0,0.0,0.0,0.0
2021-08-14,0.0,0.0,0.0,0.0,0.0,0.0,0.0,0.0,0.0,0.0,0.0
2021-08-15,0.0,0.0,0.0,0.0,0.0,0.0,0.0,0.0,0.0,0.0,0.0
2021-08-16,0.0,0.0,0.0,0.0,0.0,0.0,0.0,0.0,0.0,0.0,0.0
2021-08-17,0.0,0.0,0.0,0.0,0.0,0.0,0.0,0.0,0.0,0.0,0.0
2021-08-18,0.0,0.0,0.0,0.0,0.0,0.0,0.0,0.0,0.0,0.0,0.0
2021-08-19,0.0,0.0,0.0,0.0,0.0,0.0,0.0,0.0,0.0,0.0,0.0
2021-08-20,0.0,0.0,0.0,0.0,0.0,0.0,0.0,0.0,0.0,0.0,0.0
2021-08-21,0.0,0.0,0.0,0.0,0.0,0.0,0.0,0.0,0.0,0.0,0.0
2021-08-22,0.0,0.0,0.0,0.0,0.0,0.0,0.0,0.0,0.0,0.0,0.0
2021-08-23,0.0,0.0,0.0,0.0,0.0,0.0,0.0,0.0,0.0,0.0,0.0
2021-08-24,0.0,0.0,0.0,0.0,0.0,0.0,0.0,0.0,0.0,0.0,0.0
2021-08-25,0.0,0.0,0.0,0.0,0.0,0.0,0.0,0.0,0.0,0.0,0.0
2021-08-26,0.0,0.0,0.0,0.0,0.0,0.0,0.0,0.0,0.0,0.0,0.0
2021-08-27,0.0,0.0,0.0,0.0,0.0,0.0,0.0,0.0,0.0,0.0,0.0
2021-08-28,0.0,0.0,0.0,0.0,0.0,0.0,0.0,0.0,0.0,0.0,0.0
2021-08-29,0.0,0.0,0.0,0.0,0.0,0.0,0.0,0.0,0.0,0.0,0.0
2021-08-30,0.0,0.0,0.0,0.0,0.0,0.0,0.0,0.0,0.0,0.0,0.0
2021-08-31,0.0,0.0,0.0,0.0,0.0,0.0,0.0,0.0,0.0,0.0,0.0
2021-09-01,0.0,0.0,0.0,0.0,0.0,0.0,0.0,0.0,0.0,0.0,0.0
2021-09-02,0.0,0.0,0.0,0.0,0.0,0.0,0.0,0.0,0.0,0.0,0.0
2021-09-03,0.0,0.0,0.0,0.0,0.0,0.0,0.0,0.0,0.0,0.0,0.0
2021-09-04,0.0,0.0,0.0,0.0,0.0,0.0,0.0,0.0,0.0,0.0,0.0
2021-09-05,0.0,0.0,0.0,0.0,0.0,0.0,0.0,0.0,0.0,0.0,0.0
2021-09-06,0.0,0.0,0.0,0.0,0.0,0.0,0.0,0.0,0.0,0.0,0.0
2021-09-07,0.0,0.0,0.0,0.0,0.0,0.0,0.0,0.0,0.0,0.0,0.0
2021-09-08,0.0,0.0,0.0,0.0,0.0,0.0,0.0,0.0,0.0,0.0,0.0
2021-09-09,0.0,0.0,0.0,0.0,0.0,0.0,0.0,0.0,0.0,0.0,0.0
2021-09-10,0.0,0.0,0.0,0.0,0.0,0.0,0.0,0.0,0.0,0.0,0.0
2021-09-11,0.0,0.0,0.0,0.0,0.0,0.0,0.0,0.0,0.0,0.0,0.0
2021-09-12,0.0,0.0,0.0,0.0,0.0,0.0,0.0,0.0,0.0,0.0,0.0
2021-09-13,0.0,0.0,0.0,0.0,0.0,0.0,0.0,0.0,0.0,0.0,0.0
2021-09-14,0.0,0.0,0.0,0.0,0.0,0.0,0.0,0.0,0.0,0.0,0.0
2021-09-15,0.0,0.0,0.0,0.0,0.0,0.0,0.0,0.0,0.0,0.0,0.0
2021-09-16,0.0,0.0,0.0,0.0,0.0,0.0,0.0,0.0,0.0,0.0,0.0
2021-09-17,0.0,0.0,0.0,0.0,0.0,0.0,0.0,0.0,0.0,0.0,0.0
2021-09-18,0.0,0.0,0.0,0.0,0.0,0.0,0.0,0.0,0.0,0.0,0.0
2021-09-19,0.0,0.0,0.0,0.0,0.0,0.0,0.0,0.0,0.0,0.0,0.0
2021-09-20,0.0,0.0,0.0,0.0,0.0,0.0,0.0,0.0,0.0,0.0,0.0
2021-09-21,0.0,0.0,0.0,0.0,0.0,0.0,0.0,0.0,0.0,0.0,0.0
2021-09-22,0.0,0.0,0.0,0.0,0.0,0.0,0.0,0.0,0.0,0.0,0.0
2021-09-23,0.0,0.0,0.0,0.0,0.0,0.0,0.0,0.0,0.0,0.0,0.0
2021-09-24,0.0,0.0,0.0,0.0,0.0,0.0,0.0,0.0,0.0,0.0,0.0
2021-09-25,0.0,0.0,0.0,0.0,0.0,0.0,0.0,0.0,0.0,0.0,0.0
2021-09-26,0.0,0.0,0.0,0.0,0.0,0.0,0.0,0.0,0.0,0.0,0.0
2021-09-27,0.0,0.0,0.0,0.0,0.0,0.0,0.0,0.0,0.0,0.0,0.0
2021-09-28,0.0,0.0,0.0,0.0,0.0,0.0,0.0,0.0,0.0,0.0,0.0
2021-09-29,0.0,0.0,0.0,0.0,0.0,0.0,0.0,0.0,0.0,0.0,0.0
2021-09-30,0.0,0.0,0.0,0.0,0.0,0.0,0.0,0.0,0.0,0.0,0.0
2021-10-01,0.0,0.0,0.0,0.0,0.0,0.0,0.0,0.0,0.0,0.0,0.0
2021-10-02,0.0,0.0,0.0,0.0,0.0,0.0,0.0,0.0,0.0,0.0,0.0
2021-10-03,0.0,0.0,0.0,0.0,0.0,0.0,0.0,0.0,0.0,0.0,0.0
2021-10-04,0.0,0.0,0.0,0.0,0.0,0.0,0.0,0.0,0.0,0.0,0.0
2021-10-05,0.0,0.0,0.0,0.0,0.0,0.0,0.0,0.0,0.0,0.0,0.0
2021-10-06,0.0,0.0,0.0,0.0,0.0,0.0,0.0,0.0,0.0,0.0,0.0
2021-10-07,0.0,0.0,0.0,0.0,0.0,0.0,0.0,0.0,0.0,0.0,0.0
2021-10-08,0.0,0.0,0.0,0.0,0.0,0.0,0.0,0.0,0.0,0.0,0.0
2021-10-09,5.6666665,0.0,0.0,0.0,3.357143,2.4081633,0.0,4.0,3.0,1.0,0.0
2021-10-10,5.111111,0.0,0.0,0.0,3.4642856,2.2448978,0.0,1.0,0.0,0.8,0.0
2021-10-11,2.3333333,0.0,0.0,0.0,1.1071428,0.63265306,0.0,0.0,0.0,0.0,0.0
2021-10-12,2.7777777,0.0,0.0,0.0,0.6785714,0.3877551,0.0,1.5,1.0,7.0,1.5
2021-10-13,2.7777777,0.0,0.0,0.0,0.6785714,0.3877551,0.0,2.5,1.0,6.0,2.5
2021-10-14,2.7777777,0.0,0.0,0.0,1.1785715,0.67346936,0.0,0.0,0.0,3.8,0.0
2021-10-15,2.5555556,0.0,0.0,0.0,1.0357143,0.59183675,0.0,0.0,0.0,2.6,0.0
2021-10-16,0.11111111,0.0,0.0,0.0,0.17857143,0.10204082,0.0,0.0,0.0,0.0,0.0
2021-10-17,0.0,0.0,0.0,0.0,0.0,0.0,0.0,0.0,0.0,0.0,0.0
2021-10-18,2.2222223,0.0,0.0,0.0,5.0,3.8163266,0.0,14.5,13.0,5.4,6.0
2021-10-19,2.4444444,0.35443038,1.5,0.4,5.035714,3.8367348,0.030303031,19.0,19.0,5.8,7.5
2021-10-20,2.0,0.012658228,0.0,0.0,3.75,2.7551022,0.0,15.5,17.0,5.6,4.5
2021-10-21,0.8888889,0.0,0.0,0.0,2.5714285,1.8367347,0.0,9.0,9.0,1.2,0.0
2021-10-22,0.0,0.0,0.0,0.0,0.78571427,0.4489796,0.0,0.5,0.0,0.0,0.0
2021-10-23,0.0,0.0,0.0,0.0,1.1071428,0.6530612,0.0,1.0,0.0,0.0,0.0
2021-10-24,0.0,0.0,0.0,0.0,3.0,2.6122448,0.36363637,23.0,21.0,7.8,2.5
2021-10-25,27.555555,0.0,0.0,0.0,55.892857,49.591835,2.2424242,130.0,121.0,70.6,53.0
2021-10-26,78.666664,12.936708,12.75,3.7333333,90.57143,81.734695,2.5454545,157.5,152.0,116.4,81.0
2021-10-27,78.22222,9.632912,12.25,3.2666667,96.39286,87.34694,2.4848485,155.5,149.0,113.0,82.0
2021-10-28,75.666664,6.240506,6.0,1.6,91.5,80.12245,2.2424242,155.5,143.0,105.6,74.5
2021-10-29,68.888885,1.7848102,0.0,0.0,83.75,72.265305,1.6060606,152.5,135.0,100.0,68.0
2021-10-30,57.666668,0.4556962,0.0,0.0,77.14286,65.53061,1.4242424,145.5,128.0,90.8,59.5
2021-10-31,50.77778,0.18987341,0.0,0.0,73.92857,62.0,1.1212121,138.5,120.0,79.8,52.5
2021-11-01,45.444443,0.0,0.0,0.0,71.78571,59.55102,0.8787879,136.0,115.0,77.6,47.5
2021-11-02,43.0,0.0,0.0,0.0,70.32143,57.97959,0.8181818,133.0,112.0,67.4,43.5
2021-11-03,39.77778,0.0,0.0,0.0,66.82143,54.7551,0.6060606,123.0,111.0,60.0,40.0
2021-11-04,33.0,0.0,0.0,0.0,62.17857,49.816326,0.21212122,115.5,104.0,52.8,33.0
2021-11-05,30.0,0.0,0.0,0.0,59.035713,46.55102,0.09090909,108.5,101.0,47.4,29.0
2021-11-06,27.0,0.0,0.0,0.0,54.5,42.408165,0.0,107.5,96.0,43.6,24.5
2021-11-07,26.333334,0.0,0.0,0.0,52.892857,40.97959,0.09090909,104.5,96.0,42.8,23.5
2021-11-08,26.333334,0.0,0.0,0.0,52.607143,40.836735,0.060606062,107.0,96.0,43.8,23.5
2021-11-09,32.333332,0.0,0.0,0.0,62.107143,48.10204,0.4848485,117.0,102.0,46.2,24.5
2021-11-10,39.22222,0.0,0.0,0.0,67.53571,52.183674,0.3030303,124.0,107.0,54.4,26.0
2021-11-11,36.555557,0.0,0.0,0.0,64.53571,49.97959,0.18181819,121.0,104.0,55.4,34.5
2021-11-12,32.666668,0.0,0.0,0.0,62.285713,47.918365,0.0,114.5,99.0,51.6,29.5
2021-11-13,29.444445,0.0,0.0,0.0,62.17857,48.183674,0.0,107.0,93.0,46.6,24.0
2021-11-14,26.444445,0.0,0.0,0.0,64.46429,50.489796,0.0,100.0,88.0,42.2,20.0
2021-11-15,22.11111,0.0,0.0,0.0,65.71429,51.714287,0.0,88.5,81.0,37.4,14.0
2021-11-16,19.444445,0.0,0.0,0.0,59.892857,46.69388,0.0,82.5,76.0,43.8,9.0
2021-11-17,18.777779,0.0,0.0,0.0,58.214287,45.183674,0.0,79.5,73.0,40.8,6.5
2021-11-18,18.11111,0.0,0.0,0.0,65.53571,47.877552,0.0,77.5,72.0,38.2,5.0
2021-11-19,17.444445,0.0,0.0,0.0,64.53571,47.122448,0.0,75.0,69.0,36.2,1.5
2021-11-20,17.0,0.0,0.0,0.0,64.21429,46.877552,0.0,73.5,67.0,34.8,0.5
2021-11-21,17.0,0.0,0.0,0.0,64.10714,46.714287,0.0,73.0,67.0,34.8,0.0
2021-11-22,17.0,0.0,0.0,0.0,64.17857,46.65306,0.0,71.5,66.0,33.6,0.0
2021-11-23,16.444445,0.0,0.0,0.0,71.25,54.34694,0.0,68.5,64.0,32.2,0.0
2021-11-24,16.444445,0.0,0.0,0.0,70.96429,54.163265,0.0,68.5,64.0,32.2,0.0
2021-11-25,16.444445,0.0,0.0,0.0,71.35714,54.469387,0.0,68.5,64.0,32.2,0.0
2021-11-26,16.11111,0.0,0.0,0.0,69.78571,52.89796,0.0,65.0,61.0,28.8,0.0
2021-11-27,14.666667,0.0,0.0,0.0,67.60714,51.142857,0.0,60.0,56.0,24.8,0.0
2021-11-28,13.0,0.0,0.0,0.0,65.07143,48.97959,0.0,62.0,53.0,20.4,0.0
2021-11-29,11.111111,0.0,0.0,0.0,60.714287,45.469387,0.0,55.5,48.0,15.4,0.0
2021-11-30,9.777778,0.0,0.0,0.0,57.535713,42.857143,0.0,48.5,43.0,10.4,0.0
2021-12-01,8.666667,0.0,0.0,0.0,54.17857,39.632652,0.0,47.5,38.0,7.0,0.0
2021-12-02,7.7777777,0.0,0.0,0.0,51.17857,36.77551,0.0,41.5,33.0,5.4,0.0
2021-12-03,7.2222223,0.0,0.0,0.0,49.25,35.061226,0.0,35.0,29.0,4.4,0.0
2021-12-04,7.0,0.0,0.0,0.0,48.5,34.265305,0.0,30.0,25.0,3.6,0.0
2021-12-05,6.7777777,0.0,0.0,0.0,47.642857,33.44898,0.0,25.5,22.0,3.0,0.0
2021-12-06,6.0,0.0,0.0,0.0,46.464287,32.367348,0.0,23.0,19.0,2.6,0.0
2021-12-07,5.6666665,0.0,0.0,0.0,45.642857,31.67347,0.0,22.0,18.0,3.0,0.0
2021-12-08,5.6666665,0.0,0.0,0.0,45.892857,31.857143,0.0,21.5,17.0,3.8,0.0
2021-12-09,5.7777777,0.0,0.0,0.0,51.785713,37.489796,0.18181819,24.5,22.0,5.6,0.0
2021-12-10,18.88889,7.822785,3.75,1.3333334,70.89286,55.877552,0.42424244,35.5,33.0,18.2,7.0
2021-12-11,18.777779,8.202532,3.75,1.4,68.53571,53.97959,0.42424244,35.0,33.0,18.2,7.5
2021-12-12,18.777779,8.151898,3.75,1.3333334,72.03571,56.55102,5.2727275,35.0,33.0,19.4,8.5
2021-12-13,22.11111,7.987342,3.5,1.0666667,78.89286,63.285713,28.060606,86.0,89.0,39.0,38.5
2021-12-14,91.77778,16.392405,8.5,2.9333334,163.42857,145.53061,70.606064,140.0,151.0,101.2,100.5
2021-12-15,118.0,40.772152,49.25,25.2,198.35715,178.61224,73.818184,169.0,182.0,128.6,115.5
2021-12-16,128.77777,42.670887,56.25,29.533333,214.35715,195.32654,104.121216,200.0,212.0,155.4,142.0
2021-12-17,143.44444,45.41772,62.75,30.933332,235.78572,215.71428,106.242424,233.0,247.0,169.8,150.0
2021-12-18,145.11111,45.02532,61.5,29.666666,253.75,228.69388,106.0,233.0,247.0,170.2,151.5
2021-12-19,144.33333,43.49367,57.75,26.4,255.35715,229.87755,105.57576,233.0,247.0,170.6,152.5
2021-12-20,141.77777,42.20253,53.0,21.466667,254.03572,228.77551,104.93939,233.0,246.0,170.6,152.5
2021-12-21,141.11111,40.987343,47.75,17.2,254.78572,229.10204,104.545456,232.0,246.0,170.8,153.5
2021-12-22,141.33333,38.21519,39.75,14.066667,257.75,231.77551,104.84849,231.5,246.0,171.8,154.5
2021-12-23,160.0,40.772152,39.0,13.466666,286.25,256.89795,117.90909,275.0,300.0,194.4,181.0
2021-12-24,220.33333,69.68355,58.0,19.0,352.10715,319.40817,123.333336,333.0,364.0,249.2,225.5
2021-12-25,244.33333,75.03797,69.25,23.0,382.10715,347.08163,131.39394,367.0,402.0,265.4,243.0
2021-12-26,265.8889,86.696205,110.25,37.2,420.0,386.26532,152.72728,406.0,446.0,297.6,280.5
2021-12-27,275.0,87.101265,113.25,38.466667,424.39285,389.79593,164.81818,434.5,482.0,315.4,296.5
2021-12-28,296.77777,95.860756,123.0,44.333332,451.4643,416.2449,167.90909,473.0,519.0,344.0,313.5
2021-12-29,298.44446,94.341774,122.75,44.333332,454.39285,419.7551,173.57576,478.0,526.0,351.2,314.0
2021-12-30,316.0,105.40506,138.0,51.533333,469.67856,436.02042,182.15152,527.5,540.0,354.6,317.5
2021-12-31,316.22223,106.11392,138.0,50.733334,470.39285,436.87756,181.9697,525.5,537.0,354.6,317.5
2022-01-01,318.22223,107.455696,137.75,50.533333,328.35715,301.63266,175.24243,496.0,542.0,351.0,317.5
2022-01-02,309.1111,107.101265,137.75,50.4,420.64285,385.44897,175.60606,498.0,543.0,352.0,317.5
2022-01-03,311.22223,108.21519,135.75,48.2,337.4643,310.12244,174.21213,499.0,545.0,351.6,318.0
2022-01-04,307.8889,110.32912,133.75,46.4,387.17856,361.85715,183.48485,504.0,546.0,351.4,319.0
2022-01-05,307.33334,107.974686,131.25,44.933334,388.7143,362.87756,182.42424,522.0,570.0,350.0,322.0
2022-01-06,308.0,103.01266,125.25,42.533333,341.4643,315.02042,178.36363,521.0,570.0,349.2,322.0
2022-01-07,308.77777,97.822784,115.75,38.6,341.5357,314.08163,177.18182,523.0,571.0,349.0,322.0
2022-01-08,309.44446,98.25317,111.75,37.333332,342.32144,314.79593,179.66667,532.5,584.0,350.0,323.0
2022-01-09,308.1111,96.898735,109.5,36.666668,344.32144,315.93878,178.9697,532.0,584.0,349.8,323.0
2022-01-10,311.22223,96.05064,104.0,34.866665,431.85715,393.69388,177.06061,532.0,585.0,349.0,323.0
2022-01-11,303.8889,93.417725,99.5,33.4,473.4643,436.36734,174.45454,533.5,586.0,349.0,323.0
2022-01-12,304.0,91.88608,92.25,30.733334,474.67856,435.69388,170.30302,532.5,585.0,348.8,323.0
2022-01-13,308.8889,91.03797,80.0,26.133333,363.5,329.14285,164.27272,528.5,584.0,345.8,323.0
2022-01-14,306.22223,88.658226,78.25,24.933332,384.0,347.4694,161.63637,529.5,586.0,345.6,323.0
2022-01-15,307.0,87.11392,78.25,24.0,383.85715,345.42856,155.27272,529.5,586.0,345.4,323.0
2022-01-16,306.0,86.20253,78.0,23.133333,383.4643,343.2857,151.87878,528.5,585.0,344.6,323.0
2022-01-17,306.22223,84.75949,75.75,21.733334,383.7857,342.10205,151.60606,525.5,584.0,350.2,323.0
2022-01-18,306.55554,83.455696,75.25,21.2,383.89285,341.40817,147.75757,526.0,583.0,350.0,323.0
2022-01-19,307.0,82.582275,74.75,20.8,383.92856,340.97958,145.21213,526.5,582.0,343.4,323.0
2022-01-20,306.0,81.68355,73.25,19.933332,385.2143,341.10205,142.72728,527.0,582.0,343.0,323.0
2022-01-21,306.33334,77.658226,71.25,19.0,383.9643,338.5102,138.90909,526.5,579.0,341.6,323.0
2022-01-22,307.0,74.74683,71.0,18.933332,383.9643,337.59183,136.84848,526.5,579.0,341.4,323.0
2022-01-23,306.33334,72.8481,70.25,18.733334,383.67856,336.85715,135.06061,526.5,579.0,341.4,323.0
2022-01-24,306.33334,71.75949,69.0,18.4,383.0,334.9592,131.9697,527.0,579.0,341.8,323.0
2022-01-25,302.55554,69.74683,66.75,17.8,468.0357,408.32654,128.60606,524.5,576.0,341.0,323.0
2022-01-26,306.33334,69.582275,66.0,17.6,383.39285,333.0408,127.09091,525.5,576.0,340.4,323.0
2022-01-27,307.0,69.544304,65.5,17.466667,382.07144,330.38776,124.454544,526.0,576.0,340.6,323.0
2022-01-28,306.33334,69.18987,64.0,17.066668,382.0,329.20407,122.181816,528.0,576.0,341.0,323.0
2022-01-29,306.0,68.73418,62.0,16.533333,382.10715,328.10205,119.666664,528.5,576.0,341.2,323.0
2022-01-30,302.8889,68.11392,61.75,16.466667,465.07144,399.89795,116.36364,527.5,574.0,341.2,323.0
2022-01-31,305.66666,66.31645,60.5,16.133333,382.2857,326.10205,113.15151,526.5,572.0,341.0,323.0
2022-02-01,309.1111,64.72152,59.25,15.8,396.57144,339.44897,113.09091,525.0,572.0,347.6,323.0
2022-02-02,309.55554,64.55696,59.25,15.8,396.60715,339.2857,112.757576,526.0,569.0,341.2,323.0
2022-02-03,309.1111,64.417725,59.25,15.8,396.75,339.08163,112.454544,525.0,572.0,347.6,323.0
2022-02-04,307.77777,74.18987,58.75,15.666667,397.17856,339.26532,110.393936,528.0,573.0,340.4,323.0
2022-02-05,308.1111,74.06329,58.75,15.666667,400.25,340.87756,106.27273,529.0,573.0,339.8,323.0
2022-02-06,307.8889,72.6076,57.25,15.266666,400.5357,339.87756,100.121216,529.0,571.0,339.4,323.0
2022-02-07,308.33334,67.974686,54.0,14.4,400.82144,338.32654,103.48485,530.0,570.0,339.8,323.0
2022-02-08,316.8889,64.25317,51.25,13.666667,393.5,330.79593,93.93939,527.5,565.0,343.0,323.0
2022-02-09,310.22223,60.06329,47.75,12.733334,394.10715,329.34692,84.21212,529.0,563.0,336.2,323.0
2022-02-10,310.1111,56.430378,43.0,11.466666,391.89285,325.02042,75.242424,528.0,561.0,335.8,323.0
2022-02-11,308.44446,51.78481,36.5,9.733334,388.17856,318.97958,64.666664,525.5,558.0,330.8,323.0
2022-02-12,306.8889,47.291138,29.0,7.733333,384.7857,313.91837,55.757576,522.0,553.0,326.8,323.0
2022-02-13,308.0,44.189873,22.75,6.0666666,381.5,309.2245,46.636364,518.5,547.0,321.8,323.0
2022-02-14,306.8889,41.848103,17.75,4.733333,379.2857,305.97958,39.0,512.5,541.0,315.4,323.0
2022-02-15,305.0,40.405064,15.5,4.133333,379.10715,305.42856,36.727272,515.5,545.0,312.8,323.5
2022-02-16,304.22223,40.78481,17.0,4.6666665,378.7143,305.02042,36.727272,522.0,554.0,316.4,327.5
2022-02-17,303.77777,40.708862,16.5,4.5333333,373.7143,299.9592,35.727272,522.0,554.0,315.2,327.5
2022-02-18,303.44446,40.64557,15.75,4.2,390.0357,313.8163,33.060608,520.5,552.0,320.0,327.5
2022-02-19,304.1111,40.265823,14.0,3.7333333,371.32144,297.02042,27.333334,519.0,550.0,310.2,327.5
2022-02-20,305.77777,39.594936,11.5,3.0666666,368.85715,294.14285,22.242424,516.0,548.0,303.4,327.5
2022-02-21,304.55554,39.253166,11.25,3.0,368.0357,293.06122,21.030304,516.5,550.0,297.4,327.5
2022-02-22,304.44446,39.227848,11.25,3.0,339.60715,268.79593,22.212122,526.0,562.0,304.4,338.0
2022-02-23,306.66666,43.708862,20.25,6.4666667,339.7857,272.9592,23.151516,543.0,581.0,315.4,345.5
2022-02-24,306.77777,45.481014,25.5,9.933333,334.25,265.61224,20.212122,543.5,581.0,316.4,345.5
2022-02-25,306.77777,44.93671,26.0,10.4,332.75,263.36734,20.212122,542.5,581.0,316.0,345.5
2022-02-26,307.66666,45.012657,26.0,9.733334,332.35715,263.12244,23.09091,543.5,581.0,315.8,345.5
2022-02-27,313.1111,44.810127,24.5,8.333333,327.92856,261.40817,22.424242,542.5,581.0,314.6,345.5
2022-02-28,307.1111,42.253166,19.25,6.3333335,371.75,296.2449,15.787879,542.5,581.0,309.6,345.5
2022-03-01,301.8889,39.72152,12.0,3.2,472.64285,382.83673,13.212121,536.5,575.0,304.2,345.5
2022-03-02,298.33334,36.012657,7.0,1.8666667,471.89285,379.59183,8.272727,523.0,567.0,297.2,345.5
2022-03-03,293.8889,33.088608,2.5,0.6666667,468.57144,373.02042,4.6363635,509.0,558.0,289.8,345.5
2022-03-04,290.77777,32.101265,1.25,0.33333334,467.82144,371.4898,3.4848485,504.0,552.0,285.6,345.5
2022-03-05,293.55554,41.177216,9.0,3.8666666,480.32144,384.8163,7.848485,516.0,570.0,288.2,350.0
2022-03-06,296.22223,44.341774,18.5,7.9333334,485.5357,390.59183,9.787879,519.0,570.0,294.4,351.5
2022-03-07,297.66666,44.97468,20.5,8.933333,486.89285,392.0408,10.515152,522.0,570.0,291.6,351.5
2022-03-08,298.44446,44.873417,20.75,8.333333,484.17856,389.34692,9.515152,525.5,570.0,289.8,351.5
2022-03-09,299.22223,44.316456,16.5,6.733333,487.07144,391.89795,6.3636365,527.0,575.0,287.0,351.5
2022-03-10,298.44446,41.101265,14.25,5.866667,486.82144,391.1837,5.5454545,528.0,578.0,284.8,351.5
2022-03-11,297.44446,41.02532,14.0,5.8,486.0357,390.34692,5.4848485,528.5,578.0,283.0,351.5
2022-03-12,298.22223,40.455696,13.75,5.4666667,478.82144,383.34692,2.909091,526.5,578.0,280.4,352.0
2022-03-13,296.33334,38.21519,11.5,4.0666666,476.60715,380.2857,1.6666666,528.0,581.0,271.4,352.0
2022-03-14,292.77777,37.253166,10.75,3.5333333,467.60715,371.91837,1.9090909,532.0,584.0,265.2,353.0
2022-03-15,286.55554,35.20253,8.25,2.2,465.2143,367.7755,0.09090909,524.5,577.0,263.6,351.0
2022-03-16,284.33334,33.27848,6.75,1.8,466.07144,368.06122,0.0,533.5,583.0,259.4,354.0
2022-03-17,282.8889,32.36709,6.0,1.6,467.14285,369.02042,0.0,567.5,572.0,248.8,351.5
2022-03-18,282.22223,31.367088,4.75,1.2666667,470.60715,371.2857,0.0,564.5,570.0,243.8,350.0
2022-03-19,285.22223,29.354431,2.75,0.73333335,478.67856,374.67346,0.0,520.5,566.0,239.6,346.0
2022-03-20,284.8889,29.316456,3.25,0.8666667,488.4643,385.16327,0.6060606,533.0,580.0,240.6,351.0
2022-03-21,287.66666,28.886076,3.5,0.93333334,488.0,383.89795,0.030303031,535.0,582.0,238.2,350.0
2022-03-22,284.8889,25.822784,1.5,0.4,478.14285,370.65308,0.0,530.0,582.0,235.4,342.5
2022-03-23,277.55554,20.506329,0.0,0.0,458.5357,347.12244,0.0,505.5,557.0,231.8,326.5
2022-03-24,267.66666,17.58228,0.0,0.0,447.5,334.55103,0.0,479.5,528.0,217.2,302.5
2022-03-25,250.44444,15.012658,0.0,0.0,410.67856,303.42856,0.0,449.5,498.0,201.8,276.0
2022-03-26,241.11111,12.088608,0.0,0.0,387.5,281.83673,0.0,420.5,471.0,186.8,248.5
2022-03-27,228.55556,9.582278,0.0,0.0,359.32144,258.30612,0.0,395.0,448.0,173.6,210.0
2022-03-28,224.88889,8.898734,0.0,0.0,355.89285,254.46939,0.0,382.5,435.0,165.6,180.0
2022-03-29,226.22223,10.1645565,1.25,0.46666667,363.39285,266.0408,0.060606062,382.5,432.0,168.6,177.5
2022-03-30,231.22223,9.64557,1.75,0.6666667,395.0,287.34692,0.0,378.5,428.0,167.4,164.0
2022-03-31,230.22223,9.088608,0.25,0.06666667,378.17856,273.7143,0.0,369.0,417.0,164.0,156.5
2022-04-01,228.44444,8.7215185,0.0,0.0,383.7143,276.1837,0.0,351.0,406.0,156.4,149.0
2022-04-02,229.33333,7.835443,0.0,0.0,382.75,272.12244,0.0,332.0,385.0,149.8,135.0
2022-04-03,221.77777,6.987342,0.0,0.0,371.60715,263.57144,0.0,313.0,366.0,140.2,120.5
2022-04-04,215.11111,6.708861,0.0,0.0,348.42856,246.7551,0.0,294.5,353.0,135.0,108.0
2022-04-05,210.22223,5.78481,0.0,0.0,336.7143,237.77551,0.0,282.5,327.0,133.8,92.5
2022-04-06,202.88889,4.265823,0.0,0.0,328.85715,230.7551,0.0,264.0,308.0,124.2,78.5
2022-04-07,192.88889,2.9240506,0.0,0.0,313.89285,217.95918,0.0,242.0,287.0,115.8,60.5
2022-04-08,180.55556,1.8734177,0.0,0.0,295.10715,202.93878,0.0,205.5,253.0,96.6,29.0
2022-04-09,171.0,1.2025317,0.0,0.0,284.17856,193.46939,0.0,174.5,222.0,84.2,12.0
2022-04-10,169.11111,0.93670887,0.0,0.0,274.10715,185.79591,0.0,168.0,217.0,77.6,8.0
2022-04-11,168.66667,0.84810126,0.0,0.0,273.25,185.14285,0.0,158.5,203.0,75.6,6.0
2022-04-12,175.22223,0.6708861,0.0,0.0,255.67857,180.06122,5.3939395,173.5,231.0,90.6,22.5
2022-04-13,179.33333,0.6835443,0.0,0.0,283.64285,198.91837,5.3030305,177.0,234.0,89.6,23.0
2022-04-14,179.33333,0.65822786,0.0,0.0,284.10715,199.08163,8.515152,188.5,244.0,83.6,25.0
2022-04-15,178.33333,0.79746836,0.0,0.0,296.5357,206.51021,19.09091,225.0,284.0,87.0,46.5
2022-04-16,178.77777,0.7848101,0.0,0.0,284.39285,198.20409,17.818182,254.5,310.0,86.8,49.5
2022-04-17,193.55556,0.835443,0.0,0.0,345.82144,248.44897,15.333333,299.0,343.0,102.4,64.0
2022-04-18,188.22223,0.5949367,0.0,0.0,328.2857,232.81633,9.393939,303.0,335.0,101.6,51.5
2022-04-19,185.55556,0.36708862,0.0,0.0,327.25,231.83673,6.939394,294.0,324.0,102.0,42.0
2022-04-20,185.55556,0.32911393,0.0,0.0,330.82144,234.87755,6.060606,329.0,346.0,105.0,52.0
2022-04-21,184.33333,0.2278481,0.0,0.0,318.5357,225.04082,8.242424,336.0,365.0,105.6,57.5
2022-04-22,201.11111,1.2025317,7.75,2.6,319.64285,233.40816,10.242424,388.5,438.0,133.4,111.0
2022-04-23,205.0,2.4810126,19.0,6.6666665,326.42856,239.20409,10.545455,403.5,444.0,121.0,114.0
2022-04-24,204.44444,2.2911391,14.5,5.266667,350.7857,254.79591,7.878788,407.0,441.0,121.4,116.0
2022-04-25,202.88889,1.0126582,10.5,3.0,342.92856,245.2449,4.939394,396.0,427.0,119.4,111.0
2022-04-26,199.55556,0.4177215,5.0,1.3333334,309.82144,217.93878,2.6060605,412.5,413.0,121.4,91.0
2022-04-27,197.44444,0.25316456,0.0,0.0,299.75,208.38776,1.6363636,408.0,388.0,119.4,72.5
2022-04-28,195.88889,0.18987341,0.0,0.0,297.9643,206.12245,1.3939394,382.0,374.0,113.0,60.5
2022-04-29,196.22223,0.17721519,0.0,0.0,297.92856,205.95918,1.3030303,375.5,367.0,110.8,58.5
2022-04-30,193.11111,0.088607594,0.0,0.0,293.0357,201.44897,0.93939394,356.0,351.0,108.8,46.0
2022-05-01,197.88889,0.025316456,0.0,0.0,286.5,196.77551,0.54545456,332.0,330.0,104.0,36.5
2022-05-02,195.0,0.0,0.0,0.0,282.25,193.48979,0.060606062,310.5,310.0,103.0,30.0
2022-05-03,193.88889,0.0,0.0,0.0,280.39285,192.04082,0.0,300.5,298.0,101.6,28.5
2022-05-04,192.33333,0.0,0.0,0.0,275.5357,188.2653,0.0,281.5,276.0,99.4,24.0
2022-05-05,186.66667,0.0,0.0,0.0,267.42856,181.22449,0.0,235.0,241.0,86.0,2.5
2022-05-06,180.0,0.0,0.0,0.0,258.0357,174.18367,0.0,203.0,203.0,75.4,0.0
2022-05-07,172.66667,0.0,0.0,0.0,248.82143,167.18367,0.0,175.5,166.0,66.4,0.0
2022-05-08,172.33333,0.0,0.0,0.0,244.85715,164.32654,0.0,156.5,136.0,63.8,0.0
2022-05-09,172.33333,0.0,0.0,0.0,179.92857,121.755104,1.2727273,151.0,142.0,63.8,6.5
2022-05-10,172.66667,0.0,0.0,0.0,175.71428,118.734695,7.2727275,166.0,158.0,66.8,12.5
2022-05-11,167.66667,0.0,0.0,0.0,179.78572,121.591835,7.212121,173.5,168.0,70.6,17.5
2022-05-12,168.66667,0.0,0.0,0.0,180.46428,122.10204,4.6060605,190.5,174.0,70.8,15.5
2022-05-13,174.77777,0.0,0.0,0.0,234.32143,156.2653,0.060606062,192.0,165.0,78.2,14.0
2022-05-14,167.0,0.0,0.0,0.0,238.75,159.77551,0.0,165.5,145.0,70.8,0.0
2022-05-15,137.0,0.0,0.0,0.0,222.92857,148.0204,0.0,144.5,112.0,56.6,0.0
2022-05-16,97.77778,0.0,0.0,0.0,207.92857,136.36734,0.0,125.5,84.0,56.4,0.0
2022-05-17,91.111115,0.0,0.0,0.0,198.53572,128.87755,0.0,108.5,61.0,39.2,0.0
2022-05-18,83.55556,0.0,0.0,0.0,187.67857,120.18367,0.0,98.0,40.0,24.8,0.0
2022-05-19,72.333336,0.0,0.0,0.0,171.92857,107.46939,0.0,75.5,8.0,14.8,0.0
2022-05-20,62.666668,0.0,0.0,0.0,158.07143,97.16327,0.0,66.5,0.0,10.6,0.0
2022-05-21,61.555557,0.0,0.0,0.0,156.46428,95.65306,0.0,66.0,0.0,10.2,0.0
2022-05-22,59.77778,0.0,0.0,0.0,153.85715,93.42857,0.0,60.0,0.0,8.2,0.0
2022-05-23,53.666668,0.0,0.0,0.0,144.32143,86.265305,0.0,49.5,0.0,4.6,0.0
2022-05-24,47.444443,0.0,0.0,0.0,132.96428,78.36735,0.0,48.5,0.0,0.0,0.0
2022-05-25,40.666668,0.0,0.0,0.0,116.71429,67.34694,0.0,22.0,0.0,0.0,0.0
2022-05-26,32.22222,0.0,0.0,0.0,100.14286,57.22449,0.0,0.0,0.0,0.0,0.0
2022-05-27,25.222221,0.0,0.0,0.0,87.42857,49.959183,0.0,0.0,0.0,0.0,0.0
2022-05-28,20.0,0.0,0.0,0.0,79.46429,45.408165,0.0,0.0,0.0,0.0,0.0
2022-05-29,19.0,0.0,0.0,0.0,78.21429,44.69388,0.0,0.0,0.0,0.0,0.0
2022-05-30,18.444445,0.0,0.0,0.0,77.92857,44.530613,0.0,0.0,0.0,0.0,0.0
2022-05-31,18.0,0.0,0.0,0.0,77.57143,44.32653,0.0,0.0,0.0,0.0,0.0
2022-06-01,16.333334,0.0,0.0,0.0,75.64286,43.22449,0.0,0.0,0.0,0.0,0.0
2022-06-02,10.666667,0.0,0.0,0.0,70.14286,40.081635,0.0,0.0,0.0,0.0,0.0
2022-06-03,6.888889,0.0,0.0,0.0,64.85714,37.061226,0.0,0.0,0.0,0.0,0.0
2022-06-04,4.6666665,0.0,0.0,0.0,59.964287,34.265305,0.0,0.0,0.0,0.0,0.0
2022-06-05,3.0,0.0,0.0,0.0,57.107143,32.632652,0.0,0.0,0.0,0.0,0.0
2022-06-06,1.3333334,0.0,0.0,0.0,54.32143,31.040817,0.0,0.0,0.0,0.0,0.0
2022-06-07,0.0,0.0,0.0,0.0,48.57143,27.755102,0.0,0.0,0.0,0.0,0.0
2022-06-08,0.0,0.0,0.0,0.0,41.32143,23.612246,0.0,0.0,0.0,0.0,0.0
2022-06-09,0.0,0.0,0.0,0.0,34.107143,19.489796,0.0,0.0,0.0,0.0,0.0
2022-06-10,0.0,0.0,0.0,0.0,25.607143,14.632653,0.0,0.0,0.0,0.0,0.0
2022-06-11,0.0,0.0,0.0,0.0,17.142857,9.795918,0.0,0.0,0.0,0.0,0.0
2022-06-12,0.0,0.0,0.0,0.0,12.035714,6.877551,0.0,0.0,0.0,0.0,0.0
2022-06-13,0.0,0.0,0.0,0.0,10.107142,5.7755103,0.0,0.0,0.0,0.0,0.0
2022-06-14,0.0,0.0,0.0,0.0,9.75,5.571429,0.0,0.0,0.0,0.0,0.0
2022-06-15,0.0,0.0,0.0,0.0,9.0,5.142857,0.0,0.0,0.0,0.0,0.0
2022-06-16,0.0,0.0,0.0,0.0,7.857143,4.4897957,0.0,0.0,0.0,0.0,0.0
2022-06-17,0.0,0.0,0.0,0.0,7.071429,4.0408163,0.0,0.0,0.0,0.0,0.0
2022-06-18,0.0,0.0,0.0,0.0,7.071429,4.0408163,0.0,0.0,0.0,0.0,0.0
2022-06-19,0.0,0.0,0.0,0.0,7.071429,4.0408163,0.0,0.0,0.0,0.0,0.0
2022-06-20,0.0,0.0,0.0,0.0,7.071429,4.0408163,0.0,0.0,0.0,0.0,0.0
2022-06-21,0.0,0.0,0.0,0.0,6.857143,3.9183674,0.0,0.0,0.0,0.0,0.0
2022-06-22,0.0,0.0,0.0,0.0,6.285714,3.5918367,0.0,0.0,0.0,0.0,0.0
2022-06-23,0.0,0.0,0.0,0.0,5.821429,3.3265307,0.0,0.0,0.0,0.0,0.0
2022-06-24,0.0,0.0,0.0,0.0,5.25,3.0,0.0,0.0,0.0,0.0,0.0
2022-06-25,0.0,0.0,0.0,0.0,4.321429,2.4693878,0.0,0.0,0.0,0.0,0.0
2022-06-26,0.0,0.0,0.0,0.0,3.25,1.8571428,0.0,0.0,0.0,0.0,0.0
2022-06-27,0.0,0.0,0.0,0.0,1.9642857,1.1224489,0.0,0.0,0.0,0.0,0.0
2022-06-28,0.0,0.0,0.0,0.0,0.4642857,0.26530612,0.0,0.0,0.0,0.0,0.0
2022-06-29,0.0,0.0,0.0,0.0,0.0,0.0,0.0,0.0,0.0,0.0,0.0
2022-06-30,0.0,0.0,0.0,0.0,0.0,0.0,0.0,0.0,0.0,0.0,0.0
2022-07-01,0.0,0.0,0.0,0.0,0.0,0.0,0.0,0.0,0.0,0.0,0.0
2022-07-02,0.0,0.0,0.0,0.0,0.0,0.0,0.0,0.0,0.0,0.0,0.0
2022-07-03,0.0,0.0,0.0,0.0,0.0,0.0,0.0,0.0,0.0,0.0,0.0
2022-07-04,0.0,0.0,0.0,0.0,0.0,0.0,0.0,0.0,0.0,0.0,0.0
2022-07-05,0.0,0.0,0.0,0.0,0.0,0.0,0.0,0.0,0.0,0.0,0.0
2022-07-06,0.0,0.0,0.0,0.0,0.0,0.0,0.0,0.0,0.0,0.0,0.0
2022-07-07,0.0,0.0,0.0,0.0,0.0,0.0,0.0,0.0,0.0,0.0,0.0
2022-07-08,0.0,0.0,0.0,0.0,0.0,0.0,0.0,0.0,0.0,0.0,0.0
2022-07-09,0.0,0.0,0.0,0.0,0.0,0.0,0.0,0.0,0.0,0.0,0.0
2022-07-10,0.0,0.0,0.0,0.0,0.0,0.0,0.0,0.0,0.0,0.0,0.0
2022-07-11,0.0,0.0,0.0,0.0,0.0,0.0,0.0,0.0,0.0,0.0,0.0
2022-07-12,0.0,0.0,0.0,0.0,0.0,0.0,0.0,0.0,0.0,0.0,0.0
2022-07-13,0.0,0.0,0.0,0.0,0.0,0.0,0.0,0.0,0.0,0.0,0.0
2022-07-14,0.0,0.0,0.0,0.0,0.0,0.0,0.0,0.0,0.0,0.0,0.0
2022-07-15,0.0,0.0,0.0,0.0,0.0,0.0,0.0,0.0,0.0,0.0,0.0
2022-07-16,0.0,0.0,0.0,0.0,0.0,0.0,0.0,0.0,0.0,0.0,0.0
2022-07-17,0.0,0.0,0.0,0.0,0.0,0.0,0.0,0.0,0.0,0.0,0.0
2022-07-18,0.0,0.0,0.0,0.0,0.0,0.0,0.0,0.0,0.0,0.0,0.0
2022-07-19,0.0,0.0,0.0,0.0,0.0,0.0,0.0,0.0,0.0,0.0,0.0
2022-07-20,0.0,0.0,0.0,0.0,0.0,0.0,0.0,0.0,0.0,0.0,0.0
2022-07-21,0.0,0.0,0.0,0.0,0.0,0.0,0.0,0.0,0.0,0.0,0.0
2022-07-22,0.0,0.0,0.0,0.0,0.0,0.0,0.0,0.0,0.0,0.0,0.0
2022-07-23,0.0,0.0,0.0,0.0,0.0,0.0,0.0,0.0,0.0,0.0,0.0
2022-07-24,0.0,0.0,0.0,0.0,0.0,0.0,0.0,0.0,0.0,0.0,0.0
2022-07-25,0.0,0.0,0.0,0.0,0.0,0.0,0.0,0.0,0.0,0.0,0.0
2022-07-26,0.0,0.0,0.0,0.0,0.0,0.0,0.0,0.0,0.0,0.0,0.0
2022-07-27,0.0,0.0,0.0,0.0,0.0,0.0,0.0,0.0,0.0,0.0,0.0
2022-07-28,0.0,0.0,0.0,0.0,0.0,0.0,0.0,0.0,0.0,0.0,0.0
2022-07-29,0.0,0.0,0.0,0.0,0.0,0.0,0.0,0.0,0.0,0.0,0.0
2022-07-30,0.0,0.0,0.0,0.0,0.0,0.0,0.0,0.0,0.0,0.0,0.0
2022-07-31,0.0,0.0,0.0,0.0,0.0,0.0,0.0,0.0,0.0,0.0,0.0
2022-08-01,0.0,0.0,0.0,0.0,0.0,0.0,0.0,0.0,0.0,0.0,0.0
2022-08-02,0.0,0.0,0.0,0.0,0.0,0.0,0.0,0.0,0.0,0.0,0.0
2022-08-03,0.0,0.0,0.0,0.0,0.0,0.0,0.0,0.0,0.0,0.0,0.0
2022-08-04,0.0,0.0,0.0,0.0,0.0,0.0,0.0,0.0,0.0,0.0,0.0
2022-08-05,0.0,0.0,0.0,0.0,0.0,0.0,0.0,0.0,0.0,0.0,0.0
2022-08-06,0.0,0.0,0.0,0.0,0.0,0.0,0.0,0.0,0.0,0.0,0.0
2022-08-07,0.0,0.0,0.0,0.0,0.0,0.0,0.0,0.0,0.0,0.0,0.0
2022-08-08,0.0,0.0,0.0,0.0,0.0,0.0,0.0,0.0,0.0,0.0,0.0
2022-08-09,0.0,0.0,0.0,0.0,0.0,0.0,0.0,0.0,0.0,0.0,0.0
2022-08-10,0.0,0.0,0.0,0.0,0.0,0.0,0.0,0.0,0.0,0.0,0.0
2022-08-11,0.0,0.0,0.0,0.0,0.0,0.0,0.0,0.0,0.0,0.0,0.0
2022-08-12,0.0,0.0,0.0,0.0,0.0,0.0,0.0,0.0,0.0,0.0,0.0
2022-08-13,0.0,0.0,0.0,0.0,0.0,0.0,0.0,0.0,0.0,0.0,0.0
2022-08-14,0.0,0.0,0.0,0.0,0.0,0.0,0.0,0.0,0.0,0.0,0.0
2022-08-15,0.0,0.0,0.0,0.0,0.0,0.0,0.0,0.0,0.0,0.0,0.0
2022-08-16,0.0,0.0,0.0,0.0,0.0,0.0,0.0,0.0,0.0,0.0,0.0
2022-08-17,0.0,0.0,0.0,0.0,0.0,0.0,0.0,0.0,0.0,0.0,0.0
2022-08-18,0.0,0.0,0.0,0.0,0.0,0.0,0.0,0.0,0.0,0.0,0.0
2022-08-19,0.0,0.0,0.0,0.0,0.0,0.0,0.0,0.0,0.0,0.0,0.0
2022-08-20,0.0,0.0,0.0,0.0,0.0,0.0,0.0,0.0,0.0,0.0,0.0
2022-08-21,0.0,0.0,0.0,0.0,0.0,0.0,0.0,0.0,0.0,0.0,0.0
2022-08-22,0.0,0.0,0.0,0.0,0.0,0.0,0.0,0.0,0.0,0.0,0.0
2022-08-23,0.0,0.0,0.0,0.0,0.0,0.0,0.0,0.0,0.0,0.0,0.0
2022-08-24,0.0,0.0,0.0,0.0,0.0,0.0,0.0,0.0,0.0,0.0,0.0
2022-08-25,0.0,0.0,0.0,0.0,0.0,0.0,0.0,0.0,0.0,0.0,0.0
2022-08-26,0.0,0.0,0.0,0.0,0.0,0.0,0.0,0.0,0.0,0.0,0.0
2022-08-27,0.0,0.0,0.0,0.0,0.0,0.0,0.0,0.0,0.0,0.0,0.0
2022-08-28,0.0,0.0,0.0,0.0,0.0,0.0,0.0,0.0,0.0,0.0,0.0
2022-08-29,0.0,0.0,0.0,0.0,0.0,0.0,0.0,0.0,0.0,0.0,0.0
2022-08-30,0.0,0.0,0.0,0.0,0.0,0.0,0.0,0.0,0.0,0.0,0.0
2022-08-31,0.0,0.0,0.0,0.0,0.0,0.0,0.0,0.0,0.0,0.0,0.0
2022-09-01,0.0,0.0,0.0,0.0,0.0,0.0,0.0,0.0,0.0,0.0,0.0
2022-09-02,0.0,0.0,0.0,0.0,0.0,0.0,0.0,0.0,0.0,0.0,0.0
2022-09-03,0.0,0.0,0.0,0.0,0.0,0.0,0.0,0.0,0.0,0.0,0.0
2022-09-04,0.0,0.0,0.0,0.0,0.0,0.0,0.0,0.0,0.0,0.0,0.0
2022-09-05,0.0,0.0,0.0,0.0,0.0,0.0,0.0,0.0,0.0,0.0,0.0
2022-09-06,0.0,0.0,0.0,0.0,0.0,0.0,0.0,0.0,0.0,0.0,0.0
2022-09-07,0.0,0.0,0.0,0.0,0.0,0.0,0.0,0.0,0.0,0.0,0.0
2022-09-08,0.0,0.0,0.0,0.0,0.0,0.0,0.0,0.0,0.0,0.0,0.0
2022-09-09,0.0,0.0,0.0,0.0,0.0,0.0,0.0,0.0,0.0,0.0,0.0
2022-09-10,0.0,0.0,0.0,0.0,0.0,0.0,0.0,0.0,0.0,0.0,0.0
2022-09-11,0.0,0.0,0.0,0.0,0.0,0.0,0.0,0.0,0.0,0.0,0.0
2022-09-12,0.0,0.0,0.0,0.0,0.0,0.0,0.0,0.0,0.0,0.0,0.0
2022-09-13,0.0,0.0,0.0,0.0,0.0,0.0,0.0,0.0,0.0,0.0,0.0
2022-09-14,0.0,0.0,0.0,0.0,0.0,0.0,0.0,0.0,0.0,0.0,0.0
2022-09-15,0.0,0.0,0.0,0.0,0.0,0.0,0.0,0.0,0.0,0.0,0.0
2022-09-16,0.0,0.0,0.0,0.0,0.0,0.0,0.0,0.0,0.0,0.0,0.0
2022-09-17,0.0,0.0,0.0,0.0,0.0,0.0,0.0,0.0,0.0,0.0,0.0
2022-09-18,0.0,0.0,0.0,0.0,0.0,0.0,0.0,0.0,0.0,0.0,0.0
2022-09-19,0.0,0.0,0.0,0.0,0.14285715,0.08163265,0.0,0.0,0.0,0.0,0.0
2022-09-20,0.0,0.0,0.0,0.0,0.5714286,0.3265306,0.0,0.0,0.0,0.0,0.0
2022-09-21,0.0,0.0,0.0,0.0,1.5,0.85714287,0.0,0.0,0.0,0.0,0.0
2022-09-22,0.0,0.0,0.0,0.0,2.5,1.4285715,0.0,0.0,0.0,1.0,0.0
2022-09-23,0.0,0.0,0.0,0.0,0.9285714,0.53061223,0.0,0.0,0.0,0.0,0.0
2022-09-24,0.0,0.0,0.0,0.0,0.32142857,0.18367347,0.0,0.0,0.0,0.0,0.0
2022-09-25,0.0,0.0,0.0,0.0,0.0,0.0,0.0,0.0,0.0,0.0,0.0
2022-09-26,0.0,0.0,0.0,0.0,0.0,0.0,0.0,0.0,0.0,0.0,0.0
2022-09-27,0.0,0.0,0.0,0.0,0.0,0.0,0.0,0.0,0.0,0.0,0.0
2022-09-28,0.0,0.0,0.0,0.0,0.0,0.0,0.0,0.0,0.0,0.0,0.0
2022-09-29,0.0,0.0,0.0,0.0,0.0,0.0,0.0,0.0,0.0,0.0,0.0
2022-09-30,0.0,0.0,0.0,0.0,0.0,0.0,0.0,0.0,0.0,0.0,0.0
2022-10-01,0.0,0.0,0.0,0.0,0.0,0.0,0.0,0.0,0.0,0.0,0.0
2022-10-02,0.0,0.0,0.0,0.0,0.0,0.0,0.0,0.0,0.0,0.0,0.0
2022-10-03,0.0,0.0,0.0,0.0,0.0,0.0,0.0,0.0,0.0,0.0,0.0
2022-10-04,0.0,0.0,0.0,0.0,0.0,0.0,0.0,0.0,0.0,0.0,0.0
2022-10-05,0.0,0.0,0.0,0.0,0.0,0.0,0.0,0.0,0.0,0.0,0.0
2022-10-06,0.0,0.0,0.0,0.0,0.0,0.0,0.0,0.0,0.0,0.0,0.0
2022-10-07,0.0,0.0,0.0,0.0,0.0,0.0,0.0,0.0,0.0,0.0,0.0
2022-10-08,0.0,0.0,0.0,0.0,0.0,0.0,0.0,0.0,0.0,0.0,0.0
2022-10-09,0.0,0.0,0.0,0.0,0.0,0.0,0.0,0.0,0.0,0.0,0.0
2022-10-10,0.0,0.0,0.0,0.0,0.0,0.0,0.0,0.0,0.0,0.0,0.0
2022-10-11,0.0,0.0,0.0,0.0,0.0,0.0,0.0,0.0,0.0,0.0,0.0
2022-10-12,0.0,0.0,0.0,0.0,0.0,0.0,0.0,0.0,0.0,0.0,0.0
2022-10-13,0.0,0.0,0.0,0.0,0.0,0.0,0.0,0.0,0.0,0.0,0.0
2022-10-14,0.0,0.0,0.0,0.0,0.0,0.0,0.0,0.0,0.0,0.0,0.0
2022-10-15,0.0,0.0,0.0,0.0,0.0,0.0,0.0,0.0,0.0,0.0,0.0
2022-10-16,0.0,0.0,0.0,0.0,0.0,0.0,0.0,0.0,0.0,0.0,0.0
2022-10-17,0.0,0.0,0.0,0.0,0.0,0.0,0.0,0.0,0.0,0.0,0.0
2022-10-18,0.0,0.0,0.0,0.0,0.0,0.0,0.0,0.0,0.0,0.0,0.0
2022-10-19,0.0,0.0,0.0,0.0,0.0,0.0,0.0,0.0,0.0,0.0,0.0
2022-10-20,0.0,0.0,0.0,0.0,0.0,0.0,0.0,0.0,0.0,0.0,0.0
2022-10-21,0.0,0.0,0.0,0.0,0.0,0.0,0.0,0.0,0.0,0.0,0.0
2022-10-22,0.0,0.0,0.0,0.0,0.0,0.0,0.0,0.0,0.0,0.0,0.0
2022-10-23,0.0,0.0,0.0,0.0,0.25,0.46938777,0.0,1.5,0.0,2.6,0.0
2022-10-24,0.0,0.0,0.0,0.0,0.17857143,0.40816328,0.0,1.5,0.0,2.6,0.0
2022-10-25,0.0,0.0,0.0,0.0,0.0,0.0,0.0,0.0,0.0,0.8,0.0
2022-10-26,0.0,0.0,0.0,0.0,0.0,0.0,0.0,0.0,0.0,0.0,0.0
2022-10-27,0.0,0.0,0.0,0.0,0.0,0.0,0.0,0.0,0.0,0.0,0.0
2022-10-28,0.0,0.0,0.0,0.0,0.0,0.0,0.0,0.0,0.0,0.0,0.0
2022-10-29,0.0,0.0,0.0,0.0,0.0,0.0,0.0,0.0,0.0,0.0,0.0
2022-10-30,0.0,0.0,0.0,0.0,0.0,0.0,0.0,0.0,0.0,0.0,0.0
2022-10-31,0.0,0.0,0.0,0.0,0.0,0.0,0.0,0.0,0.0,0.0,0.0
2022-11-01,0.0,0.0,0.0,0.0,0.0,0.0,0.0,0.0,0.0,0.0,0.0
2022-11-02,7.4444447,2.949367,4.5,1.2,12.142858,9.795918,6.5151515,25.5,25.0,15.0,15.5
2022-11-03,9.333333,3.898734,5.0,1.4,18.428572,16.163265,11.363636,38.5,39.0,17.2,21.0
2022-11-04,9.333333,4.481013,6.25,1.7333333,18.535715,16.265306,11.969697,38.5,39.0,19.4,21.5
2022-11-05,7.7777777,3.443038,6.0,1.6,17.714285,14.612245,9.575758,39.0,45.0,21.4,24.5
2022-11-06,4.7777777,0.4556962,2.25,0.6,16.5,13.612245,7.4242425,47.5,47.0,22.8,22.5
2022-11-07,11.555555,0.21518987,1.0,0.26666668,29.892857,23.591837,10.424242,63.0,65.0,18.2,26.5
2022-11-08,35.22222,4.772152,6.0,1.8666667,68.96429,61.081635,20.757576,84.0,90.0,37.4,43.5
2022-11-09,84.0,30.493671,33.75,12.866667,117.78571,100.46939,41.454544,117.0,122.0,66.2,75.0
2022-11-10,88.333336,31.41772,35.5,13.666667,126.25,109.14286,42.151516,121.5,125.0,66.4,79.0
2022-11-11,88.333336,31.481012,34.25,13.133333,126.10714,109.02041,41.575756,122.5,127.0,68.0,79.5
2022-11-12,88.333336,30.29114,32.25,12.466666,126.03571,108.938774,41.696968,123.5,130.0,68.4,80.5
2022-11-13,88.111115,29.949368,31.75,12.266666,126.03571,108.918365,40.666668,128.5,136.0,69.0,82.5
2022-11-14,88.333336,29.29114,30.75,11.933333,126.03571,108.83673,39.515152,128.0,136.0,69.2,82.5
2022-11-15,88.44444,28.518988,28.0,11.0,125.89286,108.61224,40.303032,128.0,135.0,68.6,82.5
2022-11-16,88.55556,28.227848,25.75,10.2,125.89286,108.408165,38.909092,127.0,135.0,68.2,82.5
2022-11-17,87.77778,26.734177,21.0,8.4,125.89286,107.55102,35.727272,125.0,132.0,68.2,84.0
2022-11-18,87.666664,24.544304,20.25,7.866667,125.60714,106.4898,33.78788,123.0,131.0,67.4,84.0
2022-11-19,88.0,24.354431,19.0,7.266667,125.60714,106.16327,32.878788,123.5,132.0,67.4,84.0
2022-11-20,88.0,24.063292,19.0,7.0,125.53571,105.67347,32.060608,121.0,129.0,67.4,84.5
2022-11-21,87.888885,22.43038,18.25,6.3333335,125.25,104.89796,30.939394,119.5,126.0,65.4,85.0
2022-11-22,87.888885,20.0,18.25,5.866667,124.89286,103.95918,29.030304,119.5,126.0,65.6,85.0
2022-11-23,88.0,17.962025,17.5,5.2,124.42857,102.938774,26.757576,119.5,125.0,64.6,85.0
2022-11-24,87.77778,14.78481,17.5,4.6666665,123.39286,100.81633,23.69697,118.5,124.0,64.0,84.0
2022-11-25,87.888885,12.1645565,17.75,4.733333,122.60714,98.61224,20.333334,116.5,122.0,63.2,84.5
2022-11-26,87.55556,10.113924,16.25,4.3333335,121.25,96.12245,18.0,115.0,121.0,61.6,84.0
2022-11-27,87.22222,9.025316,14.25,3.8,120.89286,95.16327,18.212122,114.5,121.0,61.2,83.5
2022-11-28,86.77778,8.582278,12.75,3.4,120.03571,93.755104,15.363636,114.0,121.0,60.4,83.5
2022-11-29,86.333336,8.202532,13.0,3.4666667,120.14286,93.83673,17.09091,114.0,121.0,60.8,83.5
2022-11-30,86.333336,8.265822,13.0,3.4666667,120.03571,93.77551,17.09091,112.0,119.0,60.8,83.5
2022-12-01,86.22222,8.189874,12.75,3.4,120.03571,93.755104,17.0,120.5,119.0,61.2,83.0
2022-12-02,123.0,24.58228,42.0,13.8,166.67857,137.91837,38.030304,173.0,168.0,92.0,113.5
2022-12-03,123.77778,26.974684,41.75,14.066667,168.82143,139.87755,38.636364,166.0,173.0,92.6,116.0
2022-12-04,158.22223,33.227848,45.0,14.933333,214.53572,181.48979,56.666668,193.0,203.0,110.4,137.5
2022-12-05,173.66667,39.405064,43.75,14.4,238.46428,203.83673,64.93939,214.0,230.0,133.8,156.0
2022-12-06,176.11111,40.341774,42.75,14.2,242.35715,208.16327,78.454544,238.5,252.0,137.8,171.0
2022-12-07,177.0,40.291138,38.5,12.866667,242.28572,208.04082,78.69697,239.0,252.0,136.6,171.0
2022-12-08,176.55556,40.265823,43.25,14.333333,242.35715,208.12245,78.454544,238.0,252.0,137.2,171.0
2022-12-09,177.22223,40.468353,47.75,15.733334,242.39285,208.22449,86.72727,248.0,262.0,145.6,175.0
2022-12-10,176.55556,40.430378,49.5,16.266666,242.46428,208.32654,95.030304,257.0,272.0,147.0,178.5
2022-12-11,235.22223,60.291138,53.25,18.533333,315.92856,283.73468,125.48485,343.5,369.0,218.6,245.0
2022-12-12,258.1111,71.974686,74.25,25.733334,341.2857,309.87756,128.18182,391.0,419.0,246.4,269.0
2022-12-13,260.0,72.77215,79.25,27.333334,341.2857,309.83673,126.57576,391.5,419.0,246.0,269.0
2022-12-14,259.22223,72.74683,80.5,27.733334,341.2857,309.83673,127.36364,391.5,419.0,245.6,269.0
2022-12-15,257.44446,72.88608,79.5,27.466667,341.2857,309.8163,127.454544,390.0,418.0,245.6,269.0
2022-12-16,257.44446,72.44304,76.0,26.333334,341.35715,309.91837,126.93939,389.5,418.0,244.4,269.0
2022-12-17,257.77777,72.07595,72.25,25.133333,341.2857,309.85715,127.393936,390.5,418.0,243.8,269.0
2022-12-18,257.8889,71.303795,69.5,24.266666,341.32144,309.89795,128.75757,391.5,419.0,243.8,269.0
2022-12-19,263.33334,70.50633,68.5,23.933332,341.39285,310.02042,127.06061,391.5,419.0,243.8,269.0
2022-12-20,257.44446,69.822784,65.5,22.933332,341.35715,309.9592,136.75757,393.0,423.0,243.8,269.0
2022-12-21,257.22223,68.860756,63.75,22.333334,341.35715,309.83673,127.333336,393.5,422.0,245.6,269.5
2022-12-22,257.0,67.72152,60.75,21.266666,341.32144,309.67346,125.181816,391.5,421.0,245.2,269.5
2022-12-23,257.0,66.8481,55.0,19.2,341.2143,309.30612,124.242424,393.5,425.0,245.4,270.0
2022-12-24,256.1111,65.455696,51.5,17.8,341.14285,308.8163,121.0,393.5,429.0,245.2,270.0
2022-12-25,262.1111,62.58228,48.5,16.133333,340.89285,307.85715,119.333336,391.0,428.0,243.0,270.0
2022-12-26,255.55556,57.949368,46.0,14.133333,340.25,306.06122,116.78788,390.0,426.0,239.4,270.0
2022-12-27,260.44446,54.683544,46.0,13.133333,347.9643,310.12244,129.18182,413.5,449.0,244.8,282.5
2022-12-28,313.8889,74.25317,61.5,17.066668,390.5357,346.59183,117.121216,453.0,488.0,293.6,330.5
2022-12-29,322.1111,74.620255,62.75,17.4,390.82144,347.2245,129.90909,444.0,485.0,297.4,330.5
2022-12-30,331.1111,77.74683,67.75,19.266666,399.32144,353.34692,129.36363,495.0,499.0,307.8,338.0
2022-12-31,355.77777,76.898735,66.5,18.466667,448.25,388.0,123.36364,589.5,575.0,353.4,396.0
2023-01-01,435.0,108.303795,76.0,24.066668,571.0714,501.8163,116.90909,623.0,646.0,442.6,471.5
2023-01-02,436.44446,111.68355,89.25,28.6,575.3214,506.44897,117.242424,622.0,646.0,440.6,471.5
2023-01-03,447.1111,121.06329,98.5,32.466667,586.8571,516.8571,128.39394,637.5,651.0,447.4,473.0
2023-01-04,447.1111,121.11392,97.25,31.266666,587.0357,516.9184,120.454544,639.0,654.0,449.6,475.5
2023-01-05,463.33334,125.21519,97.25,31.466667,607.2857,532.0,128.84848,644.5,663.0,462.4,488.5
2023-01-06,503.66666,154.26582,143.75,47.0,658.5357,584.61224,154.66667,684.0,709.0,511.2,513.0
2023-01-07,503.77777,153.9367,143.0,46.8,658.3214,584.32654,146.39394,680.0,704.0,509.8,513.0
2023-01-08,509.0,154.49367,140.25,45.933334,665.8929,592.0816,158.60606,684.0,703.0,512.8,517.5
2023-01-09,531.55554,162.1519,143.25,47.266666,696.5714,621.18365,160.30302,709.0,732.0,528.6,542.5
2023-01-10,637.2222,213.13924,147.0,47.133335,807.9286,706.9184,181.18182,772.0,805.0,572.2,578.0
2023-01-11,684.2222,235.8481,168.25,55.066666,857.9286,746.2857,185.45454,836.0,878.0,629.0,617.0
2023-01-12,691.2222,238.43037,168.75,55.266666,867.9286,758.4286,187.06061,862.0,907.0,638.4,631.5
2023-01-13,692.55554,236.65823,162.5,53.2,867.6786,757.5714,184.15152,862.0,909.0,640.0,633.0
2023-01-14,698.6667,235.8481,159.75,52.266666,873.3571,762.16327,188.93939,874.5,922.0,644.8,645.5
2023-01-15,753.1111,274.70886,209.75,69.2,940.5,829.5714,205.0303,939.0,987.0,704.6,681.5
2023-01-16,766.44446,281.44302,228.5,75.26667,966.2857,857.12244,212.33333,965.0,1006.0,714.6,688.5
2023-01-17,794.7778,295.22784,248.75,82.13333,997.9643,884.81635,231.21213,998.0,1038.0,747.2,703.5
2023-01-18,794.3333,295.1519,250.75,82.8,997.8929,884.7551,231.84848,1000.5,1039.0,741.4,703.5
2023-01-19,792.8889,295.7342,252.5,83.333336,1001.8929,889.10205,223.54546,1018.5,1055.0,756.6,713.0
2023-01-20,794.7778,297.11392,257.0,84.933334,1004.1786,891.5102,222.81818,1026.0,1063.0,754.2,713.0
2023-01-21,795.0,297.1266,257.25,85.0,1004.0357,891.30615,221.78787,1023.5,1062.0,754.4,712.0
2023-01-22,793.3333,296.6329,254.5,84.0,1004.6071,891.8571,223.72728,1023.5,1062.0,754.2,714.0
2023-01-23,794.0,296.64557,256.25,84.53333,1004.0714,891.30615,220.90909,1025.0,1062.0,753.6,714.5
2023-01-24,786.3333,296.51898,256.0,84.53333,996.5,885.0816,221.0,1022.0,1062.0,759.4,712.5
2023-01-25,785.6667,294.6962,252.0,83.26667,996.9286,885.2041,237.66667,1021.0,1062.0,758.8,712.5
2023-01-26,788.44446,294.21518,248.5,82.13333,996.0357,883.89795,216.09091,1021.0,1062.0,758.2,715.0
2023-01-27,790.44446,292.35443,242.0,80.0,994.0,881.95917,233.72728,1017.0,1061.0,758.2,715.0
2023-01-28,790.8889,290.92404,233.75,77.26667,993.9286,881.4286,213.66667,1017.5,1061.0,751.4,715.0
2023-01-29,791.44446,289.88608,231.25,76.53333,993.5,881.0612,213.18182,1017.5,1061.0,751.4,715.0
2023-01-30,793.6667,291.49368,231.75,76.73333,997.25,885.2857,214.30302,1024.5,1065.0,753.4,720.5
2023-01-31,793.44446,281.7342,232.5,77.066666,997.25,885.38776,233.30302,1026.0,1065.0,754.8,720.5
2023-02-01,797.1111,282.31647,231.0,76.53333,996.75,885.0,231.12122,1021.0,1064.0,755.0,720.5
2023-02-02,796.3333,282.0,227.25,75.333336,1002.1429,889.2857,228.57576,1024.5,1065.0,754.4,722.0
2023-02-03,796.3333,281.0886,221.25,73.2,998.0,885.2653,228.60606,1020.5,1065.0,760.6,723.5
2023-02-04,798.0,278.97467,217.5,71.8,998.1786,885.2449,231.90909,1022.5,1066.0,755.4,725.0
2023-02-05,818.8889,278.3671,215.5,71.0,1027.75,912.67346,233.90909,1049.5,1098.0,784.2,743.5
2023-02-06,831.6667,280.49368,217.5,71.8,1038.1428,923.46936,238.27272,1091.5,1145.0,804.6,765.5
2023-02-07,830.3333,280.77216,220.0,72.53333,1038.5,923.61224,238.75757,1087.0,1145.0,809.0,766.5
2023-02-08,830.0,279.13925,218.75,71.933334,1037.9642,922.69385,235.30302,1087.5,1145.0,808.6,768.0
2023-02-09,829.8889,276.88608,214.75,70.4,1038.4286,922.0204,231.90909,1093.0,1145.0,799.2,768.0
2023-02-10,829.0,273.89874,208.75,68.066666,1039.6072,921.40814,226.9697,1094.5,1144.0,798.0,767.5
2023-02-11,829.6667,272.62024,204.0,66.4,1040.1428,921.5714,227.12122,1098.0,1151.0,799.0,768.0
2023-02-12,828.3333,271.5443,205.0,66.73333,1041.75,923.12244,226.60606,1101.0,1152.0,798.8,769.5
2023-02-13,856.1111,271.6076,205.0,66.666664,1051.3214,930.95917,221.33333,1103.5,1153.0,798.6,769.5
2023-02-14,856.3333,269.74683,204.5,66.4,1051.1786,930.3674,219.36363,1104.5,1152.0,797.6,769.5
2023-02-15,827.0,269.68353,206.0,67.4,1042.9286,923.04083,220.09091,1108.0,1154.0,799.4,770.5
2023-02-16,826.8889,271.21518,204.0,66.73333,1043.0,923.10205,218.66667,1105.0,1154.0,799.0,770.5
2023-02-17,827.0,271.6709,204.5,66.53333,1042.9286,923.04083,217.51515,1103.0,1156.0,807.8,770.5
2023-02-18,828.1111,273.88608,203.0,66.0,1042.5,922.6531,218.27272,1104.5,1156.0,807.0,770.5
2023-02-19,828.1111,273.58228,199.75,64.933334,1042.75,922.5102,218.87878,1112.0,1159.0,798.0,770.5
2023-02-20,828.7778,272.3291,195.0,63.2,1041.7142,920.69385,213.60606,1115.0,1161.0,798.2,770.5
2023-02-21,828.44446,268.83545,186.0,60.0,1042.4286,919.9388,206.36363,1121.0,1168.0,797.6,770.5
2023-02-22,830.7778,268.6076,185.5,59.933334,1046.7142,925.10205,207.12122,1121.0,1171.0,809.8,773.0
2023-02-23,829.3333,271.68353,191.25,62.2,1055.8572,934.0816,188.60606,1140.0,1193.0,816.0,780.0
2023-02-24,835.2222,274.0633,200.25,66.666664,1070.0358,948.87756,226.24243,1160.0,1223.0,844.2,797.5
2023-02-25,927.6667,328.5696,315.25,123.6,1156.7858,1033.2653,253.75757,1190.0,1252.0,858.8,824.0
2023-02-26,938.44446,342.2405,345.75,141.53334,1173.5,1048.9183,254.75757,1203.5,1262.0,869.0,828.0
2023-02-27,951.8889,345.74683,352.5,144.53334,1191.8214,1067.898,268.81818,1230.5,1289.0,884.4,838.0
2023-02-28,976.44446,355.3038,376.75,155.6,1223.4286,1102.4286,287.51514,1273.0,1334.0,916.4,862.0
2023-03-01,969.1111,378.40506,416.5,179.6,1267.7858,1148.5306,306.0909,1332.0,1402.0,959.2,901.5
2023-03-02,966.6667,380.70886,426.75,184.8,1269.6786,1146.4897,306.0606,1341.5,1407.0,955.6,906.0
2023-03-03,968.7778,378.8734,427.0,184.46666,1268.7858,1145.7959,305.0909,1347.0,1415.0,957.8,907.0
2023-03-04,971.0,379.41772,420.5,181.06667,1267.8214,1144.5714,303.45456,1353.0,1422.0,959.0,907.0
2023-03-05,994.2222,382.01266,428.75,183.13333,1287.75,1166.4897,320.9091,1370.0,1445.0,972.4,923.5
2023-03-06,1009.2222,390.0,449.0,192.4,1311.1428,1191.8368,323.81818,1406.5,1487.0,994.0,948.0
2023-03-07,1006.0,391.1266,451.5,193.06667,1313.8214,1198.2653,334.36365,1429.0,1510.0,1001.2,957.0
2023-03-08,1004.6667,391.96204,453.25,193.66667,1313.25,1194.102,343.12122,1447.5,1532.0,1004.0,963.0
2023-03-09,1004.7778,392.51898,453.0,193.26666,1199.7142,1098.1224,344.78787,1461.0,1551.0,1011.4,968.5
2023-03-10,1073.0,411.37976,448.0,188.46666,1388.9642,1268.6531,372.0606,1499.5,1596.0,1049.0,1003.0
2023-03-11,1156.6666,422.11392,437.75,177.26666,1499.3214,1368.0817,370.87878,1544.5,1646.0,1072.6,1027.5
2023-03-12,1176.8889,419.70886,439.25,173.06667,1515.75,1380.551,382.66666,1585.5,1697.0,1117.8,1055.5
2023-03-13,1190.3334,412.40506,448.25,172.13333,1532.7858,1395.2449,374.0909,1608.5,1728.0,1143.0,1074.5
2023-03-14,1191.5555,403.6329,445.25,167.6,1537.6072,1399.7959,372.36365,1663.0,1800.0,1150.2,1091.0
2023-03-15,1239.4445,407.18988,458.25,167.2,1600.8214,1451.4897,369.57574,1708.0,1848.0,1160.2,1122.0
2023-03-16,1240.6666,404.7595,452.25,163.66667,1602.4286,1453.1224,366.51514,1709.0,1856.0,1153.0,1121.5
2023-03-17,1242.1111,398.89874,449.25,160.2,1602.2142,1452.5714,362.78787,1716.0,1857.0,1150.2,1120.0
2023-03-18,1242.5555,396.8734,446.25,156.66667,1595.6786,1446.6735,353.81818,1721.5,1864.0,1166.0,1120.5
2023-03-19,1242.4445,394.79745,436.5,150.73334,1596.8928,1447.2041,349.9394,1727.5,1866.0,1152.0,1120.5
2023-03-20,1267.2222,400.02533,443.25,151.53334,1627.1786,1470.551,347.87878,1748.0,1896.0,1180.6,1132.0
2023-03-21,1270.5555,399.9367,439.25,148.66667,1628.1428,1471.1632,347.0303,1750.5,1899.0,1165.4,1133.5
2023-03-22,1292.4445,414.65823,449.5,151.33333,1648.0,1487.2653,345.54544,1748.0,1902.0,1172.4,1130.5
2023-03-23,1293.4445,417.34177,442.0,148.6,1501.7858,1363.6531,346.0909,1756.0,1905.0,1170.6,1132.5
2023-03-24,1298.8889,419.3291,450.25,151.4,1660.0358,1498.449,346.54544,1769.0,1916.0,1192.6,1144.0
2023-03-25,1298.7778,419.81012,452.5,152.2,1499.4642,1363.0408,346.24243,1773.5,1925.0,1193.0,1144.0
2023-03-26,1293.0,419.77216,454.0,152.66667,1663.3214,1501.6531,346.81818,1775.0,1925.0,1192.8,1144.5
2023-03-27,1298.6666,419.3924,454.5,152.86667,1657.0,1496.1837,344.81818,1772.5,1924.0,1191.0,1147.0
2023-03-28,1302.1111,419.53165,455.0,152.8,1497.3928,1361.8163,343.18182,1758.0,1922.0,1197.2,1146.5
2023-03-29,1350.3334,423.50632,462.75,154.66667,1546.0,1408.4286,357.84848,1827.0,1962.0,1203.2,1173.5
2023-03-30,1361.3334,427.07596,464.0,154.53334,1569.9642,1432.6123,358.36365,1833.0,1965.0,1206.0,1181.0
2023-03-31,1362.6666,427.78482,462.75,154.2,1558.25,1424.9592,358.45456,1834.5,1966.0,1221.2,1181.5
2023-04-01,1354.7778,430.49368,464.5,154.53334,1722.7858,1563.7959,361.39395,1830.5,1965.0,1220.8,1177.0
2023-04-02,1403.1111,428.51898,458.0,151.6,1755.5,1587.3265,359.0303,1837.5,1967.0,1204.4,1182.5
2023-04-03,1359.5555,426.0886,460.0,152.06667,1725.0358,1564.8368,360.87878,1841.5,1971.0,1205.4,1182.5
2023-04-04,1363.2222,426.29114,462.0,153.4,1720.0358,1560.3673,360.15152,1844.5,1974.0,1210.2,1185.0
2023-04-05,1364.2222,426.4557,459.25,152.46666,1721.1072,1561.1632,361.9091,1834.0,1964.0,1210.0,1180.0
2023-04-06,1365.7778,426.74683,461.25,152.73334,1721.8928,1561.2858,360.63635,1844.0,1973.0,1208.8,1181.5
2023-04-07,1363.1111,424.83545,453.5,149.33333,1714.5358,1547.9796,356.0303,1844.0,1978.0,1225.2,1186.5
2023-04-08,1364.3334,420.4304,441.0,144.0,1709.3572,1538.8776,355.21213,1861.0,1993.0,1210.4,1187.0
2023-04-09,1364.2222,414.13925,425.0,138.93333,1710.6786,1536.1632,348.78787,1848.0,1980.0,1209.2,1186.0
2023-04-10,1364.5555,402.31647,391.5,127.666664,1715.1072,1533.0204,331.21213,1850.0,1976.0,1203.6,1188.0
2023-04-11,1359.3334,387.02533,354.0,114.73333,1721.75,1532.7959,316.39395,1839.5,1976.0,1201.6,1195.5
2023-04-12,1356.4445,375.78482,333.75,107.53333,1716.5358,1525.3673,306.9394,1849.5,1977.0,1197.2,1198.5
2023-04-13,1353.3334,370.10126,329.0,105.8,1706.5358,1517.6327,304.30304,1854.5,1982.0,1195.8,1198.5
2023-04-14,1351.0,367.8734,326.25,105.0,1684.5,1500.7959,302.0606,1856.0,1980.0,1194.4,1193.5
2023-04-15,1357.1111,365.46835,324.5,104.26667,1656.7858,1483.0613,297.12122,1856.0,1980.0,1190.6,1194.0
2023-04-16,1359.6666,359.58228,320.5,101.26667,1630.6786,1458.0613,288.12122,1854.0,1974.0,1188.2,1194.5
2023-04-17,1357.5555,353.02533,317.75,98.86667,1618.1072,1447.7959,281.21213,1851.0,1969.0,1186.6,1196.0
2023-04-18,1355.2222,347.8734,314.75,97.6,1606.3572,1441.7755,281.0606,1854.5,1967.0,1186.0,1199.0
2023-04-19,1353.7778,345.37976,312.25,96.8,1575.4642,1412.102,281.45456,1855.0,1965.0,1194.2,1204.5
2023-04-20,1353.8889,341.77216,308.5,95.6,1541.8572,1376.7959,280.45456,1855.0,1971.0,1207.4,1205.0
2023-04-21,1355.7778,336.22784,305.25,93.933334,1497.3572,1335.2041,275.33334,1858.0,1973.0,1188.8,1204.0
2023-04-22,1356.6666,325.58228,298.0,89.53333,1475.2142,1311.0613,260.75757,1847.5,1959.0,1199.0,1208.5
2023-04-23,1355.8889,314.18988,292.75,85.86667,1459.5358,1289.9796,243.18182,1837.5,1940.0,1179.8,1207.0
2023-04-24,1349.6666,304.3924,280.0,80.46667,1451.5714,1276.7347,229.57576,1826.5,1925.0,1193.8,1204.5
2023-04-25,1345.0,294.92404,268.75,75.46667,1440.25,1258.9592,215.84848,1818.0,1910.0,1180.8,1206.0
2023-04-26,1342.8889,283.20255,257.5,70.4,1426.1072,1237.6531,200.24243,1815.0,1889.0,1137.4,1204.5
2023-04-27,1378.3334,269.98734,238.25,63.533333,1524.3214,1294.3265,180.66667,1802.0,1865.0,1103.0,1204.0
2023-04-28,1330.7778,257.72153,221.75,59.133335,1407.7858,1202.1837,158.09091,1776.0,1835.0,1077.8,1202.5
2023-04-29,1325.7778,244.18988,202.0,53.866665,1394.3572,1180.0613,131.87878,1754.0,1797.0,1020.0,1196.5
2023-04-30,1317.0,231.9367,185.0,49.333332,1374.5358,1154.2653,107.21212,1714.5,1747.0,982.6,1182.5
2023-05-01,1340.1111,218.82278,163.25,43.533333,1477.8214,1216.6735,93.545456,1816.5,1692.0,962.0,1161.0
2023-05-02,1339.4445,211.73418,152.25,40.6,1465.2858,1201.9183,90.06061,1810.0,1683.0,937.6,1152.0
2023-05-03,1348.3334,205.41772,147.25,39.266666,1457.4286,1191.8163,88.0,1819.5,1696.0,943.4,1161.5
2023-05-04,1349.4445,198.22784,141.5,37.733334,1445.3928,1178.0408,82.121216,1827.5,1699.0,946.2,1157.0
2023-05-05,1349.2222,192.44304,139.25,37.466667,1424.3572,1154.7142,78.48485,1839.0,1708.0,950.6,1154.5
2023-05-06,1350.7778,188.11392,138.5,37.4,1413.1428,1141.6938,77.30303,1853.5,1719.0,952.2,1151.5
2023-05-07,1353.1111,183.55696,138.0,37.2,1393.8214,1119.9796,75.72727,1880.5,1737.0,957.2,1156.0
2023-05-08,1348.8889,177.55696,137.25,36.666668,1374.0,1097.102,74.181816,1892.0,1747.0,957.0,1155.0
2023-05-09,1341.1111,171.29114,136.75,36.466667,1360.6072,1081.0613,74.36364,1902.5,1759.0,951.4,1153.0
2023-05-10,1332.3334,165.26582,135.5,36.133335,1357.75,1076.5103,70.757576,1899.0,1751.0,942.0,1145.0
2023-05-11,1326.6666,159.20253,134.0,35.733334,1358.5358,1076.0408,66.69697,1888.5,1739.0,917.2,1134.5
2023-05-12,1312.0,153.9367,130.5,34.8,1353.8928,1069.8163,59.030304,1865.5,1712.0,884.0,1117.5
2023-05-13,1291.0,146.5443,123.75,33.0,1341.0714,1055.0613,47.727272,1814.0,1659.0,848.4,1095.0
2023-05-14,1262.6666,137.88608,116.75,31.133333,1341.6786,1047.5918,37.39394,1752.5,1596.0,813.6,1067.0
2023-05-15,1239.6666,130.74684,110.75,29.533333,1331.1428,1034.2041,30.060606,1687.0,1520.0,772.2,1038.5
2023-05-16,1213.4445,122.88608,103.5,27.6,1317.9286,1018.32654,23.484848,1647.0,1471.0,733.2,1011.5
2023-05-17,1175.3334,115.20253,95.0,25.333334,1300.0714,997.6326,17.333334,1598.5,1423.0,679.4,982.0
2023-05-18,1130.5555,107.22785,93.0,24.8,1283.5,977.8571,15.090909,1501.5,1368.0,633.0,956.5
2023-05-19,1091.0,99.101265,83.25,22.2,1261.1072,953.83673,12.090909,1454.5,1328.0,584.8,902.0
2023-05-20,1046.6666,90.74683,73.75,19.666666,1233.9286,924.59186,9.606061,1393.0,1282.0,565.6,834.0
2023-05-21,1007.7778,82.73418,65.75,17.533333,1203.6072,894.46936,6.848485,1334.0,1227.0,514.4,766.5
2023-05-22,974.1111,75.63291,58.5,15.6,1178.5358,870.9184,4.151515,1249.5,1157.0,474.8,709.0
2023-05-23,935.3333,72.59494,55.25,14.733334,1156.75,850.4898,1.6060606,1187.5,1095.0,444.2,664.5
2023-05-24,904.6667,66.620255,48.5,12.933333,1122.25,823.61224,0.0,1204.0,1053.0,418.4,621.5
2023-05-25,883.8889,63.101265,43.25,11.533334,1106.25,810.04083,0.0,1174.0,1024.0,398.4,582.5
2023-05-26,865.3333,60.468353,39.25,10.466666,1099.1428,802.83673,0.0,1143.5,994.0,378.2,547.0
2023-05-27,851.3333,57.64557,35.75,9.533334,1217.8214,876.2041,0.0,1112.5,958.0,361.2,507.5
2023-05-28,834.3333,53.63291,30.5,8.133333,1203.9286,863.38776,0.0,1055.0,913.0,339.6,439.5
2023-05-29,779.6667,49.607594,25.5,6.8,1181.6072,845.6531,0.0,1017.5,872.0,323.2,378.0
2023-05-30,594.6667,46.16456,20.75,5.5333333,1116.25,800.46936,0.0,971.0,823.0,303.2,340.5
2023-05-31,575.8889,43.772152,17.25,4.6,1098.0358,786.12244,0.0,917.0,764.0,283.2,303.5
2023-06-01,555.0,40.72152,14.5,3.8666666,1051.5,752.89795,0.0,867.0,709.0,270.4,261.5
2023-06-02,544.1111,37.544304,8.25,2.2,1040.0,742.3674,0.0,822.0,658.0,259.2,227.5
2023-06-03,530.2222,39.468353,0.5,0.13333334,1026.5,729.9184,0.0,771.0,603.0,249.8,187.5
2023-06-04,513.6667,35.518986,0.0,0.0,995.4643,704.6531,0.0,725.5,562.0,232.0,137.0
2023-06-05,495.8889,31.227848,0.0,0.0,959.0714,675.7755,0.0,646.5,535.0,214.0,98.5
2023-06-06,483.0,28.265823,0.0,0.0,940.9643,660.4898,0.0,595.5,501.0,197.2,64.0
2023-06-07,474.33334,26.594936,0.0,0.0,932.1786,652.9796,0.0,560.5,468.0,185.8,35.0
2023-06-08,469.1111,26.1519,0.0,0.0,924.1786,646.30615,0.0,526.5,436.0,172.2,8.0
2023-06-09,464.0,25.01266,0.0,0.0,913.2143,638.0204,0.0,499.5,410.0,159.6,0.0
2023-06-10,457.55554,23.177216,0.0,0.0,902.2857,629.6326,0.0,468.0,379.0,147.2,0.0
2023-06-11,453.55554,21.240507,0.0,0.0,893.3571,622.89795,0.0,440.5,353.0,137.4,0.0
2023-06-12,450.33334,20.455696,0.0,0.0,890.1429,620.04083,0.0,419.5,335.0,125.6,0.0
2023-06-13,446.44446,19.759493,0.0,0.0,881.1429,613.12244,0.0,403.0,321.0,116.2,0.0
2023-06-14,438.8889,26.202532,0.0,0.0,866.2143,601.9796,0.0,379.5,302.0,102.8,0.0
2023-06-15,427.33334,23.329113,0.0,0.0,847.8929,588.18365,0.0,353.0,281.0,87.4,0.0
2023-06-16,416.77777,20.037975,0.0,0.0,829.8571,574.53064,0.0,326.5,260.0,72.6,0.0
2023-06-17,406.44446,17.088608,0.0,0.0,809.25,559.32654,0.0,295.0,238.0,55.6,0.0
2023-06-18,394.77777,14.367088,0.0,0.0,779.6429,537.53064,0.0,264.0,215.0,41.6,0.0
2023-06-19,387.0,12.113924,0.0,0.0,748.1429,514.4286,0.0,270.0,226.0,50.0,0.0
2023-06-20,386.33334,11.227848,0.0,0.0,745.2857,512.32654,0.0,265.5,222.0,48.2,0.0
2023-06-21,384.77777,10.49367,0.0,0.0,743.1071,510.5102,0.0,259.5,217.0,46.0,0.0
2023-06-22,379.77777,9.43038,0.0,0.0,736.4643,505.42856,0.0,242.5,203.0,38.4,0.0
2023-06-23,374.44446,8.797468,0.0,0.0,835.1071,592.95917,0.0,224.5,187.0,32.6,0.0
2023-06-24,369.66666,8.1645565,0.0,0.0,827.0357,586.6531,0.0,205.5,169.0,32.0,0.0
2023-06-25,360.44446,7.126582,0.0,0.0,813.1786,575.89795,0.0,179.0,148.0,26.6,0.0
2023-06-26,351.44446,6.227848,0.0,0.0,797.0,563.7551,0.0,156.5,128.0,21.4,0.0
2023-06-27,343.0,5.341772,0.0,0.0,785.2857,554.551,0.0,132.0,107.0,16.4,0.0
2023-06-28,336.1111,4.367089,0.0,0.0,770.3929,542.7551,0.0,116.0,84.0,11.2,0.0
2023-06-29,327.55554,3.341772,0.0,0.0,749.3214,526.5102,0.0,99.0,58.0,4.4,0.0
2023-06-30,341.77777,2.4177215,0.0,0.0,715.1429,500.83673,0.0,104.5,42.0,0.0,0.0
2023-07-01,325.33334,1.2911392,0.0,0.0,672.1786,467.91837,0.0,62.5,0.0,0.0,0.0
2023-07-02,305.22223,0.30379745,0.0,0.0,619.6786,428.08163,0.0,16.0,0.0,0.0,0.0
2023-07-03,283.66666,0.0,0.0,0.0,564.1786,386.0408,0.0,0.0,0.0,0.0,0.0
2023-07-04,266.1111,0.0,0.0,0.0,520.1071,352.34692,0.0,0.0,0.0,0.0,0.0
2023-07-05,248.22223,0.0,0.0,0.0,481.85715,323.42856,0.0,0.0,0.0,0.0,0.0
2023-07-06,229.55556,0.0,0.0,0.0,446.10715,296.73468,0.0,0.0,0.0,0.0,0.0
2023-07-07,213.66667,0.0,0.0,0.0,418.32144,275.26532,0.0,0.0,0.0,0.0,0.0
2023-07-08,198.11111,0.0,0.0,0.0,392.0357,254.34694,0.0,0.0,0.0,0.0,0.0
2023-07-09,181.44444,0.0,0.0,0.0,365.7857,234.93878,0.0,0.0,0.0,0.0,0.0
2023-07-10,165.66667,0.0,0.0,0.0,341.2857,216.7347,0.0,0.0,0.0,0.0,0.0
2023-07-11,148.11111,0.0,0.0,0.0,311.64285,194.9796,0.0,0.0,0.0,0.0,0.0
2023-07-12,132.22223,0.0,0.0,0.0,282.9643,174.0,0.0,0.0,0.0,0.0,0.0
2023-07-13,116.333336,0.0,0.0,0.0,256.9643,155.7551,0.0,0.0,0.0,0.0,0.0
2023-07-14,96.888885,0.0,0.0,0.0,225.39285,133.85715,0.0,0.0,0.0,0.0,0.0
2023-07-15,80.55556,0.0,0.0,0.0,186.60715,108.83673,0.0,0.0,0.0,0.0,0.0
2023-07-16,60.555557,0.0,0.0,0.0,148.60715,85.0,0.0,0.0,0.0,0.0,0.0
2023-07-17,43.11111,0.0,0.0,0.0,118.0,67.42857,0.0,0.0,0.0,0.0,0.0
2023-07-18,23.666666,0.0,0.0,0.0,96.03571,54.877552,0.0,0.0,0.0,0.0,0.0
2023-07-19,6.4444447,0.0,0.0,0.0,79.67857,45.530613,0.0,0.0,0.0,0.0,0.0
2023-07-20,0.0,0.0,0.0,0.0,67.21429,38.408165,0.0,0.0,0.0,0.0,0.0
2023-07-21,0.0,0.0,0.0,0.0,54.964287,31.408163,0.0,0.0,0.0,0.0,0.0
2023-07-22,0.0,0.0,0.0,0.0,42.17857,24.102041,0.0,0.0,0.0,0.0,0.0
2023-07-23,0.0,0.0,0.0,0.0,30.214285,17.265306,0.0,0.0,0.0,0.0,0.0
2023-07-24,0.0,0.0,0.0,0.0,23.75,13.571428,0.0,0.0,0.0,0.0,0.0
2023-07-25,0.0,0.0,0.0,0.0,20.0,11.428572,0.0,0.0,0.0,0.0,0.0
2023-07-26,0.0,0.0,0.0,0.0,16.392857,9.367347,0.0,0.0,0.0,0.0,0.0
2023-07-27,0.0,0.0,0.0,0.0,13.107142,7.4897957,0.0,0.0,0.0,0.0,0.0
2023-07-28,0.0,0.0,0.0,0.0,11.714286,6.6938777,0.0,0.0,0.0,0.0,0.0
2023-07-29,0.0,0.0,0.0,0.0,10.214286,5.836735,0.0,0.0,0.0,0.0,0.0
2023-07-30,0.0,0.0,0.0,0.0,8.892858,5.0816326,0.0,0.0,0.0,0.0,0.0
2023-07-31,0.0,0.0,0.0,0.0,7.535714,4.3061223,0.0,0.0,0.0,0.0,0.0
2023-08-01,0.0,0.0,0.0,0.0,6.178571,3.5306122,0.0,0.0,0.0,0.0,0.0
2023-08-02,0.0,0.0,0.0,0.0,4.928571,2.8163266,0.0,0.0,0.0,0.0,0.0
2023-08-03,0.0,0.0,0.0,0.0,3.8214285,2.1836734,0.0,0.0,0.0,0.0,0.0
2023-08-04,0.0,0.0,0.0,0.0,2.892857,1.6530613,0.0,0.0,0.0,0.0,0.0
2023-08-05,0.0,0.0,0.0,0.0,1.8214285,1.0408163,0.0,0.0,0.0,0.0,0.0
2023-08-06,0.0,0.0,0.0,0.0,0.78571427,0.4489796,0.0,0.0,0.0,0.0,0.0
2023-08-07,0.0,0.0,0.0,0.0,0.0,0.0,0.0,0.0,0.0,0.0,0.0
2023-08-08,0.0,0.0,0.0,0.0,0.0,0.0,0.0,0.0,0.0,0.0,0.0
2023-08-09,0.0,0.0,0.0,0.0,0.0,0.0,0.0,0.0,0.0,0.0,0.0
2023-08-10,0.0,0.0,0.0,0.0,0.0,0.0,0.0,0.0,0.0,0.0,0.0
2023-08-11,0.0,0.0,0.0,0.0,0.0,0.0,0.0,0.0,0.0,0.0,0.0
2023-08-12,0.0,0.0,0.0,0.0,0.0,0.0,0.0,0.0,0.0,0.0,0.0
2023-08-13,0.0,0.0,0.0,0.0,0.0,0.0,0.0,0.0,0.0,0.0,0.0
2023-08-14,0.0,0.0,0.0,0.0,0.0,0.0,0.0,0.0,0.0,0.0,0.0
2023-08-15,0.0,0.0,0.0,0.0,0.0,0.0,0.0,0.0,0.0,0.0,0.0
2023-08-16,0.0,0.0,0.0,0.0,0.0,0.0,0.0,0.0,0.0,0.0,0.0
2023-08-17,0.0,0.0,0.0,0.0,0.0,0.0,0.0,0.0,0.0,0.0,0.0
2023-08-18,0.0,0.0,0.0,0.0,0.0,0.0,0.0,0.0,0.0,0.0,0.0
2023-08-19,0.0,0.0,0.0,0.0,0.0,0.0,0.0,0.0,0.0,0.0,0.0
2023-08-20,0.0,0.0,0.0,0.0,0.0,0.0,0.0,0.0,0.0,0.0,0.0
2023-08-21,0.0,0.0,0.0,0.0,0.0,0.0,0.0,0.0,0.0,0.0,0.0
2023-08-22,0.0,0.0,0.0,0.0,0.0,0.0,0.0,0.0,0.0,0.0,0.0
2023-08-23,0.0,0.0,0.0,0.0,0.0,0.0,0.0,0.0,0.0,0.0,0.0
2023-08-24,0.0,0.0,0.0,0.0,0.0,0.0,0.0,0.0,0.0,0.0,0.0
2023-08-25,0.0,0.0,0.0,0.0,0.0,0.0,0.0,0.0,0.0,0.0,0.0
2023-08-26,0.0,0.0,0.0,0.0,0.0,0.0,0.0,0.0,0.0,0.0,0.0
2023-08-27,0.0,0.0,0.0,0.0,0.0,0.0,0.0,0.0,0.0,0.0,0.0
2023-08-28,0.0,0.0,0.0,0.0,0.0,0.0,0.0,0.0,0.0,0.0,0.0
2023-08-29,0.0,0.0,0.0,0.0,0.0,0.0,0.0,0.0,0.0,0.0,0.0
2023-08-30,0.0,0.0,0.0,0.0,0.0,0.0,0.0,0.0,0.0,0.0,0.0
2023-08-31,0.0,0.0,0.0,0.0,0.0,0.0,0.0,0.0,0.0,0.0,0.0
2023-09-01,0.0,0.0,0.0,0.0,0.0,0.0,0.0,0.0,0.0,0.0,0.0
2023-09-02,0.0,0.0,0.0,0.0,0.0,0.0,0.0,0.0,0.0,0.0,0.0
2023-09-03,0.0,0.0,0.0,0.0,0.0,0.0,0.0,0.0,0.0,0.0,0.0
2023-09-04,0.0,0.0,0.0,0.0,0.21428572,0.12244898,0.0,0.0,0.0,0.0,0.0
2023-09-05,0.0,0.0,0.0,0.0,0.0,0.0,0.0,0.0,0.0,0.0,0.0
2023-09-06,0.0,0.0,0.0,0.0,0.0,0.0,0.0,0.0,0.0,0.0,0.0
2023-09-07,0.0,0.0,0.0,0.0,0.0,0.0,0.0,0.0,0.0,0.0,0.0
2023-09-08,0.0,0.0,0.0,0.0,0.0,0.0,0.0,0.0,0.0,0.0,0.0
2023-09-09,0.0,0.0,0.0,0.0,0.0,0.0,0.0,0.0,0.0,0.0,0.0
2023-09-10,0.0,0.0,0.0,0.0,0.0,0.0,0.0,0.0,0.0,0.0,0.0
2023-09-11,0.0,0.0,0.0,0.0,0.0,0.0,0.0,0.0,0.0,0.0,0.0
2023-09-12,0.0,0.0,0.0,0.0,0.0,0.0,0.0,0.0,0.0,0.0,0.0
2023-09-13,0.0,0.0,0.0,0.0,0.0,0.0,0.0,0.0,0.0,0.0,0.0
2023-09-14,0.0,0.0,0.0,0.0,0.0,0.0,0.0,0.0,0.0,0.0,0.0
2023-09-15,0.0,0.0,0.0,0.0,0.0,0.0,0.0,0.0,0.0,0.0,0.0
2023-09-16,0.0,0.0,0.0,0.0,0.0,0.0,0.0,0.0,0.0,0.0,0.0
2023-09-17,0.0,0.0,0.0,0.0,0.0,0.0,0.0,0.0,0.0,0.0,0.0
2023-09-18,0.0,0.0,0.0,0.0,0.0,0.0,0.0,0.0,0.0,0.0,0.0
2023-09-19,0.0,0.0,0.0,0.0,0.0,0.0,0.0,0.0,0.0,0.0,0.0
2023-09-20,0.0,0.0,0.0,0.0,0.0,0.0,0.0,0.0,0.0,0.0,0.0
2023-09-21,0.0,0.0,0.0,0.0,0.0,0.0,0.0,0.0,0.0,0.0,0.0
2023-09-22,0.0,0.0,0.0,0.0,0.035714287,0.020408163,0.0,0.0,0.0,0.0,0.0
2023-09-23,0.0,0.0,0.0,0.0,0.0,0.0,0.0,0.0,0.0,0.0,0.0
2023-09-24,0.0,0.0,0.0,0.0,0.0,0.0,0.0,0.0,0.0,0.0,0.0
2023-09-25,0.0,0.0,0.0,0.0,0.0,0.0,0.0,0.0,0.0,0.0,0.0
2023-09-26,0.0,0.0,0.0,0.0,0.0,0.0,0.0,0.0,0.0,0.0,0.0
2023-09-27,0.0,0.0,0.0,0.0,0.0,0.0,0.0,0.0,0.0,0.0,0.0
2023-09-28,0.0,0.0,0.0,0.0,0.0,0.0,0.0,0.0,0.0,0.0,0.0
2023-09-29,0.0,0.0,0.0,0.0,0.0,0.0,0.0,0.0,0.0,0.0,0.0
2023-09-30,0.0,0.0,0.0,0.0,0.0,0.0,0.0,0.0,0.0,0.0,0.0
