date,10265150,11189500,11203580,11204100,11264500,11266500,11383500,10336660,10336676,10336780,10343500
1999-10-01,0.0,0.0,0.0,0.0,0.0,0.0,0.0,0.0,0.0,0.0,0.0
1999-10-02,0.0,0.0,0.0,0.0,0.0,0.0,0.0,0.0,0.0,0.0,0.0
1999-10-03,0.0,0.0,0.0,0.0,0.0,0.0,0.0,0.0,0.0,0.0,0.0
1999-10-04,0.0,0.0,0.0,0.0,0.0,0.0,0.0,0.0,0.0,0.0,0.0
1999-10-05,0.0,0.0,0.0,0.0,0.0,0.0,0.0,0.0,0.0,0.0,0.0
1999-10-06,0.0,0.0,0.0,0.0,0.0,0.0,0.0,0.0,0.0,0.0,0.0
1999-10-07,0.0,0.0,0.0,0.0,0.0,0.0,0.0,0.0,0.0,0.0,0.0
1999-10-08,0.0,0.0,0.0,0.0,0.0,0.0,0.0,0.0,0.0,0.0,0.0
1999-10-09,0.0,0.0,0.0,0.0,0.0,0.0,0.0,0.0,0.0,0.0,0.0
1999-10-10,0.0,0.0,0.0,0.0,0.0,0.0,0.0,0.0,0.0,0.0,0.0
1999-10-11,0.0,0.0,0.0,0.0,0.0,0.0,0.0,0.0,0.0,0.0,0.0
1999-10-12,0.0,0.0,0.0,0.0,0.0,0.0,0.0,0.0,0.0,0.0,0.0
1999-10-13,0.0,0.0,0.0,0.0,0.0,0.0,0.0,0.0,0.0,0.0,0.0
1999-10-14,0.0,0.0,0.0,0.0,0.0,0.0,0.0,0.0,0.0,0.0,0.0
1999-10-15,0.0,0.0,0.0,0.0,0.0,0.0,0.0,0.0,0.0,0.0,0.0
1999-10-16,0.0,0.0,0.0,0.0,0.0,0.0,0.0,0.0,0.0,0.0,0.0
1999-10-17,0.0,0.0,0.0,0.0,0.0,0.0,0.0,0.0,0.0,0.0,0.0
1999-10-18,0.0,0.0,0.0,0.0,0.0,0.0,0.0,0.0,0.0,0.0,0.0
1999-10-19,0.0,0.0,0.0,0.0,0.0,0.0,0.0,0.0,0.0,0.0,0.0
1999-10-20,0.0,0.0,0.0,0.0,0.0,0.0,0.0,0.0,0.0,0.0,0.0
1999-10-21,0.0,0.0,0.0,0.0,0.0,0.0,0.0,0.0,0.0,0.0,0.0
1999-10-22,0.0,0.0,0.0,0.0,0.0,0.0,0.0,0.0,0.0,0.0,0.0
1999-10-23,0.0,0.0,0.0,0.0,0.0,0.0,0.0,0.0,0.0,0.0,0.0
1999-10-24,0.0,0.0,0.0,0.0,0.0,0.0,0.0,0.0,0.0,0.0,0.0
1999-10-25,0.0,0.0,0.0,0.0,0.0,0.0,0.0,0.0,0.0,0.0,0.0
1999-10-26,0.0,0.0,0.0,0.0,0.0,0.0,0.0,0.0,0.0,0.0,0.0
1999-10-27,0.0,0.0,0.0,0.0,0.0,0.0,0.0,0.0,0.0,0.0,0.0
1999-10-28,0.0,0.0,0.0,0.0,2.2962964,1.4090909,0.0,0.0,0.0,0.0,0.0
1999-10-29,0.0,0.0,0.0,0.0,3.4074075,2.090909,0.055555556,0.0,0.0,5.2,0.0
1999-10-30,0.0,0.0,0.0,0.0,2.8888888,1.7727273,0.0,0.0,0.0,3.4,0.0
1999-10-31,0.0,0.0,0.0,0.0,1.8888888,1.1590909,0.0,0.0,0.0,0.0,0.0
1999-11-01,0.0,0.0,0.0,0.0,0.5555556,0.3409091,0.0,0.0,0.0,0.0,0.0
1999-11-02,0.0,0.0,0.0,0.0,0.18518518,0.11363637,0.0,0.0,0.0,0.0,0.0
1999-11-03,0.0,0.0,0.0,0.0,0.0,0.0,0.0,0.0,0.0,0.0,0.0
1999-11-04,0.0,0.0,0.0,0.0,0.0,0.0,0.0,0.0,0.0,0.0,0.0
1999-11-05,0.0,0.0,0.0,0.0,0.0,0.0,0.0,0.0,0.0,0.0,0.0
1999-11-06,0.0,0.0,0.0,0.0,0.0,0.0,0.0,0.0,0.0,0.0,0.0
1999-11-07,0.0,0.0,0.0,0.0,0.0,0.0,0.0,0.0,0.0,0.0,0.0
1999-11-08,9.666667,0.0,0.0,0.0,12.259259,8.977273,0.0,4.0,2.0,1.0,0.0
1999-11-09,13.5,0.21818182,2.0,1.5,16.11111,12.75,0.055555556,5.5,5.0,3.6,4.0
1999-11-10,12.833333,0.036363635,0.0,0.0,15.592592,11.886364,0.055555556,5.5,5.0,4.0,2.5
1999-11-11,10.166667,0.0,0.0,0.0,15.62963,11.409091,0.0,3.5,2.0,0.4,0.5
1999-11-12,3.8333333,0.0,0.0,0.0,11.666667,8.272727,0.0,0.0,0.0,0.0,0.0
1999-11-13,0.6666667,0.0,0.0,0.0,7.111111,4.7272725,0.0,0.0,0.0,0.0,0.0
1999-11-14,0.0,0.0,0.0,0.0,3.3703704,2.0681818,0.0,0.0,0.0,0.0,0.0
1999-11-15,0.0,0.0,0.0,0.0,1.8888888,1.1590909,0.0,0.0,0.0,0.0,0.0
1999-11-16,0.0,0.0,0.0,0.0,2.3333333,1.4318181,0.0,0.0,0.0,0.0,0.0
1999-11-17,3.0,0.0,0.0,0.0,10.111111,9.704545,0.3888889,12.0,13.0,6.0,3.0
1999-11-18,3.5,0.0,1.3333334,1.5,10.666667,10.25,0.8888889,17.5,16.0,6.0,4.5
1999-11-19,3.6666667,0.0,1.0,0.75,14.666667,12.204545,0.7777778,18.0,18.0,7.6,5.0
1999-11-20,7.6666665,0.10909091,0.0,0.0,25.555555,23.636364,14.111111,35.0,33.0,14.8,18.5
1999-11-21,9.0,0.5090909,0.6666667,0.5,27.592592,26.386364,12.5,43.5,44.0,15.0,29.5
1999-11-22,8.833333,0.6909091,9.0,7.25,27.444445,26.295454,12.333333,43.5,44.0,14.8,28.5
1999-11-23,8.833333,0.4181818,10.666667,9.25,26.666666,25.863636,12.333333,42.0,43.0,14.8,29.5
1999-11-24,8.833333,0.6,11.333333,9.5,26.444445,25.727272,12.277778,40.0,43.0,14.8,29.5
1999-11-25,8.833333,0.56363636,10.666667,8.25,26.74074,25.681818,14.833333,44.5,46.0,16.2,30.5
1999-11-26,7.1666665,0.25454545,8.666667,6.5,26.037037,23.772728,12.888889,46.5,45.0,14.6,27.0
1999-11-27,4.8333335,0.12727273,6.0,4.5,24.37037,21.59091,12.222222,45.0,42.0,11.8,25.5
1999-11-28,4.0,0.07272727,3.3333333,2.5,23.444445,20.34091,9.888889,42.5,40.0,11.2,23.0
1999-11-29,3.3333333,0.018181818,0.0,0.0,21.592592,18.40909,7.1666665,45.5,44.0,9.4,20.5
1999-11-30,2.0,0.0,0.0,0.0,19.37037,16.522728,5.4444447,44.5,43.0,6.2,14.5
1999-12-01,9.333333,0.0,0.0,0.0,31.148148,27.25,15.444445,57.0,55.0,7.6,27.5
1999-12-02,9.333333,0.0,0.0,0.0,32.296295,28.136364,13.611111,62.0,58.0,8.6,29.5
1999-12-03,9.333333,0.0,0.0,0.0,33.37037,29.522728,16.222221,70.0,68.0,10.4,32.5
1999-12-04,9.333333,0.0,0.33333334,0.25,33.77778,29.431818,20.833334,72.5,70.0,10.4,33.5
1999-12-05,9.333333,0.0,0.0,0.0,33.25926,27.977272,15.611111,74.0,71.0,9.6,35.5
1999-12-06,7.5,0.0,0.0,0.0,33.037037,27.727272,15.277778,74.0,71.0,9.2,36.0
1999-12-07,8.666667,0.0,0.0,0.0,33.333332,28.068182,16.277779,73.0,71.0,10.2,37.0
1999-12-08,13.166667,0.0,0.0,0.0,33.037037,27.795454,16.666666,77.0,73.0,10.0,39.0
1999-12-09,13.166667,0.47272727,1.0,1.25,33.407406,28.113636,29.277779,83.5,79.0,12.2,40.0
1999-12-10,11.833333,0.5272727,1.0,1.25,34.48148,28.772728,37.77778,88.5,84.0,15.0,44.5
1999-12-11,13.166667,0.45454547,1.6666666,2.25,34.555557,28.84091,34.72222,87.5,84.0,15.8,45.0
1999-12-12,13.5,0.6,1.3333334,1.75,34.25926,28.613636,32.38889,91.0,89.0,16.6,45.0
1999-12-13,13.0,0.14545454,0.33333334,0.25,33.48148,27.863636,32.833332,99.5,97.0,18.2,47.0
1999-12-14,10.333333,0.14545454,0.33333334,0.25,34.25926,28.181818,29.88889,108.0,107.0,18.2,50.5
1999-12-15,10.333333,0.14545454,0.33333334,0.25,34.296295,28.204546,28.166666,110.5,110.0,19.8,51.0
1999-12-16,10.166667,0.054545455,0.0,0.0,33.37037,27.59091,27.555555,108.0,109.0,19.4,51.0
1999-12-17,9.0,0.0,0.0,0.0,30.592592,25.15909,26.444445,104.0,108.0,16.8,49.0
1999-12-18,6.5,0.0,0.0,0.0,28.037037,22.931818,24.777779,100.5,106.0,14.6,51.0
1999-12-19,5.8333335,0.0,0.0,0.0,27.0,21.977272,23.777779,99.5,106.0,14.0,50.5
1999-12-20,5.1666665,0.0,0.0,0.0,25.74074,20.522728,20.166666,98.0,105.0,13.4,50.5
1999-12-21,4.3333335,0.0,0.0,0.0,24.037037,18.931818,16.444445,97.5,104.0,13.0,49.5
1999-12-22,4.1666665,0.0,0.0,0.0,23.851852,18.568182,14.388889,97.0,104.0,13.0,49.5
1999-12-23,4.1666665,0.0,0.0,0.0,23.666666,18.295454,12.222222,94.0,104.0,12.6,48.5
1999-12-24,4.0,0.0,0.0,0.0,23.148148,17.681818,10.5,93.0,103.0,12.6,48.0
1999-12-25,3.8333333,0.0,0.0,0.0,22.962963,17.40909,8.388889,92.0,103.0,12.6,47.5
1999-12-26,3.8333333,0.0,0.0,0.0,22.88889,17.204546,7.7777777,90.5,103.0,12.6,47.5
1999-12-27,3.8333333,0.0,0.0,0.0,22.851852,17.181818,5.888889,89.5,102.0,12.6,47.0
1999-12-28,3.8333333,0.0,0.0,0.0,22.851852,17.181818,4.2777777,89.5,102.0,12.6,47.0
1999-12-29,3.8333333,0.0,0.0,0.0,22.777779,17.113636,3.5555556,88.5,101.0,12.6,46.0
1999-12-30,3.8333333,0.0,0.0,0.0,22.74074,17.068182,3.0555556,88.0,101.0,12.6,45.0
1999-12-31,3.8333333,0.0,0.0,0.0,22.703703,17.022728,2.9444444,87.0,101.0,12.6,45.0
2000-01-01,3.6666667,0.0,0.0,0.0,22.74074,17.045454,2.8888888,86.5,101.0,12.8,44.5
2000-01-02,3.3333333,0.0,0.0,0.0,23.518518,17.772728,4.111111,91.5,102.0,15.2,46.0
2000-01-03,3.3333333,0.14545454,4.6666665,5.0,23.481482,17.75,3.7222223,91.0,102.0,17.2,47.0
2000-01-04,3.3333333,0.12727273,3.6666667,4.25,23.25926,17.545454,3.0555556,89.5,103.0,17.4,47.0
2000-01-05,3.3333333,0.0,1.6666666,2.25,23.555555,17.727272,3.2777777,89.5,103.0,17.0,47.0
2000-01-06,3.8333333,0.0,1.6666666,2.0,23.37037,17.613636,3.2222223,90.5,103.0,17.0,47.0
2000-01-07,3.3333333,0.0,0.6666667,0.5,23.592592,17.681818,3.1666667,89.5,103.0,17.0,47.0
2000-01-08,3.3333333,0.0,0.6666667,0.5,23.518518,17.636364,3.7222223,89.5,103.0,17.0,47.0
2000-01-09,4.1666665,0.0,0.0,0.0,23.296297,17.5,3.2777777,88.0,103.0,16.8,46.5
2000-01-10,4.1666665,0.0,0.0,0.0,23.296297,17.477272,3.8333333,87.5,103.0,16.8,47.5
2000-01-11,4.1666665,0.0,0.0,0.0,24.74074,18.40909,14.0,92.5,111.0,20.8,49.0
2000-01-12,10.5,0.0,0.0,0.0,39.074074,34.363636,35.444443,134.0,155.0,36.4,77.5
2000-01-13,10.333333,0.0,0.0,0.0,39.51852,34.659092,31.277779,137.5,161.0,38.0,83.0
2000-01-14,11.166667,0.0,0.0,0.0,40.22222,34.840908,31.38889,143.0,165.0,38.6,88.0
2000-01-15,11.833333,0.0,0.0,0.0,48.037037,40.18182,30.166666,145.5,167.0,37.8,91.0
2000-01-16,21.666666,0.018181818,0.0,0.0,74.25926,65.88636,38.666668,184.0,193.0,55.0,115.0
2000-01-17,31.333334,0.4,0.0,0.0,104.59259,96.318184,43.27778,222.5,231.0,78.0,140.0
2000-01-18,53.5,6.490909,0.0,0.0,147.07408,136.65909,46.333332,230.5,244.0,86.8,146.5
2000-01-19,60.333332,7.5636363,0.0,0.0,169.11111,158.61363,45.61111,257.5,253.0,100.4,169.5
2000-01-20,62.166668,6.7272725,0.0,0.0,174.85185,162.61363,44.11111,277.0,274.0,98.8,171.0
2000-01-21,65.0,6.109091,0.0,0.0,179.59259,166.68182,44.166668,286.5,281.0,97.4,173.0
2000-01-22,66.5,6.5636363,2.0,2.0,181.66667,168.27272,51.38889,311.5,301.0,102.4,178.0
2000-01-23,68.166664,6.2545457,1.6666666,1.25,207.59259,190.38637,53.88889,315.5,309.0,102.6,178.5
2000-01-24,102.666664,9.854546,6.0,4.5,274.25925,260.75,85.27778,368.5,373.0,126.6,205.0
2000-01-25,134.5,37.81818,38.0,28.5,332.85184,325.86365,97.111115,413.0,405.0,170.0,264.5
2000-01-26,132.83333,52.836365,55.0,46.25,350.07407,342.22726,95.77778,440.0,436.0,187.8,279.5
2000-01-27,131.16667,56.327274,57.333332,48.25,350.51852,343.13635,96.666664,443.5,439.0,188.2,281.0
2000-01-28,128.33333,56.163635,58.333332,49.0,356.51852,346.63635,94.833336,443.0,441.0,189.0,281.0
2000-01-29,130.0,56.327274,58.333332,48.75,356.5926,347.0909,93.888885,445.0,443.0,189.0,281.0
2000-01-30,129.16667,56.854546,58.333332,48.25,363.81482,352.45456,106.77778,451.5,449.0,190.6,280.5
2000-01-31,143.66667,68.527275,67.0,58.5,377.66666,372.70456,125.05556,482.5,486.0,209.2,301.5
2000-02-01,141.5,72.0,68.0,60.25,382.7037,376.97726,127.0,491.5,503.0,212.0,305.5
2000-02-02,137.0,69.90909,69.0,59.5,389.18518,381.04544,127.611115,495.5,504.0,209.8,304.5
2000-02-03,138.0,68.34545,70.333336,57.25,392.92593,381.02274,122.833336,500.0,503.0,211.0,304.5
2000-02-04,137.66667,67.67273,72.333336,57.0,391.51852,380.3409,127.27778,515.5,517.0,212.2,307.0
2000-02-05,138.66667,67.01818,73.0,56.25,391.5926,380.63635,125.166664,519.5,520.0,210.6,307.0
2000-02-06,138.66667,65.63636,72.666664,54.5,391.44446,380.5909,128.55556,522.0,521.0,211.0,306.0
2000-02-07,133.33333,62.50909,73.0,54.75,392.37036,380.63635,122.611115,520.5,518.0,210.2,304.5
2000-02-08,125.833336,57.69091,73.0,54.75,393.22223,380.06818,116.5,518.0,515.0,208.6,307.0
2000-02-09,126.666664,54.272728,73.0,54.75,395.0,380.75,110.111115,516.5,513.0,205.0,304.0
2000-02-10,138.0,54.145454,77.666664,58.25,401.92593,386.47726,107.666664,524.0,520.0,209.4,303.0
2000-02-11,171.0,74.836365,91.333336,76.75,427.07407,411.63635,113.388885,535.5,531.0,213.2,312.0
2000-02-12,181.33333,89.29091,95.0,81.75,449.03705,432.36365,162.0,554.0,550.0,221.0,323.0
2000-02-13,197.16667,96.58182,117.333336,105.25,483.44446,462.43182,210.61111,586.0,581.0,232.0,338.5
2000-02-14,228.5,125.76363,145.0,134.25,530.9259,505.13635,193.55556,638.0,646.0,275.0,391.0
2000-02-15,244.5,131.61818,152.66667,140.5,546.14813,529.7045,201.38889,657.5,667.0,293.0,427.5
2000-02-16,252.5,136.09091,151.0,139.5,555.14813,537.5,202.22223,666.5,675.0,298.4,431.5
2000-02-17,261.5,146.85454,177.0,165.5,527.9259,492.77274,205.5,675.5,685.0,300.6,436.0
2000-02-18,259.66666,149.21819,183.33333,173.0,569.62964,550.8182,204.94444,676.5,686.0,300.2,437.5
2000-02-19,262.83334,149.4,181.33333,171.5,577.9259,556.88635,204.38889,675.5,686.0,303.2,438.0
2000-02-20,264.16666,149.14546,176.0,167.5,578.7037,557.7727,201.44444,677.0,687.0,305.0,439.0
2000-02-21,273.5,162.63637,177.66667,170.0,596.5926,573.86365,202.94444,684.5,693.0,306.4,442.5
2000-02-22,276.66666,164.81818,180.0,173.5,598.96295,576.7955,205.55556,687.5,695.0,307.2,443.0
2000-02-23,321.5,168.45454,179.0,173.5,632.7778,612.61365,315.83334,724.5,726.0,313.4,465.5
2000-02-24,327.5,182.4,216.33333,210.5,645.5926,624.1591,248.88889,745.5,747.0,327.4,475.0
2000-02-25,319.0,183.81818,227.66667,222.25,649.2222,628.4318,269.16666,746.0,749.0,328.2,475.5
2000-02-26,327.33334,184.03636,227.0,221.75,653.0,618.0682,276.8889,748.5,755.0,330.4,478.5
2000-02-27,336.16666,182.89091,219.0,215.0,695.1852,672.9773,321.16666,780.0,782.0,343.4,501.0
2000-02-28,368.33334,195.0,253.33333,250.5,721.14813,705.1818,333.3889,835.5,838.0,378.4,542.0
2000-02-29,358.33334,196.61818,262.33334,259.75,726.14813,710.86365,349.0,834.5,842.0,382.4,544.0
2000-03-01,358.16666,202.14546,273.33334,271.25,680.44446,639.5909,348.5,849.0,854.0,388.0,550.5
2000-03-02,357.0,203.52727,279.0,276.5,731.1111,711.6818,346.94446,849.0,858.0,390.4,557.5
2000-03-03,364.33334,203.52727,276.66666,274.75,733.14813,713.0455,346.44446,858.0,864.0,391.8,553.0
2000-03-04,364.5,202.94545,273.66666,272.25,733.8889,713.4545,341.1111,858.0,865.0,393.4,554.5
2000-03-05,393.83334,201.65454,267.66666,266.75,731.7037,712.3409,354.05554,860.5,865.0,391.8,542.0
2000-03-06,348.16666,227.61818,303.66666,302.5,747.2963,726.3182,356.0,865.0,869.0,396.4,549.0
2000-03-07,347.66666,230.61818,307.33334,306.25,751.2593,729.86365,358.22223,866.5,872.0,400.6,546.0
2000-03-08,393.33334,232.90909,312.0,311.5,762.1852,742.7045,380.8889,877.0,879.0,400.6,540.5
2000-03-09,413.5,245.23636,331.0,331.5,770.5926,752.2273,402.44446,890.5,895.0,410.4,555.5
2000-03-10,413.83334,246.36363,346.66666,345.25,772.6667,753.6818,391.83334,906.5,915.0,412.2,563.5
2000-03-11,413.66666,245.78181,345.0,343.75,775.96295,753.3409,390.94446,908.0,922.0,415.0,561.0
2000-03-12,414.33334,242.87273,336.0,335.75,774.55554,753.3182,386.6111,913.0,927.0,415.8,550.0
2000-03-13,413.66666,237.25455,325.0,325.25,776.44446,748.8409,376.77777,912.0,922.0,410.4,542.5
2000-03-14,412.83334,226.43637,312.33334,312.75,776.2222,749.4091,371.33334,912.0,919.0,404.6,530.0
2000-03-15,339.83334,216.74545,297.33334,298.25,779.55554,750.0227,363.72223,915.5,916.0,397.6,521.5
2000-03-16,351.33334,206.27272,282.0,283.5,779.0,748.2955,347.27777,917.0,914.0,393.0,514.0
2000-03-17,332.66666,195.8,266.66666,268.5,779.7407,747.6591,340.6111,917.5,913.0,389.2,511.0
2000-03-18,324.0,186.32727,258.66666,259.5,782.1111,746.63635,333.94446,917.0,911.0,385.2,506.0
2000-03-19,322.5,172.89091,252.0,250.0,781.6667,744.1818,318.5,913.5,906.0,380.4,497.0
2000-03-20,322.83334,168.92728,252.0,248.0,781.37036,743.1591,314.0,910.5,902.0,377.4,496.0
2000-03-21,322.83334,168.72728,252.0,247.5,781.4074,742.86365,312.16666,909.0,903.0,374.2,495.5
2000-03-22,322.5,166.5091,252.0,245.75,781.55554,741.7727,303.0,906.0,901.0,373.0,492.5
2000-03-23,322.5,162.14546,252.0,242.5,781.2963,740.3182,292.22223,901.0,899.0,368.6,487.0
2000-03-24,321.66666,154.76364,252.0,239.0,780.85187,738.8182,285.33334,894.5,893.0,366.4,480.5
2000-03-25,320.66666,149.67273,252.0,235.75,779.96295,737.13635,278.44446,884.5,886.0,358.8,474.0
2000-03-26,319.33334,140.81818,252.0,231.25,778.0741,734.5,268.27777,874.5,877.0,350.8,467.5
2000-03-27,316.66666,127.545456,252.0,225.0,776.5926,729.7045,256.5,858.0,865.0,345.6,458.0
2000-03-28,315.66666,120.56364,252.0,222.0,776.0741,727.9318,250.33333,852.5,857.0,336.8,457.0
2000-03-29,314.66666,116.94546,252.0,220.5,775.9259,726.9318,245.44444,848.0,853.0,331.2,454.0
2000-03-30,314.0,111.2,252.0,218.5,774.4074,725.3182,238.11111,842.5,849.0,326.0,451.5
2000-03-31,314.0,107.65455,252.0,215.25,773.5185,722.63635,230.05556,839.5,845.0,324.6,451.0
2000-04-01,313.83334,105.89091,252.0,210.75,767.5926,716.7045,216.77777,835.5,841.0,325.6,446.5
2000-04-02,313.16666,98.01818,252.0,203.25,763.96295,710.2955,199.83333,824.5,828.0,316.6,438.5
2000-04-03,309.66666,86.67273,252.0,192.25,757.2593,699.3409,204.94444,800.0,804.0,298.6,428.0
2000-04-04,304.83334,73.05454,236.66667,177.5,753.1852,689.9773,184.27777,772.5,782.0,280.8,406.5
2000-04-05,300.16666,57.545456,224.66667,168.5,748.9259,681.5227,169.38889,754.0,764.0,267.6,398.5
2000-04-06,295.5,48.78182,214.66667,161.0,743.4815,672.7955,156.05556,729.0,753.0,244.0,387.5
2000-04-07,291.66666,40.4,205.0,153.75,738.2222,664.1591,144.33333,704.0,739.0,223.8,378.0
2000-04-08,285.66666,35.49091,158.33333,118.75,733.37036,654.4318,127.44444,674.0,706.0,207.8,362.5
2000-04-09,281.66666,30.309092,133.33333,100.0,729.4815,648.2727,143.61111,657.0,681.0,199.2,356.0
2000-04-10,279.83334,27.690908,129.66667,97.25,724.3333,642.7727,134.11111,646.5,667.0,194.4,345.5
2000-04-11,277.16666,24.363636,125.333336,94.0,718.2222,635.25,118.94444,630.0,649.0,183.8,333.5
2000-04-12,270.66666,14.836364,117.0,87.75,709.8889,622.3409,100.77778,618.0,621.0,173.6,318.0
2000-04-13,265.33334,13.636364,104.666664,78.5,703.1852,608.63635,89.22222,594.5,599.0,166.6,303.0
2000-04-14,328.5,13.563637,102.333336,76.75,719.4074,627.4773,85.55556,622.5,613.0,174.6,315.0
2000-04-15,280.66666,11.4,104.666664,78.5,719.5185,628.7045,83.55556,624.0,611.0,174.6,316.5
2000-04-16,281.0,11.2,104.0,78.0,721.0741,629.4318,83.111115,627.0,612.0,175.2,317.0
2000-04-17,287.0,11.0,103.333336,77.5,731.3333,638.13635,82.77778,629.0,613.0,175.6,315.0
2000-04-18,315.83334,26.454546,110.666664,89.5,752.62964,663.38635,79.388885,640.5,619.0,179.8,326.5
2000-04-19,296.83334,33.327274,121.666664,103.25,754.62964,666.63635,83.888885,649.0,625.0,181.6,331.5
2000-04-20,295.5,32.272728,135.0,111.25,754.2963,665.36365,88.77778,642.0,621.0,178.0,323.5
2000-04-21,292.16666,23.072727,144.33333,110.5,751.3333,658.0227,80.94444,623.0,599.0,172.2,306.5
2000-04-22,288.16666,13.327272,126.333336,94.75,749.96295,651.9773,67.611115,597.0,573.0,165.0,288.0
2000-04-23,323.66666,11.872727,111.0,83.25,746.2593,647.5227,64.833336,592.0,564.0,162.0,280.0
2000-04-24,321.83334,14.545455,108.0,81.0,740.6667,641.88635,62.5,591.5,562.0,160.8,277.0
2000-04-25,319.33334,12.581819,100.333336,75.25,732.8889,633.1591,57.77778,569.5,538.0,154.0,270.0
2000-04-26,314.5,10.2,89.0,66.75,725.03705,622.36365,52.833332,539.5,506.0,156.0,260.5
2000-04-27,300.83334,6.927273,73.333336,55.0,703.3333,599.13635,45.5,481.5,466.0,133.4,242.0
2000-04-28,292.0,4.690909,61.666668,46.25,687.8889,581.8182,42.5,430.5,423.0,119.6,227.0
2000-04-29,290.83334,4.6363635,61.666668,46.25,687.8148,581.63635,41.5,419.0,407.0,118.4,224.5
2000-04-30,287.16666,4.4727273,57.666668,43.25,682.44446,576.0227,37.61111,413.5,402.0,114.6,217.0
2000-05-01,275.5,3.2363636,46.666668,35.0,654.8889,550.4773,32.333332,394.0,388.0,98.8,195.0
2000-05-02,258.83334,2.0,34.0,25.5,619.6667,520.0682,28.38889,355.5,371.0,82.6,167.5
2000-05-03,246.5,1.0,23.0,17.25,601.62964,502.04544,24.722221,335.5,353.0,69.2,148.0
2000-05-04,233.33333,0.6727273,12.333333,9.25,578.7037,479.9091,20.666666,317.5,339.0,56.0,134.5
2000-05-05,223.5,0.3090909,0.0,0.0,561.03705,462.93182,17.88889,298.0,319.0,43.2,122.0
2000-05-06,217.83333,0.18181819,0.0,0.0,554.3333,455.81818,16.277779,285.5,306.0,36.6,115.5
2000-05-07,215.33333,0.0,0.0,0.0,552.1111,452.47726,15.777778,278.5,300.0,31.8,112.0
2000-05-08,218.16667,0.0,0.0,0.0,564.55554,462.45456,15.5,286.0,302.0,33.6,108.5
2000-05-09,216.33333,0.0,0.0,0.0,554.9259,453.72726,14.5,277.5,293.0,27.8,101.5
2000-05-10,210.16667,0.0,0.0,0.0,547.5185,446.36365,13.833333,272.0,288.0,24.0,98.5
2000-05-11,210.16667,0.0,0.0,0.0,551.7037,447.11365,14.611111,276.0,285.0,26.4,109.5
2000-05-12,210.0,0.10909091,0.33333334,0.25,546.5926,446.45456,14.888889,285.0,294.0,30.0,106.5
2000-05-13,210.0,0.0,0.0,0.0,543.8889,443.5909,13.722222,279.5,295.0,27.8,102.5
2000-05-14,206.0,0.0,0.0,0.0,533.62964,433.52274,12.722222,268.5,287.0,24.0,100.0
2000-05-15,203.83333,0.0,0.0,0.0,529.7037,429.18182,12.111111,258.0,276.0,19.6,90.5
2000-05-16,205.16667,0.0,0.0,0.0,537.5185,435.56818,12.833333,252.5,270.0,18.4,88.0
2000-05-17,204.83333,4.9454546,8.666667,12.0,549.5926,445.13635,12.777778,264.5,270.0,23.6,94.5
2000-05-18,203.0,1.4727273,8.333333,8.25,539.7407,438.20456,11.444445,245.5,265.0,18.0,82.5
2000-05-19,196.66667,0.0,0.0,0.0,525.03705,424.79544,9.166667,223.0,249.0,8.8,65.0
2000-05-20,180.33333,0.0,0.0,0.0,472.74075,384.0,5.888889,193.0,226.0,2.6,36.5
2000-05-21,159.0,0.0,0.0,0.0,367.22223,295.18182,1.6111112,163.5,199.0,0.0,3.5
2000-05-22,115.333336,0.0,0.0,0.0,331.51852,263.1591,0.0,110.0,169.0,0.0,0.0
2000-05-23,79.333336,0.0,0.0,0.0,296.62964,232.79546,0.0,69.0,134.0,0.0,0.0
2000-05-24,64.166664,0.0,0.0,0.0,264.25925,205.61363,0.0,46.5,97.0,0.0,0.0
2000-05-25,52.833332,0.0,0.0,0.0,244.48148,188.45454,0.0,29.5,70.0,0.0,0.0
2000-05-26,46.666668,0.0,0.0,0.0,253.62962,191.61363,0.0,18.0,51.0,0.0,0.0
2000-05-27,37.666668,0.0,0.0,0.0,236.55556,177.31818,0.0,7.5,34.0,0.0,0.0
2000-05-28,24.5,0.0,0.0,0.0,213.40741,157.38637,0.0,0.0,12.0,0.0,0.0
2000-05-29,10.333333,0.0,0.0,0.0,190.07408,138.47728,0.0,0.0,0.0,0.0,0.0
2000-05-30,3.6666667,0.0,0.0,0.0,174.0,125.84091,0.0,0.0,0.0,0.0,0.0
2000-05-31,0.0,0.0,0.0,0.0,164.74074,118.045456,0.0,0.0,0.0,0.0,0.0
2000-06-01,0.0,0.0,0.0,0.0,155.92592,110.52273,0.0,0.0,0.0,0.0,0.0
2000-06-02,0.0,0.0,0.0,0.0,143.25926,100.204544,0.0,0.0,0.0,0.0,0.0
2000-06-03,0.0,0.0,0.0,0.0,129.37038,89.431816,0.0,0.0,0.0,0.0,0.0
2000-06-04,0.0,0.0,0.0,0.0,111.55556,75.818184,0.0,0.0,0.0,0.0,0.0
2000-06-05,0.0,0.0,0.0,0.0,93.888885,62.136364,0.0,0.0,0.0,0.0,0.0
2000-06-06,0.0,0.0,0.0,0.0,83.22222,53.909092,0.0,0.0,0.0,0.0,0.0
2000-06-07,0.0,0.0,0.0,0.0,74.37037,46.68182,0.0,0.0,0.0,0.0,0.0
2000-06-08,0.0,0.0,0.0,0.0,69.703705,43.454544,0.0,0.0,0.0,0.0,0.0
2000-06-09,4.1666665,0.38181818,5.3333335,4.0,51.296295,33.295456,0.0,0.0,0.0,0.0,0.0
2000-06-10,2.1666667,0.0,0.6666667,0.5,64.07407,41.0,0.0,0.0,0.0,0.0,0.0
2000-06-11,0.0,0.0,0.0,0.0,68.44444,42.704544,0.0,0.0,0.0,0.0,0.0
2000-06-12,0.0,0.0,0.0,0.0,59.703705,36.886364,0.0,0.0,0.0,0.0,0.0
2000-06-13,0.0,0.0,0.0,0.0,50.074074,30.727272,0.0,0.0,0.0,0.0,0.0
2000-06-14,0.0,0.0,0.0,0.0,37.22222,22.84091,0.0,0.0,0.0,0.0,0.0
2000-06-15,0.0,0.0,0.0,0.0,28.37037,17.40909,0.0,0.0,0.0,0.0,0.0
2000-06-16,0.0,0.0,0.0,0.0,20.703703,12.704545,0.0,0.0,0.0,0.0,0.0
2000-06-17,0.0,0.0,0.0,0.0,15.259259,9.363636,0.0,0.0,0.0,0.0,0.0
2000-06-18,0.0,0.0,0.0,0.0,10.259259,6.2954545,0.0,0.0,0.0,0.0,0.0
2000-06-19,0.0,0.0,0.0,0.0,7.4814816,4.590909,0.0,0.0,0.0,0.0,0.0
2000-06-20,0.0,0.0,0.0,0.0,5.3703704,3.2954545,0.0,0.0,0.0,0.0,0.0
2000-06-21,0.0,0.0,0.0,0.0,3.4074075,2.090909,0.0,0.0,0.0,0.0,0.0
2000-06-22,0.0,0.0,0.0,0.0,1.8888888,1.1590909,0.0,0.0,0.0,0.0,0.0
2000-06-23,0.0,0.0,0.0,0.0,0.37037036,0.22727273,0.0,0.0,0.0,0.0,0.0
2000-06-24,0.0,0.0,0.0,0.0,0.0,0.0,0.0,0.0,0.0,0.0,0.0
2000-06-25,0.0,0.0,0.0,0.0,0.0,0.0,0.0,0.0,0.0,0.0,0.0
2000-06-26,0.0,0.0,0.0,0.0,0.0,0.0,0.0,0.0,0.0,0.0,0.0
2000-06-27,0.0,0.0,0.0,0.0,0.0,0.0,0.0,0.0,0.0,0.0,0.0
2000-06-28,0.0,0.0,0.0,0.0,0.0,0.0,0.0,0.0,0.0,0.0,0.0
2000-06-29,0.0,0.0,0.0,0.0,0.0,0.0,0.0,0.0,0.0,0.0,0.0
2000-06-30,0.0,0.0,0.0,0.0,0.0,0.0,0.0,0.0,0.0,0.0,0.0
2000-07-01,0.0,0.0,0.0,0.0,0.0,0.0,0.0,0.0,0.0,0.0,0.0
2000-07-02,0.0,0.0,0.0,0.0,0.0,0.0,0.0,0.0,0.0,0.0,0.0
2000-07-03,0.0,0.0,0.0,0.0,0.0,0.0,0.0,0.0,0.0,0.0,0.0
2000-07-04,0.0,0.0,0.0,0.0,0.0,0.0,0.0,0.0,0.0,0.0,0.0
2000-07-05,0.0,0.0,0.0,0.0,0.0,0.0,0.0,0.0,0.0,0.0,0.0
2000-07-06,0.0,0.0,0.0,0.0,0.0,0.0,0.0,0.0,0.0,0.0,0.0
2000-07-07,0.0,0.0,0.0,0.0,0.0,0.0,0.0,0.0,0.0,0.0,0.0
2000-07-08,0.0,0.0,0.0,0.0,0.0,0.0,0.0,0.0,0.0,0.0,0.0
2000-07-09,0.0,0.0,0.0,0.0,0.0,0.0,0.0,0.0,0.0,0.0,0.0
2000-07-10,0.0,0.0,0.0,0.0,0.0,0.0,0.0,0.0,0.0,0.0,0.0
2000-07-11,0.0,0.0,0.0,0.0,0.0,0.0,0.0,0.0,0.0,0.0,0.0
2000-07-12,0.0,0.0,0.0,0.0,0.0,0.0,0.0,0.0,0.0,0.0,0.0
2000-07-13,0.0,0.0,0.0,0.0,0.0,0.0,0.0,0.0,0.0,0.0,0.0
2000-07-14,0.0,0.0,0.0,0.0,0.0,0.0,0.0,0.0,0.0,0.0,0.0
2000-07-15,0.0,0.0,0.0,0.0,0.0,0.0,0.0,0.0,0.0,0.0,0.0
2000-07-16,0.0,0.0,0.0,0.0,0.0,0.0,0.0,0.0,0.0,0.0,0.0
2000-07-17,0.0,0.0,0.0,0.0,0.0,0.0,0.0,0.0,0.0,0.0,0.0
2000-07-18,0.0,0.0,0.0,0.0,0.0,0.0,0.0,0.0,0.0,0.0,0.0
2000-07-19,0.0,0.0,0.0,0.0,0.0,0.0,0.0,0.0,0.0,0.0,0.0
2000-07-20,0.0,0.0,0.0,0.0,0.0,0.0,0.0,0.0,0.0,0.0,0.0
2000-07-21,0.0,0.0,0.0,0.0,0.0,0.0,0.0,0.0,0.0,0.0,0.0
2000-07-22,0.0,0.0,0.0,0.0,0.0,0.0,0.0,0.0,0.0,0.0,0.0
2000-07-23,0.0,0.0,0.0,0.0,0.0,0.0,0.0,0.0,0.0,0.0,0.0
2000-07-24,0.0,0.0,0.0,0.0,0.0,0.0,0.0,0.0,0.0,0.0,0.0
2000-07-25,0.0,0.0,0.0,0.0,0.0,0.0,0.0,0.0,0.0,0.0,0.0
2000-07-26,0.0,0.0,0.0,0.0,0.0,0.0,0.0,0.0,0.0,0.0,0.0
2000-07-27,0.0,0.0,0.0,0.0,0.0,0.0,0.0,0.0,0.0,0.0,0.0
2000-07-28,0.0,0.0,0.0,0.0,0.0,0.0,0.0,0.0,0.0,0.0,0.0
2000-07-29,0.0,0.0,0.0,0.0,0.0,0.0,0.0,0.0,0.0,0.0,0.0
2000-07-30,0.0,0.0,0.0,0.0,0.0,0.0,0.0,0.0,0.0,0.0,0.0
2000-07-31,0.0,0.0,0.0,0.0,0.0,0.0,0.0,0.0,0.0,0.0,0.0
2000-08-01,0.0,0.0,0.0,0.0,0.0,0.0,0.0,0.0,0.0,0.0,0.0
2000-08-02,0.0,0.0,0.0,0.0,0.0,0.0,0.0,0.0,0.0,0.0,0.0
2000-08-03,0.0,0.0,0.0,0.0,0.0,0.0,0.0,0.0,0.0,0.0,0.0
2000-08-04,0.0,0.0,0.0,0.0,0.0,0.0,0.0,0.0,0.0,0.0,0.0
2000-08-05,0.0,0.0,0.0,0.0,0.0,0.0,0.0,0.0,0.0,0.0,0.0
2000-08-06,0.0,0.0,0.0,0.0,0.0,0.0,0.0,0.0,0.0,0.0,0.0
2000-08-07,0.0,0.0,0.0,0.0,0.0,0.0,0.0,0.0,0.0,0.0,0.0
2000-08-08,0.0,0.0,0.0,0.0,0.0,0.0,0.0,0.0,0.0,0.0,0.0
2000-08-09,0.0,0.0,0.0,0.0,0.0,0.0,0.0,0.0,0.0,0.0,0.0
2000-08-10,0.0,0.0,0.0,0.0,0.0,0.0,0.0,0.0,0.0,0.0,0.0
2000-08-11,0.0,0.0,0.0,0.0,0.0,0.0,0.0,0.0,0.0,0.0,0.0
2000-08-12,0.0,0.0,0.0,0.0,0.0,0.0,0.0,0.0,0.0,0.0,0.0
2000-08-13,0.0,0.0,0.0,0.0,0.0,0.0,0.0,0.0,0.0,0.0,0.0
2000-08-14,0.0,0.0,0.0,0.0,0.0,0.0,0.0,0.0,0.0,0.0,0.0
2000-08-15,0.0,0.0,0.0,0.0,0.0,0.0,0.0,0.0,0.0,0.0,0.0
2000-08-16,0.0,0.0,0.0,0.0,0.0,0.0,0.0,0.0,0.0,0.0,0.0
2000-08-17,0.0,0.0,0.0,0.0,0.0,0.0,0.0,0.0,0.0,0.0,0.0
2000-08-18,0.0,0.0,0.0,0.0,0.0,0.0,0.0,0.0,0.0,0.0,0.0
2000-08-19,0.0,0.0,0.0,0.0,0.0,0.0,0.0,0.0,0.0,0.0,0.0
2000-08-20,0.0,0.0,0.0,0.0,0.0,0.0,0.0,0.0,0.0,0.0,0.0
2000-08-21,0.0,0.0,0.0,0.0,0.0,0.0,0.0,0.0,0.0,0.0,0.0
2000-08-22,0.0,0.0,0.0,0.0,0.0,0.0,0.0,0.0,0.0,0.0,0.0
2000-08-23,0.0,0.0,0.0,0.0,0.0,0.0,0.0,0.0,0.0,0.0,0.0
2000-08-24,0.0,0.0,0.0,0.0,0.0,0.0,0.0,0.0,0.0,0.0,0.0
2000-08-25,0.0,0.0,0.0,0.0,0.0,0.0,0.0,0.0,0.0,0.0,0.0
2000-08-26,0.0,0.0,0.0,0.0,0.0,0.0,0.0,0.0,0.0,0.0,0.0
2000-08-27,0.0,0.0,0.0,0.0,0.0,0.0,0.0,0.0,0.0,0.0,0.0
2000-08-28,0.0,0.0,0.0,0.0,0.0,0.0,0.0,0.0,0.0,0.0,0.0
2000-08-29,0.0,0.0,0.0,0.0,0.0,0.0,0.0,0.0,0.0,0.0,0.0
2000-08-30,0.0,0.0,0.0,0.0,0.0,0.0,0.0,0.0,0.0,0.0,0.0
2000-08-31,0.0,0.0,0.0,0.0,0.0,0.0,0.0,0.0,0.0,0.0,0.0
2000-09-01,0.0,0.0,0.0,0.0,0.0,0.0,0.0,0.0,0.0,0.0,0.0
2000-09-02,3.6666667,0.0,0.0,0.0,7.4074073,5.9545455,0.0,0.0,0.0,0.0,0.0
2000-09-03,4.1666665,0.0,0.0,0.0,8.148149,6.2272725,0.0,4.5,0.0,1.0,0.0
2000-09-04,1.8333334,0.0,0.0,0.0,6.259259,4.5454545,0.0,0.0,0.0,0.0,0.0
2000-09-05,0.6666667,0.0,0.0,0.0,4.703704,3.25,0.0,0.0,0.0,0.0,0.0
2000-09-06,0.0,0.0,0.0,0.0,3.6666667,2.2727273,0.0,0.0,0.0,0.0,0.0
2000-09-07,0.0,0.0,0.0,0.0,1.6296296,1.0,0.0,0.0,0.0,0.0,0.0
2000-09-08,0.0,0.0,0.0,0.0,0.0,0.0,0.0,0.0,0.0,0.0,0.0
2000-09-09,0.0,0.0,0.0,0.0,0.0,0.0,0.0,0.0,0.0,0.0,0.0
2000-09-10,0.0,0.0,0.0,0.0,0.0,0.0,0.0,0.0,0.0,0.0,0.0
2000-09-11,0.0,0.0,0.0,0.0,0.0,0.0,0.0,0.0,0.0,0.0,0.0
2000-09-12,0.0,0.0,0.0,0.0,0.0,0.0,0.0,0.0,0.0,0.0,0.0
2000-09-13,0.0,0.0,0.0,0.0,0.0,0.0,0.0,0.0,0.0,0.0,0.0
2000-09-14,0.0,0.0,0.0,0.0,0.0,0.0,0.0,0.0,0.0,0.0,0.0
2000-09-15,0.0,0.0,0.0,0.0,0.0,0.0,0.0,0.0,0.0,0.0,0.0
2000-09-16,0.0,0.0,0.0,0.0,0.0,0.0,0.0,0.0,0.0,0.0,0.0
2000-09-17,0.0,0.0,0.0,0.0,0.0,0.0,0.0,0.0,0.0,0.0,0.0
2000-09-18,0.0,0.0,0.0,0.0,0.0,0.0,0.0,0.0,0.0,0.0,0.0
2000-09-19,0.0,0.0,0.0,0.0,0.0,0.0,0.0,0.0,0.0,0.0,0.0
2000-09-20,0.0,0.0,0.0,0.0,0.0,0.0,0.0,0.0,0.0,0.0,0.0
2000-09-21,0.0,0.0,0.0,0.0,0.0,0.0,0.0,0.0,0.0,0.0,0.0
2000-09-22,0.0,0.0,0.0,0.0,0.0,0.0,0.0,0.0,0.0,0.0,0.0
2000-09-23,0.0,0.0,0.0,0.0,0.0,0.0,0.0,0.0,0.0,0.0,0.0
2000-09-24,0.0,0.0,0.0,0.0,0.0,0.0,0.0,0.0,0.0,0.0,0.0
2000-09-25,0.0,0.0,0.0,0.0,0.0,0.0,0.0,0.0,0.0,0.0,0.0
2000-09-26,0.0,0.0,0.0,0.0,0.0,0.0,0.0,0.0,0.0,0.0,0.0
2000-09-27,0.0,0.0,0.0,0.0,0.0,0.0,0.0,0.0,0.0,0.0,0.0
2000-09-28,0.0,0.0,0.0,0.0,0.0,0.0,0.0,0.0,0.0,0.0,0.0
2000-09-29,0.0,0.0,0.0,0.0,0.0,0.0,0.0,0.0,0.0,0.0,0.0
2000-09-30,0.0,0.0,0.0,0.0,0.0,0.0,0.0,0.0,0.0,0.0,0.0
2000-10-01,0.0,0.0,0.0,0.0,0.0,0.0,0.0,0.0,0.0,0.0,0.0
2000-10-02,0.0,0.0,0.0,0.0,0.0,0.0,0.0,0.0,0.0,0.0,0.0
2000-10-03,0.0,0.0,0.0,0.0,0.0,0.0,0.0,0.0,0.0,0.0,0.0
2000-10-04,0.0,0.0,0.0,0.0,0.0,0.0,0.0,0.0,0.0,0.0,0.0
2000-10-05,0.0,0.0,0.0,0.0,0.0,0.0,0.0,0.0,0.0,0.0,0.0
2000-10-06,0.0,0.0,0.0,0.0,0.0,0.0,0.0,0.0,0.0,0.0,0.0
2000-10-07,0.0,0.0,0.0,0.0,0.0,0.0,0.0,0.0,0.0,0.0,0.0
2000-10-08,0.0,0.0,0.0,0.0,0.0,0.0,0.0,0.0,0.0,0.0,0.0
2000-10-09,0.0,0.0,0.0,0.0,0.0,0.0,0.0,0.0,0.0,0.0,0.0
2000-10-10,13.333333,0.0,0.0,0.0,4.814815,5.068182,0.0,0.0,0.0,0.0,0.0
2000-10-11,16.666666,7.9636364,12.0,15.0,7.185185,8.136364,0.0,2.5,0.0,0.0,3.0
2000-10-12,18.166666,8.236363,14.0,16.0,7.9259257,8.818182,0.0,3.0,1.0,0.0,3.0
2000-10-13,18.166666,8.090909,17.0,17.0,8.074074,8.704545,0.0,3.0,1.0,0.0,2.5
2000-10-14,16.666666,5.2,17.0,14.75,6.7777777,6.909091,0.0,1.0,0.0,0.0,1.0
2000-10-15,12.833333,2.8181818,16.0,12.0,5.9259257,5.659091,0.0,0.0,0.0,0.0,0.0
2000-10-16,9.666667,1.1272727,14.333333,10.75,4.4444447,3.909091,0.0,0.0,0.0,0.0,0.0
2000-10-17,4.8333335,0.18181819,5.6666665,4.25,1.5925926,1.2272727,0.0,0.0,0.0,0.0,0.0
2000-10-18,1.0,0.0,0.0,0.0,0.25925925,0.1590909,0.0,0.0,0.0,0.0,0.0
2000-10-19,0.0,0.0,0.0,0.0,0.11111111,0.06818182,0.0,0.0,0.0,0.0,0.0
2000-10-20,0.0,0.0,0.0,0.0,0.0,0.0,0.0,0.0,0.0,0.0,0.0
2000-10-21,0.0,0.0,0.0,0.0,0.0,0.0,0.0,0.0,0.0,0.0,0.0
2000-10-22,0.16666667,0.0,0.0,0.0,1.1851852,1.4090909,0.0,0.0,0.0,0.0,0.0
2000-10-23,0.16666667,0.0,0.0,0.0,1.1851852,1.1590909,0.0,0.0,0.0,0.0,0.0
2000-10-24,0.0,0.0,0.0,0.0,0.8148148,0.6363636,0.0,0.0,0.0,0.0,0.0
2000-10-25,0.0,0.0,0.0,0.0,0.22222222,0.13636364,0.0,0.0,0.0,0.0,0.0
2000-10-26,3.8333333,0.018181818,0.0,0.0,3.2222223,2.6818182,0.6111111,2.5,3.0,0.8,1.0
2000-10-27,7.8333335,0.5272727,1.0,0.75,10.407408,10.636364,0.6111111,15.0,15.0,5.4,9.5
2000-10-28,11.333333,0.6,0.6666667,0.5,21.518518,19.113636,0.33333334,13.5,14.0,6.2,8.5
2000-10-29,33.166668,0.74545455,0.0,0.0,45.37037,43.727272,10.722222,42.5,48.0,15.4,23.5
2000-10-30,44.5,10.636364,21.0,23.75,60.407406,59.68182,18.61111,65.5,65.0,31.6,33.0
2000-10-31,45.666668,11.381818,28.333334,29.25,61.925926,60.886364,17.222221,64.5,63.0,30.8,33.0
2000-11-01,45.666668,11.490909,27.666666,28.5,63.22222,61.636364,12.5,64.0,63.0,31.4,33.0
2000-11-02,45.666668,10.054545,24.666666,25.5,62.962963,60.772728,12.944445,60.0,62.0,31.0,31.5
2000-11-03,45.166668,8.345454,23.0,22.75,62.703705,59.636364,9.444445,58.0,56.0,28.8,28.0
2000-11-04,34.666668,7.2909093,21.0,19.5,62.333332,57.863636,7.111111,57.5,56.0,25.0,26.5
2000-11-05,40.666668,5.890909,18.666666,15.75,61.851852,56.409092,5.8333335,55.0,54.0,23.2,23.0
2000-11-06,39.166668,4.418182,16.666666,12.5,61.185184,54.840908,4.9444447,50.0,48.0,22.4,20.0
2000-11-07,32.833332,4.490909,16.0,12.0,61.11111,54.590908,4.3333335,48.5,45.0,22.0,20.0
2000-11-08,32.833332,4.5636363,15.666667,11.75,60.88889,54.25,3.6111112,47.5,45.0,22.4,19.5
2000-11-09,40.166668,4.090909,14.333333,10.75,60.703705,54.18182,3.8888888,69.5,70.0,27.4,22.5
2000-11-10,43.166668,4.5272727,16.0,12.5,67.40741,62.136364,5.111111,70.5,71.0,27.6,26.0
2000-11-11,44.833332,7.418182,19.666666,16.5,73.62963,69.431816,6.888889,72.5,73.0,33.0,26.0
2000-11-12,47.0,9.381818,33.333332,29.25,74.48148,71.02273,7.4444447,72.0,73.0,33.0,29.5
2000-11-13,47.0,10.272727,33.666668,29.5,73.92593,69.77273,8.611111,72.0,73.0,33.2,29.5
2000-11-14,52.333332,10.309091,33.666668,29.5,74.51852,69.204544,23.055555,77.5,77.0,36.2,32.5
2000-11-15,52.5,10.290909,33.666668,29.5,74.888885,69.25,23.166666,79.0,79.0,36.0,33.0
2000-11-16,52.666668,10.327272,34.333332,30.5,77.59259,74.068184,23.0,78.5,79.0,36.2,33.0
2000-11-17,52.666668,10.290909,34.333332,30.5,77.62963,74.09091,22.055555,78.0,79.0,36.0,33.0
2000-11-18,52.5,10.290909,33.333332,29.75,77.703705,74.15909,19.5,78.0,80.0,37.0,32.5
2000-11-19,52.833332,9.781818,32.0,28.25,77.25926,72.90909,20.222221,77.5,83.0,35.8,31.5
2000-11-20,51.0,8.090909,27.0,23.0,76.40741,70.36364,16.166666,76.0,81.0,34.4,31.0
2000-11-21,43.166668,5.309091,19.0,14.25,74.888885,67.97727,15.055555,74.0,80.0,33.4,31.0
2000-11-22,44.333332,5.109091,17.666666,13.25,74.77778,67.818184,14.5,74.0,79.0,33.0,31.5
2000-11-23,43.833332,5.090909,17.666666,13.25,74.77778,67.818184,10.833333,73.0,80.0,32.4,31.5
2000-11-24,44.333332,4.2727275,16.333334,12.25,74.0,66.40909,10.0,71.5,79.0,32.2,31.5
2000-11-25,45.666668,3.7454545,15.0,11.25,73.07407,65.02273,8.277778,68.5,77.0,31.0,26.0
2000-11-26,50.5,3.3454545,13.0,9.75,71.55556,63.204544,7.111111,66.5,76.0,29.6,24.0
2000-11-27,40.5,2.8181818,11.0,8.25,70.18519,61.56818,6.1666665,64.0,74.0,28.8,22.0
2000-11-28,47.166668,2.3272727,9.0,6.75,68.18519,59.31818,6.0,65.0,77.0,28.2,21.0
2000-11-29,44.833332,1.9818182,6.3333335,4.75,65.703705,56.25,3.6111112,60.0,73.0,26.2,17.5
2000-11-30,45.333332,1.9090909,5.6666665,4.25,78.85185,71.88636,6.111111,89.0,100.0,41.0,42.0
2000-12-01,45.0,2.5636363,4.3333335,3.25,79.40741,71.90909,5.888889,87.0,98.0,40.8,45.0
2000-12-02,45.0,2.5454545,3.0,2.25,78.40741,70.295456,4.888889,85.5,97.0,40.4,45.0
2000-12-03,44.0,2.4363637,1.0,0.75,76.40741,67.34091,4.111111,82.0,97.0,40.0,45.0
2000-12-04,43.0,2.1272728,0.0,0.0,73.77778,64.47727,2.6111112,76.5,96.0,39.0,44.5
2000-12-05,41.5,1.8545455,0.0,0.0,70.74074,60.68182,2.1666667,74.0,96.0,38.8,44.5
2000-12-06,39.833332,1.3636364,0.0,0.0,67.18519,56.613636,1.6111112,71.0,95.0,37.4,44.5
2000-12-07,38.333332,1.2545455,0.0,0.0,63.814816,53.522728,1.1666666,67.0,93.0,35.8,41.5
2000-12-08,38.166668,1.2363636,0.0,0.0,64.18519,53.56818,0.8888889,65.0,92.0,33.8,39.0
2000-12-09,38.166668,1.2363636,0.0,0.0,64.0,53.68182,0.6666667,64.0,90.0,33.0,37.0
2000-12-10,38.166668,1.290909,0.0,0.0,64.0,53.636364,0.7777778,69.5,98.0,33.0,37.5
2000-12-11,38.333332,1.290909,0.0,0.0,64.59259,53.977272,0.7777778,75.5,107.0,33.0,43.0
2000-12-12,47.666668,1.3272728,0.0,0.0,77.55556,65.90909,8.555555,87.5,118.0,37.0,44.5
2000-12-13,47.666668,3.3272727,3.3333333,3.5,81.25926,69.568184,10.888889,93.5,125.0,40.4,49.0
2000-12-14,71.333336,3.2727273,2.0,2.5,88.48148,76.34091,34.055557,110.5,142.0,45.8,57.5
2000-12-15,72.5,2.7454545,1.6666666,1.75,100.0,88.02273,39.77778,143.0,177.0,59.2,68.5
2000-12-16,72.5,1.8363637,1.3333334,1.0,100.111115,88.02273,38.0,147.5,179.0,59.0,72.0
2000-12-17,73.333336,1.3818182,0.0,0.0,99.03704,85.97727,33.61111,148.0,179.0,59.0,75.5
2000-12-18,73.166664,1.2181818,0.0,0.0,97.85185,83.75,34.444443,148.5,179.0,59.0,76.5
2000-12-19,73.0,1.2181818,0.0,0.0,94.59259,79.545456,29.666666,148.5,180.0,59.0,77.0
2000-12-20,70.5,1.1636363,0.0,0.0,92.25926,76.88636,26.277779,147.5,181.0,58.0,77.5
2000-12-21,68.333336,1.0909091,0.0,0.0,90.0,74.59091,22.5,145.0,178.0,57.4,76.0
2000-12-22,66.833336,1.0363636,0.0,0.0,88.77778,73.5,22.38889,144.5,178.0,57.2,77.0
2000-12-23,66.833336,1.0,0.0,0.0,88.51852,73.22727,22.277779,144.0,178.0,57.6,76.5
2000-12-24,66.333336,1.0,0.0,0.0,88.296295,73.0,22.666666,143.5,178.0,57.4,76.5
2000-12-25,66.333336,1.0,0.0,0.0,88.296295,73.0,22.555555,143.5,178.0,57.4,78.0
2000-12-26,66.333336,1.0,0.0,0.0,87.96296,72.65909,21.777779,143.0,178.0,57.4,78.0
2000-12-27,65.833336,0.96363634,0.0,0.0,86.44444,71.13636,19.11111,138.5,177.0,57.4,78.5
2000-12-28,64.666664,0.96363634,0.0,0.0,85.07407,69.795456,17.88889,136.0,176.0,56.4,78.5
2000-12-29,61.5,0.8545455,0.0,0.0,82.37037,67.0,19.61111,130.5,172.0,55.0,78.5
2000-12-30,58.166668,0.76363635,0.0,0.0,79.51852,64.204544,17.166666,125.5,170.0,52.8,75.5
2000-12-31,56.0,0.7090909,0.0,0.0,77.81481,62.545456,11.111111,119.0,166.0,50.6,73.0
2001-01-01,55.5,0.7090909,0.0,0.0,76.81481,61.409092,10.277778,115.5,165.0,49.6,72.0
2001-01-02,55.0,0.6909091,0.0,0.0,76.07407,60.477272,7.2777777,113.5,164.0,49.6,71.0
2001-01-03,54.166668,0.6909091,0.0,0.0,74.59259,58.840908,5.611111,110.5,163.0,48.6,70.0
2001-01-04,50.166668,0.6181818,0.0,0.0,70.81481,55.272728,3.8888888,106.0,161.0,46.4,66.0
2001-01-05,44.666668,0.4909091,0.0,0.0,67.40741,52.022728,2.3333333,102.0,159.0,43.0,62.0
2001-01-06,41.333332,0.47272727,0.0,0.0,65.55556,50.227272,1.7777778,96.5,156.0,40.8,56.5
2001-01-07,40.166668,0.43636364,0.0,0.0,64.888885,49.56818,0.9444444,92.0,153.0,39.8,51.5
2001-01-08,40.666668,0.43636364,0.0,0.0,66.92593,50.704544,4.1666665,89.0,151.0,38.8,48.5
2001-01-09,45.5,3.1454546,1.0,2.25,74.92593,59.090908,17.722221,90.0,152.0,38.6,51.0
2001-01-10,49.333332,5.5272727,1.3333334,3.0,95.25926,75.77273,27.5,97.0,157.0,41.6,52.0
2001-01-11,100.5,35.363636,22.666666,24.75,154.37038,138.45454,64.94444,119.0,176.0,62.8,68.0
2001-01-12,109.333336,57.945454,57.0,60.0,161.62962,143.88637,72.27778,150.0,206.0,67.0,93.0
2001-01-13,109.5,63.345455,68.0,71.5,161.92592,145.06818,74.05556,150.0,208.0,67.2,93.5
2001-01-14,110.5,64.527275,71.666664,74.75,161.85185,144.56818,76.05556,156.5,215.0,70.6,96.0
2001-01-15,111.666664,66.94546,78.333336,80.25,162.33333,145.47728,76.05556,155.0,215.0,71.0,96.5
2001-01-16,113.833336,69.65455,85.0,88.25,163.44444,146.40909,76.111115,155.0,215.0,73.6,97.5
2001-01-17,114.5,72.145454,90.0,93.25,163.55556,146.45454,76.05556,154.0,215.0,73.8,97.5
2001-01-18,114.5,72.818184,92.666664,95.25,163.77777,146.54546,76.111115,155.0,215.0,74.4,97.5
2001-01-19,114.5,72.43636,90.333336,93.25,164.2963,146.40909,76.05556,158.5,218.0,77.0,98.0
2001-01-20,117.0,71.89091,87.333336,90.5,164.92592,144.45454,76.05556,157.5,219.0,79.2,98.0
2001-01-21,117.0,70.94546,83.666664,87.0,164.62962,146.25,76.166664,159.5,219.0,80.0,98.0
2001-01-22,117.0,70.25455,80.0,83.25,165.48148,146.40909,75.888885,162.0,217.0,78.8,96.5
2001-01-23,119.666664,69.72727,77.333336,81.0,170.7037,149.68182,74.5,161.5,218.0,79.4,94.0
2001-01-24,129.16667,69.32727,75.0,78.75,199.11111,180.90909,94.166664,172.5,225.0,80.2,96.0
2001-01-25,133.83333,86.72727,91.0,96.5,212.66667,194.5,101.44444,181.5,236.0,84.8,103.0
2001-01-26,151.16667,90.96364,95.0,100.25,225.33333,209.22728,125.666664,197.0,253.0,91.8,112.5
2001-01-27,152.66667,96.30909,100.0,109.25,230.25926,215.18182,127.94444,205.0,263.0,94.4,121.0
2001-01-28,154.33333,102.163635,105.666664,115.5,230.25926,215.81818,128.05556,205.0,263.0,94.8,122.5
2001-01-29,146.0,101.98182,108.333336,117.5,231.81482,217.5,133.66667,208.0,266.0,95.2,125.0
2001-01-30,146.33333,102.0,110.333336,119.0,231.59259,217.45454,133.88889,213.0,272.0,97.0,128.0
2001-01-31,144.33333,102.07273,114.0,121.75,214.62962,194.90909,134.05556,212.5,274.0,97.0,128.0
2001-02-01,145.5,102.07273,113.0,120.75,234.85185,220.29546,134.11111,211.5,274.0,97.0,127.5
2001-02-02,146.0,100.87273,108.0,116.0,235.0,220.20454,133.61111,216.5,281.0,99.6,129.0
2001-02-03,142.83333,97.69091,101.333336,109.5,235.18518,218.22728,133.72223,217.0,280.0,98.6,127.5
2001-02-04,142.33333,92.65455,90.333336,98.75,236.44444,215.25,130.66667,214.5,276.0,95.2,119.5
2001-02-05,190.66667,84.74545,72.0,81.5,238.59259,213.52272,119.27778,210.0,271.0,90.0,111.5
2001-02-06,137.33333,75.90909,61.333332,70.5,243.51852,214.70454,116.111115,204.5,267.0,86.8,108.5
2001-02-07,149.0,76.0,61.333332,70.75,246.59259,218.61363,116.888885,209.5,269.0,89.0,109.5
2001-02-08,157.0,79.01818,67.0,77.0,247.62962,219.27272,116.666664,207.5,269.0,89.8,111.5
2001-02-09,158.0,78.90909,69.0,79.5,256.07407,225.84091,121.666664,215.0,275.0,91.4,113.0
2001-02-10,190.0,81.29091,72.333336,81.25,284.7037,254.88637,156.38889,243.5,303.0,103.6,132.0
2001-02-11,200.0,90.72727,96.666664,106.75,315.7037,290.79544,193.66667,280.0,341.0,116.2,158.0
2001-02-12,239.5,125.67273,126.666664,137.75,334.44446,309.68182,210.22223,308.5,373.0,129.4,178.5
2001-02-13,242.33333,138.12727,148.66667,156.75,341.81482,314.95456,212.11111,312.0,376.0,132.6,180.0
2001-02-14,261.33334,158.87273,163.0,171.25,348.0,323.5909,211.88889,312.5,379.0,133.6,180.0
2001-02-15,257.16666,162.4909,166.0,174.5,348.81482,325.5909,211.66667,312.5,380.0,133.4,180.5
2001-02-16,262.66666,165.16364,170.0,177.25,351.25925,328.1591,212.55556,312.5,383.0,133.2,182.5
2001-02-17,259.0,164.14546,170.0,180.5,352.7037,325.45456,212.16667,312.5,382.0,133.6,182.5
2001-02-18,215.66667,164.29091,169.33333,179.5,352.51852,324.04544,222.11111,313.5,384.0,133.6,182.0
2001-02-19,229.33333,166.09091,170.0,181.5,362.55554,330.1591,232.61111,317.5,390.0,135.8,183.0
2001-02-20,268.33334,171.3091,179.33333,190.5,382.77777,352.93182,258.72223,341.0,413.0,146.0,195.0
2001-02-21,260.16666,171.47273,181.0,191.75,387.51852,354.88635,282.27777,354.0,428.0,147.8,202.0
2001-02-22,265.5,170.90909,180.0,191.75,394.22223,359.52274,307.3889,374.5,452.0,158.4,221.5
2001-02-23,270.83334,174.78181,188.0,197.0,411.7037,389.47726,323.5,392.0,469.0,168.2,236.5
2001-02-24,280.16666,175.01819,192.0,203.5,420.18518,397.0,330.6111,400.5,475.0,172.2,238.0
2001-02-25,289.5,214.25455,229.33333,240.25,440.37036,419.8409,352.6111,414.5,494.0,182.4,253.5
2001-02-26,298.83334,227.01819,230.33333,241.75,441.0,419.1591,353.6111,426.5,509.0,183.6,255.0
2001-02-27,302.16666,228.36363,231.0,242.75,438.7037,416.25,349.94446,426.5,509.0,182.6,255.5
2001-02-28,303.83334,233.03636,228.33333,240.5,436.25925,405.38635,344.8889,426.5,509.0,183.0,255.0
2001-03-01,346.16666,233.65454,233.66667,246.0,441.07407,414.1591,346.83334,425.5,510.0,182.2,258.0
2001-03-02,348.83334,234.09091,234.66667,247.0,443.66666,419.20456,359.77777,430.0,511.0,185.0,260.5
2001-03-03,355.5,234.21819,236.66667,249.25,451.03705,426.36365,357.16666,436.0,522.0,184.4,263.5
2001-03-04,365.0,234.6909,236.0,248.75,458.77777,435.13635,377.5,445.0,529.0,191.2,268.0
2001-03-05,412.83334,239.47273,239.0,252.5,498.07407,476.11365,409.5,463.5,555.0,209.2,298.0
2001-03-06,439.83334,239.0,236.66667,250.75,512.0,488.3409,408.27777,486.5,582.0,224.8,313.0
2001-03-07,447.33334,243.6,235.66667,249.5,515.4074,490.18182,402.6111,482.5,580.0,222.4,310.5
2001-03-08,447.5,241.98181,231.33333,245.0,517.5185,491.18182,399.66666,482.5,575.0,218.8,304.0
2001-03-09,447.5,239.36363,220.66667,235.0,520.0,492.1591,398.72223,482.5,574.0,215.8,303.0
2001-03-10,456.0,242.72728,222.66667,238.0,523.4815,495.0,386.44446,485.5,575.0,219.4,306.5
2001-03-11,461.5,243.2,225.66667,241.75,515.5185,483.79544,366.66666,486.0,576.0,219.0,306.0
2001-03-12,459.66666,242.81818,226.0,241.75,516.8889,483.75,359.94446,487.0,578.0,218.2,306.0
2001-03-13,464.33334,242.5091,220.33333,236.75,516.7778,482.79544,344.0,484.0,577.0,217.4,302.0
2001-03-14,462.66666,238.89091,208.66667,225.5,519.1111,482.5,320.6111,481.0,572.0,212.8,295.0
2001-03-15,460.16666,231.87273,196.66667,214.25,520.2963,481.9091,292.72223,479.0,569.0,208.6,290.0
2001-03-16,461.16666,228.8,186.0,204.75,520.7407,481.5909,293.83334,478.5,567.0,206.8,288.0
2001-03-17,459.16666,224.81818,179.0,198.75,521.14813,481.97726,281.8889,476.5,567.0,202.8,285.0
2001-03-18,457.83334,218.12727,167.0,187.75,522.1111,481.47726,269.72223,461.5,555.0,197.6,276.0
2001-03-19,453.83334,203.6909,150.33333,170.25,523.3333,477.36365,254.16667,444.5,545.0,187.0,261.5
2001-03-20,452.66666,185.81818,150.0,159.5,521.85187,471.45456,223.5,420.5,530.0,172.8,244.5
2001-03-21,446.66666,163.01819,149.66667,150.0,521.0741,467.45456,207.72223,399.5,513.0,159.4,230.0
2001-03-22,440.83334,143.34546,142.66667,136.0,518.7778,461.9091,201.72223,372.0,494.0,146.0,211.5
2001-03-23,437.33334,127.490906,138.0,125.5,517.37036,457.8409,177.5,351.0,477.0,137.8,195.0
2001-03-24,431.66666,109.05454,131.66667,113.0,515.4815,453.06818,151.94444,332.0,461.0,127.8,174.5
2001-03-25,427.66666,94.0,126.0,101.5,511.96295,447.81818,129.55556,318.5,446.0,118.4,161.5
2001-03-26,423.66666,83.38182,124.333336,96.5,508.5926,442.31818,125.94444,311.5,435.0,114.0,154.5
2001-03-27,420.33334,73.27273,122.666664,92.0,504.48148,435.79544,110.55556,298.5,422.0,108.2,144.0
2001-03-28,415.16666,61.109093,116.666664,87.5,498.8889,426.52274,95.111115,281.5,403.0,100.6,123.5
2001-03-29,406.66666,47.29091,110.333336,82.75,491.22223,414.31818,80.22222,249.0,375.0,86.8,96.0
2001-03-30,402.0,39.52727,97.333336,73.0,483.7037,402.20456,67.0,232.5,354.0,79.2,80.5
2001-03-31,394.0,32.2,76.666664,57.5,473.7037,386.3409,51.944443,212.0,332.0,69.0,69.0
2001-04-01,308.0,25.545454,63.333332,47.5,465.22223,372.56818,35.88889,190.0,312.0,56.4,57.0
2001-04-02,303.16666,22.072727,59.0,44.25,460.74075,367.1591,32.333332,178.0,297.0,49.6,51.0
2001-04-03,303.33334,22.072727,59.0,44.25,460.55554,366.77274,32.5,179.5,295.0,48.4,52.0
2001-04-04,303.16666,22.072727,59.0,44.5,459.66666,366.31818,31.61111,181.0,301.0,48.4,53.5
2001-04-05,363.16666,22.054546,59.0,44.25,458.03705,365.47726,34.88889,181.5,302.0,48.4,53.0
2001-04-06,373.16666,22.054546,59.0,44.25,463.25925,369.86365,32.333332,184.5,309.0,48.6,52.0
2001-04-07,431.0,29.654545,62.0,48.0,483.62964,388.3409,52.61111,198.5,317.0,52.8,59.5
2001-04-08,459.0,51.090908,122.666664,108.75,499.77777,402.97726,53.11111,230.0,349.0,68.0,82.5
2001-04-09,462.83334,55.581818,137.0,122.5,501.03705,404.25,57.944443,240.0,361.0,70.4,88.5
2001-04-10,468.0,58.98182,142.66667,128.25,502.14816,404.68182,57.055557,243.5,368.0,75.2,90.5
2001-04-11,468.83334,60.8,144.33333,130.5,504.22223,406.56818,54.61111,249.5,375.0,76.6,92.0
2001-04-12,445.66666,60.672726,144.66667,131.25,515.44446,419.0909,65.55556,262.0,388.0,83.6,98.0
2001-04-13,447.0,60.745453,141.66667,129.0,516.55554,420.29544,75.05556,263.5,393.0,85.8,102.5
2001-04-14,431.16666,60.98182,139.0,126.5,516.2963,421.20456,62.555557,263.5,390.0,84.0,102.0
2001-04-15,374.16666,58.381817,132.66667,119.0,516.6667,421.54544,57.666668,272.0,389.0,83.0,102.0
2001-04-16,370.5,46.436363,124.0,107.0,511.07407,416.31818,49.055557,270.0,378.0,79.4,93.0
2001-04-17,357.5,29.4,112.333336,86.75,504.07407,404.04544,36.22222,256.0,362.0,69.0,77.0
2001-04-18,352.5,22.836363,91.0,68.25,496.92593,394.54544,29.666666,231.0,343.0,63.0,66.0
2001-04-19,356.0,16.727272,78.333336,58.75,504.92593,397.8409,29.88889,223.0,337.0,61.6,62.5
2001-04-20,459.66666,18.927273,83.666664,62.75,533.7037,426.36365,59.333332,262.5,361.0,65.4,80.5
2001-04-21,487.0,39.054546,122.666664,99.0,545.14813,433.13635,61.666668,295.5,392.0,81.0,100.5
2001-04-22,432.16666,43.872726,132.66667,109.75,578.55554,473.11365,50.055557,292.5,393.0,86.6,99.5
2001-04-23,417.83334,39.272728,125.666664,104.25,579.03705,474.79544,37.0,293.0,387.0,86.4,95.0
2001-04-24,459.16666,25.163637,102.333336,77.5,556.7407,447.5,31.722221,271.0,367.0,78.4,75.5
2001-04-25,426.33334,17.272728,86.333336,64.75,540.0741,425.0909,17.61111,227.5,338.0,67.2,55.0
2001-04-26,409.83334,13.854546,70.666664,53.0,519.0,401.36365,9.333333,182.0,303.0,49.0,35.0
2001-04-27,392.0,8.563637,58.333332,43.75,500.66666,383.25,6.5,149.0,270.0,33.8,18.0
2001-04-28,382.33334,5.4363637,48.666668,36.5,475.1111,362.52274,4.6666665,125.0,244.0,23.8,7.0
2001-04-29,378.0,4.490909,44.333332,33.25,460.66666,351.95456,4.111111,119.5,238.0,21.8,5.5
2001-04-30,367.33334,3.3454545,36.666668,27.5,443.51852,338.0,2.7222223,100.0,210.0,13.8,0.0
2001-05-01,351.16666,2.2727273,27.0,20.25,409.77777,311.47726,0.3888889,66.5,178.0,3.4,0.0
2001-05-02,333.5,1.3818182,17.666666,13.25,379.25925,286.61365,0.0,43.0,152.0,0.4,0.0
2001-05-03,334.0,1.3636364,15.0,11.25,363.55554,275.02274,0.0,41.5,146.0,4.0,0.0
2001-05-04,333.66666,1.3636364,12.0,9.0,348.7037,263.45456,0.0,37.0,137.0,4.2,0.0
2001-05-05,326.0,1.2181818,6.3333335,4.75,327.74075,245.88637,0.0,23.0,117.0,1.2,0.0
2001-05-06,310.83334,0.96363634,0.0,0.0,296.18518,222.25,0.0,11.0,99.0,0.0,0.0
2001-05-07,290.83334,0.56363636,0.0,0.0,259.5926,196.77272,0.0,0.0,78.0,0.0,0.0
2001-05-08,263.5,0.0,0.0,0.0,235.40741,176.77272,0.0,0.0,50.0,0.0,0.0
2001-05-09,239.66667,0.0,0.0,0.0,214.51852,158.63637,0.0,0.0,19.0,0.0,0.0
2001-05-10,218.16667,0.0,0.0,0.0,192.59259,139.22728,0.0,0.0,0.0,0.0,0.0
2001-05-11,197.5,0.0,0.0,0.0,188.59259,131.59091,0.0,0.0,0.0,0.0,0.0
2001-05-12,177.0,0.0,0.0,0.0,168.66667,114.795456,0.0,0.0,0.0,0.0,0.0
2001-05-13,161.33333,0.0,0.0,0.0,158.22223,106.38636,0.0,0.0,0.0,0.0,0.0
2001-05-14,142.66667,0.0,0.0,0.0,150.81482,100.545456,0.0,0.0,0.0,0.0,0.0
2001-05-15,117.666664,0.0,0.0,0.0,142.66667,93.931816,0.0,0.0,0.0,0.0,0.0
2001-05-16,102.0,0.0,0.0,0.0,135.7037,87.931816,0.0,0.0,0.0,0.0,0.0
2001-05-17,89.5,0.0,0.0,0.0,121.81481,77.59091,0.0,0.0,0.0,0.0,0.0
2001-05-18,77.166664,0.0,0.0,0.0,108.44444,67.77273,0.0,0.0,0.0,0.0,0.0
2001-05-19,63.666668,0.0,0.0,0.0,94.44444,57.954544,0.0,0.0,0.0,0.0,0.0
2001-05-20,47.5,0.0,0.0,0.0,80.0,49.090908,0.0,0.0,0.0,0.0,0.0
2001-05-21,34.333332,0.0,0.0,0.0,63.592594,39.022728,0.0,0.0,0.0,0.0,0.0
2001-05-22,21.5,0.0,0.0,0.0,48.185184,29.568182,0.0,0.0,0.0,0.0,0.0
2001-05-23,14.5,0.0,0.0,0.0,34.444443,21.136364,0.0,0.0,0.0,0.0,0.0
2001-05-24,6.6666665,0.0,0.0,0.0,24.444445,15.0,0.0,0.0,0.0,0.0,0.0
2001-05-25,0.0,0.0,0.0,0.0,17.0,10.431818,0.0,0.0,0.0,0.0,0.0
2001-05-26,0.0,0.0,0.0,0.0,12.518518,7.681818,0.0,0.0,0.0,0.0,0.0
2001-05-27,0.0,0.0,0.0,0.0,9.962963,6.1136365,0.0,0.0,0.0,0.0,0.0
2001-05-28,0.0,0.0,0.0,0.0,8.0,4.909091,0.0,0.0,0.0,0.0,0.0
2001-05-29,0.0,0.0,0.0,0.0,6.4074073,3.9318182,0.0,0.0,0.0,0.0,0.0
2001-05-30,0.0,0.0,0.0,0.0,4.5185184,2.7727273,0.0,0.0,0.0,0.0,0.0
2001-05-31,0.0,0.0,0.0,0.0,3.148148,1.9318181,0.0,0.0,0.0,0.0,0.0
2001-06-01,0.0,0.0,0.0,0.0,1.8518518,1.1363636,0.0,0.0,0.0,0.0,0.0
2001-06-02,0.0,0.0,0.0,0.0,0.9259259,0.5681818,0.0,0.0,0.0,0.0,0.0
2001-06-03,0.0,0.0,0.0,0.0,0.7037037,0.4318182,0.0,0.0,0.0,0.0,0.0
2001-06-04,0.0,0.0,0.0,0.0,0.5555556,0.3409091,0.0,0.0,0.0,0.0,0.0
2001-06-05,0.0,0.0,0.0,0.0,0.2962963,0.18181819,0.0,0.0,0.0,0.0,0.0
2001-06-06,0.0,0.0,0.0,0.0,0.0,0.0,0.0,0.0,0.0,0.0,0.0
2001-06-07,0.0,0.0,0.0,0.0,0.0,0.0,0.0,0.0,0.0,0.0,0.0
2001-06-08,0.0,0.0,0.0,0.0,0.0,0.0,0.0,0.0,0.0,0.0,0.0
2001-06-09,0.0,0.0,0.0,0.0,0.0,0.0,0.0,0.0,0.0,0.0,0.0
2001-06-10,0.0,0.0,0.0,0.0,0.0,0.0,0.0,0.0,0.0,0.0,0.0
2001-06-11,0.0,0.0,0.0,0.0,0.0,0.0,0.0,0.0,0.0,0.0,0.0
2001-06-12,0.0,0.0,0.0,0.0,0.0,0.0,0.0,0.0,0.0,0.0,0.0
2001-06-13,0.0,0.0,0.0,0.0,0.0,0.0,0.0,0.0,0.0,0.0,0.0
2001-06-14,0.0,0.0,0.0,0.0,0.0,0.0,0.0,0.0,0.0,0.0,0.0
2001-06-15,0.0,0.0,0.0,0.0,0.0,0.0,0.0,0.0,0.0,0.0,0.0
2001-06-16,0.0,0.0,0.0,0.0,0.0,0.0,0.0,0.0,0.0,0.0,0.0
2001-06-17,0.0,0.0,0.0,0.0,0.0,0.0,0.0,0.0,0.0,0.0,0.0
2001-06-18,0.0,0.0,0.0,0.0,0.0,0.0,0.0,0.0,0.0,0.0,0.0
2001-06-19,0.0,0.0,0.0,0.0,0.0,0.0,0.0,0.0,0.0,0.0,0.0
2001-06-20,0.0,0.0,0.0,0.0,0.0,0.0,0.0,0.0,0.0,0.0,0.0
2001-06-21,0.0,0.0,0.0,0.0,0.0,0.0,0.0,0.0,0.0,0.0,0.0
2001-06-22,0.0,0.0,0.0,0.0,0.0,0.0,0.0,0.0,0.0,0.0,0.0
2001-06-23,0.0,0.0,0.0,0.0,0.0,0.0,0.0,0.0,0.0,0.0,0.0
2001-06-24,0.0,0.0,0.0,0.0,0.0,0.0,0.0,0.0,0.0,0.0,0.0
2001-06-25,0.0,0.0,0.0,0.0,0.0,0.0,0.0,0.0,0.0,0.0,0.0
2001-06-26,0.0,0.0,0.0,0.0,0.0,0.0,0.0,0.0,0.0,0.0,0.0
2001-06-27,0.0,0.0,0.0,0.0,0.0,0.0,0.0,0.0,0.0,0.0,0.0
2001-06-28,0.0,0.0,0.0,0.0,0.0,0.0,0.0,0.0,0.0,0.0,0.0
2001-06-29,0.0,0.0,0.0,0.0,0.0,0.0,0.0,0.0,0.0,0.0,0.0
2001-06-30,0.0,0.0,0.0,0.0,0.0,0.0,0.0,0.0,0.0,0.0,0.0
2001-07-01,0.0,0.0,0.0,0.0,0.0,0.0,0.0,0.0,0.0,0.0,0.0
2001-07-02,0.0,0.0,0.0,0.0,0.0,0.0,0.0,0.0,0.0,0.0,0.0
2001-07-03,0.0,0.0,0.0,0.0,0.0,0.0,0.0,0.0,0.0,0.0,0.0
2001-07-04,0.0,0.0,0.0,0.0,0.0,0.0,0.0,0.0,0.0,0.0,0.0
2001-07-05,0.0,0.0,0.0,0.0,0.0,0.0,0.0,0.0,0.0,0.0,0.0
2001-07-06,0.0,0.0,0.0,0.0,0.0,0.0,0.0,0.0,0.0,0.0,0.0
2001-07-07,0.0,0.0,0.0,0.0,0.0,0.0,0.0,0.0,0.0,0.0,0.0
2001-07-08,0.0,0.0,0.0,0.0,0.0,0.0,0.0,0.0,0.0,0.0,0.0
2001-07-09,0.0,0.0,0.0,0.0,0.0,0.0,0.0,0.0,0.0,0.0,0.0
2001-07-10,0.0,0.0,0.0,0.0,0.0,0.0,0.0,0.0,0.0,0.0,0.0
2001-07-11,0.0,0.0,0.0,0.0,0.0,0.0,0.0,0.0,0.0,0.0,0.0
2001-07-12,0.0,0.0,0.0,0.0,0.0,0.0,0.0,0.0,0.0,0.0,0.0
2001-07-13,0.0,0.0,0.0,0.0,0.0,0.0,0.0,0.0,0.0,0.0,0.0
2001-07-14,0.0,0.0,0.0,0.0,0.0,0.0,0.0,0.0,0.0,0.0,0.0
2001-07-15,0.0,0.0,0.0,0.0,0.0,0.0,0.0,0.0,0.0,0.0,0.0
2001-07-16,0.0,0.0,0.0,0.0,0.0,0.0,0.0,0.0,0.0,0.0,0.0
2001-07-17,0.0,0.0,0.0,0.0,0.0,0.0,0.0,0.0,0.0,0.0,0.0
2001-07-18,0.0,0.0,0.0,0.0,0.0,0.0,0.0,0.0,0.0,0.0,0.0
2001-07-19,0.0,0.0,0.0,0.0,0.0,0.0,0.0,0.0,0.0,0.0,0.0
2001-07-20,0.0,0.0,0.0,0.0,0.0,0.0,0.0,0.0,0.0,0.0,0.0
2001-07-21,0.0,0.0,0.0,0.0,0.0,0.0,0.0,0.0,0.0,0.0,0.0
2001-07-22,0.0,0.0,0.0,0.0,0.0,0.0,0.0,0.0,0.0,0.0,0.0
2001-07-23,0.0,0.0,0.0,0.0,0.0,0.0,0.0,0.0,0.0,0.0,0.0
2001-07-24,0.0,0.0,0.0,0.0,0.0,0.0,0.0,0.0,0.0,0.0,0.0
2001-07-25,0.0,0.0,0.0,0.0,0.0,0.0,0.0,0.0,0.0,0.0,0.0
2001-07-26,0.0,0.0,0.0,0.0,0.0,0.0,0.0,0.0,0.0,0.0,0.0
2001-07-27,0.0,0.0,0.0,0.0,0.0,0.0,0.0,0.0,0.0,0.0,0.0
2001-07-28,0.0,0.0,0.0,0.0,0.0,0.0,0.0,0.0,0.0,0.0,0.0
2001-07-29,0.0,0.0,0.0,0.0,0.0,0.0,0.0,0.0,0.0,0.0,0.0
2001-07-30,0.0,0.0,0.0,0.0,0.0,0.0,0.0,0.0,0.0,0.0,0.0
2001-07-31,0.0,0.0,0.0,0.0,0.0,0.0,0.0,0.0,0.0,0.0,0.0
2001-08-01,0.0,0.0,0.0,0.0,0.0,0.0,0.0,0.0,0.0,0.0,0.0
2001-08-02,0.0,0.0,0.0,0.0,0.0,0.0,0.0,0.0,0.0,0.0,0.0
2001-08-03,0.0,0.0,0.0,0.0,0.0,0.0,0.0,0.0,0.0,0.0,0.0
2001-08-04,0.0,0.0,0.0,0.0,0.0,0.0,0.0,0.0,0.0,0.0,0.0
2001-08-05,0.0,0.0,0.0,0.0,0.0,0.0,0.0,0.0,0.0,0.0,0.0
2001-08-06,0.0,0.0,0.0,0.0,0.0,0.0,0.0,0.0,0.0,0.0,0.0
2001-08-07,0.0,0.0,0.0,0.0,0.0,0.0,0.0,0.0,0.0,0.0,0.0
2001-08-08,0.0,0.0,0.0,0.0,0.0,0.0,0.0,0.0,0.0,0.0,0.0
2001-08-09,0.0,0.0,0.0,0.0,0.0,0.0,0.0,0.0,0.0,0.0,0.0
2001-08-10,0.0,0.0,0.0,0.0,0.0,0.0,0.0,0.0,0.0,0.0,0.0
2001-08-11,0.0,0.0,0.0,0.0,0.0,0.0,0.0,0.0,0.0,0.0,0.0
2001-08-12,0.0,0.0,0.0,0.0,0.0,0.0,0.0,0.0,0.0,0.0,0.0
2001-08-13,0.0,0.0,0.0,0.0,0.0,0.0,0.0,0.0,0.0,0.0,0.0
2001-08-14,0.0,0.0,0.0,0.0,0.0,0.0,0.0,0.0,0.0,0.0,0.0
2001-08-15,0.0,0.0,0.0,0.0,0.0,0.0,0.0,0.0,0.0,0.0,0.0
2001-08-16,0.0,0.0,0.0,0.0,0.0,0.0,0.0,0.0,0.0,0.0,0.0
2001-08-17,0.0,0.0,0.0,0.0,0.0,0.0,0.0,0.0,0.0,0.0,0.0
2001-08-18,0.0,0.0,0.0,0.0,0.0,0.0,0.0,0.0,0.0,0.0,0.0
2001-08-19,0.0,0.0,0.0,0.0,0.0,0.0,0.0,0.0,0.0,0.0,0.0
2001-08-20,0.0,0.0,0.0,0.0,0.0,0.0,0.0,0.0,0.0,0.0,0.0
2001-08-21,0.0,0.0,0.0,0.0,0.0,0.0,0.0,0.0,0.0,0.0,0.0
2001-08-22,0.0,0.0,0.0,0.0,0.0,0.0,0.0,0.0,0.0,0.0,0.0
2001-08-23,0.0,0.0,0.0,0.0,0.0,0.0,0.0,0.0,0.0,0.0,0.0
2001-08-24,0.0,0.0,0.0,0.0,0.0,0.0,0.0,0.0,0.0,0.0,0.0
2001-08-25,0.0,0.0,0.0,0.0,0.0,0.0,0.0,0.0,0.0,0.0,0.0
2001-08-26,0.0,0.0,0.0,0.0,0.0,0.0,0.0,0.0,0.0,0.0,0.0
2001-08-27,0.0,0.0,0.0,0.0,0.0,0.0,0.0,0.0,0.0,0.0,0.0
2001-08-28,0.0,0.0,0.0,0.0,0.0,0.0,0.0,0.0,0.0,0.0,0.0
2001-08-29,0.0,0.0,0.0,0.0,0.0,0.0,0.0,0.0,0.0,0.0,0.0
2001-08-30,0.0,0.0,0.0,0.0,0.0,0.0,0.0,0.0,0.0,0.0,0.0
2001-08-31,0.0,0.0,0.0,0.0,0.0,0.0,0.0,0.0,0.0,0.0,0.0
2001-09-01,0.0,0.0,0.0,0.0,0.0,0.0,0.0,0.0,0.0,0.0,0.0
2001-09-02,0.0,0.0,0.0,0.0,0.0,0.0,0.0,0.0,0.0,0.0,0.0
2001-09-03,0.0,0.0,0.0,0.0,0.0,0.0,0.0,0.0,0.0,0.0,0.0
2001-09-04,0.0,0.0,0.0,0.0,0.0,0.0,0.0,0.0,0.0,0.0,0.0
2001-09-05,0.0,0.0,0.0,0.0,0.0,0.0,0.0,0.0,0.0,0.0,0.0
2001-09-06,0.0,0.0,0.0,0.0,0.0,0.0,0.0,0.0,0.0,0.0,0.0
2001-09-07,0.0,0.0,0.0,0.0,0.0,0.0,0.0,0.0,0.0,0.0,0.0
2001-09-08,0.0,0.0,0.0,0.0,0.0,0.0,0.0,0.0,0.0,0.0,0.0
2001-09-09,0.0,0.0,0.0,0.0,0.0,0.0,0.0,0.0,0.0,0.0,0.0
2001-09-10,0.0,0.0,0.0,0.0,0.0,0.0,0.0,0.0,0.0,0.0,0.0
2001-09-11,0.0,0.0,0.0,0.0,0.0,0.0,0.0,0.0,0.0,0.0,0.0
2001-09-12,0.0,0.0,0.0,0.0,0.0,0.0,0.0,0.0,0.0,0.0,0.0
2001-09-13,0.0,0.0,0.0,0.0,0.0,0.0,0.0,0.0,0.0,0.0,0.0
2001-09-14,0.0,0.0,0.0,0.0,0.0,0.0,0.0,0.0,0.0,0.0,0.0
2001-09-15,0.0,0.0,0.0,0.0,0.0,0.0,0.0,0.0,0.0,0.0,0.0
2001-09-16,0.0,0.0,0.0,0.0,0.0,0.0,0.0,0.0,0.0,0.0,0.0
2001-09-17,0.0,0.0,0.0,0.0,0.0,0.0,0.0,0.0,0.0,0.0,0.0
2001-09-18,0.0,0.0,0.0,0.0,0.0,0.0,0.0,0.0,0.0,0.0,0.0
2001-09-19,0.0,0.0,0.0,0.0,0.0,0.0,0.0,0.0,0.0,0.0,0.0
2001-09-20,0.0,0.0,0.0,0.0,0.0,0.0,0.0,0.0,0.0,0.0,0.0
2001-09-21,0.0,0.0,0.0,0.0,0.0,0.0,0.0,0.0,0.0,0.0,0.0
2001-09-22,0.0,0.0,0.0,0.0,0.0,0.0,0.0,0.0,0.0,0.0,0.0
2001-09-23,0.0,0.0,0.0,0.0,0.0,0.0,0.0,0.0,0.0,0.0,0.0
2001-09-24,0.0,0.0,0.0,0.0,0.0,0.0,0.0,0.0,0.0,0.0,0.0
2001-09-25,0.0,0.0,0.0,0.0,0.0,0.0,0.0,0.0,0.0,0.0,0.0
2001-09-26,0.0,0.0,0.0,0.0,0.0,0.0,0.0,0.0,0.0,0.0,0.0
2001-09-27,0.0,0.0,0.0,0.0,0.0,0.0,0.0,0.0,0.0,0.0,0.0
2001-09-28,0.0,0.0,0.0,0.0,0.0,0.0,0.0,0.0,0.0,0.0,0.0
2001-09-29,0.0,0.0,0.0,0.0,0.0,0.0,0.0,0.0,0.0,0.0,0.0
2001-09-30,0.0,0.0,0.0,0.0,0.0,0.0,0.0,0.0,0.0,0.0,0.0
2001-10-01,0.0,0.0,0.0,0.0,0.0,0.0,0.0,0.0,0.0,0.0,0.0
2001-10-02,0.0,0.0,0.0,0.0,0.0,0.0,0.0,0.0,0.0,0.0,0.0
2001-10-03,0.0,0.0,0.0,0.0,0.0,0.0,0.0,0.0,0.0,0.0,0.0
2001-10-04,0.0,0.0,0.0,0.0,0.0,0.0,0.0,0.0,0.0,0.0,0.0
2001-10-05,0.0,0.0,0.0,0.0,0.0,0.0,0.0,0.0,0.0,0.0,0.0
2001-10-06,0.0,0.0,0.0,0.0,0.0,0.0,0.0,0.0,0.0,0.0,0.0
2001-10-07,0.0,0.0,0.0,0.0,0.0,0.0,0.0,0.0,0.0,0.0,0.0
2001-10-08,0.0,0.0,0.0,0.0,0.0,0.0,0.0,0.0,0.0,0.0,0.0
2001-10-09,0.0,0.0,0.0,0.0,0.0,0.0,0.0,0.0,0.0,0.0,0.0
2001-10-10,0.0,0.0,0.0,0.0,0.0,0.0,0.0,0.0,0.0,0.0,0.0
2001-10-11,0.0,0.0,0.0,0.0,0.0,0.0,0.0,0.0,0.0,0.0,0.0
2001-10-12,0.0,0.0,0.0,0.0,0.0,0.0,0.0,0.0,0.0,0.0,0.0
2001-10-13,0.0,0.0,0.0,0.0,0.0,0.0,0.0,0.0,0.0,0.0,0.0
2001-10-14,0.0,0.0,0.0,0.0,0.0,0.0,0.0,0.0,0.0,0.0,0.0
2001-10-15,0.0,0.0,0.0,0.0,0.0,0.0,0.0,0.0,0.0,0.0,0.0
2001-10-16,0.0,0.0,0.0,0.0,0.0,0.0,0.0,0.0,0.0,0.0,0.0
2001-10-17,0.0,0.0,0.0,0.0,0.0,0.0,0.0,0.0,0.0,0.0,0.0
2001-10-18,0.0,0.0,0.0,0.0,0.0,0.0,0.0,0.0,0.0,0.0,0.0
2001-10-19,0.0,0.0,0.0,0.0,0.0,0.0,0.0,0.0,0.0,0.0,0.0
2001-10-20,0.0,0.0,0.0,0.0,0.0,0.0,0.0,0.0,0.0,0.0,0.0
2001-10-21,0.0,0.0,0.0,0.0,0.0,0.0,0.0,0.0,0.0,0.0,0.0
2001-10-22,0.0,0.0,0.0,0.0,0.0,0.0,0.0,0.0,0.0,0.0,0.0
2001-10-23,0.0,0.0,0.0,0.0,0.0,0.0,0.0,0.0,0.0,0.0,0.0
2001-10-24,0.0,0.0,0.0,0.0,0.0,0.0,0.0,0.0,0.0,0.0,0.0
2001-10-25,0.0,0.0,0.0,0.0,0.0,0.0,0.0,0.0,0.0,0.0,0.0
2001-10-26,0.0,0.0,0.0,0.0,0.0,0.0,0.0,0.0,0.0,0.0,0.0
2001-10-27,0.0,0.0,0.0,0.0,0.0,0.0,0.0,0.0,0.0,0.0,0.0
2001-10-28,0.0,0.0,0.0,0.0,0.0,0.0,0.0,0.0,0.0,0.0,0.0
2001-10-29,0.0,0.0,0.0,0.0,0.0,0.0,0.0,0.0,0.0,0.0,0.0
2001-10-30,0.0,0.0,0.0,0.0,4.5925927,2.909091,0.0,0.0,0.0,0.0,0.0
2001-10-31,12.666667,1.4,11.0,8.25,19.592592,17.545454,0.0,0.5,0.0,4.6,0.0
2001-11-01,13.166667,1.2181818,9.333333,7.0,20.481482,17.522728,0.0,0.0,0.0,3.2,0.0
2001-11-02,14.0,0.4181818,5.0,3.75,19.592592,15.727273,0.0,0.0,0.0,1.4,0.0
2001-11-03,11.666667,0.12727273,0.33333334,0.25,17.962963,14.090909,0.0,0.0,0.0,0.6,0.0
2001-11-04,7.3333335,0.0,0.0,0.0,14.592592,11.25,0.0,0.0,0.0,0.0,0.0
2001-11-05,2.6666667,0.0,0.0,0.0,9.555555,7.0,0.0,0.0,0.0,0.0,0.0
2001-11-06,0.0,0.0,0.0,0.0,6.6296296,4.5454545,0.0,0.0,0.0,0.0,0.0
2001-11-07,0.0,0.0,0.0,0.0,5.6296296,3.75,0.0,0.0,0.0,0.0,0.0
2001-11-08,0.0,0.0,0.0,0.0,4.851852,3.0454545,0.0,0.0,0.0,0.0,0.0
2001-11-09,0.0,0.0,0.0,0.0,3.7037036,2.2727273,0.0,0.0,0.0,0.0,0.0
2001-11-10,0.0,0.0,0.0,0.0,3.2592592,2.0,0.0,0.0,0.0,0.0,0.0
2001-11-11,0.0,0.0,0.0,0.0,4.296296,2.7954545,0.0,0.0,0.0,0.0,0.0
2001-11-12,2.1666667,0.0,0.0,0.0,8.814815,6.2045455,0.0,0.0,0.0,0.0,0.0
2001-11-13,19.333334,6.181818,9.333333,7.0,30.037037,30.977272,0.6111111,9.5,12.0,5.4,0.0
2001-11-14,19.333334,5.4727273,14.333333,10.75,34.22222,33.43182,0.6666667,14.0,17.0,6.2,0.0
2001-11-15,17.5,3.8727272,13.0,9.75,35.37037,32.454544,0.44444445,5.5,7.0,3.6,0.0
2001-11-16,15.333333,1.7272727,8.333333,6.25,33.592594,29.363636,0.16666667,2.5,3.0,0.6,0.0
2001-11-17,13.666667,0.92727274,5.3333335,4.0,29.88889,25.09091,0.0,0.5,0.0,0.0,0.0
2001-11-18,12.333333,0.6909091,2.6666667,2.0,28.518518,23.613636,0.0,0.0,0.0,0.0,0.0
2001-11-19,11.0,0.58181816,0.33333334,0.25,25.814816,20.5,0.0,0.0,0.0,0.0,0.0
2001-11-20,9.666667,0.4181818,0.0,0.0,23.481482,18.386364,0.0,0.0,0.0,0.0,0.0
2001-11-21,10.333333,0.3090909,0.0,0.0,25.037037,19.34091,0.0,0.0,0.0,0.0,0.0
2001-11-22,21.0,0.10909091,0.0,0.0,56.555557,50.590908,0.0,35.0,37.0,12.6,10.0
2001-11-23,38.666668,1.3818182,1.0,0.75,66.07407,59.454544,0.11111111,56.0,58.0,23.8,23.0
2001-11-24,40.5,3.2181818,3.0,2.25,84.92593,76.318184,18.777779,58.5,62.0,25.4,22.5
2001-11-25,75.166664,33.254547,32.0,47.75,130.37038,124.15909,32.88889,102.0,103.0,54.6,48.5
2001-11-26,70.166664,41.163635,60.0,71.75,132.03703,122.931816,38.833332,108.5,115.0,56.4,50.5
2001-11-27,71.0,41.090908,68.0,81.75,133.14815,123.88636,36.61111,108.0,115.0,57.2,51.5
2001-11-28,73.5,41.454544,73.333336,87.25,135.92592,125.568184,40.38889,109.0,115.0,57.4,52.5
2001-11-29,98.333336,44.454544,76.333336,90.25,154.88889,147.75,70.94444,125.5,131.0,69.2,66.5
2001-11-30,99.333336,48.78182,86.0,99.75,162.40741,155.09091,68.05556,140.5,149.0,82.2,74.0
2001-12-01,109.166664,60.327274,96.333336,112.25,170.44444,162.70454,97.27778,145.0,153.0,83.8,76.5
2001-12-02,134.5,63.909092,98.0,113.75,211.81482,202.20454,156.0,178.5,190.0,110.6,104.5
2001-12-03,196.83333,74.29091,109.666664,128.25,269.33334,255.86363,183.0,261.0,274.0,183.0,178.5
2001-12-04,195.83333,85.89091,146.0,163.25,272.48148,260.20456,189.16667,277.5,294.0,197.2,192.0
2001-12-05,194.0,86.454544,157.66667,172.0,273.14816,260.77274,197.77777,282.5,299.0,196.8,194.5
2001-12-06,190.5,86.6,161.0,174.5,275.77777,263.4091,203.94444,312.5,332.0,204.4,206.5
2001-12-07,178.0,85.25455,158.0,171.75,277.07407,264.36365,205.66667,312.5,339.0,205.0,211.5
2001-12-08,184.0,83.89091,152.66667,166.5,276.77777,264.13635,206.38889,315.0,339.0,205.0,212.0
2001-12-09,178.33333,82.545456,148.0,161.75,281.22223,269.43182,209.0,319.5,341.0,204.6,212.0
2001-12-10,190.5,83.07273,149.0,163.0,287.8889,275.38635,211.22223,324.0,343.0,207.6,214.5
2001-12-11,190.0,83.163635,151.0,165.5,288.7037,276.02274,211.83333,323.0,343.0,208.8,214.5
2001-12-12,189.0,83.10909,152.66667,167.5,287.5926,281.43182,212.77777,324.5,343.0,208.8,214.0
2001-12-13,187.83333,84.218185,154.66667,170.0,287.96295,281.61365,211.38889,324.0,343.0,210.6,213.5
2001-12-14,215.5,85.03636,152.66667,168.0,309.07407,294.68182,240.44444,337.0,355.0,216.4,226.5
2001-12-15,199.0,85.836365,161.0,176.0,315.18518,304.3409,246.16667,363.0,382.0,230.8,245.0
2001-12-16,201.33333,85.781815,161.33333,176.75,313.2963,302.22726,244.83333,365.5,386.0,230.2,247.5
2001-12-17,200.5,87.32727,161.0,176.0,313.92593,300.52274,269.05554,370.0,396.0,234.6,252.0
2001-12-18,208.33333,87.218185,160.0,175.25,320.8889,307.56818,275.8889,400.5,431.0,246.4,270.0
2001-12-19,206.66667,85.854546,156.66667,172.0,324.48148,310.54544,289.94446,404.5,435.0,248.0,271.5
2001-12-20,205.16667,84.87273,153.66667,169.0,336.51852,329.3409,309.83334,405.5,438.0,248.4,274.0
2001-12-21,228.5,88.8,163.0,179.25,368.66666,370.97726,325.22223,417.0,459.0,258.0,287.5
2001-12-22,223.16667,96.218185,172.33333,189.75,360.44446,357.29544,328.5,421.0,463.0,257.6,290.0
2001-12-23,245.66667,97.63636,177.33333,195.0,375.33334,375.38635,346.22223,452.0,502.0,268.6,305.5
2001-12-24,252.16667,99.8,181.0,198.5,365.7037,358.72726,347.94446,456.0,498.0,268.4,306.5
2001-12-25,252.16667,99.74545,182.66667,199.5,397.44446,401.0909,344.05554,456.0,498.0,269.0,306.5
2001-12-26,232.16667,98.61818,179.66667,196.75,369.8889,361.79544,346.33334,466.5,503.0,271.0,307.0
2001-12-27,235.66667,97.05454,173.66667,190.75,374.92593,367.54544,346.27777,461.5,503.0,269.8,306.5
2001-12-28,234.83333,94.63636,168.0,185.25,375.25925,363.13635,345.33334,464.5,506.0,272.4,305.0
2001-12-29,272.33334,106.0,171.0,188.25,411.48148,394.52274,340.3889,479.0,520.0,278.2,316.5
2001-12-30,281.5,124.58182,185.33333,195.25,433.44446,412.0,335.22223,483.5,524.0,281.4,318.5
2001-12-31,282.16666,125.2,182.0,192.0,452.48148,428.68182,323.6111,494.0,537.0,287.4,324.0
2002-01-01,312.33334,124.72727,178.0,188.5,451.2963,435.68182,284.27777,496.0,530.0,288.6,324.5
2002-01-02,277.5,122.527275,173.0,183.25,465.55554,445.61365,281.1111,500.5,531.0,288.4,308.5
2002-01-03,331.83334,124.34545,175.0,184.75,481.18518,462.61365,284.6111,526.5,552.0,299.2,337.5
2002-01-04,327.16666,127.6,180.0,193.0,485.25925,464.75,282.33334,519.0,561.0,304.2,340.5
2002-01-05,324.16666,127.25455,175.66667,188.75,486.85184,464.68182,271.55554,518.0,562.0,304.4,339.5
2002-01-06,319.16666,125.30909,173.33333,185.75,487.5926,464.95456,275.77777,535.0,583.0,305.4,352.5
2002-01-07,309.5,121.527275,169.0,180.5,491.37036,467.5,266.16666,556.5,599.0,309.0,347.5
2002-01-08,309.83334,114.12727,165.0,175.0,494.33334,469.5909,259.44446,544.5,601.0,308.0,346.5
2002-01-09,309.66666,109.145454,165.66667,173.75,494.44446,469.5909,252.16667,559.0,602.0,308.0,346.0
2002-01-10,308.33334,107.0,165.66667,172.75,529.1852,521.4318,250.33333,563.5,606.0,308.0,342.0
2002-01-11,310.0,103.74545,165.0,169.75,529.55554,521.2727,248.0,547.0,605.0,308.0,342.5
2002-01-12,310.33334,98.218185,163.66667,164.5,496.55554,469.88635,244.55556,544.5,602.0,305.0,343.0
2002-01-13,313.83334,92.70909,163.0,161.0,496.77777,469.75,242.83333,544.0,602.0,304.6,343.0
2002-01-14,313.5,87.90909,161.33333,157.0,497.51852,469.86365,241.66667,570.5,603.0,303.4,343.0
2002-01-15,315.66666,86.61818,159.66667,154.75,497.18518,469.70456,254.61111,571.0,603.0,303.2,343.0
2002-01-16,310.5,89.6,158.33333,154.0,495.81482,468.8409,234.72223,572.0,603.0,303.2,350.5
2002-01-17,312.16666,95.98182,161.33333,156.5,495.51852,468.63635,239.61111,570.0,603.0,304.0,351.0
2002-01-18,311.16666,100.03636,162.66667,158.0,495.77777,468.86365,238.61111,545.5,601.0,304.0,351.5
2002-01-19,313.16666,102.854546,166.0,161.5,492.8889,467.18182,236.5,544.0,601.0,304.0,351.5
2002-01-20,313.16666,102.70909,166.0,161.5,490.74075,466.93182,237.83333,544.0,601.0,304.2,344.0
2002-01-21,298.33334,102.63636,165.33333,161.0,490.55554,468.04544,241.0,546.0,605.0,304.4,353.5
2002-01-22,307.33334,102.41818,162.66667,158.5,490.14816,468.5909,258.8889,557.5,614.0,305.0,361.0
2002-01-23,305.66666,102.490906,162.66667,158.5,491.77777,462.20456,246.94444,566.0,627.0,304.8,350.5
2002-01-24,307.5,102.4,165.33333,162.0,488.2963,459.93182,249.61111,567.0,627.0,306.4,353.0
2002-01-25,305.33334,100.65455,161.66667,157.75,486.1111,465.38635,253.66667,566.5,628.0,307.2,353.5
2002-01-26,308.16666,96.490906,162.66667,156.25,491.51852,467.63635,279.33334,567.5,627.0,309.8,367.5
2002-01-27,316.33334,95.94546,163.0,155.5,505.8889,481.3409,276.0,593.5,659.0,317.8,404.5
2002-01-28,349.83334,105.05454,169.66667,162.0,512.7037,489.11365,274.1111,606.0,671.0,317.2,406.5
2002-01-29,351.5,107.781815,176.0,168.25,539.8148,525.6818,292.27777,641.5,679.0,318.0,403.5
2002-01-30,358.33334,109.96364,181.0,174.25,517.55554,495.5909,282.55554,653.5,692.0,318.4,403.0
2002-01-31,352.16666,112.2,185.66667,182.5,514.7037,494.77274,286.55554,660.5,700.0,321.2,403.0
2002-02-01,352.0,113.61818,194.0,192.5,527.0,502.25,291.77777,662.5,703.0,322.0,405.5
2002-02-02,358.83334,113.58182,194.0,192.75,525.37036,501.04544,291.0,662.0,703.0,322.0,405.0
2002-02-03,349.0,113.527275,194.33333,192.75,567.9259,557.9545,288.6111,660.0,704.0,322.0,404.5
2002-02-04,355.0,113.32727,191.33333,190.0,567.14813,557.0,295.0,661.5,704.0,322.0,404.5
2002-02-05,353.16666,111.490906,185.0,183.5,523.7407,497.31818,291.77777,664.0,705.0,322.0,404.5
2002-02-06,354.5,107.03636,177.66667,176.25,526.5926,488.63635,289.1111,665.5,705.0,322.2,406.5
2002-02-07,350.0,102.509094,172.33333,169.75,528.2222,497.25,285.16666,666.5,706.0,320.4,406.5
2002-02-08,402.83334,99.70909,173.66667,169.0,540.0,509.36365,290.0,677.0,707.0,332.4,415.5
2002-02-09,375.83334,97.76363,174.33333,168.25,548.2963,513.7727,284.05554,680.0,708.0,332.8,419.5
2002-02-10,386.83334,96.545456,174.0,165.25,580.6667,559.2273,285.1111,682.0,708.0,333.0,422.0
2002-02-11,371.33334,94.58182,175.33333,163.5,581.7778,557.0682,284.44446,685.0,708.0,332.8,422.5
2002-02-12,357.0,89.09091,175.66667,159.25,582.1111,554.3182,277.6111,686.5,705.0,329.4,421.0
2002-02-13,357.16666,84.61818,180.66667,158.75,581.7407,551.6818,275.05554,684.5,703.0,328.8,420.0
2002-02-14,363.5,82.74545,180.33333,155.5,582.2963,551.6818,260.22223,685.5,703.0,325.4,422.0
2002-02-15,365.0,79.36364,177.33333,149.0,581.9259,549.9773,260.1111,687.0,703.0,324.8,422.5
2002-02-16,367.5,77.72727,175.66667,144.75,591.2963,555.61365,241.05556,687.5,702.0,324.4,421.0
2002-02-17,388.0,78.96364,175.0,142.0,605.7037,569.38635,246.05556,696.0,705.0,326.6,426.0
2002-02-18,396.0,80.781815,181.33333,147.75,615.55554,579.2273,235.77777,700.5,711.0,329.0,427.5
2002-02-19,398.0,84.72727,185.66667,151.5,617.62964,580.9545,256.83334,703.5,713.0,334.4,429.5
2002-02-20,353.33334,83.96364,181.66667,147.5,625.1111,588.6818,239.77777,738.5,745.0,341.6,437.0
2002-02-21,349.16666,78.781815,178.33333,141.75,625.44446,587.8409,234.16667,742.5,754.0,336.4,426.0
2002-02-22,351.33334,74.218185,169.33333,127.0,626.9259,584.8409,225.83333,737.5,750.0,334.4,413.5
2002-02-23,352.0,68.145454,160.66667,120.5,626.0,580.6591,221.22223,740.0,749.0,330.0,409.0
2002-02-24,352.83334,65.03636,159.66667,119.75,625.96295,580.5,222.27777,741.5,750.0,328.8,407.0
2002-02-25,353.0,63.127274,156.66667,117.5,625.03705,578.1818,219.33333,738.5,748.0,325.2,406.0
2002-02-26,354.16666,59.654545,149.0,111.75,624.1852,573.7727,212.33333,735.0,745.0,323.4,403.5
2002-02-27,354.83334,55.418182,140.0,105.0,622.8889,569.0682,203.33333,731.5,741.0,319.2,400.0
2002-02-28,356.16666,52.672726,133.0,99.75,621.85187,565.4318,195.27777,724.5,738.0,316.4,400.0
2002-03-01,342.5,49.654545,130.0,97.5,619.96295,563.0455,193.16667,724.5,738.0,315.2,398.0
2002-03-02,342.5,49.654545,130.0,97.5,619.6667,562.5682,192.55556,724.0,738.0,315.4,399.0
2002-03-03,342.5,47.872726,130.0,97.5,619.62964,562.25,189.94444,722.0,738.0,315.4,398.5
2002-03-04,342.0,48.21818,129.66667,97.25,619.4074,561.6591,186.83333,721.5,738.0,315.4,398.5
2002-03-05,342.0,47.854546,128.0,96.0,618.9259,560.4545,183.44444,722.5,741.0,315.2,397.5
2002-03-06,341.83334,46.81818,125.0,93.75,627.2222,565.4091,181.44444,728.5,746.0,318.2,396.0
2002-03-07,371.33334,52.327274,128.0,96.0,657.1852,597.4318,192.44444,785.0,796.0,347.6,441.5
2002-03-08,390.5,61.8,169.66667,136.75,672.2963,613.6591,206.55556,807.5,805.0,361.4,468.5
2002-03-09,384.5,61.872726,182.33333,146.25,672.37036,613.75,218.0,818.5,814.0,367.8,478.0
2002-03-10,368.83334,60.654545,178.33333,143.25,673.37036,614.3409,249.33333,819.5,821.0,374.4,496.5
2002-03-11,368.83334,58.436363,167.33333,133.25,677.5185,619.63635,231.72223,835.5,847.0,375.6,509.0
2002-03-12,367.5,53.29091,153.33333,117.25,677.55554,617.61365,224.38889,831.5,848.0,377.8,505.0
2002-03-13,366.83334,50.327274,150.0,112.5,677.4074,616.2273,219.16667,840.5,858.0,379.6,508.0
2002-03-14,368.83334,48.29091,149.66667,112.25,679.7037,620.5,219.61111,847.0,860.0,379.6,513.0
2002-03-15,368.5,48.927273,154.0,116.0,689.4815,637.7955,222.0,843.0,861.0,384.0,516.5
2002-03-16,370.83334,49.909092,159.66667,120.75,687.2593,627.2045,227.11111,855.0,871.0,393.2,519.5
2002-03-17,371.5,54.01818,167.33333,128.5,678.96295,611.3409,230.94444,875.0,887.0,397.2,521.5
2002-03-18,373.5,60.927273,185.33333,144.75,695.7037,637.1818,230.22223,883.5,899.0,403.8,527.0
2002-03-19,372.66666,61.272728,201.0,162.75,672.3333,588.3409,280.27777,880.5,901.0,406.8,528.0
2002-03-20,372.5,55.236362,191.66667,155.0,696.2593,633.2727,225.11111,880.0,906.0,404.2,527.0
2002-03-21,371.5,45.963634,167.0,129.0,695.1111,629.36365,216.44444,876.5,902.0,404.4,522.5
2002-03-22,369.83334,40.47273,159.33333,119.5,695.9259,627.0455,199.27777,861.5,896.0,399.4,518.5
2002-03-23,378.16666,40.254547,159.0,119.25,714.1852,646.5455,207.72223,880.0,905.0,391.0,525.0
2002-03-24,383.0,47.763638,170.66667,134.0,728.8148,662.5909,213.44444,905.5,929.0,406.8,533.5
2002-03-25,383.16666,51.418182,201.33333,164.75,729.85187,663.7273,213.0,906.0,934.0,407.6,537.0
2002-03-26,383.16666,50.636364,198.0,162.25,730.2593,664.0,209.77777,907.0,936.0,410.2,537.0
2002-03-27,382.83334,44.4,185.0,150.25,729.6667,662.36365,202.72223,900.5,931.0,408.4,534.0
2002-03-28,381.5,39.454544,178.0,137.5,728.4074,657.5227,193.11111,884.5,916.0,400.4,530.0
2002-03-29,379.83334,32.98182,169.0,126.75,726.2593,651.0455,178.27777,876.5,912.0,391.6,521.0
2002-03-30,377.0,27.290909,156.66667,117.5,723.9259,644.2045,159.88889,852.5,900.0,377.2,514.5
2002-03-31,373.33334,19.672728,121.666664,91.25,720.44446,631.61365,157.38889,829.0,882.0,363.6,499.5
2002-04-01,369.16666,15.127273,94.0,70.5,712.6667,617.2045,135.0,807.0,864.0,347.0,486.5
2002-04-02,364.66666,11.309091,81.0,60.75,700.96295,601.5682,114.333336,782.0,843.0,325.4,476.5
2002-04-03,446.66666,8.909091,68.666664,51.5,686.4815,583.5682,91.22222,743.0,817.0,301.0,458.0
2002-04-04,437.5,10.054545,57.666668,43.25,672.6667,565.88635,72.72222,711.5,790.0,274.8,438.5
2002-04-05,346.83334,8.218182,48.666668,36.5,664.1111,553.2727,61.38889,686.5,765.0,250.8,410.5
2002-04-06,342.83334,7.8545456,45.333332,34.0,660.2963,549.4545,56.72222,673.0,745.0,236.8,403.0
2002-04-07,339.33334,7.672727,44.333332,33.25,657.8148,547.0682,51.61111,663.0,730.0,222.0,386.0
2002-04-08,335.33334,6.581818,39.0,29.25,651.8889,540.4773,53.555557,649.0,710.0,207.6,371.0
2002-04-09,328.16666,5.6,31.333334,23.5,643.4074,530.5,43.444443,637.0,693.0,196.8,355.5
2002-04-10,321.83334,4.6545453,23.333334,17.5,637.44446,524.1818,40.27778,629.0,684.0,189.8,346.0
2002-04-11,357.66666,3.8363636,18.0,13.5,627.2222,514.2045,35.22222,623.0,662.0,179.0,330.5
2002-04-12,342.5,2.909091,8.333333,6.25,614.14813,500.22726,30.166666,604.0,643.0,165.6,314.0
2002-04-13,331.16666,1.9636364,0.0,0.0,595.6667,480.70456,23.055555,577.5,619.0,153.4,295.5
2002-04-14,318.0,0.8909091,0.0,0.0,569.03705,453.5,16.5,529.0,584.0,139.0,260.5
2002-04-15,308.66666,0.58181816,0.0,0.0,555.1111,440.97726,15.277778,493.5,555.0,126.8,236.5
2002-04-16,308.33334,0.58181816,0.0,0.0,554.9259,441.02274,15.277778,488.5,547.0,125.4,240.5
2002-04-17,325.5,0.43636364,0.0,0.0,568.1111,453.20456,31.5,512.0,566.0,130.0,245.5
2002-04-18,327.83334,1.2,1.3333334,1.0,570.0741,456.6591,35.444443,551.0,595.0,137.8,256.5
2002-04-19,350.66666,1.5454545,7.3333335,7.0,567.85187,455.5,32.0,573.5,607.0,145.8,262.5
2002-04-20,352.66666,1.8727273,8.333333,9.0,565.96295,454.88635,30.944445,577.0,609.0,149.8,263.5
2002-04-21,353.0,1.4,7.6666665,6.25,562.7778,452.5909,20.722221,578.0,612.0,148.6,262.5
2002-04-22,351.16666,0.94545454,1.6666666,1.25,562.9259,450.13635,16.61111,559.0,608.0,145.2,253.5
2002-04-23,319.83334,0.54545456,0.0,0.0,553.0,438.61365,14.277778,532.5,586.0,138.2,238.0
2002-04-24,310.33334,0.43636364,0.0,0.0,535.9259,420.88635,11.666667,494.5,558.0,127.6,215.0
2002-04-25,301.0,0.3090909,0.0,0.0,524.7037,409.6591,9.611111,470.0,534.0,117.4,190.5
2002-04-26,300.16666,0.27272728,0.0,0.0,522.6667,406.38635,7.4444447,443.0,507.0,106.2,166.5
2002-04-27,306.33334,0.5272727,1.0,0.75,527.4074,413.02274,7.5,437.5,498.0,105.4,159.5
2002-04-28,306.16666,0.5272727,2.0,1.5,531.5185,416.22726,9.611111,446.5,500.0,106.2,164.5
2002-04-29,306.5,0.34545454,1.6666666,1.25,533.1111,418.43182,7.9444447,454.0,499.0,105.6,167.0
2002-04-30,309.16666,0.34545454,1.0,0.75,553.3333,438.88635,8.444445,464.5,516.0,115.8,176.0
2002-05-01,275.0,0.3090909,0.6666667,0.75,566.14813,448.11365,10.222222,466.5,522.0,118.4,179.0
2002-05-02,275.0,0.3090909,1.3333334,1.25,569.8889,449.9091,8.111111,473.0,521.0,120.0,177.5
2002-05-03,309.16666,0.4,0.0,0.0,572.1852,449.61365,6.611111,456.5,507.0,114.0,162.5
2002-05-04,305.33334,0.23636363,0.0,0.0,568.5185,442.1591,5.1666665,432.5,488.0,106.8,147.5
2002-05-05,298.5,0.09090909,0.0,0.0,553.5926,428.5909,2.9444444,406.5,464.0,103.6,127.0
2002-05-06,290.33334,0.0,0.0,0.0,524.1111,406.43182,0.9444444,376.5,433.0,94.2,116.5
2002-05-07,280.83334,0.0,0.0,0.0,503.37036,391.0909,0.0,341.5,410.0,82.8,107.0
2002-05-08,279.16666,0.0,0.0,0.0,492.33334,383.02274,0.0,329.5,395.0,77.8,102.5
2002-05-09,277.83334,0.0,0.0,0.0,484.81482,377.43182,0.0,317.0,378.0,73.8,98.0
2002-05-10,275.66666,0.0,0.0,0.0,478.33334,372.45456,0.0,302.0,359.0,71.0,94.0
2002-05-11,293.0,0.0,0.0,0.0,472.07407,367.81818,0.0,299.0,356.0,69.8,92.5
2002-05-12,292.66666,0.0,0.0,0.0,454.8889,353.68182,0.0,290.5,349.0,67.4,86.5
2002-05-13,268.5,0.0,0.0,0.0,420.7037,323.11365,0.0,271.5,335.0,59.8,71.5
2002-05-14,256.5,0.0,0.0,0.0,375.4074,287.22726,0.0,248.0,319.0,49.8,55.0
2002-05-15,249.16667,0.0,0.0,0.0,346.92593,265.38635,0.0,215.0,301.0,40.0,38.0
2002-05-16,237.83333,0.0,0.0,0.0,330.74075,252.75,0.0,186.5,285.0,30.8,21.5
2002-05-17,222.16667,0.0,0.0,0.0,322.62964,244.29546,0.0,162.5,265.0,19.8,2.5
2002-05-18,205.0,0.0,0.0,0.0,309.33334,231.93182,0.0,132.5,241.0,9.2,0.0
2002-05-19,187.16667,0.0,0.0,0.0,290.1111,217.27272,0.0,108.0,219.0,0.0,0.0
2002-05-20,179.66667,0.0,0.0,0.0,291.81482,222.40909,4.888889,99.0,211.0,0.0,0.0
2002-05-21,215.66667,5.1454544,10.0,14.5,306.66666,242.36363,5.388889,122.0,224.0,2.2,5.5
2002-05-22,219.0,4.2363634,14.333333,17.75,309.96295,245.63637,5.4444447,126.5,230.0,3.4,7.0
2002-05-23,216.0,2.4545455,14.333333,15.0,320.07407,251.56818,2.3333333,131.5,231.0,5.6,7.0
2002-05-24,213.16667,0.6545454,9.333333,7.0,339.74075,264.22726,0.0,117.0,224.0,2.6,0.0
2002-05-25,178.33333,0.0,0.0,0.0,293.74075,224.79546,0.0,93.5,208.0,0.0,0.0
2002-05-26,144.5,0.0,0.0,0.0,278.66666,211.86363,0.0,67.5,188.0,0.0,0.0
2002-05-27,125.333336,0.0,0.0,0.0,261.77777,198.02272,0.0,47.0,167.0,0.0,0.0
2002-05-28,117.5,0.0,0.0,0.0,275.81482,204.13637,0.0,34.5,148.0,0.0,0.0
2002-05-29,104.666664,0.0,0.0,0.0,259.74075,190.77272,0.0,20.0,124.0,0.0,0.0
2002-05-30,86.166664,0.0,0.0,0.0,232.51852,168.34091,0.0,0.0,86.0,0.0,0.0
2002-05-31,70.333336,0.0,0.0,0.0,203.77777,143.81818,0.0,0.0,46.0,0.0,0.0
2002-06-01,56.0,0.0,0.0,0.0,182.22223,126.63636,0.0,0.0,4.0,0.0,0.0
2002-06-02,51.0,0.0,0.0,0.0,175.55556,120.954544,0.0,0.0,0.0,0.0,0.0
2002-06-03,45.5,0.0,0.0,0.0,168.2963,114.86364,0.0,0.0,0.0,0.0,0.0
2002-06-04,37.0,0.0,0.0,0.0,157.62962,106.068184,0.0,0.0,0.0,0.0,0.0
2002-06-05,24.666666,0.0,0.0,0.0,138.33333,90.34091,0.0,0.0,0.0,0.0,0.0
2002-06-06,6.5,0.0,0.0,0.0,110.666664,70.02273,0.0,0.0,0.0,0.0,0.0
2002-06-07,0.0,0.0,0.0,0.0,87.40741,53.636364,0.0,0.0,0.0,0.0,0.0
2002-06-08,0.0,0.0,0.0,0.0,71.59259,43.93182,0.0,0.0,0.0,0.0,0.0
2002-06-09,0.0,0.0,0.0,0.0,68.0,41.727272,0.0,0.0,0.0,0.0,0.0
2002-06-10,0.0,0.0,0.0,0.0,65.74074,40.340908,0.0,0.0,0.0,0.0,0.0
2002-06-11,0.0,0.0,0.0,0.0,60.851852,37.340908,0.0,0.0,0.0,0.0,0.0
2002-06-12,0.0,0.0,0.0,0.0,53.666668,32.93182,0.0,0.0,0.0,0.0,0.0
2002-06-13,0.0,0.0,0.0,0.0,44.666668,27.40909,0.0,0.0,0.0,0.0,0.0
2002-06-14,0.0,0.0,0.0,0.0,38.148148,23.40909,0.0,0.0,0.0,0.0,0.0
2002-06-15,0.0,0.0,0.0,0.0,31.185184,19.136364,0.0,0.0,0.0,0.0,0.0
2002-06-16,0.0,0.0,0.0,0.0,23.592592,14.477273,0.0,0.0,0.0,0.0,0.0
2002-06-17,0.0,0.0,0.0,0.0,16.62963,10.204545,0.0,0.0,0.0,0.0,0.0
2002-06-18,0.0,0.0,0.0,0.0,14.222222,8.727273,0.0,0.0,0.0,0.0,0.0
2002-06-19,0.0,0.0,0.0,0.0,11.518518,7.068182,0.0,0.0,0.0,0.0,0.0
2002-06-20,0.0,0.0,0.0,0.0,9.0,5.5227275,0.0,0.0,0.0,0.0,0.0
2002-06-21,0.0,0.0,0.0,0.0,6.851852,4.2045455,0.0,0.0,0.0,0.0,0.0
2002-06-22,0.0,0.0,0.0,0.0,5.5925927,3.4318182,0.0,0.0,0.0,0.0,0.0
2002-06-23,0.0,0.0,0.0,0.0,3.8888888,2.3863637,0.0,0.0,0.0,0.0,0.0
2002-06-24,0.0,0.0,0.0,0.0,2.4074075,1.4772727,0.0,0.0,0.0,0.0,0.0
2002-06-25,0.0,0.0,0.0,0.0,1.074074,0.65909094,0.0,0.0,0.0,0.0,0.0
2002-06-26,0.0,0.0,0.0,0.0,0.0,0.0,0.0,0.0,0.0,0.0,0.0
2002-06-27,0.0,0.0,0.0,0.0,0.0,0.0,0.0,0.0,0.0,0.0,0.0
2002-06-28,0.0,0.0,0.0,0.0,0.0,0.0,0.0,0.0,0.0,0.0,0.0
2002-06-29,0.0,0.0,0.0,0.0,0.0,0.0,0.0,0.0,0.0,0.0,0.0
2002-06-30,0.0,0.0,0.0,0.0,0.0,0.0,0.0,0.0,0.0,0.0,0.0
2002-07-01,0.0,0.0,0.0,0.0,0.0,0.0,0.0,0.0,0.0,0.0,0.0
2002-07-02,0.0,0.0,0.0,0.0,0.0,0.0,0.0,0.0,0.0,0.0,0.0
2002-07-03,0.0,0.0,0.0,0.0,0.0,0.0,0.0,0.0,0.0,0.0,0.0
2002-07-04,0.0,0.0,0.0,0.0,0.0,0.0,0.0,0.0,0.0,0.0,0.0
2002-07-05,0.0,0.0,0.0,0.0,0.0,0.0,0.0,0.0,0.0,0.0,0.0
2002-07-06,0.0,0.0,0.0,0.0,0.0,0.0,0.0,0.0,0.0,0.0,0.0
2002-07-07,0.0,0.0,0.0,0.0,0.0,0.0,0.0,0.0,0.0,0.0,0.0
2002-07-08,0.0,0.0,0.0,0.0,0.0,0.0,0.0,0.0,0.0,0.0,0.0
2002-07-09,0.0,0.0,0.0,0.0,0.0,0.0,0.0,0.0,0.0,0.0,0.0
2002-07-10,0.0,0.0,0.0,0.0,0.0,0.0,0.0,0.0,0.0,0.0,0.0
2002-07-11,0.0,0.0,0.0,0.0,0.0,0.0,0.0,0.0,0.0,0.0,0.0
2002-07-12,0.0,0.0,0.0,0.0,0.0,0.0,0.0,0.0,0.0,0.0,0.0
2002-07-13,0.0,0.0,0.0,0.0,0.0,0.0,0.0,0.0,0.0,0.0,0.0
2002-07-14,0.0,0.0,0.0,0.0,0.0,0.0,0.0,0.0,0.0,0.0,0.0
2002-07-15,0.0,0.0,0.0,0.0,0.0,0.0,0.0,0.0,0.0,0.0,0.0
2002-07-16,0.0,0.0,0.0,0.0,0.0,0.0,0.0,0.0,0.0,0.0,0.0
2002-07-17,0.0,0.0,0.0,0.0,0.0,0.0,0.0,0.0,0.0,0.0,0.0
2002-07-18,0.0,0.0,0.0,0.0,0.0,0.0,0.0,0.0,0.0,0.0,0.0
2002-07-19,0.0,0.0,0.0,0.0,0.0,0.0,0.0,0.0,0.0,0.0,0.0
2002-07-20,0.0,0.0,0.0,0.0,0.0,0.0,0.0,0.0,0.0,0.0,0.0
2002-07-21,0.0,0.0,0.0,0.0,0.0,0.0,0.0,0.0,0.0,0.0,0.0
2002-07-22,0.0,0.0,0.0,0.0,0.0,0.0,0.0,0.0,0.0,0.0,0.0
2002-07-23,0.0,0.0,0.0,0.0,0.0,0.0,0.0,0.0,0.0,0.0,0.0
2002-07-24,0.0,0.0,0.0,0.0,0.0,0.0,0.0,0.0,0.0,0.0,0.0
2002-07-25,0.0,0.0,0.0,0.0,0.0,0.0,0.0,0.0,0.0,0.0,0.0
2002-07-26,0.0,0.0,0.0,0.0,0.0,0.0,0.0,0.0,0.0,0.0,0.0
2002-07-27,0.0,0.0,0.0,0.0,0.0,0.0,0.0,0.0,0.0,0.0,0.0
2002-07-28,0.0,0.0,0.0,0.0,0.0,0.0,0.0,0.0,0.0,0.0,0.0
2002-07-29,0.0,0.0,0.0,0.0,0.0,0.0,0.0,0.0,0.0,0.0,0.0
2002-07-30,0.0,0.0,0.0,0.0,0.0,0.0,0.0,0.0,0.0,0.0,0.0
2002-07-31,0.0,0.0,0.0,0.0,0.0,0.0,0.0,0.0,0.0,0.0,0.0
2002-08-01,0.0,0.0,0.0,0.0,0.0,0.0,0.0,0.0,0.0,0.0,0.0
2002-08-02,0.0,0.0,0.0,0.0,0.0,0.0,0.0,0.0,0.0,0.0,0.0
2002-08-03,0.0,0.0,0.0,0.0,0.0,0.0,0.0,0.0,0.0,0.0,0.0
2002-08-04,0.0,0.0,0.0,0.0,0.0,0.0,0.0,0.0,0.0,0.0,0.0
2002-08-05,0.0,0.0,0.0,0.0,0.0,0.0,0.0,0.0,0.0,0.0,0.0
2002-08-06,0.0,0.0,0.0,0.0,0.0,0.0,0.0,0.0,0.0,0.0,0.0
2002-08-07,0.0,0.0,0.0,0.0,0.0,0.0,0.0,0.0,0.0,0.0,0.0
2002-08-08,0.0,0.0,0.0,0.0,0.0,0.0,0.0,0.0,0.0,0.0,0.0
2002-08-09,0.0,0.0,0.0,0.0,0.0,0.0,0.0,0.0,0.0,0.0,0.0
2002-08-10,0.0,0.0,0.0,0.0,0.0,0.0,0.0,0.0,0.0,0.0,0.0
2002-08-11,0.0,0.0,0.0,0.0,0.0,0.0,0.0,0.0,0.0,0.0,0.0
2002-08-12,0.0,0.0,0.0,0.0,0.0,0.0,0.0,0.0,0.0,0.0,0.0
2002-08-13,0.0,0.0,0.0,0.0,0.0,0.0,0.0,0.0,0.0,0.0,0.0
2002-08-14,0.0,0.0,0.0,0.0,0.0,0.0,0.0,0.0,0.0,0.0,0.0
2002-08-15,0.0,0.0,0.0,0.0,0.0,0.0,0.0,0.0,0.0,0.0,0.0
2002-08-16,0.0,0.0,0.0,0.0,0.0,0.0,0.0,0.0,0.0,0.0,0.0
2002-08-17,0.0,0.0,0.0,0.0,0.0,0.0,0.0,0.0,0.0,0.0,0.0
2002-08-18,0.0,0.0,0.0,0.0,0.0,0.0,0.0,0.0,0.0,0.0,0.0
2002-08-19,0.0,0.0,0.0,0.0,0.0,0.0,0.0,0.0,0.0,0.0,0.0
2002-08-20,0.0,0.0,0.0,0.0,0.0,0.0,0.0,0.0,0.0,0.0,0.0
2002-08-21,0.0,0.0,0.0,0.0,0.0,0.0,0.0,0.0,0.0,0.0,0.0
2002-08-22,0.0,0.0,0.0,0.0,0.0,0.0,0.0,0.0,0.0,0.0,0.0
2002-08-23,0.0,0.0,0.0,0.0,0.0,0.0,0.0,0.0,0.0,0.0,0.0
2002-08-24,0.0,0.0,0.0,0.0,0.0,0.0,0.0,0.0,0.0,0.0,0.0
2002-08-25,0.0,0.0,0.0,0.0,0.0,0.0,0.0,0.0,0.0,0.0,0.0
2002-08-26,0.0,0.0,0.0,0.0,0.0,0.0,0.0,0.0,0.0,0.0,0.0
2002-08-27,0.0,0.0,0.0,0.0,0.0,0.0,0.0,0.0,0.0,0.0,0.0
2002-08-28,0.0,0.0,0.0,0.0,0.0,0.0,0.0,0.0,0.0,0.0,0.0
2002-08-29,0.0,0.0,0.0,0.0,0.0,0.0,0.0,0.0,0.0,0.0,0.0
2002-08-30,0.0,0.0,0.0,0.0,0.0,0.0,0.0,0.0,0.0,0.0,0.0
2002-08-31,0.0,0.0,0.0,0.0,0.0,0.0,0.0,0.0,0.0,0.0,0.0
2002-09-01,0.0,0.0,0.0,0.0,0.0,0.0,0.0,0.0,0.0,0.0,0.0
2002-09-02,0.0,0.0,0.0,0.0,0.0,0.0,0.0,0.0,0.0,0.0,0.0
2002-09-03,0.0,0.0,0.0,0.0,0.0,0.0,0.0,0.0,0.0,0.0,0.0
2002-09-04,0.0,0.0,0.0,0.0,0.0,0.0,0.0,0.0,0.0,0.0,0.0
2002-09-05,0.0,0.0,0.0,0.0,0.0,0.0,0.0,0.0,0.0,0.0,0.0
2002-09-06,0.0,0.0,0.0,0.0,0.0,0.0,0.0,0.0,0.0,0.0,0.0
2002-09-07,0.0,0.0,0.0,0.0,3.2962964,2.2727273,0.0,0.0,0.0,0.0,0.0
2002-09-08,0.0,0.0,0.0,0.0,1.7777778,1.0909091,0.0,0.0,0.0,0.0,0.0
2002-09-09,0.0,0.0,0.0,0.0,0.25925925,0.1590909,0.0,0.0,0.0,0.0,0.0
2002-09-10,0.0,0.0,0.0,0.0,0.0,0.0,0.0,0.0,0.0,0.0,0.0
2002-09-11,0.0,0.0,0.0,0.0,0.0,0.0,0.0,0.0,0.0,0.0,0.0
2002-09-12,0.0,0.0,0.0,0.0,0.0,0.0,0.0,0.0,0.0,0.0,0.0
2002-09-13,0.0,0.0,0.0,0.0,0.0,0.0,0.0,0.0,0.0,0.0,0.0
2002-09-14,0.0,0.0,0.0,0.0,0.0,0.0,0.0,0.0,0.0,0.0,0.0
2002-09-15,0.0,0.0,0.0,0.0,0.0,0.0,0.0,0.0,0.0,0.0,0.0
2002-09-16,0.0,0.0,0.0,0.0,0.0,0.0,0.0,0.0,0.0,0.0,0.0
2002-09-17,0.0,0.0,0.0,0.0,0.0,0.0,0.0,0.0,0.0,0.0,0.0
2002-09-18,0.0,0.0,0.0,0.0,0.0,0.0,0.0,0.0,0.0,0.0,0.0
2002-09-19,0.0,0.0,0.0,0.0,0.0,0.0,0.0,0.0,0.0,0.0,0.0
2002-09-20,0.0,0.0,0.0,0.0,0.0,0.0,0.0,0.0,0.0,0.0,0.0
2002-09-21,0.0,0.0,0.0,0.0,0.0,0.0,0.0,0.0,0.0,0.0,0.0
2002-09-22,0.0,0.0,0.0,0.0,0.0,0.0,0.0,0.0,0.0,0.0,0.0
2002-09-23,0.0,0.0,0.0,0.0,0.0,0.0,0.0,0.0,0.0,0.0,0.0
2002-09-24,0.0,0.0,0.0,0.0,0.0,0.0,0.0,0.0,0.0,0.0,0.0
2002-09-25,0.0,0.0,0.0,0.0,0.0,0.0,0.0,0.0,0.0,0.0,0.0
2002-09-26,0.0,0.0,0.0,0.0,0.0,0.0,0.0,0.0,0.0,0.0,0.0
2002-09-27,0.0,0.0,0.0,0.0,0.0,0.0,0.0,0.0,0.0,0.0,0.0
2002-09-28,0.0,0.0,0.0,0.0,0.0,0.0,0.0,0.0,0.0,0.0,0.0
2002-09-29,1.8333334,0.0,0.0,0.0,2.5185184,1.9545455,0.0,0.0,0.0,0.0,0.0
2002-09-30,0.8333333,0.0,0.0,0.0,1.4444444,0.95454544,0.0,0.0,0.0,0.0,0.0
2002-10-01,0.0,0.0,0.0,0.0,0.6296296,0.38636363,0.0,0.0,0.0,0.0,0.0
2002-10-02,8.333333,0.0,0.0,0.0,3.5185184,2.5454545,0.0,0.0,0.0,0.2,0.0
2002-10-03,5.8333335,0.0,0.0,0.0,4.4444447,3.2045455,0.0,0.0,0.0,0.4,0.0
2002-10-04,4.0,0.0,0.0,0.0,3.4814816,2.159091,0.0,0.0,0.0,0.0,0.0
2002-10-05,3.1666667,0.0,0.0,0.0,1.5925926,0.97727275,0.0,0.0,0.0,0.0,0.0
2002-10-06,0.5,0.0,0.0,0.0,0.4074074,0.25,0.0,0.0,0.0,0.0,0.0
2002-10-07,0.0,0.0,0.0,0.0,0.0,0.0,0.0,0.0,0.0,0.0,0.0
2002-10-08,0.0,0.0,0.0,0.0,0.0,0.0,0.0,0.0,0.0,0.0,0.0
2002-10-09,0.0,0.0,0.0,0.0,0.0,0.0,0.0,0.0,0.0,0.0,0.0
2002-10-10,0.0,0.0,0.0,0.0,0.0,0.0,0.0,0.0,0.0,0.0,0.0
2002-10-11,0.0,0.0,0.0,0.0,0.0,0.0,0.0,0.0,0.0,0.0,0.0
2002-10-12,0.0,0.0,0.0,0.0,0.0,0.0,0.0,0.0,0.0,0.0,0.0
2002-10-13,0.0,0.0,0.0,0.0,0.0,0.0,0.0,0.0,0.0,0.0,0.0
2002-10-14,0.0,0.0,0.0,0.0,0.0,0.0,0.0,0.0,0.0,0.0,0.0
2002-10-15,0.0,0.0,0.0,0.0,0.0,0.0,0.0,0.0,0.0,0.0,0.0
2002-10-16,0.0,0.0,0.0,0.0,0.0,0.0,0.0,0.0,0.0,0.0,0.0
2002-10-17,0.0,0.0,0.0,0.0,0.0,0.0,0.0,0.0,0.0,0.0,0.0
2002-10-18,0.0,0.0,0.0,0.0,0.0,0.0,0.0,0.0,0.0,0.0,0.0
2002-10-19,0.0,0.0,0.0,0.0,0.0,0.0,0.0,0.0,0.0,0.0,0.0
2002-10-20,0.0,0.0,0.0,0.0,0.0,0.0,0.0,0.0,0.0,0.0,0.0
2002-10-21,0.0,0.0,0.0,0.0,0.0,0.0,0.0,0.0,0.0,0.0,0.0
2002-10-22,0.0,0.0,0.0,0.0,0.0,0.0,0.0,0.0,0.0,0.0,0.0
2002-10-23,0.0,0.0,0.0,0.0,0.0,0.0,0.0,0.0,0.0,0.0,0.0
2002-10-24,0.0,0.0,0.0,0.0,0.0,0.0,0.0,0.0,0.0,0.0,0.0
2002-10-25,0.0,0.0,0.0,0.0,0.0,0.0,0.0,0.0,0.0,0.0,0.0
2002-10-26,0.0,0.0,0.0,0.0,0.0,0.0,0.0,0.0,0.0,0.0,0.0
2002-10-27,0.0,0.0,0.0,0.0,0.0,0.0,0.0,0.0,0.0,0.0,0.0
2002-10-28,0.0,0.0,0.0,0.0,0.0,0.0,0.0,0.0,0.0,0.0,0.0
2002-10-29,0.0,0.0,0.0,0.0,0.0,0.0,0.0,0.0,0.0,0.0,0.0
2002-10-30,0.0,0.0,0.0,0.0,0.0,0.0,0.0,0.0,0.0,0.0,0.0
2002-10-31,0.0,0.0,0.0,0.0,0.0,0.0,0.0,0.0,0.0,0.0,0.0
2002-11-01,0.0,0.0,0.0,0.0,0.0,0.0,0.0,0.0,0.0,0.0,0.0
2002-11-02,0.0,0.0,0.0,0.0,0.0,0.0,0.0,0.0,0.0,0.0,0.0
2002-11-03,0.0,0.0,0.0,0.0,0.0,0.0,0.0,0.0,0.0,0.0,0.0
2002-11-04,0.0,0.0,0.0,0.0,0.0,0.0,0.0,0.0,0.0,0.0,0.0
2002-11-05,0.0,0.0,0.0,0.0,0.25925925,0.1590909,0.0,0.0,0.0,0.0,0.0
2002-11-06,0.0,0.0,0.0,0.0,0.4074074,0.25,0.0,0.0,0.0,0.0,0.0
2002-11-07,0.5,0.0,0.0,0.0,2.2222223,1.3636364,0.0,0.0,0.0,0.0,0.0
2002-11-08,72.333336,11.836364,11.333333,8.5,76.888885,76.09091,0.6111111,37.5,50.0,22.0,11.5
2002-11-09,137.66667,35.909092,9.333333,7.0,116.59259,116.11364,0.8888889,103.0,123.0,59.8,44.0
2002-11-10,139.5,40.872726,25.333334,19.0,118.92593,120.52273,4.2777777,124.5,143.0,70.6,56.5
2002-11-11,139.83333,39.618183,14.333333,10.75,120.37037,123.25,5.4444447,168.0,178.0,85.6,77.5
2002-11-12,178.0,38.272728,21.0,15.75,119.22222,121.40909,4.4444447,168.0,183.0,85.8,75.5
2002-11-13,176.83333,36.81818,17.333334,13.0,117.25926,121.09091,3.6111112,166.5,181.0,87.0,73.0
2002-11-14,138.33333,35.890907,14.333333,10.75,118.55556,120.61364,3.1111112,169.5,180.0,84.6,70.5
2002-11-15,138.33333,35.4,11.333333,8.5,118.22222,118.954544,2.4444444,170.0,179.0,83.8,69.5
2002-11-16,138.5,34.963634,7.3333335,5.5,119.333336,118.61364,1.8333334,167.0,178.0,79.2,67.5
2002-11-17,137.66667,33.618183,3.6666667,2.75,125.888885,121.61364,1.6111112,164.5,177.0,76.6,64.5
2002-11-18,137.83333,32.963634,1.3333334,1.0,128.96297,122.77273,1.5,160.0,174.0,75.6,63.0
2002-11-19,137.33333,32.127274,0.0,0.0,132.59259,123.36364,1.1666666,155.5,173.0,74.2,61.0
2002-11-20,136.33333,30.0,0.0,0.0,138.62962,124.47727,0.33333334,148.5,170.0,70.6,58.0
2002-11-21,135.0,26.836363,0.0,0.0,138.74074,121.204544,0.0,147.0,167.0,68.2,54.5
2002-11-22,133.83333,23.290909,0.0,0.0,135.18518,117.27273,0.0,141.0,164.0,62.8,50.0
2002-11-23,133.0,21.054546,0.0,0.0,132.81482,115.295456,0.0,135.5,162.0,59.4,46.0
2002-11-24,132.83333,20.6,0.0,0.0,131.92592,114.5,0.0,132.0,160.0,58.4,42.5
2002-11-25,132.16667,19.836363,0.0,0.0,131.37038,113.704544,0.0,131.0,160.0,56.8,41.5
2002-11-26,132.0,19.727272,0.0,0.0,130.40741,113.02273,0.0,132.5,160.0,56.0,41.5
2002-11-27,132.0,19.545454,0.0,0.0,129.81482,112.11364,0.0,130.5,159.0,56.0,40.5
2002-11-28,132.33333,19.018183,0.0,0.0,128.44444,110.86364,0.0,129.5,159.0,55.2,39.5
2002-11-29,132.33333,18.236364,0.0,0.0,127.0,109.568184,0.0,127.5,158.0,54.6,38.0
2002-11-30,132.0,18.327272,0.0,0.0,126.55556,108.97727,0.0,126.0,157.0,54.4,36.5
2002-12-01,131.16667,18.672728,0.33333334,0.25,125.14815,108.02273,0.0,125.0,157.0,54.2,36.5
2002-12-02,141.66667,21.072727,0.33333334,0.25,125.0,107.931816,0.0,125.0,157.0,54.2,36.5
2002-12-03,165.0,21.127274,0.6666667,0.5,129.88889,110.931816,0.0,125.0,156.0,51.8,35.5
2002-12-04,133.16667,20.0,0.33333334,0.25,130.77777,111.36364,0.0,123.5,155.0,51.6,35.0
2002-12-05,132.83333,19.345455,0.0,0.0,130.48148,110.97727,0.0,121.5,153.0,50.8,32.0
2002-12-06,132.83333,18.563637,0.0,0.0,129.2963,110.15909,0.0,118.5,151.0,50.2,30.0
2002-12-07,132.83333,18.418182,0.0,0.0,129.11111,110.02273,0.0,117.5,151.0,50.2,29.5
2002-12-08,132.83333,18.290909,0.0,0.0,128.77777,109.75,0.0,116.5,150.0,50.2,29.0
2002-12-09,132.83333,17.745455,0.0,0.0,128.55556,109.52273,0.0,115.0,149.0,49.6,28.0
2002-12-10,133.16667,17.636364,0.0,0.0,128.33333,109.65909,0.3888889,118.5,153.0,49.6,29.0
2002-12-11,132.83333,17.50909,0.0,0.0,123.85185,106.318184,0.44444445,111.5,156.0,49.8,31.0
2002-12-12,133.0,17.2,0.0,0.0,128.51852,109.75,0.3888889,120.5,159.0,49.8,31.5
2002-12-13,133.0,16.981817,0.0,0.0,133.48148,113.63636,1.7222222,123.0,160.0,51.8,33.0
2002-12-14,135.83333,16.818182,0.0,0.0,194.0,169.20454,4.8333335,151.5,187.0,66.2,55.5
2002-12-15,191.66667,17.363636,0.0,0.0,233.92592,210.65909,13.111111,187.5,220.0,96.0,83.0
2002-12-16,225.33333,18.6,1.6666666,1.25,277.7037,251.59091,51.38889,211.0,246.0,112.6,107.0
2002-12-17,267.16666,53.163635,26.0,30.75,348.96295,328.1591,64.388885,289.0,333.0,171.0,156.5
2002-12-18,277.5,58.618183,34.0,38.5,374.14816,355.52274,69.55556,314.5,350.0,199.0,178.0
2002-12-19,277.66666,61.50909,54.666668,60.25,377.2963,358.0,74.22222,316.0,355.0,201.8,179.5
2002-12-20,300.83334,75.70909,78.0,80.75,407.8889,392.04544,115.44444,332.0,378.0,226.2,194.0
2002-12-21,302.66666,83.34545,102.333336,104.25,416.55554,402.0909,140.38889,349.0,394.0,231.2,203.5
2002-12-22,302.66666,83.29091,105.666664,108.0,417.33334,403.11365,147.0,359.5,403.0,236.2,215.5
2002-12-23,302.66666,84.0,106.666664,108.75,417.25925,402.93182,149.55556,360.5,405.0,237.0,215.5
2002-12-24,302.83334,84.07273,109.0,111.25,416.8889,402.81818,147.0,361.0,405.0,237.0,216.0
2002-12-25,278.83334,84.145454,108.666664,111.0,417.03705,403.04544,152.22223,362.0,405.0,237.4,216.5
2002-12-26,289.5,85.527275,110.0,112.0,416.81482,403.3409,153.66667,364.0,407.0,238.6,218.0
2002-12-27,277.66666,85.70909,108.333336,110.75,419.03705,408.04544,174.61111,371.0,418.0,242.6,220.0
2002-12-28,278.0,85.10909,103.333336,106.0,420.33334,410.93182,202.83333,379.0,419.0,244.6,223.0
2002-12-29,329.0,91.03636,105.333336,108.0,472.7037,466.54544,196.66667,399.5,448.0,267.8,244.5
2002-12-30,326.0,91.87273,117.0,119.75,478.5926,471.61365,221.83333,421.5,473.0,274.8,255.5
2002-12-31,344.5,93.38182,117.666664,120.5,505.7037,501.38635,273.94446,443.0,496.0,288.0,267.5
2003-01-01,333.5,99.34545,125.333336,126.75,520.0,512.13635,248.5,478.5,530.0,301.0,291.0
2003-01-02,347.16666,99.05454,123.666664,125.25,518.6667,510.4091,250.22223,490.5,543.0,305.0,293.0
2003-01-03,340.33334,96.01818,114.666664,116.0,524.8148,516.1818,264.72223,490.5,542.0,303.8,290.5
2003-01-04,342.83334,92.63636,99.666664,100.5,525.7407,516.8409,243.94444,489.5,541.0,302.4,288.0
2003-01-05,341.5,87.09091,87.666664,88.25,527.4815,518.6818,237.05556,489.5,540.0,300.8,285.5
2003-01-06,341.0,81.29091,76.0,76.25,528.7407,520.5,231.88889,491.0,539.0,299.6,284.0
2003-01-07,342.0,79.38182,71.0,70.0,527.6667,518.2727,228.27777,491.5,537.0,300.8,283.5
2003-01-08,342.33334,75.472725,66.666664,63.5,526.44446,515.2727,221.94444,492.0,536.0,301.0,283.5
2003-01-09,342.66666,76.25455,65.666664,61.25,525.5185,512.5,220.33333,494.0,536.0,299.0,283.5
2003-01-10,361.16666,75.76363,65.333336,60.25,540.85187,526.2273,217.33333,502.5,543.0,300.4,287.5
2003-01-11,378.0,77.38182,67.0,63.5,553.0741,536.7045,241.27777,516.0,556.0,304.4,299.0
2003-01-12,370.16666,76.58182,66.0,61.0,552.0,534.2727,242.22223,522.5,560.0,305.8,302.0
2003-01-13,369.5,73.2,63.666668,57.0,554.8148,537.4318,219.44444,525.0,560.0,305.4,300.0
2003-01-14,365.16666,69.69091,60.333332,50.75,555.14813,537.36365,205.83333,525.0,558.0,303.4,299.5
2003-01-15,366.66666,69.23637,58.666668,47.75,555.1852,537.4091,204.5,527.0,559.0,303.6,299.0
2003-01-16,361.0,67.29091,56.0,43.25,555.5926,537.3409,203.66667,528.5,558.0,303.4,300.5
2003-01-17,355.66666,63.581818,48.0,36.0,545.62964,518.9091,194.33333,532.5,557.0,302.4,300.5
2003-01-18,359.0,59.49091,40.333332,30.25,544.85187,515.1591,188.05556,535.0,553.0,301.8,299.5
2003-01-19,342.66666,57.01818,35.0,26.25,544.44446,512.3409,182.5,538.5,551.0,301.0,295.0
2003-01-20,347.0,54.78182,31.0,23.25,543.6667,509.9091,177.55556,538.0,546.0,298.6,292.5
2003-01-21,339.33334,53.6,27.333334,20.5,553.9259,526.9091,174.11111,539.5,541.0,294.6,289.5
2003-01-22,341.33334,53.036366,24.666666,18.5,543.2963,507.79544,170.27777,548.5,546.0,295.8,295.0
2003-01-23,343.33334,51.381817,20.666666,15.5,553.8148,525.2045,165.5,567.5,557.0,294.8,292.0
2003-01-24,336.66666,50.745453,17.666666,13.25,553.8148,523.7727,162.55556,593.5,585.0,298.2,296.0
2003-01-25,323.16666,49.69091,15.333333,11.5,553.37036,522.36365,160.94444,595.0,585.0,295.8,294.0
2003-01-26,324.66666,48.236362,11.666667,8.75,552.62964,519.4091,155.72223,592.5,582.0,288.8,291.5
2003-01-27,319.33334,45.963634,5.3333335,4.0,541.85187,498.1591,150.88889,591.0,583.0,284.4,285.0
2003-01-28,304.0,44.745453,3.0,2.25,542.2222,497.5909,146.11111,598.0,596.0,282.8,284.0
2003-01-29,305.16666,44.2,1.0,0.75,541.7778,495.95456,144.11111,591.0,595.0,280.4,282.0
2003-01-30,306.5,43.036366,0.0,0.0,540.96295,493.0909,140.61111,585.5,593.0,276.0,276.0
2003-01-31,299.83334,40.78182,0.0,0.0,539.7037,489.20456,136.66667,580.0,589.0,271.4,272.5
2003-02-01,284.66666,35.890907,0.0,0.0,534.1852,481.72726,128.27777,575.0,589.0,267.0,268.0
2003-02-02,284.66666,35.854546,0.0,0.0,534.85187,482.70456,131.77777,583.5,597.0,270.6,277.5
2003-02-03,284.66666,35.854546,0.33333334,1.0,534.4815,482.3409,129.88889,578.0,597.0,273.4,279.0
2003-02-04,280.66666,35.8,0.0,0.0,534.03705,481.4091,129.83333,579.0,596.0,276.0,279.0
2003-02-05,280.16666,35.8,0.0,0.0,533.7407,481.25,129.11111,572.5,597.0,275.6,279.0
2003-02-06,280.16666,35.8,0.0,0.0,533.2222,480.75,129.22223,581.0,598.0,270.8,277.0
2003-02-07,280.33334,36.2,0.0,0.0,532.9259,480.3409,129.27777,581.5,597.0,270.8,277.0
2003-02-08,280.16666,36.2,0.0,0.0,532.55554,480.04544,153.83333,582.0,598.0,270.8,277.0
2003-02-09,280.16666,37.01818,0.0,0.0,532.3333,479.6591,129.38889,582.0,598.0,270.8,277.5
2003-02-10,280.16666,36.78182,0.0,0.0,532.3333,479.63635,127.833336,577.0,598.0,270.8,277.5
2003-02-11,280.33334,36.70909,0.0,0.0,531.96295,477.75,121.77778,575.0,597.0,270.0,275.5
2003-02-12,281.0,40.98182,0.0,0.0,532.0741,476.47726,119.55556,573.5,596.0,269.8,274.5
2003-02-13,331.33334,61.145454,11.333333,8.5,549.2222,489.0909,117.22222,572.5,597.0,273.0,275.5
2003-02-14,306.66666,63.272728,15.0,11.25,562.4815,502.20456,114.72222,576.0,599.0,277.6,275.0
2003-02-15,302.33334,63.01818,15.666667,11.75,561.85187,499.81818,112.611115,573.0,597.0,278.0,273.0
2003-02-16,370.83334,61.872726,15.0,11.25,573.0,511.56818,136.33333,594.0,601.0,279.4,277.5
2003-02-17,342.83334,62.454544,18.333334,13.75,577.9259,516.0227,125.5,620.0,630.0,296.2,291.0
2003-02-18,316.0,64.58182,20.0,15.0,578.2222,516.25,126.666664,621.0,633.0,300.8,291.5
2003-02-19,310.16666,64.92727,21.333334,16.0,578.8889,516.61365,140.88889,618.0,633.0,306.2,291.5
2003-02-20,327.16666,66.72727,23.0,19.0,584.8889,522.9318,144.94444,616.0,635.0,306.0,294.5
2003-02-21,313.5,68.87273,24.333334,19.5,583.96295,521.4773,142.27777,616.5,639.0,307.8,294.0
2003-02-22,394.66666,66.07273,22.0,16.5,583.5926,519.7045,139.83333,616.0,638.0,305.2,294.5
2003-02-23,312.5,62.763638,20.0,15.0,584.62964,519.11365,137.11111,617.5,637.0,312.0,291.0
2003-02-24,311.83334,61.327274,18.0,13.5,584.3333,517.7273,133.61111,619.5,639.0,311.8,291.0
2003-02-25,337.0,63.2,18.666666,14.0,590.0741,524.1818,133.22223,624.0,640.0,315.0,291.0
2003-02-26,319.83334,68.09091,22.666666,19.0,594.7407,529.5909,132.83333,620.5,640.0,325.8,291.5
2003-02-27,324.83334,77.12727,28.666666,24.75,582.37036,507.5909,118.94444,636.0,645.0,328.6,298.0
2003-02-28,344.66666,82.69091,46.666668,41.25,602.4074,538.2955,117.94444,633.0,647.0,326.2,298.0
2003-03-01,328.0,84.527275,54.0,48.0,606.4074,539.7727,118.166664,637.0,652.0,332.2,300.5
2003-03-02,326.16666,84.527275,54.0,48.0,606.44446,540.5227,132.61111,635.0,655.0,331.8,298.5
2003-03-03,406.16666,85.07273,56.0,50.25,606.0,540.2045,139.33333,632.5,655.0,338.6,298.5
2003-03-04,410.66666,85.01818,54.0,48.75,609.5926,542.9545,137.16667,634.0,655.0,339.8,298.5
2003-03-05,408.33334,85.43636,56.666668,51.5,610.4815,544.2045,127.22222,630.0,655.0,336.8,298.0
2003-03-06,407.66666,84.29091,55.333332,51.5,610.2963,543.9545,124.22222,624.0,653.0,328.0,295.0
2003-03-07,408.0,79.509094,46.666668,43.75,609.3333,542.0682,121.833336,623.5,653.0,332.4,287.5
2003-03-08,407.33334,74.74545,41.0,36.25,609.1852,540.36365,143.77777,619.0,649.0,320.8,284.0
2003-03-09,405.66666,68.509094,33.666668,26.25,608.8148,537.0909,124.333336,611.0,638.0,306.4,278.5
2003-03-10,404.5,62.418182,27.666666,20.75,607.44446,532.9545,119.5,606.0,629.0,302.6,274.0
2003-03-11,402.33334,57.963634,23.666666,17.75,605.9259,528.86365,113.22222,599.5,620.0,294.6,272.5
2003-03-12,399.66666,54.090908,20.333334,15.25,603.8889,524.5682,110.388885,591.0,609.0,285.2,266.5
2003-03-13,397.0,49.2,15.0,11.25,601.14813,520.0682,133.44444,573.0,598.0,277.0,259.0
2003-03-14,394.16666,44.436363,11.0,8.25,597.9259,514.75,99.55556,557.0,587.0,268.4,255.0
2003-03-15,366.5,41.98182,8.0,6.0,645.2593,554.0909,125.05556,560.0,586.0,263.8,266.0
2003-03-16,355.33334,66.36364,29.0,30.25,669.4815,580.9318,129.0,593.0,608.0,282.2,293.5
2003-03-17,347.66666,71.58182,37.0,40.5,675.55554,587.36365,157.61111,598.0,612.0,287.6,295.0
2003-03-18,371.0,74.454544,65.0,67.75,676.5185,588.2727,128.66667,601.5,617.0,291.0,295.5
2003-03-19,360.0,74.58182,68.333336,71.25,676.62964,588.6591,127.388885,604.0,624.0,297.0,297.5
2003-03-20,367.33334,71.92727,60.0,62.75,678.5185,589.7955,126.611115,600.5,621.0,299.2,297.0
2003-03-21,351.16666,69.76363,57.0,59.75,678.3333,588.88635,124.333336,601.5,629.0,297.0,298.0
2003-03-22,350.33334,65.12727,58.0,57.75,676.6667,584.3409,118.22222,598.5,626.0,291.4,291.0
2003-03-23,347.5,56.945454,63.0,56.75,673.7407,578.2045,114.111115,594.0,623.0,283.4,285.5
2003-03-24,425.66666,53.872726,60.666668,51.0,677.1111,582.2955,111.72222,588.5,606.0,288.2,282.5
2003-03-25,423.16666,50.836365,60.333332,47.5,675.55554,579.9318,107.833336,591.5,588.0,283.8,275.5
2003-03-26,420.66666,46.29091,48.666668,36.5,672.14813,574.2045,101.22222,584.0,579.0,270.8,265.5
2003-03-27,343.16666,42.945454,40.666668,30.5,672.96295,575.3409,100.111115,591.5,575.0,270.6,269.5
2003-03-28,343.66666,42.054546,37.333332,28.0,672.3333,573.9318,98.166664,588.5,568.0,271.4,268.5
2003-03-29,343.66666,41.381817,33.666668,25.25,671.6667,572.6591,94.111115,584.5,562.0,272.2,263.0
2003-03-30,342.16666,40.454544,30.333334,22.75,667.85187,567.2045,85.111115,577.5,554.0,261.0,251.5
2003-03-31,338.33334,37.145454,23.333334,17.5,660.1852,557.1591,76.44444,554.0,533.0,242.8,234.0
2003-04-01,333.33334,34.50909,16.333334,12.25,653.0741,548.5227,68.72222,531.5,515.0,223.6,217.0
2003-04-02,401.33334,34.945454,15.333333,11.5,680.0741,579.5,104.666664,539.5,520.0,226.4,220.5
2003-04-03,440.83334,38.945454,33.0,26.5,705.2222,605.5455,91.166664,559.0,544.0,239.8,239.0
2003-04-04,407.16666,39.454544,41.0,33.0,714.8889,616.36365,118.22222,573.5,556.0,249.8,242.5
2003-04-05,442.16666,33.909092,46.333332,37.5,721.0741,616.1591,96.888885,600.0,583.0,259.6,257.5
2003-04-06,408.66666,36.6,65.333336,60.5,727.44446,623.0455,99.833336,615.0,591.0,263.2,258.5
2003-04-07,410.16666,35.636364,64.0,59.5,727.5926,627.6818,92.94444,617.5,596.0,263.4,259.5
2003-04-08,384.83334,31.872726,56.0,50.25,727.3333,628.5227,89.22222,609.0,594.0,259.4,255.0
2003-04-09,425.0,26.709091,31.0,23.25,721.6667,620.88635,76.55556,597.5,587.0,252.4,246.5
2003-04-10,419.5,32.49091,18.666666,14.0,702.37036,591.9545,69.666664,585.0,574.0,237.0,235.0
2003-04-11,336.66666,30.89091,13.0,9.75,697.5185,585.9091,63.944443,575.5,568.0,223.0,224.0
2003-04-12,386.33334,29.527273,8.333333,6.25,692.0741,580.61365,63.055557,552.5,557.0,220.6,213.5
2003-04-13,398.5,29.327272,6.0,4.5,748.4815,638.4773,145.55556,617.5,608.0,242.4,242.0
2003-04-14,434.33334,34.272728,12.333333,9.75,806.96295,698.5909,136.0,676.5,662.0,289.0,282.0
2003-04-15,436.33334,40.81818,37.0,33.25,813.7407,697.25,117.111115,688.0,668.0,296.8,283.0
2003-04-16,438.33334,42.145454,37.0,32.5,812.5185,703.0455,124.0,689.5,670.0,290.4,283.0
2003-04-17,438.5,40.963634,31.333334,25.5,815.4815,706.7955,122.44444,697.0,673.0,298.2,287.0
2003-04-18,440.0,35.836365,35.333332,34.75,826.3333,718.0909,114.0,713.0,679.0,295.6,290.5
2003-04-19,440.16666,36.18182,37.0,36.0,828.37036,719.4545,103.0,722.0,681.0,293.4,289.5
2003-04-20,441.33334,35.6,41.333332,36.75,827.8148,719.0227,98.27778,731.5,682.0,292.8,289.5
2003-04-21,444.5,32.636364,43.0,32.25,826.44446,717.75,89.833336,729.5,684.0,289.2,284.0
2003-04-22,454.5,35.763638,51.666668,43.25,845.7407,738.4318,89.666664,713.0,689.0,293.2,283.0
2003-04-23,369.33334,37.50909,64.333336,55.25,857.9259,755.5682,83.833336,716.5,691.0,291.4,284.0
2003-04-24,368.83334,35.52727,59.666668,50.5,858.0741,755.2955,92.77778,732.5,686.0,285.8,280.0
2003-04-25,367.33334,32.618183,57.333332,43.5,863.44446,754.61365,113.05556,740.5,708.0,287.8,291.0
2003-04-26,366.5,30.690908,57.0,42.75,867.5926,760.5227,144.0,790.0,745.0,291.0,309.5
2003-04-27,428.83334,28.49091,54.0,40.5,866.2222,759.63635,132.33333,797.0,753.0,293.8,315.0
2003-04-28,442.83334,26.527273,48.666668,36.5,879.37036,772.1818,128.77777,822.0,751.0,293.4,317.0
2003-04-29,438.83334,26.236364,50.0,37.5,884.8889,778.0227,149.5,822.5,769.0,298.8,325.0
2003-04-30,438.83334,25.6,50.333332,37.75,886.14813,779.5909,149.05556,829.0,775.0,298.0,326.5
2003-05-01,435.5,25.181818,50.666668,38.0,887.14813,781.25,142.33333,833.5,777.0,298.8,327.0
2003-05-02,431.66666,24.018183,44.0,33.0,885.6667,779.38635,136.83333,828.0,770.0,297.0,318.5
2003-05-03,437.66666,32.50909,44.333332,33.25,894.2963,789.3182,136.11111,845.0,770.0,295.2,317.5
2003-05-04,457.66666,39.327274,64.0,48.0,912.55554,809.3182,141.16667,861.5,781.0,297.6,314.5
2003-05-05,387.5,40.52727,83.666664,64.75,918.37036,816.1591,139.88889,855.0,789.0,307.2,315.5
2003-05-06,453.16666,35.236362,83.333336,62.5,916.5926,814.7045,132.88889,851.0,782.0,297.4,309.0
2003-05-07,451.33334,32.363636,77.666664,58.25,916.7037,814.9318,129.44444,862.0,770.0,295.6,303.0
2003-05-08,459.0,32.636364,83.666664,62.75,922.0,825.0455,125.05556,855.5,764.0,319.0,298.0
2003-05-09,470.5,32.81818,104.666664,82.0,931.55554,830.5,164.83333,855.5,777.0,309.4,300.0
2003-05-10,397.66666,37.29091,110.333336,87.0,934.14813,835.25,125.833336,876.5,777.0,315.8,299.5
2003-05-11,396.66666,34.70909,100.333336,77.0,932.7407,834.25,119.166664,875.5,774.0,309.2,295.0
2003-05-12,459.16666,31.6,84.0,63.0,927.37036,827.7955,110.44444,852.0,761.0,318.0,288.5
2003-05-13,448.5,25.363636,55.666668,41.75,917.8889,812.9091,99.05556,790.0,730.0,308.0,274.5
2003-05-14,434.5,28.127274,42.333332,31.75,902.9259,792.6818,84.5,751.5,699.0,290.8,254.0
2003-05-15,431.83334,26.018183,35.333332,26.5,897.7037,784.4545,73.22222,715.0,668.0,273.6,230.5
2003-05-16,418.83334,23.145454,27.0,20.25,888.9259,769.2045,66.111115,686.5,641.0,260.0,217.0
2003-05-17,407.83334,19.072727,14.0,10.5,877.7037,752.11365,70.666664,659.0,618.0,245.4,198.0
2003-05-18,399.66666,16.745455,6.6666665,5.0,867.37036,739.1818,65.0,613.5,590.0,232.8,186.5
2003-05-19,392.16666,13.981818,0.0,0.0,856.1852,725.88635,59.27778,570.0,567.0,222.0,180.5
2003-05-20,382.33334,10.818182,0.0,0.0,838.44446,707.25,49.88889,552.0,553.0,212.0,172.0
2003-05-21,362.5,7.6,0.0,0.0,812.55554,680.1591,43.444443,521.0,532.0,194.0,157.5
2003-05-22,331.0,4.4,0.0,0.0,782.2963,648.5682,35.11111,464.5,508.0,166.2,129.0
2003-05-23,296.5,2.3090909,0.0,0.0,747.0741,613.0227,28.11111,419.5,474.0,135.2,95.0
2003-05-24,265.0,1.2181818,0.0,0.0,707.8148,573.7955,22.38889,369.0,435.0,103.4,58.5
2003-05-25,247.66667,0.58181816,0.0,0.0,678.44446,541.7045,18.444445,311.0,401.0,75.0,24.0
2003-05-26,233.33333,0.25454545,0.0,0.0,660.8148,525.5,16.11111,280.5,382.0,57.6,0.0
2003-05-27,210.33333,0.0,0.0,0.0,631.7037,500.81818,13.166667,250.0,357.0,34.0,0.0
2003-05-28,179.66667,0.0,0.0,0.0,570.2593,452.31818,7.5555553,199.0,315.0,8.6,0.0
2003-05-29,107.5,0.0,0.0,0.0,403.03705,321.4091,1.5555556,140.5,265.0,0.0,0.0
2003-05-30,83.833336,0.0,0.0,0.0,366.92593,291.4091,0.0,87.5,217.0,0.0,0.0
2003-05-31,71.833336,0.0,0.0,0.0,343.62964,272.45456,0.0,66.5,185.0,0.0,0.0
2003-06-01,59.166668,0.0,0.0,0.0,318.48148,251.90909,0.0,47.0,156.0,0.0,0.0
2003-06-02,44.0,0.0,0.0,0.0,313.0,243.27272,0.0,23.0,119.0,0.0,0.0
2003-06-03,25.166666,0.0,0.0,0.0,274.0,211.68182,0.0,0.0,73.0,0.0,0.0
2003-06-04,6.6666665,0.0,0.0,0.0,238.62962,181.43182,0.0,0.0,23.0,0.0,0.0
2003-06-05,0.0,0.0,0.0,0.0,204.03703,153.25,0.0,0.0,0.0,0.0,0.0
2003-06-06,0.0,0.0,0.0,0.0,173.74074,129.68182,0.0,0.0,0.0,0.0,0.0
2003-06-07,0.0,0.0,0.0,0.0,146.44444,108.47727,0.0,0.0,0.0,0.0,0.0
2003-06-08,0.0,0.0,0.0,0.0,117.74074,86.15909,0.0,0.0,0.0,0.0,0.0
2003-06-09,0.0,0.0,0.0,0.0,90.111115,65.0,0.0,0.0,0.0,0.0,0.0
2003-06-10,0.0,0.0,0.0,0.0,75.666664,53.727272,0.0,0.0,0.0,0.0,0.0
2003-06-11,0.0,0.0,0.0,0.0,65.296295,45.56818,0.0,0.0,0.0,0.0,0.0
2003-06-12,0.0,0.0,0.0,0.0,57.48148,39.75,0.0,0.0,0.0,0.0,0.0
2003-06-13,0.0,0.0,0.0,0.0,51.296295,35.090908,0.0,0.0,0.0,0.0,0.0
2003-06-14,0.0,0.0,0.0,0.0,45.88889,30.704546,0.0,0.0,0.0,0.0,0.0
2003-06-15,0.0,0.0,0.0,0.0,38.185184,24.272728,0.0,0.0,0.0,0.0,0.0
2003-06-16,0.0,0.0,0.0,0.0,32.814816,20.136364,0.0,0.0,0.0,0.0,0.0
2003-06-17,0.0,0.0,0.0,0.0,26.703703,16.386364,0.0,0.0,0.0,0.0,0.0
2003-06-18,0.0,0.0,0.0,0.0,21.222221,13.022727,0.0,0.0,0.0,0.0,0.0
2003-06-19,0.0,0.0,0.0,0.0,17.851852,10.954545,0.0,0.0,0.0,0.0,0.0
2003-06-20,0.0,0.0,0.0,0.0,16.0,9.818182,0.0,0.0,0.0,0.0,0.0
2003-06-21,0.0,0.0,0.0,0.0,14.740741,9.045455,0.0,0.0,0.0,0.0,0.0
2003-06-22,0.0,0.0,0.0,0.0,13.555555,8.318182,0.0,0.0,0.0,0.0,0.0
2003-06-23,0.0,0.0,0.0,0.0,12.185185,7.4772725,0.0,0.0,0.0,0.0,0.0
2003-06-24,0.0,0.0,0.0,0.0,11.259259,6.909091,0.0,0.0,0.0,0.0,0.0
2003-06-25,0.0,0.0,0.0,0.0,11.037037,6.7727275,0.0,0.0,0.0,0.0,0.0
2003-06-26,0.0,0.0,0.0,0.0,8.0,4.909091,0.0,0.0,0.0,0.0,0.0
2003-06-27,0.0,0.0,0.0,0.0,4.5925927,2.8181818,0.0,0.0,0.0,0.0,0.0
2003-06-28,0.0,0.0,0.0,0.0,2.5555556,1.5681819,0.0,0.0,0.0,0.0,0.0
2003-06-29,0.0,0.0,0.0,0.0,0.44444445,0.27272728,0.0,0.0,0.0,0.0,0.0
2003-06-30,0.0,0.0,0.0,0.0,0.0,0.0,0.0,0.0,0.0,0.0,0.0
2003-07-01,0.0,0.0,0.0,0.0,0.0,0.0,0.0,0.0,0.0,0.0,0.0
2003-07-02,0.0,0.0,0.0,0.0,0.0,0.0,0.0,0.0,0.0,0.0,0.0
2003-07-03,0.0,0.0,0.0,0.0,0.0,0.0,0.0,0.0,0.0,0.0,0.0
2003-07-04,0.0,0.0,0.0,0.0,0.0,0.0,0.0,0.0,0.0,0.0,0.0
2003-07-05,0.0,0.0,0.0,0.0,0.0,0.0,0.0,0.0,0.0,0.0,0.0
2003-07-06,0.0,0.0,0.0,0.0,0.0,0.0,0.0,0.0,0.0,0.0,0.0
2003-07-07,0.0,0.0,0.0,0.0,0.0,0.0,0.0,0.0,0.0,0.0,0.0
2003-07-08,0.0,0.0,0.0,0.0,0.0,0.0,0.0,0.0,0.0,0.0,0.0
2003-07-09,0.0,0.0,0.0,0.0,0.0,0.0,0.0,0.0,0.0,0.0,0.0
2003-07-10,0.0,0.0,0.0,0.0,0.0,0.0,0.0,0.0,0.0,0.0,0.0
2003-07-11,0.0,0.0,0.0,0.0,0.0,0.0,0.0,0.0,0.0,0.0,0.0
2003-07-12,0.0,0.0,0.0,0.0,0.0,0.0,0.0,0.0,0.0,0.0,0.0
2003-07-13,0.0,0.0,0.0,0.0,0.0,0.0,0.0,0.0,0.0,0.0,0.0
2003-07-14,0.0,0.0,0.0,0.0,0.0,0.0,0.0,0.0,0.0,0.0,0.0
2003-07-15,0.0,0.0,0.0,0.0,0.0,0.0,0.0,0.0,0.0,0.0,0.0
2003-07-16,0.0,0.0,0.0,0.0,0.0,0.0,0.0,0.0,0.0,0.0,0.0
2003-07-17,0.0,0.0,0.0,0.0,0.0,0.0,0.0,0.0,0.0,0.0,0.0
2003-07-18,0.0,0.0,0.0,0.0,0.0,0.0,0.0,0.0,0.0,0.0,0.0
2003-07-19,0.0,0.0,0.0,0.0,0.0,0.0,0.0,0.0,0.0,0.0,0.0
2003-07-20,0.0,0.0,0.0,0.0,0.0,0.0,0.0,0.0,0.0,0.0,0.0
2003-07-21,0.0,0.0,0.0,0.0,0.0,0.0,0.0,0.0,0.0,0.0,0.0
2003-07-22,0.0,0.0,0.0,0.0,0.0,0.0,0.0,0.0,0.0,0.0,0.0
2003-07-23,0.0,0.0,0.0,0.0,0.0,0.0,0.0,0.0,0.0,0.0,0.0
2003-07-24,0.0,0.0,0.0,0.0,0.0,0.0,0.0,0.0,0.0,0.0,0.0
2003-07-25,0.0,0.0,0.0,0.0,0.0,0.0,0.0,0.0,0.0,0.0,0.0
2003-07-26,0.0,0.0,0.0,0.0,0.0,0.0,0.0,0.0,0.0,0.0,0.0
2003-07-27,0.0,0.0,0.0,0.0,0.0,0.0,0.0,0.0,0.0,0.0,0.0
2003-07-28,0.0,0.0,0.0,0.0,0.0,0.0,0.0,0.0,0.0,0.0,0.0
2003-07-29,0.0,0.0,0.0,0.0,0.0,0.0,0.0,0.0,0.0,0.0,0.0
2003-07-30,0.0,0.0,0.0,0.0,0.0,0.0,0.0,0.0,0.0,0.0,0.0
2003-07-31,0.0,0.0,0.0,0.0,0.0,0.0,0.0,0.0,0.0,0.0,0.0
2003-08-01,0.0,0.0,0.0,0.0,0.0,0.0,0.0,0.0,0.0,0.0,0.0
2003-08-02,0.0,0.0,0.0,0.0,0.0,0.0,0.0,0.0,0.0,0.0,0.0
2003-08-03,0.0,0.0,0.0,0.0,0.0,0.0,0.0,0.0,0.0,0.0,0.0
2003-08-04,0.0,0.0,0.0,0.0,0.0,0.0,0.0,0.0,0.0,0.0,0.0
2003-08-05,0.0,0.0,0.0,0.0,0.0,0.0,0.0,0.0,0.0,0.0,0.0
2003-08-06,0.0,0.0,0.0,0.0,0.0,0.0,0.0,0.0,0.0,0.0,0.0
2003-08-07,0.0,0.0,0.0,0.0,0.0,0.0,0.0,0.0,0.0,0.0,0.0
2003-08-08,0.0,0.0,0.0,0.0,0.0,0.0,0.0,0.0,0.0,0.0,0.0
2003-08-09,0.0,0.0,0.0,0.0,0.0,0.0,0.0,0.0,0.0,0.0,0.0
2003-08-10,0.0,0.0,0.0,0.0,0.0,0.0,0.0,0.0,0.0,0.0,0.0
2003-08-11,0.0,0.0,0.0,0.0,0.0,0.0,0.0,0.0,0.0,0.0,0.0
2003-08-12,0.0,0.0,0.0,0.0,0.0,0.0,0.0,0.0,0.0,0.0,0.0
2003-08-13,0.0,0.0,0.0,0.0,0.0,0.0,0.0,0.0,0.0,0.0,0.0
2003-08-14,0.0,0.0,0.0,0.0,0.0,0.0,0.0,0.0,0.0,0.0,0.0
2003-08-15,0.0,0.0,0.0,0.0,0.0,0.0,0.0,0.0,0.0,0.0,0.0
2003-08-16,0.0,0.0,0.0,0.0,0.0,0.0,0.0,0.0,0.0,0.0,0.0
2003-08-17,0.0,0.0,0.0,0.0,0.0,0.0,0.0,0.0,0.0,0.0,0.0
2003-08-18,0.0,0.0,0.0,0.0,0.0,0.0,0.0,0.0,0.0,0.0,0.0
2003-08-19,0.0,0.0,0.0,0.0,0.0,0.0,0.0,0.0,0.0,0.0,0.0
2003-08-20,0.0,0.0,0.0,0.0,0.0,0.0,0.0,0.0,0.0,0.0,0.0
2003-08-21,0.0,0.0,0.0,0.0,0.0,0.0,0.0,0.0,0.0,0.0,0.0
2003-08-22,0.0,0.0,0.0,0.0,0.0,0.0,0.0,0.0,0.0,0.0,0.0
2003-08-23,0.0,0.0,0.0,0.0,0.0,0.0,0.0,0.0,0.0,0.0,0.0
2003-08-24,0.0,0.0,0.0,0.0,0.0,0.0,0.0,0.0,0.0,0.0,0.0
2003-08-25,0.0,0.0,0.0,0.0,0.0,0.0,0.0,0.0,0.0,0.0,0.0
2003-08-26,0.0,0.0,0.0,0.0,0.0,0.0,0.0,0.0,0.0,0.0,0.0
2003-08-27,0.0,0.0,0.0,0.0,0.0,0.0,0.0,0.0,0.0,0.0,0.0
2003-08-28,0.0,0.0,0.0,0.0,0.0,0.0,0.0,0.0,0.0,0.0,0.0
2003-08-29,0.0,0.0,0.0,0.0,0.0,0.0,0.0,0.0,0.0,0.0,0.0
2003-08-30,0.0,0.0,0.0,0.0,0.0,0.0,0.0,0.0,0.0,0.0,0.0
2003-08-31,0.0,0.0,0.0,0.0,0.0,0.0,0.0,0.0,0.0,0.0,0.0
2003-09-01,0.0,0.0,0.0,0.0,0.0,0.0,0.0,0.0,0.0,0.0,0.0
2003-09-02,0.0,0.0,0.0,0.0,0.0,0.0,0.0,0.0,0.0,0.0,0.0
2003-09-03,0.0,0.0,0.0,0.0,0.0,0.0,0.0,0.0,0.0,0.0,0.0
2003-09-04,0.0,0.0,0.0,0.0,0.0,0.0,0.0,0.0,0.0,0.0,0.0
2003-09-05,0.0,0.0,0.0,0.0,0.0,0.0,0.0,0.0,0.0,0.0,0.0
2003-09-06,0.0,0.0,0.0,0.0,0.0,0.0,0.0,0.0,0.0,0.0,0.0
2003-09-07,0.0,0.0,0.0,0.0,0.0,0.0,0.0,0.0,0.0,0.0,0.0
2003-09-08,0.0,0.0,0.0,0.0,0.0,0.0,0.0,0.0,0.0,0.0,0.0
2003-09-09,0.0,0.0,0.0,0.0,0.0,0.0,0.0,0.0,0.0,0.0,0.0
2003-09-10,0.0,0.0,0.0,0.0,0.0,0.0,0.0,0.0,0.0,0.0,0.0
2003-09-11,0.0,0.0,0.0,0.0,0.0,0.0,0.0,0.0,0.0,0.0,0.0
2003-09-12,0.0,0.0,0.0,0.0,0.0,0.0,0.0,0.0,0.0,0.0,0.0
2003-09-13,0.0,0.0,0.0,0.0,0.0,0.0,0.0,0.0,0.0,0.0,0.0
2003-09-14,0.0,0.0,0.0,0.0,0.0,0.0,0.0,0.0,0.0,0.0,0.0
2003-09-15,0.0,0.0,0.0,0.0,0.0,0.0,0.0,0.0,0.0,0.0,0.0
2003-09-16,0.0,0.0,0.0,0.0,0.0,0.0,0.0,0.0,0.0,0.0,0.0
2003-09-17,0.0,0.0,0.0,0.0,0.0,0.0,0.0,0.0,0.0,0.0,0.0
2003-09-18,0.0,0.0,0.0,0.0,0.0,0.0,0.0,0.0,0.0,0.0,0.0
2003-09-19,0.0,0.0,0.0,0.0,0.0,0.0,0.0,0.0,0.0,0.0,0.0
2003-09-20,0.0,0.0,0.0,0.0,0.0,0.0,0.0,0.0,0.0,0.0,0.0
2003-09-21,0.0,0.0,0.0,0.0,0.0,0.0,0.0,0.0,0.0,0.0,0.0
2003-09-22,0.0,0.0,0.0,0.0,0.0,0.0,0.0,0.0,0.0,0.0,0.0
2003-09-23,0.0,0.0,0.0,0.0,0.0,0.0,0.0,0.0,0.0,0.0,0.0
2003-09-24,0.0,0.0,0.0,0.0,0.0,0.0,0.0,0.0,0.0,0.0,0.0
2003-09-25,0.0,0.0,0.0,0.0,0.0,0.0,0.0,0.0,0.0,0.0,0.0
2003-09-26,0.0,0.0,0.0,0.0,0.0,0.0,0.0,0.0,0.0,0.0,0.0
2003-09-27,0.0,0.0,0.0,0.0,0.0,0.0,0.0,0.0,0.0,0.0,0.0
2003-09-28,0.0,0.0,0.0,0.0,0.0,0.0,0.0,0.0,0.0,0.0,0.0
2003-09-29,0.0,0.0,0.0,0.0,0.0,0.0,0.0,0.0,0.0,0.0,0.0
2003-09-30,0.0,0.0,0.0,0.0,0.0,0.0,0.0,0.0,0.0,0.0,0.0
2003-10-01,0.0,0.0,0.0,0.0,0.0,0.0,0.0,0.0,0.0,0.0,0.0
2003-10-02,0.0,0.0,0.0,0.0,0.0,0.0,0.0,0.0,0.0,0.0,0.0
2003-10-03,0.0,0.0,0.0,0.0,0.0,0.0,0.0,0.0,0.0,0.0,0.0
2003-10-04,0.0,0.0,0.0,0.0,0.0,0.0,0.0,0.0,0.0,0.0,0.0
2003-10-05,0.0,0.0,0.0,0.0,0.0,0.0,0.0,0.0,0.0,0.0,0.0
2003-10-06,0.0,0.0,0.0,0.0,0.0,0.0,0.0,0.0,0.0,0.0,0.0
2003-10-07,0.0,0.0,0.0,0.0,0.0,0.0,0.0,0.0,0.0,0.0,0.0
2003-10-08,0.0,0.0,0.0,0.0,0.0,0.0,0.0,0.0,0.0,0.0,0.0
2003-10-09,0.0,0.0,0.0,0.0,0.0,0.0,0.0,0.0,0.0,0.0,0.0
2003-10-10,0.0,0.0,0.0,0.0,0.0,0.0,0.0,0.0,0.0,0.0,0.0
2003-10-11,0.0,0.0,0.0,0.0,0.0,0.0,0.0,0.0,0.0,0.0,0.0
2003-10-12,0.0,0.0,0.0,0.0,0.0,0.0,0.0,0.0,0.0,0.0,0.0
2003-10-13,0.0,0.0,0.0,0.0,0.0,0.0,0.0,0.0,0.0,0.0,0.0
2003-10-14,0.0,0.0,0.0,0.0,0.0,0.0,0.0,0.0,0.0,0.0,0.0
2003-10-15,0.0,0.0,0.0,0.0,0.0,0.0,0.0,0.0,0.0,0.0,0.0
2003-10-16,0.0,0.0,0.0,0.0,0.0,0.0,0.0,0.0,0.0,0.0,0.0
2003-10-17,0.0,0.0,0.0,0.0,0.0,0.0,0.0,0.0,0.0,0.0,0.0
2003-10-18,0.0,0.0,0.0,0.0,0.0,0.0,0.0,0.0,0.0,0.0,0.0
2003-10-19,0.0,0.0,0.0,0.0,0.0,0.0,0.0,0.0,0.0,0.0,0.0
2003-10-20,0.0,0.0,0.0,0.0,0.0,0.0,0.0,0.0,0.0,0.0,0.0
2003-10-21,0.0,0.0,0.0,0.0,0.0,0.0,0.0,0.0,0.0,0.0,0.0
2003-10-22,0.0,0.0,0.0,0.0,0.0,0.0,0.0,0.0,0.0,0.0,0.0
2003-10-23,0.0,0.0,0.0,0.0,0.0,0.0,0.0,0.0,0.0,0.0,0.0
2003-10-24,0.0,0.0,0.0,0.0,0.0,0.0,0.0,0.0,0.0,0.0,0.0
2003-10-25,0.0,0.0,0.0,0.0,0.0,0.0,0.0,0.0,0.0,0.0,0.0
2003-10-26,0.0,0.0,0.0,0.0,0.0,0.0,0.0,0.0,0.0,0.0,0.0
2003-10-27,0.0,0.0,0.0,0.0,0.0,0.0,0.0,0.0,0.0,0.0,0.0
2003-10-28,0.0,0.0,0.0,0.0,0.0,0.0,0.0,0.0,0.0,0.0,0.0
2003-10-29,0.0,0.0,0.0,0.0,0.0,0.0,0.0,0.0,0.0,0.0,0.0
2003-10-30,0.0,0.0,0.0,0.0,0.0,0.0,0.0,0.0,0.0,0.0,0.0
2003-10-31,0.16666667,0.0,0.33333334,0.25,1.2962962,1.0681819,0.055555556,1.0,2.0,0.0,4.5
2003-11-01,1.1666666,0.92727274,2.6666667,2.25,4.851852,5.409091,0.16666667,30.0,41.0,9.2,23.0
2003-11-02,1.5,1.2181818,2.0,1.75,4.851852,5.6136365,0.11111111,39.5,55.0,10.2,23.5
2003-11-03,7.8333335,1.9090909,2.3333333,2.5,15.62963,17.204546,14.277778,47.0,63.0,13.0,27.5
2003-11-04,11.5,4.927273,9.666667,9.25,25.666666,26.5,12.777778,52.0,67.0,18.4,30.0
2003-11-05,11.333333,5.836364,9.333333,9.0,26.185184,27.045454,10.888889,52.5,67.0,18.4,29.0
2003-11-06,9.666667,5.1272726,8.333333,7.75,26.11111,26.75,10.388889,52.5,67.0,18.4,29.0
2003-11-07,8.833333,3.509091,7.0,5.25,26.518518,27.363636,8.777778,52.5,69.0,20.2,30.5
2003-11-08,8.833333,2.509091,6.0,4.5,26.851852,27.954546,7.111111,55.0,71.0,20.6,32.0
2003-11-09,31.166666,4.7818184,5.0,3.75,52.48148,55.204544,25.055555,68.0,82.0,26.2,40.0
2003-11-10,35.5,7.418182,7.0,5.25,61.62963,66.47727,22.277779,85.5,100.0,56.4,50.5
2003-11-11,35.5,7.109091,7.0,5.25,61.0,65.795456,20.166666,85.0,100.0,57.0,50.0
2003-11-12,35.5,6.5636363,6.0,4.5,61.074074,65.90909,19.444445,84.5,98.0,58.8,50.0
2003-11-13,45.166668,15.781818,8.666667,6.5,64.92593,68.52273,16.666666,82.5,98.0,59.2,49.5
2003-11-14,40.0,17.09091,9.333333,7.0,65.296295,68.84091,16.055555,82.5,99.0,59.0,49.0
2003-11-15,36.5,17.218182,10.0,7.5,69.14815,72.34091,20.61111,96.5,114.0,60.8,60.0
2003-11-16,46.5,20.145454,11.0,8.5,72.51852,76.88636,24.222221,105.0,124.0,62.4,62.0
2003-11-17,36.0,20.563637,13.333333,12.25,73.37037,77.47727,25.055555,106.0,127.0,64.6,62.0
2003-11-18,35.833332,17.581818,12.333333,10.25,73.25926,76.90909,23.5,105.0,124.0,61.8,61.5
2003-11-19,36.833332,12.945455,8.0,6.0,73.666664,75.38636,19.88889,103.0,122.0,58.2,58.5
2003-11-20,34.0,8.436363,3.0,2.25,74.296295,73.38636,15.5,102.0,123.0,52.8,55.5
2003-11-21,32.833332,6.4,0.6666667,0.5,74.18519,72.40909,15.333333,99.5,119.0,51.6,52.5
2003-11-22,35.666668,6.3454547,3.0,2.25,74.0,72.295456,15.222222,99.5,119.0,48.6,52.5
2003-11-23,33.166668,6.6363635,20.333334,16.0,73.85185,72.22727,15.222222,101.0,122.0,48.6,52.5
2003-11-24,33.166668,6.4363637,17.333334,13.0,73.92593,72.0,15.166667,101.0,122.0,49.0,52.5
2003-11-25,33.166668,6.2545457,15.666667,11.75,73.74074,71.84091,15.166667,101.0,121.0,49.8,53.0
2003-11-26,33.166668,6.2727275,15.333333,11.5,73.74074,71.84091,15.222222,100.5,121.0,50.0,53.0
2003-11-27,33.166668,6.2545457,14.666667,11.0,73.703705,71.795456,15.5,101.0,121.0,50.0,53.0
2003-11-28,33.166668,6.072727,10.0,7.5,75.22222,71.63636,14.833333,100.0,122.0,50.6,55.0
2003-11-29,32.666668,5.5272727,6.0,4.5,75.18519,70.545456,13.666667,98.5,122.0,49.2,53.5
2003-11-30,31.666666,4.490909,2.6666667,2.0,75.03704,69.22727,15.833333,95.5,121.0,48.2,48.0
2003-12-01,31.166666,4.2545457,1.0,0.75,75.666664,69.295456,15.111111,95.0,125.0,50.8,45.5
2003-12-02,31.5,4.2181816,0.33333334,0.25,77.44444,71.38636,14.944445,97.5,128.0,50.8,47.0
2003-12-03,31.5,4.090909,0.0,0.0,78.07407,71.681816,14.055555,97.5,130.0,47.8,44.0
2003-12-04,31.0,3.9818182,0.0,0.0,78.85185,71.5,12.777778,96.5,130.0,45.6,42.0
2003-12-05,29.5,3.290909,0.0,0.0,79.888885,71.40909,12.055555,89.5,124.0,44.0,39.5
2003-12-06,33.333332,2.7636364,0.0,0.0,98.81481,85.704544,10.722222,80.0,110.0,41.8,30.5
2003-12-07,46.666668,3.1090908,0.0,0.0,134.14815,120.86364,10.555555,134.0,161.0,68.6,60.0
2003-12-08,48.166668,7.3454547,3.3333333,2.5,139.33333,128.52272,14.222222,164.5,204.0,76.2,70.0
2003-12-09,47.166668,7.927273,3.6666667,2.75,139.37038,128.52272,14.055555,163.5,203.0,76.2,68.5
2003-12-10,60.166668,10.181818,4.3333335,3.25,164.33333,151.11363,40.055557,177.5,212.0,80.2,75.5
2003-12-11,63.833332,12.418181,6.0,6.0,179.96297,168.11363,61.944443,215.0,258.0,97.6,94.0
2003-12-12,64.833336,18.4,36.666668,33.5,185.25926,172.5,54.333332,228.0,270.0,106.0,101.5
2003-12-13,61.333332,19.945454,38.666668,35.5,188.96297,177.47728,74.72222,238.5,287.0,109.6,105.0
2003-12-14,66.833336,20.545454,35.666668,32.5,203.0,190.02272,90.0,260.0,312.0,114.8,115.5
2003-12-15,73.333336,28.2,53.333332,49.25,194.03703,177.77272,110.77778,290.5,341.0,130.0,133.0
2003-12-16,71.833336,28.836363,59.666668,54.0,194.25926,178.04546,107.666664,289.0,341.0,132.0,134.5
2003-12-17,69.166664,28.89091,57.0,51.25,194.2963,177.97728,106.27778,289.0,342.0,132.4,136.0
2003-12-18,65.0,26.763636,50.333332,43.75,211.11111,199.34091,105.833336,290.0,342.0,132.4,136.5
2003-12-19,61.833332,21.690908,39.0,30.75,211.85185,198.47728,104.94444,292.0,342.0,128.2,137.5
2003-12-20,67.333336,17.2,33.333332,25.0,219.40741,205.77272,85.55556,296.0,347.0,129.8,139.0
2003-12-21,74.333336,18.254545,32.666668,24.5,229.11111,215.43182,106.166664,306.0,361.0,134.4,141.5
2003-12-22,72.666664,18.0,32.333332,24.25,229.62962,215.86363,100.888885,308.5,361.0,133.2,142.0
2003-12-23,73.333336,17.727272,30.666666,23.0,232.77777,218.20454,83.94444,309.5,361.0,133.8,141.5
2003-12-24,82.166664,19.8,31.0,23.25,250.14815,236.15909,96.55556,312.5,368.0,135.2,151.0
2003-12-25,104.5,43.836365,60.666668,53.5,306.37036,292.97726,109.611115,376.5,437.0,174.4,192.5
2003-12-26,109.5,74.67273,74.666664,76.75,338.5926,325.5909,110.72222,396.5,463.0,191.2,200.5
2003-12-27,111.333336,82.163635,93.333336,93.0,343.85184,329.77274,110.72222,399.0,463.0,193.2,202.0
2003-12-28,108.666664,83.89091,106.666664,103.0,344.25925,330.22726,110.77778,401.5,464.0,193.2,201.5
2003-12-29,113.166664,86.38182,111.333336,107.0,329.37036,304.63635,156.22223,409.5,473.0,199.6,208.0
2003-12-30,130.0,94.41818,110.666664,106.5,398.51852,383.68182,192.61111,486.5,557.0,233.0,269.0
2003-12-31,126.5,95.87273,114.0,111.75,404.77777,385.1591,188.72223,492.0,560.0,231.6,269.5
2004-01-01,132.33333,95.67273,113.666664,111.75,387.22223,358.06818,253.94444,505.0,579.0,235.0,289.5
2004-01-02,184.0,124.69091,156.33333,151.5,451.14816,418.0909,267.05554,560.0,635.0,269.8,346.5
2004-01-03,199.0,138.10909,188.66667,184.0,481.18518,458.95456,277.27777,582.0,658.0,279.2,358.0
2004-01-04,195.83333,139.98181,192.66667,189.25,472.55554,441.54544,267.66666,584.5,659.0,275.8,359.5
2004-01-05,193.0,140.23636,193.33333,189.75,502.92593,488.5,291.6111,584.0,659.0,277.2,362.0
2004-01-06,193.33333,141.90909,193.33333,189.75,503.14816,487.6591,278.27777,589.5,664.0,279.0,363.0
2004-01-07,202.16667,143.70909,194.0,190.25,478.2963,435.29544,294.8889,591.0,668.0,279.8,363.0
2004-01-08,203.5,143.83636,192.0,188.75,480.4074,438.02274,295.1111,612.5,693.0,284.4,369.0
2004-01-09,202.66667,144.3091,184.66667,183.25,480.1111,441.20456,279.72223,612.0,693.0,281.8,369.0
2004-01-10,200.66667,142.43637,177.33333,176.25,507.2963,490.3409,277.05554,611.0,695.0,282.8,369.0
2004-01-11,192.66667,139.56363,167.0,165.75,480.37036,443.11365,273.77777,610.0,696.0,281.0,369.0
2004-01-12,196.33333,136.18182,156.0,155.0,479.4074,441.70456,278.83334,611.0,695.0,277.8,367.0
2004-01-13,196.33333,132.4909,146.0,145.25,479.18518,440.68182,277.16666,610.0,690.0,276.8,368.0
2004-01-14,197.33333,129.98181,139.33333,138.0,509.18518,492.9091,270.44446,610.5,687.0,276.2,365.5
2004-01-15,195.5,127.41818,139.33333,136.25,508.92593,492.0909,270.05554,609.0,684.0,273.2,364.5
2004-01-16,196.5,125.89091,139.33333,135.25,481.66666,442.79544,260.83334,610.0,683.0,274.6,363.0
2004-01-17,194.33333,122.90909,139.33333,133.5,508.1111,489.06818,254.83333,610.5,684.0,272.6,362.5
2004-01-18,186.83333,121.29091,139.33333,132.25,507.5926,486.9091,252.61111,606.5,677.0,273.2,361.5
2004-01-19,185.16667,120.545456,139.33333,131.0,481.96295,439.5,249.55556,606.5,677.0,272.4,360.5
2004-01-20,185.33333,120.145454,139.33333,130.5,490.55554,453.95456,236.55556,605.5,677.0,273.8,362.5
2004-01-21,186.16667,120.27273,139.33333,130.5,507.22223,485.43182,280.22223,607.0,677.0,280.4,361.5
2004-01-22,186.66667,120.34545,141.0,131.75,506.92593,484.68182,224.94444,604.0,676.0,279.2,364.5
2004-01-23,180.16667,119.56364,141.0,130.5,506.33334,482.68182,234.94444,604.5,678.0,279.2,360.5
2004-01-24,176.33333,117.23637,141.0,128.75,505.77777,480.43182,235.0,605.0,678.0,280.0,363.0
2004-01-25,176.83333,117.38182,141.0,128.75,505.7037,480.02274,241.11111,608.5,683.0,279.2,361.5
2004-01-26,176.5,117.36364,141.0,128.75,480.25925,434.0,236.72223,608.0,683.0,279.8,362.5
2004-01-27,177.0,117.63636,141.0,128.5,506.1111,480.6591,260.72223,609.5,684.0,281.2,361.5
2004-01-28,182.33333,121.4,141.66667,129.0,514.85187,490.3409,268.22223,631.0,706.0,285.8,371.0
2004-01-29,177.33333,121.27273,141.66667,128.75,514.9259,490.22726,267.83334,628.0,696.0,284.2,373.5
2004-01-30,173.5,117.96364,141.66667,127.0,492.1111,443.5909,258.5,625.5,695.0,285.0,373.0
2004-01-31,173.83333,117.4,141.66667,126.0,488.37036,440.97726,264.16666,628.5,697.0,284.4,375.0
2004-02-01,185.33333,117.56364,142.0,127.5,483.7037,438.56818,263.27777,627.5,697.0,284.2,377.5
2004-02-02,177.83333,117.56364,141.66667,127.25,484.51852,440.02274,294.22223,627.5,699.0,284.0,376.0
2004-02-03,241.5,140.78181,165.0,153.5,522.0741,475.43182,334.94446,663.0,742.0,311.4,403.5
2004-02-04,220.83333,142.23636,171.33333,160.5,558.7037,533.9318,331.05554,671.0,745.0,311.2,402.5
2004-02-05,232.0,142.41818,172.66667,162.0,558.1111,533.8182,337.66666,666.5,739.0,312.8,403.5
2004-02-06,228.66667,144.05455,177.0,165.5,558.85187,536.2045,324.55554,665.5,740.0,312.2,402.5
2004-02-07,226.83333,143.58182,176.33333,164.5,565.1852,541.9545,344.44446,679.0,758.0,318.4,412.0
2004-02-08,222.5,143.72728,175.66667,163.75,563.7407,531.2045,330.22223,676.0,755.0,318.2,412.0
2004-02-09,224.5,143.6909,174.66667,163.0,564.7778,541.2955,347.0,676.0,755.0,318.4,411.5
2004-02-10,225.33333,143.6909,172.66667,161.25,564.03705,540.4318,341.27777,677.0,755.0,318.2,411.5
2004-02-11,226.16667,143.45454,169.33333,158.25,563.7407,539.5455,343.77777,674.0,753.0,320.6,415.5
2004-02-12,216.5,142.14546,163.0,152.0,563.2963,537.5909,332.05554,679.0,756.0,318.8,412.0
2004-02-13,219.16667,141.85454,158.0,147.0,550.7037,513.9091,310.6111,680.5,756.0,319.4,413.5
2004-02-14,213.83333,141.72728,156.33333,144.75,562.7037,537.0,318.05554,681.0,759.0,317.4,413.0
2004-02-15,215.5,140.94545,156.0,143.5,562.8889,534.63635,318.77777,681.5,760.0,317.4,413.5
2004-02-16,215.33333,139.23636,156.0,141.5,565.6667,537.9545,342.83334,688.0,767.0,320.8,414.5
2004-02-17,223.66667,136.47273,156.0,138.75,584.85187,558.7727,296.66666,736.0,820.0,332.0,411.5
2004-02-18,247.5,129.10909,156.0,135.25,593.3333,567.0909,353.55554,737.5,817.0,341.0,426.0
2004-02-19,251.0,146.12727,170.0,154.75,609.44446,584.0682,332.05554,770.0,851.0,357.8,448.5
2004-02-20,251.66667,146.6,167.33333,152.5,614.5185,600.1818,336.22223,774.5,857.0,354.8,444.5
2004-02-21,255.5,151.83636,169.33333,154.75,613.4074,599.5455,332.83334,776.5,859.0,357.8,444.5
2004-02-22,264.16666,154.85454,168.66667,155.25,575.44446,539.0682,316.94446,781.0,869.0,359.2,446.5
2004-02-23,278.0,162.98181,170.0,159.5,586.03705,549.0909,335.44446,785.0,872.0,364.6,450.5
2004-02-24,279.16666,167.21819,180.0,169.5,587.8148,550.4091,380.22223,790.5,876.0,364.2,447.5
2004-02-25,282.66666,169.90909,179.33333,170.0,589.1852,552.2955,400.77777,803.0,893.0,362.0,457.0
2004-02-26,369.33334,203.47273,225.66667,216.25,700.62964,686.0455,450.1111,876.0,965.0,421.0,516.0
2004-02-27,376.33334,212.5091,253.0,243.75,732.2593,718.7727,454.94446,932.5,1039.0,449.2,540.5
2004-02-28,383.5,219.47273,276.33334,267.0,680.8889,642.3182,452.0,939.5,1047.0,450.0,542.5
2004-02-29,361.5,222.25455,279.0,269.0,681.8889,641.6818,438.16666,942.0,1055.0,444.8,543.0
2004-03-01,364.0,222.3091,278.66666,268.75,733.0,719.63635,479.27777,941.0,1055.0,446.8,547.0
2004-03-02,405.0,231.4,292.33334,282.75,745.8889,731.9773,469.83334,957.0,1080.0,460.6,559.0
2004-03-03,394.33334,233.96364,296.66666,287.25,746.7407,733.0,554.05554,956.5,1082.0,462.4,561.5
2004-03-04,401.5,235.12727,294.66666,284.75,746.7407,733.0455,446.33334,956.5,1082.0,465.0,562.5
2004-03-05,399.83334,234.90909,294.0,284.0,746.8889,732.0909,425.66666,957.5,1086.0,461.4,563.5
2004-03-06,402.5,234.6,288.66666,278.25,746.44446,730.5455,406.22223,956.0,1089.0,458.2,562.0
2004-03-07,405.33334,225.4,275.33334,265.0,747.0741,730.4773,399.44446,947.5,1069.0,454.2,556.0
2004-03-08,360.5,212.05455,249.66667,239.0,748.8889,731.2727,444.33334,944.0,1060.0,452.8,554.0
2004-03-09,352.16666,195.96364,221.33333,206.0,748.2963,727.25,415.5,936.5,1050.0,442.4,546.0
2004-03-10,349.66666,176.4909,208.66667,186.25,747.0741,720.5909,408.8889,934.0,1046.0,433.6,531.0
2004-03-11,351.33334,163.98181,199.0,169.5,746.37036,715.6818,394.16666,930.0,1044.0,431.6,522.5
2004-03-12,345.33334,144.61818,189.33333,152.0,745.37036,710.7955,322.72223,918.5,1040.0,423.2,517.5
2004-03-13,340.5,128.81818,181.66667,138.0,744.1111,705.5455,305.3889,913.0,1034.0,416.2,504.5
2004-03-14,339.0,111.145454,171.66667,128.75,742.0741,699.5,288.66666,901.0,1025.0,409.2,493.0
2004-03-15,331.5,93.27273,162.0,121.5,735.7037,688.5,257.8889,890.5,1017.0,401.4,480.5
2004-03-16,331.0,78.05454,152.0,114.0,733.44446,682.0227,237.88889,876.5,1001.0,392.0,470.0
2004-03-17,323.16666,64.781815,140.33333,105.25,730.03705,674.5455,223.44444,861.0,990.0,385.4,459.0
2004-03-18,312.16666,49.145454,126.333336,94.75,722.55554,662.13635,194.22223,847.0,985.0,367.8,445.0
2004-03-19,305.0,35.636364,86.666664,65.0,715.2593,650.0227,176.44444,813.0,974.0,346.6,435.5
2004-03-20,299.5,24.418182,71.333336,53.5,706.5185,637.5682,159.72223,765.0,955.0,327.0,423.5
2004-03-21,293.16666,14.963636,57.666668,43.25,692.8889,616.2727,140.61111,742.5,943.0,301.8,407.0
2004-03-22,280.16666,9.890909,44.666668,33.5,674.7037,593.5455,125.111115,717.0,922.0,281.0,387.0
2004-03-23,270.16666,7.2727275,35.0,26.25,663.03705,579.4318,105.77778,700.5,909.0,266.4,369.5
2004-03-24,265.5,6.072727,29.333334,22.0,654.7778,569.9545,93.22222,685.0,894.0,258.8,354.5
2004-03-25,263.5,5.4545455,25.666666,19.25,651.7778,565.6818,84.77778,676.0,883.0,250.6,343.5
2004-03-26,283.83334,5.2,24.333334,18.25,669.37036,582.13635,96.5,710.5,915.0,261.8,355.5
2004-03-27,286.16666,6.1272726,28.333334,21.25,671.4815,583.7045,99.77778,722.5,921.0,266.0,353.5
2004-03-28,284.66666,5.672727,26.666666,20.0,669.85187,581.36365,93.5,716.0,921.0,261.8,350.0
2004-03-29,279.83334,4.4,17.333334,13.0,661.2222,570.11365,83.22222,698.5,913.0,252.2,339.0
2004-03-30,274.16666,3.1818182,6.3333335,4.75,649.2222,556.36365,71.111115,680.5,903.0,235.6,322.0
2004-03-31,271.33334,2.5454545,0.6666667,0.5,644.37036,550.7045,68.44444,668.0,889.0,220.6,310.0
2004-04-01,269.33334,2.3818183,0.0,0.0,640.2963,545.63635,66.0,659.5,878.0,206.2,303.5
2004-04-02,269.5,2.4,0.0,0.0,628.85187,527.88635,63.944443,656.5,873.0,204.8,301.5
2004-04-03,269.5,2.7636364,0.0,0.0,625.8889,524.7727,60.166668,654.5,871.0,197.8,294.5
2004-04-04,268.66666,2.6909091,0.0,0.0,619.8148,517.13635,51.5,634.5,853.0,186.8,274.5
2004-04-05,264.0,2.490909,0.0,0.0,613.8148,509.4091,45.444443,611.5,830.0,174.8,256.0
2004-04-06,259.0,2.2363636,0.0,0.0,607.5926,502.77274,41.72222,592.0,809.0,164.0,240.0
2004-04-07,258.33334,2.090909,0.0,0.0,602.62964,498.1591,38.11111,578.5,795.0,154.0,228.0
2004-04-08,256.0,1.8,0.0,0.0,595.0741,490.47726,30.88889,558.0,777.0,144.6,209.0
2004-04-09,250.83333,1.4,0.0,0.0,581.2963,477.81818,29.222221,534.0,756.0,135.0,185.5
2004-04-10,275.0,1.1090909,0.0,0.0,564.5185,462.45456,24.222221,525.5,745.0,126.0,164.5
2004-04-11,270.33334,0.94545454,0.0,0.0,553.62964,450.72726,19.666666,507.5,734.0,117.8,153.5
2004-04-12,262.83334,0.74545455,0.0,0.0,541.1852,438.0909,15.666667,460.0,694.0,107.0,137.5
2004-04-13,256.66666,0.56363636,0.0,0.0,530.9259,427.27274,13.944445,433.0,666.0,98.4,125.0
2004-04-14,256.5,0.54545456,0.0,0.0,527.2222,424.1591,13.388889,423.0,652.0,96.2,119.5
2004-04-15,256.33334,0.5272727,0.0,0.0,523.2963,420.54544,13.444445,408.0,632.0,97.8,118.0
2004-04-16,256.83334,0.5272727,0.0,0.0,526.0741,421.4091,13.944445,402.0,624.0,96.4,118.5
2004-04-17,260.33334,0.5272727,0.0,0.0,528.0,423.20456,13.444445,397.5,617.0,94.2,118.5
2004-04-18,281.0,0.74545455,4.6666665,3.75,534.5185,432.02274,19.11111,411.5,615.0,94.0,120.5
2004-04-19,234.5,0.90909094,7.3333335,5.5,537.96295,436.36365,19.722221,420.0,624.0,95.0,120.5
2004-04-20,237.16667,0.8,11.333333,8.5,542.37036,440.29544,20.944445,431.0,651.0,97.6,125.0
2004-04-21,265.66666,0.6363636,7.6666665,5.75,538.03705,435.75,21.5,448.5,670.0,98.6,129.5
2004-04-22,262.16666,0.56363636,5.3333335,4.0,529.14813,428.36365,19.0,486.0,701.0,101.2,134.0
2004-04-23,260.33334,0.56363636,3.3333333,2.5,525.96295,425.36365,15.444445,474.5,705.0,103.6,134.5
2004-04-24,256.16666,0.47272727,0.0,0.0,518.1111,417.61365,13.055555,454.5,687.0,96.2,123.0
2004-04-25,249.0,0.18181819,0.0,0.0,501.0,402.63635,10.555555,421.5,657.0,84.8,111.0
2004-04-26,237.83333,0.0,0.0,0.0,458.2963,369.68182,7.2777777,370.0,614.0,69.8,93.0
2004-04-27,223.33333,0.0,0.0,0.0,423.85184,339.1591,3.0,313.5,566.0,50.6,70.5
2004-04-28,214.16667,0.0,0.0,0.0,382.55554,302.45456,0.0,271.5,527.0,33.8,48.0
2004-04-29,211.0,0.0,0.0,0.0,353.62964,277.72726,0.0,255.5,514.0,26.2,44.5
2004-04-30,211.33333,0.0,0.0,0.0,329.1111,258.11365,0.0,243.5,496.0,23.0,40.0
2004-05-01,204.5,0.0,0.0,0.0,318.18518,249.31818,0.0,208.5,457.0,14.4,24.5
2004-05-02,193.0,0.0,0.0,0.0,304.0,237.20454,0.0,166.5,414.0,4.6,2.0
2004-05-03,173.83333,0.0,0.0,0.0,276.81482,215.59091,0.0,113.5,361.0,0.0,0.0
2004-05-04,126.0,0.0,0.0,0.0,246.81482,191.70454,0.0,56.0,304.0,0.0,0.0
2004-05-05,99.5,0.0,0.0,0.0,259.92593,195.34091,0.0,30.5,258.0,0.0,0.0
2004-05-06,90.5,0.0,0.0,0.0,247.25926,184.77272,0.0,10.0,211.0,0.0,0.0
2004-05-07,85.166664,0.0,0.0,0.0,237.03703,176.27272,0.0,0.0,176.0,0.0,0.0
2004-05-08,80.833336,0.0,0.0,0.0,226.96297,167.72728,0.0,0.0,140.0,0.0,0.0
2004-05-09,77.166664,0.0,0.0,0.0,220.0,161.79546,0.0,0.0,104.0,0.0,0.0
2004-05-10,72.0,0.0,0.0,0.0,209.62962,153.47728,0.0,0.0,67.0,0.0,0.0
2004-05-11,72.0,0.0,0.0,0.0,210.92592,154.25,0.0,5.0,71.0,0.2,1.0
2004-05-12,72.0,0.0,0.0,0.0,210.66667,154.04546,0.0,15.5,81.0,1.8,7.5
2004-05-13,71.666664,0.0,0.0,0.0,206.18518,150.84091,0.0,8.0,75.0,1.6,1.5
2004-05-14,67.5,0.0,0.0,0.0,198.81482,144.38637,0.0,0.0,61.0,0.0,0.0
2004-05-15,61.833332,0.0,0.0,0.0,187.0,134.90909,0.0,0.0,46.0,0.0,0.0
2004-05-16,56.0,0.0,0.0,0.0,176.59259,126.86364,0.0,0.0,30.0,0.0,0.0
2004-05-17,50.0,0.0,0.0,0.0,166.59259,119.045456,0.0,0.0,14.0,0.0,0.0
2004-05-18,47.833332,0.0,0.0,0.0,159.2963,113.818184,0.0,0.0,4.0,0.0,0.0
2004-05-19,47.166668,0.0,0.0,0.0,157.22223,112.27273,0.0,0.0,0.0,0.0,0.0
2004-05-20,45.666668,0.0,0.0,0.0,154.22223,110.0,0.0,0.0,0.0,0.0,0.0
2004-05-21,44.166668,0.0,0.0,0.0,152.55556,108.545456,0.0,0.0,0.0,0.0,0.0
2004-05-22,43.333332,0.0,0.0,0.0,151.77777,107.681816,0.0,0.0,0.0,0.0,0.0
2004-05-23,41.5,0.0,0.0,0.0,148.59259,105.02273,0.0,0.0,0.0,0.0,0.0
2004-05-24,39.5,0.0,0.0,0.0,143.03703,101.0,0.0,0.0,0.0,0.0,0.0
2004-05-25,37.166668,0.0,0.0,0.0,140.2963,98.795456,0.0,0.0,0.0,0.0,0.0
2004-05-26,35.0,0.0,0.0,0.0,137.25926,96.25,0.0,0.0,0.0,0.0,0.0
2004-05-27,29.5,0.0,0.0,0.0,127.25926,88.34091,0.0,0.0,0.0,0.0,0.0
2004-05-28,21.666666,0.0,0.0,0.0,116.37037,80.068184,0.0,0.0,0.0,0.0,0.0
2004-05-29,27.0,0.0,0.0,0.0,117.59259,81.90909,0.0,0.0,0.0,0.0,0.0
2004-05-30,22.333334,0.0,0.0,0.0,118.03704,81.36364,0.0,0.0,0.0,0.0,0.0
2004-05-31,13.833333,0.0,0.0,0.0,106.888885,72.568184,0.0,0.0,0.0,0.0,0.0
2004-06-01,3.3333333,0.0,0.0,0.0,91.81481,60.886364,0.0,0.0,0.0,0.0,0.0
2004-06-02,0.0,0.0,0.0,0.0,75.74074,48.454544,0.0,0.0,0.0,0.0,0.0
2004-06-03,0.0,0.0,0.0,0.0,59.703705,37.136364,0.0,0.0,0.0,0.0,0.0
2004-06-04,0.0,0.0,0.0,0.0,48.62963,29.84091,0.0,0.0,0.0,0.0,0.0
2004-06-05,0.0,0.0,0.0,0.0,37.407406,22.954546,0.0,0.0,0.0,0.0,0.0
2004-06-06,0.0,0.0,0.0,0.0,29.0,17.795454,0.0,0.0,0.0,0.0,0.0
2004-06-07,0.0,0.0,0.0,0.0,23.333334,14.318182,0.0,0.0,0.0,0.0,0.0
2004-06-08,0.0,0.0,0.0,0.0,23.62963,14.5,0.0,0.0,0.0,0.0,0.0
2004-06-09,0.0,0.0,0.0,0.0,21.148148,12.977273,0.0,0.0,0.0,0.0,0.0
2004-06-10,0.0,0.0,0.0,0.0,20.481482,12.568182,0.0,0.0,0.0,0.0,0.0
2004-06-11,0.0,0.0,0.0,0.0,22.962963,14.090909,0.0,0.0,0.0,0.0,0.0
2004-06-12,0.0,0.0,0.0,0.0,20.666666,12.681818,0.0,0.0,0.0,0.0,0.0
2004-06-13,0.0,0.0,0.0,0.0,16.88889,10.363636,0.0,0.0,0.0,0.0,0.0
2004-06-14,0.0,0.0,0.0,0.0,12.851851,7.8863635,0.0,0.0,0.0,0.0,0.0
2004-06-15,0.0,0.0,0.0,0.0,8.962963,5.5,0.0,0.0,0.0,0.0,0.0
2004-06-16,0.0,0.0,0.0,0.0,6.740741,4.1363635,0.0,0.0,0.0,0.0,0.0
2004-06-17,0.0,0.0,0.0,0.0,5.4444447,3.340909,0.0,0.0,0.0,0.0,0.0
2004-06-18,0.0,0.0,0.0,0.0,4.4444447,2.7272727,0.0,0.0,0.0,0.0,0.0
2004-06-19,0.0,0.0,0.0,0.0,3.7037036,2.2727273,0.0,0.0,0.0,0.0,0.0
2004-06-20,0.0,0.0,0.0,0.0,2.7777777,1.7045455,0.0,0.0,0.0,0.0,0.0
2004-06-21,0.0,0.0,0.0,0.0,1.6666666,1.0227273,0.0,0.0,0.0,0.0,0.0
2004-06-22,0.0,0.0,0.0,0.0,0.4814815,0.29545453,0.0,0.0,0.0,0.0,0.0
2004-06-23,0.0,0.0,0.0,0.0,0.0,0.0,0.0,0.0,0.0,0.0,0.0
2004-06-24,0.0,0.0,0.0,0.0,0.0,0.0,0.0,0.0,0.0,0.0,0.0
2004-06-25,0.0,0.0,0.0,0.0,0.0,0.0,0.0,0.0,0.0,0.0,0.0
2004-06-26,0.0,0.0,0.0,0.0,0.0,0.0,0.0,0.0,0.0,0.0,0.0
2004-06-27,0.0,0.0,0.0,0.0,0.0,0.0,0.0,0.0,0.0,0.0,0.0
2004-06-28,0.0,0.0,0.0,0.0,0.0,0.0,0.0,0.0,0.0,0.0,0.0
2004-06-29,0.0,0.0,0.0,0.0,0.0,0.0,0.0,0.0,0.0,0.0,0.0
2004-06-30,0.0,0.0,0.0,0.0,0.0,0.0,0.0,0.0,0.0,0.0,0.0
2004-07-01,0.0,0.0,0.0,0.0,0.0,0.0,0.0,0.0,0.0,0.0,0.0
2004-07-02,0.0,0.0,0.0,0.0,0.0,0.0,0.0,0.0,0.0,0.0,0.0
2004-07-03,0.0,0.0,0.0,0.0,0.0,0.0,0.0,0.0,0.0,0.0,0.0
2004-07-04,0.0,0.0,0.0,0.0,0.0,0.0,0.0,0.0,0.0,0.0,0.0
2004-07-05,0.0,0.0,0.0,0.0,0.0,0.0,0.0,0.0,0.0,0.0,0.0
2004-07-06,0.0,0.0,0.0,0.0,0.0,0.0,0.0,0.0,0.0,0.0,0.0
2004-07-07,0.0,0.0,0.0,0.0,0.0,0.0,0.0,0.0,0.0,0.0,0.0
2004-07-08,0.0,0.0,0.0,0.0,0.0,0.0,0.0,0.0,0.0,0.0,0.0
2004-07-09,0.0,0.0,0.0,0.0,0.0,0.0,0.0,0.0,0.0,0.0,0.0
2004-07-10,0.0,0.0,0.0,0.0,0.0,0.0,0.0,0.0,0.0,0.0,0.0
2004-07-11,0.0,0.0,0.0,0.0,0.0,0.0,0.0,0.0,0.0,0.0,0.0
2004-07-12,0.0,0.0,0.0,0.0,0.0,0.0,0.0,0.0,0.0,0.0,0.0
2004-07-13,0.0,0.0,0.0,0.0,0.0,0.0,0.0,0.0,0.0,0.0,0.0
2004-07-14,0.0,0.0,0.0,0.0,0.0,0.0,0.0,0.0,0.0,0.0,0.0
2004-07-15,0.0,0.0,0.0,0.0,0.0,0.0,0.0,0.0,0.0,0.0,0.0
2004-07-16,0.0,0.0,0.0,0.0,0.0,0.0,0.0,0.0,0.0,0.0,0.0
2004-07-17,0.0,0.0,0.0,0.0,0.0,0.0,0.0,0.0,0.0,0.0,0.0
2004-07-18,0.0,0.0,0.0,0.0,0.0,0.0,0.0,0.0,0.0,0.0,0.0
2004-07-19,0.0,0.0,0.0,0.0,0.0,0.0,0.0,0.0,0.0,0.0,0.0
2004-07-20,0.0,0.0,0.0,0.0,0.0,0.0,0.0,0.0,0.0,0.0,0.0
2004-07-21,0.0,0.0,0.0,0.0,0.0,0.0,0.0,0.0,0.0,0.0,0.0
2004-07-22,0.0,0.0,0.0,0.0,0.0,0.0,0.0,0.0,0.0,0.0,0.0
2004-07-23,0.0,0.0,0.0,0.0,0.0,0.0,0.0,0.0,0.0,0.0,0.0
2004-07-24,0.0,0.0,0.0,0.0,0.0,0.0,0.0,0.0,0.0,0.0,0.0
2004-07-25,0.0,0.0,0.0,0.0,0.0,0.0,0.0,0.0,0.0,0.0,0.0
2004-07-26,0.0,0.0,0.0,0.0,0.0,0.0,0.0,0.0,0.0,0.0,0.0
2004-07-27,0.0,0.0,0.0,0.0,0.0,0.0,0.0,0.0,0.0,0.0,0.0
2004-07-28,0.0,0.0,0.0,0.0,0.0,0.0,0.0,0.0,0.0,0.0,0.0
2004-07-29,0.0,0.0,0.0,0.0,0.0,0.0,0.0,0.0,0.0,0.0,0.0
2004-07-30,0.0,0.0,0.0,0.0,0.0,0.0,0.0,0.0,0.0,0.0,0.0
2004-07-31,0.0,0.0,0.0,0.0,0.0,0.0,0.0,0.0,0.0,0.0,0.0
2004-08-01,0.0,0.0,0.0,0.0,0.0,0.0,0.0,0.0,0.0,0.0,0.0
2004-08-02,0.0,0.0,0.0,0.0,0.0,0.0,0.0,0.0,0.0,0.0,0.0
2004-08-03,0.0,0.0,0.0,0.0,0.0,0.0,0.0,0.0,0.0,0.0,0.0
2004-08-04,0.0,0.0,0.0,0.0,0.0,0.0,0.0,0.0,0.0,0.0,0.0
2004-08-05,0.0,0.0,0.0,0.0,0.0,0.0,0.0,0.0,0.0,0.0,0.0
2004-08-06,0.0,0.0,0.0,0.0,0.0,0.0,0.0,0.0,0.0,0.0,0.0
2004-08-07,0.0,0.0,0.0,0.0,0.0,0.0,0.0,0.0,0.0,0.0,0.0
2004-08-08,0.0,0.0,0.0,0.0,0.0,0.0,0.0,0.0,0.0,0.0,0.0
2004-08-09,0.0,0.0,0.0,0.0,0.0,0.0,0.0,0.0,0.0,0.0,0.0
2004-08-10,0.0,0.0,0.0,0.0,0.0,0.0,0.0,0.0,0.0,0.0,0.0
2004-08-11,0.0,0.0,0.0,0.0,0.0,0.0,0.0,0.0,0.0,0.0,0.0
2004-08-12,0.0,0.0,0.0,0.0,0.0,0.0,0.0,0.0,0.0,0.0,0.0
2004-08-13,0.0,0.0,0.0,0.0,0.0,0.0,0.0,0.0,0.0,0.0,0.0
2004-08-14,0.0,0.0,0.0,0.0,0.0,0.0,0.0,0.0,0.0,0.0,0.0
2004-08-15,0.0,0.0,0.0,0.0,0.0,0.0,0.0,0.0,0.0,0.0,0.0
2004-08-16,0.0,0.0,0.0,0.0,0.0,0.0,0.0,0.0,0.0,0.0,0.0
2004-08-17,0.0,0.0,0.0,0.0,0.0,0.0,0.0,0.0,0.0,0.0,0.0
2004-08-18,0.0,0.0,0.0,0.0,0.0,0.0,0.0,0.0,0.0,0.0,0.0
2004-08-19,0.0,0.0,0.0,0.0,0.0,0.0,0.0,0.0,0.0,0.0,0.0
2004-08-20,0.0,0.0,0.0,0.0,0.0,0.0,0.0,0.0,0.0,0.0,0.0
2004-08-21,0.0,0.0,0.0,0.0,0.0,0.0,0.0,0.0,0.0,0.0,0.0
2004-08-22,0.0,0.0,0.0,0.0,0.0,0.0,0.0,0.0,0.0,0.0,0.0
2004-08-23,0.0,0.0,0.0,0.0,0.0,0.0,0.0,0.0,0.0,0.0,0.0
2004-08-24,0.0,0.0,0.0,0.0,0.0,0.0,0.0,0.0,0.0,0.0,0.0
2004-08-25,0.0,0.0,0.0,0.0,0.0,0.0,0.0,0.0,0.0,0.0,0.0
2004-08-26,0.0,0.0,0.0,0.0,0.0,0.0,0.0,0.0,0.0,0.0,0.0
2004-08-27,0.0,0.0,0.0,0.0,0.0,0.0,0.0,0.0,0.0,0.0,0.0
2004-08-28,0.0,0.0,0.0,0.0,0.0,0.0,0.0,0.0,0.0,0.0,0.0
2004-08-29,0.0,0.0,0.0,0.0,0.0,0.0,0.0,0.0,0.0,0.0,0.0
2004-08-30,0.0,0.0,0.0,0.0,0.0,0.0,0.0,0.0,0.0,0.0,0.0
2004-08-31,0.0,0.0,0.0,0.0,0.0,0.0,0.0,0.0,0.0,0.0,0.0
2004-09-01,0.0,0.0,0.0,0.0,0.0,0.0,0.0,0.0,0.0,0.0,0.0
2004-09-02,0.0,0.0,0.0,0.0,0.0,0.0,0.0,0.0,0.0,0.0,0.0
2004-09-03,0.0,0.0,0.0,0.0,0.0,0.0,0.0,0.0,0.0,0.0,0.0
2004-09-04,0.0,0.0,0.0,0.0,0.0,0.0,0.0,0.0,0.0,0.0,0.0
2004-09-05,0.0,0.0,0.0,0.0,0.0,0.0,0.0,0.0,0.0,0.0,0.0
2004-09-06,0.0,0.0,0.0,0.0,0.0,0.0,0.0,0.0,0.0,0.0,0.0
2004-09-07,0.0,0.0,0.0,0.0,0.0,0.0,0.0,0.0,0.0,0.0,0.0
2004-09-08,0.0,0.0,0.0,0.0,0.0,0.0,0.0,0.0,0.0,0.0,0.0
2004-09-09,0.0,0.0,0.0,0.0,0.0,0.0,0.0,0.0,0.0,0.0,0.0
2004-09-10,0.0,0.0,0.0,0.0,0.0,0.0,0.0,0.0,0.0,0.0,0.0
2004-09-11,0.0,0.0,0.0,0.0,0.0,0.0,0.0,0.0,0.0,0.0,0.0
2004-09-12,0.0,0.0,0.0,0.0,0.0,0.0,0.0,0.0,0.0,0.0,0.0
2004-09-13,0.0,0.0,0.0,0.0,0.0,0.0,0.0,0.0,0.0,0.0,0.0
2004-09-14,0.0,0.0,0.0,0.0,0.0,0.0,0.0,0.0,0.0,0.0,0.0
2004-09-15,0.0,0.0,0.0,0.0,0.0,0.0,0.0,0.0,0.0,0.0,0.0
2004-09-16,0.0,0.0,0.0,0.0,0.0,0.0,0.0,0.0,0.0,0.0,0.0
2004-09-17,0.0,0.0,0.0,0.0,0.0,0.0,0.0,0.0,0.0,0.0,0.0
2004-09-18,0.0,0.0,0.0,0.0,0.0,0.0,0.0,0.0,0.0,0.0,0.0
2004-09-19,0.0,0.0,0.0,0.0,0.0,0.0,0.0,0.0,0.0,0.0,0.0
2004-09-20,0.0,0.0,0.0,0.0,0.7037037,0.84090906,0.0,1.0,1.0,0.6,0.0
2004-09-21,0.0,0.0,0.0,0.0,1.5185186,1.4772727,0.0,0.5,0.0,1.6,0.0
2004-09-22,0.0,0.0,0.0,0.0,0.037037037,0.022727273,0.0,0.0,0.0,0.0,0.0
2004-09-23,0.0,0.0,0.0,0.0,0.0,0.0,0.0,0.0,0.0,0.0,0.0
2004-09-24,0.0,0.0,0.0,0.0,0.0,0.0,0.0,0.0,0.0,0.0,0.0
2004-09-25,0.0,0.0,0.0,0.0,0.0,0.0,0.0,0.0,0.0,0.0,0.0
2004-09-26,0.0,0.0,0.0,0.0,0.0,0.0,0.0,0.0,0.0,0.0,0.0
2004-09-27,0.0,0.0,0.0,0.0,0.0,0.0,0.0,0.0,0.0,0.0,0.0
2004-09-28,0.0,0.0,0.0,0.0,0.0,0.0,0.0,0.0,0.0,0.0,0.0
2004-09-29,0.0,0.0,0.0,0.0,0.0,0.0,0.0,0.0,0.0,0.0,0.0
2004-09-30,0.0,0.0,0.0,0.0,0.0,0.0,0.0,0.0,0.0,0.0,0.0
2004-10-01,0.0,0.0,0.0,0.0,0.0,0.0,0.0,0.0,0.0,0.0,0.0
2004-10-02,0.0,0.0,0.0,0.0,0.0,0.0,0.0,0.0,0.0,0.0,0.0
2004-10-03,0.0,0.0,0.0,0.0,0.0,0.0,0.0,0.0,0.0,0.0,0.0
2004-10-04,0.0,0.0,0.0,0.0,0.0,0.0,0.0,0.0,0.0,0.0,0.0
2004-10-05,0.0,0.0,0.0,0.0,0.0,0.0,0.0,0.0,0.0,0.0,0.0
2004-10-06,0.0,0.0,0.0,0.0,0.0,0.0,0.0,0.0,0.0,0.0,0.0
2004-10-07,0.0,0.0,0.0,0.0,0.0,0.0,0.0,0.0,0.0,0.0,0.0
2004-10-08,0.0,0.0,0.0,0.0,0.0,0.0,0.0,0.0,0.0,0.0,0.0
2004-10-09,0.0,0.0,0.0,0.0,0.0,0.0,0.0,0.0,0.0,0.0,0.0
2004-10-10,0.0,0.0,0.0,0.0,0.0,0.0,0.0,0.0,0.0,0.0,0.0
2004-10-11,0.0,0.0,0.0,0.0,0.0,0.0,0.0,0.0,0.0,0.0,0.0
2004-10-12,0.0,0.0,0.0,0.0,0.0,0.0,0.0,0.0,0.0,0.0,0.0
2004-10-13,0.0,0.0,0.0,0.0,0.0,0.0,0.0,0.0,0.0,0.0,0.0
2004-10-14,0.0,0.0,0.0,0.0,0.0,0.0,0.0,0.0,0.0,0.0,0.0
2004-10-15,0.0,0.0,0.0,0.0,0.0,0.0,0.0,0.0,0.0,0.0,0.0
2004-10-16,0.0,0.0,0.0,0.0,0.0,0.0,0.0,0.0,0.0,0.0,0.0
2004-10-17,0.0,0.0,0.0,0.0,0.0,0.0,0.0,0.0,0.0,0.0,0.0
2004-10-18,24.166666,0.09090909,0.0,0.0,38.77778,37.863636,0.33333334,28.5,30.0,10.6,8.5
2004-10-19,32.833332,0.54545456,0.0,0.0,46.22222,46.75,0.3888889,32.0,30.0,11.6,9.5
2004-10-20,93.5,23.781818,12.666667,9.5,112.62963,116.72727,17.944445,99.0,124.0,36.4,48.0
2004-10-21,113.333336,32.21818,18.333334,16.5,144.40741,147.52272,19.88889,115.5,131.0,51.6,67.0
2004-10-22,105.666664,32.47273,18.0,15.75,143.25926,146.36363,17.666666,116.5,131.0,50.8,64.0
2004-10-23,111.833336,31.545454,17.333334,13.75,140.85185,144.38637,19.88889,116.0,127.0,47.2,61.0
2004-10-24,108.666664,29.309092,16.333334,12.25,144.88889,148.45454,19.722221,128.5,139.0,48.6,56.0
2004-10-25,112.666664,27.4,15.0,11.25,153.07408,154.79546,19.88889,123.0,128.0,47.4,50.0
2004-10-26,111.666664,25.527273,12.333333,9.25,152.55556,155.70454,41.88889,123.0,120.0,49.0,52.0
2004-10-27,165.33333,45.47273,24.333334,20.75,187.14815,190.43182,52.833332,159.0,160.0,83.0,76.5
2004-10-28,169.33333,46.909092,25.0,21.75,186.74074,191.5,59.61111,157.5,161.0,82.6,78.5
2004-10-29,169.33333,47.49091,25.0,21.5,185.18518,190.45454,53.38889,154.5,160.0,81.0,79.0
2004-10-30,172.33333,47.4,26.0,21.75,186.22223,191.18182,48.72222,152.0,154.0,81.8,77.5
2004-10-31,172.5,44.836365,26.333334,20.0,186.66667,191.29546,32.833332,153.5,152.0,81.2,76.5
2004-11-01,155.83333,44.01818,26.666666,20.0,183.81482,189.36363,35.944443,148.5,143.0,79.4,76.5
2004-11-02,148.66667,42.545456,26.0,19.5,182.33333,187.70454,32.38889,152.0,146.0,77.8,76.5
2004-11-03,141.66667,37.69091,27.666666,20.75,181.51852,185.38637,31.5,150.5,145.0,77.4,73.0
2004-11-04,161.5,37.109093,27.666666,20.75,186.14815,189.0,32.333332,168.0,168.0,91.6,88.5
2004-11-05,156.5,37.127274,27.666666,20.75,187.40741,189.88637,30.555555,169.5,165.0,96.4,92.0
2004-11-06,158.5,36.890907,26.333334,19.75,186.88889,189.09091,26.61111,167.0,162.0,96.4,89.0
2004-11-07,159.66667,32.21818,20.333334,15.25,187.48148,187.15909,21.333334,162.0,156.0,93.4,85.0
2004-11-08,141.16667,34.236362,18.666666,14.0,192.62962,189.20454,19.5,158.5,153.0,88.2,82.0
2004-11-09,153.83333,40.272728,24.666666,18.5,197.37038,192.79546,15.555555,153.5,152.0,88.8,78.5
2004-11-10,153.66667,37.872726,22.0,16.5,197.92592,192.56818,14.277778,146.0,144.0,84.4,74.0
2004-11-11,195.33333,36.109093,20.0,15.0,198.88889,192.97728,12.666667,142.0,141.0,82.2,70.5
2004-11-12,155.83333,35.454544,19.666666,14.75,202.55556,197.40909,12.055555,148.0,147.0,84.6,69.0
2004-11-13,196.66667,35.01818,19.333334,14.5,200.11111,195.5,10.611111,145.5,144.0,84.0,66.5
2004-11-14,156.33333,34.727272,18.666666,14.0,200.88889,195.47728,9.166667,139.5,136.0,84.8,65.5
2004-11-15,156.33333,33.145454,15.666667,11.75,200.92592,194.47728,7.7222223,136.5,133.0,84.8,64.0
2004-11-16,156.0,31.054546,13.0,9.75,200.59259,193.27272,6.4444447,133.5,132.0,81.2,62.5
2004-11-17,155.83333,29.054546,10.0,7.5,200.74074,192.04546,5.4444447,126.0,124.0,78.8,59.0
2004-11-18,155.33333,26.89091,6.6666665,5.0,201.77777,191.15909,4.4444447,121.0,122.0,75.8,54.0
2004-11-19,154.83333,24.981817,3.6666667,2.75,202.81482,189.75,3.8333333,116.0,117.0,73.0,49.5
2004-11-20,154.83333,24.654545,2.6666667,2.0,202.92592,189.11363,3.5555556,115.0,117.0,73.2,49.5
2004-11-21,154.83333,24.654545,2.3333333,1.75,204.7037,190.75,3.5,115.0,117.0,73.2,49.5
2004-11-22,154.83333,24.654545,2.3333333,1.75,205.40741,191.40909,3.4444444,115.0,117.0,73.0,49.5
2004-11-23,155.0,24.654545,2.0,1.5,204.03703,189.86363,3.1666667,115.0,116.0,73.4,49.5
2004-11-24,155.0,24.527273,1.6666666,1.25,203.33333,188.86363,2.9444444,114.0,116.0,73.2,49.5
2004-11-25,154.83333,23.872726,0.0,0.0,204.62962,188.40909,2.5555556,111.5,115.0,71.8,47.5
2004-11-26,154.66667,23.309092,0.0,0.0,205.37038,188.45454,5.4444447,113.5,117.0,71.6,47.0
2004-11-27,154.16667,23.0,0.0,0.0,204.85185,188.5,16.777779,120.0,122.0,76.6,50.5
2004-11-28,252.16667,29.454546,14.0,17.25,211.92592,194.45454,23.722221,165.5,162.0,109.8,78.5
2004-11-29,202.16667,29.690908,14.333333,17.5,217.40741,197.90909,23.666666,163.0,162.0,110.8,80.0
2004-11-30,223.83333,29.872726,15.666667,19.25,215.22223,196.59091,23.61111,164.5,163.0,111.4,81.0
2004-12-01,209.5,29.854546,14.0,17.75,216.33333,196.97728,22.222221,163.5,163.0,113.2,79.5
2004-12-02,194.0,29.854546,13.666667,17.5,218.81482,199.5,22.333334,164.5,163.0,113.6,79.5
2004-12-03,199.16667,29.854546,13.666667,17.5,220.81482,200.84091,22.38889,163.5,163.0,113.8,79.5
2004-12-04,198.66667,29.854546,12.333333,16.25,221.37038,201.13637,21.555555,164.0,163.0,114.6,80.5
2004-12-05,200.66667,29.836363,11.666667,15.75,222.85185,202.31818,21.5,164.5,163.0,114.4,81.0
2004-12-06,193.0,29.836363,11.333333,15.25,221.51852,201.20454,21.555555,164.0,163.0,114.6,81.0
2004-12-07,253.0,29.854546,11.333333,15.25,220.88889,206.25,56.444443,178.5,172.0,117.6,94.0
2004-12-08,275.83334,52.109093,30.0,38.5,281.96295,268.68182,96.333336,226.5,226.0,143.4,118.5
2004-12-09,244.83333,55.2,27.666666,36.0,296.0,285.18182,89.94444,292.0,301.0,162.0,153.5
2004-12-10,273.0,52.927273,24.666666,31.75,298.2963,285.3409,86.27778,290.0,302.0,159.8,147.0
2004-12-11,231.33333,42.69091,21.666666,24.75,300.77777,284.1591,82.0,291.5,301.0,158.4,144.0
2004-12-12,243.33333,30.10909,12.0,10.25,301.51852,280.20456,71.611115,292.5,298.0,152.8,141.0
2004-12-13,237.5,26.690908,8.0,6.0,302.07407,278.36365,68.833336,293.0,298.0,148.4,137.5
2004-12-14,219.83333,24.709091,4.0,3.0,302.2963,276.56818,63.11111,291.0,298.0,146.2,136.0
2004-12-15,218.16667,23.10909,0.33333334,0.25,302.66666,274.81818,57.72222,288.5,296.0,144.2,133.5
2004-12-16,218.16667,22.454546,0.0,0.0,302.62964,273.02274,53.88889,286.5,295.0,143.4,134.0
2004-12-17,217.83333,22.418182,0.0,0.0,302.5926,272.3409,49.555557,286.0,295.0,143.0,134.5
2004-12-18,217.33333,21.945454,0.0,0.0,302.96295,271.43182,40.72222,285.0,294.0,141.6,137.0
2004-12-19,216.66667,20.836363,0.0,0.0,302.18518,268.95456,37.0,282.0,292.0,141.0,138.0
2004-12-20,216.16667,19.654545,0.0,0.0,300.81482,266.4091,31.11111,277.0,289.0,138.0,136.0
2004-12-21,215.83333,19.127274,0.0,0.0,300.22223,265.04544,29.333334,273.0,284.0,137.2,136.0
2004-12-22,215.33333,19.236364,0.0,0.0,299.62964,264.18182,28.5,266.5,275.0,135.4,136.0
2004-12-23,272.66666,19.127274,0.0,0.0,299.14816,263.81818,28.0,266.5,275.0,134.8,136.0
2004-12-24,215.33333,19.127274,0.0,0.0,298.51852,263.38635,26.666666,266.5,275.0,134.8,136.0
2004-12-25,271.5,19.054546,0.0,0.0,297.44446,261.81818,25.166666,262.0,272.0,134.0,136.0
2004-12-26,271.16666,19.0,0.0,0.0,296.66666,260.88635,24.944445,258.0,267.0,133.8,136.0
2004-12-27,214.83333,21.127274,1.0,0.75,297.14816,261.3409,27.277779,255.5,265.0,135.8,135.5
2004-12-28,266.0,24.927273,2.6666667,2.0,311.0,277.27274,35.833332,260.0,270.0,139.4,142.0
2004-12-29,306.16666,54.109093,12.333333,13.5,335.14816,300.81818,54.666668,273.5,280.0,145.8,149.0
2004-12-30,346.83334,70.63636,28.666666,31.75,365.81482,328.22726,114.111115,306.5,303.0,158.0,170.0
2004-12-31,447.66666,90.36364,40.333332,44.5,472.92593,428.72726,130.66667,413.0,411.0,195.6,244.5
2005-01-01,447.66666,124.05454,96.0,99.25,485.74075,433.52274,163.22223,457.5,452.0,236.6,270.0
2005-01-02,434.66666,125.25455,99.333336,102.25,495.25925,434.61365,166.83333,494.0,505.0,244.6,289.0
2005-01-03,447.83334,128.70909,100.333336,103.0,500.37036,439.70456,201.44444,503.0,496.0,245.4,291.5
2005-01-04,472.16666,145.76364,117.666664,121.75,511.77777,448.36365,186.16667,503.0,497.0,248.0,292.0
2005-01-05,477.16666,151.94545,131.0,135.0,517.7407,453.77274,206.61111,502.0,497.0,248.2,292.0
2005-01-06,484.16666,152.25455,133.66667,137.75,515.8889,451.56818,208.27777,502.5,497.0,248.4,293.5
2005-01-07,468.33334,152.16364,133.66667,137.75,518.2222,456.18182,196.16667,505.5,499.0,248.8,295.5
2005-01-08,536.3333,174.10909,152.33333,158.25,583.96295,515.1818,239.27777,567.0,559.0,282.2,346.0
2005-01-09,579.3333,214.2,178.0,185.0,640.0741,567.7045,246.61111,653.5,657.0,325.4,386.5
2005-01-10,578.0,240.70909,199.33333,200.25,683.62964,611.38635,257.44446,680.0,695.0,341.4,404.5
2005-01-11,640.6667,268.92728,215.0,221.75,724.37036,649.4545,278.66666,715.0,731.0,355.6,420.0
2005-01-12,636.0,282.85455,232.33333,235.25,735.2593,661.2955,266.77777,728.0,747.0,360.8,427.5
2005-01-13,643.6667,282.41818,237.66667,243.75,779.2222,724.3409,271.27777,735.0,756.0,361.0,431.5
2005-01-14,642.6667,282.16364,235.33333,241.5,778.44446,722.75,274.27777,741.5,766.0,358.6,433.5
2005-01-15,637.0,280.56363,230.66667,237.0,777.85187,722.0455,269.83334,747.0,773.0,360.6,433.5
2005-01-16,616.8333,277.8909,222.0,228.25,777.62964,721.3409,264.5,747.0,775.0,369.8,434.5
2005-01-17,625.3333,275.83636,212.0,218.25,777.55554,721.0682,262.22223,748.0,775.0,369.4,435.5
2005-01-18,625.1667,273.21817,203.66667,209.5,776.7778,719.0455,261.72223,742.5,768.0,368.0,436.5
2005-01-19,619.8333,269.34546,191.33333,197.0,776.8889,717.75,240.22223,739.0,765.0,365.2,436.5
2005-01-20,618.0,264.9091,178.33333,184.0,774.3333,714.0,231.38889,733.0,766.0,362.8,439.0
2005-01-21,608.1667,260.07272,164.66667,170.25,773.55554,712.75,219.61111,729.0,764.0,360.2,438.5
2005-01-22,602.3333,255.74545,155.33333,160.25,773.0,711.2045,215.44444,726.5,765.0,358.4,438.0
2005-01-23,590.6667,252.38182,155.0,156.5,771.7407,709.5909,206.66667,722.5,764.0,356.6,439.0
2005-01-24,583.1667,249.10909,154.66667,153.5,771.37036,708.61365,198.16667,719.5,765.0,355.2,441.0
2005-01-25,581.0,246.72728,155.33333,151.5,773.8889,711.0682,185.88889,717.5,767.0,354.8,441.0
2005-01-26,605.0,247.63637,155.66667,149.75,786.8148,733.88635,178.22223,730.5,783.0,360.8,442.0
2005-01-27,625.3333,264.0182,163.66667,159.0,817.7037,764.6818,182.44444,738.0,791.0,367.2,448.0
2005-01-28,637.3333,267.27274,165.0,160.5,821.2222,768.9091,196.94444,744.0,791.0,366.8,452.0
2005-01-29,685.3333,276.07272,185.33333,181.5,804.0,718.4773,197.94444,766.5,818.0,373.0,458.5
2005-01-30,640.5,276.3818,193.0,190.5,849.44446,783.7955,235.38889,767.5,819.0,381.8,468.0
2005-01-31,648.1667,276.47272,194.0,190.5,847.96295,793.0909,228.55556,767.5,820.0,382.4,469.0
2005-02-01,635.0,272.45456,185.33333,182.0,841.0,789.11365,178.44444,765.0,821.0,382.8,469.0
2005-02-02,630.0,271.45456,179.0,175.5,840.2593,787.7727,227.77777,764.0,820.0,378.0,469.5
2005-02-03,620.3333,270.94547,178.66667,173.75,839.0741,785.8409,220.5,764.0,822.0,386.4,469.5
2005-02-04,617.5,269.9091,179.0,171.5,838.5185,784.4318,203.27777,764.5,822.0,386.8,470.0
2005-02-05,601.6667,268.70908,179.0,168.75,838.2963,783.3182,163.66667,761.0,822.0,386.8,470.0
2005-02-06,626.3333,267.32727,179.66667,167.5,838.03705,782.7045,162.0,761.0,823.0,387.8,471.5
2005-02-07,623.0,267.27274,179.66667,167.5,838.7778,783.9545,176.11111,762.5,825.0,385.8,468.5
2005-02-08,625.5,267.29092,179.66667,167.5,839.37036,784.5682,162.94444,775.0,840.0,387.8,472.0
2005-02-09,626.1667,267.0182,179.66667,166.0,838.7778,783.8182,164.5,775.0,840.0,387.8,472.0
2005-02-10,627.5,266.2,180.0,164.5,838.1852,782.9773,160.11111,773.5,840.0,387.6,472.5
2005-02-11,618.0,266.23636,179.66667,161.75,837.7778,781.5455,152.72223,776.0,842.0,391.0,473.5
2005-02-12,637.0,272.58182,180.33333,160.75,847.55554,789.13635,153.05556,781.5,850.0,393.0,475.0
2005-02-13,632.6667,271.07272,181.0,159.25,849.1111,789.88635,154.94444,783.0,852.0,387.6,473.5
2005-02-14,632.8333,270.23636,181.33333,158.0,849.1852,789.11365,145.11111,801.0,874.0,396.4,474.5
2005-02-15,634.5,268.29092,181.33333,155.5,849.4815,789.9091,147.11111,804.5,880.0,393.4,477.0
2005-02-16,693.3333,267.72726,180.0,152.5,891.8889,836.0682,147.16667,820.0,890.0,403.0,479.5
2005-02-17,669.0,266.29092,178.66667,149.0,902.55554,845.6591,150.38889,824.5,900.0,407.8,483.0
2005-02-18,672.3333,265.81818,175.66667,143.0,903.0,846.5682,148.11111,826.5,900.0,409.0,484.0
2005-02-19,680.3333,275.18182,188.66667,160.25,919.5185,862.2045,145.33333,826.0,903.0,411.6,483.0
2005-02-20,737.5,286.85455,201.0,176.25,946.4074,889.1818,172.33333,846.0,917.0,416.2,490.5
2005-02-21,754.5,298.05453,201.66667,176.5,984.1852,932.5,151.66667,866.5,936.0,426.4,499.5
2005-02-22,757.5,307.65454,203.0,178.25,1000.2963,949.5455,146.0,881.5,949.0,444.8,504.5
2005-02-23,763.5,312.14545,205.0,181.0,999.62964,948.8182,142.0,890.0,959.0,446.2,504.0
2005-02-24,756.6667,312.83636,205.0,179.5,983.2222,923.5227,137.22223,889.5,959.0,446.8,504.5
2005-02-25,752.8333,312.63635,205.66667,178.5,985.2963,923.63635,134.77777,890.5,961.0,438.2,502.5
2005-02-26,746.0,311.4909,205.66667,176.75,986.6667,924.7045,132.0,889.0,962.0,446.8,501.0
2005-02-27,744.3333,311.27274,206.0,176.5,988.0741,926.5227,130.27777,887.5,963.0,446.4,503.5
2005-02-28,787.5,311.83636,206.66667,175.5,1002.7407,942.86365,147.11111,897.0,967.0,447.0,506.0
2005-03-01,728.0,312.2,206.33333,172.75,1012.2222,951.0,153.5,903.5,974.0,446.0,510.0
2005-03-02,749.8333,311.52728,205.0,169.25,1017.7407,955.63635,156.66667,910.0,980.0,451.4,514.0
2005-03-03,737.5,311.27274,204.66667,167.25,1018.14813,957.2273,160.11111,922.5,994.0,454.2,522.0
2005-03-04,743.1667,314.0909,202.33333,162.0,1017.9259,957.0,160.66667,926.0,997.0,453.0,522.5
2005-03-05,749.8333,316.25455,205.66667,163.25,1019.55554,958.36365,144.94444,926.0,998.0,452.8,520.5
2005-03-06,750.0,315.03638,204.66667,160.25,1019.8889,955.88635,135.55556,922.0,997.0,452.6,516.5
2005-03-07,745.6667,311.32727,200.0,151.75,1020.0,954.6591,126.05556,917.0,994.0,450.6,512.5
2005-03-08,731.3333,301.43637,192.66667,144.5,1018.14813,948.0909,114.72222,908.5,986.0,445.4,507.5
2005-03-09,726.6667,287.07272,181.0,135.75,1017.4815,941.1818,98.55556,897.5,979.0,436.6,500.5
2005-03-10,719.5,263.58182,166.0,124.5,1016.4815,934.0227,85.55556,886.0,972.0,423.6,491.0
2005-03-11,711.3333,241.2,154.66667,116.0,1014.7037,928.8182,82.666664,871.5,963.0,412.0,484.5
2005-03-12,702.0,214.5091,140.33333,105.25,1011.4815,919.5682,67.333336,843.0,950.0,399.8,472.0
2005-03-13,698.1667,194.81818,129.0,96.75,1008.8889,912.25,55.055557,817.0,937.0,389.6,456.0
2005-03-14,703.0,185.5091,126.0,94.5,1006.14813,907.6818,48.833332,813.0,931.0,385.6,451.5
2005-03-15,694.6667,185.34546,124.666664,93.5,1004.62964,905.3409,46.055557,813.0,931.0,384.2,451.0
2005-03-16,685.3333,184.83636,124.0,93.0,999.8889,900.13635,50.88889,810.0,930.0,382.8,448.0
2005-03-17,669.8333,181.56363,119.666664,89.75,1001.7778,900.3182,47.666668,806.5,929.0,382.0,444.0
2005-03-18,665.6667,177.43637,119.0,89.25,999.9259,898.0909,46.333332,805.0,929.0,381.6,442.5
2005-03-19,688.1667,177.90909,119.0,89.25,999.1852,897.9318,44.833332,804.5,930.0,382.6,442.0
2005-03-20,759.3333,198.56363,144.33333,113.0,1041.4073,941.3182,63.22222,869.0,991.0,407.0,475.0
2005-03-21,767.5,208.70909,159.33333,127.25,1069.5555,971.5227,81.166664,917.5,1044.0,435.6,508.5
2005-03-22,800.8333,215.72728,165.33333,133.25,1091.4445,993.6591,101.22222,935.5,1064.0,446.6,523.0
2005-03-23,868.0,265.27274,203.66667,179.75,1171.037,1076.1136,105.888885,989.0,1123.0,475.2,558.5
2005-03-24,854.1667,277.0182,233.66667,210.0,1191.4073,1085.9546,125.388885,1003.5,1143.0,487.0,576.0
2005-03-25,861.6667,274.5091,236.33333,214.0,1191.6296,1083.1136,125.5,1009.5,1155.0,487.2,582.5
2005-03-26,844.6667,274.41818,232.66667,211.5,1211.4445,1110.409,124.22222,1022.0,1167.0,485.2,582.5
2005-03-27,849.0,271.6,224.33333,205.25,1211.2593,1121.5227,115.111115,1026.5,1168.0,494.0,578.5
2005-03-28,899.1667,263.54544,222.0,203.5,1228.8889,1134.909,131.94444,1066.0,1199.0,506.6,588.5
2005-03-29,867.1667,273.54544,244.66667,227.0,1234.7778,1139.7954,128.0,1096.0,1229.0,519.4,600.0
2005-03-30,820.5,273.30908,239.33333,223.0,1238.1482,1143.7954,129.38889,1113.0,1251.0,527.8,605.5
2005-03-31,813.6667,272.27274,235.0,219.0,1236.3334,1141.1818,156.44444,1121.0,1265.0,523.8,605.0
2005-04-01,965.8333,271.96362,229.66667,208.75,1255.3704,1171.591,120.166664,1128.5,1264.0,527.8,604.0
2005-04-02,769.0,261.12726,218.33333,190.75,1253.8518,1167.4773,110.111115,1131.0,1265.0,524.4,596.5
2005-04-03,804.1667,248.81818,207.33333,173.0,1252.2963,1163.5454,101.94444,1127.0,1265.0,519.4,589.0
2005-04-04,852.8333,247.87273,207.0,169.5,1273.5555,1183.159,173.55556,1137.0,1274.0,526.0,607.5
2005-04-05,833.5,250.85454,208.0,170.5,1274.5555,1187.4318,127.0,1145.0,1279.0,527.6,615.0
2005-04-06,833.3333,241.87273,200.0,157.0,1272.1482,1182.341,111.666664,1145.5,1281.0,521.4,606.5
2005-04-07,816.8333,222.67273,184.66667,138.5,1268.2222,1173.2273,110.833336,1134.5,1281.0,521.4,592.0
2005-04-08,799.0,221.92728,185.0,138.75,1274.963,1182.2954,132.88889,1142.5,1292.0,516.4,592.0
2005-04-09,815.0,236.63637,192.33333,148.25,1301.2593,1205.5454,156.0,1162.5,1308.0,534.2,606.5
2005-04-10,797.8333,238.43637,201.66667,157.25,1301.0,1197.1364,138.0,1186.0,1325.0,532.8,608.0
2005-04-11,796.0,236.83636,201.66667,157.5,1301.2222,1209.7273,123.44444,1189.5,1325.0,533.6,606.5
2005-04-12,792.0,227.12727,197.33333,148.0,1300.4814,1204.9318,111.22222,1185.5,1325.0,530.4,597.0
2005-04-13,790.8333,216.98181,193.0,144.75,1300.0741,1201.6136,118.166664,1186.5,1327.0,529.4,589.5
2005-04-14,790.8333,214.07272,193.0,144.75,1300.0,1201.7273,92.166664,1187.0,1328.0,526.2,587.5
2005-04-15,789.5,208.16364,191.33333,143.5,1298.1852,1199.6818,91.888885,1188.5,1327.0,516.4,591.5
2005-04-16,790.3333,196.4,182.66667,137.0,1295.3334,1193.2954,99.72222,1175.0,1326.0,510.4,583.0
2005-04-17,788.8333,180.01819,168.0,126.0,1290.7407,1184.5227,85.111115,1136.5,1305.0,492.4,556.5
2005-04-18,785.8333,168.54546,159.0,119.25,1285.1111,1174.8636,79.5,1117.0,1281.0,484.6,544.5
2005-04-19,788.3333,166.89091,158.0,118.5,1282.9259,1172.4773,77.44444,1113.0,1272.0,482.6,549.0
2005-04-20,791.5,166.83636,158.0,118.5,1282.6666,1172.9546,75.22222,1113.5,1263.0,483.0,549.5
2005-04-21,789.5,166.45454,156.66667,117.5,1281.1482,1171.0,70.833336,1111.0,1262.0,480.8,550.5
2005-04-22,788.8333,162.4909,145.66667,109.25,1277.5186,1165.1136,62.944443,1100.0,1258.0,474.4,536.5
2005-04-23,788.6667,159.54546,129.66667,97.25,1274.6666,1158.3636,53.666668,1075.0,1242.0,459.2,515.5
2005-04-24,787.3333,158.18182,118.333336,88.75,1273.9259,1156.2273,52.333332,1071.5,1234.0,455.4,506.0
2005-04-25,790.0,157.41818,121.333336,91.0,1277.2222,1158.5227,50.5,1073.5,1235.0,454.2,503.5
2005-04-26,788.3333,154.52727,113.0,84.75,1274.6296,1154.6818,45.333332,1067.0,1227.0,448.8,487.0
2005-04-27,786.0,147.43637,98.666664,74.0,1268.5927,1145.3636,38.055557,1049.0,1212.0,426.4,463.0
2005-04-28,785.6667,142.83636,95.666664,71.75,1272.0741,1146.5454,34.0,1037.0,1198.0,421.4,445.0
2005-04-29,789.1667,150.90909,101.333336,76.75,1276.1111,1150.9546,32.22222,1031.0,1189.0,420.0,438.0
2005-04-30,785.1667,146.25455,103.0,77.25,1272.5555,1145.9546,29.0,1015.5,1171.0,410.6,421.0
2005-05-01,781.5,138.09091,97.333336,73.0,1267.4073,1139.25,27.11111,1004.5,1162.0,411.0,404.0
2005-05-02,779.3333,128.36363,95.0,71.25,1263.8518,1134.0227,25.38889,986.5,1139.0,406.0,394.5
2005-05-03,775.5,119.25455,91.0,68.25,1261.9259,1128.659,22.11111,967.0,1117.0,391.0,375.5
2005-05-04,770.8333,107.58182,84.666664,63.5,1254.9259,1118.5,17.61111,946.5,1092.0,370.8,353.0
2005-05-05,765.0,98.05454,77.333336,58.0,1249.2593,1108.591,16.61111,930.5,1077.0,355.8,332.0
2005-05-06,777.8333,106.4,101.0,75.75,1268.2593,1124.7954,15.833333,922.5,1064.0,344.2,323.5
2005-05-07,778.5,110.98182,111.666664,83.75,1268.5186,1123.8636,15.388889,914.5,1051.0,336.6,316.0
2005-05-08,777.5,102.43636,120.333336,90.25,1267.6296,1121.7954,14.555555,897.5,1030.0,324.0,298.5
2005-05-09,799.5,88.38182,103.666664,77.75,1282.4445,1137.2273,15.5,906.0,1025.0,322.0,301.5
2005-05-10,820.8333,89.0,112.666664,84.5,1301.4814,1155.25,27.222221,938.5,1034.0,335.6,322.5
2005-05-11,820.3333,86.854546,113.0,84.75,1298.8889,1157.091,22.444445,946.5,1049.0,337.0,321.5
2005-05-12,818.8333,74.29091,106.333336,79.75,1292.6666,1149.8864,16.277779,942.0,1050.0,334.0,311.0
2005-05-13,813.8333,66.94546,94.0,70.5,1285.2963,1138.8636,14.166667,916.5,1025.0,323.2,285.0
2005-05-14,805.8333,59.2,82.666664,62.0,1263.5555,1116.4773,10.888889,874.0,984.0,307.6,250.0
2005-05-15,796.1667,49.563637,68.666664,51.5,1246.2222,1090.7954,7.5,824.0,937.0,289.0,213.0
2005-05-16,783.5,40.436363,54.333332,40.75,1227.3704,1059.3636,6.2777777,804.5,913.0,289.4,186.5
2005-05-17,795.3333,39.636364,54.666668,41.0,1229.963,1064.7273,5.7222223,787.5,906.0,286.8,183.0
2005-05-18,791.6667,37.436363,51.666668,38.75,1233.3704,1070.341,5.5,810.5,921.0,291.4,175.5
2005-05-19,781.5,32.254547,39.333332,29.5,1225.2593,1060.75,4.9444447,801.0,915.0,281.6,174.0
2005-05-20,768.3333,35.727272,24.0,18.0,1199.2963,1034.2046,3.7777777,728.0,845.0,265.4,152.5
2005-05-21,760.8333,30.0,11.0,8.25,1157.7778,997.63635,2.5,663.0,806.0,254.0,142.5
2005-05-22,745.5,23.581818,0.0,0.0,1144.1852,983.61365,0.055555556,622.0,762.0,235.2,121.0
2005-05-23,724.8333,17.218182,0.0,0.0,1116.0,958.88635,0.0,572.0,712.0,211.2,97.0
2005-05-24,797.1667,11.654546,0.0,0.0,1085.6296,929.75,0.0,524.5,667.0,188.0,71.0
2005-05-25,767.8333,7.7272725,0.0,0.0,1065.2963,909.8409,0.0,468.5,611.0,163.8,45.5
2005-05-26,744.1667,4.2727275,0.0,0.0,1053.4073,893.5682,0.0,408.5,550.0,135.6,12.5
2005-05-27,718.6667,2.490909,0.0,0.0,1024.8148,863.1591,0.0,333.0,486.0,106.4,0.0
2005-05-28,690.0,1.2727273,0.0,0.0,996.62964,830.9545,0.0,263.0,428.0,78.0,0.0
2005-05-29,668.1667,0.72727275,0.0,0.0,942.5926,788.7045,0.0,233.0,395.0,62.2,0.0
2005-05-30,662.5,0.6181818,0.0,0.0,916.8889,769.5455,0.0,213.0,366.0,55.6,0.0
2005-05-31,648.8333,0.4181818,0.0,0.0,898.03705,752.25,0.0,176.5,316.0,42.4,0.0
2005-06-01,626.8333,0.0,0.0,0.0,874.5926,728.0227,0.0,133.0,266.0,23.2,0.0
2005-06-02,605.1667,0.0,0.0,0.0,829.85187,682.2727,0.0,99.0,219.0,14.2,0.0
2005-06-03,593.8333,0.0,0.0,0.0,813.37036,667.8409,0.0,78.0,194.0,6.0,0.0
2005-06-04,581.8333,0.0,0.0,0.0,797.55554,653.2045,0.0,65.5,178.0,0.8,0.0
2005-06-05,565.3333,0.0,0.0,0.0,780.55554,635.2273,0.0,51.0,156.0,0.0,0.0
2005-06-06,560.0,0.0,0.0,0.0,776.03705,629.5,0.0,47.0,148.0,0.0,0.0
2005-06-07,559.5,0.0,0.0,0.0,763.5926,621.63635,0.0,46.5,147.0,0.0,0.0
2005-06-08,558.0,0.0,0.0,0.0,749.4074,612.0455,0.0,46.0,144.0,0.4,0.0
2005-06-09,553.6667,0.0,0.0,0.0,747.1852,609.7955,0.0,48.0,139.0,0.0,0.0
2005-06-10,546.3333,0.0,0.0,0.0,742.4074,605.2273,0.0,40.5,126.0,0.0,0.0
2005-06-11,538.1667,0.0,0.0,0.0,705.7407,572.2955,0.0,30.0,109.0,0.0,0.0
2005-06-12,528.8333,0.0,0.0,0.0,645.2963,517.1591,0.0,18.0,92.0,0.0,0.0
2005-06-13,513.3333,0.0,0.0,0.0,608.62964,485.5,0.0,3.5,70.0,0.0,0.0
2005-06-14,490.33334,0.0,0.0,0.0,533.7778,434.95456,0.0,0.0,39.0,0.0,0.0
2005-06-15,477.0,0.0,0.0,0.0,494.5926,405.95456,0.0,0.0,5.0,0.0,0.0
2005-06-16,456.83334,0.0,0.0,0.0,471.33334,387.06818,0.0,0.0,0.0,0.0,0.0
2005-06-17,448.83334,0.0,0.0,0.0,463.22223,380.45456,0.0,0.0,0.0,0.0,0.0
2005-06-18,448.66666,0.0,0.0,0.0,462.55554,380.13635,0.0,5.5,0.0,0.2,0.0
2005-06-19,447.5,0.0,0.0,0.0,460.85184,378.70456,0.0,3.0,0.0,0.0,0.0
2005-06-20,419.16666,0.0,0.0,0.0,453.55554,372.9091,0.0,0.0,0.0,0.0,0.0
2005-06-21,381.0,0.0,0.0,0.0,434.74075,357.0,0.0,0.0,0.0,0.0,0.0
2005-06-22,359.83334,0.0,0.0,0.0,450.55554,362.38635,0.0,0.0,0.0,0.0,0.0
2005-06-23,357.5,0.0,0.0,0.0,426.1111,342.56818,0.0,0.0,0.0,0.0,0.0
2005-06-24,360.5,0.0,0.0,0.0,402.77777,323.3409,0.0,0.0,0.0,0.0,0.0
2005-06-25,302.5,0.0,0.0,0.0,382.07407,306.4091,0.0,0.0,0.0,0.0,0.0
2005-06-26,261.5,0.0,0.0,0.0,369.33334,295.72726,0.0,0.0,0.0,0.0,0.0
2005-06-27,241.0,0.0,0.0,0.0,354.92593,283.72726,0.0,0.0,0.0,0.0,0.0
2005-06-28,227.83333,0.0,0.0,0.0,338.14816,269.02274,0.0,0.0,0.0,0.0,0.0
2005-06-29,213.83333,0.0,0.0,0.0,321.25925,254.06818,0.0,0.0,0.0,0.0,0.0
2005-06-30,192.66667,0.0,0.0,0.0,300.14816,235.09091,0.0,0.0,0.0,0.0,0.0
2005-07-01,167.83333,0.0,0.0,0.0,268.48148,209.47728,0.0,0.0,0.0,0.0,0.0
2005-07-02,147.66667,0.0,0.0,0.0,234.03703,182.61363,0.0,0.0,0.0,0.0,0.0
2005-07-03,129.66667,0.0,0.0,0.0,205.07408,159.84091,0.0,0.0,0.0,0.0,0.0
2005-07-04,112.5,0.0,0.0,0.0,179.33333,139.25,0.0,0.0,0.0,0.0,0.0
2005-07-05,95.5,0.0,0.0,0.0,156.07408,120.02273,0.0,0.0,0.0,0.0,0.0
2005-07-06,77.833336,0.0,0.0,0.0,132.22223,100.34091,0.0,0.0,0.0,0.0,0.0
2005-07-07,59.333332,0.0,0.0,0.0,110.59259,81.795456,0.0,0.0,0.0,0.0,0.0
2005-07-08,40.333332,0.0,0.0,0.0,91.40741,66.13636,0.0,0.0,0.0,0.0,0.0
2005-07-09,22.833334,0.0,0.0,0.0,75.96296,53.136364,0.0,0.0,0.0,0.0,0.0
2005-07-10,9.5,0.0,0.0,0.0,64.333336,44.18182,0.0,0.0,0.0,0.0,0.0
2005-07-11,0.0,0.0,0.0,0.0,56.25926,37.18182,0.0,0.0,0.0,0.0,0.0
2005-07-12,0.0,0.0,0.0,0.0,47.407406,29.977272,0.0,0.0,0.0,0.0,0.0
2005-07-13,0.0,0.0,0.0,0.0,37.851852,23.227272,0.0,0.0,0.0,0.0,0.0
2005-07-14,0.0,0.0,0.0,0.0,30.62963,18.795454,0.0,0.0,0.0,0.0,0.0
2005-07-15,0.0,0.0,0.0,0.0,24.0,14.727273,0.0,0.0,0.0,0.0,0.0
2005-07-16,0.0,0.0,0.0,0.0,19.851852,12.181818,0.0,0.0,0.0,0.0,0.0
2005-07-17,0.0,0.0,0.0,0.0,13.407408,8.227273,0.0,0.0,0.0,0.0,0.0
2005-07-18,0.0,0.0,0.0,0.0,7.962963,4.8863635,0.0,0.0,0.0,0.0,0.0
2005-07-19,0.0,0.0,0.0,0.0,3.2962964,2.0227273,0.0,0.0,0.0,0.0,0.0
2005-07-20,0.0,0.0,0.0,0.0,1.1481482,0.70454544,0.0,0.0,0.0,0.0,0.0
2005-07-21,0.0,0.0,0.0,0.0,0.0,0.0,0.0,0.0,0.0,0.0,0.0
2005-07-22,0.0,0.0,0.0,0.0,0.0,0.0,0.0,0.0,0.0,0.0,0.0
2005-07-23,0.0,0.0,0.0,0.0,0.0,0.0,0.0,0.0,0.0,0.0,0.0
2005-07-24,0.0,0.0,0.0,0.0,0.0,0.0,0.0,0.0,0.0,0.0,0.0
2005-07-25,0.0,0.0,0.0,0.0,0.0,0.0,0.0,0.0,0.0,0.0,0.0
2005-07-26,0.0,0.0,0.0,0.0,0.0,0.0,0.0,0.0,0.0,0.0,0.0
2005-07-27,0.0,0.0,0.0,0.0,0.0,0.0,0.0,0.0,0.0,0.0,0.0
2005-07-28,0.0,0.0,0.0,0.0,0.0,0.0,0.0,0.0,0.0,0.0,0.0
2005-07-29,0.0,0.0,0.0,0.0,0.0,0.0,0.0,0.0,0.0,0.0,0.0
2005-07-30,0.0,0.0,0.0,0.0,0.0,0.0,0.0,0.0,0.0,0.0,0.0
2005-07-31,0.0,0.0,0.0,0.0,0.0,0.0,0.0,0.0,0.0,0.0,0.0
2005-08-01,0.0,0.0,0.0,0.0,0.0,0.0,0.0,0.0,0.0,0.0,0.0
2005-08-02,0.0,0.0,0.0,0.0,0.0,0.0,0.0,0.0,0.0,0.0,0.0
2005-08-03,0.0,0.0,0.0,0.0,0.0,0.0,0.0,0.0,0.0,0.0,0.0
2005-08-04,0.0,0.0,0.0,0.0,0.0,0.0,0.0,0.0,0.0,0.0,0.0
2005-08-05,0.0,0.0,0.0,0.0,0.0,0.0,0.0,0.0,0.0,0.0,0.0
2005-08-06,0.0,0.0,0.0,0.0,0.0,0.0,0.0,0.0,0.0,0.0,0.0
2005-08-07,0.0,0.0,0.0,0.0,0.0,0.0,0.0,0.0,0.0,0.0,0.0
2005-08-08,0.0,0.0,0.0,0.0,0.0,0.0,0.0,0.0,0.0,0.0,0.0
2005-08-09,0.0,0.0,0.0,0.0,0.0,0.0,0.0,0.0,0.0,0.0,0.0
2005-08-10,0.0,0.0,0.0,0.0,0.0,0.0,0.0,0.0,0.0,0.0,0.0
2005-08-11,0.0,0.0,0.0,0.0,0.0,0.0,0.0,0.0,0.0,0.0,0.0
2005-08-12,0.0,0.0,0.0,0.0,0.0,0.0,0.0,0.0,0.0,0.0,0.0
2005-08-13,0.0,0.0,0.0,0.0,0.0,0.0,0.0,0.0,0.0,0.0,0.0
2005-08-14,0.0,0.0,0.0,0.0,0.0,0.0,0.0,0.0,0.0,0.0,0.0
2005-08-15,0.0,0.0,0.0,0.0,0.0,0.0,0.0,0.0,0.0,0.0,0.0
2005-08-16,0.0,0.0,0.0,0.0,0.0,0.0,0.0,0.0,0.0,0.0,0.0
2005-08-17,0.0,0.0,0.0,0.0,0.0,0.0,0.0,0.0,0.0,0.0,0.0
2005-08-18,0.0,0.0,0.0,0.0,0.0,0.0,0.0,0.0,0.0,0.0,0.0
2005-08-19,0.0,0.0,0.0,0.0,0.0,0.0,0.0,0.0,0.0,0.0,0.0
2005-08-20,0.0,0.0,0.0,0.0,0.0,0.0,0.0,0.0,0.0,0.0,0.0
2005-08-21,0.0,0.0,0.0,0.0,0.0,0.0,0.0,0.0,0.0,0.0,0.0
2005-08-22,0.0,0.0,0.0,0.0,0.0,0.0,0.0,0.0,0.0,0.0,0.0
2005-08-23,0.0,0.0,0.0,0.0,0.0,0.0,0.0,0.0,0.0,0.0,0.0
2005-08-24,0.0,0.0,0.0,0.0,0.0,0.0,0.0,0.0,0.0,0.0,0.0
2005-08-25,0.0,0.0,0.0,0.0,0.0,0.0,0.0,0.0,0.0,0.0,0.0
2005-08-26,0.0,0.0,0.0,0.0,0.0,0.0,0.0,0.0,0.0,0.0,0.0
2005-08-27,0.0,0.0,0.0,0.0,0.0,0.0,0.0,0.0,0.0,0.0,0.0
2005-08-28,0.0,0.0,0.0,0.0,0.0,0.0,0.0,0.0,0.0,0.0,0.0
2005-08-29,0.0,0.0,0.0,0.0,0.0,0.0,0.0,0.0,0.0,0.0,0.0
2005-08-30,0.0,0.0,0.0,0.0,0.0,0.0,0.0,0.0,0.0,0.0,0.0
2005-08-31,0.0,0.0,0.0,0.0,0.0,0.0,0.0,0.0,0.0,0.0,0.0
2005-09-01,0.0,0.0,0.0,0.0,0.0,0.0,0.0,0.0,0.0,0.0,0.0
2005-09-02,0.0,0.0,0.0,0.0,0.0,0.0,0.0,0.0,0.0,0.0,0.0
2005-09-03,0.0,0.0,0.0,0.0,0.0,0.0,0.0,0.0,0.0,0.0,0.0
2005-09-04,0.0,0.0,0.0,0.0,0.0,0.0,0.0,0.0,0.0,0.0,0.0
2005-09-05,0.0,0.0,0.0,0.0,0.0,0.0,0.0,0.0,0.0,0.0,0.0
2005-09-06,0.0,0.0,0.0,0.0,0.0,0.0,0.0,0.0,0.0,0.0,0.0
2005-09-07,0.0,0.0,0.0,0.0,0.0,0.0,0.0,0.0,0.0,0.0,0.0
2005-09-08,0.0,0.0,0.0,0.0,0.0,0.0,0.0,0.0,0.0,0.0,0.0
2005-09-09,0.0,0.0,0.0,0.0,0.0,0.0,0.0,0.0,0.0,0.0,0.0
2005-09-10,0.0,0.0,0.0,0.0,0.0,0.0,0.0,0.0,0.0,0.0,0.0
2005-09-11,0.0,0.0,0.0,0.0,0.0,0.0,0.0,0.0,0.0,0.0,0.0
2005-09-12,0.0,0.0,0.0,0.0,0.0,0.0,0.0,0.0,0.0,0.0,0.0
2005-09-13,0.0,0.0,0.0,0.0,0.0,0.0,0.0,0.0,0.0,0.0,0.0
2005-09-14,0.0,0.0,0.0,0.0,0.0,0.0,0.0,0.0,0.0,0.0,0.0
2005-09-15,0.0,0.0,0.0,0.0,0.0,0.0,0.0,0.0,0.0,0.0,0.0
2005-09-16,0.0,0.0,0.0,0.0,0.0,0.0,0.0,0.0,0.0,0.0,0.0
2005-09-17,0.0,0.0,0.0,0.0,0.0,0.0,0.0,0.0,0.0,0.0,0.0
2005-09-18,0.0,0.0,0.0,0.0,0.0,0.0,0.0,0.0,0.0,0.0,0.0
2005-09-19,0.0,0.0,0.0,0.0,0.0,0.0,0.0,0.0,0.0,0.0,0.0
2005-09-20,0.0,0.0,0.0,0.0,0.0,0.0,0.0,0.0,0.0,0.0,0.0
2005-09-21,0.0,0.2,0.0,0.0,0.0,0.0,0.0,0.0,0.0,0.0,0.0
2005-09-22,0.0,0.018181818,0.0,0.0,0.0,0.0,0.0,0.0,0.0,0.0,0.0
2005-09-23,0.0,0.0,0.0,0.0,0.0,0.0,0.0,0.0,0.0,0.0,0.0
2005-09-24,0.0,0.0,0.0,0.0,0.0,0.0,0.0,0.0,0.0,0.0,0.0
2005-09-25,0.0,0.0,0.0,0.0,0.0,0.0,0.0,0.0,0.0,0.0,0.0
2005-09-26,0.0,0.0,0.0,0.0,0.0,0.0,0.0,0.0,0.0,0.0,0.0
2005-09-27,0.0,0.0,0.0,0.0,0.6666667,0.4090909,0.0,0.0,0.0,0.0,0.0
2005-09-28,0.0,0.0,0.0,0.0,0.25925925,0.1590909,0.0,0.0,0.0,0.0,0.0
2005-09-29,0.0,0.0,0.0,0.0,0.0,0.0,0.0,0.0,0.0,0.0,0.0
2005-09-30,0.0,0.0,0.0,0.0,0.0,0.0,0.0,0.0,0.0,0.0,0.0
2005-10-01,0.0,0.0,0.0,0.0,0.0,0.0,0.0,0.0,0.0,0.0,0.0
2005-10-02,0.0,0.0,0.0,0.0,0.0,0.0,0.0,0.0,0.0,0.0,0.0
2005-10-03,0.0,0.0,0.0,0.0,0.0,0.0,0.0,0.0,0.0,0.0,0.0
2005-10-04,0.0,0.0,0.0,0.0,0.0,0.0,0.0,0.0,0.0,0.0,0.0
2005-10-05,0.0,0.0,0.0,0.0,0.0,0.0,0.0,0.0,0.0,0.0,0.0
2005-10-06,0.0,0.0,0.0,0.0,0.0,0.0,0.0,0.0,0.0,0.0,0.0
2005-10-07,0.0,0.0,0.0,0.0,0.0,0.0,0.0,0.0,0.0,0.0,0.0
2005-10-08,0.0,0.0,0.0,0.0,0.0,0.0,0.0,0.0,0.0,0.0,0.0
2005-10-09,0.0,0.0,0.0,0.0,0.0,0.0,0.0,0.0,0.0,0.0,0.0
2005-10-10,0.0,0.0,0.0,0.0,0.0,0.0,0.0,0.0,0.0,0.0,0.0
2005-10-11,0.0,0.0,0.0,0.0,0.0,0.0,0.0,0.0,0.0,0.0,0.0
2005-10-12,0.0,0.0,0.0,0.0,0.0,0.0,0.0,0.0,0.0,0.0,0.0
2005-10-13,0.0,0.0,0.0,0.0,0.0,0.0,0.0,0.0,0.0,0.0,0.0
2005-10-14,0.0,0.0,0.0,0.0,0.0,0.0,0.0,0.0,0.0,0.0,0.0
2005-10-15,0.0,0.0,0.0,0.0,0.0,0.0,0.0,0.0,0.0,0.0,0.0
2005-10-16,0.0,0.054545455,0.0,0.0,0.0,0.0,0.0,0.0,0.0,0.0,0.0
2005-10-17,0.0,0.0,0.0,0.0,0.0,0.0,0.0,0.0,0.0,0.0,0.0
2005-10-18,0.0,0.0,0.0,0.0,0.0,0.0,0.0,0.0,0.0,0.0,0.0
2005-10-19,0.0,0.07272727,0.0,0.0,0.0,0.0,0.0,0.0,0.0,0.0,0.0
2005-10-20,0.0,0.0,0.0,0.0,0.0,0.0,0.0,0.0,0.0,0.0,0.0
2005-10-21,0.0,0.0,0.0,0.0,0.0,0.0,0.0,0.0,0.0,0.0,0.0
2005-10-22,0.0,0.0,0.0,0.0,0.0,0.0,0.0,0.0,0.0,0.0,0.0
2005-10-23,0.0,0.0,0.0,0.0,0.0,0.0,0.0,0.0,0.0,0.0,0.0
2005-10-24,0.0,0.0,0.0,0.0,0.0,0.0,0.0,0.0,0.0,0.0,0.0
2005-10-25,0.0,0.0,0.0,0.0,0.0,0.0,0.0,0.0,0.0,0.0,0.0
2005-10-26,0.0,0.0,0.0,0.0,0.0,0.0,0.0,0.0,0.0,0.0,0.0
2005-10-27,0.0,0.0,0.0,0.0,0.25925925,0.1590909,0.0,0.0,0.0,0.0,0.0
2005-10-28,0.6666667,0.25454545,0.0,0.0,5.5555553,6.0,0.0,2.0,2.0,2.8,0.0
2005-10-29,1.8333334,0.45454547,0.0,0.0,5.888889,5.5227275,0.0,1.5,0.0,1.0,0.0
2005-10-30,1.5,0.21818182,0.0,0.0,4.7777777,3.8181818,0.0,1.5,0.0,0.2,0.0
2005-10-31,1.3333334,0.14545454,0.0,0.0,5.0,3.7954545,0.0,0.0,0.0,0.0,0.0
2005-11-01,0.0,0.0,0.0,0.0,0.7037037,0.4318182,0.0,0.0,0.0,0.0,0.0
2005-11-02,0.0,0.0,0.0,0.0,0.0,0.0,0.0,0.0,0.0,0.0,0.0
2005-11-03,0.0,0.0,0.0,0.0,0.0,0.0,0.33333334,0.0,0.0,0.0,0.0
2005-11-04,0.0,0.0,0.0,0.0,0.0,0.022727273,4.4444447,7.0,9.0,0.0,4.0
2005-11-05,0.0,0.0,0.0,0.0,0.0,0.022727273,3.7777777,11.0,16.0,2.4,4.5
2005-11-06,0.0,0.0,0.0,0.0,0.0,0.0,3.1111112,10.5,14.0,1.4,5.0
2005-11-07,0.0,0.0,0.0,0.0,0.0,0.0,1.9444444,4.0,4.0,0.0,1.5
2005-11-08,0.33333334,0.0,0.0,0.0,0.4814815,0.9318182,1.5,4.0,5.0,0.0,0.0
2005-11-09,3.0,0.0,0.0,0.0,1.1481482,1.6818181,0.7222222,1.5,0.0,0.0,0.0
2005-11-10,1.8333334,0.0,0.0,0.0,0.44444445,0.8636364,0.22222222,0.0,0.0,0.0,0.0
2005-11-11,1.3333334,0.18181819,0.0,0.0,0.44444445,0.72727275,0.0,0.0,0.0,0.0,0.0
2005-11-12,1.3333334,0.2,0.0,0.0,0.4074074,0.65909094,0.0,0.0,0.0,0.0,0.0
2005-11-13,1.5,0.054545455,0.0,0.0,0.33333334,0.52272725,0.0,0.0,0.0,0.0,0.0
2005-11-14,0.5,0.0,0.0,0.0,0.14814815,0.18181819,0.0,0.0,0.0,0.0,0.0
2005-11-15,0.0,0.0,0.0,0.0,0.0,0.0,0.0,0.0,0.0,0.0,0.0
2005-11-16,0.0,0.0,0.0,0.0,0.0,0.0,0.0,0.0,0.0,0.0,0.0
2005-11-17,0.0,0.0,0.0,0.0,0.0,0.0,0.0,0.0,0.0,0.0,0.0
2005-11-18,0.0,0.0,0.0,0.0,0.0,0.0,0.0,0.0,0.0,0.0,0.0
2005-11-19,0.0,0.0,0.0,0.0,0.0,0.0,0.0,0.0,0.0,0.0,0.0
2005-11-20,0.0,0.0,0.0,0.0,0.0,0.0,0.0,0.0,0.0,0.0,0.0
2005-11-21,0.0,0.0,0.0,0.0,0.0,0.0,0.0,0.0,0.0,0.0,0.0
2005-11-22,0.0,0.0,0.0,0.0,0.0,0.0,0.0,0.0,0.0,0.0,0.0
2005-11-23,0.0,0.0,0.0,0.0,0.0,0.0,0.0,0.0,0.0,0.0,0.0
2005-11-24,0.0,0.0,0.0,0.0,0.0,0.0,0.0,0.0,0.0,0.0,0.0
2005-11-25,0.0,0.0,0.0,0.0,0.0,0.0,0.0,0.0,0.0,0.0,0.0
2005-11-26,0.33333334,0.0,0.0,0.0,3.851852,5.159091,8.777778,20.0,22.0,11.4,12.0
2005-11-27,0.33333334,0.0,0.0,0.0,3.8148148,5.1363635,8.888889,20.0,24.0,13.4,12.0
2005-11-28,0.33333334,0.0,0.0,0.0,3.8148148,5.159091,9.333333,22.0,24.0,13.4,14.5
2005-11-29,6.3333335,0.10909091,0.0,0.0,20.555555,25.022728,30.722221,45.5,56.0,28.8,29.5
2005-11-30,14.166667,0.29090908,0.0,0.0,32.88889,38.93182,34.27778,69.0,74.0,39.4,37.5
2005-12-01,13.166667,0.38181818,0.0,0.0,37.333332,45.522728,57.833332,81.0,78.0,43.0,43.0
2005-12-02,100.333336,7.909091,9.333333,7.0,142.59259,146.95454,54.77778,124.5,130.0,105.2,73.0
2005-12-03,103.166664,30.454546,24.666666,20.0,156.7037,159.15909,54.0,134.0,145.0,108.0,70.0
2005-12-04,105.0,30.472727,24.666666,20.0,156.59259,159.09091,54.0,134.0,145.0,108.0,70.0
2005-12-05,95.833336,30.6,23.333334,18.5,156.44444,158.97728,53.944443,133.0,145.0,108.0,70.0
2005-12-06,97.666664,30.454546,21.0,16.0,155.85185,158.75,50.61111,134.0,145.0,108.0,70.5
2005-12-07,92.333336,30.072727,14.0,10.5,156.0,158.61363,52.11111,135.0,145.0,108.0,70.5
2005-12-08,112.5,29.418182,24.333334,18.25,158.25926,163.5,52.0,140.5,146.0,111.2,70.0
2005-12-09,107.5,28.872726,23.666666,17.75,159.51852,164.34091,51.27778,142.5,147.0,112.6,70.0
2005-12-10,109.833336,27.745455,22.0,16.5,160.0,163.90909,49.72222,144.0,147.0,112.2,70.0
2005-12-11,110.666664,25.636364,19.333334,14.5,160.33333,163.43182,45.0,142.5,146.0,112.0,70.0
2005-12-12,112.166664,24.418182,18.0,13.5,160.11111,163.20454,44.0,141.0,146.0,111.6,71.5
2005-12-13,113.833336,23.763636,17.666666,13.25,161.18518,165.63637,43.833332,141.0,146.0,111.2,71.0
2005-12-14,103.0,24.09091,17.0,12.75,161.2963,165.45454,42.88889,141.0,146.0,111.0,70.5
2005-12-15,105.333336,23.50909,16.333334,12.25,161.37038,164.81818,42.666668,136.5,146.0,111.2,71.0
2005-12-16,105.0,23.345455,16.0,12.0,161.44444,164.72728,42.333332,135.0,146.0,111.4,71.5
2005-12-17,105.333336,23.127274,15.666667,11.75,162.74074,165.13637,41.77778,134.0,146.0,111.6,71.5
2005-12-18,133.33333,23.872726,15.666667,11.75,178.74074,184.18182,55.555557,149.0,163.0,122.2,78.5
2005-12-19,191.5,50.327274,27.333334,22.5,246.22223,247.63637,65.27778,212.5,247.0,163.4,129.5
2005-12-20,193.66667,49.327274,37.666668,29.0,249.44444,250.29546,64.77778,213.5,245.0,168.2,121.5
2005-12-21,194.0,45.236362,35.0,26.25,248.74074,252.02272,61.61111,222.5,258.0,167.8,117.5
2005-12-22,195.33333,39.381817,28.0,21.0,264.62964,266.63635,56.22222,254.5,298.0,191.0,105.0
2005-12-23,195.5,34.945454,23.333334,17.5,273.7037,275.8409,39.944443,223.5,247.0,185.0,101.0
2005-12-24,195.5,28.418182,18.333334,13.75,273.4074,274.77274,36.11111,221.0,245.0,180.0,98.0
2005-12-25,189.66667,23.6,13.0,9.75,272.18518,272.0,32.88889,214.0,238.0,178.2,98.5
2005-12-26,205.16667,22.618181,16.0,12.0,291.55554,291.95456,31.944445,232.5,249.0,181.8,101.0
2005-12-27,221.5,28.563637,26.333334,19.75,310.37036,310.79544,52.61111,270.5,294.0,198.6,118.0
2005-12-28,183.66667,27.254545,26.666666,20.0,316.22223,317.54544,39.77778,281.0,296.0,206.2,136.5
2005-12-29,186.16667,27.581818,26.333334,19.75,348.74075,349.22726,51.944443,305.0,315.0,219.8,150.5
2005-12-30,186.16667,27.690908,27.0,20.25,349.25925,350.04544,77.05556,306.5,318.0,220.4,152.5
2005-12-31,204.5,27.0,25.333334,19.0,394.81482,398.88635,53.333332,367.5,381.0,248.4,188.0
2006-01-01,315.83334,65.63636,68.666664,63.5,466.1111,466.02274,57.555557,435.5,452.0,280.8,244.0
2006-01-02,378.33334,106.70909,97.333336,98.5,515.3333,518.38635,140.22223,476.5,484.0,295.0,273.5
2006-01-03,434.66666,163.81818,166.66667,170.75,542.44446,528.2727,115.44444,509.0,506.0,339.0,291.5
2006-01-04,436.0,164.70909,168.33333,172.0,550.1111,531.63635,164.38889,512.0,513.0,339.0,294.0
2006-01-05,435.83334,164.43637,163.66667,167.0,596.14813,597.5682,115.611115,522.0,513.0,339.8,292.5
2006-01-06,412.33334,162.65454,153.33333,156.25,596.55554,596.6818,136.88889,516.5,512.0,340.2,291.5
2006-01-07,426.0,159.87273,148.33333,150.75,595.1852,594.25,127.5,507.0,509.0,339.2,289.0
2006-01-08,428.5,159.10909,144.0,146.5,596.85187,595.1818,123.72222,508.5,508.0,343.0,288.5
2006-01-09,430.66666,158.03636,141.66667,144.25,594.9259,593.5682,112.05556,510.0,513.0,343.0,289.5
2006-01-10,431.16666,157.10909,136.0,138.5,593.7037,590.9773,108.833336,505.5,512.0,344.8,289.5
2006-01-11,427.33334,156.16364,133.33333,135.75,593.2593,589.6818,98.166664,502.0,511.0,346.8,288.0
2006-01-12,423.5,154.3091,130.33333,132.75,595.14813,589.9318,89.0,508.5,520.0,347.4,290.0
2006-01-13,421.33334,153.18182,126.666664,128.75,595.44446,588.5909,89.888885,507.5,521.0,346.6,290.0
2006-01-14,411.5,151.3091,123.0,125.0,596.55554,587.0,110.111115,506.5,528.0,345.0,290.0
2006-01-15,464.5,169.67273,156.0,155.5,630.03705,624.9773,152.88889,579.5,584.0,379.2,320.0
2006-01-16,445.0,172.07272,164.0,165.25,636.4815,618.9773,156.33333,581.0,585.0,382.6,317.5
2006-01-17,457.33334,172.67273,165.66667,167.5,635.7037,618.5909,162.83333,583.5,590.0,389.2,318.0
2006-01-18,472.33334,171.89091,162.66667,164.5,652.0,633.9091,201.27777,612.5,620.0,394.4,332.0
2006-01-19,486.5,177.89091,177.0,178.75,625.62964,591.2727,206.77777,683.5,700.0,422.0,365.0
2006-01-20,486.33334,178.34546,177.0,179.5,627.9259,585.9773,196.44444,688.5,704.0,421.4,360.0
2006-01-21,478.83334,178.27272,176.66667,179.25,674.96295,655.9318,218.61111,688.5,704.0,422.0,361.0
2006-01-22,482.33334,178.29091,176.66667,179.25,674.44446,654.8409,186.27777,685.0,704.0,421.8,359.0
2006-01-23,477.83334,178.23636,175.33333,178.25,674.62964,655.0227,201.27777,690.5,705.0,423.4,359.0
2006-01-24,473.66666,177.83636,171.0,173.75,673.9259,653.6591,180.5,692.5,705.0,423.4,358.0
2006-01-25,465.66666,176.54546,163.66667,166.5,673.14813,653.4318,204.27777,697.5,706.0,423.8,359.0
2006-01-26,462.33334,175.76364,159.66667,162.5,672.4074,653.2045,196.5,702.0,706.0,422.8,357.5
2006-01-27,452.33334,175.78181,159.66667,162.75,675.14813,656.3182,216.83333,707.5,714.0,426.2,360.5
2006-01-28,454.66666,175.43637,159.33333,162.5,674.62964,654.88635,223.0,710.0,718.0,423.0,360.5
2006-01-29,458.0,174.27272,157.66667,161.0,635.14813,593.38635,225.83333,737.0,747.0,436.2,379.5
2006-01-30,459.0,171.05455,154.66667,158.0,678.03705,670.4773,208.77777,740.5,747.0,432.4,379.5
2006-01-31,468.66666,171.85454,150.33333,153.5,684.14813,678.1591,238.77777,771.0,789.0,457.6,402.0
2006-02-01,458.66666,172.43637,147.66667,150.75,685.0,677.3409,226.94444,786.5,809.0,457.4,402.5
2006-02-02,452.66666,168.74545,140.33333,143.25,687.62964,679.0909,227.11111,815.5,842.0,457.8,410.0
2006-02-03,445.16666,164.27272,131.0,133.75,688.8148,680.1591,226.61111,858.0,896.0,461.4,412.5
2006-02-04,447.5,158.12727,124.666664,126.75,688.4815,678.0682,218.5,866.5,901.0,457.2,411.0
2006-02-05,448.16666,153.78181,120.333336,121.75,688.2222,677.63635,202.72223,884.5,924.0,463.4,419.5
2006-02-06,448.33334,149.65454,115.0,114.75,687.8148,675.9773,194.27777,887.0,923.0,465.6,422.0
2006-02-07,436.0,145.23636,115.333336,111.75,687.2222,674.7045,208.11111,897.5,923.0,464.4,422.0
2006-02-08,425.33334,139.81818,116.0,107.75,686.4074,671.36365,254.27777,893.0,920.0,469.4,421.5
2006-02-09,413.33334,132.61818,113.666664,100.5,685.55554,667.2955,160.88889,892.0,918.0,466.4,421.5
2006-02-10,414.16666,124.63636,107.333336,88.75,684.0,663.7955,150.16667,893.5,916.0,457.4,421.5
2006-02-11,415.0,115.4,101.333336,78.25,682.5926,661.2045,147.0,888.0,913.0,461.2,421.0
2006-02-12,414.83334,107.181816,95.666664,71.75,681.2222,658.63635,146.0,877.0,912.0,451.6,420.5
2006-02-13,409.0,100.38182,89.0,66.75,680.03705,656.0455,132.55556,860.0,908.0,448.4,419.0
2006-02-14,402.66666,92.96364,82.333336,61.75,678.44446,653.2273,123.77778,876.0,937.0,451.0,417.5
2006-02-15,397.33334,90.98182,82.0,61.5,677.8889,652.61365,123.333336,875.5,937.0,443.8,417.5
2006-02-16,405.0,91.05454,82.0,61.5,680.14813,653.4545,123.166664,865.5,917.0,450.8,418.5
2006-02-17,401.16666,91.03636,82.0,61.5,680.2963,644.3182,122.94444,870.0,921.0,450.8,419.0
2006-02-18,439.83334,96.41818,89.333336,69.5,665.62964,615.4773,175.38889,891.0,929.0,458.2,425.5
2006-02-19,426.0,97.509094,97.0,77.0,673.9259,626.1591,144.0,917.0,962.0,459.6,430.5
2006-02-20,432.16666,98.781815,103.0,83.0,678.62964,629.2273,147.77777,918.0,962.0,454.2,430.5
2006-02-21,430.5,97.63636,103.333336,83.75,678.7778,629.7045,141.44444,916.5,961.0,459.6,429.5
2006-02-22,432.66666,95.70909,106.0,86.5,679.4815,616.6591,130.66667,917.5,962.0,454.6,430.0
2006-02-23,419.66666,94.545456,108.0,88.0,707.8889,676.9091,131.11111,925.0,963.0,454.6,430.0
2006-02-24,412.33334,93.30909,93.666664,75.0,707.03705,677.2045,124.44444,918.5,961.0,452.8,429.0
2006-02-25,415.83334,92.30909,89.666664,68.75,705.7407,675.7273,120.388885,913.0,959.0,452.2,428.5
2006-02-26,408.0,88.38182,87.0,65.25,703.5926,673.5682,116.05556,909.5,957.0,451.2,427.0
2006-02-27,406.83334,86.92727,84.0,63.0,713.5926,682.2955,122.27778,931.0,992.0,451.0,424.5
2006-02-28,471.33334,101.43636,109.0,81.75,772.4074,739.11365,108.666664,970.0,1035.0,473.8,455.0
2006-03-01,496.0,108.63636,116.333336,88.5,788.0741,754.6818,135.77777,977.0,1018.0,484.2,467.5
2006-03-02,470.83334,109.818184,117.0,90.0,798.4074,765.3409,166.77777,984.0,1020.0,485.8,469.0
2006-03-03,549.3333,109.6,117.333336,90.25,815.7407,781.61365,141.27777,1017.5,1049.0,493.0,496.5
2006-03-04,575.0,121.836365,147.33333,120.5,824.8889,770.61365,183.83333,1051.5,1080.0,510.6,531.5
2006-03-05,560.5,124.03636,155.66667,128.25,826.2222,769.9545,147.33333,1058.0,1084.0,510.4,531.5
2006-03-06,609.3333,124.509094,152.0,125.5,831.37036,774.9773,344.27777,1056.0,1087.0,511.8,532.0
2006-03-07,608.0,137.70909,185.66667,157.25,894.2222,858.5455,296.94446,1085.0,1127.0,516.8,544.0
2006-03-08,619.1667,142.76364,201.66667,172.75,861.85187,798.38635,293.3889,1109.5,1153.0,518.6,552.0
2006-03-09,609.3333,143.0,205.0,177.0,905.4074,857.75,301.27777,1116.5,1163.0,527.2,554.0
2006-03-10,637.8333,146.67273,209.66667,181.75,876.1852,815.0227,312.55554,1150.0,1204.0,540.0,561.0
2006-03-11,633.1667,150.98181,229.66667,201.0,887.0,826.5,347.44446,1183.0,1239.0,546.4,571.0
2006-03-12,644.0,154.6,241.0,213.25,891.5926,832.0455,313.94446,1181.0,1242.0,548.6,571.0
2006-03-13,645.5,158.16364,253.33333,225.5,895.2593,833.0682,339.72223,1187.0,1242.0,551.0,571.5
2006-03-14,662.1667,166.61818,256.66666,229.25,896.1111,833.0455,377.22223,1203.0,1250.0,552.6,582.0
2006-03-15,696.0,169.10909,261.66666,234.5,914.44446,851.0909,393.1111,1235.5,1291.0,620.8,604.0
2006-03-16,680.0,169.58182,262.66666,236.0,914.1852,848.2273,399.6111,1241.5,1314.0,611.0,604.0
2006-03-17,680.1667,169.4,262.33334,236.0,913.5185,856.3182,443.8889,1231.5,1314.0,614.4,613.5
2006-03-18,685.1667,170.6909,264.0,238.25,928.8148,868.9773,393.0,1258.0,1355.0,617.6,615.5
2006-03-19,692.3333,171.05455,270.66666,245.25,933.1852,870.3409,387.72223,1259.0,1357.0,621.4,616.5
2006-03-20,682.1667,170.90909,273.0,247.25,935.0,867.6591,382.94446,1261.0,1356.0,623.4,617.0
2006-03-21,714.5,179.18182,299.0,273.0,956.0,897.9091,421.33334,1260.0,1357.0,620.4,617.0
2006-03-22,698.1667,181.01819,308.33334,281.0,959.8148,880.13635,389.55554,1259.0,1357.0,621.2,616.5
2006-03-23,696.0,182.01819,308.66666,281.25,958.8148,891.3182,382.83334,1258.0,1357.0,620.0,616.5
2006-03-24,685.6667,178.34546,293.33334,269.75,1003.1852,964.7727,351.77777,1262.0,1359.0,619.0,614.0
2006-03-25,706.1667,166.10909,266.66666,246.5,1002.85187,964.0227,336.05554,1264.0,1365.0,623.8,612.0
2006-03-26,729.8333,172.34546,269.66666,251.75,988.2593,918.63635,358.0,1349.5,1477.0,653.6,656.0
2006-03-27,730.1667,169.3091,259.33334,241.5,988.85187,918.7273,339.0,1350.5,1477.0,651.6,656.0
2006-03-28,654.8333,166.18182,249.66667,230.25,1046.1111,1003.3182,327.77777,1354.0,1477.0,649.6,654.0
2006-03-29,765.8333,194.6,321.66666,305.75,1080.8518,1037.3636,344.27777,1385.0,1511.0,667.8,677.0
2006-03-30,772.1667,194.85454,323.33334,308.75,1083.3334,1037.1364,335.55554,1385.0,1511.0,668.2,678.0
2006-03-31,773.6667,194.27272,317.33334,303.25,1087.3334,1041.1364,335.5,1390.5,1513.0,668.8,678.0
2006-04-01,697.1667,193.52727,319.0,305.0,1120.6296,1073.5454,423.0,1432.0,1570.0,701.0,713.5
2006-04-02,708.5,198.34546,324.0,311.75,1125.4445,1074.7727,347.1111,1431.5,1569.0,701.4,713.5
2006-04-03,803.0,196.16364,309.0,296.5,1157.7037,1105.5227,393.6111,1442.0,1575.0,702.6,722.0
2006-04-04,862.6667,198.29091,305.0,290.25,1210.5186,1151.091,400.44446,1477.0,1594.0,704.8,735.5
2006-04-05,827.1667,212.47273,320.66666,305.5,1269.7037,1212.341,384.8889,1515.5,1630.0,716.8,765.0
2006-04-06,904.6667,221.8,365.66666,349.25,1278.9259,1227.0,399.16666,1524.0,1639.0,716.2,765.5
2006-04-07,904.5,216.76364,352.66666,336.25,1279.7778,1225.6364,338.0,1530.5,1641.0,717.4,764.0
2006-04-08,853.8333,211.72728,331.66666,315.25,1289.3704,1229.8864,360.44446,1545.5,1643.0,718.6,761.0
2006-04-09,873.3333,205.83636,316.0,299.5,1292.037,1232.3182,352.44446,1551.0,1646.0,713.8,760.5
2006-04-10,863.0,202.25455,309.0,291.5,1294.8148,1235.341,356.1111,1564.5,1660.0,712.4,760.0
2006-04-11,920.5,203.16364,306.0,287.5,1302.5186,1244.9546,361.33334,1586.5,1687.0,716.8,769.5
2006-04-12,773.1667,203.58182,301.0,281.25,1311.5927,1256.1136,391.3889,1609.0,1714.0,722.4,783.0
2006-04-13,924.6667,195.87273,295.0,268.75,1309.4445,1255.5227,370.66666,1617.5,1715.0,708.0,778.5
2006-04-14,921.5,185.05455,284.0,248.75,1308.1111,1249.7954,348.3889,1636.0,1720.0,707.2,775.0
2006-04-15,741.8333,184.45454,284.0,244.25,1316.4814,1254.7954,347.44446,1658.5,1729.0,712.2,782.0
2006-04-16,778.1667,182.25455,287.33334,243.5,1315.4814,1253.2954,441.77777,1676.5,1742.0,697.8,795.5
2006-04-17,802.1667,182.56363,290.0,245.25,1352.1482,1278.6818,500.77777,1743.0,1817.0,729.0,844.5
2006-04-18,925.8333,182.47273,294.0,251.0,1354.8889,1285.75,416.8889,1746.5,1827.0,739.6,841.5
2006-04-19,935.1667,181.45454,293.0,246.25,1348.7778,1290.591,419.27777,1741.5,1814.0,734.0,835.0
2006-04-20,933.6667,172.98181,288.0,234.75,1342.4073,1281.091,501.83334,1747.5,1804.0,727.8,818.5
2006-04-21,930.5,158.18182,276.66666,213.0,1336.5555,1272.4546,365.77777,1761.0,1806.0,717.0,820.0
2006-04-22,750.1667,150.23636,270.0,202.5,1338.1111,1270.3182,366.1111,1761.5,1804.0,710.8,801.5
2006-04-23,758.0,149.32727,269.33334,202.0,1339.6296,1273.0454,414.66666,1757.0,1790.0,709.0,789.0
2006-04-24,931.6667,154.01819,272.0,204.0,1339.9259,1273.9318,397.5,1757.0,1791.0,706.4,776.0
2006-04-25,928.3333,148.89091,271.0,203.25,1336.0741,1269.841,393.22223,1750.5,1774.0,699.8,766.0
2006-04-26,925.3333,143.5091,267.33334,200.5,1334.6666,1267.591,386.1111,1738.5,1761.0,689.2,754.0
2006-04-27,921.5,141.47273,265.0,198.75,1328.2593,1261.0682,353.5,1713.0,1730.0,672.6,741.0
2006-04-28,745.1667,130.6,253.33333,190.0,1324.8518,1253.3636,318.3889,1678.5,1694.0,656.6,725.5
2006-04-29,735.1667,109.454544,236.0,177.0,1318.4073,1240.841,273.16666,1641.5,1656.0,636.6,704.5
2006-04-30,725.8333,89.8,218.33333,163.75,1308.6666,1226.6136,237.16667,1598.5,1614.0,612.8,681.5
2006-05-01,717.1667,70.96364,203.0,152.25,1297.0,1211.0682,209.05556,1513.0,1568.0,596.2,662.0
2006-05-02,708.0,59.927273,162.33333,121.75,1287.0741,1195.7954,183.22223,1452.5,1530.0,603.2,642.0
2006-05-03,698.8333,49.618183,122.666664,92.0,1277.1111,1181.75,165.11111,1426.5,1501.0,578.6,621.0
2006-05-04,694.0,40.145454,115.333336,86.5,1267.5927,1170.2046,144.77777,1399.0,1476.0,555.4,603.5
2006-05-05,690.0,37.436363,111.333336,83.5,1255.5927,1157.659,127.55556,1384.0,1461.0,528.0,587.5
2006-05-06,685.1667,28.727272,105.333336,79.0,1243.4445,1145.1364,112.72222,1357.0,1428.0,503.2,569.0
2006-05-07,679.6667,25.163637,99.0,74.25,1228.8148,1130.5682,103.388885,1339.5,1390.0,476.0,554.5
2006-05-08,669.6667,21.290909,89.0,66.75,1213.1111,1112.9773,91.888885,1299.5,1355.0,446.2,525.5
2006-05-09,661.1667,17.290909,78.0,58.5,1198.1852,1097.0454,80.666664,1265.0,1309.0,415.2,502.5
2006-05-10,654.1667,17.872726,64.333336,48.25,1188.8889,1077.75,86.94444,1233.0,1269.0,387.2,479.5
2006-05-11,642.3333,13.309091,46.0,34.5,1175.4445,1057.8636,66.166664,1195.5,1230.0,361.2,458.0
2006-05-12,631.0,8.472727,26.333334,19.75,1149.6666,1030.6136,49.61111,1141.0,1182.0,337.6,417.5
2006-05-13,608.0,4.890909,7.3333335,5.5,1118.963,997.13635,39.055557,1107.0,1123.0,312.8,380.5
2006-05-14,588.6667,2.8909092,0.0,0.0,1090.1111,964.5227,31.777779,1018.5,1071.0,286.8,341.0
2006-05-15,646.5,1.0545454,0.0,0.0,1048.7407,920.88635,23.722221,962.0,1019.0,261.4,296.5
2006-05-16,626.6667,0.34545454,0.0,0.0,1009.96295,878.36365,19.0,894.0,962.0,233.2,242.5
2006-05-17,596.5,0.0,0.0,0.0,955.62964,826.61365,14.111111,779.0,894.0,200.8,183.0
2006-05-18,561.5,0.0,0.0,0.0,875.62964,762.5227,9.055555,722.0,838.0,170.2,144.5
2006-05-19,529.0,0.0,0.0,0.0,829.5926,720.3182,4.6666665,659.5,770.0,141.8,121.5
2006-05-20,507.66666,0.0,0.0,0.0,802.4815,695.2273,2.5,623.0,728.0,122.2,101.0
2006-05-21,492.33334,0.0,0.0,0.0,779.7037,674.2045,0.9444444,567.0,658.0,106.4,83.0
2006-05-22,511.16666,0.07272727,0.0,0.0,806.6667,696.8182,0.0,532.5,633.0,98.8,70.5
2006-05-23,514.3333,0.8,0.0,0.0,810.9259,700.2045,0.0,514.5,610.0,96.4,63.5
2006-05-24,506.5,0.0,0.0,0.0,803.0741,692.0227,0.0,492.0,599.0,87.6,54.0
2006-05-25,491.0,0.0,0.0,0.0,788.44446,676.4318,0.0,466.5,577.0,74.2,38.0
2006-05-26,473.16666,0.0,0.0,0.0,769.7407,657.1818,0.0,445.5,560.0,63.4,22.0
2006-05-27,467.33334,0.0,0.0,0.0,766.7778,651.7727,0.2777778,439.5,554.0,59.6,18.0
2006-05-28,411.5,0.0,0.33333334,0.25,768.37036,653.13635,0.11111111,465.5,554.0,58.2,24.0
2006-05-29,467.83334,0.0,0.0,0.0,763.1111,649.4545,0.0,445.5,553.0,60.8,20.5
2006-05-30,465.16666,0.0,0.0,0.0,758.4074,642.0,0.0,432.5,545.0,57.6,13.0
2006-05-31,455.83334,0.0,0.0,0.0,741.44446,622.4773,0.0,414.5,531.0,50.2,0.0
2006-06-01,441.0,0.0,0.0,0.0,712.3333,596.2955,0.0,386.5,510.0,37.6,0.0
2006-06-02,427.33334,0.0,0.0,0.0,679.4815,567.6818,0.0,353.0,482.0,24.2,0.0
2006-06-03,406.5,0.0,0.0,0.0,648.6667,541.0,0.0,318.5,450.0,17.8,0.0
2006-06-04,381.83334,0.0,0.0,0.0,558.85187,458.0,0.0,282.0,420.0,2.8,0.0
2006-06-05,359.16666,0.0,0.0,0.0,508.07407,414.72726,0.0,245.5,388.0,0.0,0.0
2006-06-06,332.66666,0.0,0.0,0.0,451.18518,374.95456,0.0,199.5,351.0,0.0,0.0
2006-06-07,296.16666,0.0,0.0,0.0,404.44446,340.68182,0.0,156.0,314.0,0.0,0.0
2006-06-08,224.16667,0.0,0.0,0.0,412.25925,342.04544,0.0,117.5,282.0,0.0,0.0
2006-06-09,198.33333,0.0,0.0,0.0,391.7037,325.88635,0.0,85.5,255.0,0.0,0.0
2006-06-10,184.66667,0.0,0.0,0.0,374.96295,312.61365,0.0,65.0,232.0,0.0,0.0
2006-06-11,170.66667,0.0,0.0,0.0,357.03705,298.38635,0.0,52.0,212.0,0.0,0.0
2006-06-12,156.66667,0.0,0.0,0.0,339.96295,283.56818,0.0,35.5,182.0,0.0,0.0
2006-06-13,146.0,0.0,0.0,0.0,328.0,272.68182,0.0,24.0,156.0,0.0,0.0
2006-06-14,144.16667,0.0,0.0,0.0,324.81482,269.9091,0.0,21.0,151.0,0.0,0.0
2006-06-15,139.5,0.0,0.0,0.0,318.48148,264.54544,0.0,15.5,142.0,0.0,0.0
2006-06-16,133.66667,0.0,0.0,0.0,304.51852,253.31818,0.0,7.0,229.0,0.0,0.0
2006-06-17,121.5,0.0,0.0,0.0,281.74075,234.02272,0.0,0.0,183.0,0.0,0.0
2006-06-18,105.5,0.0,0.0,0.0,253.33333,210.45454,0.0,0.0,131.0,0.0,0.0
2006-06-19,89.333336,0.0,0.0,0.0,227.0,189.22728,0.0,0.0,78.0,0.0,0.0
2006-06-20,76.5,0.0,0.0,0.0,203.44444,170.25,0.0,0.0,28.0,0.0,0.0
2006-06-21,61.666668,0.0,0.0,0.0,178.77777,150.43182,0.0,0.0,0.0,0.0,0.0
2006-06-22,44.5,0.0,0.0,0.0,150.11111,126.63636,0.0,0.0,0.0,0.0,0.0
2006-06-23,25.0,0.0,0.0,0.0,126.14815,106.61364,0.0,0.0,0.0,0.0,0.0
2006-06-24,5.5,0.0,0.0,0.0,99.85185,84.454544,0.0,0.0,0.0,0.0,0.0
2006-06-25,0.0,0.0,0.0,0.0,75.03704,63.045456,0.0,0.0,0.0,0.0,0.0
2006-06-26,0.0,0.0,0.0,0.0,58.148148,46.863636,0.0,0.0,0.0,0.0,0.0
2006-06-27,0.0,0.0,0.0,0.0,44.962963,33.636364,0.0,0.0,0.0,0.0,0.0
2006-06-28,0.0,0.0,0.0,0.0,36.148148,25.863636,0.0,0.0,0.0,0.0,0.0
2006-06-29,0.0,0.0,0.0,0.0,30.407408,21.5,0.0,0.0,0.0,0.0,0.0
2006-06-30,0.0,0.0,0.0,0.0,25.592592,17.545454,0.0,0.0,0.0,0.0,0.0
2006-07-01,0.0,0.0,0.0,0.0,21.074074,13.681818,0.0,0.0,0.0,0.0,0.0
2006-07-02,0.0,0.0,0.0,0.0,16.333334,10.022727,0.0,0.0,0.0,0.0,0.0
2006-07-03,0.0,0.0,0.0,0.0,12.740741,7.818182,0.0,0.0,0.0,0.0,0.0
2006-07-04,0.0,0.0,0.0,0.0,9.777778,6.0,0.0,0.0,0.0,0.0,0.0
2006-07-05,0.0,0.0,0.0,0.0,6.703704,4.1136365,0.0,0.0,0.0,0.0,0.0
2006-07-06,0.0,0.0,0.0,0.0,4.3333335,2.659091,0.0,0.0,0.0,0.0,0.0
2006-07-07,0.0,0.0,0.0,0.0,2.925926,1.7954545,0.0,0.0,0.0,0.0,0.0
2006-07-08,0.0,0.0,0.0,0.0,1.6296296,1.0,0.0,0.0,0.0,0.0,0.0
2006-07-09,0.0,0.0,0.0,0.0,0.14814815,0.09090909,0.0,0.0,0.0,0.0,0.0
2006-07-10,0.0,0.0,0.0,0.0,0.0,0.0,0.0,0.0,0.0,0.0,0.0
2006-07-11,0.0,0.0,0.0,0.0,0.0,0.0,0.0,0.0,0.0,0.0,0.0
2006-07-12,0.0,0.0,0.0,0.0,0.0,0.0,0.0,0.0,0.0,0.0,0.0
2006-07-13,0.0,0.0,0.0,0.0,0.0,0.0,0.0,0.0,0.0,0.0,0.0
2006-07-14,0.0,0.0,0.0,0.0,0.0,0.0,0.0,0.0,0.0,0.0,0.0
2006-07-15,0.0,0.0,0.0,0.0,0.0,0.0,0.0,0.0,0.0,0.0,0.0
2006-07-16,0.0,0.0,0.0,0.0,0.0,0.0,0.0,0.0,0.0,0.0,0.0
2006-07-17,0.0,0.0,0.0,0.0,0.0,0.0,0.0,0.0,0.0,0.0,0.0
2006-07-18,0.0,0.0,0.0,0.0,0.0,0.0,0.0,0.0,0.0,0.0,0.0
2006-07-19,0.0,0.0,0.0,0.0,0.0,0.0,0.0,0.0,0.0,0.0,0.0
2006-07-20,0.0,0.0,0.0,0.0,0.0,0.0,0.0,0.0,0.0,0.0,0.0
2006-07-21,0.0,0.0,0.0,0.0,0.0,0.0,0.0,0.0,0.0,0.0,0.0
2006-07-22,0.0,0.0,0.0,0.0,0.0,0.0,0.0,0.0,0.0,0.0,0.0
2006-07-23,0.0,0.0,0.0,0.0,0.0,0.0,0.0,0.0,0.0,0.0,0.0
2006-07-24,0.0,0.0,0.0,0.0,0.0,0.0,0.0,0.0,0.0,0.0,0.0
2006-07-25,0.0,0.0,0.0,0.0,0.0,0.0,0.0,0.0,0.0,0.0,0.0
2006-07-26,0.0,0.0,0.0,0.0,0.0,0.0,0.0,0.0,0.0,0.0,0.0
2006-07-27,0.0,0.0,0.0,0.0,0.0,0.0,0.0,0.0,0.0,0.0,0.0
2006-07-28,0.0,0.0,0.0,0.0,0.0,0.0,0.0,0.0,0.0,0.0,0.0
2006-07-29,0.0,0.0,0.0,0.0,0.0,0.0,0.0,0.0,0.0,0.0,0.0
2006-07-30,0.0,0.0,0.0,0.0,0.0,0.0,0.0,0.0,0.0,0.0,0.0
2006-07-31,0.0,0.0,0.0,0.0,0.0,0.0,0.0,0.0,0.0,0.0,0.0
2006-08-01,0.0,0.0,0.0,0.0,0.0,0.0,0.0,0.0,0.0,0.0,0.0
2006-08-02,0.0,0.0,0.0,0.0,0.0,0.0,0.0,0.0,0.0,0.0,0.0
2006-08-03,0.0,0.0,0.0,0.0,0.0,0.0,0.0,0.0,0.0,0.0,0.0
2006-08-04,0.0,0.0,0.0,0.0,0.0,0.0,0.0,0.0,0.0,0.0,0.0
2006-08-05,0.0,0.0,0.0,0.0,0.0,0.0,0.0,0.0,0.0,0.0,0.0
2006-08-06,0.0,0.0,0.0,0.0,0.0,0.0,0.0,0.0,0.0,0.0,0.0
2006-08-07,0.0,0.0,0.0,0.0,0.0,0.0,0.0,0.0,0.0,0.0,0.0
2006-08-08,0.0,0.0,0.0,0.0,0.0,0.0,0.0,0.0,0.0,0.0,0.0
2006-08-09,0.0,0.0,0.0,0.0,0.0,0.0,0.0,0.0,0.0,0.0,0.0
2006-08-10,0.0,0.0,0.0,0.0,0.0,0.0,0.0,0.0,0.0,0.0,0.0
2006-08-11,0.0,0.0,0.0,0.0,0.0,0.0,0.0,0.0,0.0,0.0,0.0
2006-08-12,0.0,0.0,0.0,0.0,0.0,0.0,0.0,0.0,0.0,0.0,0.0
2006-08-13,0.0,0.0,0.0,0.0,0.0,0.0,0.0,0.0,0.0,0.0,0.0
2006-08-14,0.0,0.0,0.0,0.0,0.0,0.0,0.0,0.0,0.0,0.0,0.0
2006-08-15,0.0,0.0,0.0,0.0,0.0,0.0,0.0,0.0,0.0,0.0,0.0
2006-08-16,0.0,0.0,0.0,0.0,0.0,0.0,0.0,0.0,0.0,0.0,0.0
2006-08-17,0.0,0.0,0.0,0.0,0.0,0.0,0.0,0.0,0.0,0.0,0.0
2006-08-18,0.0,0.0,0.0,0.0,0.0,0.0,0.0,0.0,0.0,0.0,0.0
2006-08-19,0.0,0.0,0.0,0.0,0.0,0.0,0.0,0.0,0.0,0.0,0.0
2006-08-20,0.0,0.0,0.0,0.0,0.0,0.0,0.0,0.0,0.0,0.0,0.0
2006-08-21,0.0,0.0,0.0,0.0,0.0,0.0,0.0,0.0,0.0,0.0,0.0
2006-08-22,0.0,0.0,0.0,0.0,0.0,0.0,0.0,0.0,0.0,0.0,0.0
2006-08-23,0.0,0.0,0.0,0.0,0.0,0.0,0.0,0.0,0.0,0.0,0.0
2006-08-24,0.0,0.0,0.0,0.0,0.0,0.0,0.0,0.0,0.0,0.0,0.0
2006-08-25,0.0,0.0,0.0,0.0,0.0,0.0,0.0,0.0,0.0,0.0,0.0
2006-08-26,0.0,0.0,0.0,0.0,0.0,0.0,0.0,0.0,0.0,0.0,0.0
2006-08-27,0.0,0.0,0.0,0.0,0.0,0.0,0.0,0.0,0.0,0.0,0.0
2006-08-28,0.0,0.0,0.0,0.0,0.0,0.0,0.0,0.0,0.0,0.0,0.0
2006-08-29,0.0,0.0,0.0,0.0,0.0,0.0,0.0,0.0,0.0,0.0,0.0
2006-08-30,0.0,0.0,0.0,0.0,0.0,0.0,0.0,0.0,0.0,0.0,0.0
2006-08-31,0.0,0.0,0.0,0.0,0.0,0.0,0.0,0.0,0.0,0.0,0.0
2006-09-01,0.0,0.0,0.0,0.0,0.0,0.0,0.0,0.0,0.0,0.0,0.0
2006-09-02,0.0,0.0,0.0,0.0,0.0,0.0,0.0,0.0,0.0,0.0,0.0
2006-09-03,0.0,0.0,0.0,0.0,0.0,0.0,0.0,0.0,0.0,0.0,0.0
2006-09-04,0.0,0.0,0.0,0.0,0.0,0.0,0.0,0.0,0.0,0.0,0.0
2006-09-05,0.0,0.0,0.0,0.0,0.0,0.0,0.0,0.0,0.0,0.0,0.0
2006-09-06,0.0,0.0,0.0,0.0,0.0,0.0,0.0,0.0,0.0,0.0,0.0
2006-09-07,0.0,0.0,0.0,0.0,0.0,0.0,0.0,0.0,0.0,0.0,0.0
2006-09-08,0.0,0.0,0.0,0.0,0.0,0.0,0.0,0.0,0.0,0.0,0.0
2006-09-09,0.0,0.0,0.0,0.0,0.0,0.0,0.0,0.0,0.0,0.0,0.0
2006-09-10,0.0,0.0,0.0,0.0,0.0,0.0,0.0,0.0,0.0,0.0,0.0
2006-09-11,0.0,0.0,0.0,0.0,0.0,0.0,0.0,0.0,0.0,0.0,0.0
2006-09-12,0.0,0.0,0.0,0.0,0.0,0.0,0.0,0.0,0.0,0.0,0.0
2006-09-13,0.0,0.0,0.0,0.0,0.0,0.0,0.0,0.0,0.0,0.0,0.0
2006-09-14,0.0,0.0,0.0,0.0,0.0,0.0,0.0,0.0,0.0,0.0,0.0
2006-09-15,0.0,0.0,0.0,0.0,0.0,0.0,0.0,0.0,0.0,0.0,0.0
2006-09-16,0.0,0.0,0.0,0.0,0.0,0.0,0.0,0.0,0.0,0.0,0.0
2006-09-17,0.0,0.0,0.0,0.0,0.0,0.0,0.0,0.0,0.0,0.0,0.0
2006-09-18,0.0,0.0,0.0,0.0,0.0,0.0,0.0,0.0,0.0,0.0,0.0
2006-09-19,0.0,0.0,0.0,0.0,0.0,0.0,0.0,0.0,0.0,0.0,0.0
2006-09-20,0.0,0.0,0.0,0.0,0.0,0.0,0.0,0.0,0.0,0.0,0.0
2006-09-21,0.0,0.0,0.0,0.0,0.0,0.0,0.0,0.0,0.0,0.0,0.0
2006-09-22,0.0,0.0,0.0,0.0,0.0,0.0,0.0,0.0,0.0,0.0,0.0
2006-09-23,0.0,0.0,0.0,0.0,0.0,0.0,0.0,0.0,0.0,0.0,0.0
2006-09-24,0.0,0.0,0.0,0.0,0.0,0.0,0.0,0.0,0.0,0.0,0.0
2006-09-25,0.0,0.0,0.0,0.0,0.0,0.0,0.0,0.0,0.0,0.0,0.0
2006-09-26,0.0,0.0,0.0,0.0,0.0,0.0,0.0,0.0,0.0,0.0,0.0
2006-09-27,0.0,0.0,0.0,0.0,0.0,0.0,0.0,0.0,0.0,0.0,0.0
2006-09-28,0.0,0.0,0.0,0.0,0.0,0.0,0.0,0.0,0.0,0.0,0.0
2006-09-29,0.0,0.0,0.0,0.0,0.0,0.0,0.0,0.0,0.0,0.0,0.0
2006-09-30,0.0,0.0,0.0,0.0,0.0,0.0,0.0,0.0,0.0,0.0,0.0
2006-10-01,0.0,0.0,0.0,0.0,0.0,0.0,0.0,0.0,0.0,0.0,0.0
2006-10-02,0.0,0.0,0.0,0.0,0.0,0.0,0.0,0.0,0.0,0.0,0.0
2006-10-03,0.0,0.0,0.0,0.0,0.0,0.0,0.0,0.0,0.0,0.0,0.0
2006-10-04,0.0,0.0,0.0,0.0,0.0,0.0,0.0,0.0,0.0,0.0,0.0
2006-10-05,0.0,0.0,0.0,0.0,0.0,0.0,0.0,0.0,0.0,0.0,0.0
2006-10-06,0.33333334,0.0,0.0,0.0,5.888889,4.9772725,0.0,0.0,0.0,0.0,0.0
2006-10-07,0.0,0.07272727,0.0,0.0,9.62963,7.681818,0.0,0.0,0.0,0.0,0.0
2006-10-08,0.0,0.018181818,0.0,0.0,7.888889,6.090909,0.0,0.0,0.0,0.0,0.0
2006-10-09,0.0,0.0,0.0,0.0,3.5185184,2.4772727,0.0,0.0,0.0,0.0,0.0
2006-10-10,0.16666667,0.0,0.0,0.0,1.5925926,0.97727275,0.0,0.0,0.0,0.0,0.0
2006-10-11,2.1666667,0.0,0.0,0.0,1.5925926,0.97727275,0.0,0.0,0.0,14.6,0.0
2006-10-12,1.0,0.0,0.0,0.0,0.8518519,0.52272725,0.0,0.0,0.0,7.4,0.0
2006-10-13,0.0,0.0,0.0,0.0,0.22222222,0.13636364,0.0,0.0,0.0,2.2,0.0
2006-10-14,0.0,0.0,0.0,0.0,0.074074075,0.045454547,0.0,0.0,0.0,0.0,0.0
2006-10-15,0.0,0.25454545,0.0,0.0,0.0,0.0,0.0,0.0,0.0,0.0,0.0
2006-10-16,0.0,0.0,0.0,0.0,0.0,0.0,0.0,0.0,0.0,0.0,0.0
2006-10-17,0.0,0.0,0.0,0.0,0.0,0.0,0.0,0.0,0.0,0.0,0.0
2006-10-18,0.0,0.0,0.0,0.0,0.0,0.0,0.0,0.0,0.0,0.0,0.0
2006-10-19,0.0,0.0,0.0,0.0,0.0,0.0,0.0,0.0,0.0,0.0,0.0
2006-10-20,0.0,0.0,0.0,0.0,0.0,0.0,0.0,0.0,0.0,0.0,0.0
2006-10-21,0.0,0.0,0.0,0.0,0.0,0.0,0.0,0.0,0.0,0.0,0.0
2006-10-22,0.0,0.0,0.0,0.0,0.0,0.0,0.0,0.0,0.0,0.0,0.0
2006-10-23,0.0,0.0,0.0,0.0,0.0,0.0,0.0,0.0,0.0,0.0,0.0
2006-10-24,0.0,0.0,0.0,0.0,0.0,0.0,0.0,0.0,0.0,0.0,0.0
2006-10-25,0.0,0.0,0.0,0.0,0.0,0.0,0.0,0.0,0.0,0.0,0.0
2006-10-26,0.0,0.0,0.0,0.0,0.0,0.0,0.0,0.0,0.0,0.0,0.0
2006-10-27,0.0,0.0,0.0,0.0,0.0,0.0,0.0,0.0,0.0,0.0,0.0
2006-10-28,0.0,0.0,0.0,0.0,0.0,0.0,0.0,0.0,0.0,0.0,0.0
2006-10-29,0.0,0.0,0.0,0.0,0.0,0.0,0.0,0.0,0.0,0.0,0.0
2006-10-30,0.0,0.0,0.0,0.0,0.0,0.0,0.0,0.0,0.0,0.0,0.0
2006-10-31,0.0,0.0,0.0,0.0,0.0,0.0,0.0,0.0,0.0,0.0,0.0
2006-11-01,0.0,0.0,0.0,0.0,0.0,0.0,0.0,0.0,0.0,0.0,0.0
2006-11-02,0.0,0.0,0.0,0.0,0.0,0.0,0.0,0.0,0.0,0.0,0.0
2006-11-03,0.0,0.0,0.0,0.0,0.0,0.0,0.0,0.0,0.0,0.0,2.0
2006-11-04,0.0,0.0,0.0,0.0,0.0,0.25,0.0,0.0,0.0,2.2,0.0
2006-11-05,0.0,0.0,0.0,0.0,0.0,0.09090909,0.0,0.0,0.0,0.2,0.0
2006-11-06,0.0,0.0,0.0,0.0,0.0,0.0,0.0,0.0,0.0,0.0,0.0
2006-11-07,0.0,0.0,0.0,0.0,0.0,0.0,0.0,0.0,0.0,0.0,0.0
2006-11-08,0.0,0.0,0.0,0.0,0.0,0.0,0.0,0.0,0.0,0.0,0.0
2006-11-09,0.0,0.0,0.0,0.0,0.0,0.25,0.0,0.0,0.0,2.0,0.0
2006-11-10,0.0,0.0,0.0,0.0,0.0,0.18181819,0.0,0.0,0.0,2.0,0.0
2006-11-11,0.0,0.0,0.0,0.0,0.0,0.22727273,0.5555556,0.0,0.0,1.4,0.0
2006-11-12,0.16666667,0.0,0.0,0.0,0.18518518,0.8181818,6.2222223,6.0,6.0,5.6,3.0
2006-11-13,0.16666667,0.0,0.0,0.0,0.5925926,1.1363636,16.5,14.5,19.0,8.4,8.5
2006-11-14,4.8333335,0.0,0.0,0.0,16.518518,17.068182,14.222222,31.0,29.0,20.2,17.0
2006-11-15,5.0,0.0,0.0,0.0,16.37037,16.181818,10.166667,29.0,27.0,16.0,14.5
2006-11-16,3.6666667,0.0,0.0,0.0,20.88889,19.09091,8.222222,24.0,24.0,11.6,12.0
2006-11-17,3.3333333,0.0,0.0,0.0,18.481482,17.181818,3.3333333,24.0,21.0,10.0,9.0
2006-11-18,1.8333334,0.0,0.0,0.0,16.444445,15.272727,1.1111112,31.0,34.0,8.0,6.0
2006-11-19,1.0,0.0,0.0,0.0,13.925926,13.113636,0.44444445,23.0,27.0,8.8,2.5
2006-11-20,0.16666667,0.0,0.0,0.0,10.518518,10.272727,0.055555556,13.0,18.0,5.2,0.0
2006-11-21,0.0,0.0,0.0,0.0,7.6296296,7.818182,0.0,7.0,9.0,0.6,0.0
2006-11-22,0.0,0.0,0.0,0.0,7.4444447,7.659091,0.0,5.0,4.0,0.0,0.0
2006-11-23,0.0,0.0,0.0,0.0,7.4074073,7.6363635,3.1111112,5.0,3.0,0.0,0.0
2006-11-24,0.0,0.0,0.0,0.0,7.3703704,7.659091,4.2777777,11.5,11.0,1.2,4.0
2006-11-25,0.0,0.0,0.0,0.0,7.3703704,7.6363635,3.6666667,11.5,11.0,1.2,4.0
2006-11-26,0.0,0.0,0.0,0.0,7.4074073,7.568182,2.8333333,11.5,11.0,1.2,4.0
2006-11-27,0.16666667,0.0,0.0,0.0,14.740741,15.636364,24.88889,24.0,23.0,6.4,7.5
2006-11-28,0.16666667,0.16363636,0.0,0.0,19.037037,20.181818,29.333334,43.5,48.0,12.0,23.5
2006-11-29,0.16666667,0.16363636,0.33333334,0.25,18.925926,20.136364,30.11111,44.0,48.0,12.0,23.5
2006-11-30,0.0,0.16363636,0.0,0.0,18.962963,20.136364,30.61111,44.0,48.0,12.0,23.5
2006-12-01,0.0,0.14545454,0.0,0.0,18.407408,19.136364,29.277779,43.5,47.0,11.6,23.5
2006-12-02,0.0,0.036363635,0.0,0.0,17.407408,17.25,26.333334,43.0,46.0,11.0,23.5
2006-12-03,0.0,0.018181818,0.0,0.0,16.074074,15.318182,21.11111,42.5,46.0,11.6,23.5
2006-12-04,0.0,0.018181818,0.0,0.0,14.0,13.227273,19.444445,39.5,45.0,10.8,23.5
2006-12-05,0.0,0.0,0.0,0.0,12.111111,11.477273,15.888889,35.0,42.0,9.6,23.0
2006-12-06,0.0,0.0,0.0,0.0,10.074074,9.75,12.333333,31.5,39.0,7.0,21.5
2006-12-07,0.0,0.0,0.0,0.0,9.074074,8.75,9.833333,25.5,35.0,4.4,17.5
2006-12-08,0.0,0.0,0.0,0.0,7.0740743,7.181818,8.111111,19.0,31.0,2.2,12.0
2006-12-09,0.0,0.0,0.0,0.0,7.185185,7.340909,5.888889,16.0,29.0,1.2,9.0
2006-12-10,10.666667,9.490909,9.333333,7.0,27.851852,29.545454,16.833334,32.5,47.0,2.2,21.5
2006-12-11,16.666666,19.818182,35.666668,34.75,37.22222,39.25,18.0,45.5,62.0,9.2,26.0
2006-12-12,16.666666,21.10909,35.0,34.25,35.407406,36.409092,26.222221,55.5,76.0,10.0,30.5
2006-12-13,20.0,20.218182,31.0,30.5,44.333332,45.090908,24.222221,71.5,94.0,13.8,30.0
2006-12-14,20.0,16.709091,23.666666,22.5,51.148148,52.522728,19.5,70.0,89.0,11.8,25.5
2006-12-15,16.5,11.909091,18.0,15.25,52.333332,52.204544,19.333334,66.0,82.0,9.2,21.5
2006-12-16,17.0,10.127273,16.666666,12.75,52.37037,52.5,21.333334,73.0,85.0,12.0,25.0
2006-12-17,23.666666,21.036364,41.333332,38.25,62.88889,64.88636,19.777779,80.5,88.0,16.2,28.5
2006-12-18,24.166666,22.327272,45.333332,42.5,63.185184,65.13636,19.777779,81.0,88.0,16.6,28.0
2006-12-19,24.166666,22.418182,45.333332,42.5,57.296295,56.045456,19.777779,79.5,88.0,16.6,28.0
2006-12-20,24.166666,22.418182,45.333332,42.5,57.037037,55.772728,19.666666,79.5,88.0,16.6,28.0
2006-12-21,24.333334,22.545454,45.333332,42.5,57.11111,55.795456,19.61111,78.0,88.0,16.6,28.0
2006-12-22,37.333332,27.709091,47.333332,43.0,86.14815,90.0,27.222221,113.5,121.0,36.8,64.0
2006-12-23,38.166668,29.381819,52.0,50.75,86.74074,90.15909,27.0,111.5,121.0,36.8,63.5
2006-12-24,38.0,27.636364,47.666668,46.5,86.77778,89.954544,26.5,111.5,122.0,36.8,63.5
2006-12-25,38.666668,25.345455,39.0,37.75,87.51852,89.681816,25.666666,113.0,122.0,36.4,63.5
2006-12-26,38.0,20.290909,30.666666,27.25,88.85185,90.75,32.61111,113.0,122.0,35.6,62.5
2006-12-27,63.166668,22.981817,29.666666,25.0,108.18519,112.204544,31.444445,134.0,142.0,52.4,79.0
2006-12-28,81.333336,44.18182,79.333336,76.0,117.888885,117.97727,44.22222,158.5,170.0,68.8,88.0
2006-12-29,81.333336,44.418182,81.666664,79.75,126.44444,130.47728,43.88889,158.5,170.0,68.8,88.0
2006-12-30,78.833336,43.945454,81.333336,78.5,126.77778,129.56818,43.22222,157.0,171.0,69.2,88.0
2006-12-31,78.833336,40.50909,74.333336,70.5,127.333336,128.77272,42.0,158.0,171.0,69.0,88.5
2007-01-01,78.166664,40.50909,74.333336,70.5,127.703705,129.02272,41.833332,157.5,171.0,69.6,88.0
2007-01-02,64.666664,40.145454,74.333336,70.5,128.33333,129.43182,40.77778,158.0,171.0,69.2,88.0
2007-01-03,62.0,39.418182,69.666664,65.75,129.77777,128.0,39.27778,156.5,170.0,67.4,88.0
2007-01-04,63.333332,34.327274,55.0,51.25,132.07408,128.43182,40.27778,173.5,189.0,69.4,87.0
2007-01-05,94.833336,48.69091,83.333336,81.75,156.22223,153.22728,43.555557,216.5,226.0,104.6,115.5
2007-01-06,82.333336,48.98182,83.666664,82.0,157.66667,154.38637,52.38889,215.5,226.0,104.4,113.5
2007-01-07,87.166664,48.672726,82.0,80.25,157.2963,153.81818,43.88889,214.5,227.0,104.2,113.5
2007-01-08,78.333336,45.436363,71.666664,69.75,158.07408,153.0,40.944443,213.0,227.0,103.2,113.5
2007-01-09,76.0,38.30909,54.0,51.75,158.96297,153.29546,37.444443,213.0,226.0,103.2,113.5
2007-01-10,75.333336,32.6,46.666668,41.5,160.25926,151.90909,34.72222,213.0,226.0,102.2,113.5
2007-01-11,75.333336,31.581818,45.333332,38.75,160.14815,151.34091,34.944443,213.5,226.0,103.6,113.5
2007-01-12,83.166664,31.6,45.0,38.5,159.74074,151.20454,34.61111,213.5,226.0,103.4,113.5
2007-01-13,79.333336,31.581818,45.0,38.5,159.92592,151.38637,34.61111,214.0,226.0,103.2,113.5
2007-01-14,81.0,31.563637,45.0,38.5,159.48148,151.13637,34.61111,214.0,226.0,103.2,113.5
2007-01-15,80.333336,31.563637,45.333332,38.75,159.48148,151.13637,34.61111,214.0,226.0,103.0,113.5
2007-01-16,76.0,31.563637,45.333332,38.75,159.74074,151.29546,34.61111,213.5,226.0,103.6,113.5
2007-01-17,77.666664,31.563637,45.333332,38.5,159.66667,151.22728,34.555557,213.5,226.0,103.6,113.5
2007-01-18,77.166664,31.545454,45.333332,38.5,159.66667,151.22728,34.555557,213.5,226.0,103.6,113.5
2007-01-19,77.166664,31.527273,44.666668,37.25,159.66667,151.0,34.055557,213.0,226.0,103.6,113.5
2007-01-20,77.5,30.581818,42.666668,33.5,159.77777,149.81818,33.333332,211.5,226.0,103.0,113.5
2007-01-21,77.5,30.381819,42.333332,32.25,159.51852,149.22728,32.666668,211.0,226.0,104.4,114.5
2007-01-22,76.833336,30.381819,42.333332,32.25,159.55556,149.38637,32.72222,211.5,226.0,104.4,113.5
2007-01-23,75.333336,30.363636,42.0,31.5,159.55556,148.61363,31.833334,211.0,226.0,104.8,114.0
2007-01-24,75.166664,27.945454,38.666668,29.0,160.40741,147.15909,29.277779,206.5,224.0,105.0,113.0
2007-01-25,75.0,25.418182,33.333332,25.0,160.96297,145.5,26.5,199.5,221.0,103.4,112.0
2007-01-26,75.0,24.454546,30.333334,22.75,161.59259,145.02272,23.722221,195.0,219.0,100.4,110.5
2007-01-27,75.0,24.581818,29.0,21.75,161.51852,144.86363,22.166666,192.5,218.0,99.8,109.0
2007-01-28,77.166664,26.927273,33.333332,25.25,164.48148,147.43182,21.555555,192.0,218.0,101.0,109.0
2007-01-29,79.666664,29.309092,34.666668,26.75,166.59259,149.63637,20.944445,192.0,218.0,100.8,109.0
2007-01-30,79.666664,29.763636,34.333332,25.75,167.33333,149.97728,19.833334,192.0,218.0,100.6,109.0
2007-01-31,80.333336,30.0,34.333332,25.75,167.18518,149.75,19.444445,192.0,218.0,100.6,108.5
2007-02-01,80.166664,30.690908,34.333332,25.75,167.33333,149.84091,18.88889,193.0,218.0,100.8,108.5
2007-02-02,80.333336,31.49091,34.333332,25.75,167.2963,149.68182,18.555555,193.5,218.0,100.8,108.5
2007-02-03,80.333336,30.90909,33.666668,25.25,167.2963,148.72728,17.777779,192.5,218.0,100.6,108.5
2007-02-04,80.0,28.89091,30.333334,22.75,167.48148,147.40909,15.944445,187.5,216.0,97.4,105.0
2007-02-05,79.166664,24.981817,20.666666,15.5,164.11111,141.40909,10.555555,180.0,212.0,93.2,96.5
2007-02-06,78.333336,21.363636,11.333333,8.5,156.18518,131.63637,7.5555553,171.0,208.0,85.4,87.5
2007-02-07,76.666664,18.763636,6.3333335,4.75,152.85185,127.36364,6.2222223,163.0,209.0,81.4,83.5
2007-02-08,76.5,18.89091,5.0,3.75,156.96297,131.5,8.388889,170.0,219.0,82.0,92.0
2007-02-09,76.333336,18.618181,4.3333335,3.25,162.22223,137.65909,10.722222,188.0,237.0,84.4,102.0
2007-02-10,81.5,17.90909,3.3333333,2.5,174.77777,151.09091,11.055555,214.0,249.0,95.8,108.0
2007-02-11,152.0,28.181818,17.333334,13.0,238.62962,214.09091,11.166667,268.5,302.0,119.6,156.0
2007-02-12,148.5,37.945454,28.0,26.0,260.51852,234.79546,14.166667,287.5,318.0,131.2,175.0
2007-02-13,155.33333,39.21818,28.333334,26.75,261.4074,235.84091,15.055555,287.5,318.0,131.0,175.5
2007-02-14,159.83333,40.254547,28.333334,27.0,262.25925,236.68182,14.444445,287.5,318.0,132.2,175.0
2007-02-15,153.83333,40.127274,28.666666,27.25,262.4074,236.68182,14.333333,288.0,318.0,132.2,178.5
2007-02-16,149.5,38.909092,28.666666,25.75,261.96295,236.40909,11.611111,282.5,315.0,131.2,175.5
2007-02-17,148.5,32.6,29.666666,23.5,261.18518,234.31818,8.666667,279.0,313.0,129.4,172.0
2007-02-18,150.83333,28.89091,23.0,17.25,258.2963,228.86363,8.222222,274.0,312.0,123.6,163.5
2007-02-19,154.16667,29.272728,21.0,15.75,260.5926,231.68182,8.0,274.0,313.0,127.6,162.5
2007-02-20,153.83333,30.854546,24.333334,18.25,260.5926,231.54546,7.888889,274.0,313.0,127.6,162.5
2007-02-21,143.16667,30.272728,23.333334,17.5,260.51852,230.63637,8.0,274.0,312.0,126.4,162.0
2007-02-22,144.5,30.218182,21.333334,16.0,260.25925,230.02272,18.11111,275.0,312.0,126.2,159.5
2007-02-23,188.5,46.272728,36.333332,33.75,296.14816,268.45456,42.77778,319.0,346.0,158.6,195.5
2007-02-24,156.33333,49.618183,39.666668,37.25,299.33334,271.0909,43.833332,320.0,356.0,160.0,197.0
2007-02-25,200.66667,49.81818,39.666668,37.25,302.44446,272.25,79.111115,352.5,382.0,170.0,217.5
2007-02-26,221.16667,51.890907,45.333332,42.5,332.14816,301.70456,102.666664,419.5,448.0,194.4,259.0
2007-02-27,274.66666,63.4,56.333332,54.0,372.96295,344.11365,130.27777,496.5,519.0,235.6,310.0
2007-02-28,278.33334,71.818184,73.666664,70.75,391.25925,360.25,144.5,515.0,545.0,241.4,319.0
2007-03-01,284.5,74.38182,76.0,73.0,379.92593,337.63635,150.33333,533.0,569.0,240.8,322.0
2007-03-02,285.5,74.36364,76.333336,73.25,379.85184,336.79544,151.27777,534.5,574.0,242.2,322.0
2007-03-03,287.16666,74.36364,77.0,73.75,394.48148,362.0909,151.83333,530.5,574.0,241.8,321.5
2007-03-04,286.16666,74.10909,62.333332,62.75,394.0,361.13635,152.05556,531.5,574.0,244.8,321.5
2007-03-05,288.16666,71.490906,56.333332,53.0,392.7037,359.86365,138.94444,532.0,573.0,244.2,319.5
2007-03-06,283.16666,61.4,50.666668,42.75,391.48148,357.4091,130.61111,529.5,571.0,239.0,315.5
2007-03-07,276.83334,50.0,39.333332,29.5,389.77777,358.02274,116.22222,527.0,567.0,235.2,314.0
2007-03-08,248.0,44.436363,33.666668,25.25,388.92593,356.11365,110.0,529.5,568.0,232.2,310.0
2007-03-09,223.5,39.327274,27.333334,20.5,387.7037,353.1591,102.111115,525.5,569.0,226.4,305.0
2007-03-10,229.66667,34.29091,21.0,15.75,385.77777,349.43182,96.611115,519.5,567.0,220.6,302.0
2007-03-11,233.5,29.363636,15.333333,11.5,382.1111,342.13635,83.111115,511.5,565.0,213.2,295.5
2007-03-12,212.66667,23.654545,5.0,3.75,372.66666,324.02274,49.72222,500.5,562.0,204.8,286.5
2007-03-13,206.83333,15.636364,0.0,0.0,360.96295,305.0909,24.88889,464.5,552.0,186.0,270.0
2007-03-14,202.33333,9.690909,0.0,0.0,348.62964,289.22726,12.277778,441.5,539.0,167.0,249.0
2007-03-15,198.33333,6.2181816,0.0,0.0,337.81482,277.29544,8.555555,424.5,527.0,153.8,230.5
2007-03-16,216.66667,3.709091,0.0,0.0,322.55554,261.3409,7.0,403.0,512.0,138.4,207.5
2007-03-17,204.16667,1.8,0.0,0.0,298.14816,238.52272,5.111111,364.0,489.0,117.4,177.5
2007-03-18,195.83333,0.8181818,0.0,0.0,280.92593,222.54546,4.111111,330.0,470.0,100.6,153.5
2007-03-19,189.0,0.6,0.0,0.0,270.18518,212.68182,2.6111112,309.5,455.0,87.8,133.5
2007-03-20,184.16667,0.43636364,0.0,0.0,262.66666,206.31818,1.6666666,293.5,442.0,80.2,117.5
2007-03-21,195.33333,1.8545455,1.3333334,1.0,278.14816,221.47728,1.5555556,298.5,450.0,85.4,113.0
2007-03-22,172.16667,2.709091,2.6666667,2.0,280.33334,222.5,1.3888888,299.5,450.0,86.4,113.5
2007-03-23,171.5,1.9454546,0.0,0.0,276.96295,217.13637,0.2777778,295.5,449.0,82.2,106.0
2007-03-24,193.16667,1.0363636,0.0,0.0,269.07407,209.72728,0.0,286.0,439.0,73.4,88.5
2007-03-25,185.83333,0.4,0.0,0.0,255.48148,198.97728,0.0,262.0,417.0,60.4,72.5
2007-03-26,180.66667,0.3090909,0.0,0.0,244.7037,190.31818,0.0,249.0,405.0,51.6,64.5
2007-03-27,203.16667,1.0181818,3.0,2.25,275.74075,218.22728,20.0,281.0,434.0,68.4,79.0
2007-03-28,208.33333,5.672727,16.0,15.25,270.96295,212.47728,22.666666,301.0,455.0,85.4,105.0
2007-03-29,193.66667,5.6363635,15.666667,15.0,280.55554,222.70454,22.555555,303.5,456.0,82.8,105.0
2007-03-30,177.83333,2.1090908,6.0,4.5,280.96295,220.02272,12.611111,305.0,454.0,78.8,104.5
2007-03-31,175.0,1.0727273,2.0,1.5,269.25925,208.81818,0.6666667,286.5,444.0,72.2,93.5
2007-04-01,193.0,0.34545454,0.0,0.0,249.03703,193.11363,0.0,267.0,430.0,65.0,77.5
2007-04-02,184.16667,0.2,0.0,0.0,227.2963,174.86363,0.0,252.0,418.0,57.0,65.0
2007-04-03,176.66667,0.09090909,0.0,0.0,210.77777,160.11363,0.0,238.0,410.0,49.2,57.5
2007-04-04,166.66667,0.0,0.0,0.0,197.11111,148.34091,0.0,207.5,384.0,38.4,46.0
2007-04-05,157.83333,0.0,0.0,0.0,185.14815,138.65909,0.0,182.0,363.0,23.2,32.5
2007-04-06,150.0,0.0,0.0,0.0,170.18518,126.61364,0.0,148.0,329.0,10.4,18.0
2007-04-07,140.33333,0.0,0.0,0.0,148.59259,109.86364,0.0,110.0,291.0,3.2,0.0
2007-04-08,137.66667,0.0,0.0,0.0,140.7037,103.681816,0.0,93.0,272.0,1.6,0.0
2007-04-09,126.333336,0.0,0.0,0.0,136.2963,99.65909,0.0,74.5,252.0,0.0,0.0
2007-04-10,119.166664,0.0,0.0,0.0,134.62962,98.045456,0.0,65.5,234.0,0.0,0.0
2007-04-11,116.5,0.0,0.0,0.0,133.96297,97.34091,0.0,60.0,225.0,0.0,0.0
2007-04-12,99.5,0.036363635,0.33333334,0.25,127.666664,96.5,4.6666665,72.5,239.0,6.0,5.5
2007-04-13,99.5,0.036363635,0.33333334,0.25,127.666664,96.47727,3.4444444,84.0,250.0,10.4,9.0
2007-04-14,115.166664,0.09090909,0.0,0.0,125.92593,93.88636,0.11111111,77.5,248.0,10.2,3.5
2007-04-15,134.16667,1.5090909,3.3333333,2.5,130.07408,98.5,1.3333334,83.0,257.0,11.0,5.0
2007-04-16,141.33333,3.1818182,3.3333333,3.0,132.96297,100.47727,0.5,82.5,264.0,10.6,4.5
2007-04-17,135.0,0.9818182,2.3333333,1.75,126.77778,93.65909,0.0,66.5,248.0,6.0,0.0
2007-04-18,135.0,0.8545455,1.0,0.75,127.55556,94.454544,0.33333334,79.0,261.0,12.0,4.0
2007-04-19,134.83333,0.8545455,1.0,0.75,126.59259,94.045456,2.0,82.5,265.0,15.0,8.0
2007-04-20,135.33333,0.7818182,1.0,0.75,127.703705,95.15909,3.5555556,87.5,261.0,15.4,10.0
2007-04-21,124.666664,1.0909091,1.0,1.0,126.55556,94.47727,1.5,87.0,262.0,15.8,10.0
2007-04-22,153.5,2.1272728,2.3333333,1.75,140.2963,110.34091,12.555555,104.5,278.0,17.6,16.0
2007-04-23,169.0,10.0,17.333334,20.25,160.55556,130.5,11.0,152.5,317.0,31.4,34.5
2007-04-24,168.16667,7.6545453,15.333333,16.25,164.55556,133.88637,3.5,151.5,310.0,28.6,26.5
2007-04-25,159.0,1.7818182,5.6666665,4.25,174.88889,136.34091,0.7222222,129.5,293.0,21.2,11.0
2007-04-26,151.66667,0.3090909,1.3333334,1.0,148.66667,111.568184,0.0,102.5,273.0,12.0,0.0
2007-04-27,142.66667,0.0,0.0,0.0,147.40741,107.02273,0.0,75.0,246.0,1.0,0.0
2007-04-28,108.5,0.0,0.0,0.0,129.07408,92.38636,0.0,47.0,196.0,0.0,0.0
2007-04-29,87.666664,0.0,0.0,0.0,110.92593,77.97727,0.0,22.0,145.0,0.0,0.0
2007-04-30,75.833336,0.0,0.0,0.0,98.74074,68.63636,0.0,1.0,104.0,0.0,0.0
2007-05-01,65.333336,0.0,0.0,0.0,88.51852,61.090908,0.0,0.0,67.0,0.0,0.0
2007-05-02,58.333332,0.0,0.0,0.0,81.666664,55.93182,0.0,0.0,40.0,0.0,0.0
2007-05-03,61.333332,0.036363635,0.0,0.0,85.14815,61.386364,0.33333334,19.0,68.0,4.2,11.0
2007-05-04,51.833332,0.18181819,0.33333334,0.25,81.22222,61.227272,1.5555556,23.5,72.0,6.0,13.5
2007-05-05,55.666668,0.2,0.33333334,0.25,85.62963,66.0,1.2222222,32.0,82.0,8.4,16.0
2007-05-06,58.166668,0.12727273,0.33333334,0.25,85.59259,65.77273,0.22222222,33.0,84.0,8.6,16.0
2007-05-07,71.333336,0.036363635,0.0,0.0,88.25926,65.59091,0.0,19.5,67.0,4.0,3.5
2007-05-08,60.333332,0.0,0.0,0.0,81.55556,56.522728,0.0,0.0,30.0,0.0,0.0
2007-05-09,49.0,0.0,0.0,0.0,70.703705,48.045456,0.0,0.0,0.0,0.0,0.0
2007-05-10,40.5,0.0,0.0,0.0,59.592594,39.56818,0.0,0.0,0.0,0.0,0.0
2007-05-11,31.833334,0.0,0.0,0.0,49.962963,32.295456,0.0,0.0,0.0,0.0,0.0
2007-05-12,23.666666,0.0,0.0,0.0,43.037037,27.363636,0.0,0.0,0.0,0.0,0.0
2007-05-13,17.333334,0.0,0.0,0.0,39.555557,24.954546,0.0,0.0,0.0,0.0,0.0
2007-05-14,12.5,0.0,0.0,0.0,36.592594,22.84091,0.0,0.0,0.0,0.0,0.0
2007-05-15,9.0,0.0,0.0,0.0,32.296295,19.818182,0.0,0.0,0.0,0.0,0.0
2007-05-16,4.0,0.0,0.0,0.0,26.962963,16.545454,0.0,0.0,0.0,0.0,0.0
2007-05-17,0.0,0.0,0.0,0.0,22.814816,14.0,0.0,0.0,0.0,0.0,0.0
2007-05-18,0.0,0.0,0.0,0.0,18.518518,11.363636,0.0,0.0,0.0,0.0,0.0
2007-05-19,0.0,0.0,0.0,0.0,15.296296,9.386364,0.0,0.0,0.0,0.0,0.0
2007-05-20,0.0,0.0,0.0,0.0,12.592592,7.7272725,0.0,0.0,0.0,0.0,0.0
2007-05-21,0.0,0.0,0.0,0.0,10.296296,6.318182,0.0,0.0,0.0,0.0,0.0
2007-05-22,0.0,0.0,0.0,0.0,8.814815,5.409091,0.0,0.0,0.0,0.0,0.0
2007-05-23,0.0,0.0,0.0,0.0,8.333333,5.1136365,0.0,0.0,0.0,0.0,0.0
2007-05-24,0.0,0.0,0.0,0.0,8.074074,4.9545455,0.0,0.0,0.0,0.0,0.0
2007-05-25,0.0,0.0,0.0,0.0,7.0740743,4.340909,0.0,0.0,0.0,0.0,0.0
2007-05-26,0.0,0.0,0.0,0.0,7.111111,4.3636365,0.0,0.0,0.0,0.0,0.0
2007-05-27,0.0,0.0,0.0,0.0,6.2222223,3.8181818,0.0,0.0,0.0,0.0,0.0
2007-05-28,0.0,0.0,0.0,0.0,5.4444447,3.340909,0.0,0.0,0.0,0.0,0.0
2007-05-29,0.0,0.0,0.0,0.0,4.888889,3.0,0.0,0.0,0.0,0.0,0.0
2007-05-30,0.0,0.0,0.0,0.0,4.111111,2.5227273,0.0,0.0,0.0,0.0,0.0
2007-05-31,0.0,0.0,0.0,0.0,3.2222223,1.9772727,0.0,0.0,0.0,0.0,0.0
2007-06-01,0.0,0.0,0.0,0.0,2.148148,1.3181819,0.0,0.0,0.0,0.0,0.0
2007-06-02,0.0,0.0,0.0,0.0,1.1111112,0.6818182,0.0,0.0,0.0,0.0,0.0
2007-06-03,0.0,0.0,0.0,0.0,0.11111111,0.06818182,0.0,0.0,0.0,0.0,0.0
2007-06-04,0.0,0.0,0.0,0.0,0.0,0.0,0.0,0.0,0.0,0.0,0.0
2007-06-05,0.0,0.0,0.0,0.0,0.0,0.0,0.0,0.0,0.0,0.0,0.0
2007-06-06,0.16666667,0.0,0.0,0.0,0.37037036,0.22727273,0.0,0.0,0.0,0.0,0.0
2007-06-07,1.1666666,0.0,0.0,0.0,0.25925925,0.1590909,0.0,0.0,0.0,1.0,4.0
2007-06-08,0.0,0.0,0.0,0.0,0.33333334,0.20454545,0.0,0.0,0.0,0.0,0.0
2007-06-09,0.0,0.0,0.0,0.0,0.0,0.0,0.0,0.0,0.0,0.0,0.0
2007-06-10,0.0,0.0,0.0,0.0,0.0,0.0,0.0,0.0,0.0,0.0,0.0
2007-06-11,0.0,0.0,0.0,0.0,0.0,0.0,0.0,0.0,0.0,0.0,0.0
2007-06-12,0.0,0.0,0.0,0.0,0.0,0.0,0.0,0.0,0.0,0.0,0.0
2007-06-13,0.0,0.0,0.0,0.0,0.0,0.0,0.0,0.0,0.0,0.0,0.0
2007-06-14,0.0,0.0,0.0,0.0,0.0,0.0,0.0,0.0,0.0,0.0,0.0
2007-06-15,0.0,0.0,0.0,0.0,0.0,0.0,0.0,0.0,0.0,0.0,0.0
2007-06-16,0.0,0.0,0.0,0.0,0.0,0.0,0.0,0.0,0.0,0.0,0.0
2007-06-17,0.0,0.0,0.0,0.0,0.0,0.0,0.0,0.0,0.0,0.0,0.0
2007-06-18,0.0,0.0,0.0,0.0,0.0,0.0,0.0,0.0,0.0,0.0,0.0
2007-06-19,0.0,0.0,0.0,0.0,0.0,0.0,0.0,0.0,0.0,0.0,0.0
2007-06-20,0.0,0.0,0.0,0.0,0.0,0.0,0.0,0.0,0.0,0.0,0.0
2007-06-21,0.0,0.0,0.0,0.0,0.0,0.0,0.0,0.0,0.0,0.0,0.0
2007-06-22,0.0,0.0,0.0,0.0,0.0,0.0,0.0,0.0,0.0,0.0,0.0
2007-06-23,0.0,0.0,0.0,0.0,0.0,0.0,0.0,0.0,0.0,0.0,0.0
2007-06-24,0.0,0.0,0.0,0.0,0.0,0.0,0.0,0.0,0.0,0.0,0.0
2007-06-25,0.0,0.0,0.0,0.0,0.0,0.0,0.0,0.0,0.0,0.0,0.0
2007-06-26,0.0,0.0,0.0,0.0,0.0,0.0,0.0,0.0,0.0,0.0,0.0
2007-06-27,0.0,0.0,0.0,0.0,0.0,0.0,0.0,0.0,0.0,0.0,0.0
2007-06-28,0.0,0.0,0.0,0.0,0.0,0.0,0.0,0.0,0.0,0.0,0.0
2007-06-29,0.0,0.0,0.0,0.0,0.0,0.0,0.0,0.0,0.0,0.0,0.0
2007-06-30,0.0,0.0,0.0,0.0,0.0,0.0,0.0,0.0,0.0,0.0,0.0
2007-07-01,0.0,0.0,0.0,0.0,0.0,0.0,0.0,0.0,0.0,0.0,0.0
2007-07-02,0.0,0.0,0.0,0.0,0.0,0.0,0.0,0.0,0.0,0.0,0.0
2007-07-03,0.0,0.0,0.0,0.0,0.0,0.0,0.0,0.0,0.0,0.0,0.0
2007-07-04,0.0,0.0,0.0,0.0,0.0,0.0,0.0,0.0,0.0,0.0,0.0
2007-07-05,0.0,0.0,0.0,0.0,0.0,0.0,0.0,0.0,0.0,0.0,0.0
2007-07-06,0.0,0.0,0.0,0.0,0.0,0.0,0.0,0.0,0.0,0.0,0.0
2007-07-07,0.0,0.0,0.0,0.0,0.0,0.0,0.0,0.0,0.0,0.0,0.0
2007-07-08,0.0,0.0,0.0,0.0,0.0,0.0,0.0,0.0,0.0,0.0,0.0
2007-07-09,0.0,0.0,0.0,0.0,0.0,0.0,0.0,0.0,0.0,0.0,0.0
2007-07-10,0.0,0.0,0.0,0.0,0.0,0.0,0.0,0.0,0.0,0.0,0.0
2007-07-11,0.0,0.0,0.0,0.0,0.0,0.0,0.0,0.0,0.0,0.0,0.0
2007-07-12,0.0,0.0,0.0,0.0,0.0,0.0,0.0,0.0,0.0,0.0,0.0
2007-07-13,0.0,0.0,0.0,0.0,0.0,0.0,0.0,0.0,0.0,0.0,0.0
2007-07-14,0.0,0.0,0.0,0.0,0.0,0.0,0.0,0.0,0.0,0.0,0.0
2007-07-15,0.0,0.0,0.0,0.0,0.0,0.0,0.0,0.0,0.0,0.0,0.0
2007-07-16,0.0,0.0,0.0,0.0,0.0,0.0,0.0,0.0,0.0,0.0,0.0
2007-07-17,0.0,0.0,0.0,0.0,0.0,0.0,0.0,0.0,0.0,0.0,0.0
2007-07-18,0.0,0.0,0.0,0.0,0.0,0.0,0.0,0.0,0.0,0.0,0.0
2007-07-19,0.0,0.0,0.0,0.0,0.0,0.0,0.0,0.0,0.0,0.0,0.0
2007-07-20,0.0,0.0,0.0,0.0,0.0,0.0,0.0,0.0,0.0,0.0,0.0
2007-07-21,0.0,0.0,0.0,0.0,0.0,0.0,0.0,0.0,0.0,0.0,0.0
2007-07-22,0.0,0.0,0.0,0.0,0.0,0.0,0.0,0.0,0.0,0.0,0.0
2007-07-23,0.0,0.0,0.0,0.0,0.0,0.0,0.0,0.0,0.0,0.0,0.0
2007-07-24,0.0,0.0,0.0,0.0,0.0,0.0,0.0,0.0,0.0,0.0,0.0
2007-07-25,0.0,0.0,0.0,0.0,0.0,0.0,0.0,0.0,0.0,0.0,0.0
2007-07-26,0.0,0.0,0.0,0.0,0.0,0.0,0.0,0.0,0.0,0.0,0.0
2007-07-27,0.0,0.0,0.0,0.0,0.0,0.0,0.0,0.0,0.0,0.0,0.0
2007-07-28,0.0,0.0,0.0,0.0,0.0,0.0,0.0,0.0,0.0,0.0,0.0
2007-07-29,0.0,0.0,0.0,0.0,0.0,0.0,0.0,0.0,0.0,0.0,0.0
2007-07-30,0.0,0.0,0.0,0.0,0.0,0.0,0.0,0.0,0.0,0.0,0.0
2007-07-31,0.0,0.0,0.0,0.0,0.0,0.0,0.0,0.0,0.0,0.0,0.0
2007-08-01,0.0,0.0,0.0,0.0,0.0,0.0,0.0,0.0,0.0,0.0,0.0
2007-08-02,0.0,0.0,0.0,0.0,0.0,0.0,0.0,0.0,0.0,0.0,0.0
2007-08-03,0.0,0.0,0.0,0.0,0.0,0.0,0.0,0.0,0.0,0.0,0.0
2007-08-04,0.0,0.0,0.0,0.0,0.0,0.0,0.0,0.0,0.0,0.0,0.0
2007-08-05,0.0,0.0,0.0,0.0,0.0,0.0,0.0,0.0,0.0,0.0,0.0
2007-08-06,0.0,0.0,0.0,0.0,0.0,0.0,0.0,0.0,0.0,0.0,0.0
2007-08-07,0.0,0.0,0.0,0.0,0.0,0.0,0.0,0.0,0.0,0.0,0.0
2007-08-08,0.0,0.0,0.0,0.0,0.0,0.0,0.0,0.0,0.0,0.0,0.0
2007-08-09,0.0,0.0,0.0,0.0,0.0,0.0,0.0,0.0,0.0,0.0,0.0
2007-08-10,0.0,0.0,0.0,0.0,0.0,0.0,0.0,0.0,0.0,0.0,0.0
2007-08-11,0.0,0.0,0.0,0.0,0.0,0.0,0.0,0.0,0.0,0.0,0.0
2007-08-12,0.0,0.0,0.0,0.0,0.0,0.0,0.0,0.0,0.0,0.0,0.0
2007-08-13,0.0,0.0,0.0,0.0,0.0,0.0,0.0,0.0,0.0,0.0,0.0
2007-08-14,0.0,0.0,0.0,0.0,0.0,0.0,0.0,0.0,0.0,0.0,0.0
2007-08-15,0.0,0.0,0.0,0.0,0.0,0.0,0.0,0.0,0.0,0.0,0.0
2007-08-16,0.0,0.0,0.0,0.0,0.0,0.0,0.0,0.0,0.0,0.0,0.0
2007-08-17,0.0,0.0,0.0,0.0,0.0,0.0,0.0,0.0,0.0,0.0,0.0
2007-08-18,0.0,0.0,0.0,0.0,0.0,0.0,0.0,0.0,0.0,0.0,0.0
2007-08-19,0.0,0.0,0.0,0.0,0.0,0.0,0.0,0.0,0.0,0.0,0.0
2007-08-20,0.0,0.0,0.0,0.0,0.0,0.0,0.0,0.0,0.0,0.0,0.0
2007-08-21,0.0,0.0,0.0,0.0,0.0,0.0,0.0,0.0,0.0,0.0,0.0
2007-08-22,0.0,0.0,0.0,0.0,0.0,0.0,0.0,0.0,0.0,0.0,0.0
2007-08-23,0.0,0.0,0.0,0.0,0.0,0.0,0.0,0.0,0.0,0.0,0.0
2007-08-24,0.0,0.0,0.0,0.0,0.0,0.0,0.0,0.0,0.0,0.0,0.0
2007-08-25,0.0,0.0,0.0,0.0,0.0,0.0,0.0,0.0,0.0,0.0,0.0
2007-08-26,0.0,0.0,0.0,0.0,0.0,0.0,0.0,0.0,0.0,0.0,0.0
2007-08-27,0.0,0.0,0.0,0.0,0.0,0.0,0.0,0.0,0.0,0.0,0.0
2007-08-28,0.0,0.0,0.0,0.0,0.0,0.0,0.0,0.0,0.0,0.0,0.0
2007-08-29,0.0,0.0,0.0,0.0,0.0,0.0,0.0,0.0,0.0,0.0,0.0
2007-08-30,0.0,0.0,0.0,0.0,0.0,0.0,0.0,0.0,0.0,0.0,0.0
2007-08-31,0.0,0.0,0.0,0.0,0.0,0.0,0.0,0.0,0.0,0.0,0.0
2007-09-01,0.0,0.0,0.0,0.0,0.0,0.0,0.0,0.0,0.0,0.0,0.0
2007-09-02,0.0,0.0,0.0,0.0,0.0,0.0,0.0,0.0,0.0,0.0,0.0
2007-09-03,0.0,0.0,0.0,0.0,0.0,0.0,0.0,0.0,0.0,0.0,0.0
2007-09-04,0.0,0.0,0.0,0.0,0.0,0.0,0.0,0.0,0.0,0.0,0.0
2007-09-05,0.0,0.0,0.0,0.0,0.0,0.0,0.0,0.0,0.0,0.0,0.0
2007-09-06,0.0,0.0,0.0,0.0,0.0,0.0,0.0,0.0,0.0,0.0,0.0
2007-09-07,0.0,0.0,0.0,0.0,0.0,0.0,0.0,0.0,0.0,0.0,0.0
2007-09-08,0.0,0.0,0.0,0.0,0.0,0.0,0.0,0.0,0.0,0.0,0.0
2007-09-09,0.0,0.0,0.0,0.0,0.0,0.0,0.0,0.0,0.0,0.0,0.0
2007-09-10,0.0,0.0,0.0,0.0,0.0,0.0,0.0,0.0,0.0,0.0,0.0
2007-09-11,0.0,0.0,0.0,0.0,0.0,0.0,0.0,0.0,0.0,0.0,0.0
2007-09-12,0.0,0.0,0.0,0.0,0.0,0.0,0.0,0.0,0.0,0.0,0.0
2007-09-13,0.0,0.0,0.0,0.0,0.0,0.0,0.0,0.0,0.0,0.0,0.0
2007-09-14,0.0,0.0,0.0,0.0,0.0,0.0,0.0,0.0,0.0,0.0,0.0
2007-09-15,0.0,0.0,0.0,0.0,0.0,0.0,0.0,0.0,0.0,0.0,0.0
2007-09-16,0.0,0.0,0.0,0.0,0.0,0.0,0.0,0.0,0.0,0.0,0.0
2007-09-17,0.0,0.0,0.0,0.0,0.0,0.0,0.0,0.0,0.0,0.0,0.0
2007-09-18,0.0,0.0,0.0,0.0,0.0,0.0,0.0,0.0,0.0,0.0,0.0
2007-09-19,0.0,0.0,0.0,0.0,0.0,0.0,0.0,0.0,0.0,0.0,0.0
2007-09-20,0.0,0.0,0.0,0.0,1.1111112,1.25,0.0,0.0,0.0,0.0,0.0
2007-09-21,0.0,0.09090909,0.0,0.0,1.7037038,2.4318182,0.0,0.0,0.0,0.0,0.0
2007-09-22,0.0,0.07272727,0.0,0.0,0.7777778,1.0909091,0.0,0.0,0.0,0.0,0.0
2007-09-23,0.5,0.18181819,0.0,0.0,2.9629629,3.5681818,0.0,0.0,0.0,0.0,0.0
2007-09-24,0.16666667,0.18181819,0.0,0.0,3.851852,4.2272725,0.0,0.0,0.0,0.0,0.0
2007-09-25,0.0,0.07272727,0.0,0.0,1.962963,2.3181818,0.0,0.0,0.0,0.0,0.0
2007-09-26,0.0,0.0,0.0,0.0,0.37037036,0.4318182,0.0,0.0,0.0,0.0,0.0
2007-09-27,0.0,0.0,0.0,0.0,0.0,0.0,0.0,0.0,0.0,0.0,0.0
2007-09-28,0.0,0.0,0.0,0.0,0.0,0.0,0.0,0.0,0.0,0.0,0.0
2007-09-29,0.0,0.0,0.0,0.0,0.0,0.0,0.0,0.0,0.0,0.0,0.0
2007-09-30,0.0,0.0,0.0,0.0,0.0,0.0,0.0,0.0,0.0,0.4,0.0
2007-10-01,0.0,0.0,0.0,0.0,0.0,0.0,0.0,0.0,0.0,0.0,0.0
2007-10-02,0.0,0.0,0.0,0.0,0.0,0.0,0.0,0.0,0.0,0.0,0.0
2007-10-03,0.0,0.0,0.0,0.0,0.0,0.0,0.0,0.0,0.0,0.0,0.0
2007-10-04,0.0,0.0,0.0,0.0,0.0,0.0,0.0,0.0,0.0,0.0,0.0
2007-10-05,0.33333334,0.0,0.0,0.0,0.33333334,0.20454545,0.0,0.0,0.0,0.0,0.0
2007-10-06,3.3333333,1.7454545,0.0,0.0,0.5555556,0.75,0.0,2.0,2.0,7.4,6.0
2007-10-07,7.3333335,4.2363634,0.0,0.0,0.9259259,0.95454544,0.0,1.5,1.0,6.0,4.5
2007-10-08,2.3333333,2.8181818,0.0,0.0,0.037037037,0.022727273,0.0,0.0,0.0,0.0,0.0
2007-10-09,0.0,0.16363636,0.0,0.0,0.0,0.0,0.0,0.0,0.0,0.0,0.0
2007-10-10,0.0,0.0,0.0,0.0,0.0,0.0,0.0,0.0,0.0,0.0,0.0
2007-10-11,0.0,0.0,0.0,0.0,0.0,0.0,0.0,7.0,5.0,3.8,1.5
2007-10-12,0.0,0.0,0.0,0.0,0.0,0.0,0.0,1.0,0.0,0.0,0.0
2007-10-13,0.8333333,0.3272727,0.0,0.0,1.4444444,1.4545455,0.0,0.0,0.0,0.0,0.0
2007-10-14,0.33333334,0.18181819,0.0,0.0,0.7777778,0.70454544,0.0,0.0,0.0,0.0,0.0
2007-10-15,0.0,0.0,0.0,0.0,0.0,0.0,0.0,0.0,0.0,0.0,0.0
2007-10-16,0.0,0.0,0.0,0.0,0.0,0.0,0.0,0.0,0.0,0.0,0.0
2007-10-17,0.0,0.0,0.0,0.0,0.7777778,0.79545456,0.0,5.5,2.0,0.0,0.5
2007-10-18,0.0,0.0,0.0,0.0,0.8888889,0.90909094,0.0,11.5,8.0,2.2,4.5
2007-10-19,0.0,0.0,0.0,0.0,0.037037037,0.022727273,0.0,6.5,3.0,0.0,2.5
2007-10-20,0.0,0.0,0.0,0.0,0.0,0.0,0.0,1.5,0.0,0.0,0.0
2007-10-21,0.0,0.0,0.0,0.0,0.0,0.0,0.0,1.5,0.0,0.0,0.0
2007-10-22,0.0,0.0,0.0,0.0,0.0,0.0,0.0,1.0,0.0,0.0,0.0
2007-10-23,0.0,0.0,0.0,0.0,0.0,0.0,0.0,0.0,0.0,0.0,0.0
2007-10-24,0.0,0.0,0.0,0.0,0.0,0.0,0.0,0.0,0.0,0.0,0.0
2007-10-25,0.0,0.0,0.0,0.0,0.0,0.0,0.0,0.0,0.0,0.0,0.0
2007-10-26,0.0,0.0,0.0,0.0,0.0,0.0,0.0,0.0,0.0,0.0,0.0
2007-10-27,0.0,0.0,0.0,0.0,0.0,0.0,0.0,0.0,0.0,0.0,0.0
2007-10-28,0.0,0.0,0.0,0.0,0.0,0.0,0.0,0.0,0.0,0.0,0.0
2007-10-29,0.0,0.0,0.0,0.0,0.0,0.0,0.0,0.0,0.0,0.0,0.0
2007-10-30,0.0,0.0,0.0,0.0,0.4074074,0.25,0.0,0.0,0.0,0.0,0.0
2007-10-31,0.0,0.0,0.0,0.0,0.33333334,0.20454545,0.0,0.0,0.0,0.0,0.0
2007-11-01,0.0,0.0,0.0,0.0,0.22222222,0.13636364,0.0,0.0,0.0,0.0,0.0
2007-11-02,0.0,0.0,0.0,0.0,0.22222222,0.13636364,0.0,0.0,0.0,0.0,0.0
2007-11-03,0.0,0.0,0.0,0.0,0.14814815,0.09090909,0.0,0.0,0.0,0.0,0.0
2007-11-04,0.0,0.0,0.0,0.0,0.0,0.0,0.0,0.0,0.0,0.0,0.0
2007-11-05,0.0,0.0,0.0,0.0,0.0,0.0,0.0,0.0,0.0,0.0,0.0
2007-11-06,0.0,0.0,0.0,0.0,0.0,0.0,0.0,0.0,0.0,0.0,0.0
2007-11-07,0.0,0.0,0.0,0.0,0.0,0.0,0.0,0.0,0.0,0.0,0.0
2007-11-08,0.0,0.0,0.0,0.0,0.0,0.0,0.0,0.0,0.0,0.0,0.0
2007-11-09,0.0,0.0,0.0,0.0,0.0,0.0,0.0,0.0,0.0,0.0,0.0
2007-11-10,0.0,0.0,0.0,0.0,0.0,0.0,0.0,0.0,0.0,0.0,0.0
2007-11-11,0.33333334,0.0,0.0,0.0,0.8148148,1.3409091,0.0,0.0,0.0,0.8,0.0
2007-11-12,2.8333333,0.3272727,0.0,0.0,2.5185184,2.840909,0.0,6.5,4.0,8.8,0.0
2007-11-13,3.1666667,0.18181819,0.0,0.0,1.6666666,1.8863636,0.0,7.0,6.0,8.6,0.0
2007-11-14,0.6666667,0.0,0.0,0.0,0.25925925,0.5,0.0,0.5,1.0,3.4,0.0
2007-11-15,0.0,0.0,0.0,0.0,0.0,0.0,0.0,0.0,0.0,0.2,0.0
2007-11-16,0.0,0.0,0.0,0.0,0.0,0.0,0.0,0.0,0.0,0.0,0.0
2007-11-17,0.0,0.0,0.0,0.0,0.0,0.0,0.0,0.0,0.0,0.0,0.0
2007-11-18,0.0,0.0,0.0,0.0,0.0,0.0,0.0,0.0,0.0,0.0,0.0
2007-11-19,0.0,0.0,0.0,0.0,0.0,0.0,0.0,0.0,0.0,0.0,0.0
2007-11-20,0.0,0.0,0.0,0.0,0.0,0.0,0.11111111,0.0,0.0,0.0,0.0
2007-11-21,0.0,0.0,0.0,0.0,0.0,0.0,0.11111111,0.0,0.0,0.0,0.0
2007-11-22,0.0,0.0,0.0,0.0,0.0,0.0,0.0,0.0,0.0,0.0,0.0
2007-11-23,0.0,0.0,0.0,0.0,0.0,0.0,0.0,0.0,0.0,0.0,0.0
2007-11-24,0.0,0.0,0.0,0.0,0.0,0.0,0.0,0.0,0.0,0.0,0.0
2007-11-25,0.0,0.0,0.0,0.0,0.0,0.0,0.0,0.0,0.0,0.0,0.0
2007-11-26,0.0,0.0,0.0,0.0,0.0,0.0,0.0,0.0,0.0,0.0,0.0
2007-11-27,0.0,0.0,0.0,0.0,0.0,0.0,0.0,0.0,0.0,0.0,0.0
2007-11-28,0.0,0.0,0.0,0.0,0.0,0.0,0.0,0.0,0.0,0.0,0.0
2007-11-29,0.0,0.0,0.0,0.0,0.0,0.0,0.0,0.0,0.0,0.0,0.0
2007-11-30,0.0,0.0,0.0,0.0,0.0,0.0,0.0,0.0,0.0,0.0,0.0
2007-12-01,0.0,0.0,0.0,0.0,0.0,0.0,0.0,0.0,0.0,0.0,0.0
2007-12-02,0.0,0.0,0.0,0.0,0.0,0.0,0.0,0.0,0.0,0.0,0.0
2007-12-03,0.0,0.0,0.0,0.0,0.0,0.0,0.0,0.0,0.0,0.0,0.0
2007-12-04,0.0,0.0,0.0,0.0,0.0,0.0,0.0,0.0,0.0,0.0,0.0
2007-12-05,0.0,0.0,0.0,0.0,0.0,0.0,0.0,0.0,0.0,0.0,0.0
2007-12-06,0.0,0.0,0.0,0.0,0.0,0.0,0.0,0.0,0.0,0.0,0.0
2007-12-07,37.0,10.545455,13.666667,10.25,46.148148,41.545456,14.5,22.5,21.0,13.6,15.5
2007-12-08,54.666668,29.727272,51.0,47.5,59.48148,55.954544,13.888889,40.0,38.0,29.8,41.5
2007-12-09,57.333332,33.636364,51.666668,48.0,64.85185,61.295456,13.944445,40.0,38.0,32.0,41.5
2007-12-10,57.333332,33.090908,55.0,51.5,62.77778,59.06818,13.666667,40.0,38.0,33.2,41.5
2007-12-11,57.333332,33.381817,55.333332,52.0,63.11111,59.204544,12.444445,40.0,38.0,33.2,41.5
2007-12-12,57.333332,33.18182,55.0,51.75,61.037037,57.659092,12.888889,40.0,38.0,33.2,41.5
2007-12-13,57.333332,33.363636,54.666668,51.25,61.814816,58.409092,12.555555,40.0,38.0,33.6,41.5
2007-12-14,57.333332,33.145454,54.666668,51.25,63.407406,60.159092,9.444445,40.0,38.0,33.6,41.5
2007-12-15,57.333332,33.090908,53.333332,50.0,62.555557,59.43182,9.055555,40.0,38.0,33.6,43.0
2007-12-16,57.333332,32.854546,50.333332,47.0,63.814816,60.454544,9.0,40.0,38.0,34.0,43.0
2007-12-17,57.333332,32.872726,50.666668,47.25,63.74074,60.409092,20.777779,40.0,38.0,34.4,43.0
2007-12-18,57.333332,33.836365,50.666668,47.5,68.51852,65.15909,31.88889,47.5,45.0,38.8,47.5
2007-12-19,105.5,61.945454,63.666668,66.75,120.07407,115.454544,57.38889,74.5,75.0,47.8,62.5
2007-12-20,105.5,63.563637,78.0,80.25,128.66667,124.0,88.0,93.0,94.0,54.4,78.0
2007-12-21,126.333336,67.09091,90.666664,93.0,156.62962,150.59091,89.72222,128.0,131.0,81.0,105.0
2007-12-22,126.333336,67.63636,91.333336,93.75,156.59259,150.61363,89.72222,128.0,131.0,81.0,105.0
2007-12-23,123.0,67.92727,89.333336,91.75,158.40741,152.36363,89.888885,128.0,131.0,81.0,105.0
2007-12-24,121.0,66.145454,84.666664,87.0,157.85185,151.56818,88.44444,126.0,129.0,79.6,104.0
2007-12-25,126.833336,65.163635,82.333336,84.75,156.85185,150.18182,88.72222,125.5,129.0,79.6,104.0
2007-12-26,123.0,64.96364,82.0,84.25,156.85185,150.15909,88.55556,126.0,129.0,79.6,104.5
2007-12-27,121.666664,65.0,82.0,84.25,159.11111,151.68182,86.05556,126.0,129.0,79.4,104.5
2007-12-28,122.166664,64.90909,81.666664,84.0,160.48148,153.72728,92.27778,125.5,130.0,79.8,104.5
2007-12-29,122.5,64.69091,81.666664,84.0,161.66667,155.52272,96.5,143.0,153.0,84.8,105.0
2007-12-30,122.5,64.30909,79.333336,81.75,161.77777,155.61363,101.833336,146.0,155.0,85.0,109.0
2007-12-31,119.5,62.909092,76.0,78.25,161.77777,155.5,101.94444,146.0,155.0,85.8,108.5
2008-01-01,125.166664,62.01818,70.0,72.0,161.74074,155.27272,101.888885,146.5,155.0,85.8,108.5
2008-01-02,119.333336,61.01818,63.0,64.0,163.07408,155.65909,101.166664,147.0,155.0,85.4,110.5
2008-01-03,121.833336,59.727272,59.0,59.0,164.03703,155.79546,99.44444,147.0,154.0,85.6,110.5
2008-01-04,129.33333,59.21818,57.0,56.75,168.48148,160.77272,115.22222,148.5,156.0,86.8,115.5
2008-01-05,230.33333,121.854546,92.333336,94.5,293.33334,283.11365,185.83333,256.5,265.0,168.0,195.0
2008-01-06,280.16666,151.98181,145.0,147.5,320.55554,309.36365,206.22223,311.0,325.0,209.4,231.5
2008-01-07,288.5,156.23636,152.0,154.25,344.1111,336.63635,214.0,312.5,325.0,208.8,232.0
2008-01-08,288.33334,156.41818,151.66667,154.0,339.62964,333.77274,217.38889,313.0,326.0,208.8,232.0
2008-01-09,294.83334,159.90909,153.66667,156.0,357.07407,349.1591,240.66667,366.0,379.0,238.0,259.5
2008-01-10,292.16666,158.67273,153.0,155.0,358.33334,350.20456,236.94444,366.5,379.0,238.0,259.5
2008-01-11,294.33334,158.70909,151.33333,153.0,361.55554,353.36365,258.44446,367.5,380.0,238.4,258.0
2008-01-12,290.33334,156.8,145.66667,147.25,361.07407,352.63635,233.5,367.5,379.0,238.2,259.0
2008-01-13,296.33334,155.34546,140.0,141.5,361.0,352.31818,257.83334,367.5,379.0,240.0,258.5
2008-01-14,293.66666,153.4,132.66667,134.25,361.07407,351.93182,256.0,367.5,379.0,238.2,258.5
2008-01-15,285.83334,151.0,122.666664,124.5,362.66666,352.54544,232.94444,367.5,379.0,237.8,259.5
2008-01-16,286.0,149.52727,117.0,118.5,362.5926,352.29544,240.0,368.5,379.0,237.6,259.5
2008-01-17,287.66666,149.6,116.333336,117.75,362.33334,352.0909,236.55556,368.0,379.0,237.6,259.5
2008-01-18,279.5,149.52727,115.666664,116.75,361.25925,351.13635,234.66667,367.5,379.0,239.4,259.5
2008-01-19,277.16666,149.3091,113.333336,114.0,360.33334,350.0909,213.77777,368.5,379.0,239.4,259.5
2008-01-20,276.83334,148.5091,113.0,112.5,361.37036,350.68182,215.38889,369.0,379.0,239.4,259.5
2008-01-21,281.16666,148.52727,113.0,112.5,362.07407,351.13635,255.38889,381.5,397.0,237.8,260.0
2008-01-22,280.33334,148.5091,113.0,112.5,361.7037,351.22726,267.33334,392.5,413.0,242.4,268.0
2008-01-23,306.5,148.5091,113.333336,112.75,362.96295,355.43182,225.94444,401.5,421.0,248.0,270.5
2008-01-24,329.83334,160.4909,134.33333,133.75,386.96295,381.54544,244.83333,404.5,425.0,252.4,271.5
2008-01-25,346.33334,168.70909,150.0,149.25,401.4074,394.88635,274.33334,412.5,435.0,255.6,281.0
2008-01-26,339.66666,171.61818,150.66667,150.0,404.92593,398.54544,281.55554,424.0,449.0,258.2,299.5
2008-01-27,370.33334,175.03636,150.33333,149.25,417.33334,411.1591,328.05554,425.0,451.0,260.0,300.5
2008-01-28,431.16666,193.67273,167.66667,170.0,491.1111,482.8409,293.5,472.0,506.0,292.6,336.5
2008-01-29,430.83334,198.81818,183.0,183.5,500.85184,492.81818,349.77777,486.5,521.0,300.8,344.0
2008-01-30,440.5,200.96364,183.66667,183.75,508.7037,501.70456,306.44446,508.5,546.0,313.2,355.0
2008-01-31,443.5,200.90909,183.66667,184.0,510.8889,503.22726,331.0,519.5,559.0,316.0,358.5
2008-02-01,462.66666,202.74545,187.33333,190.25,533.7037,525.7727,345.66666,549.5,592.0,335.2,382.0
2008-02-02,457.66666,204.03636,188.0,191.0,536.1852,528.4318,355.66666,550.5,592.0,332.6,382.0
2008-02-03,500.0,222.74545,219.0,223.0,575.9259,571.5909,383.33334,597.5,647.0,359.8,411.0
2008-02-04,516.0,245.23636,251.0,255.0,596.2593,591.2727,386.05554,634.5,688.0,382.2,430.5
2008-02-05,515.6667,244.41818,246.66667,246.5,596.7407,591.5455,406.44446,637.5,689.0,384.2,430.5
2008-02-06,515.6667,245.21819,246.66667,246.5,597.03705,591.9318,395.94446,638.5,690.0,384.2,432.0
2008-02-07,515.5,245.45454,251.33333,254.5,597.7037,592.0909,401.44446,640.0,690.0,384.2,433.0
2008-02-08,515.8333,242.92728,244.0,247.0,598.4815,592.11365,433.66666,641.0,690.0,381.2,433.0
2008-02-09,515.8333,239.07272,234.0,236.75,599.62964,591.9773,370.6111,641.0,691.0,381.0,433.0
2008-02-10,516.1667,235.09091,220.0,222.75,601.03705,591.8409,382.05554,640.5,691.0,382.4,433.0
2008-02-11,512.8333,230.83636,206.0,208.75,601.55554,591.11365,439.3889,639.0,687.0,380.0,433.0
2008-02-12,504.33334,226.18182,191.66667,194.25,602.7037,591.0455,338.94446,638.5,686.0,378.4,433.0
2008-02-13,507.83334,219.21819,168.33333,171.0,603.2222,589.86365,340.66666,637.5,683.0,376.0,432.5
2008-02-14,504.16666,218.36363,163.33333,165.5,602.96295,589.75,429.94446,637.5,683.0,372.0,432.5
2008-02-15,500.16666,218.4909,163.33333,165.5,602.96295,589.7955,340.0,638.0,684.0,372.0,432.5
2008-02-16,501.16666,217.65454,163.0,164.75,602.4815,588.4773,364.0,638.0,683.0,372.2,432.0
2008-02-17,497.33334,213.12727,162.66667,161.75,602.5926,587.8182,355.77777,637.0,682.0,374.4,431.0
2008-02-18,496.0,207.25455,162.0,157.75,602.03705,585.9773,356.0,636.5,679.0,373.0,430.5
2008-02-19,488.33334,202.78181,162.66667,154.75,601.8889,585.0909,344.55554,636.0,677.0,371.4,429.0
2008-02-20,490.5,202.6,165.0,155.0,608.8148,592.3182,346.66666,636.0,677.0,372.0,429.0
2008-02-21,493.0,211.56363,182.66667,173.75,614.7778,597.6591,344.0,642.5,684.0,370.4,432.0
2008-02-22,549.6667,226.98181,199.33333,194.25,635.0,622.2727,367.66666,659.0,704.0,379.0,445.5
2008-02-23,561.1667,246.96364,243.33333,239.0,658.62964,648.0,443.16666,672.0,718.0,390.0,451.5
2008-02-24,626.0,261.83636,280.0,276.25,708.9259,694.5909,402.8889,700.5,751.0,412.6,476.0
2008-02-25,655.3333,275.81818,307.33334,304.25,752.2222,733.6591,439.83334,742.5,799.0,428.0,514.0
2008-02-26,652.1667,275.16364,307.66666,302.5,753.3333,733.4318,420.0,742.5,799.0,433.0,512.5
2008-02-27,651.6667,269.70908,302.0,294.75,753.55554,732.3182,416.16666,742.5,799.0,431.8,511.5
2008-02-28,653.8333,262.6182,282.33334,275.0,753.96295,731.1591,405.0,743.0,796.0,423.8,510.0
2008-02-29,660.5,253.56363,259.66666,252.25,752.6667,727.88635,399.94446,741.0,793.0,422.0,508.0
2008-03-01,628.3333,243.27272,233.66667,226.75,753.03705,725.63635,391.72223,742.0,790.0,425.4,506.0
2008-03-02,639.6667,242.23636,226.0,219.0,752.62964,725.13635,383.72223,743.0,791.0,419.0,505.5
2008-03-03,631.8333,241.45454,221.66667,215.0,752.37036,724.5,389.8889,743.5,791.0,419.0,506.5
2008-03-04,625.0,239.85454,215.66667,207.25,752.03705,722.0682,384.05554,743.5,790.0,418.6,506.0
2008-03-05,613.0,235.45454,211.0,199.0,752.4815,721.6591,382.3889,743.0,790.0,417.0,504.5
2008-03-06,610.5,234.3091,210.33333,196.25,752.7407,720.4773,461.77777,743.5,789.0,420.6,504.5
2008-03-07,612.3333,231.63637,209.33333,193.0,752.6667,721.4091,359.94446,743.5,789.0,419.6,502.0
2008-03-08,602.3333,226.96364,206.66667,187.25,752.62964,721.11365,373.77777,744.0,788.0,414.2,501.0
2008-03-09,599.3333,222.96364,205.0,183.0,752.37036,719.3182,356.1111,745.5,790.0,414.2,500.5
2008-03-10,594.6667,221.16364,203.66667,180.0,751.55554,717.38635,354.3889,745.5,789.0,412.6,498.5
2008-03-11,583.3333,215.94545,199.66667,172.75,749.7407,714.36365,345.3889,745.0,785.0,412.6,498.5
2008-03-12,580.6667,202.2,193.66667,161.75,746.8148,707.9091,330.27777,743.5,783.0,408.6,496.0
2008-03-13,585.5,189.36363,187.33333,149.75,744.03705,702.4545,317.22223,742.5,781.0,401.4,494.0
2008-03-14,586.6667,184.56363,187.0,145.5,748.4815,705.63635,316.16666,765.5,810.0,406.0,500.5
2008-03-15,580.6667,184.4909,187.0,145.25,751.14813,705.8182,326.33334,779.0,824.0,411.6,513.0
2008-03-16,603.0,185.52727,189.66667,148.25,754.96295,709.0,405.33334,789.5,836.0,415.6,516.5
2008-03-17,592.1667,185.5091,190.0,148.5,755.8889,709.5227,317.72223,790.0,836.0,417.0,517.0
2008-03-18,590.8333,185.38182,188.66667,147.0,756.1111,708.3409,312.8889,791.0,840.0,417.0,518.0
2008-03-19,578.6667,182.70909,186.0,141.5,755.0741,704.0909,325.1111,788.5,837.0,408.2,515.0
2008-03-20,655.1667,180.92728,185.33333,139.5,753.44446,699.86365,301.0,792.5,844.0,397.2,518.0
2008-03-21,546.0,180.0,184.33333,138.25,753.03705,697.0909,322.5,792.0,845.0,391.6,518.5
2008-03-22,572.3333,172.67273,180.33333,135.25,751.44446,692.9773,317.72223,788.0,844.0,389.4,518.0
2008-03-23,556.0,164.92728,173.33333,130.0,748.85187,691.61365,308.33334,786.0,842.0,390.8,516.0
2008-03-24,551.6667,153.56363,165.33333,124.0,747.2963,685.7955,375.6111,782.0,839.0,384.0,513.5
2008-03-25,534.1667,144.07272,160.0,120.0,744.5926,679.8182,363.0,780.5,838.0,375.0,511.5
2008-03-26,537.5,134.52727,154.0,115.5,744.0,676.3182,257.5,779.5,838.0,366.4,508.5
2008-03-27,518.0,131.34546,153.0,114.75,741.96295,673.25,259.8889,778.5,841.0,358.4,508.5
2008-03-28,515.8333,127.818184,152.0,114.0,741.5926,672.61365,260.83334,778.0,841.0,358.2,508.5
2008-03-29,514.8333,123.98182,150.66667,113.0,739.44446,668.86365,264.16666,782.5,851.0,357.8,510.0
2008-03-30,511.0,120.454544,150.0,112.5,740.6667,668.6818,263.27777,779.5,850.0,360.2,507.5
2008-03-31,513.6667,122.72727,163.33333,125.75,745.2593,672.9318,263.66666,778.5,851.0,353.6,507.5
2008-04-01,514.1667,120.89091,158.33333,121.5,745.37036,671.86365,282.83334,778.5,851.0,348.6,507.0
2008-04-02,515.3333,117.09091,154.33333,115.75,744.55554,668.63635,276.5,778.5,850.0,348.4,507.0
2008-04-03,514.3333,114.61818,153.66667,115.25,742.1111,663.0909,271.5,777.0,851.0,353.8,505.0
2008-04-04,515.0,112.03636,152.0,114.0,735.5926,652.63635,264.3889,775.0,850.0,338.6,502.0
2008-04-05,513.5,107.34545,150.0,112.5,732.5185,645.38635,260.22223,773.0,848.0,334.8,500.5
2008-04-06,511.66666,102.30909,149.0,111.75,729.1111,638.2955,253.38889,766.0,835.0,326.6,497.5
2008-04-07,511.0,97.67273,149.66667,112.25,725.7037,632.6818,247.33333,761.5,828.0,320.2,493.5
2008-04-08,510.33334,92.527275,150.33333,112.75,722.7037,628.4545,250.83333,758.5,821.0,316.4,485.5
2008-04-09,510.0,90.145454,150.0,112.5,724.7037,629.1591,242.88889,759.0,820.0,310.6,486.5
2008-04-10,509.66666,86.67273,150.33333,112.75,721.1111,626.8182,239.61111,758.5,818.0,306.4,484.0
2008-04-11,508.33334,80.454544,148.0,111.0,715.7037,620.4545,229.0,755.5,818.0,299.0,476.5
2008-04-12,505.16666,72.09091,135.0,101.25,708.7037,610.8409,208.83333,729.0,797.0,282.2,465.5
2008-04-13,500.66666,59.363636,119.333336,89.5,703.8889,601.0,176.44444,697.0,776.0,275.6,453.5
2008-04-14,492.0,50.109093,104.0,78.0,699.4074,589.88635,153.16667,665.5,755.0,261.0,437.5
2008-04-15,488.33334,42.927273,86.333336,64.75,686.0741,577.3182,147.0,652.5,736.0,257.2,437.0
2008-04-16,488.16666,40.945454,85.0,63.75,680.0,572.4773,146.94444,648.5,730.0,251.4,435.5
2008-04-17,487.33334,39.52727,77.666664,58.25,671.14813,563.6818,140.55556,646.0,726.0,247.0,429.0
2008-04-18,483.66666,34.381817,59.333332,44.5,663.0,552.75,117.44444,628.0,715.0,237.4,416.5
2008-04-19,478.16666,29.472727,51.0,38.25,654.7037,543.38635,102.94444,607.0,697.0,223.4,408.0
2008-04-20,477.16666,29.236364,50.333332,37.75,644.7778,534.7727,101.888885,597.5,680.0,222.8,405.5
2008-04-21,477.16666,29.163637,50.333332,37.75,640.4074,530.9545,100.94444,598.0,680.0,221.4,404.0
2008-04-22,476.33334,29.036364,49.666668,37.25,632.62964,526.1818,125.888885,597.5,681.0,214.4,394.5
2008-04-23,474.66666,27.672728,46.0,34.5,631.4074,526.1818,95.22222,589.5,668.0,203.2,387.0
2008-04-24,476.33334,27.4,45.0,33.75,622.8148,519.3182,99.27778,604.0,679.0,205.8,388.0
2008-04-25,474.33334,26.50909,43.0,32.25,612.4815,510.95456,96.94444,603.0,679.0,207.6,390.0
2008-04-26,470.66666,24.50909,36.0,27.0,602.62964,500.6591,81.333336,585.5,664.0,199.6,371.0
2008-04-27,465.16666,20.254545,24.0,18.0,591.14813,485.81818,57.833332,553.5,627.0,181.2,342.0
2008-04-28,456.66666,15.963636,6.6666665,5.0,578.7407,471.86365,38.0,512.5,583.0,161.8,307.0
2008-04-29,514.1667,12.181818,0.0,0.0,569.0,461.31818,25.38889,469.5,539.0,153.0,273.5
2008-04-30,506.33334,15.181818,0.0,0.0,547.85187,444.52274,24.555555,454.0,526.0,146.0,260.0
2008-05-01,505.5,14.927273,0.0,0.0,527.9259,429.61365,24.055555,450.0,522.0,142.0,248.5
2008-05-02,501.83334,14.763637,0.0,0.0,513.1111,418.06818,19.61111,436.5,507.0,136.8,244.5
2008-05-03,493.66666,13.854546,0.0,0.0,506.14816,411.25,12.888889,401.0,469.0,128.4,231.0
2008-05-04,488.83334,12.8,0.0,0.0,505.25925,410.22726,9.277778,378.0,445.0,122.6,216.5
2008-05-05,486.5,12.090909,0.0,0.0,502.37036,407.68182,7.611111,356.0,420.0,118.6,203.5
2008-05-06,481.66666,11.181818,0.0,0.0,500.74075,406.5909,4.6666665,312.5,375.0,109.6,178.5
2008-05-07,473.83334,8.836364,0.0,0.0,476.33334,385.56818,2.4444444,263.0,336.0,99.0,151.5
2008-05-08,467.0,7.8,0.0,0.0,462.48148,374.95456,0.9444444,229.5,311.0,93.4,139.5
2008-05-09,459.16666,6.690909,0.0,0.0,452.85184,366.25,0.0,204.0,275.0,87.8,124.5
2008-05-10,450.5,5.3454547,0.0,0.0,440.2963,355.61365,0.0,181.0,246.0,81.4,108.5
2008-05-11,440.16666,3.6545455,0.0,0.0,422.22223,340.25,0.0,157.0,220.0,72.0,89.0
2008-05-12,429.5,2.4727273,0.0,0.0,405.14816,326.43182,0.0,138.5,204.0,62.6,75.0
2008-05-13,420.66666,2.290909,0.0,0.0,390.85184,316.11365,0.0,129.0,194.0,57.6,74.0
2008-05-14,411.83334,1.9454546,0.0,0.0,400.48148,319.0909,0.0,114.5,182.0,50.6,60.5
2008-05-15,399.0,1.1818181,0.0,0.0,373.85184,296.06818,0.0,87.5,161.0,39.4,38.5
2008-05-16,380.83334,0.36363637,0.0,0.0,316.2963,248.36363,0.0,53.5,132.0,23.0,6.0
2008-05-17,360.16666,0.0,0.0,0.0,242.14815,187.63637,0.0,23.0,98.0,5.4,0.0
2008-05-18,330.16666,0.0,0.0,0.0,243.25926,182.77272,0.0,0.0,59.0,0.0,0.0
2008-05-19,293.5,0.0,0.0,0.0,206.33333,153.65909,0.0,0.0,25.0,0.0,0.0
2008-05-20,264.16666,0.0,0.0,0.0,191.37038,138.09091,0.0,0.0,0.0,0.0,0.0
2008-05-21,251.83333,0.0,0.0,0.0,178.40741,127.86364,0.0,0.0,0.0,0.0,0.0
2008-05-22,252.5,0.0,0.0,0.0,176.37038,126.204544,0.0,0.0,0.0,0.0,0.0
2008-05-23,255.33333,1.3090909,0.0,0.0,158.88889,115.34091,0.0,0.0,0.0,1.6,0.0
2008-05-24,254.66667,2.1090908,0.0,0.0,132.07408,94.22727,0.0,0.0,0.0,6.4,0.0
2008-05-25,263.5,2.3636363,0.0,0.0,133.03703,96.72727,0.0,4.0,1.0,15.0,0.0
2008-05-26,290.33334,3.509091,4.0,3.0,139.44444,102.545456,0.0,2.0,0.0,13.6,0.0
2008-05-27,248.33333,2.1090908,3.0,2.25,131.0,96.61364,0.0,0.0,0.0,12.0,0.0
2008-05-28,283.16666,0.74545455,0.6666667,0.5,128.48148,94.65909,0.0,0.0,0.0,6.6,0.0
2008-05-29,286.16666,0.6181818,0.0,0.0,138.88889,100.84091,0.0,0.0,0.0,7.8,0.0
2008-05-30,285.33334,0.23636363,0.0,0.0,179.92592,131.75,0.0,0.0,0.0,6.0,0.0
2008-05-31,279.0,0.0,0.0,0.0,170.07408,124.52273,0.0,0.0,0.0,0.8,0.0
2008-06-01,274.83334,0.0,0.0,0.0,184.92592,132.70454,0.0,0.0,0.0,0.0,0.0
2008-06-02,251.66667,0.0,0.0,0.0,177.11111,126.5,0.0,0.0,0.0,0.0,0.0
2008-06-03,213.16667,0.0,0.0,0.0,169.14815,120.454544,0.0,0.0,0.0,0.0,0.0
2008-06-04,185.33333,0.0,0.0,0.0,159.2963,113.27273,0.0,0.0,0.0,0.0,0.0
2008-06-05,184.33333,0.0,0.0,0.0,158.07408,112.204544,0.0,0.0,0.0,0.0,0.0
2008-06-06,177.83333,0.0,0.0,0.0,152.74074,107.75,0.0,0.0,0.0,0.0,0.0
2008-06-07,168.33333,0.0,0.0,0.0,146.11111,102.431816,0.0,0.0,0.0,0.0,0.0
2008-06-08,162.5,0.0,0.0,0.0,140.40741,97.795456,0.0,0.0,0.0,0.0,0.0
2008-06-09,150.83333,0.0,0.0,0.0,129.14815,88.97727,0.0,0.0,0.0,0.0,0.0
2008-06-10,132.5,0.0,0.0,0.0,110.111115,74.52273,0.0,0.0,0.0,0.0,0.0
2008-06-11,120.166664,0.0,0.0,0.0,100.44444,67.25,0.0,0.0,0.0,0.0,0.0
2008-06-12,111.166664,0.0,0.0,0.0,94.44444,62.340908,0.0,0.0,0.0,0.0,0.0
2008-06-13,101.333336,0.0,0.0,0.0,82.44444,53.386364,0.0,0.0,0.0,0.0,0.0
2008-06-14,88.166664,0.0,0.0,0.0,64.55556,40.636364,0.0,0.0,0.0,0.0,0.0
2008-06-15,72.333336,0.0,0.0,0.0,50.11111,30.977272,0.0,0.0,0.0,0.0,0.0
2008-06-16,57.166668,0.0,0.0,0.0,41.148148,25.25,0.0,0.0,0.0,0.0,0.0
2008-06-17,41.833332,0.0,0.0,0.0,33.296295,20.431818,0.0,0.0,0.0,0.0,0.0
2008-06-18,26.333334,0.0,0.0,0.0,25.962963,15.931818,0.0,0.0,0.0,0.0,0.0
2008-06-19,10.0,0.0,0.0,0.0,19.925926,12.227273,0.0,0.0,0.0,0.0,0.0
2008-06-20,0.0,0.0,0.0,0.0,15.037037,9.227273,0.0,0.0,0.0,0.0,0.0
2008-06-21,0.0,0.0,0.0,0.0,10.592592,6.5,0.0,0.0,0.0,0.0,0.0
2008-06-22,0.0,0.0,0.0,0.0,7.037037,4.318182,0.0,0.0,0.0,0.0,0.0
2008-06-23,0.0,0.0,0.0,0.0,5.037037,3.090909,0.0,0.0,0.0,0.0,0.0
2008-06-24,0.0,0.0,0.0,0.0,4.0740743,2.5,0.0,0.0,0.0,0.0,0.0
2008-06-25,0.0,0.0,0.0,0.0,3.4814816,2.1363637,0.0,0.0,0.0,0.0,0.0
2008-06-26,0.0,0.0,0.0,0.0,2.2592592,1.3863636,0.0,0.0,0.0,0.0,0.0
2008-06-27,0.0,0.0,0.0,0.0,1.0,0.6136364,0.0,0.0,0.0,0.0,0.0
2008-06-28,0.0,0.0,0.0,0.0,0.0,0.0,0.0,0.0,0.0,0.0,0.0
2008-06-29,0.0,0.0,0.0,0.0,0.0,0.0,0.0,0.0,0.0,0.0,0.0
2008-06-30,0.0,0.0,0.0,0.0,0.0,0.0,0.0,0.0,0.0,0.0,0.0
2008-07-01,0.0,0.0,0.0,0.0,0.0,0.0,0.0,0.0,0.0,0.0,0.0
2008-07-02,0.0,0.0,0.0,0.0,0.0,0.0,0.0,0.0,0.0,0.0,0.0
2008-07-03,0.0,0.0,0.0,0.0,0.0,0.0,0.0,0.0,0.0,0.0,0.0
2008-07-04,0.0,0.0,0.0,0.0,0.0,0.0,0.0,0.0,0.0,0.0,0.0
2008-07-05,0.0,0.0,0.0,0.0,0.0,0.0,0.0,0.0,0.0,0.0,0.0
2008-07-06,0.0,0.0,0.0,0.0,0.0,0.0,0.0,0.0,0.0,0.0,0.0
2008-07-07,0.0,0.0,0.0,0.0,0.0,0.0,0.0,0.0,0.0,0.0,0.0
2008-07-08,0.0,0.0,0.0,0.0,0.0,0.0,0.0,0.0,0.0,0.0,0.0
2008-07-09,0.0,0.0,0.0,0.0,0.0,0.0,0.0,0.0,0.0,0.0,0.0
2008-07-10,0.0,0.0,0.0,0.0,0.0,0.0,0.0,0.0,0.0,0.0,0.0
2008-07-11,0.0,0.0,0.0,0.0,0.0,0.0,0.0,0.0,0.0,0.0,0.0
2008-07-12,0.0,0.0,0.0,0.0,0.0,0.0,0.0,0.0,0.0,0.0,0.0
2008-07-13,0.0,0.0,0.0,0.0,0.0,0.0,0.0,0.0,0.0,0.0,0.0
2008-07-14,0.0,0.0,0.0,0.0,0.0,0.0,0.0,0.0,0.0,0.0,0.0
2008-07-15,0.0,0.0,0.0,0.0,0.0,0.0,0.0,0.0,0.0,0.0,0.0
2008-07-16,0.0,0.0,0.0,0.0,0.0,0.0,0.0,0.0,0.0,0.0,0.0
2008-07-17,0.0,0.0,0.0,0.0,0.0,0.0,0.0,0.0,0.0,0.0,0.0
2008-07-18,0.0,0.0,0.0,0.0,0.0,0.0,0.0,0.0,0.0,0.0,0.0
2008-07-19,0.0,0.0,0.0,0.0,0.0,0.0,0.0,0.0,0.0,0.0,0.0
2008-07-20,0.0,0.0,0.0,0.0,0.0,0.0,0.0,0.0,0.0,0.0,0.0
2008-07-21,0.0,0.0,0.0,0.0,0.0,0.0,0.0,0.0,0.0,0.0,0.0
2008-07-22,0.0,0.0,0.0,0.0,0.0,0.0,0.0,0.0,0.0,0.0,0.0
2008-07-23,0.0,0.0,0.0,0.0,0.0,0.0,0.0,0.0,0.0,0.0,0.0
2008-07-24,0.0,0.0,0.0,0.0,0.0,0.0,0.0,0.0,0.0,0.0,0.0
2008-07-25,0.0,0.0,0.0,0.0,0.0,0.0,0.0,0.0,0.0,0.0,0.0
2008-07-26,0.0,0.0,0.0,0.0,0.0,0.0,0.0,0.0,0.0,0.0,0.0
2008-07-27,0.0,0.0,0.0,0.0,0.0,0.0,0.0,0.0,0.0,0.0,0.0
2008-07-28,0.0,0.0,0.0,0.0,0.0,0.0,0.0,0.0,0.0,0.0,0.0
2008-07-29,0.0,0.0,0.0,0.0,0.0,0.0,0.0,0.0,0.0,0.0,0.0
2008-07-30,0.0,0.0,0.0,0.0,0.0,0.0,0.0,0.0,0.0,0.0,0.0
2008-07-31,0.0,0.0,0.0,0.0,0.0,0.0,0.0,0.0,0.0,0.0,0.0
2008-08-01,0.0,0.0,0.0,0.0,0.0,0.0,0.0,0.0,0.0,0.0,0.0
2008-08-02,0.0,0.0,0.0,0.0,0.0,0.0,0.0,0.0,0.0,0.0,0.0
2008-08-03,0.0,0.0,0.0,0.0,0.0,0.0,0.0,0.0,0.0,0.0,0.0
2008-08-04,0.0,0.0,0.0,0.0,0.0,0.0,0.0,0.0,0.0,0.0,0.0
2008-08-05,0.0,0.0,0.0,0.0,0.0,0.0,0.0,0.0,0.0,0.0,0.0
2008-08-06,0.0,0.0,0.0,0.0,0.0,0.0,0.0,0.0,0.0,0.0,0.0
2008-08-07,0.0,0.0,0.0,0.0,0.0,0.0,0.0,0.0,0.0,0.0,0.0
2008-08-08,0.0,0.0,0.0,0.0,0.0,0.0,0.0,0.0,0.0,0.0,0.0
2008-08-09,0.0,0.0,0.0,0.0,0.0,0.0,0.0,0.0,0.0,0.0,0.0
2008-08-10,0.0,0.0,0.0,0.0,0.0,0.0,0.0,0.0,0.0,0.0,0.0
2008-08-11,0.0,0.0,0.0,0.0,0.0,0.0,0.0,0.0,0.0,0.0,0.0
2008-08-12,0.0,0.0,0.0,0.0,0.0,0.0,0.0,0.0,0.0,0.0,0.0
2008-08-13,0.0,0.0,0.0,0.0,0.0,0.0,0.0,0.0,0.0,0.0,0.0
2008-08-14,0.0,0.0,0.0,0.0,0.0,0.0,0.0,0.0,0.0,0.0,0.0
2008-08-15,0.0,0.0,0.0,0.0,0.0,0.0,0.0,0.0,0.0,0.0,0.0
2008-08-16,0.0,0.0,0.0,0.0,0.0,0.0,0.0,0.0,0.0,0.0,0.0
2008-08-17,0.0,0.0,0.0,0.0,0.0,0.0,0.0,0.0,0.0,0.0,0.0
2008-08-18,0.0,0.0,0.0,0.0,0.0,0.0,0.0,0.0,0.0,0.0,0.0
2008-08-19,0.0,0.0,0.0,0.0,0.0,0.0,0.0,0.0,0.0,0.0,0.0
2008-08-20,0.0,0.0,0.0,0.0,0.0,0.0,0.0,0.0,0.0,0.0,0.0
2008-08-21,0.0,0.0,0.0,0.0,0.0,0.0,0.0,0.0,0.0,0.0,0.0
2008-08-22,0.0,0.0,0.0,0.0,0.0,0.0,0.0,0.0,0.0,0.0,0.0
2008-08-23,0.0,0.0,0.0,0.0,0.0,0.0,0.0,0.0,0.0,0.0,0.0
2008-08-24,0.0,0.0,0.0,0.0,0.0,0.0,0.0,0.0,0.0,0.0,0.0
2008-08-25,0.0,0.0,0.0,0.0,0.0,0.0,0.0,0.0,0.0,0.0,0.0
2008-08-26,0.0,0.0,0.0,0.0,0.0,0.0,0.0,0.0,0.0,0.0,0.0
2008-08-27,0.0,0.0,0.0,0.0,0.0,0.0,0.0,0.0,0.0,0.0,0.0
2008-08-28,0.0,0.0,0.0,0.0,0.0,0.0,0.0,0.0,0.0,0.0,0.0
2008-08-29,0.0,0.0,0.0,0.0,0.0,0.0,0.0,0.0,0.0,0.0,0.0
2008-08-30,0.0,0.0,0.0,0.0,0.0,0.0,0.0,0.0,0.0,0.0,0.0
2008-08-31,0.0,0.0,0.0,0.0,0.0,0.0,0.0,0.0,0.0,0.0,0.0
2008-09-01,0.0,0.0,0.0,0.0,0.0,0.0,0.0,0.0,0.0,0.0,0.0
2008-09-02,0.0,0.0,0.0,0.0,0.0,0.0,0.0,0.0,0.0,0.0,0.0
2008-09-03,0.0,0.0,0.0,0.0,0.0,0.0,0.0,0.0,0.0,0.0,0.0
2008-09-04,0.0,0.0,0.0,0.0,0.0,0.0,0.0,0.0,0.0,0.0,0.0
2008-09-05,0.0,0.0,0.0,0.0,0.0,0.0,0.0,0.0,0.0,0.0,0.0
2008-09-06,0.0,0.0,0.0,0.0,0.0,0.0,0.0,0.0,0.0,0.0,0.0
2008-09-07,0.0,0.0,0.0,0.0,0.0,0.0,0.0,0.0,0.0,0.0,0.0
2008-09-08,0.0,0.0,0.0,0.0,0.0,0.0,0.0,0.0,0.0,0.0,0.0
2008-09-09,0.0,0.0,0.0,0.0,0.0,0.0,0.0,0.0,0.0,0.0,0.0
2008-09-10,0.0,0.0,0.0,0.0,0.0,0.0,0.0,0.0,0.0,0.0,0.0
2008-09-11,0.0,0.0,0.0,0.0,0.0,0.0,0.0,0.0,0.0,0.0,0.0
2008-09-12,0.0,0.0,0.0,0.0,0.0,0.0,0.0,0.0,0.0,0.0,0.0
2008-09-13,0.0,0.0,0.0,0.0,0.0,0.0,0.0,0.0,0.0,0.0,0.0
2008-09-14,0.0,0.0,0.0,0.0,0.0,0.0,0.0,0.0,0.0,0.0,0.0
2008-09-15,0.0,0.0,0.0,0.0,0.0,0.0,0.0,0.0,0.0,0.0,0.0
2008-09-16,0.0,0.0,0.0,0.0,0.0,0.0,0.0,0.0,0.0,0.0,0.0
2008-09-17,0.0,0.0,0.0,0.0,0.0,0.0,0.0,0.0,0.0,0.0,0.0
2008-09-18,0.0,0.0,0.0,0.0,0.0,0.0,0.0,0.0,0.0,0.0,0.0
2008-09-19,0.0,0.0,0.0,0.0,0.0,0.0,0.0,0.0,0.0,0.0,0.0
2008-09-20,0.0,0.0,0.0,0.0,0.0,0.0,0.0,0.0,0.0,0.0,0.0
2008-09-21,0.0,0.0,0.0,0.0,0.0,0.0,0.0,0.0,0.0,0.0,0.0
2008-09-22,0.0,0.0,0.0,0.0,0.0,0.0,0.0,0.0,0.0,0.0,0.0
2008-09-23,0.0,0.0,0.0,0.0,0.0,0.0,0.0,0.0,0.0,0.0,0.0
2008-09-24,0.0,0.0,0.0,0.0,0.0,0.0,0.0,0.0,0.0,0.0,0.0
2008-09-25,0.0,0.0,0.0,0.0,0.0,0.0,0.0,0.0,0.0,0.0,0.0
2008-09-26,0.0,0.0,0.0,0.0,0.0,0.0,0.0,0.0,0.0,0.0,0.0
2008-09-27,0.0,0.0,0.0,0.0,0.0,0.0,0.0,0.0,0.0,0.0,0.0
2008-09-28,0.0,0.0,0.0,0.0,0.0,0.0,0.0,0.0,0.0,0.0,0.0
2008-09-29,0.0,0.0,0.0,0.0,0.0,0.0,0.0,0.0,0.0,0.0,0.0
2008-09-30,0.0,0.0,0.0,0.0,0.0,0.0,0.0,0.0,0.0,0.0,0.0
2008-10-01,0.0,0.0,0.0,0.0,0.0,0.0,0.0,0.0,0.0,0.0,0.0
2008-10-02,0.0,0.0,0.0,0.0,0.0,0.0,0.0,0.0,0.0,0.0,0.0
2008-10-03,0.0,0.0,0.0,0.0,0.0,0.0,0.0,0.0,0.0,0.0,0.0
2008-10-04,0.0,0.0,0.0,0.0,0.37037036,0.22727273,0.0,0.0,0.0,0.0,0.0
2008-10-05,1.1666666,0.0,0.0,0.0,7.814815,6.318182,0.0,0.0,0.0,0.0,0.0
2008-10-06,0.0,0.0,0.0,0.0,5.296296,3.9318182,0.0,0.0,0.0,0.0,0.0
2008-10-07,0.0,0.0,0.0,0.0,0.7037037,0.4318182,0.0,0.0,0.0,0.0,0.0
2008-10-08,0.0,0.0,0.0,0.0,0.0,0.0,0.0,0.0,0.0,0.0,0.0
2008-10-09,0.0,0.0,0.0,0.0,0.0,0.0,0.0,0.0,0.0,0.0,0.0
2008-10-10,0.0,0.0,0.0,0.0,0.0,0.0,0.0,0.0,0.0,0.0,0.0
2008-10-11,0.0,0.0,0.0,0.0,0.0,0.0,0.0,0.0,0.0,0.6,0.0
2008-10-12,0.0,0.0,0.0,0.0,0.0,0.0,0.0,0.0,0.0,1.0,0.0
2008-10-13,0.0,0.0,0.0,0.0,0.0,0.0,0.0,0.5,1.0,1.4,0.5
2008-10-14,0.0,0.0,0.0,0.0,0.0,0.0,0.0,0.0,0.0,0.2,0.0
2008-10-15,0.0,0.0,0.0,0.0,0.0,0.0,0.0,0.0,0.0,0.0,0.0
2008-10-16,0.0,0.0,0.0,0.0,0.0,0.0,0.0,0.0,0.0,0.0,0.0
2008-10-17,0.0,0.0,0.0,0.0,0.0,0.0,0.0,0.0,0.0,0.0,0.0
2008-10-18,0.0,0.0,0.0,0.0,0.0,0.0,0.0,0.0,0.0,0.0,0.0
2008-10-19,0.0,0.0,0.0,0.0,0.0,0.0,0.0,0.0,0.0,0.0,0.0
2008-10-20,0.0,0.0,0.0,0.0,0.0,0.0,0.0,0.0,0.0,0.0,0.0
2008-10-21,0.0,0.0,0.0,0.0,0.0,0.0,0.0,0.0,0.0,0.0,0.0
2008-10-22,0.0,0.0,0.0,0.0,0.0,0.0,0.0,0.0,0.0,0.0,0.0
2008-10-23,0.0,0.0,0.0,0.0,0.0,0.0,0.0,0.0,0.0,0.0,0.0
2008-10-24,0.0,0.0,0.0,0.0,0.0,0.0,0.0,0.0,0.0,0.0,0.0
2008-10-25,0.0,0.0,0.0,0.0,0.0,0.0,0.0,0.0,0.0,0.0,0.0
2008-10-26,0.0,0.0,0.0,0.0,0.0,0.0,0.0,0.0,0.0,0.0,0.0
2008-10-27,0.0,0.0,0.0,0.0,0.0,0.0,0.0,0.0,0.0,0.0,0.0
2008-10-28,0.0,0.0,0.0,0.0,0.0,0.0,0.0,0.0,0.0,0.0,0.0
2008-10-29,0.0,0.0,0.0,0.0,0.0,0.0,0.0,0.0,0.0,0.0,0.0
2008-10-30,0.0,0.0,0.0,0.0,0.0,0.0,0.0,0.0,0.0,0.0,0.0
2008-10-31,0.0,0.0,0.0,0.0,1.4444444,1.5454545,0.0,0.0,0.0,0.0,0.0
2008-11-01,7.3333335,0.0,0.0,0.0,8.296296,7.25,0.0,0.0,0.0,0.0,0.0
2008-11-02,35.333332,0.21818182,0.0,0.0,36.296295,32.93182,0.0,0.0,0.0,7.0,0.0
2008-11-03,48.666668,0.23636363,0.0,0.0,41.555557,37.454544,0.0,18.5,20.0,14.8,2.0
2008-11-04,54.5,0.25454545,0.0,0.0,49.74074,47.022728,1.7777778,39.0,42.0,20.8,13.0
2008-11-05,56.833332,0.16363636,1.0,0.75,52.22222,49.136364,1.6666666,40.0,45.0,21.4,21.5
2008-11-06,56.666668,0.18181819,1.0,0.75,55.407406,51.090908,2.0555556,41.0,45.0,21.4,21.5
2008-11-07,55.333332,0.16363636,0.0,0.0,56.333332,50.159092,1.0,36.5,42.0,18.4,13.5
2008-11-08,51.833332,0.054545455,0.0,0.0,54.814816,47.93182,0.0,29.5,38.0,15.0,11.5
2008-11-09,60.166668,0.18181819,0.0,0.0,63.592594,55.909092,0.0,29.5,38.0,15.4,8.0
2008-11-10,62.666668,1.1636363,3.0,3.75,64.22222,56.477272,0.0,31.5,41.0,19.0,9.0
2008-11-11,62.666668,0.6727273,2.6666667,3.0,64.25926,56.545456,0.0,29.5,36.0,18.8,8.5
2008-11-12,53.833332,0.38181818,0.6666667,0.5,64.59259,56.204544,0.0,26.5,34.0,18.0,7.0
2008-11-13,51.666668,0.0,0.0,0.0,59.444443,50.340908,0.0,19.0,30.0,13.8,4.0
2008-11-14,53.166668,0.0,0.0,0.0,52.037037,42.840908,0.0,10.5,24.0,7.2,0.5
2008-11-15,46.5,0.0,0.0,0.0,45.333332,36.5,0.0,4.0,20.0,3.0,0.0
2008-11-16,40.0,0.0,0.0,0.0,40.074074,31.477272,0.0,0.0,14.0,1.2,0.0
2008-11-17,33.333332,0.0,0.0,0.0,35.48148,26.75,0.0,0.0,7.0,0.0,0.0
2008-11-18,28.333334,0.0,0.0,0.0,29.962963,21.90909,0.0,0.0,0.0,0.0,0.0
2008-11-19,26.0,0.0,0.0,0.0,26.592592,19.15909,0.0,0.0,0.0,0.0,0.0
2008-11-20,24.5,0.0,0.0,0.0,24.185184,17.181818,0.0,0.0,0.0,0.0,0.0
2008-11-21,23.333334,0.0,0.0,0.0,23.11111,16.25,0.0,0.0,0.0,0.0,0.0
2008-11-22,22.166666,0.0,0.0,0.0,21.444445,14.75,0.0,0.0,0.0,0.0,0.0
2008-11-23,21.666666,0.0,0.0,0.0,20.296297,13.863636,0.0,0.0,0.0,0.0,0.0
2008-11-24,21.0,0.0,0.0,0.0,19.037037,12.886364,0.0,0.0,0.0,0.0,0.0
2008-11-25,20.5,0.0,0.0,0.0,17.814816,11.977273,0.0,0.0,0.0,0.0,0.0
2008-11-26,19.833334,0.09090909,0.0,0.0,18.481482,12.636364,0.0,0.0,0.0,0.0,0.0
2008-11-27,30.5,10.472727,3.3333333,2.5,24.925926,19.045454,0.0,3.5,7.0,4.0,0.5
2008-11-28,30.5,11.854546,5.6666665,4.25,24.777779,18.795454,0.0,2.5,6.0,4.0,0.0
2008-11-29,29.166666,9.436363,5.3333335,4.0,24.296297,17.40909,0.0,0.0,4.0,3.4,0.0
2008-11-30,25.833334,2.6363637,3.3333333,2.5,22.62963,15.181818,0.0,0.0,1.0,0.8,0.0
2008-12-01,24.833334,1.1818181,0.0,0.0,19.11111,12.25,0.0,0.0,0.0,0.0,0.0
2008-12-02,20.833334,0.29090908,0.0,0.0,16.148148,10.136364,0.0,0.0,0.0,0.0,0.0
2008-12-03,20.5,0.25454545,0.0,0.0,15.592592,9.704545,0.0,0.0,0.0,0.0,0.0
2008-12-04,20.0,0.21818182,0.0,0.0,15.074074,9.318182,0.0,0.0,0.0,0.0,0.0
2008-12-05,20.0,0.21818182,0.0,0.0,15.074074,9.295455,0.0,0.0,0.0,0.0,0.0
2008-12-06,20.0,0.21818182,0.0,0.0,15.0,9.227273,0.0,0.0,0.0,0.0,0.0
2008-12-07,19.833334,0.21818182,0.0,0.0,14.296296,8.772727,0.0,0.0,0.0,0.0,0.0
2008-12-08,19.833334,0.14545454,0.0,0.0,14.296296,8.772727,0.0,0.0,0.0,0.0,0.0
2008-12-09,19.833334,0.14545454,0.0,0.0,14.296296,8.772727,0.0,0.0,0.0,0.0,0.0
2008-12-10,19.833334,0.14545454,0.0,0.0,14.296296,8.772727,0.0,0.0,0.0,0.0,0.0
2008-12-11,18.333334,0.2,0.0,0.0,12.592592,7.7272725,0.0,0.0,0.0,0.0,0.0
2008-12-12,17.0,0.12727273,0.0,0.0,10.703704,6.568182,0.0,0.0,0.0,0.0,0.0
2008-12-13,17.166666,0.12727273,0.0,0.0,11.259259,7.090909,0.0,0.0,0.0,0.0,0.0
2008-12-14,16.833334,0.27272728,1.0,1.0,14.0,10.954545,0.0,12.0,16.0,4.0,5.0
2008-12-15,29.5,10.490909,23.0,22.75,30.925926,27.454546,17.38889,28.0,35.0,11.0,16.0
2008-12-16,47.5,35.890907,53.666668,53.0,60.88889,56.43182,33.555557,59.5,75.0,27.0,37.5
2008-12-17,47.5,38.29091,58.666668,57.75,60.88889,56.5,32.555557,65.5,83.0,27.4,39.0
2008-12-18,49.5,38.563637,57.666668,57.0,60.77778,56.409092,32.833332,65.5,84.0,27.6,40.5
2008-12-19,49.5,38.254547,57.666668,56.75,61.703705,57.636364,43.555557,74.5,92.0,30.8,45.5
2008-12-20,46.833332,38.30909,57.666668,56.75,64.62963,60.75,44.27778,88.0,107.0,35.2,52.5
2008-12-21,46.333332,38.563637,57.0,56.25,64.62963,60.772728,44.555557,90.5,110.0,39.2,56.5
2008-12-22,73.666664,40.836365,55.666668,54.5,100.703705,95.77273,64.388885,114.5,137.0,52.6,66.5
2008-12-23,80.833336,49.763638,74.333336,72.75,113.62963,109.02273,74.166664,135.5,163.0,64.4,74.0
2008-12-24,82.333336,49.890907,74.666664,73.0,114.111115,109.931816,73.833336,141.0,169.0,71.4,76.5
2008-12-25,100.166664,50.327274,75.666664,74.25,143.40741,139.95454,122.111115,178.0,211.0,88.8,95.0
2008-12-26,138.5,60.327274,99.333336,97.75,193.96297,190.40909,129.72223,222.5,261.0,125.2,133.0
2008-12-27,136.0,60.52727,99.333336,97.75,194.37038,190.43182,134.16667,224.5,264.0,125.2,134.0
2008-12-28,134.16667,62.21818,103.666664,103.25,190.07408,186.65909,139.5,225.5,266.0,126.8,136.0
2008-12-29,132.5,61.4,99.666664,99.25,191.81482,187.40909,134.94444,225.5,266.0,126.8,136.0
2008-12-30,135.66667,58.52727,92.333336,91.75,192.66667,188.27272,143.61111,226.0,267.0,126.4,136.0
2008-12-31,138.5,54.345455,84.333336,83.0,193.59259,188.34091,143.83333,226.0,267.0,126.0,136.0
2009-01-01,136.5,51.036366,75.666664,74.25,195.07408,189.40909,137.11111,225.0,267.0,125.2,136.0
2009-01-02,136.16667,47.18182,66.0,64.25,166.33333,160.70454,137.83333,224.0,266.0,124.4,136.5
2009-01-03,140.16667,47.29091,62.666668,60.75,171.77777,167.29546,147.16667,246.5,289.0,135.0,151.0
2009-01-04,139.16667,47.345455,62.333332,60.25,171.96297,167.40909,143.66667,246.5,289.0,135.0,151.0
2009-01-05,139.83333,48.890907,62.333332,60.5,172.62962,167.84091,151.16667,246.5,289.0,136.6,151.0
2009-01-06,132.33333,48.81818,61.333332,59.5,174.0,169.84091,149.83333,249.5,293.0,137.8,151.0
2009-01-07,125.333336,46.618183,56.0,54.25,173.07408,168.93182,147.66667,249.0,292.0,136.0,151.0
2009-01-08,123.333336,38.636364,39.0,37.25,173.92592,168.72728,144.66667,247.0,289.0,133.0,151.0
2009-01-09,140.16667,33.454544,29.0,26.5,174.40741,168.81818,145.66667,247.5,289.0,133.4,151.0
2009-01-10,140.16667,31.727272,26.333334,22.5,174.66667,168.61363,145.55556,248.0,290.0,132.2,151.0
2009-01-11,139.83333,29.709091,22.0,16.5,199.96297,190.47728,142.16667,249.0,289.0,132.2,151.0
2009-01-12,114.166664,23.690908,15.0,11.25,206.44444,193.34091,134.88889,249.5,287.0,129.6,151.0
2009-01-13,117.833336,19.690908,7.6666665,5.75,200.14815,186.29546,135.27777,250.5,287.0,130.2,151.0
2009-01-14,113.166664,15.072727,0.0,0.0,200.55556,184.54546,125.55556,247.5,284.0,128.0,150.0
2009-01-15,141.83333,11.581819,0.0,0.0,199.62962,181.15909,120.111115,245.5,282.0,125.6,149.5
2009-01-16,113.333336,9.763637,0.0,0.0,200.25926,178.68182,110.27778,243.0,279.0,124.6,149.0
2009-01-17,142.66667,8.8,0.0,0.0,199.11111,176.09091,103.44444,240.0,277.0,123.6,148.0
2009-01-18,113.5,7.9636364,0.0,0.0,200.33333,174.59091,93.888885,236.0,275.0,123.0,147.5
2009-01-19,143.33333,7.309091,0.0,0.0,198.22223,170.88637,82.27778,234.0,274.0,123.0,147.5
2009-01-20,113.833336,7.1454544,0.0,0.0,197.77777,168.15909,74.05556,230.5,272.0,124.0,148.0
2009-01-21,144.0,6.509091,0.0,0.0,194.62962,164.59091,67.94444,224.5,271.0,122.0,147.5
2009-01-22,114.5,5.927273,0.0,0.0,196.07408,164.45454,64.44444,216.0,265.0,121.0,149.5
2009-01-23,140.5,8.509091,0.0,0.0,243.62962,207.13637,64.44444,239.5,284.0,133.8,158.0
2009-01-24,201.66667,15.218182,1.0,0.75,282.92593,249.20454,58.77778,248.0,286.0,141.6,157.0
2009-01-25,199.66667,23.072727,12.666667,9.75,316.85184,283.4091,85.111115,268.0,305.0,150.2,164.0
2009-01-26,219.66667,30.254545,33.0,29.75,322.22223,288.95456,98.05556,281.0,316.0,155.4,171.5
2009-01-27,212.66667,30.4,32.666668,29.25,320.5926,288.4091,103.27778,280.0,316.0,155.0,170.5
2009-01-28,216.5,30.4,32.666668,29.25,320.96295,288.68182,103.111115,279.5,316.0,154.8,171.0
2009-01-29,216.0,29.236364,28.333334,25.0,320.77777,288.36365,99.611115,278.0,316.0,155.0,170.5
2009-01-30,206.0,25.836363,20.0,15.25,321.66666,287.52274,92.72222,276.5,316.0,155.6,170.0
2009-01-31,240.83333,21.89091,15.666667,11.75,320.62964,285.95456,77.27778,270.5,315.0,154.2,169.5
2009-02-01,197.33333,18.745455,11.0,8.25,322.2963,285.70456,65.22222,265.5,313.0,154.0,169.0
2009-02-02,195.83333,17.218182,7.0,5.25,322.03705,283.79544,60.944443,261.0,312.0,153.8,169.0
2009-02-03,195.0,15.545455,1.6666666,1.25,318.55554,278.29544,60.27778,253.0,308.0,150.2,167.5
2009-02-04,195.0,13.690909,0.0,0.0,314.1111,272.38635,45.444443,246.5,305.0,146.4,164.5
2009-02-05,194.66667,13.872727,0.0,0.0,318.2963,272.9091,39.333332,242.0,304.0,143.4,159.5
2009-02-06,235.33333,14.454545,1.6666666,1.25,323.5926,279.36365,52.77778,242.0,304.0,143.6,159.5
2009-02-07,244.33333,31.054546,29.666666,30.0,347.66666,302.97726,52.27778,253.5,317.0,147.8,168.5
2009-02-08,249.16667,35.50909,35.666668,36.0,342.8889,300.0,50.833332,257.0,321.0,164.0,171.0
2009-02-09,287.0,48.963634,62.666668,62.75,372.2963,330.4091,60.72222,280.5,336.0,179.4,187.5
2009-02-10,277.83334,52.545456,69.666664,69.5,398.85184,353.04544,67.666664,292.5,354.0,179.0,188.0
2009-02-11,281.66666,52.563637,69.666664,69.5,380.74075,340.06818,75.388885,307.0,371.0,183.2,194.5
2009-02-12,286.16666,55.418182,74.0,74.0,395.0,355.70456,83.111115,325.5,391.0,191.8,199.0
2009-02-13,277.16666,55.581818,75.0,75.25,398.33334,359.77274,104.5,325.0,392.0,192.6,202.0
2009-02-14,291.33334,60.090908,83.333336,83.75,412.5926,375.9091,125.44444,357.5,420.0,199.6,217.5
2009-02-15,287.33334,60.163635,83.333336,83.75,431.44446,391.5909,140.05556,369.0,435.0,204.2,222.5
2009-02-16,303.16666,60.254547,83.333336,83.75,431.85184,392.8409,173.5,397.0,468.0,212.4,243.0
2009-02-17,356.66666,81.90909,120.333336,120.75,475.44446,439.36365,195.83333,413.0,486.0,219.2,255.0
2009-02-18,366.33334,90.2,133.66667,134.25,528.55554,482.56818,212.77777,444.5,526.0,225.2,270.0
2009-02-19,367.0,90.27273,132.0,132.75,530.03705,484.38635,213.94444,440.5,526.0,224.4,268.5
2009-02-20,362.83334,90.218185,130.33333,132.75,530.96295,486.36365,212.88889,440.0,527.0,226.8,267.0
2009-02-21,337.83334,90.43636,123.0,125.5,532.14813,487.0909,211.61111,438.5,526.0,226.4,265.0
2009-02-22,344.16666,89.509094,114.0,116.25,532.55554,486.88635,206.66667,436.5,525.0,226.6,263.0
2009-02-23,375.0,94.10909,116.333336,116.75,565.0741,521.5,199.77777,439.5,524.0,238.2,269.5
2009-02-24,383.83334,92.56364,110.0,110.5,581.2963,538.25,186.77777,464.5,547.0,244.0,264.5
2009-02-25,388.33334,87.509094,98.333336,98.25,565.6667,523.2727,176.22223,466.5,547.0,243.2,256.0
2009-02-26,386.16666,86.07273,94.0,94.0,564.37036,522.1818,174.5,475.0,557.0,242.6,255.0
2009-02-27,377.16666,83.98182,87.333336,87.25,558.2593,516.8182,173.05556,494.0,583.0,248.0,260.5
2009-02-28,366.0,80.43636,76.666664,76.5,580.7407,537.0,170.16667,499.0,589.0,247.8,260.5
2009-03-01,364.5,75.32727,64.0,62.25,575.1111,531.25,159.16667,504.5,594.0,247.2,250.5
2009-03-02,396.83334,66.89091,60.333332,52.25,568.37036,526.4318,153.38889,552.5,649.0,265.8,250.0
2009-03-03,391.5,65.454544,59.666668,50.0,585.2963,543.7273,190.16667,602.0,694.0,300.8,298.5
2009-03-04,495.5,68.94546,61.666668,50.0,650.0,609.75,261.55554,666.5,748.0,345.2,362.0
2009-03-05,494.5,80.163635,90.333336,79.5,631.5185,592.0909,254.94444,687.0,785.0,361.8,369.5
2009-03-06,502.16666,79.89091,91.0,80.0,672.5185,630.8182,235.16667,690.0,785.0,363.8,372.5
2009-03-07,457.0,79.90909,91.0,80.0,673.85187,631.4091,233.55556,689.5,790.0,364.2,371.5
2009-03-08,467.83334,79.89091,91.0,80.0,673.6667,631.3182,224.0,689.0,790.0,364.4,372.0
2009-03-09,457.66666,79.05454,88.0,76.5,650.85187,610.0455,231.55556,693.0,795.0,364.6,372.0
2009-03-10,465.0,79.05454,88.0,76.5,650.37036,609.5682,231.77777,692.5,796.0,364.0,371.5
2009-03-11,456.66666,78.527275,83.333336,72.0,647.03705,607.3182,228.16667,690.0,796.0,363.6,370.5
2009-03-12,459.33334,78.05454,77.333336,66.25,645.7778,606.4773,226.88889,690.5,796.0,361.4,370.5
2009-03-13,451.66666,76.30909,75.0,62.0,645.2963,605.5909,220.55556,693.5,796.0,361.2,370.5
2009-03-14,455.66666,73.181816,72.0,56.0,645.2963,604.0909,202.27777,693.0,796.0,361.2,369.5
2009-03-15,447.83334,70.92727,70.333336,52.75,645.8889,603.8409,199.77777,696.0,797.0,360.0,368.5
2009-03-16,437.16666,68.43636,69.0,51.75,646.8148,603.4091,200.33333,701.0,799.0,358.4,376.0
2009-03-17,442.5,58.69091,62.666668,47.0,646.4815,601.25,197.55556,717.5,809.0,340.0,373.5
2009-03-18,433.33334,49.054546,55.666668,41.75,646.2593,598.38635,242.38889,717.0,802.0,329.6,370.5
2009-03-19,424.83334,38.145454,40.333332,30.25,645.2593,594.0682,180.83333,709.0,795.0,315.6,366.0
2009-03-20,412.5,29.981817,28.0,21.0,642.1852,588.6818,179.27777,698.5,785.0,304.0,360.5
2009-03-21,403.83334,26.036364,21.666666,16.25,639.2593,583.38635,163.77777,691.5,780.0,293.2,355.5
2009-03-22,543.5,27.4,25.333334,19.0,687.44446,632.0682,175.66667,725.5,808.0,306.6,376.0
2009-03-23,505.66666,43.6,62.666668,55.5,635.4074,592.7045,179.44444,755.5,841.0,324.2,384.0
2009-03-24,513.3333,43.545456,62.666668,55.5,670.14813,616.5,181.88889,753.5,841.0,323.8,384.0
2009-03-25,497.0,43.127274,60.0,52.75,727.4074,671.9545,174.88889,751.5,841.0,324.8,384.0
2009-03-26,490.33334,37.363636,48.666668,40.75,725.8889,669.11365,169.66667,750.5,841.0,323.0,379.0
2009-03-27,476.66666,32.327274,38.666668,29.0,723.8889,664.88635,158.16667,748.5,838.0,320.8,378.0
2009-03-28,445.66666,29.90909,33.333332,25.0,721.6667,660.0,144.05556,738.5,833.0,319.2,374.5
2009-03-29,464.33334,26.690908,27.666666,20.75,718.9259,654.2045,132.77777,726.5,831.0,309.8,365.5
2009-03-30,426.83334,26.563637,26.333334,19.75,718.1852,652.4773,132.66667,715.0,812.0,306.8,367.0
2009-03-31,426.0,26.545454,26.0,19.5,716.6667,649.8182,129.61111,710.0,805.0,303.2,364.5
2009-04-01,423.83334,26.563637,25.333334,19.0,715.2963,647.0227,121.27778,706.5,804.0,293.2,359.5
2009-04-02,421.5,24.690908,20.0,15.0,722.1852,649.25,111.94444,700.5,798.0,284.8,352.0
2009-04-03,420.83334,23.981817,18.0,13.5,720.7778,646.0909,110.111115,695.0,791.0,281.6,361.0
2009-04-04,421.0,23.981817,18.0,13.5,721.1111,646.9091,109.27778,696.0,789.0,281.0,360.0
2009-04-05,421.0,23.636364,17.666666,13.25,721.03705,646.4545,107.27778,693.0,789.0,283.8,358.5
2009-04-06,420.66666,23.581818,15.0,11.25,719.0741,642.88635,99.888885,683.5,787.0,277.4,355.0
2009-04-07,420.0,21.836363,9.0,6.75,714.4815,634.8182,86.0,664.5,780.0,270.6,349.0
2009-04-08,429.33334,24.327272,7.0,5.25,730.2222,647.6591,80.0,658.5,769.0,262.6,334.5
2009-04-09,434.5,25.818182,12.333333,12.0,742.0741,658.3182,80.111115,670.5,773.0,263.2,334.5
2009-04-10,442.5,24.89091,12.666667,10.25,742.0741,660.9545,77.388885,690.0,786.0,267.4,336.0
2009-04-11,445.0,26.054546,14.666667,11.0,747.5926,665.8182,83.27778,694.5,792.0,267.8,338.5
2009-04-12,446.0,25.90909,14.333333,10.75,756.96295,673.25,80.72222,688.5,788.0,261.8,334.5
2009-04-13,443.83334,23.163637,10.333333,7.75,754.44446,668.4773,89.333336,673.5,780.0,247.4,321.5
2009-04-14,441.66666,20.654545,3.6666667,2.75,751.44446,663.13635,84.666664,660.0,767.0,232.8,309.5
2009-04-15,443.0,20.127274,3.6666667,2.75,752.7037,664.88635,84.388885,650.5,748.0,226.6,309.5
2009-04-16,443.83334,19.745455,3.6666667,2.75,753.0741,665.5227,84.0,652.0,748.0,229.2,308.0
2009-04-17,438.66666,13.945455,3.6666667,2.75,740.85187,658.5,78.166664,649.0,748.0,232.4,307.0
2009-04-18,435.33334,13.6,0.0,0.0,734.44446,649.0455,66.22222,635.0,737.0,215.2,288.5
2009-04-19,431.0,11.6,0.0,0.0,721.4815,630.7045,53.166668,608.5,715.0,211.4,271.0
2009-04-20,433.33334,11.763637,0.0,0.0,712.3333,612.6591,41.61111,578.5,688.0,192.2,245.0
2009-04-21,427.0,7.7454543,0.0,0.0,686.5926,582.6591,32.72222,536.5,655.0,174.6,202.0
2009-04-22,494.33334,4.109091,0.0,0.0,647.5185,543.1591,22.11111,480.0,613.0,156.4,154.0
2009-04-23,481.16666,2.2545455,0.0,0.0,611.44446,507.75,15.0,425.0,576.0,138.6,124.5
2009-04-24,473.33334,1.5454545,0.0,0.0,599.6667,495.95456,13.833333,406.0,554.0,127.6,107.5
2009-04-25,471.0,1.5272727,0.0,0.0,610.96295,504.25,14.5,424.5,572.0,130.2,113.5
2009-04-26,415.66666,1.3090909,0.0,0.0,614.0741,506.27274,13.444445,424.0,572.0,136.2,111.0
2009-04-27,473.83334,0.8909091,0.0,0.0,609.8889,502.22726,12.555555,411.5,562.0,132.8,103.5
2009-04-28,471.0,0.8909091,0.0,0.0,607.2963,499.11365,12.222222,409.0,547.0,129.6,101.5
2009-04-29,469.83334,0.8909091,0.0,0.0,602.96295,496.0909,12.166667,401.0,532.0,127.6,101.0
2009-04-30,466.0,0.8363636,0.0,0.0,596.5926,490.5,11.888889,390.0,517.0,125.2,99.5
2009-05-01,457.0,0.7090909,0.0,0.0,579.9259,475.97726,11.333333,368.5,488.0,114.2,90.5
2009-05-02,455.5,0.8,0.0,0.0,599.37036,498.38635,10.944445,351.5,463.0,110.8,86.5
2009-05-03,470.33334,0.6909091,0.0,0.0,617.1852,512.4091,11.333333,366.0,469.0,114.2,87.5
2009-05-04,469.0,0.58181816,0.0,0.0,620.0741,513.4773,10.722222,359.0,459.0,118.4,83.5
2009-05-05,461.16666,0.4181818,0.0,0.0,607.8889,502.43182,10.333333,348.0,444.0,114.8,78.0
2009-05-06,450.16666,0.27272728,0.0,0.0,513.37036,438.36365,8.888889,310.0,412.0,106.0,74.0
2009-05-07,434.16666,0.0,0.0,0.0,484.74075,414.06818,7.7777777,280.5,388.0,92.2,62.0
2009-05-08,415.16666,0.0,0.0,0.0,466.33334,395.63635,6.3333335,243.5,351.0,80.8,48.0
2009-05-09,393.33334,0.0,0.0,0.0,448.74075,378.0,4.388889,216.5,320.0,68.6,32.5
2009-05-10,373.66666,0.0,0.0,0.0,430.62964,357.61365,1.8333334,189.0,289.0,54.8,15.0
2009-05-11,351.5,0.0,0.0,0.0,412.8889,333.52274,0.0,164.0,267.0,40.6,0.0
2009-05-12,346.0,0.0,0.0,0.0,378.48148,305.20456,0.0,142.0,249.0,26.8,0.0
2009-05-13,336.16666,0.0,0.0,0.0,339.74075,272.68182,0.0,128.5,238.0,20.2,0.0
2009-05-14,326.16666,0.0,0.0,0.0,313.03705,250.43182,0.0,113.5,226.0,15.2,0.0
2009-05-15,312.66666,0.0,0.0,0.0,297.74075,238.20454,0.0,92.0,210.0,13.4,0.0
2009-05-16,290.83334,0.0,0.0,0.0,276.77777,220.52272,0.0,61.0,185.0,1.6,0.0
2009-05-17,262.66666,0.0,0.0,0.0,249.92592,197.27272,0.0,34.5,151.0,0.0,0.0
2009-05-18,201.33333,0.0,0.0,0.0,236.11111,180.40909,0.0,6.5,110.0,0.0,0.0
2009-05-19,149.66667,0.0,0.0,0.0,205.96297,154.84091,0.0,0.0,72.0,0.0,0.0
2009-05-20,136.33333,0.0,0.0,0.0,188.88889,140.09091,0.0,0.0,44.0,0.0,0.0
2009-05-21,123.666664,0.0,0.0,0.0,174.66667,127.86364,0.0,0.0,20.0,0.0,0.0
2009-05-22,111.5,0.0,0.0,0.0,158.07408,114.63636,0.0,0.0,0.0,0.0,0.0
2009-05-23,99.0,0.0,0.0,0.0,129.88889,91.75,0.0,0.0,0.0,0.0,0.0
2009-05-24,91.333336,0.0,0.0,0.0,117.703705,82.295456,0.0,0.0,0.0,0.0,0.0
2009-05-25,86.666664,0.0,0.0,0.0,116.666664,82.09091,0.0,0.0,0.0,0.0,0.0
2009-05-26,79.333336,0.0,0.0,0.0,106.22222,74.068184,0.0,0.0,0.0,0.0,0.0
2009-05-27,69.833336,0.0,0.0,0.0,93.111115,63.93182,0.0,0.0,0.0,0.0,0.0
2009-05-28,58.666668,0.0,0.0,0.0,77.14815,51.18182,0.0,0.0,0.0,0.0,0.0
2009-05-29,47.833332,0.0,0.0,0.0,64.25926,41.295456,0.0,0.0,0.0,0.0,0.0
2009-05-30,38.0,0.0,0.0,0.0,53.592594,33.409092,0.0,0.0,0.0,0.0,0.0
2009-05-31,30.166666,0.0,0.0,0.0,45.444443,27.886364,0.0,0.0,0.0,0.0,0.0
2009-06-01,23.166666,0.0,0.0,0.0,40.74074,25.0,0.0,0.0,0.0,0.0,0.0
2009-06-02,17.666666,0.0,0.0,0.0,36.62963,22.477272,0.0,0.0,0.0,0.0,0.0
2009-06-03,14.166667,0.0,0.0,0.0,34.22222,21.0,0.0,0.0,0.0,0.0,0.0
2009-06-04,14.0,0.0,0.0,0.0,33.851852,20.772728,0.0,0.0,0.0,0.0,0.0
2009-06-05,13.0,0.0,0.0,0.0,32.444443,19.90909,0.0,0.0,0.0,0.0,0.0
2009-06-06,16.5,1.0,0.0,0.0,26.407408,17.40909,0.0,0.0,0.0,0.0,0.0
2009-06-07,18.666666,1.2545455,0.0,0.0,30.74074,19.84091,0.0,0.0,0.0,0.0,0.0
2009-06-08,14.333333,0.054545455,0.0,0.0,35.666668,22.068182,0.0,0.0,0.0,0.0,0.0
2009-06-09,11.833333,0.0,0.0,0.0,32.48148,19.931818,0.0,0.0,0.0,0.0,0.0
2009-06-10,10.166667,0.0,0.0,0.0,31.444445,19.295454,0.0,0.0,0.0,0.0,0.0
2009-06-11,9.5,0.0,0.0,0.0,31.185184,19.136364,0.0,0.0,0.0,0.0,0.0
2009-06-12,8.333333,0.0,0.0,0.0,30.777779,18.886364,0.0,0.0,0.0,0.0,0.0
2009-06-13,6.5,0.0,0.0,0.0,30.037037,18.431818,0.0,0.0,0.0,0.0,0.0
2009-06-14,5.8333335,0.0,0.0,0.0,29.88889,18.34091,0.0,0.0,0.0,0.0,0.0
2009-06-15,4.6666665,0.0,0.0,0.0,29.407408,18.045454,0.0,0.0,0.0,0.0,0.0
2009-06-16,3.0,0.0,0.0,0.0,27.851852,17.09091,0.0,0.0,0.0,0.0,0.0
2009-06-17,1.0,0.0,0.0,0.0,27.333334,16.772728,0.0,0.0,0.0,0.0,0.0
2009-06-18,0.0,0.0,0.0,0.0,24.851852,15.25,0.0,0.0,0.0,0.0,0.0
2009-06-19,0.0,0.0,0.0,0.0,21.11111,12.954545,0.0,0.0,0.0,0.0,0.0
2009-06-20,0.0,0.0,0.0,0.0,17.518518,10.75,0.0,0.0,0.0,0.0,0.0
2009-06-21,0.0,0.0,0.0,0.0,17.333334,10.636364,0.0,0.0,0.0,0.0,0.0
2009-06-22,0.0,0.0,0.0,0.0,16.666666,10.227273,0.0,0.0,0.0,0.0,0.0
2009-06-23,0.0,0.0,0.0,0.0,15.111111,9.272727,0.0,0.0,0.0,0.0,0.0
2009-06-24,0.0,0.0,0.0,0.0,12.296296,7.5454545,0.0,0.0,0.0,0.0,0.0
2009-06-25,0.0,0.0,0.0,0.0,9.888889,6.068182,0.0,0.0,0.0,0.0,0.0
2009-06-26,0.0,0.0,0.0,0.0,8.296296,5.090909,0.0,0.0,0.0,0.0,0.0
2009-06-27,0.0,0.0,0.0,0.0,7.3333335,4.5,0.0,0.0,0.0,0.0,0.0
2009-06-28,0.0,0.0,0.0,0.0,6.888889,4.2272725,0.0,0.0,0.0,0.0,0.0
2009-06-29,0.0,0.0,0.0,0.0,4.740741,2.909091,0.0,0.0,0.0,0.0,0.0
2009-06-30,0.0,0.0,0.0,0.0,2.851852,1.75,0.0,0.0,0.0,0.0,0.0
2009-07-01,0.0,0.0,0.0,0.0,1.4814814,0.90909094,0.0,0.0,0.0,0.0,0.0
2009-07-02,0.0,0.0,0.0,0.0,0.074074075,0.045454547,0.0,0.0,0.0,0.0,0.0
2009-07-03,0.0,0.0,0.0,0.0,0.0,0.0,0.0,0.0,0.0,0.0,0.0
2009-07-04,0.0,0.0,0.0,0.0,0.0,0.0,0.0,0.0,0.0,0.0,0.0
2009-07-05,0.0,0.0,0.0,0.0,0.0,0.0,0.0,0.0,0.0,0.0,0.0
2009-07-06,0.0,0.0,0.0,0.0,0.0,0.0,0.0,0.0,0.0,0.0,0.0
2009-07-07,0.0,0.0,0.0,0.0,0.0,0.0,0.0,0.0,0.0,0.0,0.0
2009-07-08,0.0,0.0,0.0,0.0,0.0,0.0,0.0,0.0,0.0,0.0,0.0
2009-07-09,0.0,0.0,0.0,0.0,0.0,0.0,0.0,0.0,0.0,0.0,0.0
2009-07-10,0.0,0.0,0.0,0.0,0.0,0.0,0.0,0.0,0.0,0.0,0.0
2009-07-11,0.0,0.0,0.0,0.0,0.0,0.0,0.0,0.0,0.0,0.0,0.0
2009-07-12,0.0,0.0,0.0,0.0,0.0,0.0,0.0,0.0,0.0,0.0,0.0
2009-07-13,0.0,0.0,0.0,0.0,0.0,0.0,0.0,0.0,0.0,0.0,0.0
2009-07-14,0.0,0.0,0.0,0.0,0.0,0.0,0.0,0.0,0.0,0.0,0.0
2009-07-15,0.0,0.0,0.0,0.0,0.0,0.0,0.0,0.0,0.0,0.0,0.0
2009-07-16,0.0,0.0,0.0,0.0,0.0,0.0,0.0,0.0,0.0,0.0,0.0
2009-07-17,0.0,0.0,0.0,0.0,0.0,0.0,0.0,0.0,0.0,0.0,0.0
2009-07-18,0.0,0.0,0.0,0.0,0.0,0.0,0.0,0.0,0.0,0.0,0.0
2009-07-19,0.0,0.0,0.0,0.0,0.0,0.0,0.0,0.0,0.0,0.0,0.0
2009-07-20,0.0,0.0,0.0,0.0,0.0,0.0,0.0,0.0,0.0,0.0,0.0
2009-07-21,0.0,0.0,0.0,0.0,0.0,0.0,0.0,0.0,0.0,0.0,0.0
2009-07-22,0.0,0.0,0.0,0.0,0.0,0.0,0.0,0.0,0.0,0.0,0.0
2009-07-23,0.0,0.0,0.0,0.0,0.0,0.0,0.0,0.0,0.0,0.0,0.0
2009-07-24,0.0,0.0,0.0,0.0,0.0,0.0,0.0,0.0,0.0,0.0,0.0
2009-07-25,0.0,0.0,0.0,0.0,0.0,0.0,0.0,0.0,0.0,0.0,0.0
2009-07-26,0.0,0.0,0.0,0.0,0.0,0.0,0.0,0.0,0.0,0.0,0.0
2009-07-27,0.0,0.0,0.0,0.0,0.0,0.0,0.0,0.0,0.0,0.0,0.0
2009-07-28,0.0,0.0,0.0,0.0,0.0,0.0,0.0,0.0,0.0,0.0,0.0
2009-07-29,0.0,0.0,0.0,0.0,0.0,0.0,0.0,0.0,0.0,0.0,0.0
2009-07-30,0.0,0.0,0.0,0.0,0.0,0.0,0.0,0.0,0.0,0.0,0.0
2009-07-31,0.0,0.0,0.0,0.0,0.0,0.0,0.0,0.0,0.0,0.0,0.0
2009-08-01,0.0,0.0,0.0,0.0,0.0,0.0,0.0,0.0,0.0,0.0,0.0
2009-08-02,0.0,0.0,0.0,0.0,0.0,0.0,0.0,0.0,0.0,0.0,0.0
2009-08-03,0.0,0.0,0.0,0.0,0.0,0.0,0.0,0.0,0.0,0.0,0.0
2009-08-04,0.0,0.0,0.0,0.0,0.0,0.0,0.0,0.0,0.0,0.0,0.0
2009-08-05,0.0,0.0,0.0,0.0,0.0,0.0,0.0,0.0,0.0,0.0,0.0
2009-08-06,0.0,0.0,0.0,0.0,0.0,0.0,0.0,0.0,0.0,0.0,0.0
2009-08-07,0.0,0.0,0.0,0.0,0.0,0.0,0.0,0.0,0.0,0.0,0.0
2009-08-08,0.0,0.0,0.0,0.0,0.0,0.0,0.0,0.0,0.0,0.0,0.0
2009-08-09,0.0,0.0,0.0,0.0,0.0,0.0,0.0,0.0,0.0,0.0,0.0
2009-08-10,0.0,0.0,0.0,0.0,0.0,0.0,0.0,0.0,0.0,0.0,0.0
2009-08-11,0.0,0.0,0.0,0.0,0.0,0.0,0.0,0.0,0.0,0.0,0.0
2009-08-12,0.0,0.0,0.0,0.0,0.0,0.0,0.0,0.0,0.0,0.0,0.0
2009-08-13,0.0,0.0,0.0,0.0,0.0,0.0,0.0,0.0,0.0,0.0,0.0
2009-08-14,0.0,0.0,0.0,0.0,0.0,0.0,0.0,0.0,0.0,0.0,0.0
2009-08-15,0.0,0.0,0.0,0.0,0.0,0.0,0.0,0.0,0.0,0.0,0.0
2009-08-16,0.0,0.0,0.0,0.0,0.0,0.0,0.0,0.0,0.0,0.0,0.0
2009-08-17,0.0,0.0,0.0,0.0,0.0,0.0,0.0,0.0,0.0,0.0,0.0
2009-08-18,0.0,0.0,0.0,0.0,0.0,0.0,0.0,0.0,0.0,0.0,0.0
2009-08-19,0.0,0.0,0.0,0.0,0.0,0.0,0.0,0.0,0.0,0.0,0.0
2009-08-20,0.0,0.0,0.0,0.0,0.0,0.0,0.0,0.0,0.0,0.0,0.0
2009-08-21,0.0,0.0,0.0,0.0,0.0,0.0,0.0,0.0,0.0,0.0,0.0
2009-08-22,0.0,0.0,0.0,0.0,0.0,0.0,0.0,0.0,0.0,0.0,0.0
2009-08-23,0.0,0.0,0.0,0.0,0.0,0.0,0.0,0.0,0.0,0.0,0.0
2009-08-24,0.0,0.0,0.0,0.0,0.0,0.0,0.0,0.0,0.0,0.0,0.0
2009-08-25,0.0,0.0,0.0,0.0,0.0,0.0,0.0,0.0,0.0,0.0,0.0
2009-08-26,0.0,0.0,0.0,0.0,0.0,0.0,0.0,0.0,0.0,0.0,0.0
2009-08-27,0.0,0.0,0.0,0.0,0.0,0.0,0.0,0.0,0.0,0.0,0.0
2009-08-28,0.0,0.0,0.0,0.0,0.0,0.0,0.0,0.0,0.0,0.0,0.0
2009-08-29,0.0,0.0,0.0,0.0,0.0,0.0,0.0,0.0,0.0,0.0,0.0
2009-08-30,0.0,0.0,0.0,0.0,0.0,0.0,0.0,0.0,0.0,0.0,0.0
2009-08-31,0.0,0.0,0.0,0.0,0.0,0.0,0.0,0.0,0.0,0.0,0.0
2009-09-01,0.0,0.0,0.0,0.0,0.0,0.0,0.0,0.0,0.0,0.0,0.0
2009-09-02,0.0,0.0,0.0,0.0,0.0,0.0,0.0,0.0,0.0,0.0,0.0
2009-09-03,0.0,0.0,0.0,0.0,0.0,0.0,0.0,0.0,0.0,0.0,0.0
2009-09-04,0.0,0.0,0.0,0.0,0.0,0.0,0.0,0.0,0.0,0.0,0.0
2009-09-05,0.0,0.0,0.0,0.0,0.0,0.0,0.0,0.0,0.0,0.0,0.0
2009-09-06,0.0,0.0,0.0,0.0,0.0,0.0,0.0,0.0,0.0,0.0,0.0
2009-09-07,0.0,0.0,0.0,0.0,0.0,0.0,0.0,0.0,0.0,0.0,0.0
2009-09-08,0.0,0.0,0.0,0.0,0.0,0.0,0.0,0.0,0.0,0.0,0.0
2009-09-09,0.0,0.0,0.0,0.0,0.0,0.0,0.0,0.0,0.0,0.0,0.0
2009-09-10,0.0,0.0,0.0,0.0,0.0,0.0,0.0,0.0,0.0,0.0,0.0
2009-09-11,0.0,0.0,0.0,0.0,0.0,0.0,0.0,0.0,0.0,0.0,0.0
2009-09-12,0.0,0.0,0.0,0.0,0.0,0.0,0.0,0.0,0.0,0.0,0.0
2009-09-13,0.0,0.0,0.0,0.0,0.0,0.0,0.0,0.0,0.0,0.0,0.0
2009-09-14,0.0,0.0,0.0,0.0,0.0,0.0,0.0,0.0,0.0,0.0,0.0
2009-09-15,0.0,0.0,0.0,0.0,0.0,0.0,0.0,0.0,0.0,0.0,0.0
2009-09-16,0.0,0.0,0.0,0.0,0.0,0.0,0.0,0.0,0.0,0.0,0.0
2009-09-17,0.0,0.0,0.0,0.0,0.0,0.0,0.0,0.0,0.0,0.0,0.0
2009-09-18,0.0,0.0,0.0,0.0,0.0,0.0,0.0,0.0,0.0,0.0,0.0
2009-09-19,0.0,0.0,0.0,0.0,0.0,0.0,0.0,0.0,0.0,0.0,0.0
2009-09-20,0.0,0.0,0.0,0.0,0.0,0.0,0.0,0.0,0.0,0.0,0.0
2009-09-21,0.0,0.0,0.0,0.0,0.0,0.0,0.0,0.0,0.0,0.0,0.0
2009-09-22,0.0,0.0,0.0,0.0,0.0,0.0,0.0,0.0,0.0,0.0,0.0
2009-09-23,0.0,0.0,0.0,0.0,0.0,0.0,0.0,0.0,0.0,0.0,0.0
2009-09-24,0.0,0.0,0.0,0.0,0.0,0.0,0.0,0.0,0.0,0.0,0.0
2009-09-25,0.0,0.0,0.0,0.0,0.0,0.0,0.0,0.0,0.0,0.0,0.0
2009-09-26,0.0,0.0,0.0,0.0,0.0,0.0,0.0,0.0,0.0,0.0,0.0
2009-09-27,0.0,0.0,0.0,0.0,0.0,0.0,0.0,0.0,0.0,0.0,0.0
2009-09-28,0.0,0.0,0.0,0.0,0.0,0.0,0.0,0.0,0.0,0.0,0.0
2009-09-29,0.0,0.0,0.0,0.0,0.0,0.0,0.0,0.0,0.0,0.0,0.0
2009-09-30,0.0,0.0,0.0,0.0,0.0,0.0,0.0,0.0,0.0,0.0,0.0
2009-10-01,0.0,0.0,0.0,0.0,0.0,0.0,0.0,0.0,0.0,0.0,0.0
2009-10-02,0.0,0.0,0.0,0.0,0.0,0.0,0.0,0.0,0.0,0.0,0.0
2009-10-03,0.0,0.0,0.0,0.0,0.0,0.0,0.0,0.0,0.0,0.0,0.0
2009-10-04,0.0,0.0,0.0,0.0,0.0,0.0,0.0,0.0,0.0,1.4,0.0
2009-10-05,1.0,0.0,0.0,0.0,0.11111111,0.11363637,0.0,4.0,5.0,6.4,0.5
2009-10-06,1.0,0.0,0.0,0.0,0.14814815,0.13636364,0.0,4.0,5.0,5.4,1.5
2009-10-07,0.5,0.0,0.0,0.0,0.33333334,0.25,0.0,1.5,3.0,4.0,0.0
2009-10-08,0.0,0.0,0.0,0.0,0.074074075,0.045454547,0.0,0.0,0.0,1.8,0.0
2009-10-09,0.0,0.0,0.0,0.0,0.0,0.0,0.0,0.0,0.0,0.0,0.0
2009-10-10,0.0,0.0,0.0,0.0,0.0,0.0,0.0,0.0,0.0,0.0,0.0
2009-10-11,0.0,0.0,0.0,0.0,0.0,0.0,0.0,0.0,0.0,0.0,0.0
2009-10-12,0.0,0.0,0.0,0.0,0.0,0.0,0.0,0.0,0.0,0.0,0.0
2009-10-13,0.0,0.0,0.0,0.0,0.0,0.0,0.0,0.0,0.0,0.0,0.0
2009-10-14,70.166664,21.90909,25.666666,19.25,69.37037,60.227272,0.0,17.5,0.0,20.6,0.0
2009-10-15,72.333336,14.909091,23.0,17.25,63.925926,55.659092,0.0,15.0,0.0,18.8,0.0
2009-10-16,62.666668,8.6,35.666668,26.75,73.85185,59.295456,0.0,8.0,0.0,14.0,0.0
2009-10-17,53.666668,4.072727,18.0,13.5,64.0,49.727272,0.0,0.0,0.0,9.6,0.0
2009-10-18,51.0,0.7090909,4.3333335,3.25,55.037037,41.227272,0.0,0.0,0.0,3.8,0.0
2009-10-19,33.666668,0.036363635,0.0,0.0,50.962963,37.43182,0.0,0.0,0.0,0.0,0.0
2009-10-20,31.166666,0.018181818,0.0,0.0,54.925926,40.43182,0.16666667,0.0,0.0,1.8,0.0
2009-10-21,29.166666,0.018181818,0.0,0.0,53.925926,39.272728,0.0,0.0,0.0,0.2,0.0
2009-10-22,21.333334,0.0,0.0,0.0,49.962963,35.68182,0.0,0.0,0.0,0.0,0.0
2009-10-23,15.5,0.0,0.0,0.0,50.296295,35.022728,0.0,0.0,0.0,0.0,0.0
2009-10-24,8.166667,0.0,0.0,0.0,42.37037,28.977272,0.0,0.0,0.0,0.0,0.0
2009-10-25,2.8333333,0.0,0.0,0.0,36.88889,24.886364,0.0,0.0,0.0,0.0,0.0
2009-10-26,1.5,0.0,0.0,0.0,32.333332,21.5,0.0,0.0,0.0,0.0,0.0
2009-10-27,0.5,0.0,0.0,0.0,28.11111,18.40909,0.0,0.0,0.0,0.0,0.0
2009-10-28,0.6666667,0.0,0.0,0.0,28.851852,19.25,0.0,0.0,0.0,0.0,0.0
2009-10-29,0.6666667,0.0,0.0,0.0,33.185184,22.5,0.0,0.0,0.0,0.0,0.0
2009-10-30,0.6666667,0.0,0.0,0.0,33.22222,22.136364,0.0,0.0,0.0,0.0,0.0
2009-10-31,0.0,0.0,0.0,0.0,24.962963,16.15909,0.0,0.0,0.0,0.0,0.0
2009-11-01,0.0,0.0,0.0,0.0,23.185184,14.886364,0.0,0.0,0.0,0.0,0.0
2009-11-02,0.0,0.0,0.0,0.0,16.074074,9.886364,0.0,0.0,0.0,0.0,0.0
2009-11-03,0.0,0.0,0.0,0.0,9.740741,5.9772725,0.0,0.0,0.0,0.0,0.0
2009-11-04,0.0,0.0,0.0,0.0,5.6666665,3.4772727,0.0,0.0,0.0,0.0,0.0
2009-11-05,0.0,0.0,0.0,0.0,4.259259,2.6136363,0.0,0.0,0.0,0.0,0.0
2009-11-06,0.0,0.0,0.0,0.0,4.185185,2.5681818,0.0,0.0,0.0,0.0,0.0
2009-11-07,0.0,0.0,0.0,0.0,4.111111,2.5227273,0.0,0.0,0.0,0.0,0.0
2009-11-08,0.0,0.0,0.0,0.0,4.111111,2.5227273,0.0,0.0,0.0,0.0,0.0
2009-11-09,0.0,0.0,0.0,0.0,4.0740743,2.5,0.0,0.0,0.0,0.0,0.0
2009-11-10,0.0,0.0,0.0,0.0,3.925926,2.409091,0.0,0.0,0.0,0.0,0.0
2009-11-11,0.0,0.0,0.0,0.0,3.7407408,2.2954545,0.0,0.0,0.0,0.0,0.0
2009-11-12,0.0,0.0,0.0,0.0,3.7037036,2.2727273,0.0,0.0,0.0,0.0,0.0
2009-11-13,0.33333334,0.0,0.0,0.0,9.148149,7.4545455,0.0,6.0,6.0,4.2,7.5
2009-11-14,0.33333334,0.0,0.0,0.0,9.185185,7.4772725,0.0,6.0,6.0,4.2,7.5
2009-11-15,0.33333334,0.0,0.0,0.0,9.185185,7.4772725,0.0,6.0,6.0,4.2,7.5
2009-11-16,0.33333334,0.0,0.0,0.0,9.037037,6.568182,0.0,4.0,5.0,3.6,7.0
2009-11-17,0.0,0.0,0.0,0.0,5.6666665,3.5,0.0,0.0,2.0,0.8,3.5
2009-11-18,0.0,0.0,0.0,0.0,4.7777777,2.9318182,5.888889,0.0,0.0,0.0,0.5
2009-11-19,0.0,0.0,0.0,0.0,4.7777777,2.9318182,4.7777777,0.0,0.0,0.0,0.5
2009-11-20,0.0,0.0,0.0,0.0,4.3703704,2.6818182,1.6111112,0.0,0.0,0.0,0.0
2009-11-21,0.0,0.0,0.0,0.0,5.037037,3.9545455,25.055555,30.5,39.0,8.2,20.5
2009-11-22,0.0,0.0,0.0,0.0,5.037037,3.909091,24.777779,30.5,39.0,8.2,20.5
2009-11-23,0.0,0.0,0.0,0.0,5.037037,3.7045455,23.055555,31.0,39.0,8.0,21.0
2009-11-24,0.0,0.0,0.0,0.0,4.851852,3.2954545,19.833334,31.0,39.0,8.2,21.0
2009-11-25,0.0,0.0,0.0,0.0,4.296296,2.659091,12.333333,27.5,38.0,7.6,20.0
2009-11-26,0.0,0.0,0.0,0.0,3.8148148,2.340909,7.4444447,23.5,36.0,4.8,17.5
2009-11-27,0.0,0.0,0.0,0.0,3.4444444,2.1136363,5.8333335,18.0,32.0,2.2,12.5
2009-11-28,7.6666665,2.909091,2.0,1.5,5.962963,4.4545455,9.444445,26.5,40.0,12.8,19.0
2009-11-29,11.833333,4.9454546,4.0,3.5,8.0,6.090909,9.111111,27.5,42.0,17.6,20.5
2009-11-30,11.833333,4.109091,2.0,1.5,7.6666665,5.3863635,7.5555553,27.0,42.0,18.4,21.0
2009-12-01,11.833333,1.1818181,0.0,0.0,6.814815,4.5,5.8333335,24.5,40.0,17.2,19.0
2009-12-02,11.833333,0.6181818,0.0,0.0,6.6296296,4.181818,3.7777777,18.5,30.0,16.2,16.0
2009-12-03,11.833333,0.6,0.0,0.0,6.5925927,4.1363635,2.7777777,17.5,30.0,16.2,16.5
2009-12-04,8.5,0.6,0.0,0.0,6.6666665,4.1363635,2.2777777,17.5,30.0,16.2,16.5
2009-12-05,9.166667,0.6,0.0,0.0,6.5555553,4.068182,2.2222223,17.0,29.0,15.4,15.5
2009-12-06,9.166667,0.6,0.0,0.0,6.5555553,4.068182,2.1111112,17.0,29.0,15.6,15.5
2009-12-07,11.833333,0.6,0.0,0.0,8.555555,7.340909,4.0555553,33.0,43.0,24.2,33.5
2009-12-08,28.5,20.50909,28.666666,28.75,35.11111,33.204544,4.111111,71.5,90.0,45.0,63.0
2009-12-09,28.5,20.4,28.666666,28.75,35.11111,33.18182,4.111111,70.5,90.0,44.2,63.5
2009-12-10,28.5,20.418182,28.666666,28.75,35.11111,33.18182,4.2777777,70.0,90.0,44.2,63.0
2009-12-11,31.833334,22.254545,29.666666,29.25,45.407406,43.840908,4.5555553,72.0,92.0,46.8,68.0
2009-12-12,58.833332,31.2,39.666668,36.25,90.81481,87.59091,27.5,104.0,127.0,58.6,89.0
2009-12-13,118.333336,63.49091,66.666664,67.75,176.59259,171.18182,70.5,157.5,183.0,91.0,131.5
2009-12-14,132.0,67.69091,83.333336,84.75,200.81482,193.56818,75.0,180.0,211.0,101.6,147.5
2009-12-15,131.16667,67.36364,82.333336,83.75,200.85185,193.56818,63.444443,180.0,211.0,101.2,148.0
2009-12-16,130.0,67.145454,80.0,81.5,201.44444,193.88637,84.55556,177.5,212.0,101.0,145.0
2009-12-17,122.666664,65.527275,74.333336,76.0,202.48148,194.38637,83.111115,182.5,212.0,102.0,145.0
2009-12-18,132.16667,63.054546,67.666664,69.0,202.25926,193.84091,85.666664,181.0,212.0,102.4,145.5
2009-12-19,132.0,60.854546,61.0,61.75,202.44444,193.43182,84.55556,179.0,210.0,101.2,148.0
2009-12-20,134.33333,58.52727,58.333332,57.25,203.51852,193.93182,82.111115,173.0,208.0,98.6,148.0
2009-12-21,134.33333,57.745453,58.333332,56.0,204.55556,194.15909,83.77778,176.5,207.0,99.2,148.0
2009-12-22,151.83333,69.218185,70.333336,69.5,231.51852,221.95454,92.77778,196.0,228.0,111.6,154.5
2009-12-23,153.66667,74.181816,76.0,75.75,233.96297,224.18182,91.5,199.5,233.0,112.4,153.5
2009-12-24,153.66667,74.01818,76.0,75.5,234.07408,224.15909,87.77778,198.0,233.0,112.6,159.0
2009-12-25,153.66667,72.836365,72.666664,71.5,234.62962,224.29546,88.388885,199.0,233.0,113.4,159.5
2009-12-26,153.66667,71.23637,72.666664,70.0,234.62962,224.06818,88.666664,199.5,233.0,113.4,159.5
2009-12-27,153.5,71.27273,72.666664,70.0,234.81482,224.54546,109.333336,201.0,235.0,112.4,161.0
2009-12-28,153.66667,71.30909,72.666664,70.0,239.59259,229.81818,100.166664,203.5,237.0,114.2,162.0
2009-12-29,154.66667,71.07273,72.666664,69.75,239.85185,230.86363,105.111115,213.0,247.0,113.8,169.0
2009-12-30,159.16667,72.163635,74.333336,72.25,247.18518,239.06818,115.111115,223.0,257.0,120.4,174.0
2009-12-31,164.66667,75.23637,78.0,76.5,256.7037,247.11363,112.166664,230.0,266.0,123.8,181.0
2010-01-01,126.5,74.96364,78.0,75.5,258.55554,248.11363,95.5,227.0,270.0,126.2,181.5
2010-01-02,164.83333,74.76363,78.0,75.0,256.44446,246.5,96.833336,237.0,284.0,126.8,182.5
2010-01-03,164.83333,68.89091,78.0,73.0,253.66667,243.86363,96.0,237.0,284.0,126.6,182.5
2010-01-04,164.66667,69.76363,78.0,70.75,257.33334,246.09091,97.833336,244.5,283.0,125.8,180.0
2010-01-05,164.66667,67.2,78.0,69.0,257.55554,245.97728,113.77778,245.0,282.0,124.6,180.0
2010-01-06,164.83333,63.963634,78.0,65.75,257.81482,245.86363,101.94444,244.5,281.0,123.4,182.5
2010-01-07,164.83333,60.745453,78.0,63.0,258.07407,245.54546,107.0,242.0,279.0,121.2,182.5
2010-01-08,164.83333,58.0,76.666664,59.0,258.55554,245.18182,94.611115,240.0,278.0,120.2,182.5
2010-01-09,165.0,55.927273,72.333336,54.25,259.18518,245.15909,100.888885,242.0,276.0,119.2,178.5
2010-01-10,165.16667,53.47273,69.333336,52.0,260.18518,245.45454,97.333336,232.0,275.0,118.2,178.0
2010-01-11,165.16667,50.98182,66.0,49.5,261.14816,245.84091,71.72222,232.0,273.0,117.4,178.0
2010-01-12,165.16667,48.618183,62.333332,46.75,262.22223,245.52272,63.555557,230.0,271.0,117.6,182.0
2010-01-13,174.0,50.21818,66.0,49.5,270.77777,256.77274,87.0,254.0,299.0,128.0,189.0
2010-01-14,182.83333,55.70909,80.0,64.25,290.55554,274.02274,68.27778,270.0,315.0,146.8,202.5
2010-01-15,192.66667,48.636364,57.666668,46.75,288.51852,269.27274,60.444443,258.5,314.0,147.8,203.0
2010-01-16,192.66667,51.636364,72.0,55.25,290.33334,272.45456,83.27778,267.0,314.0,146.6,203.0
2010-01-17,192.66667,51.054546,70.666664,53.0,290.48148,272.20456,63.11111,266.0,315.0,147.4,203.0
2010-01-18,196.66667,55.145454,73.666664,56.0,299.22223,281.43182,100.27778,279.5,328.0,152.6,210.0
2010-01-19,240.83333,81.472725,104.333336,86.0,349.1111,334.31818,170.5,329.5,380.0,186.6,245.0
2010-01-20,258.0,97.38182,127.333336,108.25,366.44446,353.11365,228.94444,348.0,400.0,195.4,254.5
2010-01-21,297.16666,118.70909,155.66667,135.75,409.03705,397.8409,271.94446,388.5,445.0,221.6,279.5
2010-01-22,340.33334,150.2,207.0,185.75,451.92593,438.38635,295.8889,409.0,470.0,232.2,296.5
2010-01-23,351.83334,160.25455,224.0,202.75,471.74075,457.27274,309.83334,411.0,484.0,235.4,304.5
2010-01-24,353.0,159.83636,222.66667,201.75,472.51852,457.61365,316.27777,412.5,485.0,235.4,305.0
2010-01-25,352.5,159.16364,223.66667,202.5,473.2963,458.97726,352.8889,429.5,489.0,243.2,304.0
2010-01-26,363.16666,159.10909,223.33333,202.25,481.07407,466.77274,383.0,481.0,544.0,257.8,332.5
2010-01-27,362.66666,161.16364,225.0,203.75,480.92593,466.70456,359.05554,485.5,549.0,258.4,333.0
2010-01-28,361.66666,160.65454,225.0,203.75,481.74075,466.56818,372.0,484.5,549.0,259.0,333.5
2010-01-29,362.0,160.74545,225.0,203.75,480.44446,466.27274,376.83334,471.0,551.0,258.8,333.0
2010-01-30,362.5,160.5091,225.0,203.75,481.74075,467.72726,390.3889,470.5,550.0,258.6,333.0
2010-01-31,364.5,160.52727,225.0,203.75,483.18518,469.04544,396.16666,469.5,550.0,260.4,333.5
2010-02-01,364.5,160.16364,225.0,203.75,482.92593,468.88635,391.22223,482.0,548.0,260.2,333.0
2010-02-02,365.5,159.78181,223.0,202.25,483.44446,468.77274,400.66666,481.0,548.0,260.2,333.0
2010-02-03,364.5,159.63637,221.0,200.75,483.2963,468.86365,400.0,489.5,551.0,263.2,337.0
2010-02-04,365.66666,159.36363,218.0,198.5,483.07407,468.68182,381.77777,492.0,554.0,263.6,342.5
2010-02-05,373.0,159.05455,212.33333,194.25,490.33334,477.11365,402.0,502.0,563.0,266.6,345.5
2010-02-06,393.5,166.63637,221.0,207.0,519.4815,504.20456,438.83334,516.5,579.0,269.6,349.0
2010-02-07,405.33334,178.92728,242.33333,231.75,535.0741,519.4091,426.22223,522.5,586.0,286.2,359.5
2010-02-08,406.16666,178.81818,244.33333,234.5,539.8148,522.88635,418.44446,522.5,586.0,286.2,358.0
2010-02-09,406.16666,177.5091,243.0,233.5,540.14813,523.2727,429.83334,525.5,589.0,286.6,359.5
2010-02-10,413.0,185.12727,251.66667,241.75,542.62964,525.4773,450.72223,528.0,589.0,280.8,361.0
2010-02-11,412.83334,186.72728,250.33333,240.75,543.2963,525.9545,396.27777,521.0,591.0,286.6,357.5
2010-02-12,413.16666,185.29091,246.66667,238.0,544.03705,526.0682,409.55554,525.0,592.0,282.8,356.5
2010-02-13,412.5,188.4,241.0,233.75,543.85187,525.6818,460.94446,525.5,592.0,283.0,362.5
2010-02-14,412.83334,184.87273,232.66667,226.5,544.8148,525.2045,458.5,522.5,590.0,287.6,360.5
2010-02-15,414.66666,181.07272,220.66667,214.75,545.5926,524.5,365.3889,522.0,587.0,284.6,358.5
2010-02-16,413.66666,176.45454,209.66667,203.5,544.85187,522.9318,394.83334,525.5,586.0,284.0,350.5
2010-02-17,413.83334,174.54546,192.0,185.75,546.0,522.0,370.72223,504.5,586.0,281.8,347.0
2010-02-18,407.33334,170.6909,174.33333,167.25,547.0,521.2727,376.22223,515.5,580.0,280.4,350.5
2010-02-19,404.16666,169.4,165.66667,157.5,547.37036,520.4773,417.44446,508.5,580.0,272.8,347.0
2010-02-20,399.0,175.78181,162.66667,154.5,549.6667,522.4545,372.66666,503.5,580.0,279.4,347.0
2010-02-21,392.5,180.38182,169.0,161.75,558.1111,530.6818,432.3889,508.0,585.0,282.8,351.5
2010-02-22,436.16666,190.5091,206.66667,200.0,575.4074,547.7955,411.83334,520.0,590.0,286.0,354.0
2010-02-23,436.33334,192.89091,210.33333,204.25,575.55554,547.75,382.83334,516.0,591.0,285.4,354.5
2010-02-24,455.66666,194.05455,210.33333,204.0,596.8889,572.88635,416.16666,537.5,611.0,304.0,372.0
2010-02-25,480.16666,216.5091,224.66667,226.25,627.7037,601.7273,397.83334,568.0,646.0,316.4,385.0
2010-02-26,479.16666,214.4909,215.33333,217.0,627.2593,600.4318,453.33334,566.5,645.0,319.0,386.5
2010-02-27,525.3333,220.92728,216.33333,218.5,669.85187,641.9545,477.83334,594.0,666.0,345.6,392.0
2010-02-28,534.3333,230.67273,226.66667,230.25,686.8889,658.11365,475.33334,600.0,673.0,353.6,399.0
2010-03-01,534.3333,229.3091,222.33333,226.0,686.62964,657.2955,387.5,594.0,674.0,353.6,398.5
2010-03-02,535.8333,226.90909,217.0,219.5,686.7778,656.9773,451.66666,593.0,673.0,352.8,397.5
2010-03-03,539.8333,226.89091,216.66667,219.5,696.0741,666.5,448.0,602.5,683.0,358.0,407.0
2010-03-04,564.6667,242.85454,250.0,256.75,721.4074,693.9545,455.1111,624.0,712.0,374.2,418.5
2010-03-05,566.5,244.2,251.0,258.0,723.1111,695.4091,502.77777,623.5,712.0,374.0,417.5
2010-03-06,566.5,244.12727,249.0,256.5,723.9259,695.6818,432.6111,623.0,712.0,374.2,418.0
2010-03-07,565.0,243.52727,247.66667,255.25,724.2222,696.36365,490.22223,628.0,711.0,373.6,422.5
2010-03-08,565.3333,242.98181,243.0,250.0,724.14813,696.7045,379.55554,627.5,711.0,373.8,418.5
2010-03-09,571.8333,247.70909,261.33334,269.25,732.7407,706.2727,484.27777,641.5,716.0,377.0,424.5
2010-03-10,574.3333,247.6,261.0,267.75,734.85187,708.61365,459.72223,640.0,720.0,370.2,428.5
2010-03-11,576.1667,248.67273,264.0,271.75,736.8148,709.25,455.16666,641.5,727.0,383.0,431.5
2010-03-12,570.8333,248.4,260.33334,268.25,736.62964,709.8409,502.44446,641.5,727.0,376.0,430.0
2010-03-13,601.6667,252.56363,257.0,262.75,764.85187,738.9773,553.55554,680.0,775.0,394.2,460.5
2010-03-14,602.6667,253.03636,258.0,264.0,764.4815,738.6818,466.22223,678.5,775.0,394.2,460.0
2010-03-15,599.8333,252.29091,255.0,261.0,766.5185,738.0455,440.66666,688.5,775.0,402.6,460.5
2010-03-16,594.8333,246.41818,248.33333,250.75,766.2222,736.7273,431.0,686.0,773.0,396.2,459.5
2010-03-17,589.1667,237.61818,248.33333,242.0,765.5185,728.6591,461.22223,680.5,770.0,392.8,458.0
2010-03-18,594.3333,230.14546,248.0,234.5,766.3333,726.7727,431.44446,673.5,770.0,387.6,446.0
2010-03-19,586.3333,222.4909,243.66667,225.5,765.8148,723.7955,423.66666,671.0,769.0,383.6,451.5
2010-03-20,572.5,210.43637,237.66667,214.25,766.2963,721.2727,443.94446,670.0,768.0,368.8,441.0
2010-03-21,568.1667,197.96364,229.66667,199.0,765.62964,717.5909,425.55554,661.5,766.0,371.2,445.0
2010-03-22,561.0,190.0,225.33333,189.0,766.1852,716.61365,403.66666,658.0,771.0,367.8,439.0
2010-03-23,542.8333,182.87273,222.33333,181.75,765.96295,714.9773,411.33334,654.5,772.0,366.2,436.5
2010-03-24,539.6667,176.72728,218.33333,173.75,765.62964,711.2727,399.5,651.0,772.0,355.8,433.0
2010-03-25,538.8333,170.34546,215.33333,164.75,764.7037,708.5,407.44446,654.5,773.0,357.2,430.5
2010-03-26,539.5,169.56363,215.33333,163.5,765.5926,709.6591,400.0,670.5,795.0,364.4,439.0
2010-03-27,541.5,168.56363,215.0,162.25,765.3333,709.1591,395.77777,670.0,793.0,362.0,445.0
2010-03-28,533.1667,165.09091,212.0,159.0,763.62964,706.7727,380.44446,670.5,792.0,356.2,442.5
2010-03-29,504.0,158.10909,205.33333,154.0,762.6667,704.3182,370.3889,655.5,791.0,346.0,437.5
2010-03-30,541.1667,147.81818,199.0,149.25,761.2222,700.8182,343.66666,714.5,839.0,336.0,429.0
2010-03-31,566.3333,146.70909,199.33333,149.5,779.55554,721.2727,372.77777,752.5,880.0,364.4,470.0
2010-04-01,600.3333,149.25455,210.33333,159.75,791.2593,732.7955,398.0,788.0,908.0,374.8,475.0
2010-04-02,599.8333,149.25455,210.0,159.5,791.5185,732.86365,386.66666,788.5,908.0,374.8,475.0
2010-04-03,599.0,149.03636,203.33333,154.0,799.7407,740.11365,433.1111,813.5,937.0,390.0,496.5
2010-04-04,604.6667,148.8,203.66667,153.25,799.8148,742.4773,386.83334,812.5,937.0,388.6,492.0
2010-04-05,648.0,152.78181,221.33333,172.75,836.5185,781.8182,478.22223,839.0,967.0,406.0,519.5
2010-04-06,666.1667,160.03636,254.66667,206.0,853.6667,797.4318,448.77777,865.5,993.0,420.6,517.0
2010-04-07,662.1667,161.10909,260.66666,210.5,853.6667,799.11365,442.8889,862.0,991.0,419.8,522.5
2010-04-08,647.3333,156.03636,234.33333,186.0,853.2593,796.8409,405.6111,855.0,988.0,418.0,519.0
2010-04-09,656.1667,149.6,226.66667,172.25,850.7407,792.2727,413.77777,865.0,992.0,408.8,516.0
2010-04-10,658.6667,142.92728,219.66667,164.75,850.7778,789.6591,399.55554,867.0,992.0,403.2,521.5
2010-04-11,651.8333,138.70909,216.66667,162.5,849.3333,787.0,396.16666,861.0,991.0,397.8,518.5
2010-04-12,681.3333,146.81818,222.66667,167.0,879.7778,818.4091,411.22223,876.0,1005.0,405.4,523.5
2010-04-13,675.6667,156.83636,255.0,196.75,900.4074,837.86365,424.72223,891.5,1023.0,409.4,529.0
2010-04-14,684.3333,156.6909,253.0,195.25,899.1111,836.4318,416.44446,895.5,1024.0,405.8,529.0
2010-04-15,689.0,152.03636,237.33333,180.0,896.5926,834.0,457.27777,897.5,1025.0,394.6,528.0
2010-04-16,688.5,141.29091,231.66667,173.75,894.2222,829.9773,410.27777,889.0,1025.0,386.2,525.5
2010-04-17,686.0,132.43637,228.0,171.0,893.1111,826.5227,392.6111,872.5,1018.0,375.6,519.5
2010-04-18,682.1667,121.4,219.0,164.25,891.2222,821.36365,369.33334,843.5,1008.0,362.6,504.0
2010-04-19,679.3333,110.89091,203.66667,152.75,887.5185,812.88635,304.44446,817.5,991.0,346.0,491.5
2010-04-20,668.6667,102.03636,196.33333,147.25,882.7037,804.5,282.6111,804.5,985.0,331.4,468.5
2010-04-21,695.6667,120.56364,224.0,175.5,921.5926,842.36365,316.8889,822.0,997.0,336.2,469.0
2010-04-22,697.5,115.05454,235.66667,187.0,933.5185,853.3409,339.27777,833.0,1009.0,351.0,486.0
2010-04-23,684.8333,116.27273,233.33333,185.5,938.8148,857.4091,243.27777,841.0,1017.0,358.2,489.0
2010-04-24,697.8333,109.87273,225.33333,176.75,932.62964,850.4773,285.1111,827.5,1015.0,350.2,478.5
2010-04-25,688.5,101.41818,220.66667,165.5,927.0741,841.4318,262.16666,807.5,998.0,340.8,466.5
2010-04-26,684.5,91.27273,207.66667,155.75,920.55554,830.7045,211.66667,784.0,974.0,331.4,451.0
2010-04-27,666.1667,77.72727,191.66667,143.75,911.4815,817.0909,188.38889,759.5,960.0,324.6,432.5
2010-04-28,665.1667,72.56364,186.0,139.5,919.7778,825.7727,233.77777,813.5,1013.0,339.2,464.0
2010-04-29,674.8333,70.63636,187.33333,141.5,935.85187,842.75,248.0,840.0,1035.0,355.2,504.0
2010-04-30,664.5,72.32727,196.0,149.75,939.96295,846.2045,192.5,844.5,1043.0,355.4,503.5
2010-05-01,678.0,72.38182,191.66667,146.5,940.2963,848.7045,234.83333,855.5,1045.0,338.8,497.5
2010-05-02,674.0,68.90909,193.0,144.75,936.96295,844.11365,213.38889,837.5,1038.0,346.0,495.5
2010-05-03,672.1667,60.418182,189.0,141.75,929.96295,833.2955,174.11111,828.0,1025.0,334.4,481.0
2010-05-04,664.1667,50.909092,179.0,134.25,919.96295,818.75,153.0,810.5,1016.0,315.2,464.0
2010-05-05,654.0,40.47273,159.33333,119.5,910.7037,806.8409,139.94444,780.0,985.0,295.2,444.5
2010-05-06,648.0,34.745453,137.66667,103.25,906.7037,801.4091,139.44444,768.0,968.0,288.6,438.5
2010-05-07,646.3333,30.654545,122.333336,91.75,899.2963,792.4318,131.88889,766.0,964.0,280.8,436.5
2010-05-08,644.6667,28.290909,110.333336,82.75,887.3333,778.2727,131.77777,752.5,947.0,265.8,423.5
2010-05-09,639.5,25.90909,104.0,78.0,879.1111,768.2727,121.77778,732.5,918.0,252.6,410.5
2010-05-10,529.6667,25.927273,104.666664,78.5,888.8148,777.4091,103.72222,737.0,904.0,248.2,394.0
2010-05-11,587.0,26.690908,109.0,81.75,903.7037,793.5227,127.888885,777.5,941.0,240.2,406.5
2010-05-12,538.5,26.218182,110.0,82.5,911.8889,801.9318,131.5,764.5,946.0,239.2,404.0
2010-05-13,538.3333,24.418182,105.0,78.75,902.3333,792.75,109.05556,762.5,938.0,233.0,401.5
2010-05-14,635.5,22.50909,99.333336,74.5,891.62964,780.0227,83.888885,747.5,920.0,236.6,381.5
2010-05-15,628.8333,19.418182,90.333336,67.75,887.44446,773.0909,67.05556,710.5,893.0,226.6,351.0
2010-05-16,615.0,21.927273,76.666664,57.5,872.14813,754.0227,45.555557,647.0,848.0,214.6,315.5
2010-05-17,599.0,18.127274,64.333336,48.25,863.8148,742.2727,29.944445,607.5,812.0,200.6,273.0
2010-05-18,604.0,18.254545,62.666668,47.0,874.5926,752.4545,23.777779,599.0,806.0,196.2,251.5
2010-05-19,599.0,17.563637,61.666668,46.25,869.7407,746.7045,21.833334,592.0,800.0,191.2,236.5
2010-05-20,585.1667,15.327272,54.666668,41.0,859.8889,736.4318,20.277779,559.5,765.0,180.4,225.0
2010-05-21,573.8333,12.945455,49.0,36.75,861.4074,733.38635,20.222221,526.0,732.0,173.0,212.0
2010-05-22,574.1667,12.745455,47.333332,35.5,861.44446,732.4773,18.5,542.0,744.0,175.0,212.5
2010-05-23,572.3333,9.236363,47.333332,35.5,851.03705,725.1591,19.055555,545.0,747.0,164.4,211.0
2010-05-24,508.66666,9.218182,47.333332,35.5,854.8148,727.5227,18.277779,563.0,751.0,165.6,211.0
2010-05-25,574.6667,9.272727,46.666668,35.0,849.96295,725.11365,17.722221,553.0,743.0,173.8,207.5
2010-05-26,574.3333,12.563637,42.666668,32.0,816.2963,697.9773,17.277779,519.5,719.0,173.4,200.0
2010-05-27,575.3333,12.4,40.333332,30.25,780.37036,671.9545,17.11111,563.0,727.0,173.6,196.5
2010-05-28,583.8333,12.454545,40.0,30.0,755.2963,661.9773,18.61111,596.0,748.0,179.4,207.0
2010-05-29,584.8333,12.472727,40.0,30.0,723.0,641.4773,17.555555,594.5,746.0,179.4,205.0
2010-05-30,581.6667,11.672728,34.0,25.5,696.37036,617.3182,16.777779,535.5,726.0,172.2,192.0
2010-05-31,576.3333,9.072727,20.333334,15.25,664.8889,587.63635,11.277778,493.5,683.0,156.6,165.0
2010-06-01,566.3333,5.927273,6.6666665,5.0,681.4074,602.11365,8.333333,457.5,642.0,139.8,157.0
2010-06-02,557.5,4.0363636,0.0,0.0,680.4074,602.7955,6.2222223,419.5,598.0,125.4,138.0
2010-06-03,543.5,2.4363637,0.0,0.0,659.1111,581.6591,2.9444444,368.0,548.0,106.8,118.5
2010-06-04,521.3333,1.1090909,0.0,0.0,637.7778,563.5,0.5,320.5,500.0,92.2,98.0
2010-06-05,499.66666,0.4,0.0,0.0,581.55554,519.2273,0.0,283.5,446.0,76.6,78.5
2010-06-06,461.16666,0.0,0.0,0.0,540.2222,476.72726,0.0,229.5,378.0,53.6,50.0
2010-06-07,420.16666,0.0,0.0,0.0,561.1852,474.56818,0.0,168.5,294.0,40.0,15.5
2010-06-08,393.5,0.0,0.0,0.0,526.85187,429.06818,0.0,123.0,237.0,17.6,0.0
2010-06-09,368.83334,0.0,0.0,0.0,483.2963,391.86365,0.0,86.0,194.0,1.2,0.0
2010-06-10,355.16666,0.0,0.0,0.0,424.85184,342.11365,0.0,68.0,176.0,0.0,0.0
2010-06-11,350.5,0.0,0.0,0.0,403.14816,323.70456,0.0,62.0,163.0,0.0,0.0
2010-06-12,347.5,0.0,0.0,0.0,399.37036,320.3409,0.0,56.0,153.0,0.0,0.0
2010-06-13,340.33334,0.0,0.0,0.0,389.7037,311.9091,0.0,45.5,135.0,0.0,0.0
2010-06-14,325.16666,0.0,0.0,0.0,369.92593,295.72726,0.0,30.0,111.0,0.0,0.0
2010-06-15,305.16666,0.0,0.0,0.0,344.51852,275.02274,0.0,12.0,82.0,0.0,0.0
2010-06-16,288.5,0.0,0.0,0.0,325.7037,259.52274,0.0,0.0,106.0,0.0,0.0
2010-06-17,277.83334,0.0,0.0,0.0,317.25925,252.31818,0.0,0.0,88.0,0.0,0.0
2010-06-18,229.66667,0.0,0.0,0.0,304.33334,241.31818,0.0,0.0,64.0,0.0,0.0
2010-06-19,189.16667,0.0,0.0,0.0,320.62964,249.38637,0.0,0.0,36.0,0.0,0.0
2010-06-20,180.0,0.0,0.0,0.0,310.2963,240.95454,0.0,0.0,8.0,0.0,0.0
2010-06-21,169.66667,0.0,0.0,0.0,296.81482,230.0,0.0,0.0,0.0,0.0,0.0
2010-06-22,160.33333,0.0,0.0,0.0,283.7037,218.95454,0.0,0.0,0.0,0.0,0.0
2010-06-23,148.66667,0.0,0.0,0.0,264.44446,202.47728,0.0,0.0,0.0,0.0,0.0
2010-06-24,135.0,0.0,0.0,0.0,239.22223,181.47728,0.0,0.0,0.0,0.0,0.0
2010-06-25,122.333336,0.0,0.0,0.0,221.88889,166.68182,0.0,0.0,0.0,0.0,0.0
2010-06-26,111.833336,0.0,0.0,0.0,201.66667,151.40909,0.0,0.0,0.0,0.0,0.0
2010-06-27,98.0,0.0,0.0,0.0,177.07408,132.63637,0.0,0.0,0.0,0.0,0.0
2010-06-28,78.0,0.0,0.0,0.0,144.85185,106.72727,0.0,0.0,0.0,0.0,0.0
2010-06-29,55.0,0.0,0.0,0.0,113.85185,81.36364,0.0,0.0,0.0,0.0,0.0
2010-06-30,35.5,0.0,0.0,0.0,91.74074,64.0,0.0,0.0,0.0,0.0,0.0
2010-07-01,21.666666,0.0,0.0,0.0,77.85185,52.93182,0.0,0.0,0.0,0.0,0.0
2010-07-02,8.666667,0.0,0.0,0.0,65.14815,43.409092,0.0,0.0,0.0,0.0,0.0
2010-07-03,0.0,0.0,0.0,0.0,54.925926,35.522728,0.0,0.0,0.0,0.0,0.0
2010-07-04,0.0,0.0,0.0,0.0,48.555557,30.84091,0.0,0.0,0.0,0.0,0.0
2010-07-05,0.0,0.0,0.0,0.0,42.074074,25.977272,0.0,0.0,0.0,0.0,0.0
2010-07-06,0.0,0.0,0.0,0.0,35.333332,21.681818,0.0,0.0,0.0,0.0,0.0
2010-07-07,0.0,0.0,0.0,0.0,29.88889,18.34091,0.0,0.0,0.0,0.0,0.0
2010-07-08,0.0,0.0,0.0,0.0,25.222221,15.477273,0.0,0.0,0.0,0.0,0.0
2010-07-09,0.0,0.0,0.0,0.0,23.777779,14.590909,0.0,0.0,0.0,0.0,0.0
2010-07-10,0.0,0.0,0.0,0.0,18.296297,11.227273,0.0,0.0,0.0,0.0,0.0
2010-07-11,0.0,0.0,0.0,0.0,12.481482,7.659091,0.0,0.0,0.0,0.0,0.0
2010-07-12,0.0,0.0,0.0,0.0,8.074074,4.9545455,0.0,0.0,0.0,0.0,0.0
2010-07-13,0.0,0.0,0.0,0.0,6.5555553,4.0227275,0.0,0.0,0.0,0.0,0.0
2010-07-14,0.0,0.0,0.0,0.0,5.259259,3.2272727,0.0,0.0,0.0,0.0,0.0
2010-07-15,0.0,0.0,0.0,0.0,3.7037036,2.2727273,0.0,0.0,0.0,0.0,0.0
2010-07-16,0.0,0.0,0.0,0.0,1.6296296,1.0,0.0,0.0,0.0,0.0,0.0
2010-07-17,0.0,0.0,0.0,0.0,0.0,0.0,0.0,0.0,0.0,0.0,0.0
2010-07-18,0.0,0.0,0.0,0.0,0.0,0.0,0.0,0.0,0.0,0.0,0.0
2010-07-19,0.0,0.0,0.0,0.0,0.0,0.0,0.0,0.0,0.0,0.0,0.0
2010-07-20,0.0,0.0,0.0,0.0,0.0,0.0,0.0,0.0,0.0,0.0,0.0
2010-07-21,0.0,0.0,0.0,0.0,0.0,0.0,0.0,0.0,0.0,0.0,0.0
2010-07-22,0.0,0.0,0.0,0.0,0.0,0.0,0.0,0.0,0.0,0.0,0.0
2010-07-23,0.0,0.0,0.0,0.0,0.0,0.0,0.0,0.0,0.0,0.0,0.0
2010-07-24,0.0,0.0,0.0,0.0,0.0,0.0,0.0,0.0,0.0,0.0,0.0
2010-07-25,0.0,0.0,0.0,0.0,0.0,0.0,0.0,0.0,0.0,0.0,0.0
2010-07-26,0.0,0.0,0.0,0.0,0.0,0.0,0.0,0.0,0.0,0.0,0.0
2010-07-27,0.0,0.0,0.0,0.0,0.0,0.0,0.0,0.0,0.0,0.0,0.0
2010-07-28,0.0,0.0,0.0,0.0,0.0,0.0,0.0,0.0,0.0,0.0,0.0
2010-07-29,0.0,0.0,0.0,0.0,0.0,0.0,0.0,0.0,0.0,0.0,0.0
2010-07-30,0.0,0.0,0.0,0.0,0.0,0.0,0.0,0.0,0.0,0.0,0.0
2010-07-31,0.0,0.0,0.0,0.0,0.0,0.0,0.0,0.0,0.0,0.0,0.0
2010-08-01,0.0,0.0,0.0,0.0,0.0,0.0,0.0,0.0,0.0,0.0,0.0
2010-08-02,0.0,0.0,0.0,0.0,0.0,0.0,0.0,0.0,0.0,0.0,0.0
2010-08-03,0.0,0.0,0.0,0.0,0.0,0.0,0.0,0.0,0.0,0.0,0.0
2010-08-04,0.0,0.0,0.0,0.0,0.0,0.0,0.0,0.0,0.0,0.0,0.0
2010-08-05,0.0,0.0,0.0,0.0,0.0,0.0,0.0,0.0,0.0,0.0,0.0
2010-08-06,0.0,0.0,0.0,0.0,0.0,0.0,0.0,0.0,0.0,0.0,0.0
2010-08-07,0.0,0.0,0.0,0.0,0.0,0.0,0.0,0.0,0.0,0.0,0.0
2010-08-08,0.0,0.0,0.0,0.0,0.0,0.0,0.0,0.0,0.0,0.0,0.0
2010-08-09,0.0,0.0,0.0,0.0,0.0,0.0,0.0,0.0,0.0,0.0,0.0
2010-08-10,0.0,0.0,0.0,0.0,0.0,0.0,0.0,0.0,0.0,0.0,0.0
2010-08-11,0.0,0.0,0.0,0.0,0.0,0.0,0.0,0.0,0.0,0.0,0.0
2010-08-12,0.0,0.0,0.0,0.0,0.0,0.0,0.0,0.0,0.0,0.0,0.0
2010-08-13,0.0,0.0,0.0,0.0,0.0,0.0,0.0,0.0,0.0,0.0,0.0
2010-08-14,0.0,0.0,0.0,0.0,0.0,0.0,0.0,0.0,0.0,0.0,0.0
2010-08-15,0.0,0.0,0.0,0.0,0.0,0.0,0.0,0.0,0.0,0.0,0.0
2010-08-16,0.0,0.0,0.0,0.0,0.0,0.0,0.0,0.0,0.0,0.0,0.0
2010-08-17,0.0,0.0,0.0,0.0,0.0,0.0,0.0,0.0,0.0,0.0,0.0
2010-08-18,0.0,0.0,0.0,0.0,0.0,0.0,0.0,0.0,0.0,0.0,0.0
2010-08-19,0.0,0.0,0.0,0.0,0.0,0.0,0.0,0.0,0.0,0.0,0.0
2010-08-20,0.0,0.0,0.0,0.0,0.0,0.0,0.0,0.0,0.0,0.0,0.0
2010-08-21,0.0,0.0,0.0,0.0,0.0,0.0,0.0,0.0,0.0,0.0,0.0
2010-08-22,0.0,0.0,0.0,0.0,0.0,0.0,0.0,0.0,0.0,0.0,0.0
2010-08-23,0.0,0.0,0.0,0.0,0.0,0.0,0.0,0.0,0.0,0.0,0.0
2010-08-24,0.0,0.0,0.0,0.0,0.0,0.0,0.0,0.0,0.0,0.0,0.0
2010-08-25,0.0,0.0,0.0,0.0,0.0,0.0,0.0,0.0,0.0,0.0,0.0
2010-08-26,0.0,0.0,0.0,0.0,0.0,0.0,0.0,0.0,0.0,0.0,0.0
2010-08-27,0.0,0.0,0.0,0.0,0.0,0.0,0.0,0.0,0.0,0.0,0.0
2010-08-28,0.0,0.0,0.0,0.0,0.0,0.0,0.0,0.0,0.0,0.0,0.0
2010-08-29,0.0,0.0,0.0,0.0,0.0,0.0,0.0,0.0,0.0,0.0,0.0
2010-08-30,0.0,0.0,0.0,0.0,0.0,0.0,0.0,0.0,0.0,0.0,0.0
2010-08-31,0.0,0.0,0.0,0.0,0.0,0.0,0.0,0.0,0.0,0.0,0.0
2010-09-01,0.0,0.0,0.0,0.0,0.0,0.0,0.0,0.0,0.0,0.0,0.0
2010-09-02,0.0,0.0,0.0,0.0,0.0,0.0,0.0,0.0,0.0,0.0,0.0
2010-09-03,0.0,0.0,0.0,0.0,0.0,0.0,0.0,0.0,0.0,0.0,0.0
2010-09-04,0.0,0.0,0.0,0.0,0.0,0.0,0.0,0.0,0.0,0.0,0.0
2010-09-05,0.0,0.0,0.0,0.0,0.0,0.0,0.0,0.0,0.0,0.0,0.0
2010-09-06,0.0,0.0,0.0,0.0,0.0,0.0,0.0,0.0,0.0,0.0,0.0
2010-09-07,0.0,0.0,0.0,0.0,0.0,0.0,0.0,0.0,0.0,0.0,0.0
2010-09-08,0.0,0.0,0.0,0.0,0.0,0.0,0.0,0.0,0.0,0.0,0.0
2010-09-09,0.0,0.0,0.0,0.0,0.0,0.0,0.0,0.0,0.0,0.0,0.0
2010-09-10,0.0,0.0,0.0,0.0,0.0,0.0,0.0,0.0,0.0,0.0,0.0
2010-09-11,0.0,0.0,0.0,0.0,0.0,0.0,0.0,0.0,0.0,0.0,0.0
2010-09-12,0.0,0.0,0.0,0.0,0.0,0.0,0.0,0.0,0.0,0.0,0.0
2010-09-13,0.0,0.0,0.0,0.0,0.0,0.0,0.0,0.0,0.0,0.0,0.0
2010-09-14,0.0,0.0,0.0,0.0,0.0,0.0,0.0,0.0,0.0,0.0,0.0
2010-09-15,0.0,0.0,0.0,0.0,0.0,0.0,0.0,0.0,0.0,0.0,0.0
2010-09-16,0.0,0.0,0.0,0.0,0.0,0.0,0.0,0.0,0.0,0.0,0.0
2010-09-17,0.0,0.0,0.0,0.0,0.0,0.0,0.0,0.0,0.0,0.0,0.0
2010-09-18,0.0,0.0,0.0,0.0,0.0,0.0,0.0,0.0,0.0,0.0,0.0
2010-09-19,0.0,0.0,0.0,0.0,0.0,0.0,0.0,0.0,0.0,0.0,0.0
2010-09-20,0.0,0.0,0.0,0.0,0.0,0.0,0.0,0.0,0.0,0.0,0.0
2010-09-21,0.0,0.0,0.0,0.0,0.0,0.0,0.0,0.0,0.0,0.0,0.0
2010-09-22,0.0,0.0,0.0,0.0,0.0,0.0,0.0,0.0,0.0,0.0,0.0
2010-09-23,0.0,0.0,0.0,0.0,0.0,0.0,0.0,0.0,0.0,0.0,0.0
2010-09-24,0.0,0.0,0.0,0.0,0.0,0.0,0.0,0.0,0.0,0.0,0.0
2010-09-25,0.0,0.0,0.0,0.0,0.0,0.0,0.0,0.0,0.0,0.0,0.0
2010-09-26,0.0,0.0,0.0,0.0,0.0,0.0,0.0,0.0,0.0,0.0,0.0
2010-09-27,0.0,0.0,0.0,0.0,0.0,0.0,0.0,0.0,0.0,0.0,0.0
2010-09-28,0.0,0.0,0.0,0.0,0.0,0.0,0.0,0.0,0.0,0.0,0.0
2010-09-29,0.0,0.0,0.0,0.0,0.0,0.0,0.0,0.0,0.0,0.0,0.0
2010-09-30,0.0,0.0,0.0,0.0,0.0,0.0,0.0,0.0,0.0,0.0,0.0
2010-10-01,0.0,0.0,0.0,0.0,0.0,0.0,0.0,0.0,0.0,0.0,0.0
2010-10-02,0.0,0.0,0.0,0.0,0.0,0.0,0.0,0.0,0.0,0.0,0.0
2010-10-03,0.0,0.0,0.0,0.0,0.0,0.0,0.0,0.0,0.0,0.0,0.0
2010-10-04,0.0,0.0,0.0,0.0,0.4814815,0.29545453,0.0,0.0,0.0,0.0,0.0
2010-10-05,4.6666665,0.0,0.0,0.0,11.037037,8.659091,0.0,0.0,0.0,0.0,0.0
2010-10-06,10.666667,0.54545456,0.0,0.0,13.185185,10.386364,0.0,0.0,0.0,1.6,0.0
2010-10-07,11.166667,0.6,0.0,0.0,15.333333,11.727273,0.0,0.0,0.0,0.8,0.0
2010-10-08,10.666667,0.6909091,0.0,0.0,19.296297,15.068182,0.0,0.0,0.0,0.6,0.0
2010-10-09,7.1666665,0.0,0.0,0.0,20.25926,14.863636,0.0,0.0,0.0,0.0,0.0
2010-10-10,6.0,0.0,0.0,0.0,12.703704,8.795455,0.0,0.0,0.0,0.0,0.0
2010-10-11,0.6666667,0.0,0.0,0.0,3.851852,2.3636363,0.0,0.0,0.0,0.0,0.0
2010-10-12,0.0,0.0,0.0,0.0,0.8888889,0.54545456,0.0,0.0,0.0,0.0,0.0
2010-10-13,0.0,0.0,0.0,0.0,0.4074074,0.25,0.0,0.0,0.0,0.0,0.0
2010-10-14,0.0,0.0,0.0,0.0,0.0,0.0,0.0,0.0,0.0,0.0,0.0
2010-10-15,0.0,0.0,0.0,0.0,0.0,0.0,0.0,0.0,0.0,0.0,0.0
2010-10-16,0.0,0.0,0.0,0.0,0.0,0.0,0.0,0.0,0.0,0.0,0.0
2010-10-17,0.0,0.0,0.0,0.0,0.0,0.0,0.0,0.0,0.0,0.0,0.0
2010-10-18,0.0,0.0,0.0,0.0,0.074074075,0.045454547,0.0,0.0,0.0,0.0,0.0
2010-10-19,0.0,0.0,0.0,0.0,0.074074075,0.045454547,0.0,0.0,0.0,0.0,0.0
2010-10-20,0.0,0.0,0.0,0.0,0.0,0.0,0.0,0.0,0.0,0.0,0.0
2010-10-21,0.0,0.0,0.0,0.0,0.0,0.0,0.0,0.0,0.0,0.0,0.0
2010-10-22,0.0,0.0,0.0,0.0,0.0,0.0,0.0,0.0,0.0,0.0,0.0
2010-10-23,0.0,0.0,0.0,0.0,0.074074075,0.11363637,0.0,0.0,0.0,0.0,0.0
2010-10-24,0.0,0.0,0.0,0.0,6.888889,6.9772725,0.0,0.0,0.0,0.0,0.0
2010-10-25,5.8333335,0.0,0.0,0.0,49.48148,41.522728,0.0,0.0,0.0,15.2,18.5
2010-10-26,6.0,0.0,0.0,0.0,49.37037,41.386364,0.0,0.0,0.0,15.2,18.0
2010-10-27,6.0,0.0,0.0,0.0,49.37037,41.363636,0.0,0.0,1.0,15.2,18.0
2010-10-28,5.1666665,0.0,0.0,0.0,49.37037,41.090908,0.0,0.0,0.0,13.0,19.5
2010-10-29,4.8333335,0.0,0.0,0.0,58.444443,46.06818,0.0,0.0,0.0,12.0,17.0
2010-10-30,5.0,0.07272727,0.0,0.0,59.48148,46.454544,0.0,0.0,0.0,9.0,14.5
2010-10-31,6.5,0.8363636,1.0,0.75,38.22222,30.931818,0.0,0.0,0.0,8.4,13.5
2010-11-01,6.8333335,0.23636363,0.0,0.0,51.22222,41.409092,0.0,0.0,0.0,4.8,12.5
2010-11-02,7.8333335,0.0,0.0,0.0,57.0,46.863636,0.0,0.0,0.0,3.4,8.5
2010-11-03,2.3333333,0.0,0.0,0.0,44.333332,36.363636,0.0,0.0,0.0,0.2,4.0
2010-11-04,0.0,0.0,0.0,0.0,31.518518,25.704546,0.0,0.0,0.0,0.0,0.0
2010-11-05,0.0,0.0,0.0,0.0,21.814816,17.568182,0.0,0.0,0.0,0.0,0.0
2010-11-06,0.0,0.0,0.0,0.0,16.222221,12.931818,0.0,0.0,0.0,0.0,0.0
2010-11-07,0.0,0.0,0.0,0.0,14.814815,11.818182,0.0,0.0,0.0,0.0,0.0
2010-11-08,10.833333,0.16363636,0.0,0.0,28.666666,23.977272,1.6666666,24.0,28.0,20.6,14.5
2010-11-09,11.666667,0.45454547,0.33333334,0.5,23.296297,18.863636,2.2222223,29.0,31.0,18.4,13.0
2010-11-10,11.833333,0.4,0.33333334,0.25,22.407408,19.0,8.055555,33.5,38.0,20.6,17.0
2010-11-11,9.333333,0.43636364,0.33333334,0.5,23.925926,20.59091,9.555555,47.5,54.0,23.6,25.5
2010-11-12,9.666667,0.3272727,0.33333334,0.25,23.962963,20.5,7.7222223,48.0,55.0,22.8,26.0
2010-11-13,9.166667,0.2,0.0,0.0,25.37037,20.75,4.388889,46.0,52.0,21.0,24.5
2010-11-14,8.833333,0.07272727,0.0,0.0,24.555555,19.75,2.3888888,46.0,51.0,24.8,24.0
2010-11-15,7.8333335,0.0,0.0,0.0,31.925926,27.40909,0.5555556,42.0,49.0,21.4,22.5
2010-11-16,6.6666665,0.0,0.0,0.0,32.22222,27.09091,0.0,37.5,45.0,16.8,18.0
2010-11-17,5.1666665,0.0,0.0,0.0,30.185184,25.15909,0.0,34.0,43.0,15.0,15.0
2010-11-18,4.0,0.0,0.0,0.0,28.296297,23.34091,0.0,30.0,40.0,13.0,10.5
2010-11-19,1.8333334,0.0,0.0,0.0,27.296297,22.454546,0.0,26.0,36.0,10.4,7.0
2010-11-20,12.833333,0.036363635,0.0,0.0,47.296295,44.772728,13.666667,51.0,69.0,20.8,20.0
2010-11-21,45.5,8.072727,31.333334,31.5,82.111115,80.704544,49.38889,95.5,123.0,54.4,50.5
2010-11-22,58.166668,13.072727,53.0,53.5,95.37037,96.13636,62.5,129.0,165.0,79.6,73.5
2010-11-23,59.5,12.927273,53.666668,54.0,92.296295,93.75,83.44444,146.0,187.0,85.8,82.0
2010-11-24,73.666664,20.018183,76.333336,76.5,117.666664,119.0,86.611115,185.5,229.0,113.8,115.5
2010-11-25,73.5,20.036364,76.333336,76.5,118.74074,120.0,83.611115,184.0,229.0,110.8,115.5
2010-11-26,72.666664,20.036364,76.333336,76.5,118.888885,119.681816,81.94444,184.5,229.0,114.2,115.5
2010-11-27,72.833336,20.0,75.666664,76.25,116.888885,117.47727,90.166664,185.0,229.0,113.0,115.5
2010-11-28,85.666664,27.745455,106.666664,107.0,137.0,139.97728,102.833336,215.0,262.0,136.0,136.0
2010-11-29,85.666664,27.745455,106.666664,107.25,137.2963,139.97728,103.44444,215.0,262.0,127.8,136.0
2010-11-30,84.5,27.709091,106.666664,107.0,136.55556,138.70454,103.05556,215.0,262.0,125.6,136.0
2010-12-01,86.0,27.254545,104.0,104.25,135.33333,137.38637,103.0,215.5,262.0,123.8,136.0
2010-12-02,87.666664,24.472727,99.333336,99.75,131.66667,134.86363,106.94444,216.5,260.0,122.2,136.0
2010-12-03,83.833336,20.581818,95.666664,95.75,139.40741,139.93182,107.333336,233.0,281.0,123.2,146.0
2010-12-04,83.0,13.581819,89.0,88.75,141.25926,140.54546,104.05556,233.0,278.0,123.0,145.5
2010-12-05,83.0,11.745455,85.666664,85.5,142.96297,142.45454,103.22222,232.0,276.0,122.8,145.5
2010-12-06,114.333336,12.927273,89.333336,91.75,176.18518,171.86363,90.833336,238.0,274.0,134.2,145.0
2010-12-07,104.5,12.345454,86.0,88.75,174.48148,171.72728,102.72222,255.0,303.0,134.6,164.5
2010-12-08,114.833336,9.472727,75.666664,77.75,175.96297,172.29546,96.111115,257.0,302.0,152.6,164.5
2010-12-09,111.0,7.818182,61.0,63.5,178.11111,174.18182,93.166664,284.0,337.0,146.2,168.0
2010-12-10,105.0,6.2909093,47.666668,50.0,182.74074,177.95454,102.611115,286.0,338.0,143.0,164.5
2010-12-11,105.833336,5.3636365,38.666668,40.5,183.85185,177.90909,76.05556,281.5,331.0,142.0,157.5
2010-12-12,105.333336,3.8545454,31.333334,31.0,186.85185,179.63637,74.72222,273.0,317.0,139.4,154.0
2010-12-13,101.5,2.0545454,23.666666,19.5,188.85185,179.84091,70.833336,273.0,316.0,135.4,149.5
2010-12-14,104.333336,0.8363636,15.333333,11.5,189.11111,178.18182,67.72222,275.0,316.0,161.6,149.0
2010-12-15,121.333336,0.92727274,13.333333,10.0,220.74074,211.45454,76.888885,334.5,387.0,181.4,193.0
2010-12-16,128.33333,2.581818,15.666667,12.0,230.2963,218.93182,67.666664,328.0,387.0,180.8,190.5
2010-12-17,135.0,2.709091,16.333334,12.75,233.92592,222.34091,74.94444,327.0,387.0,189.4,190.5
2010-12-18,191.83333,44.054546,67.0,59.75,312.62964,299.79544,90.55556,375.5,452.0,201.8,229.0
2010-12-19,294.66666,129.52727,101.333336,94.25,390.4074,371.56818,98.55556,454.0,531.0,236.0,274.5
2010-12-20,384.16666,235.41818,126.0,124.25,483.33334,456.06818,134.16667,497.0,577.0,307.0,325.5
2010-12-21,413.0,266.23636,148.33333,148.25,516.4074,485.75,153.16667,518.5,601.0,316.2,336.5
2010-12-22,420.33334,274.70908,173.33333,172.25,518.2593,487.88635,171.5,518.0,602.0,289.6,337.5
2010-12-23,454.16666,294.65454,209.66667,208.5,532.2222,502.02274,210.0,520.5,603.0,289.6,338.0
2010-12-24,435.66666,293.81818,185.33333,185.75,535.44446,501.9091,206.27777,522.5,608.0,286.6,336.0
2010-12-25,444.66666,293.1091,182.0,182.25,523.03705,493.81818,170.27777,524.0,608.0,286.6,338.0
2010-12-26,453.83334,308.5091,194.33333,197.75,553.8148,524.61365,195.33333,529.5,616.0,290.0,348.0
2010-12-27,465.66666,309.27274,195.0,198.75,546.1852,518.4773,191.27777,541.5,632.0,329.6,353.5
2010-12-28,477.16666,308.30908,194.33333,198.0,549.9259,520.6591,203.55556,542.0,633.0,296.4,353.5
2010-12-29,507.0,327.1091,207.0,208.25,610.0741,580.3182,243.72223,586.5,682.0,365.8,385.0
2010-12-30,523.5,349.83636,252.66667,253.5,644.7778,613.63635,215.11111,620.0,721.0,394.8,406.0
2010-12-31,523.5,350.18182,252.66667,253.25,640.5926,609.7273,225.94444,623.0,722.0,391.6,405.5
2011-01-01,544.5,349.72726,253.33333,254.0,638.1852,606.4091,231.11111,622.5,723.0,394.6,407.0
2011-01-02,572.5,361.52728,274.33334,276.0,660.0,631.88635,238.61111,639.0,739.0,407.8,417.0
2011-01-03,595.5,378.78183,305.66666,307.5,679.1111,649.4773,269.72223,638.5,740.0,413.0,417.5
2011-01-04,595.3333,380.54544,304.33334,306.0,677.7778,648.8409,221.77777,637.5,739.0,417.0,417.5
2011-01-05,596.3333,380.14545,304.33334,306.0,673.2222,646.0455,235.05556,637.5,739.0,416.2,417.5
2011-01-06,596.3333,380.45456,305.0,306.75,674.5185,646.3409,219.16667,648.0,739.0,409.4,418.0
2011-01-07,595.5,380.96362,300.66666,302.25,673.85187,645.2955,222.44444,639.0,740.0,407.0,419.0
2011-01-08,596.3333,380.2,297.66666,299.25,674.4074,645.9545,231.0,640.0,740.0,405.8,419.5
2011-01-09,579.0,380.52728,298.0,299.5,676.8148,647.75,231.55556,638.5,740.0,407.0,424.5
2011-01-10,596.3333,379.67273,298.66666,300.25,671.37036,643.6818,260.8889,639.5,740.0,392.6,419.0
2011-01-11,593.8333,380.18182,297.0,298.75,673.03705,644.4773,220.33333,648.0,739.0,393.2,420.0
2011-01-12,583.8333,379.12726,296.0,297.75,680.8148,652.8182,254.72223,647.5,748.0,397.2,420.5
2011-01-13,601.6667,378.69092,290.33334,292.0,676.2963,648.7955,234.44444,654.0,748.0,375.2,418.5
2011-01-14,596.6667,379.0909,287.66666,289.25,680.0,651.0909,235.16667,656.5,760.0,379.4,420.0
2011-01-15,600.6667,377.58182,282.33334,283.75,679.5926,649.4091,230.22223,655.5,759.0,381.6,418.0
2011-01-16,596.1667,375.25455,271.33334,272.5,681.0,649.36365,233.83333,655.5,757.0,380.2,416.0
2011-01-17,598.6667,373.0909,260.33334,261.5,682.1111,649.4773,238.55556,655.0,758.0,402.8,413.0
2011-01-18,596.8333,370.78183,252.33333,253.25,676.4074,645.0682,265.5,658.5,758.0,396.8,412.0
2011-01-19,583.1667,368.9818,246.66667,247.5,677.0741,643.9318,261.83334,661.5,757.0,350.6,411.0
2011-01-20,600.1667,367.05453,238.66667,239.5,683.2963,647.4091,243.77777,664.5,758.0,350.6,411.5
2011-01-21,588.5,365.83636,230.66667,231.5,686.03705,648.75,210.88889,664.0,757.0,349.8,408.5
2011-01-22,595.8333,363.32727,222.33333,222.75,686.03705,646.7727,204.44444,664.0,755.0,345.0,404.5
2011-01-23,591.6667,361.4,217.0,216.25,689.7407,648.75,190.0,664.0,755.0,344.4,402.5
2011-01-24,593.1667,359.3818,214.0,212.5,690.7407,648.5455,183.05556,664.0,754.0,343.2,402.0
2011-01-25,586.5,355.12726,213.33333,209.5,692.37036,649.0,192.94444,665.5,754.0,340.6,399.5
2011-01-26,590.3333,352.32727,214.66667,208.75,692.37036,648.5227,198.05556,664.5,753.0,338.4,396.0
2011-01-27,589.5,349.8909,212.33333,203.75,691.2963,647.2727,212.66667,664.5,752.0,337.6,393.5
2011-01-28,582.5,349.69092,211.33333,199.75,693.2593,648.2955,188.22223,664.0,750.0,334.2,392.0
2011-01-29,587.5,347.21817,210.66667,196.75,693.44446,647.4773,196.83333,661.5,747.0,332.2,391.0
2011-01-30,591.5,345.96362,210.66667,195.0,703.55554,658.0682,218.0,663.5,749.0,357.8,393.0
2011-01-31,604.6667,347.9818,219.0,203.25,711.8889,667.38635,168.38889,686.0,774.0,342.0,403.5
2011-02-01,599.1667,346.14545,218.66667,202.5,709.7037,666.2955,204.88889,686.0,775.0,338.4,403.5
2011-02-02,602.1667,346.14545,218.0,202.0,711.2222,667.4091,156.33333,685.5,774.0,338.6,410.5
2011-02-03,600.8333,348.47272,218.33333,202.25,706.85187,664.0455,211.05556,684.0,775.0,379.8,410.5
2011-02-04,597.8333,349.67273,215.0,199.0,707.2222,664.13635,173.72223,685.0,774.0,379.6,410.5
2011-02-05,600.1667,346.85455,211.33333,193.0,702.6667,660.5227,195.0,682.0,772.0,337.0,408.5
2011-02-06,596.6667,344.67273,210.0,189.0,705.03705,661.86365,152.72223,680.0,772.0,336.0,406.5
2011-02-07,599.0,340.83636,208.0,183.75,703.7037,659.5227,177.44444,673.0,772.0,335.0,405.0
2011-02-08,582.3333,339.0909,207.66667,180.75,708.96295,662.86365,135.44444,674.0,773.0,335.0,405.0
2011-02-09,586.5,339.5091,206.0,179.25,710.44446,664.7273,170.77777,672.0,773.0,335.0,405.0
2011-02-10,585.5,337.8909,205.0,178.5,706.8148,662.75,167.38889,678.5,772.0,335.0,405.0
2011-02-11,578.5,338.4909,205.0,178.0,741.0,694.38635,132.16667,678.5,772.0,336.2,405.0
2011-02-12,582.1667,336.8909,205.0,175.25,736.9259,690.2273,128.11111,676.0,771.0,333.2,404.5
2011-02-13,575.0,335.4909,204.0,171.25,737.7407,689.61365,156.66667,673.5,770.0,333.4,404.0
2011-02-14,563.6667,333.94547,203.66667,167.75,742.62964,692.4545,149.72223,671.0,770.0,330.0,402.5
2011-02-15,569.1667,331.69092,202.0,164.75,744.0,693.61365,174.88889,671.5,786.0,332.4,428.5
2011-02-16,586.3333,331.27274,203.0,163.75,753.2963,705.0227,232.11111,699.0,800.0,386.0,464.5
2011-02-17,645.6667,346.76364,240.66667,201.25,881.4074,819.11365,292.83334,757.5,863.0,427.0,506.0
2011-02-18,671.5,347.52728,244.66667,205.0,932.37036,868.2727,329.1111,802.5,916.0,459.8,541.0
2011-02-19,712.6667,364.03638,262.33334,225.25,966.5926,907.5227,293.3889,842.5,960.0,497.6,570.0
2011-02-20,725.0,371.43637,275.66666,239.0,1002.0741,937.8409,302.16666,850.0,971.0,476.8,573.0
2011-02-21,725.0,370.9091,275.66666,238.75,1010.96295,941.88635,303.22223,853.5,971.0,479.4,569.0
2011-02-22,702.8333,371.16364,276.33334,239.5,1016.0,945.7045,354.1111,855.0,971.0,480.2,570.0
2011-02-23,714.8333,369.69092,278.0,240.75,1018.2593,946.9773,355.8889,853.0,971.0,473.8,569.0
2011-02-24,705.5,369.67273,278.0,240.75,1019.03705,947.7045,357.6111,862.0,971.0,476.8,569.0
2011-02-25,731.1667,372.87274,280.66666,244.0,1024.2593,955.8182,331.0,877.5,998.0,508.0,591.5
2011-02-26,769.6667,398.9091,339.66666,303.75,1082.1111,1011.8182,363.33334,933.0,1064.0,538.6,627.5
2011-02-27,772.1667,402.29092,350.66666,314.5,1082.5927,1011.38635,365.66666,931.5,1063.0,538.6,627.0
2011-02-28,772.1667,397.83636,353.0,316.5,1087.5555,1015.9545,419.6111,944.5,1063.0,538.2,626.0
2011-03-01,750.6667,396.07272,349.0,313.0,1086.4445,1013.36365,369.27777,940.5,1063.0,540.8,626.0
2011-03-02,771.5,395.25455,351.0,313.5,1092.3334,1019.4318,372.33334,940.0,1065.0,473.2,625.5
2011-03-03,786.6667,400.2,353.66666,314.0,1107.6296,1033.7046,433.44446,989.5,1138.0,492.6,653.0
2011-03-04,775.5,397.92728,357.0,316.25,1118.0741,1044.25,382.1111,998.0,1149.0,502.0,657.0
2011-03-05,782.0,397.14545,354.0,312.25,1117.0741,1042.6818,384.27777,995.5,1149.0,502.0,657.0
2011-03-06,783.3333,394.2,339.0,296.25,1123.8889,1049.159,380.27777,993.0,1148.0,571.2,656.5
2011-03-07,809.5,395.07272,336.33334,292.5,1145.7037,1069.2727,425.5,1025.0,1178.0,515.0,662.5
2011-03-08,786.1667,400.36365,356.66666,313.0,1153.3334,1076.4546,406.1111,1026.0,1188.0,517.2,667.5
2011-03-09,802.6667,399.58182,356.33334,311.75,1153.4814,1076.3864,408.16666,1025.5,1187.0,518.4,675.0
2011-03-10,792.3333,398.6182,338.66666,293.5,1159.9259,1081.3182,377.27777,1021.5,1186.0,515.8,673.5
2011-03-11,760.6667,392.21817,318.0,272.5,1158.037,1078.25,390.3889,1025.0,1190.0,514.2,662.5
2011-03-12,775.3333,390.0,302.33334,256.75,1156.2963,1075.8182,358.27777,1024.0,1191.0,514.4,663.0
2011-03-13,767.6667,388.14545,295.33334,247.5,1144.2222,1067.1818,330.5,1024.0,1193.0,513.4,660.5
2011-03-14,766.3333,384.6,296.33334,242.75,1147.2593,1069.8182,337.5,1049.5,1217.0,521.4,681.0
2011-03-15,745.0,381.67273,293.33334,235.25,1162.8889,1080.8636,393.33334,1078.5,1252.0,601.4,691.0
2011-03-16,765.5,374.14545,285.33334,221.5,1158.6666,1076.9318,384.77777,1138.5,1315.0,561.8,722.5
2011-03-17,765.6667,373.30908,286.0,220.75,1184.5186,1098.591,408.05554,1179.5,1361.0,580.6,748.0
2011-03-18,757.8333,372.30908,284.0,217.75,1184.5555,1101.5682,483.22223,1179.0,1360.0,657.0,748.0
2011-03-19,839.6667,376.65454,292.33334,228.5,1201.4445,1123.3182,505.44446,1203.0,1389.0,677.2,782.5
2011-03-20,871.3333,377.4,297.0,232.75,1204.963,1133.659,612.7222,1228.0,1409.0,711.6,806.0
2011-03-21,929.8333,411.0909,356.33334,295.75,1278.8889,1209.25,623.2222,1267.0,1458.0,722.0,845.5
2011-03-22,903.8333,420.43637,377.33334,317.5,1304.0741,1232.4318,640.44446,1304.0,1479.0,718.0,855.0
2011-03-23,942.3333,414.45456,375.66666,315.5,1292.2593,1223.2046,664.05554,1289.5,1482.0,720.4,857.5
2011-03-24,975.5,437.72726,425.66666,368.5,1356.4073,1286.7954,645.05554,1312.0,1507.0,723.8,875.0
2011-03-25,1014.0,449.74545,464.33334,409.5,1412.4814,1347.7046,682.6111,1353.5,1553.0,797.4,923.0
2011-03-26,1021.1667,457.14545,481.0,426.75,1427.5927,1360.3636,713.55554,1380.0,1580.0,771.0,931.5
2011-03-27,1028.6666,453.81818,487.66666,433.25,1452.5927,1386.25,718.55554,1411.5,1611.0,808.8,950.5
2011-03-28,1028.1666,453.0,485.0,429.75,1469.4445,1398.409,792.8889,1418.0,1624.0,800.8,949.5
2011-03-29,1032.0,450.47272,484.0,426.25,1466.5555,1394.4773,675.7778,1416.5,1621.0,807.6,960.5
2011-03-30,1029.6666,451.9091,482.33334,420.75,1464.7778,1391.2727,675.3889,1428.5,1623.0,698.2,946.0
2011-03-31,1009.5,442.72726,449.0,386.5,1459.6296,1383.1136,643.8889,1419.5,1622.0,791.0,940.5
2011-04-01,986.3333,427.14545,402.33334,338.75,1453.6666,1376.5682,698.1111,1413.5,1618.0,696.0,935.0
2011-04-02,1008.3333,411.8909,347.33334,283.75,1434.2222,1352.8182,659.8889,1409.5,1618.0,673.8,930.0
2011-04-03,925.8333,402.69092,338.33334,268.75,1438.8148,1354.2727,651.0,1413.0,1629.0,677.8,933.5
2011-04-04,935.6667,396.6,333.33334,259.0,1433.1482,1345.7727,636.6667,1417.0,1629.0,762.8,932.5
2011-04-05,946.3333,390.2,323.0,242.25,1451.1111,1355.3636,532.8889,1416.0,1635.0,757.2,930.5
2011-04-06,935.3333,380.70908,315.0,236.25,1443.037,1346.659,518.3889,1418.0,1638.0,760.8,929.0
2011-04-07,960.0,376.1091,313.66666,235.25,1441.8518,1342.7046,670.7222,1415.0,1642.0,674.2,944.5
2011-04-08,910.8333,383.5091,331.0,252.0,1468.1111,1371.2273,589.2778,1439.0,1666.0,680.8,956.5
2011-04-09,1007.8333,383.27274,332.66666,254.0,1465.0,1367.0682,605.5,1445.5,1677.0,679.0,941.0
2011-04-10,857.3333,387.6182,335.66666,256.25,1476.2593,1378.1136,536.8333,1445.5,1677.0,677.2,941.0
2011-04-11,923.5,386.3818,333.66666,254.75,1461.7407,1362.2727,531.1111,1451.0,1677.0,675.8,939.5
2011-04-12,894.1667,385.1091,331.0,249.5,1464.5555,1363.409,499.1111,1448.0,1680.0,674.6,937.5
2011-04-13,918.5,382.6,327.33334,245.5,1461.8148,1359.3864,568.8889,1450.5,1681.0,673.4,936.0
2011-04-14,907.0,379.36365,326.33334,244.75,1471.4073,1370.0682,502.66666,1464.0,1698.0,678.0,939.0
2011-04-15,839.1667,374.8909,325.0,243.75,1463.1852,1359.909,565.7222,1463.5,1698.0,675.8,938.5
2011-04-16,875.8333,365.3818,318.66666,239.0,1451.8148,1347.3636,555.3889,1462.0,1699.0,667.4,934.0
2011-04-17,739.5,346.78183,306.33334,229.75,1435.7778,1331.909,580.7778,1447.0,1669.0,655.2,926.0
2011-04-18,738.1667,327.65454,294.0,220.5,1409.1482,1303.1818,439.33334,1432.0,1638.0,634.2,917.5
2011-04-19,730.5,311.30908,290.0,217.5,1399.4814,1290.7954,441.83334,1407.0,1593.0,631.0,914.0
2011-04-20,725.8333,299.03638,281.0,210.75,1387.3334,1276.25,526.8333,1378.5,1566.0,610.2,903.5
2011-04-21,730.1667,289.0909,277.66666,208.25,1394.5186,1280.3636,508.5,1391.0,1574.0,605.8,905.5
2011-04-22,729.1667,282.56363,275.33334,206.5,1411.9259,1294.1136,462.44446,1392.0,1575.0,605.8,904.0
2011-04-23,727.6667,274.76364,272.66666,204.5,1425.5555,1305.2273,465.5,1397.5,1582.0,609.8,901.5
2011-04-24,728.3333,267.41818,267.66666,200.75,1425.1482,1302.8636,448.22223,1415.5,1606.0,672.8,901.5
2011-04-25,728.6667,255.98181,268.66666,201.5,1422.1852,1299.7273,402.33334,1442.0,1606.0,669.0,900.5
2011-04-26,726.8333,247.23636,266.0,199.5,1425.5186,1302.9318,436.22223,1472.5,1642.0,670.6,902.5
2011-04-27,724.0,243.56363,263.33334,197.5,1423.7407,1299.9773,398.5,1481.0,1644.0,665.0,894.5
2011-04-28,718.6667,235.74545,254.0,190.5,1425.7407,1300.2273,374.66666,1463.0,1635.0,652.8,886.0
2011-04-29,716.3333,230.01819,248.33333,186.25,1410.8148,1280.8182,378.0,1445.0,1609.0,643.4,877.5
2011-04-30,716.5,229.25455,245.33333,184.0,1400.8518,1268.2954,363.55554,1440.5,1596.0,638.4,874.5
2011-05-01,716.3333,228.74545,245.66667,184.25,1396.7778,1261.341,329.77777,1439.0,1594.0,635.2,871.5
2011-05-02,715.5,228.54546,238.66667,179.0,1391.6666,1254.0,370.1111,1426.5,1582.0,623.2,861.0
2011-05-03,712.1667,218.47273,230.66667,173.0,1397.1852,1252.8636,315.72223,1406.0,1568.0,607.8,846.0
2011-05-04,836.6667,204.92728,214.66667,161.0,1382.0,1231.591,289.22223,1376.5,1542.0,585.4,835.5
2011-05-05,821.3333,183.6909,191.66667,143.75,1361.2963,1203.9773,251.0,1331.5,1511.0,568.6,812.0
2011-05-06,801.5,161.61818,168.0,126.0,1337.8148,1173.2046,205.94444,1286.0,1489.0,537.0,785.0
2011-05-07,782.3333,142.05455,149.33333,112.0,1313.3704,1144.5227,178.5,1242.0,1459.0,502.4,760.0
2011-05-08,768.6667,129.2,134.66667,101.0,1287.5927,1116.6364,177.5,1216.0,1431.0,478.8,734.0
2011-05-09,771.0,128.45454,135.0,101.25,1278.1852,1106.4546,192.5,1206.0,1413.0,464.2,719.5
2011-05-10,785.6667,128.87273,135.66667,101.75,1294.5186,1119.9546,187.05556,1219.5,1424.0,477.8,721.0
2011-05-11,784.3333,128.58182,133.33333,100.0,1298.963,1120.25,155.33333,1231.0,1421.0,458.2,709.5
2011-05-12,808.5,121.41818,112.666664,84.5,1286.0,1108.9773,133.72223,1184.0,1395.0,438.2,691.0
2011-05-13,744.6667,107.63636,76.0,57.0,1260.037,1078.9318,122.5,1150.5,1359.0,414.2,672.5
2011-05-14,715.6667,95.65455,63.0,47.25,1256.7778,1066.6818,119.888885,1108.0,1320.0,387.8,647.5
2011-05-15,719.3333,93.38182,58.666668,44.0,1251.4445,1059.7046,101.166664,1093.0,1299.0,375.6,624.5
2011-05-16,733.0,95.8,61.0,46.5,1267.7778,1071.2954,102.22222,1132.0,1330.0,347.4,627.5
2011-05-17,783.3333,96.23637,61.666668,47.25,1273.1482,1075.0,111.888885,1135.5,1331.0,362.0,631.0
2011-05-18,770.8333,103.27273,70.333336,54.0,1316.8518,1114.4773,134.83333,1190.0,1356.0,399.8,644.0
2011-05-19,667.0,109.23637,76.0,57.5,1317.8518,1116.8864,121.55556,1200.5,1366.0,402.8,641.5
2011-05-20,665.1667,106.63636,81.0,60.75,1307.963,1107.4318,122.833336,1173.5,1365.0,397.6,626.0
2011-05-21,788.5,96.0,63.0,47.25,1292.963,1090.7727,105.27778,1152.5,1368.0,384.2,605.5
2011-05-22,772.5,88.01818,52.666668,39.5,1271.4445,1069.5227,91.333336,1123.5,1334.0,382.0,575.0
2011-05-23,720.3333,82.01818,48.0,36.0,1247.3334,1046.4318,94.94444,1104.5,1310.0,371.8,552.0
2011-05-24,764.0,78.76363,44.666668,33.5,1255.4814,1046.9546,86.833336,1083.0,1278.0,363.2,526.5
2011-05-25,759.1667,72.145454,38.666668,29.0,1250.5555,1035.6818,80.888885,1056.5,1244.0,357.2,495.0
2011-05-26,705.1667,60.454544,29.666666,22.25,1223.1482,1009.6591,86.44444,1082.0,1255.0,349.2,497.5
2011-05-27,745.6667,56.418182,22.666666,17.0,1223.9259,1006.3409,85.833336,1069.0,1268.0,349.0,489.5
2011-05-28,736.8333,51.763638,14.666667,11.0,1214.0741,992.0682,80.388885,1066.5,1269.0,348.2,469.5
2011-05-29,744.6667,51.636364,16.333334,12.25,1210.963,988.5682,90.666664,1085.5,1287.0,322.2,470.0
2011-05-30,745.6667,53.454544,18.333334,15.0,1210.963,990.63635,87.388885,1089.0,1291.0,354.2,482.5
2011-05-31,698.3333,52.109093,17.0,12.75,1205.7037,985.13635,84.94444,1094.0,1299.0,356.0,465.5
2011-06-01,688.8333,48.78182,11.0,8.25,1194.037,973.0,77.611115,1059.5,1252.0,359.4,447.0
2011-06-02,689.1667,48.29091,8.666667,6.5,1173.4814,955.0682,83.44444,1076.0,1264.0,356.8,449.0
2011-06-03,739.0,48.072727,7.0,5.25,1180.5555,956.3409,88.05556,1086.0,1280.0,352.2,448.5
2011-06-04,686.0,45.890907,2.0,1.5,1162.963,941.2045,78.666664,1075.5,1275.0,358.6,442.5
2011-06-05,732.1667,43.745453,0.0,0.0,1170.4445,947.6818,76.44444,1054.5,1251.0,357.0,432.5
2011-06-06,731.1667,42.30909,0.0,0.0,1179.6666,950.0682,77.5,1033.5,1227.0,351.2,420.5
2011-06-07,675.6667,41.563637,0.0,0.0,1159.2593,934.3182,70.5,1008.0,1186.0,346.8,413.0
2011-06-08,665.5,38.872726,0.0,0.0,1108.037,893.5909,64.333336,976.0,1149.0,338.0,394.5
2011-06-09,648.6667,34.909092,0.0,0.0,1063.0741,856.0909,57.833332,909.5,1110.0,320.2,373.5
2011-06-10,624.3333,28.89091,0.0,0.0,1031.8518,825.7727,47.055557,850.0,1050.0,301.8,340.5
2011-06-11,598.0,34.163635,0.0,0.0,993.55554,794.75,39.166668,789.5,1007.0,282.6,307.5
2011-06-12,624.0,29.836363,0.0,0.0,973.4815,775.63635,33.61111,733.0,934.0,264.4,282.0
2011-06-13,604.8333,25.818182,0.0,0.0,959.44446,758.7955,28.11111,675.0,877.0,242.0,249.0
2011-06-14,539.0,19.636364,0.0,0.0,942.7407,740.2045,25.444445,617.5,809.0,216.4,223.0
2011-06-15,507.16666,13.363636,0.0,0.0,942.4074,734.0682,20.222221,556.0,749.0,189.6,204.5
2011-06-16,474.0,9.090909,0.0,0.0,938.62964,727.3182,15.444445,477.5,691.0,162.6,173.5
2011-06-17,489.5,6.7636366,0.0,0.0,921.96295,713.8182,12.166667,421.5,643.0,142.2,152.0
2011-06-18,437.16666,5.0545454,0.0,0.0,900.03705,699.38635,7.8333335,375.5,585.0,121.6,127.5
2011-06-19,458.0,3.3454545,0.0,0.0,894.96295,705.5455,3.7777777,328.0,525.0,97.6,102.0
2011-06-20,212.16667,1.8363637,0.0,0.0,813.4074,635.2273,0.0,285.0,463.0,77.2,78.5
2011-06-21,193.33333,0.4909091,0.0,0.0,742.0741,566.86365,0.0,233.0,407.0,69.0,40.0
2011-06-22,144.33333,0.0,0.0,0.0,682.2222,519.5227,0.0,178.0,368.0,28.0,0.0
2011-06-23,214.5,0.0,0.0,0.0,553.8148,424.8409,0.0,126.5,327.0,7.2,0.0
2011-06-24,188.0,0.0,0.0,0.0,506.51852,386.88635,0.0,85.5,291.0,0.0,0.0
2011-06-25,161.66667,0.0,0.0,0.0,476.18518,361.1591,0.0,65.0,262.0,0.0,0.0
2011-06-26,143.66667,0.0,0.0,0.0,436.03705,329.02274,0.0,46.5,236.0,0.0,0.0
2011-06-27,132.0,0.0,0.0,0.0,396.8889,297.18182,0.0,27.0,209.0,0.0,0.0
2011-06-28,114.666664,0.0,0.0,0.0,373.5926,275.6591,0.0,5.5,174.0,0.0,0.0
2011-06-29,104.333336,0.0,0.0,0.0,365.74075,268.06818,0.0,0.0,144.0,0.0,0.0
2011-06-30,101.833336,0.0,0.0,0.0,356.7037,261.38635,0.0,0.0,127.0,0.0,0.0
2011-07-01,90.333336,0.0,0.0,0.0,336.25925,244.15909,0.0,0.0,105.0,0.0,0.0
2011-07-02,69.833336,0.0,0.0,0.0,301.33334,215.84091,0.0,0.0,73.0,0.0,0.0
2011-07-03,44.333332,0.0,0.0,0.0,262.33334,184.81818,0.0,0.0,34.0,0.0,0.0
2011-07-04,18.5,0.0,0.0,0.0,220.59259,151.79546,0.0,0.0,0.0,0.0,0.0
2011-07-05,1.6666666,0.0,0.0,0.0,184.07408,122.65909,0.0,0.0,0.0,0.0,0.0
2011-07-06,0.0,0.0,0.0,0.0,150.11111,97.59091,0.0,0.0,0.0,0.0,0.0
2011-07-07,0.0,0.0,0.0,0.0,120.14815,75.97727,0.0,0.0,0.0,0.0,0.0
2011-07-08,0.0,0.0,0.0,0.0,97.666664,60.590908,0.0,0.0,0.0,0.0,0.0
2011-07-09,0.0,0.0,0.0,0.0,78.888885,48.409092,0.0,0.0,0.0,0.0,0.0
2011-07-10,0.0,0.0,0.0,0.0,64.92593,39.840908,0.0,0.0,0.0,0.0,0.0
2011-07-11,0.0,0.0,0.0,0.0,54.407406,33.386364,0.0,0.0,0.0,0.0,0.0
2011-07-12,0.0,0.0,0.0,0.0,46.11111,28.295454,0.0,0.0,0.0,0.0,0.0
2011-07-13,0.0,0.0,0.0,0.0,40.074074,24.59091,0.0,0.0,0.0,0.0,0.0
2011-07-14,0.0,0.0,0.0,0.0,36.703705,22.522728,0.0,0.0,0.0,0.0,0.0
2011-07-15,0.0,0.0,0.0,0.0,34.25926,21.022728,0.0,0.0,0.0,0.0,0.0
2011-07-16,0.0,0.0,0.0,0.0,31.333334,19.227272,0.0,0.0,0.0,0.0,0.0
2011-07-17,0.0,0.0,0.0,0.0,29.925926,18.363636,0.0,0.0,0.0,0.0,0.0
2011-07-18,0.0,0.0,0.0,0.0,28.074074,17.227272,0.0,0.0,0.0,0.0,0.0
2011-07-19,0.0,0.0,0.0,0.0,24.25926,14.886364,0.0,0.0,0.0,0.0,0.0
2011-07-20,0.0,0.0,0.0,0.0,21.666666,13.295455,0.0,0.0,0.0,0.0,0.0
2011-07-21,0.0,0.0,0.0,0.0,18.925926,11.613636,0.0,0.0,0.0,0.0,0.0
2011-07-22,0.0,0.0,0.0,0.0,15.925926,9.772727,0.0,0.0,0.0,0.0,0.0
2011-07-23,0.0,0.0,0.0,0.0,12.814815,7.8636365,0.0,0.0,0.0,0.0,0.0
2011-07-24,0.0,0.0,0.0,0.0,9.259259,5.681818,0.0,0.0,0.0,0.0,0.0
2011-07-25,0.0,0.0,0.0,0.0,6.5555553,4.0227275,0.0,0.0,0.0,0.0,0.0
2011-07-26,0.0,0.0,0.0,0.0,5.148148,3.159091,0.0,0.0,0.0,0.0,0.0
2011-07-27,0.0,0.0,0.0,0.0,3.8888888,2.3863637,0.0,0.0,0.0,0.0,0.0
2011-07-28,0.0,0.0,0.0,0.0,2.6296296,1.6136364,0.0,0.0,0.0,0.0,0.0
2011-07-29,0.0,0.0,0.0,0.0,0.8888889,0.54545456,0.0,0.0,0.0,0.0,0.0
2011-07-30,0.0,0.0,0.0,0.0,0.0,0.0,0.0,0.0,0.0,0.0,0.0
2011-07-31,0.0,0.0,0.0,0.0,0.0,0.0,0.0,0.0,0.0,0.0,0.0
2011-08-01,0.0,0.0,0.0,0.0,0.0,0.0,0.0,0.0,0.0,0.0,0.0
2011-08-02,0.0,0.0,0.0,0.0,0.0,0.0,0.0,0.0,0.0,0.0,0.0
2011-08-03,0.0,0.0,0.0,0.0,0.0,0.0,0.0,0.0,0.0,0.0,0.0
2011-08-04,0.0,0.0,0.0,0.0,0.0,0.0,0.0,0.0,0.0,0.0,0.0
2011-08-05,0.0,0.0,0.0,0.0,0.0,0.0,0.0,0.0,0.0,0.0,0.0
2011-08-06,0.0,0.0,0.0,0.0,0.0,0.0,0.0,0.0,0.0,0.0,0.0
2011-08-07,0.0,0.0,0.0,0.0,0.0,0.0,0.0,0.0,0.0,0.0,0.0
2011-08-08,0.0,0.0,0.0,0.0,0.0,0.0,0.0,0.0,0.0,0.0,0.0
2011-08-09,0.0,0.0,0.0,0.0,0.0,0.0,0.0,0.0,0.0,0.0,0.0
2011-08-10,0.0,0.0,0.0,0.0,0.0,0.0,0.0,0.0,0.0,0.0,0.0
2011-08-11,0.0,0.0,0.0,0.0,0.0,0.0,0.0,0.0,0.0,0.0,0.0
2011-08-12,0.0,0.0,0.0,0.0,0.0,0.0,0.0,0.0,0.0,0.0,0.0
2011-08-13,0.0,0.0,0.0,0.0,0.0,0.0,0.0,0.0,0.0,0.0,0.0
2011-08-14,0.0,0.0,0.0,0.0,0.0,0.0,0.0,0.0,0.0,0.0,0.0
2011-08-15,0.0,0.0,0.0,0.0,0.0,0.0,0.0,0.0,0.0,0.0,0.0
2011-08-16,0.0,0.0,0.0,0.0,0.0,0.0,0.0,0.0,0.0,0.0,0.0
2011-08-17,0.0,0.0,0.0,0.0,0.0,0.0,0.0,0.0,0.0,0.0,0.0
2011-08-18,0.0,0.0,0.0,0.0,0.0,0.0,0.0,0.0,0.0,0.0,0.0
2011-08-19,0.0,0.0,0.0,0.0,0.0,0.0,0.0,0.0,0.0,0.0,0.0
2011-08-20,0.0,0.0,0.0,0.0,0.0,0.0,0.0,0.0,0.0,0.0,0.0
2011-08-21,0.0,0.0,0.0,0.0,0.0,0.0,0.0,0.0,0.0,0.0,0.0
2011-08-22,0.0,0.0,0.0,0.0,0.0,0.0,0.0,0.0,0.0,0.0,0.0
2011-08-23,0.0,0.0,0.0,0.0,0.0,0.0,0.0,0.0,0.0,0.0,0.0
2011-08-24,0.0,0.0,0.0,0.0,0.0,0.0,0.0,0.0,0.0,0.0,0.0
2011-08-25,0.0,0.0,0.0,0.0,0.0,0.0,0.0,0.0,0.0,0.0,0.0
2011-08-26,0.0,0.0,0.0,0.0,0.0,0.0,0.0,0.0,0.0,0.0,0.0
2011-08-27,0.0,0.0,0.0,0.0,0.0,0.0,0.0,0.0,0.0,0.0,0.0
2011-08-28,0.0,0.0,0.0,0.0,0.0,0.0,0.0,0.0,0.0,0.0,0.0
2011-08-29,0.0,0.0,0.0,0.0,0.0,0.0,0.0,0.0,0.0,0.0,0.0
2011-08-30,0.0,0.0,0.0,0.0,0.0,0.0,0.0,0.0,0.0,0.0,0.0
2011-08-31,0.0,0.0,0.0,0.0,0.0,0.0,0.0,0.0,0.0,0.0,0.0
2011-09-01,0.0,0.0,0.0,0.0,0.0,0.0,0.0,0.0,0.0,0.0,0.0
2011-09-02,0.0,0.0,0.0,0.0,0.0,0.0,0.0,0.0,0.0,0.0,0.0
2011-09-03,0.0,0.0,0.0,0.0,0.0,0.0,0.0,0.0,0.0,0.0,0.0
2011-09-04,0.0,0.0,0.0,0.0,0.0,0.0,0.0,0.0,0.0,0.0,0.0
2011-09-05,0.0,0.0,0.0,0.0,0.0,0.0,0.0,0.0,0.0,0.0,0.0
2011-09-06,0.0,0.0,0.0,0.0,0.0,0.0,0.0,0.0,0.0,0.0,0.0
2011-09-07,0.0,0.0,0.0,0.0,0.0,0.0,0.0,0.0,0.0,0.0,0.0
2011-09-08,0.0,0.0,0.0,0.0,0.0,0.0,0.0,0.0,0.0,0.0,0.0
2011-09-09,0.0,0.0,0.0,0.0,0.0,0.0,0.0,0.0,0.0,0.0,0.0
2011-09-10,0.0,0.0,0.0,0.0,0.0,0.0,0.0,0.0,0.0,0.0,0.0
2011-09-11,0.0,0.0,0.0,0.0,0.0,0.0,0.0,0.0,0.0,0.0,0.0
2011-09-12,0.0,0.0,0.0,0.0,0.0,0.0,0.0,0.0,0.0,0.0,0.0
2011-09-13,0.0,0.0,0.0,0.0,0.0,0.0,0.0,0.0,0.0,0.0,0.0
2011-09-14,0.0,0.0,0.0,0.0,0.0,0.0,0.0,0.0,0.0,0.0,0.0
2011-09-15,0.0,0.0,0.0,0.0,0.0,0.0,0.0,0.0,0.0,0.0,0.0
2011-09-16,0.0,0.0,0.0,0.0,0.0,0.0,0.0,0.0,0.0,0.0,0.0
2011-09-17,0.0,0.0,0.0,0.0,0.0,0.0,0.0,0.0,0.0,0.0,0.0
2011-09-18,0.0,0.0,0.0,0.0,0.0,0.0,0.0,0.0,0.0,0.0,0.0
2011-09-19,0.0,0.0,0.0,0.0,0.0,0.0,0.0,0.0,0.0,0.0,0.0
2011-09-20,0.0,0.0,0.0,0.0,0.0,0.0,0.0,0.0,0.0,0.0,0.0
2011-09-21,0.0,0.0,0.0,0.0,0.0,0.0,0.0,0.0,0.0,0.0,0.0
2011-09-22,0.0,0.0,0.0,0.0,0.0,0.0,0.0,0.0,0.0,0.0,0.0
2011-09-23,0.0,0.0,0.0,0.0,0.0,0.0,0.0,0.0,0.0,0.0,0.0
2011-09-24,0.0,0.0,0.0,0.0,0.0,0.0,0.0,0.0,0.0,0.0,0.0
2011-09-25,0.0,0.0,0.0,0.0,0.0,0.0,0.0,0.0,0.0,0.0,0.0
2011-09-26,0.0,0.0,0.0,0.0,0.0,0.0,0.0,0.0,0.0,0.0,0.0
2011-09-27,0.0,0.0,0.0,0.0,0.0,0.0,0.0,0.0,0.0,0.0,0.0
2011-09-28,0.0,0.0,0.0,0.0,0.0,0.0,0.0,0.0,0.0,0.0,0.0
2011-09-29,0.0,0.0,0.0,0.0,0.0,0.0,0.0,0.0,0.0,0.0,0.0
2011-09-30,0.0,0.0,0.0,0.0,0.0,0.0,0.0,0.0,0.0,0.0,0.0
2011-10-01,0.0,0.0,0.0,0.0,0.0,0.0,0.0,0.0,0.0,0.0,0.0
2011-10-02,0.0,0.0,0.0,0.0,0.0,0.0,0.0,0.0,0.0,0.0,0.0
2011-10-03,0.0,0.0,0.0,0.0,0.0,0.0,0.0,0.0,0.0,0.0,0.0
2011-10-04,0.0,0.0,0.0,0.0,0.0,0.0,0.0,0.0,0.0,0.0,0.0
2011-10-05,4.0,0.0,0.0,0.0,7.4444447,5.9545455,1.3333334,0.0,0.0,0.0,0.0
2011-10-06,26.833334,18.0,16.333334,12.5,40.074074,35.81818,6.3333335,22.5,26.0,15.8,20.0
2011-10-07,27.666666,19.854546,17.333334,13.0,44.88889,39.886364,5.611111,30.5,36.0,19.0,26.0
2011-10-08,25.0,19.309092,17.333334,13.0,45.0,39.590908,2.0555556,30.0,32.0,16.2,22.5
2011-10-09,27.166666,18.10909,14.333333,10.75,43.11111,35.93182,1.2222222,21.0,27.0,10.0,17.5
2011-10-10,19.833334,10.781818,10.666667,8.0,30.925926,23.795454,0.44444445,12.0,21.0,6.0,11.0
2011-10-11,13.166667,3.1818182,12.333333,9.25,22.777779,17.136364,0.0,4.5,14.0,2.2,5.5
2011-10-12,3.6666667,0.2,3.3333333,2.5,11.962963,8.886364,0.0,0.0,5.0,0.0,0.0
2011-10-13,0.0,0.0,0.0,0.0,3.851852,2.5681818,0.0,0.0,0.0,0.0,0.0
2011-10-14,0.0,0.0,0.0,0.0,0.5925926,0.36363637,0.0,0.0,0.0,0.0,0.0
2011-10-15,0.0,0.0,0.0,0.0,0.0,0.0,0.0,0.0,0.0,0.0,0.0
2011-10-16,0.0,0.0,0.0,0.0,0.0,0.0,0.0,0.0,0.0,0.0,0.0
2011-10-17,0.0,0.0,0.0,0.0,0.0,0.0,0.0,0.0,0.0,0.0,0.0
2011-10-18,0.0,0.0,0.0,0.0,0.0,0.0,0.0,0.0,0.0,0.0,0.0
2011-10-19,0.0,0.0,0.0,0.0,0.0,0.0,0.0,0.0,0.0,0.0,0.0
2011-10-20,0.0,0.0,0.0,0.0,0.0,0.0,0.0,0.0,0.0,0.0,0.0
2011-10-21,0.0,0.0,0.0,0.0,0.0,0.0,0.0,0.0,0.0,0.0,0.0
2011-10-22,0.0,0.0,0.0,0.0,0.0,0.0,0.0,0.0,0.0,0.0,0.0
2011-10-23,0.0,0.0,0.0,0.0,0.0,0.0,0.0,0.0,0.0,0.0,0.0
2011-10-24,0.0,0.0,0.0,0.0,0.0,0.0,0.0,0.0,0.0,0.0,0.0
2011-10-25,0.0,0.0,0.0,0.0,0.0,0.0,0.0,0.0,0.0,0.0,0.0
2011-10-26,0.0,0.0,0.0,0.0,0.0,0.0,0.0,0.0,0.0,0.0,0.0
2011-10-27,0.0,0.0,0.0,0.0,0.0,0.0,0.0,0.0,0.0,0.0,0.0
2011-10-28,0.0,0.0,0.0,0.0,0.0,0.0,0.0,0.0,0.0,0.0,0.0
2011-10-29,0.0,0.0,0.0,0.0,0.0,0.0,0.0,0.0,0.0,0.0,0.0
2011-10-30,0.0,0.0,0.0,0.0,0.0,0.0,0.0,0.0,0.0,0.0,0.0
2011-10-31,0.0,0.0,0.0,0.0,0.0,0.0,0.0,0.0,0.0,0.0,0.0
2011-11-01,0.0,0.0,0.0,0.0,0.0,0.0,0.0,0.0,0.0,0.0,0.0
2011-11-02,0.0,0.0,0.0,0.0,0.0,0.0,0.0,0.0,0.0,0.0,0.0
2011-11-03,0.0,0.0,0.0,0.0,0.0,0.0,0.0,0.0,0.0,0.0,0.0
2011-11-04,7.1666665,0.4909091,0.0,0.0,7.7777777,7.2272725,6.5,13.5,17.0,10.2,6.0
2011-11-05,7.8333335,1.8909091,6.0,6.0,8.222222,7.659091,6.4444447,13.5,17.0,11.4,8.0
2011-11-06,12.833333,3.090909,8.333333,8.25,15.962963,15.227273,14.833333,26.0,32.0,14.6,12.0
2011-11-07,11.5,6.6181817,23.666666,23.25,16.407408,15.25,13.833333,26.0,33.0,16.4,13.0
2011-11-08,16.833334,6.2363634,23.666666,23.25,17.74074,16.40909,14.166667,26.0,33.0,14.6,11.0
2011-11-09,20.5,6.3454547,21.333334,21.5,19.666666,18.181818,13.611111,27.0,33.0,14.4,11.5
2011-11-10,15.5,4.890909,13.333333,13.0,19.296297,16.772728,14.277778,25.0,33.0,13.4,11.5
2011-11-11,20.0,3.6909091,4.3333335,3.75,16.185184,12.863636,8.611111,19.0,28.0,14.8,11.5
2011-11-12,24.166666,10.327272,10.333333,9.0,22.296297,17.454546,5.111111,16.5,27.0,13.0,7.5
2011-11-13,18.333334,11.218182,10.0,7.5,22.74074,17.40909,3.2222223,13.0,24.0,11.8,6.0
2011-11-14,17.666666,9.745455,8.0,6.0,21.074074,15.477273,1.3888888,6.0,18.0,9.4,2.0
2011-11-15,22.0,7.0545454,6.0,4.5,19.851852,14.340909,0.5555556,1.0,15.0,8.6,1.0
2011-11-16,20.0,3.9272728,3.3333333,2.5,18.592592,13.204545,0.055555556,0.0,11.0,7.4,0.0
2011-11-17,18.0,2.8909092,0.6666667,0.5,17.074074,11.818182,0.0,0.0,6.0,5.6,0.0
2011-11-18,17.166666,2.3818183,0.0,0.0,16.333334,11.204545,0.0,0.5,16.0,4.8,0.0
2011-11-19,17.0,1.9818182,0.0,0.0,16.444445,11.272727,8.555555,8.0,25.0,6.6,6.0
2011-11-20,17.5,1.9818182,0.0,0.0,17.407408,11.863636,14.555555,17.0,37.0,7.6,10.0
2011-11-21,30.333334,10.272727,13.333333,13.25,25.74074,19.113636,17.722221,24.5,48.0,11.2,20.5
2011-11-22,30.166666,11.145454,12.0,12.0,26.037037,19.272728,19.88889,29.5,61.0,11.6,24.0
2011-11-23,30.666666,8.727273,3.0,2.5,25.62963,18.363636,15.833333,29.5,58.0,11.6,24.5
2011-11-24,31.333334,5.7272725,0.0,0.0,23.666666,16.613636,13.0,25.0,49.0,9.2,21.0
2011-11-25,31.333334,5.490909,0.0,0.0,23.444445,16.477272,14.666667,24.0,48.0,9.2,21.0
2011-11-26,30.333334,5.181818,0.0,0.0,22.666666,15.681818,14.277778,21.0,45.0,8.4,18.5
2011-11-27,23.666666,3.5272727,0.0,0.0,19.11111,12.477273,8.166667,12.5,38.0,5.2,14.5
2011-11-28,16.0,1.9090909,0.0,0.0,14.555555,9.022727,3.5555556,3.5,29.0,1.4,6.5
2011-11-29,10.0,1.6,0.0,0.0,12.37037,7.590909,2.3333333,0.0,22.0,0.0,3.0
2011-11-30,6.1666665,0.96363634,0.0,0.0,9.296296,5.7045455,0.6666667,0.0,15.0,0.0,0.0
2011-12-01,6.1666665,0.9818182,0.0,0.0,9.185185,5.6363635,0.5555556,0.0,16.0,0.0,0.0
2011-12-02,6.1666665,0.9818182,0.0,0.0,9.37037,5.75,0.44444445,0.0,16.0,0.0,0.0
2011-12-03,6.1666665,0.9818182,0.0,0.0,9.296296,5.7045455,0.33333334,0.0,16.0,0.0,0.0
2011-12-04,6.1666665,0.9818182,0.0,0.0,9.333333,5.7272725,0.33333334,0.0,16.0,0.0,0.0
2011-12-05,6.1666665,0.9818182,0.0,0.0,9.333333,5.7272725,0.2777778,0.0,16.0,0.0,0.0
2011-12-06,6.1666665,0.9818182,0.0,0.0,9.333333,5.7272725,0.2777778,0.0,16.0,0.0,0.5
2011-12-07,6.1666665,0.9818182,0.0,0.0,9.333333,5.7272725,0.22222222,0.0,16.0,0.0,0.5
2011-12-08,6.1666665,0.9818182,0.0,0.0,9.296296,5.7045455,0.0,0.0,14.0,0.0,0.0
2011-12-09,6.1666665,0.9818182,0.0,0.0,9.37037,5.75,0.0,0.0,14.0,0.0,0.0
2011-12-10,6.1666665,0.96363634,0.0,0.0,9.0,5.5227275,0.0,0.0,13.0,0.0,0.0
2011-12-11,6.1666665,0.96363634,0.0,0.0,9.0,5.5227275,0.0,0.0,13.0,0.0,0.0
2011-12-12,6.1666665,0.96363634,0.0,0.0,8.962963,5.5,0.0,0.0,13.0,0.0,0.0
2011-12-13,6.1666665,1.7818182,0.0,0.0,8.962963,5.5,0.0,0.0,13.0,0.0,0.0
2011-12-14,6.1666665,1.8363637,0.0,0.0,8.962963,5.5,0.0,0.0,13.0,0.0,0.0
2011-12-15,6.1666665,1.8363637,0.0,0.0,9.0,5.5227275,1.1666666,0.0,13.0,0.4,0.0
2011-12-16,6.1666665,1.8363637,0.0,0.0,9.0,5.5227275,1.4444444,0.0,13.0,0.4,0.0
2011-12-17,6.1666665,1.4909091,0.0,0.0,9.0,5.5227275,0.11111111,0.0,13.0,0.4,0.0
2011-12-18,6.1666665,1.2545455,0.0,0.0,8.925926,5.4772725,0.0,0.0,12.0,0.4,0.0
2011-12-19,6.1666665,1.2545455,0.0,0.0,8.925926,5.4772725,0.0,0.0,11.0,0.4,0.0
2011-12-20,6.1666665,1.2545455,0.0,0.0,8.925926,5.4772725,0.0,0.0,11.0,0.4,0.0
2011-12-21,6.1666665,1.2545455,0.0,0.0,8.925926,5.4772725,0.0,0.0,11.0,1.6,0.0
2011-12-22,6.1666665,1.2545455,0.0,0.0,8.925926,5.4772725,0.0,0.0,11.0,1.6,0.0
2011-12-23,6.1666665,1.2363636,0.0,0.0,8.925926,5.4772725,0.0,0.0,11.0,1.4,0.0
2011-12-24,6.1666665,1.2363636,0.0,0.0,9.074074,5.568182,0.0,0.0,11.0,1.4,0.0
2011-12-25,6.1666665,1.1272727,0.0,0.0,8.888889,5.4545455,0.0,0.0,11.0,1.4,0.0
2011-12-26,5.6666665,1.0545454,0.0,0.0,8.407408,5.159091,0.0,0.0,9.0,1.0,0.0
2011-12-27,5.0,0.96363634,0.0,0.0,8.111111,4.9772725,0.0,0.0,7.0,0.2,0.0
2011-12-28,4.3333335,0.92727274,0.0,0.0,7.5925927,4.659091,0.0,0.0,4.0,0.0,0.0
2011-12-29,2.5,0.6727273,0.0,0.0,6.185185,3.7954545,0.0,0.0,0.0,0.0,0.0
2011-12-30,1.3333334,0.47272727,0.0,0.0,5.6666665,3.4772727,0.0,0.0,0.0,0.0,0.0
2011-12-31,1.0,0.4181818,0.0,0.0,5.5555553,3.409091,0.11111111,0.0,0.0,0.0,0.0
2012-01-01,0.6666667,0.4,0.0,0.0,5.259259,3.2272727,0.0,0.0,0.0,0.0,0.0
2012-01-02,0.16666667,0.3090909,0.0,0.0,3.8148148,2.340909,0.0,0.0,0.0,0.0,0.0
2012-01-03,0.0,0.25454545,0.0,0.0,3.148148,1.9318181,0.0,0.0,0.0,0.0,0.0
2012-01-04,0.0,0.2,0.0,0.0,2.3333333,1.4318181,0.0,0.0,0.0,0.0,0.0
2012-01-05,0.0,0.09090909,0.0,0.0,1.4814814,0.90909094,0.0,0.0,0.0,0.0,0.0
2012-01-06,0.0,0.036363635,0.0,0.0,1.2592592,0.77272725,0.0,0.0,0.0,0.0,0.0
2012-01-07,0.0,0.036363635,0.0,0.0,1.2592592,0.77272725,0.0,0.0,0.0,0.0,0.0
2012-01-08,0.0,0.036363635,0.0,0.0,1.2592592,0.77272725,0.0,0.0,0.0,0.0,0.0
2012-01-09,0.0,0.036363635,0.0,0.0,1.2222222,0.75,0.0,0.0,0.0,0.0,0.0
2012-01-10,0.0,0.036363635,0.0,0.0,1.1111112,0.6818182,0.0,0.0,0.0,0.0,0.0
2012-01-11,0.0,0.036363635,0.0,0.0,1.1111112,0.6818182,0.0,0.0,0.0,0.0,0.0
2012-01-12,0.0,0.036363635,0.0,0.0,1.1111112,0.6818182,0.0,0.0,0.0,0.0,0.0
2012-01-13,0.0,0.036363635,0.0,0.0,1.1111112,0.6818182,0.0,0.0,0.0,0.0,0.0
2012-01-14,0.0,0.036363635,0.0,0.0,1.074074,0.65909094,0.0,0.0,0.0,0.0,0.0
2012-01-15,0.0,0.036363635,0.0,0.0,1.037037,0.6363636,0.0,0.0,0.0,0.0,0.0
2012-01-16,0.0,0.036363635,0.0,0.0,1.037037,0.6363636,0.0,0.0,0.0,0.0,0.0
2012-01-17,0.0,0.036363635,0.0,0.0,1.037037,0.6363636,0.0,0.0,0.0,0.0,0.0
2012-01-18,0.0,0.036363635,0.0,0.0,1.037037,0.6363636,0.0,0.0,0.0,0.0,0.0
2012-01-19,0.0,0.036363635,0.0,0.0,1.037037,0.6363636,0.0,1.0,3.0,0.2,0.5
2012-01-20,0.0,0.036363635,0.0,0.0,1.037037,0.6363636,22.055555,14.5,19.0,3.0,5.0
2012-01-21,24.5,9.509091,17.333334,13.0,68.51852,52.68182,52.444443,118.5,133.0,30.2,30.5
2012-01-22,43.333332,31.763636,49.0,46.5,93.0,76.88636,68.77778,144.0,167.0,49.8,41.5
2012-01-23,71.333336,41.672726,63.666668,58.25,114.96296,99.52273,87.77778,176.5,198.0,62.6,56.0
2012-01-24,97.5,70.70909,89.333336,89.25,153.77777,135.40909,119.666664,225.5,255.0,84.0,90.5
2012-01-25,97.333336,69.8,89.333336,89.25,153.74074,135.18182,109.22222,224.5,255.0,90.4,90.0
2012-01-26,97.5,63.418182,85.666664,85.5,154.81482,135.54546,104.388885,225.0,255.0,86.6,89.0
2012-01-27,97.5,58.636364,78.333336,77.5,155.0,135.59091,96.611115,225.5,255.0,86.8,86.5
2012-01-28,97.5,57.30909,72.0,71.25,154.55556,134.47728,79.77778,225.5,255.0,86.0,86.5
2012-01-29,97.5,55.18182,63.666668,62.75,154.51852,133.65909,84.0,225.5,255.0,86.2,87.5
2012-01-30,97.5,51.872726,62.333332,58.25,154.48148,133.90909,93.05556,225.5,255.0,84.2,88.0
2012-01-31,97.5,50.49091,62.333332,56.0,154.40741,133.61363,73.888885,225.5,255.0,82.4,87.5
2012-02-01,75.333336,47.70909,62.0,52.75,154.07408,132.59091,81.666664,225.5,255.0,82.2,86.5
2012-02-02,97.5,47.8,61.333332,51.0,154.11111,131.70454,81.611115,225.5,255.0,78.8,88.5
2012-02-03,93.833336,46.890907,60.333332,49.0,153.96297,131.09091,71.05556,225.0,255.0,78.8,88.5
2012-02-04,96.0,46.890907,60.333332,48.5,153.66667,130.22728,87.27778,224.0,255.0,84.4,88.5
2012-02-05,74.833336,46.127274,60.333332,47.75,153.18518,129.27272,72.27778,224.5,255.0,84.4,88.5
2012-02-06,95.5,45.363636,60.0,46.5,151.74074,128.0,80.94444,223.0,255.0,79.0,88.5
2012-02-07,83.166664,45.145454,59.333332,45.0,151.44444,127.65909,78.44444,223.5,255.0,84.4,88.0
2012-02-08,79.333336,45.4,59.333332,44.75,150.92592,127.25,81.611115,224.5,258.0,84.4,91.0
2012-02-09,73.333336,44.963634,58.0,43.5,150.37038,125.954544,78.94444,222.5,258.0,83.6,87.0
2012-02-10,70.5,41.0,53.0,39.75,151.11111,126.5,74.333336,221.0,257.0,81.2,85.5
2012-02-11,55.166668,37.236362,49.333332,37.0,151.40741,125.88636,73.05556,223.0,258.0,80.6,82.5
2012-02-12,64.166664,38.545456,52.333332,39.25,152.18518,126.818184,71.94444,222.5,258.0,80.0,83.5
2012-02-13,83.5,39.672726,56.333332,42.25,159.85185,135.47728,86.388885,225.5,260.0,80.0,83.5
2012-02-14,78.166664,55.163635,84.333336,69.5,172.18518,147.43182,66.111115,241.0,278.0,87.2,86.5
2012-02-15,98.833336,55.2,85.333336,70.5,176.18518,152.22728,80.5,245.0,280.0,89.8,89.0
2012-02-16,94.5,59.49091,99.0,83.5,186.88889,160.61363,73.5,251.5,289.0,95.8,101.5
2012-02-17,86.5,58.090908,99.666664,84.0,186.18518,159.65909,66.77778,251.5,289.0,95.8,101.0
2012-02-18,84.0,56.01818,94.333336,80.0,187.59259,160.18182,71.94444,250.0,288.0,95.0,100.5
2012-02-19,78.5,55.109093,83.333336,69.75,189.33333,161.81818,71.611115,250.5,289.0,94.6,100.5
2012-02-20,72.833336,55.127274,82.333336,69.0,188.62962,160.90909,72.05556,250.0,289.0,94.6,100.5
2012-02-21,74.166664,54.763638,77.0,64.0,187.25926,159.5,69.77778,249.5,291.0,94.6,100.5
2012-02-22,74.833336,52.363636,73.0,58.25,187.07408,158.88637,72.611115,249.0,291.0,87.8,99.5
2012-02-23,74.5,44.163635,64.333336,48.25,186.96297,156.90909,70.166664,246.0,288.0,91.0,95.5
2012-02-24,79.666664,40.054546,56.666668,42.5,185.96297,153.65909,55.72222,244.0,286.0,82.6,93.0
2012-02-25,93.0,35.545456,49.666668,37.25,184.25926,149.97728,56.5,241.0,284.0,79.6,89.5
2012-02-26,92.833336,34.52727,47.0,35.25,184.25926,149.72728,56.72222,241.5,285.0,78.0,90.0
2012-02-27,93.833336,34.109093,45.666668,34.25,184.25926,149.75,56.833332,242.0,284.0,86.0,90.0
2012-02-28,107.5,35.745453,50.666668,38.75,186.7037,151.63637,45.555557,260.5,300.0,94.2,109.0
2012-02-29,89.333336,35.745453,50.666668,38.75,188.92592,153.59091,72.388885,271.0,306.0,99.0,116.5
2012-03-01,121.333336,36.30909,56.0,43.75,199.62962,165.75,89.05556,310.0,349.0,115.4,139.0
2012-03-02,114.666664,36.909092,57.0,44.75,202.81482,168.90909,88.0,339.0,382.0,123.2,153.5
2012-03-03,90.666664,36.70909,54.333332,42.75,203.0,169.0,75.55556,329.5,383.0,122.8,155.5
2012-03-04,102.666664,32.236362,42.333332,31.75,200.74074,162.75,86.111115,333.0,383.0,121.2,154.5
2012-03-05,116.833336,25.290909,29.0,21.75,197.55556,156.72728,74.72222,331.0,379.0,117.0,151.5
2012-03-06,114.0,19.163637,20.333334,15.25,194.81482,152.86363,65.111115,325.0,386.0,115.8,149.0
2012-03-07,116.0,21.872726,27.333334,22.0,199.2963,157.22728,69.94444,332.5,393.0,127.0,159.0
2012-03-08,120.0,21.854546,27.333334,22.0,199.2963,157.31818,69.611115,332.0,393.0,126.2,157.0
2012-03-09,118.166664,19.363636,20.0,15.0,197.62962,152.45454,59.38889,332.0,391.0,126.8,157.0
2012-03-10,115.666664,17.09091,15.0,11.25,195.11111,146.88637,45.555557,329.0,387.0,121.6,156.5
2012-03-11,116.166664,15.218182,11.0,8.25,192.7037,143.52272,38.333332,328.5,387.0,117.8,154.0
2012-03-12,112.666664,14.945455,9.666667,7.25,192.11111,143.06818,39.22222,328.0,388.0,114.6,155.0
2012-03-13,111.5,11.090909,9.0,6.75,192.25926,143.06818,46.166668,328.5,390.0,111.8,160.5
2012-03-14,110.333336,11.127273,9.0,6.75,193.40741,144.43182,69.05556,361.0,421.0,116.6,193.0
2012-03-15,108.5,10.636364,7.3333335,5.5,194.11111,145.72728,82.666664,390.5,448.0,120.6,201.0
2012-03-16,105.333336,10.090909,4.0,3.0,193.33333,144.13637,76.0,438.5,503.0,121.8,198.5
2012-03-17,146.33333,12.636364,3.0,2.25,256.77777,212.93182,94.0,530.5,596.0,171.4,268.0
2012-03-18,192.83333,31.181818,78.333336,76.5,295.48148,250.61363,130.11111,547.0,623.0,183.6,278.0
2012-03-19,203.66667,34.836365,102.0,100.75,310.66666,266.20456,155.94444,565.5,635.0,188.0,285.0
2012-03-20,204.66667,36.0,102.0,100.75,310.25925,265.88635,126.22222,559.0,637.0,188.0,287.0
2012-03-21,208.66667,36.52727,97.666664,96.5,310.51852,265.95456,116.05556,561.5,638.0,186.0,289.0
2012-03-22,209.16667,27.927273,88.666664,86.25,309.7037,265.1591,110.77778,557.0,631.0,182.2,284.5
2012-03-23,197.33333,16.945454,73.666664,70.75,310.55554,265.79544,112.22222,561.0,635.0,179.0,283.5
2012-03-24,189.16667,14.909091,51.0,48.75,310.66666,266.1591,134.38889,565.0,639.0,183.0,283.5
2012-03-25,187.16667,14.290909,32.0,29.0,310.18518,265.5,135.05556,565.5,642.0,179.8,281.0
2012-03-26,195.66667,20.818182,61.333332,61.25,328.92593,284.45456,122.611115,569.5,645.0,178.6,283.0
2012-03-27,199.83333,20.945454,58.333332,58.0,331.2963,286.43182,147.38889,573.0,650.0,182.8,284.5
2012-03-28,204.0,17.654545,52.333332,50.0,333.22223,288.88635,178.83333,589.0,673.0,190.6,295.5
2012-03-29,208.83333,15.872727,47.0,40.75,335.4074,290.4091,192.77777,619.0,705.0,195.2,309.5
2012-03-30,204.16667,14.363636,36.0,27.0,334.03705,289.5,187.94444,621.5,713.0,192.6,306.5
2012-03-31,196.0,11.981818,22.666666,17.0,329.74075,281.3409,180.33333,621.5,718.0,186.8,292.0
2012-04-01,208.66667,13.290909,31.666666,23.75,354.03705,308.20456,219.11111,670.0,736.0,198.6,324.0
2012-04-02,172.16667,13.981818,33.666668,25.75,356.14816,310.79544,176.72223,653.0,747.0,198.0,325.0
2012-04-03,171.33333,13.618182,33.0,24.75,355.74075,309.93182,241.27777,653.0,747.0,197.8,327.5
2012-04-04,202.33333,12.109091,27.666666,20.75,352.25925,302.75,164.55556,657.5,749.0,197.8,326.5
2012-04-05,202.33333,11.709091,27.0,20.25,352.03705,302.54544,180.5,659.5,752.0,195.4,332.0
2012-04-06,202.66667,11.690909,27.0,20.25,351.85184,302.38635,173.72223,661.5,753.0,189.0,334.5
2012-04-07,202.5,11.072727,27.0,20.25,351.81482,302.43182,209.33333,661.5,753.0,189.0,329.5
2012-04-08,202.83333,10.4,22.333334,16.75,349.51852,296.86365,205.11111,660.0,753.0,184.0,330.0
2012-04-09,201.66667,8.763637,15.333333,11.5,344.85184,285.8409,154.05556,656.0,746.0,179.4,321.0
2012-04-10,201.0,5.927273,7.0,5.25,337.1111,270.1591,142.55556,652.0,741.0,174.4,306.5
2012-04-11,199.33333,5.690909,3.3333333,2.5,335.92593,264.70456,173.22223,657.0,735.0,170.6,291.0
2012-04-12,204.33333,6.2363634,14.0,14.5,360.2963,292.61365,151.16667,678.5,752.0,172.4,299.5
2012-04-13,210.83333,8.545455,19.666666,22.0,379.22223,314.31818,179.72223,700.5,754.0,188.6,330.5
2012-04-14,228.0,27.618181,68.0,70.5,416.51852,354.95456,190.61111,717.0,768.0,193.0,340.5
2012-04-15,209.83333,28.381819,67.666664,70.75,416.77777,355.3409,184.88889,716.5,765.0,188.6,344.5
2012-04-16,232.16667,26.49091,58.666668,61.25,415.77777,353.4091,184.5,707.5,768.0,187.6,343.5
2012-04-17,225.66667,15.0,41.333332,43.0,412.81482,346.27274,167.22223,712.0,756.0,182.8,332.0
2012-04-18,223.5,7.6545453,29.333334,22.5,406.62964,335.43182,151.55556,688.0,747.0,174.8,315.5
2012-04-19,229.16667,5.490909,16.0,12.0,398.33334,322.47726,138.0,670.5,738.0,172.2,299.5
2012-04-20,217.33333,3.8,4.3333335,3.25,380.81482,300.93182,121.77778,651.5,729.0,153.2,273.5
2012-04-21,209.0,1.8,0.0,0.0,326.25925,246.40909,88.72222,615.5,718.0,134.4,236.5
2012-04-22,190.16667,0.8,0.0,0.0,292.14816,212.77272,70.05556,579.0,704.0,109.6,187.0
2012-04-23,168.66667,0.18181819,0.0,0.0,260.5926,187.09091,49.055557,518.0,675.0,82.4,127.5
2012-04-24,152.66667,0.0,0.0,0.0,237.62962,168.75,38.38889,456.0,620.0,58.4,86.5
2012-04-25,141.5,0.0,0.0,0.0,223.18518,157.06818,31.444445,404.0,575.0,39.2,67.0
2012-04-26,135.66667,0.0,0.0,0.0,220.0,154.09091,27.166666,379.0,554.0,30.8,56.5
2012-04-27,142.83333,0.10909091,1.6666666,1.25,229.37038,162.34091,29.444445,439.0,610.0,40.6,72.0
2012-04-28,141.0,0.0,0.0,0.0,226.55556,160.13637,28.055555,425.5,604.0,40.2,65.5
2012-04-29,138.66667,0.0,0.0,0.0,233.92592,163.27272,22.722221,398.5,581.0,32.6,53.0
2012-04-30,121.666664,0.0,0.0,0.0,220.22223,152.70454,15.222222,364.5,546.0,18.4,37.5
2012-05-01,98.0,0.0,0.0,0.0,199.25926,137.54546,12.944445,327.5,508.0,8.2,21.0
2012-05-02,85.0,0.0,0.0,0.0,181.25926,125.15909,11.666667,302.0,483.0,1.8,10.0
2012-05-03,77.5,0.0,0.0,0.0,167.40741,115.84091,10.833333,280.0,462.0,0.0,1.5
2012-05-04,75.333336,0.0,0.0,0.0,159.14815,110.431816,10.166667,265.5,443.0,0.0,0.0
2012-05-05,73.166664,0.0,0.0,0.0,156.77777,108.86364,9.777778,251.5,420.0,0.0,0.0
2012-05-06,72.5,0.0,0.0,0.0,153.66667,106.77273,8.444445,226.0,372.0,0.0,0.0
2012-05-07,69.5,0.0,0.0,0.0,147.74074,102.22727,6.5,200.5,336.0,0.0,0.0
2012-05-08,64.5,0.0,0.0,0.0,138.33333,94.97727,3.8333333,164.5,286.0,0.0,0.0
2012-05-09,55.0,0.0,0.0,0.0,126.14815,85.318184,0.44444445,127.0,253.0,0.0,0.0
2012-05-10,42.833332,0.0,0.0,0.0,107.59259,71.818184,0.0,96.0,254.0,0.0,0.0
2012-05-11,36.0,0.0,0.0,0.0,97.37037,64.02273,0.0,61.0,196.0,0.0,0.0
2012-05-12,28.5,0.0,0.0,0.0,88.55556,57.090908,0.0,41.5,149.0,0.0,0.0
2012-05-13,18.666666,0.0,0.0,0.0,76.59259,48.136364,0.0,19.5,110.0,0.0,0.0
2012-05-14,11.333333,0.0,0.0,0.0,62.22222,38.5,0.0,0.0,61.0,0.0,0.0
2012-05-15,8.5,0.0,0.0,0.0,57.74074,35.5,0.0,0.0,25.0,0.0,0.0
2012-05-16,5.6666665,0.0,0.0,0.0,52.51852,32.227272,0.0,0.0,0.0,0.0,0.0
2012-05-17,0.0,0.0,0.0,0.0,41.185184,25.272728,0.0,0.0,0.0,0.0,0.0
2012-05-18,0.0,0.0,0.0,0.0,37.48148,23.0,0.0,0.0,0.0,0.0,0.0
2012-05-19,0.0,0.0,0.0,0.0,35.48148,21.772728,0.0,0.0,0.0,0.0,0.0
2012-05-20,0.0,0.0,0.0,0.0,29.777779,18.272728,0.0,0.0,0.0,0.0,0.0
2012-05-21,0.0,0.0,0.0,0.0,23.333334,14.318182,0.0,0.0,0.0,0.0,0.0
2012-05-22,0.0,0.0,0.0,0.0,18.962963,11.636364,0.0,0.0,0.0,0.0,0.0
2012-05-23,0.0,0.0,0.0,0.0,18.148148,11.136364,0.0,0.0,0.0,0.0,0.0
2012-05-24,0.0,0.0,0.0,0.0,16.74074,10.272727,0.0,0.0,0.0,0.0,0.0
2012-05-25,0.0,0.0,0.0,0.0,16.37037,10.045455,0.0,0.0,0.0,0.0,0.0
2012-05-26,0.0,0.0,0.0,0.0,8.62963,5.318182,0.0,1.5,1.0,1.2,2.0
2012-05-27,0.0,0.0,0.33333334,0.25,9.62963,6.3636365,0.0,1.5,0.0,2.8,0.0
2012-05-28,0.0,0.0,0.0,0.0,15.296296,9.659091,0.0,0.0,0.0,1.8,0.0
2012-05-29,0.0,0.0,0.0,0.0,15.814815,9.704545,0.0,0.0,0.0,0.0,0.0
2012-05-30,0.0,0.0,0.0,0.0,13.851851,8.5,0.0,0.0,0.0,0.0,0.0
2012-05-31,0.0,0.0,0.0,0.0,10.777778,6.6136365,0.0,0.0,0.0,0.0,0.0
2012-06-01,0.0,0.0,0.0,0.0,7.0,4.2954545,0.0,0.0,0.0,0.0,0.0
2012-06-02,0.0,0.0,0.0,0.0,4.037037,2.4772727,0.0,0.0,0.0,0.0,0.0
2012-06-03,0.0,0.0,0.0,0.0,1.4814814,0.90909094,0.0,0.0,0.0,0.0,0.0
2012-06-04,0.0,0.0,0.0,0.0,0.2962963,0.18181819,0.0,0.0,0.0,0.0,0.0
2012-06-05,0.0,0.0,0.0,0.0,1.6296296,1.7954545,0.0,0.0,0.0,0.0,0.0
2012-06-06,0.0,0.0,0.0,0.0,1.2592592,1.3181819,0.0,0.5,0.0,0.0,0.0
2012-06-07,0.0,0.0,0.0,0.0,0.9259259,0.8181818,0.0,0.0,0.0,0.0,0.0
2012-06-08,0.0,0.0,0.0,0.0,0.0,0.0,0.0,0.0,0.0,0.0,0.0
2012-06-09,0.0,0.0,0.0,0.0,0.0,0.0,0.0,0.0,0.0,0.0,0.0
2012-06-10,0.0,0.0,0.0,0.0,0.0,0.0,0.0,0.0,0.0,0.0,0.0
2012-06-11,0.0,0.0,0.0,0.0,0.0,0.0,0.0,0.0,0.0,0.0,0.0
2012-06-12,0.0,0.0,0.0,0.0,0.0,0.0,0.0,0.0,0.0,0.0,0.0
2012-06-13,0.0,0.0,0.0,0.0,0.0,0.0,0.0,0.0,0.0,0.0,0.0
2012-06-14,0.0,0.0,0.0,0.0,0.0,0.0,0.0,0.0,0.0,0.0,0.0
2012-06-15,0.0,0.0,0.0,0.0,0.0,0.0,0.0,0.0,0.0,0.0,0.0
2012-06-16,0.0,0.0,0.0,0.0,0.0,0.0,0.0,0.0,0.0,0.0,0.0
2012-06-17,0.0,0.0,0.0,0.0,0.0,0.0,0.0,0.0,0.0,0.0,0.0
2012-06-18,0.0,0.0,0.0,0.0,0.0,0.0,0.0,0.0,0.0,0.0,0.0
2012-06-19,0.0,0.0,0.0,0.0,0.0,0.0,0.0,0.0,0.0,0.0,0.0
2012-06-20,0.0,0.0,0.0,0.0,0.0,0.0,0.0,0.0,0.0,0.0,0.0
2012-06-21,0.0,0.0,0.0,0.0,0.0,0.0,0.0,0.0,0.0,0.0,0.0
2012-06-22,0.0,0.0,0.0,0.0,0.0,0.0,0.0,0.0,0.0,0.0,0.0
2012-06-23,0.0,0.0,0.0,0.0,0.0,0.0,0.0,0.0,0.0,0.0,0.0
2012-06-24,0.0,0.0,0.0,0.0,0.0,0.0,0.0,0.0,0.0,0.0,0.0
2012-06-25,0.0,0.0,0.0,0.0,0.0,0.0,0.0,0.0,0.0,0.0,0.0
2012-06-26,0.0,0.0,0.0,0.0,0.0,0.0,0.0,0.0,0.0,0.0,0.0
2012-06-27,0.0,0.0,0.0,0.0,0.0,0.0,0.0,0.0,0.0,0.0,0.0
2012-06-28,0.0,0.0,0.0,0.0,0.0,0.0,0.0,0.0,0.0,0.0,0.0
2012-06-29,0.0,0.0,0.0,0.0,0.0,0.0,0.0,0.0,0.0,0.0,0.0
2012-06-30,0.0,0.0,0.0,0.0,0.0,0.0,0.0,0.0,0.0,0.0,0.0
2012-07-01,0.0,0.0,0.0,0.0,0.0,0.0,0.0,0.0,0.0,0.0,0.0
2012-07-02,0.0,0.0,0.0,0.0,0.0,0.0,0.0,0.0,0.0,0.0,0.0
2012-07-03,0.0,0.0,0.0,0.0,0.0,0.0,0.0,0.0,0.0,0.0,0.0
2012-07-04,0.0,0.0,0.0,0.0,0.0,0.0,0.0,0.0,0.0,0.0,0.0
2012-07-05,0.0,0.0,0.0,0.0,0.0,0.0,0.0,0.0,0.0,0.0,0.0
2012-07-06,0.0,0.0,0.0,0.0,0.0,0.0,0.0,0.0,0.0,0.0,0.0
2012-07-07,0.0,0.0,0.0,0.0,0.0,0.0,0.0,0.0,0.0,0.0,0.0
2012-07-08,0.0,0.0,0.0,0.0,0.0,0.0,0.0,0.0,0.0,0.0,0.0
2012-07-09,0.0,0.0,0.0,0.0,0.0,0.0,0.0,0.0,0.0,0.0,0.0
2012-07-10,0.0,0.0,0.0,0.0,0.0,0.0,0.0,0.0,0.0,0.0,0.0
2012-07-11,0.0,0.0,0.0,0.0,0.0,0.0,0.0,0.0,0.0,0.0,0.0
2012-07-12,0.0,0.0,0.0,0.0,0.0,0.0,0.0,0.0,0.0,0.0,0.0
2012-07-13,0.0,0.0,0.0,0.0,0.0,0.0,0.0,0.0,0.0,0.0,0.0
2012-07-14,0.0,0.0,0.0,0.0,0.0,0.0,0.0,0.0,0.0,0.0,0.0
2012-07-15,0.0,0.0,0.0,0.0,0.0,0.0,0.0,0.0,0.0,0.0,0.0
2012-07-16,0.0,0.0,0.0,0.0,0.0,0.0,0.0,0.0,0.0,0.0,0.0
2012-07-17,0.0,0.0,0.0,0.0,0.0,0.0,0.0,0.0,0.0,0.0,0.0
2012-07-18,0.0,0.0,0.0,0.0,0.0,0.0,0.0,0.0,0.0,0.0,0.0
2012-07-19,0.0,0.0,0.0,0.0,0.0,0.0,0.0,0.0,0.0,0.0,0.0
2012-07-20,0.0,0.0,0.0,0.0,0.0,0.0,0.0,0.0,0.0,0.0,0.0
2012-07-21,0.0,0.0,0.0,0.0,0.0,0.0,0.0,0.0,0.0,0.0,0.0
2012-07-22,0.0,0.0,0.0,0.0,0.0,0.0,0.0,0.0,0.0,0.0,0.0
2012-07-23,0.0,0.0,0.0,0.0,0.0,0.0,0.0,0.0,0.0,0.0,0.0
2012-07-24,0.0,0.0,0.0,0.0,0.0,0.0,0.0,0.0,0.0,0.0,0.0
2012-07-25,0.0,0.0,0.0,0.0,0.0,0.0,0.0,0.0,0.0,0.0,0.0
2012-07-26,0.0,0.0,0.0,0.0,0.0,0.0,0.0,0.0,0.0,0.0,0.0
2012-07-27,0.0,0.0,0.0,0.0,0.0,0.0,0.0,0.0,0.0,0.0,0.0
2012-07-28,0.0,0.0,0.0,0.0,0.0,0.0,0.0,0.0,0.0,0.0,0.0
2012-07-29,0.0,0.0,0.0,0.0,0.0,0.0,0.0,0.0,0.0,0.0,0.0
2012-07-30,0.0,0.0,0.0,0.0,0.0,0.0,0.0,0.0,0.0,0.0,0.0
2012-07-31,0.0,0.0,0.0,0.0,0.0,0.0,0.0,0.0,0.0,0.0,0.0
2012-08-01,0.0,0.0,0.0,0.0,0.0,0.0,0.0,0.0,0.0,0.0,0.0
2012-08-02,0.0,0.0,0.0,0.0,0.0,0.0,0.0,0.0,0.0,0.0,0.0
2012-08-03,0.0,0.0,0.0,0.0,0.0,0.0,0.0,0.0,0.0,0.0,0.0
2012-08-04,0.0,0.0,0.0,0.0,0.0,0.0,0.0,0.0,0.0,0.0,0.0
2012-08-05,0.0,0.0,0.0,0.0,0.0,0.0,0.0,0.0,0.0,0.0,0.0
2012-08-06,0.0,0.0,0.0,0.0,0.0,0.0,0.0,0.0,0.0,0.0,0.0
2012-08-07,0.0,0.0,0.0,0.0,0.0,0.0,0.0,0.0,0.0,0.0,0.0
2012-08-08,0.0,0.0,0.0,0.0,0.0,0.0,0.0,0.0,0.0,0.0,0.0
2012-08-09,0.0,0.0,0.0,0.0,0.0,0.0,0.0,0.0,0.0,0.0,0.0
2012-08-10,0.0,0.0,0.0,0.0,0.0,0.0,0.0,0.0,0.0,0.0,0.0
2012-08-11,0.0,0.0,0.0,0.0,0.0,0.0,0.0,0.0,0.0,0.0,0.0
2012-08-12,0.0,0.0,0.0,0.0,0.0,0.0,0.0,0.0,0.0,0.0,0.0
2012-08-13,0.0,0.0,0.0,0.0,0.0,0.0,0.0,0.0,0.0,0.0,0.0
2012-08-14,0.0,0.0,0.0,0.0,0.0,0.0,0.0,0.0,0.0,0.0,0.0
2012-08-15,0.0,0.0,0.0,0.0,0.0,0.0,0.0,0.0,0.0,0.0,0.0
2012-08-16,0.0,0.0,0.0,0.0,0.0,0.0,0.0,0.0,0.0,0.0,0.0
2012-08-17,0.0,0.0,0.0,0.0,0.0,0.0,0.0,0.0,0.0,0.0,0.0
2012-08-18,0.0,0.0,0.0,0.0,0.0,0.0,0.0,0.0,0.0,0.0,0.0
2012-08-19,0.0,0.0,0.0,0.0,0.0,0.0,0.0,0.0,0.0,0.0,0.0
2012-08-20,0.0,0.0,0.0,0.0,0.0,0.0,0.0,0.0,0.0,0.0,0.0
2012-08-21,0.0,0.0,0.0,0.0,0.0,0.0,0.0,0.0,0.0,0.0,0.0
2012-08-22,0.0,0.0,0.0,0.0,0.0,0.0,0.0,0.0,0.0,0.0,0.0
2012-08-23,0.0,0.0,0.0,0.0,0.0,0.0,0.0,0.0,0.0,0.0,0.0
2012-08-24,0.0,0.0,0.0,0.0,0.0,0.0,0.0,0.0,0.0,0.0,0.0
2012-08-25,0.0,0.0,0.0,0.0,0.0,0.0,0.0,0.0,0.0,0.0,0.0
2012-08-26,0.0,0.0,0.0,0.0,0.0,0.0,0.0,0.0,0.0,0.0,0.0
2012-08-27,0.0,0.0,0.0,0.0,0.0,0.0,0.0,0.0,0.0,0.0,0.0
2012-08-28,0.0,0.0,0.0,0.0,0.0,0.0,0.0,0.0,0.0,0.0,0.0
2012-08-29,0.0,0.0,0.0,0.0,0.0,0.0,0.0,0.0,0.0,0.0,0.0
2012-08-30,0.0,0.0,0.0,0.0,0.0,0.0,0.0,0.0,0.0,0.0,0.0
2012-08-31,0.0,0.0,0.0,0.0,0.0,0.0,0.0,0.0,0.0,0.0,0.0
2012-09-01,0.0,0.0,0.0,0.0,0.0,0.0,0.0,0.0,0.0,0.0,0.0
2012-09-02,0.0,0.0,0.0,0.0,0.0,0.0,0.0,0.0,0.0,0.0,0.0
2012-09-03,0.0,0.0,0.0,0.0,0.0,0.0,0.0,0.0,0.0,0.0,0.0
2012-09-04,0.0,0.0,0.0,0.0,0.0,0.0,0.0,0.0,0.0,0.0,0.0
2012-09-05,0.0,0.0,0.0,0.0,0.0,0.0,0.0,0.0,0.0,0.0,0.0
2012-09-06,0.0,0.0,0.0,0.0,0.0,0.0,0.0,0.0,0.0,0.0,0.0
2012-09-07,0.0,0.0,0.0,0.0,0.0,0.0,0.0,0.0,0.0,0.0,0.0
2012-09-08,0.0,0.0,0.0,0.0,0.0,0.0,0.0,0.0,0.0,0.0,0.0
2012-09-09,0.0,0.0,0.0,0.0,0.0,0.0,0.0,0.0,0.0,0.0,0.0
2012-09-10,0.0,0.0,0.0,0.0,0.0,0.0,0.0,0.0,0.0,0.0,0.0
2012-09-11,0.0,0.0,0.0,0.0,0.0,0.0,0.0,0.0,0.0,0.0,0.0
2012-09-12,0.0,0.0,0.0,0.0,0.0,0.0,0.0,0.0,0.0,0.0,0.0
2012-09-13,0.0,0.0,0.0,0.0,0.0,0.0,0.0,0.0,0.0,0.0,0.0
2012-09-14,0.0,0.0,0.0,0.0,0.0,0.0,0.0,0.0,0.0,0.0,0.0
2012-09-15,0.0,0.0,0.0,0.0,0.0,0.0,0.0,0.0,0.0,0.0,0.0
2012-09-16,0.0,0.0,0.0,0.0,0.0,0.0,0.0,0.0,0.0,0.0,0.0
2012-09-17,0.0,0.0,0.0,0.0,0.0,0.0,0.0,0.0,0.0,0.0,0.0
2012-09-18,0.0,0.0,0.0,0.0,0.0,0.0,0.0,0.0,0.0,0.0,0.0
2012-09-19,0.0,0.0,0.0,0.0,0.0,0.0,0.0,0.0,0.0,0.0,0.0
2012-09-20,0.0,0.0,0.0,0.0,0.0,0.0,0.0,0.0,0.0,0.0,0.0
2012-09-21,0.0,0.0,0.0,0.0,0.0,0.0,0.0,0.0,0.0,0.0,0.0
2012-09-22,0.0,0.0,0.0,0.0,0.0,0.0,0.0,0.0,0.0,0.0,0.0
2012-09-23,0.0,0.0,0.0,0.0,0.0,0.0,0.0,0.0,0.0,0.0,0.0
2012-09-24,0.0,0.0,0.0,0.0,0.0,0.0,0.0,0.0,0.0,0.0,0.0
2012-09-25,0.0,0.0,0.0,0.0,0.0,0.0,0.0,0.0,0.0,0.0,0.0
2012-09-26,0.0,0.0,0.0,0.0,0.0,0.0,0.0,0.0,0.0,0.0,0.0
2012-09-27,0.0,0.0,0.0,0.0,0.0,0.0,0.0,0.0,0.0,0.0,0.0
2012-09-28,0.0,0.0,0.0,0.0,0.0,0.0,0.0,0.0,0.0,0.0,0.0
2012-09-29,0.0,0.0,0.0,0.0,0.0,0.0,0.0,0.0,0.0,0.0,0.0
2012-09-30,0.0,0.0,0.0,0.0,0.0,0.0,0.0,0.0,0.0,0.0,0.0
2012-10-01,0.0,0.0,0.0,0.0,0.0,0.0,0.0,0.0,0.0,0.0,0.0
2012-10-02,0.0,0.0,0.0,0.0,0.0,0.0,0.0,0.0,0.0,0.0,0.0
2012-10-03,0.0,0.0,0.0,0.0,0.0,0.0,0.0,0.0,0.0,0.0,0.0
2012-10-04,0.0,0.0,0.0,0.0,0.0,0.0,0.0,0.0,0.0,0.0,0.0
2012-10-05,0.0,0.0,0.0,0.0,0.0,0.0,0.0,0.0,0.0,0.0,0.0
2012-10-06,0.0,0.0,0.0,0.0,0.0,0.0,0.0,0.0,0.0,0.0,0.0
2012-10-07,0.0,0.0,0.0,0.0,0.0,0.0,0.0,0.0,0.0,0.0,0.0
2012-10-08,0.0,0.0,0.0,0.0,0.0,0.0,0.0,0.0,0.0,0.0,0.0
2012-10-09,0.0,0.0,0.0,0.0,0.0,0.0,0.0,0.0,0.0,0.0,0.0
2012-10-10,0.0,0.0,0.0,0.0,0.0,0.0,0.0,0.0,0.0,0.0,0.0
2012-10-11,0.0,0.0,0.0,0.0,0.0,0.0,0.0,0.0,0.0,0.0,0.0
2012-10-12,1.8333334,0.2,0.0,0.0,0.7777778,0.47727272,0.0,0.0,0.0,0.0,0.0
2012-10-13,1.3333334,0.29090908,0.0,0.0,1.0,0.6363636,0.0,0.0,0.0,0.0,0.0
2012-10-14,0.0,0.0,0.0,0.0,0.0,0.0,0.0,0.0,0.0,0.0,0.0
2012-10-15,0.0,0.0,0.0,0.0,0.0,0.0,0.0,0.0,0.0,0.0,0.0
2012-10-16,0.0,0.0,0.0,0.0,0.0,0.0,0.0,0.0,0.0,0.0,0.0
2012-10-17,0.0,0.0,0.0,0.0,0.0,0.0,0.0,0.0,0.0,0.0,0.0
2012-10-18,0.0,0.0,0.0,0.0,0.0,0.0,0.0,0.0,0.0,0.0,0.0
2012-10-19,0.0,0.0,0.0,0.0,0.0,0.0,0.0,0.0,0.0,0.0,0.0
2012-10-20,0.0,0.0,0.0,0.0,0.0,0.0,0.0,0.0,0.0,0.0,0.0
2012-10-21,0.0,0.0,0.0,0.0,0.0,0.0,0.0,0.0,0.0,0.0,0.0
2012-10-22,0.0,0.0,0.0,0.0,0.4814815,0.36363637,0.5,0.5,0.0,0.0,0.0
2012-10-23,18.833334,0.018181818,0.0,0.0,12.037037,10.068182,5.8333335,48.5,59.0,20.0,30.0
2012-10-24,19.333334,0.018181818,0.0,0.0,12.0,10.113636,13.111111,65.0,82.0,29.8,36.5
2012-10-25,19.333334,0.018181818,0.0,0.0,11.185185,9.590909,11.888889,81.5,101.0,36.4,47.5
2012-10-26,18.666666,0.0,0.0,0.0,13.333333,10.886364,11.611111,83.0,100.0,36.2,47.0
2012-10-27,14.333333,0.0,0.0,0.0,11.111111,9.636364,6.611111,82.0,94.0,32.6,46.5
2012-10-28,6.6666665,0.0,0.0,0.0,8.851851,7.7272725,4.1666665,72.0,86.0,25.8,40.5
2012-10-29,2.1666667,0.0,0.0,0.0,5.3703704,4.318182,1.7777778,58.5,79.0,17.6,29.5
2012-10-30,0.0,0.0,0.0,0.0,1.7777778,1.2954545,0.0,41.0,65.0,9.2,10.5
2012-10-31,0.0,0.0,0.0,0.0,0.37037036,0.22727273,0.0,23.5,51.0,1.6,0.5
2012-11-01,0.0,0.0,0.0,0.0,0.25925925,0.1590909,0.0,15.0,44.0,0.0,0.0
2012-11-02,0.0,0.0,0.0,0.0,0.25925925,0.1590909,0.0,14.5,39.0,0.8,0.0
2012-11-03,0.0,0.0,0.0,0.0,0.25925925,0.1590909,0.0,6.5,32.0,0.0,0.0
2012-11-04,0.0,0.0,0.0,0.0,0.14814815,0.09090909,0.0,0.0,22.0,0.0,0.0
2012-11-05,0.0,0.0,0.0,0.0,0.0,0.0,0.0,0.0,11.0,0.0,0.0
2012-11-06,0.0,0.0,0.0,0.0,0.0,0.0,0.0,0.0,0.0,0.0,0.0
2012-11-07,0.0,0.0,0.0,0.0,0.0,0.0,0.0,0.0,0.0,0.0,0.0
2012-11-08,0.0,0.0,0.0,0.0,0.0,0.0,0.0,0.0,0.0,0.0,0.0
2012-11-09,3.8333333,0.0,0.0,0.0,3.1111112,2.9318182,12.611111,17.0,19.0,9.2,8.5
2012-11-10,7.0,0.27272728,4.3333335,4.25,5.814815,5.9772725,16.166666,23.0,26.0,11.2,9.0
2012-11-11,8.833333,1.3636364,9.666667,9.5,7.6296296,7.5227275,18.055555,30.5,34.0,13.8,12.0
2012-11-12,8.833333,1.3636364,9.666667,9.5,7.703704,7.590909,13.722222,34.5,42.0,13.8,13.0
2012-11-13,6.6666665,0.54545456,1.6666666,1.5,7.7777777,6.8636365,13.555555,34.5,41.0,13.2,12.5
2012-11-14,6.0,0.10909091,0.0,0.0,6.6666665,5.3636365,10.777778,34.0,40.0,12.2,10.5
2012-11-15,3.6666667,0.018181818,0.0,0.0,4.740741,4.1136365,4.1666665,28.5,37.0,9.8,7.0
2012-11-16,3.8333333,0.054545455,0.0,0.0,4.962963,4.090909,0.6111111,21.5,32.0,7.4,2.0
2012-11-17,9.833333,0.4909091,0.0,0.0,13.296296,11.795455,0.5555556,22.5,33.0,8.0,4.0
2012-11-18,38.666668,1.8545455,4.3333335,3.25,33.666668,32.477272,5.388889,44.5,42.0,18.0,27.0
2012-11-19,37.333332,1.709091,4.0,3.0,38.407406,37.25,6.0555553,67.0,70.0,27.0,30.5
2012-11-20,41.5,1.1818181,2.6666667,2.0,37.962963,36.5,7.3333335,70.5,70.0,25.6,31.5
2012-11-21,39.0,0.7818182,0.6666667,0.5,38.851852,36.454544,5.7222223,71.0,71.0,24.6,37.5
2012-11-22,40.0,0.5272727,0.0,0.0,39.814816,37.522728,4.8333335,75.0,76.0,25.4,38.0
2012-11-23,37.166668,0.2,0.0,0.0,48.333332,43.409092,3.5,69.0,71.0,23.4,36.5
2012-11-24,33.5,0.036363635,0.0,0.0,46.88889,42.795456,2.4444444,60.0,65.0,21.2,31.5
2012-11-25,29.833334,0.0,0.0,0.0,45.814816,42.272728,1.8333334,51.0,61.0,18.0,26.5
2012-11-26,26.0,0.0,0.0,0.0,48.74074,43.772728,1.6666666,46.0,58.0,16.0,23.0
2012-11-27,24.0,0.0,0.0,0.0,46.925926,40.863636,1.4444444,41.0,55.0,14.2,19.5
2012-11-28,23.0,0.0,0.0,0.0,49.25926,42.454544,1.2222222,38.5,54.0,13.4,17.0
2012-11-29,41.833332,0.09090909,0.0,0.0,66.92593,60.659092,2.5,63.0,84.0,21.2,17.5
2012-11-30,58.0,0.12727273,0.0,0.0,84.59259,80.63636,2.8333333,63.0,82.0,24.0,15.0
2012-12-01,112.666664,0.3272727,1.0,0.75,144.7037,141.0,3.5,116.0,126.0,79.8,49.5
2012-12-02,113.166664,0.43636364,0.33333334,0.25,153.37038,148.20454,3.8888888,121.5,123.0,87.2,46.5
2012-12-03,138.5,6.981818,9.333333,7.0,197.92592,185.5,9.166667,156.5,161.0,108.2,96.0
2012-12-04,163.83333,5.9636364,8.333333,6.25,203.74074,190.18182,9.055555,164.0,169.0,104.2,99.5
2012-12-05,129.66667,3.5454545,5.3333335,4.0,210.62962,194.27272,9.555555,178.0,186.0,103.2,104.0
2012-12-06,130.83333,2.5454545,2.6666667,2.0,216.74074,198.88637,9.111111,200.5,213.0,112.4,108.0
2012-12-07,130.0,2.3090909,1.3333334,1.0,221.40741,203.59091,8.777778,198.0,213.0,110.6,107.0
2012-12-08,130.0,2.2181818,0.0,0.0,223.62962,206.72728,8.5,182.5,192.0,110.0,105.5
2012-12-09,162.0,2.090909,0.0,0.0,220.74074,205.13637,8.166667,163.5,163.0,109.6,105.0
2012-12-10,129.0,1.9636364,0.0,0.0,218.14815,199.93182,7.8333335,160.0,161.0,103.4,105.0
2012-12-11,128.33333,1.8363637,0.0,0.0,215.7037,197.77272,5.888889,159.0,160.0,96.2,103.5
2012-12-12,128.16667,1.7454545,0.0,0.0,218.92592,199.31818,12.055555,164.5,162.0,100.4,108.0
2012-12-13,176.83333,4.6545453,7.0,5.25,235.96297,221.11363,22.777779,181.5,176.0,116.2,109.5
2012-12-14,161.16667,4.836364,6.0,4.75,244.62962,227.86363,18.5,181.0,179.0,116.2,109.0
2012-12-15,156.5,4.8545456,4.3333335,3.5,246.88889,230.0,20.166666,183.5,179.0,122.0,110.5
2012-12-16,176.83333,5.0363636,6.0,4.75,246.77777,230.59091,27.444445,184.5,180.0,121.0,112.0
2012-12-17,142.66667,5.0363636,6.0,4.5,252.18518,234.79546,22.38889,199.5,196.0,125.8,117.0
2012-12-18,220.5,7.509091,13.666667,10.25,284.48148,269.72726,23.0,235.0,238.0,147.8,124.0
2012-12-19,221.0,10.381818,26.666666,22.5,269.37036,259.79544,23.777779,245.5,251.0,149.4,132.5
2012-12-20,223.33333,10.4,26.666666,22.5,290.77777,275.45456,22.444445,241.0,250.0,149.4,132.0
2012-12-21,218.83333,10.381818,25.333334,21.25,290.48148,274.6591,52.38889,224.0,224.0,152.6,137.0
2012-12-22,229.16667,10.090909,23.666666,19.5,302.14816,289.97726,93.72222,247.5,246.0,160.4,150.5
2012-12-23,245.0,11.745455,41.666668,38.25,328.96295,321.95456,113.77778,297.0,303.0,193.8,190.0
2012-12-24,294.0,23.781818,86.333336,84.0,389.77777,385.36365,149.16667,352.5,368.0,223.2,246.0
2012-12-25,288.66666,24.945454,89.0,86.75,384.07407,380.36365,148.83333,360.5,379.0,222.6,250.0
2012-12-26,321.5,33.381817,103.0,102.0,430.18518,422.47726,179.16667,394.0,416.0,241.0,273.0
2012-12-27,318.83334,43.49091,128.0,127.0,440.8889,433.04544,179.44444,421.5,452.0,244.4,284.5
2012-12-28,326.5,43.418182,127.333336,126.5,431.51852,425.5909,184.66667,420.5,452.0,245.6,286.0
2012-12-29,326.33334,43.418182,128.0,127.25,418.62964,415.36365,181.83333,421.0,452.0,247.8,286.0
2012-12-30,327.66666,43.50909,128.33333,127.75,442.48148,433.93182,182.94444,421.0,452.0,249.6,287.0
2012-12-31,328.83334,43.6,128.66667,128.0,435.22223,428.56818,185.22223,422.5,452.0,252.8,288.5
2013-01-01,318.83334,43.618183,128.0,127.25,456.55554,443.97726,208.16667,416.0,453.0,253.2,289.0
2013-01-02,328.16666,43.563637,127.333336,126.5,455.66666,443.11365,204.27777,416.0,453.0,252.8,288.0
2013-01-03,328.0,42.672726,124.666664,123.75,454.2963,441.86365,152.94444,416.5,453.0,251.4,288.5
2013-01-04,328.16666,41.70909,121.0,120.0,457.07407,443.4091,181.33333,417.5,453.0,251.6,288.5
2013-01-05,322.16666,40.78182,117.333336,116.25,457.96295,443.79544,179.83333,419.0,454.0,252.8,289.0
2013-01-06,329.0,41.127274,115.666664,114.25,460.4074,446.29544,186.61111,420.0,454.0,255.0,289.5
2013-01-07,331.83334,44.8,124.0,122.5,457.25925,444.52274,204.33333,424.5,453.0,259.4,290.5
2013-01-08,332.5,44.69091,122.0,120.5,452.33334,440.18182,208.0,419.0,453.0,257.8,291.5
2013-01-09,257.0,41.381817,115.666664,114.0,458.74075,442.97726,149.88889,418.0,452.0,256.6,291.0
2013-01-10,337.5,40.29091,111.333336,109.25,459.8889,447.47726,222.83333,456.0,500.0,275.8,303.5
2013-01-11,336.0,45.29091,123.666664,121.5,467.48148,453.63635,198.66667,465.5,514.0,275.2,303.0
2013-01-12,326.0,45.70909,125.666664,123.5,455.8889,445.06818,207.94444,467.0,515.0,275.2,303.5
2013-01-13,329.66666,45.78182,125.666664,123.5,480.44446,461.04544,206.38889,470.0,514.0,275.4,303.5
2013-01-14,328.0,45.636364,125.666664,123.5,478.96295,460.06818,207.44444,468.0,514.0,275.4,304.0
2013-01-15,331.66666,45.618183,125.666664,123.25,488.03705,466.79544,206.55556,468.0,514.0,273.8,303.5
2013-01-16,331.66666,45.545456,124.0,121.75,470.55554,452.95456,204.22223,467.0,513.0,276.6,303.5
2013-01-17,335.83334,42.563637,115.333336,112.75,483.25925,461.47726,215.44444,467.0,514.0,275.2,304.0
2013-01-18,336.83334,38.854546,105.333336,102.25,492.0,466.8409,195.33333,470.0,515.0,277.2,305.0
2013-01-19,317.5,35.6,95.333336,91.75,503.81482,474.72726,198.55556,471.5,515.0,276.2,306.0
2013-01-20,327.66666,32.163635,85.0,80.25,501.5926,471.8409,191.61111,475.5,516.0,276.6,307.5
2013-01-21,327.33334,28.709091,78.666664,71.5,498.51852,467.93182,192.05556,478.5,516.0,276.0,308.5
2013-01-22,331.33334,25.818182,66.0,56.75,498.4074,466.04544,223.77777,480.5,516.0,276.2,310.0
2013-01-23,333.5,23.10909,58.333332,45.25,499.0,464.18182,219.61111,484.0,514.0,275.0,310.5
2013-01-24,345.5,23.290909,56.333332,42.25,504.2963,468.4091,213.33333,483.0,515.0,275.2,310.5
2013-01-25,353.5,26.10909,55.333332,41.5,498.7037,465.45456,216.83333,480.0,514.0,281.8,310.0
2013-01-26,346.5,26.327272,52.333332,39.25,501.44446,466.54544,213.33333,479.0,513.0,280.8,309.0
2013-01-27,359.83334,28.636364,57.666668,43.25,498.5926,464.61365,211.33333,480.5,515.0,280.4,309.5
2013-01-28,356.5,29.581818,60.333332,45.75,501.37036,466.8409,211.83333,482.5,520.0,289.8,313.0
2013-01-29,337.33334,29.636364,60.666668,46.0,504.74075,468.8409,203.77777,485.5,520.0,288.0,313.5
2013-01-30,360.0,29.581818,60.333332,45.75,495.66666,462.5909,170.83333,480.0,520.0,288.0,314.5
2013-01-31,356.33334,27.418182,55.666668,41.75,501.51852,465.13635,210.38889,474.0,519.0,285.4,313.5
2013-02-01,332.5,26.127274,53.333332,40.0,506.92593,468.97726,199.44444,481.0,517.0,284.0,311.0
2013-02-02,341.5,25.272728,50.333332,37.75,508.81482,469.31818,158.33333,479.0,516.0,284.2,310.5
2013-02-03,342.16666,24.854546,49.0,36.75,506.07407,466.8409,144.94444,478.0,515.0,283.0,310.0
2013-02-04,345.5,24.345455,47.0,35.25,512.03705,470.4091,181.72223,470.0,514.0,282.2,308.0
2013-02-05,348.5,23.727272,44.333332,33.25,522.55554,477.38635,171.88889,473.5,513.0,280.2,310.5
2013-02-06,351.0,23.49091,42.0,31.5,508.37036,465.56818,168.77777,468.0,514.0,280.8,307.0
2013-02-07,361.33334,23.49091,41.666668,31.25,504.92593,462.02274,166.27777,467.0,514.0,281.2,311.5
2013-02-08,345.16666,27.036364,46.0,35.5,514.55554,470.54544,184.05556,475.0,523.0,280.4,308.0
2013-02-09,333.16666,33.636364,61.666668,50.75,518.2222,473.52274,143.88889,484.5,527.0,282.0,308.5
2013-02-10,334.16666,33.636364,61.0,50.25,518.7778,474.06818,189.94444,485.5,526.0,279.0,308.0
2013-02-11,347.66666,33.6,61.666668,51.0,513.8148,470.6591,178.38889,484.5,527.0,280.4,308.0
2013-02-12,323.66666,33.727272,61.333332,50.75,527.44446,480.97726,106.27778,484.5,527.0,279.6,308.0
2013-02-13,334.66666,33.6,61.666668,51.0,526.03705,479.75,184.66667,478.5,528.0,280.0,308.0
2013-02-14,330.16666,32.2,54.666668,44.5,525.44446,478.70456,138.27777,479.0,527.0,280.0,307.5
2013-02-15,335.16666,28.89091,50.0,37.75,510.37036,466.0,131.22223,477.0,526.0,244.8,307.0
2013-02-16,304.5,26.127274,45.0,33.75,510.4074,463.68182,128.55556,478.5,523.0,243.6,305.0
2013-02-17,297.33334,25.527273,40.666668,30.5,507.5926,460.36365,122.611115,474.5,522.0,241.6,300.5
2013-02-18,300.33334,25.309092,38.0,28.5,519.5926,469.11365,119.888885,466.0,520.0,241.4,299.5
2013-02-19,339.66666,25.254545,35.666668,26.75,518.4074,468.18182,123.27778,464.5,520.0,241.4,299.5
2013-02-20,301.66666,26.709091,41.0,32.0,518.96295,469.04544,145.5,482.5,535.0,243.8,310.0
2013-02-21,315.83334,26.763636,41.0,32.0,487.77777,446.27274,101.77778,479.5,536.0,244.2,305.5
2013-02-22,309.16666,26.745455,41.0,32.0,490.74075,448.0909,131.27777,475.5,535.0,243.6,313.0
2013-02-23,351.16666,26.745455,41.0,32.0,487.74075,445.20456,141.44444,475.0,535.0,242.2,308.0
2013-02-24,267.16666,26.690908,40.666668,31.75,491.92593,448.5909,151.72223,474.5,535.0,240.8,308.0
2013-02-25,270.16666,26.709091,40.0,31.25,485.7037,444.3409,150.38889,473.5,536.0,238.6,310.5
2013-02-26,264.16666,26.254545,38.0,28.5,528.55554,476.45456,121.833336,474.0,536.0,237.6,307.5
2013-02-27,269.83334,26.218182,38.0,28.5,529.6667,477.5,121.72222,473.0,536.0,237.8,308.0
2013-02-28,250.5,26.218182,36.666668,27.5,527.44446,474.22726,118.666664,472.5,534.0,237.0,311.5
2013-03-01,256.33334,25.818182,33.333332,25.0,526.2222,472.31818,121.833336,467.0,531.0,235.2,309.0
2013-03-02,228.33333,24.527273,24.333334,18.25,528.3333,468.72726,110.166664,459.5,527.0,230.0,305.5
2013-03-03,227.16667,22.763636,18.0,13.5,511.18518,452.5,95.72222,456.0,527.0,227.0,304.5
2013-03-04,233.83333,22.709091,18.0,13.5,519.4815,461.70456,93.388885,477.0,559.0,232.2,312.5
2013-03-05,232.83333,22.254545,17.0,12.75,521.1111,462.77274,90.5,479.5,561.0,232.4,306.5
2013-03-06,233.33333,21.8,16.333334,12.25,530.14813,471.61365,90.72222,482.0,564.0,237.4,316.5
2013-03-07,237.66667,21.89091,18.0,14.0,549.1111,490.97726,105.72222,517.5,598.0,253.4,341.0
2013-03-08,245.83333,23.49091,20.333334,16.5,565.5185,506.63635,104.611115,532.5,616.0,268.8,344.0
2013-03-09,251.16667,30.49091,31.333334,27.5,563.0,506.54544,105.333336,537.5,617.0,260.2,340.5
2013-03-10,251.5,30.345455,31.0,27.25,547.7407,495.36365,100.55556,541.5,618.0,253.8,340.5
2013-03-11,250.66667,26.8,22.333334,17.75,552.0,498.0,89.27778,533.5,616.0,253.4,339.5
2013-03-12,248.16667,22.854546,15.333333,11.5,576.03705,513.36365,78.0,529.5,616.0,250.4,332.5
2013-03-13,243.83333,19.290909,7.3333335,5.5,577.8148,511.56818,63.88889,517.0,610.0,241.6,327.0
2013-03-14,235.33333,13.418181,0.0,0.0,577.3333,507.54544,49.833332,501.0,603.0,230.8,316.0
2013-03-15,251.33333,8.2,0.0,0.0,567.8148,494.68182,38.555557,478.0,597.0,219.4,302.0
2013-03-16,347.5,5.7090907,0.0,0.0,564.2593,488.43182,30.555555,456.5,590.0,230.2,290.5
2013-03-17,310.66666,4.2,0.0,0.0,557.7407,481.20456,26.11111,438.5,576.0,224.0,282.5
2013-03-18,305.83334,3.490909,0.0,0.0,554.3333,476.06818,24.166666,432.5,571.0,219.4,274.5
2013-03-19,301.33334,3.1272728,0.0,0.0,547.8889,469.31818,21.61111,422.5,557.0,211.6,268.5
2013-03-20,277.83334,2.490909,0.0,0.0,544.7778,465.0909,19.11111,420.5,552.0,206.0,259.0
2013-03-21,292.16666,2.3454545,0.0,0.0,546.1852,466.5909,20.333334,460.0,591.0,214.0,265.0
2013-03-22,292.33334,2.3454545,0.0,0.0,549.6667,468.0,18.166666,455.0,587.0,212.4,264.0
2013-03-23,289.83334,2.3818183,0.0,0.0,550.55554,468.25,20.11111,452.0,585.0,211.2,264.0
2013-03-24,285.5,2.3272727,0.0,0.0,545.9259,463.86365,16.61111,447.5,582.0,205.6,263.5
2013-03-25,276.5,2.2181818,0.0,0.0,540.2222,457.43182,16.555555,445.0,574.0,199.0,254.0
2013-03-26,267.16666,1.9454546,0.0,0.0,537.3333,453.43182,14.388889,426.5,563.0,196.2,243.0
2013-03-27,264.66666,1.8,0.0,0.0,534.14813,450.6591,13.055555,420.5,555.0,188.4,236.5
2013-03-28,261.16666,1.8,0.0,0.0,531.8148,448.0909,12.111111,417.0,539.0,182.4,227.0
2013-03-29,258.33334,1.7272727,0.0,0.0,530.0,445.52274,11.444445,400.0,528.0,179.6,214.0
2013-03-30,252.66667,1.3090909,0.0,0.0,525.9259,439.20456,10.277778,381.0,510.0,175.4,194.5
2013-03-31,250.33333,1.0909091,0.0,0.0,529.55554,439.11365,9.555555,355.0,488.0,167.2,166.0
2013-04-01,261.16666,1.1090909,0.0,0.0,548.0741,454.54544,9.0,354.5,482.0,168.6,161.0
2013-04-02,221.16667,0.8181818,0.0,0.0,550.03705,456.45456,8.722222,348.5,473.0,170.8,156.0
2013-04-03,257.33334,1.1090909,0.0,0.0,543.1111,450.77274,8.388889,335.0,455.0,167.8,142.5
2013-04-04,252.0,0.92727274,0.0,0.0,537.62964,443.45456,6.5555553,318.5,439.0,160.0,118.5
2013-04-05,250.0,0.8909091,0.0,0.0,543.14813,446.56818,6.2222223,365.0,540.0,156.2,111.0
2013-04-06,247.83333,0.8545455,0.0,0.0,540.1111,442.6591,5.888889,292.5,400.0,153.4,107.0
2013-04-07,204.0,0.7818182,0.0,0.0,537.62964,438.72726,5.4444447,284.0,389.0,150.2,103.5
2013-04-08,204.83333,0.76363635,0.0,0.0,541.3333,442.70456,9.5,275.5,371.0,148.8,101.5
2013-04-09,165.0,2.7272727,2.6666667,3.75,518.7037,428.29544,7.5555553,281.5,372.0,154.2,104.5
2013-04-10,164.66667,2.4545455,2.3333333,2.5,537.4815,439.72726,5.1666665,283.5,384.0,153.8,103.0
2013-04-11,244.83333,0.7090909,0.0,0.0,530.3333,430.4091,4.4444447,261.0,363.0,148.6,92.0
2013-04-12,236.66667,0.54545456,0.0,0.0,520.1111,421.3409,3.3888888,240.0,339.0,139.4,83.5
2013-04-13,226.33333,0.36363637,0.0,0.0,500.37036,405.70456,2.1111112,214.5,312.0,131.2,73.0
2013-04-14,166.16667,0.27272728,0.0,0.0,499.22223,403.22726,1.4444444,190.0,285.0,123.4,64.0
2013-04-15,161.83333,0.21818182,0.0,0.0,518.1852,417.31818,1.2222222,177.0,268.0,114.4,58.0
2013-04-16,164.66667,0.21818182,0.0,0.0,488.51852,397.02274,1.1111112,194.5,286.0,124.4,58.0
2013-04-17,223.33333,0.16363636,0.0,0.0,471.03705,385.29544,1.0555556,198.5,287.0,127.4,61.0
2013-04-18,157.66667,0.16363636,0.0,0.0,474.25925,386.52274,0.9444444,198.5,287.0,112.4,57.0
2013-04-19,136.66667,0.21818182,0.0,0.0,485.55554,391.13635,0.22222222,185.5,275.0,126.0,53.5
2013-04-20,160.83333,0.18181819,0.0,0.0,486.92593,391.52274,0.0,160.5,246.0,121.2,49.0
2013-04-21,155.0,0.054545455,0.0,0.0,490.62964,390.47726,0.0,139.0,214.0,112.0,38.5
2013-04-22,145.83333,0.0,0.0,0.0,504.25925,391.86365,0.0,112.5,179.0,97.2,21.5
2013-04-23,182.0,0.0,0.0,0.0,494.07407,381.4091,0.0,97.0,166.0,86.2,9.0
2013-04-24,133.33333,0.0,0.0,0.0,485.8889,373.25,0.0,86.0,156.0,77.4,0.0
2013-04-25,133.33333,0.0,0.0,0.0,472.2963,362.11365,0.0,76.5,149.0,69.8,0.0
2013-04-26,167.83333,0.0,0.0,0.0,457.77777,350.31818,0.0,64.5,135.0,59.0,0.0
2013-04-27,160.33333,0.0,0.0,0.0,421.7037,321.20456,0.0,53.5,117.0,48.2,0.0
2013-04-28,115.666664,0.0,0.0,0.0,342.2963,258.22726,0.0,40.5,98.0,33.2,0.0
2013-04-29,133.5,0.0,0.0,0.0,316.2963,237.59091,0.0,27.0,77.0,19.4,0.0
2013-04-30,119.166664,0.0,0.0,0.0,293.7037,219.27272,0.0,12.5,55.0,4.6,0.0
2013-05-01,85.833336,0.0,0.0,0.0,283.0,210.34091,0.0,3.5,40.0,2.2,0.0
2013-05-02,81.666664,0.0,0.0,0.0,271.18518,200.52272,0.0,0.0,32.0,1.2,0.0
2013-05-03,75.166664,0.0,0.0,0.0,255.66667,187.36363,0.0,0.0,17.0,0.0,0.0
2013-05-04,82.833336,0.0,0.0,0.0,244.85185,176.90909,0.0,0.0,0.0,0.0,0.0
2013-05-05,77.333336,0.0,0.0,0.0,234.33333,168.09091,0.0,0.0,0.0,0.0,0.0
2013-05-06,75.333336,0.0,0.0,0.0,230.96297,165.29546,0.0,0.0,0.0,0.0,0.0
2013-05-07,77.333336,0.54545456,0.0,0.0,236.25926,169.45454,0.0,0.0,0.0,10.4,0.0
2013-05-08,81.666664,0.72727275,1.0,0.75,226.33333,159.56818,0.0,0.0,0.0,12.4,0.0
2013-05-09,85.0,0.47272727,0.0,0.0,237.33333,170.15909,0.0,0.0,0.0,6.0,0.0
2013-05-10,81.833336,0.18181819,0.0,0.0,231.33333,165.29546,0.0,0.0,0.0,1.0,0.0
2013-05-11,71.166664,0.0,0.0,0.0,215.25926,152.11363,0.0,0.0,0.0,0.0,0.0
2013-05-12,53.333332,0.0,0.0,0.0,194.18518,134.81818,0.0,0.0,0.0,0.0,0.0
2013-05-13,41.5,0.0,0.0,0.0,171.74074,117.068184,0.0,0.0,0.0,0.0,0.0
2013-05-14,29.666666,0.0,0.0,0.0,151.0,100.681816,0.0,0.0,0.0,0.0,0.0
2013-05-15,21.5,0.0,0.0,0.0,146.37038,95.65909,0.0,0.0,0.0,0.0,0.0
2013-05-16,14.5,0.0,0.0,0.0,134.7037,86.568184,0.0,0.0,0.0,0.0,0.0
2013-05-17,13.166667,0.0,0.0,0.0,133.22223,85.47727,0.0,0.0,0.0,0.0,0.0
2013-05-18,12.333333,0.0,0.0,0.0,130.03703,83.204544,0.0,0.0,0.0,0.0,0.0
2013-05-19,10.166667,0.0,0.0,0.0,124.59259,79.181816,0.0,0.0,0.0,0.0,0.0
2013-05-20,8.333333,0.0,0.0,0.0,117.59259,74.11364,0.0,0.0,0.0,0.0,0.0
2013-05-21,6.1666665,0.0,0.0,0.0,107.74074,67.09091,0.0,0.0,0.0,0.0,0.0
2013-05-22,3.1666667,0.0,0.0,0.0,98.74074,60.886364,0.0,0.0,0.0,0.0,0.0
2013-05-23,2.8333333,0.0,0.0,0.0,97.96296,60.386364,0.0,0.0,0.0,0.0,0.0
2013-05-24,2.5,0.0,0.0,0.0,97.37037,60.0,0.0,0.0,0.0,0.0,0.0
2013-05-25,1.6666666,0.0,0.0,0.0,92.77778,56.93182,0.0,0.0,0.0,0.0,0.0
2013-05-26,0.0,0.0,0.0,0.0,88.51852,54.31818,0.0,0.0,0.0,0.0,0.0
2013-05-27,0.0,0.0,0.0,0.0,85.25926,52.31818,0.0,0.0,0.0,0.0,0.0
2013-05-28,0.0,0.0,0.0,0.0,81.666664,50.113636,0.0,0.0,0.0,0.0,0.0
2013-05-29,0.0,0.0,0.0,0.0,76.40741,46.886364,0.0,0.0,0.0,0.0,0.0
2013-05-30,0.0,0.0,0.0,0.0,70.14815,43.045456,0.0,0.0,0.0,0.0,0.0
2013-05-31,0.0,0.0,0.0,0.0,59.666668,36.613636,0.0,0.0,0.0,0.0,0.0
2013-06-01,0.0,0.0,0.0,0.0,48.666668,29.863636,0.0,0.0,0.0,0.0,0.0
2013-06-02,0.0,0.0,0.0,0.0,38.703705,23.75,0.0,0.0,0.0,0.0,0.0
2013-06-03,0.0,0.0,0.0,0.0,30.296297,18.59091,0.0,0.0,0.0,0.0,0.0
2013-06-04,0.0,0.0,0.0,0.0,22.777779,13.977273,0.0,0.0,0.0,0.0,0.0
2013-06-05,0.0,0.0,0.0,0.0,16.555555,10.159091,0.0,0.0,0.0,0.0,0.0
2013-06-06,0.0,0.0,0.0,0.0,12.555555,7.7045455,0.0,0.0,0.0,0.0,0.0
2013-06-07,0.0,0.0,0.0,0.0,8.814815,5.409091,0.0,0.0,0.0,0.0,0.0
2013-06-08,0.0,0.0,0.0,0.0,4.0740743,2.5,0.0,0.0,0.0,0.0,0.0
2013-06-09,0.0,0.0,0.0,0.0,0.8518519,0.52272725,0.0,0.0,0.0,0.0,0.0
2013-06-10,0.0,0.0,0.0,0.0,0.0,0.0,0.0,0.0,0.0,0.0,0.0
2013-06-11,0.0,0.0,0.0,0.0,0.0,0.0,0.0,0.0,0.0,0.0,0.0
2013-06-12,0.0,0.0,0.0,0.0,0.0,0.0,0.0,0.0,0.0,0.0,0.0
2013-06-13,0.0,0.0,0.0,0.0,0.0,0.0,0.0,0.0,0.0,0.0,0.0
2013-06-14,0.0,0.0,0.0,0.0,0.0,0.0,0.0,0.0,0.0,0.0,0.0
2013-06-15,0.0,0.0,0.0,0.0,0.0,0.0,0.0,0.0,0.0,0.0,0.0
2013-06-16,0.0,0.0,0.0,0.0,0.0,0.0,0.0,0.0,0.0,0.0,0.0
2013-06-17,0.0,0.0,0.0,0.0,0.0,0.0,0.0,0.0,0.0,0.0,0.0
2013-06-18,0.0,0.0,0.0,0.0,0.0,0.0,0.0,0.0,0.0,0.0,0.0
2013-06-19,0.0,0.0,0.0,0.0,0.0,0.0,0.0,0.0,0.0,0.0,0.0
2013-06-20,0.0,0.0,0.0,0.0,0.0,0.0,0.0,0.0,0.0,0.0,0.0
2013-06-21,0.0,0.0,0.0,0.0,0.0,0.0,0.0,0.0,0.0,0.0,0.0
2013-06-22,0.0,0.0,0.0,0.0,0.0,0.0,0.0,0.0,0.0,0.0,0.0
2013-06-23,0.0,0.0,0.0,0.0,0.0,0.0,0.0,0.0,0.0,0.0,0.0
2013-06-24,0.0,0.0,0.0,0.0,0.0,0.0,0.0,0.0,0.0,0.0,0.0
2013-06-25,0.0,0.0,0.0,0.0,0.0,0.0,0.0,0.0,0.0,0.0,0.0
2013-06-26,0.0,0.0,0.0,0.0,0.0,0.0,0.0,0.0,0.0,0.0,0.0
2013-06-27,0.0,0.0,0.0,0.0,0.0,0.0,0.0,0.0,0.0,0.0,0.0
2013-06-28,0.0,0.0,0.0,0.0,0.0,0.0,0.0,0.0,0.0,0.0,0.0
2013-06-29,0.0,0.0,0.0,0.0,0.0,0.0,0.0,0.0,0.0,0.0,0.0
2013-06-30,0.0,0.0,0.0,0.0,0.0,0.0,0.0,0.0,0.0,0.0,0.0
2013-07-01,0.0,0.0,0.0,0.0,0.0,0.0,0.0,0.0,0.0,0.0,0.0
2013-07-02,0.0,0.0,0.0,0.0,0.0,0.0,0.0,0.0,0.0,0.0,0.0
2013-07-03,0.0,0.0,0.0,0.0,0.0,0.0,0.0,0.0,0.0,0.0,0.0
2013-07-04,0.0,0.0,0.0,0.0,0.0,0.0,0.0,0.0,0.0,0.0,0.0
2013-07-05,0.0,0.0,0.0,0.0,0.0,0.0,0.0,0.0,0.0,0.0,0.0
2013-07-06,0.0,0.0,0.0,0.0,0.0,0.0,0.0,0.0,0.0,0.0,0.0
2013-07-07,0.0,0.0,0.0,0.0,0.0,0.0,0.0,0.0,0.0,0.0,0.0
2013-07-08,0.0,0.0,0.0,0.0,0.0,0.0,0.0,0.0,0.0,0.0,0.0
2013-07-09,0.0,0.0,0.0,0.0,0.0,0.0,0.0,0.0,0.0,0.0,0.0
2013-07-10,0.0,0.0,0.0,0.0,0.0,0.0,0.0,0.0,0.0,0.0,0.0
2013-07-11,0.0,0.0,0.0,0.0,0.0,0.0,0.0,0.0,0.0,0.0,0.0
2013-07-12,0.0,0.0,0.0,0.0,0.0,0.0,0.0,0.0,0.0,0.0,0.0
2013-07-13,0.0,0.0,0.0,0.0,0.0,0.0,0.0,0.0,0.0,0.0,0.0
2013-07-14,0.0,0.0,0.0,0.0,0.0,0.0,0.0,0.0,0.0,0.0,0.0
2013-07-15,0.0,0.0,0.0,0.0,0.0,0.0,0.0,0.0,0.0,0.0,0.0
2013-07-16,0.0,0.0,0.0,0.0,0.0,0.0,0.0,0.0,0.0,0.0,0.0
2013-07-17,0.0,0.0,0.0,0.0,0.0,0.0,0.0,0.0,0.0,0.0,0.0
2013-07-18,0.0,0.0,0.0,0.0,0.0,0.0,0.0,0.0,0.0,0.0,0.0
2013-07-19,0.0,0.0,0.0,0.0,0.0,0.0,0.0,0.0,0.0,0.0,0.0
2013-07-20,0.0,0.0,0.0,0.0,0.0,0.0,0.0,0.0,0.0,0.0,0.0
2013-07-21,0.0,0.0,0.0,0.0,0.0,0.0,0.0,0.0,0.0,0.0,0.0
2013-07-22,0.0,0.0,0.0,0.0,0.0,0.0,0.0,0.0,0.0,0.0,0.0
2013-07-23,0.0,0.0,0.0,0.0,0.0,0.0,0.0,0.0,0.0,0.0,0.0
2013-07-24,0.0,0.0,0.0,0.0,0.0,0.0,0.0,0.0,0.0,0.0,0.0
2013-07-25,0.0,0.0,0.0,0.0,0.0,0.0,0.0,0.0,0.0,0.0,0.0
2013-07-26,0.0,0.0,0.0,0.0,0.0,0.0,0.0,0.0,0.0,0.0,0.0
2013-07-27,0.0,0.0,0.0,0.0,0.0,0.0,0.0,0.0,0.0,0.0,0.0
2013-07-28,0.0,0.0,0.0,0.0,0.0,0.0,0.0,0.0,0.0,0.0,0.0
2013-07-29,0.0,0.0,0.0,0.0,0.0,0.0,0.0,0.0,0.0,0.0,0.0
2013-07-30,0.0,0.0,0.0,0.0,0.0,0.0,0.0,0.0,0.0,0.0,0.0
2013-07-31,0.0,0.0,0.0,0.0,0.0,0.0,0.0,0.0,0.0,0.0,0.0
2013-08-01,0.0,0.0,0.0,0.0,0.0,0.0,0.0,0.0,0.0,0.0,0.0
2013-08-02,0.0,0.0,0.0,0.0,0.0,0.0,0.0,0.0,0.0,0.0,0.0
2013-08-03,0.0,0.0,0.0,0.0,0.0,0.0,0.0,0.0,0.0,0.0,0.0
2013-08-04,0.0,0.0,0.0,0.0,0.0,0.0,0.0,0.0,0.0,0.0,0.0
2013-08-05,0.0,0.0,0.0,0.0,0.0,0.0,0.0,0.0,0.0,0.0,0.0
2013-08-06,0.0,0.0,0.0,0.0,0.0,0.0,0.0,0.0,0.0,0.0,0.0
2013-08-07,0.0,0.0,0.0,0.0,0.0,0.0,0.0,0.0,0.0,0.0,0.0
2013-08-08,0.0,0.0,0.0,0.0,0.0,0.0,0.0,0.0,0.0,0.0,0.0
2013-08-09,0.0,0.0,0.0,0.0,0.0,0.0,0.0,0.0,0.0,0.0,0.0
2013-08-10,0.0,0.0,0.0,0.0,0.0,0.0,0.0,0.0,0.0,0.0,0.0
2013-08-11,0.0,0.0,0.0,0.0,0.0,0.0,0.0,0.0,0.0,0.0,0.0
2013-08-12,0.0,0.0,0.0,0.0,0.0,0.0,0.0,0.0,0.0,0.0,0.0
2013-08-13,0.0,0.0,0.0,0.0,0.0,0.0,0.0,0.0,0.0,0.0,0.0
2013-08-14,0.0,0.0,0.0,0.0,0.0,0.0,0.0,0.0,0.0,0.0,0.0
2013-08-15,0.0,0.0,0.0,0.0,0.0,0.0,0.0,0.0,0.0,0.0,0.0
2013-08-16,0.0,0.0,0.0,0.0,0.0,0.0,0.0,0.0,0.0,0.0,0.0
2013-08-17,0.0,0.0,0.0,0.0,0.0,0.0,0.0,0.0,0.0,0.0,0.0
2013-08-18,0.0,0.0,0.0,0.0,0.0,0.0,0.0,0.0,0.0,0.0,0.0
2013-08-19,0.0,0.0,0.0,0.0,0.0,0.0,0.0,0.0,0.0,0.0,0.0
2013-08-20,0.0,0.0,0.0,0.0,0.0,0.0,0.0,0.0,0.0,0.0,0.0
2013-08-21,0.0,0.0,0.0,0.0,0.0,0.0,0.0,0.0,0.0,0.0,0.0
2013-08-22,0.0,0.0,0.0,0.0,0.0,0.0,0.0,0.0,0.0,0.0,0.0
2013-08-23,0.0,0.0,0.0,0.0,0.0,0.0,0.0,0.0,0.0,0.0,0.0
2013-08-24,0.0,0.0,0.0,0.0,0.0,0.0,0.0,0.0,0.0,0.0,0.0
2013-08-25,0.0,0.0,0.0,0.0,0.0,0.0,0.0,0.0,0.0,0.0,0.0
2013-08-26,0.0,0.0,0.0,0.0,0.0,0.0,0.0,0.0,0.0,0.0,0.0
2013-08-27,0.0,0.0,0.0,0.0,0.0,0.0,0.0,0.0,0.0,0.0,0.0
2013-08-28,0.0,0.0,0.0,0.0,0.0,0.0,0.0,0.0,0.0,0.0,0.0
2013-08-29,0.0,0.0,0.0,0.0,0.0,0.0,0.0,0.0,0.0,0.0,0.0
2013-08-30,0.0,0.0,0.0,0.0,0.0,0.0,0.0,0.0,0.0,0.0,0.0
2013-08-31,0.0,0.0,0.0,0.0,0.0,0.0,0.0,0.0,0.0,0.0,0.0
2013-09-01,0.0,0.0,0.0,0.0,0.0,0.0,0.0,0.0,0.0,0.0,0.0
2013-09-02,0.0,0.0,0.0,0.0,0.0,0.0,0.0,0.0,0.0,0.0,0.0
2013-09-03,0.0,0.0,0.0,0.0,0.0,0.0,0.0,0.0,0.0,0.0,0.0
2013-09-04,0.0,0.0,0.0,0.0,0.0,0.0,0.0,0.0,0.0,0.0,0.0
2013-09-05,0.0,0.0,0.0,0.0,0.0,0.0,0.0,0.0,0.0,0.0,0.0
2013-09-06,0.0,0.0,0.0,0.0,0.0,0.0,0.0,0.0,0.0,0.0,0.0
2013-09-07,0.0,0.0,0.0,0.0,0.0,0.0,0.0,0.0,0.0,0.0,0.0
2013-09-08,0.0,0.0,0.0,0.0,0.0,0.0,0.0,0.0,0.0,0.0,0.0
2013-09-09,0.0,0.0,0.0,0.0,0.0,0.0,0.0,0.0,0.0,0.0,0.0
2013-09-10,0.0,0.0,0.0,0.0,0.0,0.0,0.0,0.0,0.0,0.0,0.0
2013-09-11,0.0,0.0,0.0,0.0,0.0,0.0,0.0,0.0,0.0,0.0,0.0
2013-09-12,0.0,0.0,0.0,0.0,0.0,0.0,0.0,0.0,0.0,0.0,0.0
2013-09-13,0.0,0.0,0.0,0.0,0.0,0.0,0.0,0.0,0.0,0.0,0.0
2013-09-14,0.0,0.0,0.0,0.0,0.0,0.0,0.0,0.0,0.0,0.0,0.0
2013-09-15,0.0,0.0,0.0,0.0,0.0,0.0,0.0,0.0,0.0,0.0,0.0
2013-09-16,0.0,0.0,0.0,0.0,0.0,0.0,0.0,0.0,0.0,0.0,0.0
2013-09-17,0.0,0.0,0.0,0.0,0.0,0.0,0.0,0.0,0.0,0.0,0.0
2013-09-18,0.0,0.0,0.0,0.0,0.0,0.0,0.0,0.0,0.0,0.0,0.0
2013-09-19,0.0,0.0,0.0,0.0,0.0,0.0,0.0,0.0,0.0,0.0,0.0
2013-09-20,0.0,0.0,0.0,0.0,0.0,0.0,0.0,0.0,0.0,0.0,0.0
2013-09-21,0.0,0.0,0.0,0.0,0.0,0.0,0.0,0.0,0.0,0.0,0.0
2013-09-22,0.0,0.0,0.0,0.0,4.7777777,4.090909,0.0,0.0,0.0,0.0,0.0
2013-09-23,0.0,0.0,0.0,0.0,5.037037,4.8863635,0.0,0.0,0.0,0.0,0.0
2013-09-24,0.0,0.0,0.0,0.0,0.8518519,0.8181818,0.0,0.0,0.0,0.0,0.0
2013-09-25,0.0,0.0,0.0,0.0,0.14814815,0.09090909,0.0,0.0,0.0,0.0,0.0
2013-09-26,0.0,0.0,0.0,0.0,0.14814815,0.09090909,0.0,0.0,0.0,0.0,0.0
2013-09-27,0.0,0.0,0.0,0.0,0.14814815,0.09090909,0.0,0.0,0.0,0.0,0.0
2013-09-28,0.0,0.0,0.0,0.0,0.14814815,0.09090909,0.0,0.0,0.0,0.0,0.0
2013-09-29,0.0,0.0,0.0,0.0,0.037037037,0.022727273,0.0,0.0,0.0,0.0,0.0
2013-09-30,0.0,0.0,0.0,0.0,0.0,0.0,0.0,0.0,0.0,0.0,0.0
2013-10-01,0.0,0.0,0.0,0.0,0.0,0.0,0.0,0.0,0.0,0.0,0.0
2013-10-02,0.0,0.0,0.0,0.0,0.0,0.0,0.0,0.0,0.0,0.0,0.0
2013-10-03,0.0,0.0,0.0,0.0,0.0,0.0,0.0,0.0,0.0,0.0,0.0
2013-10-04,0.0,0.0,0.0,0.0,0.0,0.0,0.0,0.0,0.0,0.0,0.0
2013-10-05,0.0,0.0,0.0,0.0,0.0,0.0,0.0,0.0,0.0,0.0,0.0
2013-10-06,0.0,0.0,0.0,0.0,0.0,0.0,0.0,0.0,0.0,0.0,0.0
2013-10-07,0.0,0.0,0.0,0.0,0.0,0.0,0.0,0.0,0.0,0.0,0.0
2013-10-08,0.0,0.0,0.0,0.0,0.0,0.0,0.0,0.0,0.0,0.0,0.0
2013-10-09,0.0,0.0,0.0,0.0,0.0,0.0,0.0,0.0,0.0,0.0,0.0
2013-10-10,4.5,0.29090908,0.33333334,0.25,3.4074075,2.9318182,0.0,0.5,1.0,2.2,0.5
2013-10-11,4.8333335,0.45454547,0.0,0.0,2.925926,2.2954545,0.0,0.0,0.0,1.0,0.0
2013-10-12,2.5,0.054545455,0.0,0.0,2.4444444,1.7045455,0.0,0.0,0.0,0.0,0.0
2013-10-13,1.1666666,0.0,0.0,0.0,1.962963,1.2045455,0.0,0.0,0.0,0.0,0.0
2013-10-14,1.1666666,0.0,0.0,0.0,1.925926,1.1818181,0.0,0.0,0.0,0.0,0.0
2013-10-15,0.33333334,0.0,0.0,0.0,1.3703704,0.84090906,0.0,0.0,0.0,0.0,0.0
2013-10-16,0.33333334,0.0,0.0,0.0,0.9259259,0.5681818,0.0,0.0,0.0,0.0,0.0
2013-10-17,0.0,0.0,0.0,0.0,0.33333334,0.20454545,0.0,0.0,0.0,0.0,0.0
2013-10-18,0.0,0.0,0.0,0.0,0.11111111,0.06818182,0.0,0.0,0.0,0.0,0.0
2013-10-19,0.0,0.0,0.0,0.0,0.0,0.0,0.0,0.0,0.0,0.0,0.0
2013-10-20,0.0,0.0,0.0,0.0,0.0,0.0,0.0,0.0,0.0,0.0,0.0
2013-10-21,0.0,0.0,0.0,0.0,0.0,0.0,0.0,0.0,0.0,0.0,0.0
2013-10-22,0.0,0.0,0.0,0.0,0.0,0.0,0.0,0.0,0.0,0.0,0.0
2013-10-23,0.0,0.0,0.0,0.0,0.0,0.0,0.0,0.0,0.0,0.0,0.0
2013-10-24,0.0,0.0,0.0,0.0,0.0,0.0,0.0,0.0,0.0,0.0,0.0
2013-10-25,0.0,0.0,0.0,0.0,0.0,0.0,0.0,0.0,0.0,0.0,0.0
2013-10-26,0.0,0.0,0.0,0.0,0.0,0.0,0.0,0.0,0.0,0.0,0.0
2013-10-27,0.0,0.0,0.0,0.0,0.0,0.0,0.0,0.0,0.0,0.0,0.0
2013-10-28,0.0,0.0,0.0,0.0,0.5185185,0.79545456,0.0,0.0,0.0,0.0,0.0
2013-10-29,5.5,1.8727273,7.3333335,5.5,11.925926,10.477273,0.22222222,17.0,22.0,8.6,12.5
2013-10-30,5.5,1.8727273,7.3333335,5.5,12.37037,10.772727,0.3888889,21.0,29.0,8.2,14.5
2013-10-31,5.3333335,1.8363637,7.6666665,5.75,15.62963,14.409091,0.055555556,22.0,27.0,7.8,14.0
2013-11-01,4.3333335,0.92727274,4.3333335,3.25,13.185185,10.75,0.0,16.0,22.0,7.0,10.5
2013-11-02,1.3333334,0.16363636,0.0,0.0,7.4074073,5.568182,0.0,4.5,11.0,2.0,0.5
2013-11-03,0.5,0.018181818,0.0,0.0,4.7777777,3.6363637,0.0,0.0,7.0,0.2,0.0
2013-11-04,0.5,0.0,0.0,0.0,4.6296296,3.4545455,0.0,0.0,4.0,0.0,0.0
2013-11-05,0.5,0.0,0.0,0.0,4.6296296,3.4545455,0.0,0.0,3.0,0.0,0.0
2013-11-06,0.5,0.0,0.0,0.0,4.6296296,3.4545455,0.0,0.0,1.0,0.0,0.0
2013-11-07,0.0,0.0,0.0,0.0,2.7407408,1.8636364,0.0,0.0,0.0,0.0,0.0
2013-11-08,0.0,0.0,0.0,0.0,1.2592592,0.77272725,0.0,0.0,0.0,0.0,0.0
2013-11-09,0.0,0.0,0.0,0.0,0.5185185,0.3181818,0.0,0.0,0.0,0.0,0.0
2013-11-10,0.0,0.0,0.0,0.0,0.2962963,0.18181819,0.0,0.0,0.0,0.0,0.0
2013-11-11,0.0,0.0,0.0,0.0,0.074074075,0.045454547,0.0,0.0,0.0,0.0,0.0
2013-11-12,0.0,0.0,0.0,0.0,0.0,0.0,0.0,0.0,0.0,0.0,0.0
2013-11-13,0.0,0.0,0.0,0.0,0.0,0.0,0.0,0.0,0.0,0.0,0.0
2013-11-14,0.0,0.0,0.0,0.0,0.0,0.0,0.0,0.0,0.0,0.0,0.0
2013-11-15,0.0,0.0,0.0,0.0,0.0,0.0,0.0,0.0,0.0,0.0,0.0
2013-11-16,0.0,0.0,0.0,0.0,0.0,0.0,0.0,0.0,0.0,0.0,0.0
2013-11-17,0.0,0.0,0.0,0.0,0.0,0.0,0.0,0.0,0.0,0.0,0.0
2013-11-18,0.0,0.0,0.0,0.0,0.0,0.0,0.0,0.0,0.0,0.0,0.0
2013-11-19,0.0,0.0,0.0,0.0,0.0,0.0,0.0,0.0,0.0,0.0,0.0
2013-11-20,0.6666667,0.0,0.0,0.0,2.6666667,2.7954545,0.0,4.5,3.0,0.4,1.0
2013-11-21,3.1666667,0.56363636,0.0,0.0,13.148149,14.75,0.055555556,9.0,5.0,4.8,6.0
2013-11-22,7.3333335,6.2,2.0,1.5,18.185184,18.931818,0.11111111,9.5,7.0,8.4,7.0
2013-11-23,8.5,11.145454,2.3333333,1.75,16.555555,17.136364,0.0,9.5,7.0,8.0,9.5
2013-11-24,8.5,11.036364,2.3333333,1.75,17.925926,18.25,0.0,9.5,7.0,8.0,9.5
2013-11-25,8.5,10.854546,2.3333333,1.75,18.037037,18.34091,0.0,9.0,6.0,7.8,9.0
2013-11-26,6.1666665,9.6,1.0,0.75,18.222221,17.363636,0.0,6.0,4.0,7.8,7.0
2013-11-27,6.0,5.8,0.0,0.0,15.777778,14.340909,0.0,3.5,1.0,5.4,2.5
2013-11-28,5.8333335,4.581818,0.0,0.0,14.814815,13.090909,0.0,1.5,0.0,4.0,1.0
2013-11-29,5.8333335,4.2727275,0.0,0.0,14.592592,12.613636,0.0,0.5,0.0,4.0,0.0
2013-11-30,5.8333335,3.7454545,0.0,0.0,14.333333,11.727273,0.0,0.0,0.0,4.0,0.0
2013-12-01,5.6666665,3.1090908,0.0,0.0,13.518518,11.113636,0.0,0.0,0.0,3.2,0.0
2013-12-02,4.5,2.1090908,0.0,0.0,12.185185,10.045455,0.0,0.0,0.0,1.6,0.0
2013-12-03,4.1666665,1.3454546,0.0,0.0,11.296296,9.5,0.0,0.0,0.0,0.6,0.0
2013-12-04,20.833334,3.090909,4.3333335,4.25,30.037037,28.022728,0.22222222,8.0,10.0,9.4,7.5
2013-12-05,17.0,3.090909,4.3333335,4.25,30.333334,28.204546,0.22222222,9.0,11.0,9.2,8.5
2013-12-06,20.833334,3.090909,4.3333335,4.25,30.074074,28.045454,0.22222222,10.0,11.0,9.2,9.0
2013-12-07,31.166666,4.181818,6.3333335,6.5,41.592594,40.954544,12.555555,30.5,36.0,28.4,20.5
2013-12-08,39.166668,5.4727273,18.0,18.25,51.48148,50.31818,12.555555,48.0,55.0,37.6,29.0
2013-12-09,39.166668,5.4545455,18.0,18.25,51.851852,50.56818,12.5,48.0,56.0,37.6,29.0
2013-12-10,39.0,5.8545456,17.666666,18.0,51.88889,50.590908,10.833333,47.5,56.0,37.6,29.0
2013-12-11,39.0,5.5636363,19.0,19.25,51.814816,50.613636,11.277778,48.5,56.0,37.4,29.0
2013-12-12,39.166668,4.581818,12.666667,12.75,51.925926,50.704544,10.777778,48.5,56.0,37.6,29.0
2013-12-13,39.166668,3.8727272,6.0,6.0,51.666668,50.56818,8.666667,48.5,56.0,37.4,29.0
2013-12-14,39.0,3.6909091,4.3333335,3.5,51.814816,50.56818,6.7777777,48.5,56.0,37.6,29.0
2013-12-15,39.166668,3.0545454,1.6666666,1.25,51.851852,49.727272,4.888889,48.5,56.0,37.6,29.0
2013-12-16,38.0,1.7272727,0.0,0.0,49.185184,43.31818,2.0,43.5,53.0,35.0,29.0
2013-12-17,31.666666,0.8,0.0,0.0,39.962963,32.295456,0.2777778,36.5,48.0,31.2,25.0
2013-12-18,25.0,0.4,0.0,0.0,32.148148,25.477272,0.0,28.5,43.0,27.4,19.0
2013-12-19,22.833334,0.4181818,0.0,0.0,30.481482,24.15909,0.0,25.0,39.0,24.6,15.0
2013-12-20,22.833334,1.1090909,0.0,0.0,30.74074,24.431818,0.0,32.0,44.0,35.0,16.5
2013-12-21,22.833334,1.0909091,0.0,0.0,30.592592,24.363636,0.0,31.5,44.0,35.2,16.5
2013-12-22,22.833334,0.8363636,0.0,0.0,30.555555,24.295454,0.0,31.0,44.0,34.8,16.5
2013-12-23,22.833334,0.6909091,0.0,0.0,29.925926,23.795454,0.0,30.0,42.0,34.6,15.5
2013-12-24,21.833334,0.5272727,0.0,0.0,28.481482,22.477272,0.0,26.0,39.0,27.4,12.0
2013-12-25,20.666666,0.47272727,0.0,0.0,26.592592,20.772728,0.0,23.0,37.0,25.8,9.5
2013-12-26,18.833334,0.4181818,0.0,0.0,24.925926,19.318182,0.0,20.5,35.0,25.2,8.5
2013-12-27,16.833334,0.36363637,0.0,0.0,23.11111,17.613636,0.0,16.0,32.0,21.4,6.0
2013-12-28,15.833333,0.36363637,0.0,0.0,21.74074,16.477272,0.0,12.5,30.0,19.4,4.0
2013-12-29,16.333334,0.36363637,0.0,0.0,21.592592,16.25,0.0,12.0,30.0,19.4,2.5
2013-12-30,15.166667,0.36363637,0.0,0.0,21.037037,15.545455,0.0,10.0,28.0,19.0,3.5
2013-12-31,13.333333,0.36363637,0.0,0.0,19.333334,14.090909,0.0,6.5,24.0,16.2,1.0
2014-01-01,12.5,0.36363637,0.0,0.0,18.592592,13.272727,0.0,4.0,21.0,13.6,0.0
2014-01-02,11.833333,0.36363637,0.0,0.0,17.25926,12.090909,0.0,2.0,17.0,11.4,0.0
2014-01-03,11.0,0.34545454,0.0,0.0,16.25926,11.136364,0.0,0.0,13.0,9.0,0.0
2014-01-04,10.833333,0.34545454,0.0,0.0,15.296296,10.272727,0.0,0.0,8.0,7.4,0.0
2014-01-05,10.833333,0.34545454,0.0,0.0,15.296296,10.113636,0.0,0.0,7.0,7.4,0.0
2014-01-06,10.666667,0.34545454,0.0,0.0,15.074074,9.75,0.0,0.0,7.0,7.2,0.0
2014-01-07,10.5,0.34545454,0.0,0.0,14.962963,9.613636,0.0,0.0,6.0,6.4,0.0
2014-01-08,10.5,0.34545454,0.0,0.0,14.851851,9.545455,0.0,0.0,4.0,5.8,0.0
2014-01-09,10.5,0.34545454,0.0,0.0,14.851851,9.545455,0.0,0.0,3.0,6.0,0.0
2014-01-10,10.5,0.34545454,0.0,0.0,14.851851,9.545455,0.0,0.0,1.0,5.6,0.0
2014-01-11,9.833333,0.34545454,0.0,0.0,14.296296,8.954545,0.0,0.0,0.0,4.4,0.0
2014-01-12,9.833333,0.34545454,0.0,0.0,14.481482,9.204545,3.8333333,17.0,21.0,9.6,8.5
2014-01-13,9.833333,0.34545454,0.0,0.0,14.518518,9.227273,4.1666665,17.0,21.0,8.8,8.5
2014-01-14,9.666667,0.34545454,0.0,0.0,14.259259,8.840909,0.8888889,17.0,21.0,8.6,8.0
2014-01-15,8.833333,0.3272727,0.0,0.0,12.962963,7.9545455,0.0,12.0,20.0,6.4,5.0
2014-01-16,7.8333335,0.27272728,0.0,0.0,11.555555,7.090909,0.0,6.5,15.0,4.2,2.0
2014-01-17,7.0,0.2,0.0,0.0,10.333333,6.340909,0.0,1.0,11.0,3.0,0.5
2014-01-18,6.3333335,0.12727273,0.0,0.0,9.0,5.5227275,0.0,0.0,6.0,0.8,0.0
2014-01-19,6.0,0.09090909,0.0,0.0,8.037037,4.931818,0.0,0.0,1.0,0.0,0.0
2014-01-20,5.5,0.09090909,0.0,0.0,7.5925927,4.659091,0.0,0.0,0.0,0.0,0.0
2014-01-21,5.3333335,0.07272727,0.0,0.0,7.259259,4.4545455,0.0,0.0,0.0,0.0,0.0
2014-01-22,5.1666665,0.07272727,0.0,0.0,6.888889,4.2272725,0.0,0.0,0.0,0.0,0.0
2014-01-23,4.8333335,0.07272727,0.0,0.0,6.4814816,3.9772727,0.0,0.0,0.0,0.0,0.0
2014-01-24,4.8333335,0.07272727,0.0,0.0,6.4814816,3.9772727,0.0,0.0,0.0,0.0,0.0
2014-01-25,4.8333335,0.07272727,0.0,0.0,6.4814816,3.9772727,0.0,0.0,0.0,0.0,0.0
2014-01-26,4.5,0.054545455,0.0,0.0,6.4444447,3.9545455,0.0,0.0,0.0,0.0,0.0
2014-01-27,4.6666665,0.054545455,0.0,0.0,6.4444447,3.9545455,0.0,0.0,0.0,0.0,0.0
2014-01-28,4.5,0.054545455,0.0,0.0,6.4444447,3.9545455,0.0,0.0,0.0,0.0,0.0
2014-01-29,4.0,0.054545455,0.0,0.0,5.851852,3.590909,0.0,0.0,0.0,0.0,0.0
2014-01-30,3.3333333,0.036363635,0.0,0.0,9.666667,9.886364,0.0,0.0,0.0,14.8,9.5
2014-01-31,44.666668,9.545455,13.0,9.75,47.74074,48.363636,0.0,18.0,21.0,43.8,20.0
2014-02-01,43.166668,16.4,27.333334,24.0,52.185184,52.0,0.0,19.0,22.0,44.0,20.0
2014-02-02,48.833332,16.418182,27.333334,24.0,52.074074,51.840908,0.0,19.0,22.0,44.0,21.0
2014-02-03,44.833332,16.363636,28.0,24.5,53.22222,53.06818,0.0,21.5,24.0,45.4,22.0
2014-02-04,46.833332,16.4,27.666666,24.25,52.962963,52.909092,0.0,21.5,24.0,45.6,27.0
2014-02-05,44.0,16.418182,27.666666,24.0,53.333332,53.136364,0.0,21.5,24.0,45.6,27.0
2014-02-06,40.166668,16.436363,27.333334,24.0,55.296295,55.909092,0.3888889,24.5,27.0,45.6,28.5
2014-02-07,47.166668,24.254545,41.333332,38.0,62.962963,63.022728,6.5,35.5,40.0,49.6,34.0
2014-02-08,52.0,28.690908,46.666668,41.25,74.74074,77.454544,31.777779,60.5,68.0,57.4,42.5
2014-02-09,57.0,27.672728,42.333332,36.5,98.14815,102.63636,39.333332,156.5,158.0,108.0,89.5
2014-02-10,62.833332,24.854546,32.666668,25.75,109.51852,114.15909,40.5,204.5,202.0,133.0,104.5
2014-02-11,64.833336,22.654545,31.333334,23.5,110.59259,114.318184,29.61111,211.5,213.0,138.8,106.5
2014-02-12,63.833332,20.236364,31.333334,23.5,110.81481,113.63636,34.055557,209.0,212.0,138.4,102.5
2014-02-13,61.333332,13.436363,23.0,17.25,112.92593,113.931816,26.833334,207.0,208.0,136.4,97.0
2014-02-14,69.5,6.4545455,12.666667,9.5,115.07407,113.25,19.38889,205.0,197.0,151.2,92.0
2014-02-15,69.166664,2.6181817,5.3333335,4.0,117.81481,111.90909,14.111111,206.0,194.0,146.8,85.5
2014-02-16,67.333336,1.5454545,0.6666667,0.5,120.96296,113.704544,13.111111,212.0,196.0,150.4,83.5
2014-02-17,68.666664,1.2363636,0.0,0.0,121.59259,113.681816,11.777778,230.0,216.0,155.4,83.0
2014-02-18,73.166664,1.1636363,0.0,0.0,120.666664,112.65909,12.833333,230.0,215.0,154.6,81.0
2014-02-19,73.5,1.1454545,0.0,0.0,120.0,111.02273,11.888889,229.5,214.0,153.6,78.0
2014-02-20,67.833336,1.1272727,0.0,0.0,119.48148,109.90909,10.388889,226.0,217.0,153.8,79.0
2014-02-21,67.666664,1.1272727,0.0,0.0,118.37037,107.97727,10.666667,223.5,213.0,153.0,77.5
2014-02-22,67.666664,1.1090909,0.0,0.0,116.51852,105.568184,9.666667,219.0,205.0,150.0,75.5
2014-02-23,73.0,1.1090909,0.0,0.0,114.18519,102.90909,9.055555,219.5,201.0,149.4,73.0
2014-02-24,73.333336,0.96363634,0.0,0.0,111.0,99.34091,8.611111,213.0,193.0,142.6,70.5
2014-02-25,66.833336,0.8909091,0.0,0.0,106.18519,94.454544,5.3333335,203.5,186.0,137.6,67.5
2014-02-26,66.166664,0.8,0.0,0.0,100.77778,88.931816,4.6666665,193.0,178.0,132.8,62.0
2014-02-27,90.5,8.254545,10.333333,7.75,141.2963,124.704544,8.444445,208.5,195.0,146.4,59.0
2014-02-28,111.0,14.509091,15.0,11.25,160.40741,141.06818,10.444445,227.5,216.0,145.8,70.5
2014-03-01,160.33333,47.163635,41.666668,41.75,224.48148,201.45454,19.5,247.0,242.0,184.8,90.0
2014-03-02,163.33333,48.763638,42.666668,43.0,225.7037,202.34091,20.444445,252.0,245.0,183.6,90.0
2014-03-03,164.33333,49.727272,42.666668,42.75,226.96297,203.63637,20.38889,257.5,252.0,161.4,93.5
2014-03-04,172.66667,48.254547,41.333332,39.25,231.77777,209.0,26.222221,275.5,265.0,187.6,101.0
2014-03-05,170.16667,46.636364,41.333332,35.75,231.59259,208.40909,24.444445,268.0,260.0,184.8,93.5
2014-03-06,133.33333,42.0,41.333332,31.0,233.11111,208.79546,20.222221,266.5,259.0,184.4,84.5
2014-03-07,136.16667,38.2,41.333332,31.0,236.37038,210.61363,22.166666,271.0,260.0,190.6,87.0
2014-03-08,136.0,35.890907,41.333332,31.0,235.96297,209.40909,19.11111,271.5,257.0,187.2,86.5
2014-03-09,173.5,27.854546,30.333334,22.75,233.07408,203.84091,20.444445,265.5,256.0,183.0,80.0
2014-03-10,168.16667,19.472727,20.666666,15.5,229.33333,197.86363,17.944445,258.5,248.0,178.2,69.5
2014-03-11,141.5,16.49091,16.333334,12.25,227.85185,195.13637,22.0,267.5,265.0,179.6,77.0
2014-03-12,167.66667,15.563637,14.333333,10.75,226.11111,192.11363,21.61111,267.5,265.0,179.8,76.5
2014-03-13,132.5,15.472727,13.666667,10.25,226.07408,191.72728,20.61111,267.5,266.0,177.4,76.5
2014-03-14,132.5,14.636364,11.666667,8.75,224.92592,189.97728,17.833334,263.5,259.0,172.4,73.0
2014-03-15,165.5,11.963636,7.3333335,5.5,221.81482,185.63637,16.166666,251.5,252.0,163.0,69.0
2014-03-16,162.16667,7.927273,0.0,0.0,216.92592,179.40909,13.444445,225.0,243.0,155.6,66.0
2014-03-17,155.5,5.0,0.0,0.0,208.48148,170.40909,10.944445,209.5,237.0,150.8,62.0
2014-03-18,155.16667,4.7090907,0.0,0.0,205.48148,167.43182,10.555555,202.5,228.0,147.8,66.0
2014-03-19,155.16667,4.6545453,0.0,0.0,203.92592,165.86363,9.5,197.5,220.0,145.4,65.5
2014-03-20,144.66667,4.3818183,0.0,0.0,201.22223,163.29546,8.888889,192.0,217.0,143.8,64.0
2014-03-21,140.83333,3.8909092,0.0,0.0,197.18518,159.59091,7.611111,182.0,208.0,141.0,60.5
2014-03-22,139.66667,3.5272727,0.0,0.0,193.14815,155.93182,6.5555553,173.0,201.0,139.2,57.5
2014-03-23,147.83333,3.2181818,0.0,0.0,188.88889,151.97728,6.0,164.5,193.0,141.6,54.5
2014-03-24,146.5,2.8363636,0.0,0.0,181.92592,145.0,5.611111,153.5,182.0,140.2,49.0
2014-03-25,144.0,2.0545454,0.0,0.0,170.14815,133.70454,4.888889,139.5,172.0,136.0,41.0
2014-03-26,146.5,1.8545455,0.0,0.0,175.55556,139.0,4.4444447,142.5,174.0,141.2,40.5
2014-03-27,153.83333,7.3454547,24.666666,24.75,205.14815,168.59091,18.444445,171.5,194.0,128.8,53.5
2014-03-28,166.16667,7.7454543,22.0,21.75,209.55556,173.18182,19.833334,180.5,201.0,129.2,58.0
2014-03-29,166.83333,5.1272726,11.333333,10.0,209.92592,172.38637,19.222221,185.0,201.0,146.0,59.5
2014-03-30,173.0,5.181818,11.333333,8.5,226.85185,190.70454,49.166668,230.0,249.0,165.4,103.5
2014-03-31,166.5,5.7818184,14.333333,10.75,232.59259,195.04546,51.11111,230.5,250.0,158.6,96.5
2014-04-01,177.0,16.036364,26.666666,23.75,251.81482,215.15909,65.388885,259.5,279.0,160.6,111.5
2014-04-02,184.66667,19.254545,38.0,34.75,226.92592,203.5,56.22222,277.5,292.0,159.2,117.5
2014-04-03,193.5,20.2,38.666668,35.5,226.85185,203.95454,61.11111,278.5,294.0,161.2,116.0
2014-04-04,193.5,20.709091,33.0,31.0,227.55556,204.43182,52.11111,283.5,300.0,157.0,114.0
2014-04-05,194.5,20.50909,30.666666,27.25,222.96297,202.13637,53.11111,285.5,301.0,156.6,113.5
2014-04-06,192.16667,19.836363,30.666666,26.0,225.92592,204.09091,57.27778,282.0,296.0,156.2,111.0
2014-04-07,190.83333,10.727273,28.0,21.0,225.55556,201.68182,37.5,284.0,289.0,154.6,104.5
2014-04-08,186.5,3.1636364,11.666667,8.75,209.14815,181.93182,20.0,268.0,277.0,162.4,90.5
2014-04-09,169.66667,1.4727273,0.0,0.0,196.0,162.09091,13.666667,226.0,262.0,156.4,77.0
2014-04-10,159.5,0.90909094,0.0,0.0,204.25926,159.45454,8.388889,189.0,240.0,147.2,56.5
2014-04-11,147.83333,0.3272727,0.0,0.0,186.44444,142.95454,6.0555553,165.0,219.0,135.0,41.5
2014-04-12,153.5,0.10909091,0.0,0.0,171.85185,130.04546,4.111111,142.0,197.0,121.6,26.0
2014-04-13,145.83333,0.0,0.0,0.0,162.96297,122.045456,2.6666667,117.5,171.0,109.0,12.5
2014-04-14,141.66667,0.0,0.0,0.0,156.25926,115.88636,1.1111112,98.5,140.0,102.4,6.5
2014-04-15,135.0,0.0,0.0,0.0,148.18518,108.61364,0.0,80.5,119.0,93.0,0.0
2014-04-16,112.5,0.0,0.0,0.0,139.0,100.52273,0.0,63.5,97.0,81.2,0.0
2014-04-17,86.833336,0.0,0.0,0.0,127.92593,91.0,0.0,54.5,82.0,69.4,0.0
2014-04-18,75.666664,0.0,0.0,0.0,117.44444,82.02273,0.0,44.0,67.0,55.6,0.0
2014-04-19,69.833336,0.0,0.0,0.0,109.51852,75.13636,0.0,35.0,52.0,43.4,0.0
2014-04-20,63.666668,0.0,0.0,0.0,102.44444,69.068184,0.0,27.0,40.0,33.4,0.0
2014-04-21,57.166668,0.0,0.0,0.0,95.44444,63.68182,0.0,18.5,28.0,23.2,0.0
2014-04-22,50.666668,0.0,0.0,0.0,92.48148,61.272728,0.0,12.5,17.0,13.8,0.0
2014-04-23,51.666668,0.0,0.0,0.0,88.703705,58.06818,0.055555556,23.0,30.0,18.6,3.5
2014-04-24,50.833332,0.0,0.0,0.0,93.62963,62.25,0.0,24.5,29.0,19.0,1.5
2014-04-25,47.833332,0.0,0.0,0.0,91.22222,60.25,0.0,22.0,25.0,15.0,0.0
2014-04-26,44.833332,11.290909,10.666667,8.75,114.59259,90.545456,0.0,58.0,56.0,28.6,12.5
2014-04-27,45.666668,12.018182,11.0,9.25,114.55556,90.13636,0.0,58.0,52.0,24.2,10.5
2014-04-28,44.0,9.6,10.0,7.5,114.296295,89.27273,0.0,56.0,50.0,23.0,10.0
2014-04-29,48.5,4.581818,5.6666665,4.25,107.25926,80.97727,0.0,52.5,46.0,24.8,5.5
2014-04-30,43.833332,0.23636363,0.0,0.0,93.0,63.454544,0.0,33.5,36.0,17.6,0.0
2014-05-01,52.333332,0.0,0.0,0.0,103.703705,68.545456,0.0,17.5,21.0,9.0,0.0
2014-05-02,39.5,0.0,0.0,0.0,87.81481,56.704544,0.0,3.0,0.0,0.0,0.0
2014-05-03,27.833334,0.0,0.0,0.0,69.44444,43.863636,0.0,0.0,0.0,0.0,0.0
2014-05-04,20.666666,0.0,0.0,0.0,59.148148,36.81818,0.0,0.0,0.0,0.0,0.0
2014-05-05,18.666666,0.0,0.0,0.0,55.666668,34.477272,0.0,0.0,0.0,0.0,0.0
2014-05-06,15.166667,0.036363635,0.0,0.0,55.074074,34.25,0.0,0.0,0.0,0.0,0.0
2014-05-07,13.833333,0.6,2.0,1.75,45.333332,29.363636,0.0,0.0,0.0,2.8,0.0
2014-05-08,14.166667,0.27272728,1.6666666,1.25,47.925926,30.431818,0.0,0.0,0.0,2.0,0.0
2014-05-09,16.166666,0.10909091,0.0,0.0,57.592594,36.159092,0.0,0.0,0.0,0.0,0.0
2014-05-10,18.833334,0.0,0.0,0.0,56.814816,35.272728,0.0,0.0,0.0,0.0,0.0
2014-05-11,19.166666,0.0,0.0,0.0,56.77778,35.227272,0.0,0.0,0.0,0.4,0.0
2014-05-12,19.0,0.0,0.0,0.0,56.666668,35.090908,0.0,0.0,0.0,0.6,0.0
2014-05-13,17.333334,0.0,0.0,0.0,52.0,31.977272,0.0,0.0,0.0,0.0,0.0
2014-05-14,14.333333,0.0,0.0,0.0,44.037037,27.022728,0.0,0.0,0.0,0.0,0.0
2014-05-15,9.333333,0.0,0.0,0.0,32.88889,20.181818,0.0,0.0,0.0,0.0,0.0
2014-05-16,2.8333333,0.0,0.0,0.0,24.222221,14.863636,0.0,0.0,0.0,0.0,0.0
2014-05-17,0.0,0.0,0.0,0.0,17.925926,11.0,0.0,0.0,0.0,0.0,0.0
2014-05-18,0.0,0.0,0.0,0.0,15.037037,9.227273,0.0,0.0,0.0,0.0,0.0
2014-05-19,0.0,0.0,0.0,0.0,14.444445,8.863636,0.0,0.0,0.0,0.0,0.0
2014-05-20,0.0,0.0,0.0,0.0,14.296296,8.772727,0.0,0.0,0.0,0.0,0.0
2014-05-21,1.1666666,0.0,0.0,0.0,14.703704,9.522727,0.0,2.5,1.0,16.2,0.5
2014-05-22,3.5,0.0,0.0,0.0,15.777778,10.159091,0.0,0.0,0.0,8.8,0.0
2014-05-23,3.3333333,0.0,0.0,0.0,13.259259,8.136364,0.0,0.0,0.0,3.2,0.0
2014-05-24,0.0,0.0,0.0,0.0,12.62963,7.75,0.0,0.0,0.0,0.0,0.0
2014-05-25,0.0,0.0,0.0,0.0,8.555555,5.25,0.0,0.0,0.0,0.0,0.0
2014-05-26,0.0,0.0,0.0,0.0,6.5185184,4.0,0.0,0.0,0.0,0.0,0.0
2014-05-27,0.0,0.0,0.0,0.0,4.703704,2.8863637,0.0,0.0,0.0,0.0,0.0
2014-05-28,0.0,0.0,0.0,0.0,4.5925927,2.8181818,0.0,0.0,0.0,0.0,0.0
2014-05-29,0.0,0.0,0.0,0.0,4.148148,2.5454545,0.0,0.0,0.0,0.0,0.0
2014-05-30,0.0,0.0,0.0,0.0,3.8148148,2.340909,0.0,0.0,0.0,0.0,0.0
2014-05-31,0.0,0.0,0.0,0.0,3.4074075,2.090909,0.0,0.0,0.0,0.0,0.0
2014-06-01,0.0,0.0,0.0,0.0,2.9629629,1.8181819,0.0,0.0,0.0,0.0,0.0
2014-06-02,0.0,0.0,0.0,0.0,2.2222223,1.3636364,0.0,0.0,0.0,0.0,0.0
2014-06-03,0.0,0.0,0.0,0.0,1.6666666,1.0227273,0.0,0.0,0.0,0.0,0.0
2014-06-04,0.0,0.0,0.0,0.0,1.037037,0.6363636,0.0,0.0,0.0,0.0,0.0
2014-06-05,0.0,0.0,0.0,0.0,0.18518518,0.11363637,0.0,0.0,0.0,0.0,0.0
2014-06-06,0.0,0.0,0.0,0.0,0.0,0.0,0.0,0.0,0.0,0.0,0.0
2014-06-07,0.0,0.0,0.0,0.0,0.0,0.0,0.0,0.0,0.0,0.0,0.0
2014-06-08,0.0,0.0,0.0,0.0,0.0,0.0,0.0,0.0,0.0,0.0,0.0
2014-06-09,0.0,0.0,0.0,0.0,0.0,0.0,0.0,0.0,0.0,0.0,0.0
2014-06-10,0.0,0.0,0.0,0.0,0.0,0.0,0.0,0.0,0.0,0.0,0.0
2014-06-11,0.0,0.0,0.0,0.0,0.0,0.0,0.0,0.0,0.0,0.0,0.0
2014-06-12,0.0,0.0,0.0,0.0,0.0,0.0,0.0,0.0,0.0,0.0,0.0
2014-06-13,0.0,0.0,0.0,0.0,0.0,0.0,0.0,0.0,0.0,0.0,0.0
2014-06-14,0.0,0.0,0.0,0.0,0.0,0.0,0.0,0.0,0.0,0.0,0.0
2014-06-15,0.0,0.0,0.0,0.0,0.0,0.0,0.0,0.0,0.0,0.0,0.0
2014-06-16,0.0,0.0,0.0,0.0,0.0,0.0,0.0,0.0,0.0,0.0,0.0
2014-06-17,0.0,0.0,0.0,0.0,0.0,0.0,0.0,0.0,0.0,0.0,0.0
2014-06-18,0.0,0.0,0.0,0.0,0.0,0.0,0.0,0.0,0.0,0.0,0.0
2014-06-19,0.0,0.0,0.0,0.0,0.0,0.0,0.0,0.0,0.0,0.0,0.0
2014-06-20,0.0,0.0,0.0,0.0,0.0,0.0,0.0,0.0,0.0,0.0,0.0
2014-06-21,0.0,0.0,0.0,0.0,0.0,0.0,0.0,0.0,0.0,0.0,0.0
2014-06-22,0.0,0.0,0.0,0.0,0.0,0.0,0.0,0.0,0.0,0.0,0.0
2014-06-23,0.0,0.0,0.0,0.0,0.0,0.0,0.0,0.0,0.0,0.0,0.0
2014-06-24,0.0,0.0,0.0,0.0,0.0,0.0,0.0,0.0,0.0,0.0,0.0
2014-06-25,0.0,0.0,0.0,0.0,0.0,0.0,0.0,0.0,0.0,0.0,0.0
2014-06-26,0.0,0.0,0.0,0.0,0.0,0.0,0.0,0.0,0.0,0.0,0.0
2014-06-27,0.0,0.0,0.0,0.0,0.0,0.0,0.0,0.0,0.0,0.0,0.0
2014-06-28,0.0,0.0,0.0,0.0,0.0,0.0,0.0,0.0,0.0,0.0,0.0
2014-06-29,0.0,0.0,0.0,0.0,0.0,0.0,0.0,0.0,0.0,0.0,0.0
2014-06-30,0.0,0.0,0.0,0.0,0.0,0.0,0.0,0.0,0.0,0.0,0.0
2014-07-01,0.0,0.0,0.0,0.0,0.0,0.0,0.0,0.0,0.0,0.0,0.0
2014-07-02,0.0,0.0,0.0,0.0,0.0,0.0,0.0,0.0,0.0,0.0,0.0
2014-07-03,0.0,0.0,0.0,0.0,0.0,0.0,0.0,0.0,0.0,0.0,0.0
2014-07-04,0.0,0.0,0.0,0.0,0.0,0.0,0.0,0.0,0.0,0.0,0.0
2014-07-05,0.0,0.0,0.0,0.0,0.0,0.0,0.0,0.0,0.0,0.0,0.0
2014-07-06,0.0,0.0,0.0,0.0,0.0,0.0,0.0,0.0,0.0,0.0,0.0
2014-07-07,0.0,0.0,0.0,0.0,0.0,0.0,0.0,0.0,0.0,0.0,0.0
2014-07-08,0.0,0.0,0.0,0.0,0.0,0.0,0.0,0.0,0.0,0.0,0.0
2014-07-09,0.0,0.0,0.0,0.0,0.0,0.0,0.0,0.0,0.0,0.0,0.0
2014-07-10,0.0,0.0,0.0,0.0,0.0,0.0,0.0,0.0,0.0,0.0,0.0
2014-07-11,0.0,0.0,0.0,0.0,0.0,0.0,0.0,0.0,0.0,0.0,0.0
2014-07-12,0.0,0.0,0.0,0.0,0.0,0.0,0.0,0.0,0.0,0.0,0.0
2014-07-13,0.0,0.0,0.0,0.0,0.0,0.0,0.0,0.0,0.0,0.0,0.0
2014-07-14,0.0,0.0,0.0,0.0,0.0,0.0,0.0,0.0,0.0,0.0,0.0
2014-07-15,0.0,0.0,0.0,0.0,0.0,0.0,0.0,0.0,0.0,0.0,0.0
2014-07-16,0.0,0.0,0.0,0.0,0.0,0.0,0.0,0.0,0.0,0.0,0.0
2014-07-17,0.0,0.0,0.0,0.0,0.0,0.0,0.0,0.0,0.0,0.0,0.0
2014-07-18,0.0,0.0,0.0,0.0,0.0,0.0,0.0,0.0,0.0,0.0,0.0
2014-07-19,0.0,0.0,0.0,0.0,0.0,0.0,0.0,0.0,0.0,0.0,0.0
2014-07-20,0.0,0.0,0.0,0.0,0.0,0.0,0.0,0.0,0.0,0.0,0.0
2014-07-21,0.0,0.0,0.0,0.0,0.0,0.0,0.0,0.0,0.0,0.0,0.0
2014-07-22,0.0,0.0,0.0,0.0,0.0,0.0,0.0,0.0,0.0,0.0,0.0
2014-07-23,0.0,0.0,0.0,0.0,0.0,0.0,0.0,0.0,0.0,0.0,0.0
2014-07-24,0.0,0.0,0.0,0.0,0.0,0.0,0.0,0.0,0.0,0.0,0.0
2014-07-25,0.0,0.0,0.0,0.0,0.0,0.0,0.0,0.0,0.0,0.0,0.0
2014-07-26,0.0,0.0,0.0,0.0,0.0,0.0,0.0,0.0,0.0,0.0,0.0
2014-07-27,0.0,0.0,0.0,0.0,0.0,0.0,0.0,0.0,0.0,0.0,0.0
2014-07-28,0.0,0.0,0.0,0.0,0.0,0.0,0.0,0.0,0.0,0.0,0.0
2014-07-29,0.0,0.0,0.0,0.0,0.0,0.0,0.0,0.0,0.0,0.0,0.0
2014-07-30,0.0,0.0,0.0,0.0,0.0,0.0,0.0,0.0,0.0,0.0,0.0
2014-07-31,0.0,0.0,0.0,0.0,0.0,0.0,0.0,0.0,0.0,0.0,0.0
2014-08-01,0.0,0.0,0.0,0.0,0.0,0.0,0.0,0.0,0.0,0.0,0.0
2014-08-02,0.0,0.0,0.0,0.0,0.0,0.0,0.0,0.0,0.0,0.0,0.0
2014-08-03,0.0,0.0,0.0,0.0,0.0,0.0,0.0,0.0,0.0,0.0,0.0
2014-08-04,0.0,0.0,0.0,0.0,0.0,0.0,0.0,0.0,0.0,0.0,0.0
2014-08-05,0.0,0.0,0.0,0.0,0.0,0.0,0.0,0.0,0.0,0.0,0.0
2014-08-06,0.0,0.0,0.0,0.0,0.0,0.0,0.0,0.0,0.0,0.0,0.0
2014-08-07,0.0,0.0,0.0,0.0,0.0,0.0,0.0,0.0,0.0,0.0,0.0
2014-08-08,0.0,0.0,0.0,0.0,0.0,0.0,0.0,0.0,0.0,0.0,0.0
2014-08-09,0.0,0.0,0.0,0.0,0.0,0.0,0.0,0.0,0.0,0.0,0.0
2014-08-10,0.0,0.0,0.0,0.0,0.0,0.0,0.0,0.0,0.0,0.0,0.0
2014-08-11,0.0,0.0,0.0,0.0,0.0,0.0,0.0,0.0,0.0,0.0,0.0
2014-08-12,0.0,0.0,0.0,0.0,0.0,0.0,0.0,0.0,0.0,0.0,0.0
2014-08-13,0.0,0.0,0.0,0.0,0.0,0.0,0.0,0.0,0.0,0.0,0.0
2014-08-14,0.0,0.0,0.0,0.0,0.0,0.0,0.0,0.0,0.0,0.0,0.0
2014-08-15,0.0,0.0,0.0,0.0,0.0,0.0,0.0,0.0,0.0,0.0,0.0
2014-08-16,0.0,0.0,0.0,0.0,0.0,0.0,0.0,0.0,0.0,0.0,0.0
2014-08-17,0.0,0.0,0.0,0.0,0.0,0.0,0.0,0.0,0.0,0.0,0.0
2014-08-18,0.0,0.0,0.0,0.0,0.0,0.0,0.0,0.0,0.0,0.0,0.0
2014-08-19,0.0,0.0,0.0,0.0,0.0,0.0,0.0,0.0,0.0,0.0,0.0
2014-08-20,0.0,0.0,0.0,0.0,0.0,0.0,0.0,0.0,0.0,0.0,0.0
2014-08-21,0.0,0.0,0.0,0.0,0.0,0.0,0.0,0.0,0.0,0.0,0.0
2014-08-22,0.0,0.0,0.0,0.0,0.0,0.0,0.0,0.0,0.0,0.0,0.0
2014-08-23,0.0,0.0,0.0,0.0,0.0,0.0,0.0,0.0,0.0,0.0,0.0
2014-08-24,0.0,0.0,0.0,0.0,0.0,0.0,0.0,0.0,0.0,0.0,0.0
2014-08-25,0.0,0.0,0.0,0.0,0.0,0.0,0.0,0.0,0.0,0.0,0.0
2014-08-26,0.0,0.0,0.0,0.0,0.0,0.0,0.0,0.0,0.0,0.0,0.0
2014-08-27,0.0,0.0,0.0,0.0,0.0,0.0,0.0,0.0,0.0,0.0,0.0
2014-08-28,0.0,0.0,0.0,0.0,0.0,0.0,0.0,0.0,0.0,0.0,0.0
2014-08-29,0.0,0.0,0.0,0.0,0.0,0.0,0.0,0.0,0.0,0.0,0.0
2014-08-30,0.0,0.0,0.0,0.0,0.0,0.0,0.0,0.0,0.0,0.0,0.0
2014-08-31,0.0,0.0,0.0,0.0,0.0,0.0,0.0,0.0,0.0,0.0,0.0
2014-09-01,0.0,0.0,0.0,0.0,0.0,0.0,0.0,0.0,0.0,0.0,0.0
2014-09-02,0.0,0.0,0.0,0.0,0.0,0.0,0.0,0.0,0.0,0.0,0.0
2014-09-03,0.0,0.0,0.0,0.0,0.0,0.0,0.0,0.0,0.0,0.0,0.0
2014-09-04,0.0,0.0,0.0,0.0,0.0,0.0,0.0,0.0,0.0,0.0,0.0
2014-09-05,0.0,0.0,0.0,0.0,0.0,0.0,0.0,0.0,0.0,0.0,0.0
2014-09-06,0.0,0.0,0.0,0.0,0.0,0.0,0.0,0.0,0.0,0.0,0.0
2014-09-07,0.0,0.0,0.0,0.0,0.0,0.0,0.0,0.0,0.0,0.0,0.0
2014-09-08,0.0,0.0,0.0,0.0,0.0,0.0,0.0,0.0,0.0,0.0,0.0
2014-09-09,0.0,0.0,0.0,0.0,0.0,0.0,0.0,0.0,0.0,0.0,0.0
2014-09-10,0.0,0.0,0.0,0.0,0.0,0.0,0.0,0.0,0.0,0.0,0.0
2014-09-11,0.0,0.0,0.0,0.0,0.0,0.0,0.0,0.0,0.0,0.0,0.0
2014-09-12,0.0,0.0,0.0,0.0,0.0,0.0,0.0,0.0,0.0,0.0,0.0
2014-09-13,0.0,0.0,0.0,0.0,0.0,0.0,0.0,0.0,0.0,0.0,0.0
2014-09-14,0.0,0.0,0.0,0.0,0.0,0.0,0.0,0.0,0.0,0.0,0.0
2014-09-15,0.0,0.0,0.0,0.0,0.0,0.0,0.0,0.0,0.0,0.0,0.0
2014-09-16,0.0,0.0,0.0,0.0,0.0,0.0,0.0,0.0,0.0,0.0,0.0
2014-09-17,0.0,0.0,0.0,0.0,0.0,0.0,0.0,0.0,0.0,0.0,0.0
2014-09-18,0.0,0.0,0.0,0.0,0.0,0.0,0.0,0.0,0.0,0.0,0.0
2014-09-19,0.0,0.0,0.0,0.0,0.0,0.0,0.0,0.0,0.0,0.0,0.0
2014-09-20,0.0,0.0,0.0,0.0,0.0,0.0,0.0,0.0,0.0,0.0,0.0
2014-09-21,0.0,0.0,0.0,0.0,0.0,0.0,0.0,0.0,0.0,0.0,0.0
2014-09-22,0.0,0.0,0.0,0.0,0.0,0.0,0.0,0.0,0.0,0.0,0.0
2014-09-23,0.0,0.0,0.0,0.0,0.0,0.0,0.0,0.0,0.0,0.0,0.0
2014-09-24,0.0,0.0,0.0,0.0,0.0,0.0,0.0,0.0,0.0,0.0,0.0
2014-09-25,0.0,0.0,0.0,0.0,0.0,0.0,0.0,0.0,0.0,0.0,0.0
2014-09-26,0.0,0.0,0.0,0.0,0.0,0.0,0.0,0.0,0.0,0.0,0.0
2014-09-27,0.0,0.0,0.0,0.0,0.0,0.0,0.0,0.0,0.0,4.0,0.0
2014-09-28,0.8333333,0.0,0.0,0.0,2.148148,1.7727273,0.0,0.0,0.0,10.4,0.0
2014-09-29,6.0,0.3090909,0.0,0.0,6.185185,4.659091,0.0,0.0,0.0,8.6,0.0
2014-09-30,2.3333333,0.0,0.0,0.0,3.5925925,2.3863637,0.0,0.0,0.0,3.2,0.0
2014-10-01,0.0,0.0,0.0,0.0,0.4074074,0.25,0.0,0.0,0.0,1.0,0.0
2014-10-02,0.0,0.0,0.0,0.0,0.037037037,0.022727273,0.0,0.0,0.0,0.0,0.0
2014-10-03,0.0,0.0,0.0,0.0,0.0,0.0,0.0,0.0,0.0,0.0,0.0
2014-10-04,0.0,0.0,0.0,0.0,0.0,0.0,0.0,0.0,0.0,0.0,0.0
2014-10-05,0.0,0.0,0.0,0.0,0.0,0.0,0.0,0.0,0.0,0.0,0.0
2014-10-06,0.0,0.0,0.0,0.0,0.0,0.0,0.0,0.0,0.0,0.0,0.0
2014-10-07,0.0,0.0,0.0,0.0,0.0,0.0,0.0,0.0,0.0,0.0,0.0
2014-10-08,0.0,0.0,0.0,0.0,0.0,0.0,0.0,0.0,0.0,0.0,0.0
2014-10-09,0.0,0.0,0.0,0.0,0.0,0.0,0.0,0.0,0.0,0.0,0.0
2014-10-10,0.0,0.0,0.0,0.0,0.0,0.0,0.0,0.0,0.0,0.0,0.0
2014-10-11,0.0,0.0,0.0,0.0,0.0,0.0,0.0,0.0,0.0,0.0,0.0
2014-10-12,0.0,0.0,0.0,0.0,0.0,0.0,0.0,0.0,0.0,0.0,0.0
2014-10-13,0.0,0.0,0.0,0.0,0.0,0.0,0.0,0.0,0.0,0.0,0.0
2014-10-14,0.0,0.0,0.0,0.0,0.0,0.0,0.0,0.0,0.0,0.0,0.0
2014-10-15,0.0,0.0,0.0,0.0,0.0,0.0,0.0,0.0,0.0,0.0,0.0
2014-10-16,0.0,0.0,0.0,0.0,0.0,0.0,0.0,0.0,0.0,0.0,0.0
2014-10-17,0.0,0.0,0.0,0.0,0.0,0.0,0.0,0.0,0.0,0.0,0.0
2014-10-18,0.0,0.0,0.0,0.0,0.0,0.0,0.0,0.0,0.0,0.0,0.0
2014-10-19,0.0,0.0,0.0,0.0,0.0,0.0,0.0,0.0,0.0,0.0,0.0
2014-10-20,0.0,0.0,0.0,0.0,0.0,0.0,0.0,0.0,0.0,0.0,0.0
2014-10-21,0.0,0.0,0.0,0.0,0.0,0.0,0.0,0.0,0.0,0.0,0.0
2014-10-22,0.0,0.0,0.0,0.0,0.0,0.0,0.0,0.0,0.0,0.0,0.0
2014-10-23,0.0,0.0,0.0,0.0,0.0,0.0,0.0,0.0,0.0,0.0,0.0
2014-10-24,0.0,0.0,0.0,0.0,0.0,0.0,0.0,0.0,0.0,0.0,0.0
2014-10-25,0.0,0.0,0.0,0.0,0.0,0.0,0.0,0.0,0.0,0.0,0.0
2014-10-26,0.0,0.0,0.0,0.0,0.037037037,0.022727273,0.0,0.0,0.0,0.0,0.0
2014-10-27,0.0,0.0,0.0,0.0,0.037037037,0.022727273,0.0,0.0,0.0,0.0,0.0
2014-10-28,0.0,0.0,0.0,0.0,0.037037037,0.022727273,0.0,0.0,0.0,0.0,0.0
2014-10-29,0.0,0.0,0.0,0.0,0.0,0.0,0.0,0.0,0.0,0.0,0.0
2014-10-30,0.0,0.0,0.0,0.0,0.0,0.0,0.0,0.0,0.0,0.0,0.0
2014-10-31,0.0,0.0,0.0,0.0,0.0,0.0,0.0,0.0,0.0,0.0,0.0
2014-11-01,2.8333333,0.054545455,0.6666667,0.5,10.925926,10.136364,0.0,0.0,0.0,0.0,0.0
2014-11-02,5.8333335,1.3636364,12.666667,12.5,12.37037,11.409091,0.22222222,10.5,16.0,3.6,3.5
2014-11-03,5.5,1.3272728,11.0,10.75,12.0,11.136364,0.11111111,7.5,11.0,3.6,3.5
2014-11-04,5.5,0.90909094,9.333333,8.25,11.851851,10.75,0.0,8.0,12.0,2.6,2.0
2014-11-05,5.5,0.10909091,5.0,3.75,14.148149,12.568182,0.0,2.0,8.0,0.0,0.0
2014-11-06,4.0,0.0,0.0,0.0,8.259259,7.25,0.0,0.0,1.0,0.0,0.0
2014-11-07,0.5,0.0,0.0,0.0,3.1111112,2.9772727,0.0,0.0,0.0,0.0,0.0
2014-11-08,0.0,0.0,0.0,0.0,0.5925926,0.65909094,0.0,0.0,0.0,0.0,0.0
2014-11-09,0.0,0.0,0.0,0.0,0.0,0.0,0.0,0.0,0.0,0.0,0.0
2014-11-10,0.0,0.0,0.0,0.0,0.0,0.0,0.0,0.0,0.0,0.0,0.0
2014-11-11,0.0,0.0,0.0,0.0,0.0,0.0,0.0,0.0,0.0,0.0,0.0
2014-11-12,0.0,0.0,0.0,0.0,0.0,0.0,0.0,0.0,0.0,0.0,0.0
2014-11-13,0.0,0.0,0.0,0.0,0.37037036,0.3409091,0.0,0.0,0.0,0.0,0.0
2014-11-14,1.0,0.0,0.0,0.0,5.4814816,4.2727275,0.0,0.0,0.0,1.2,0.0
2014-11-15,0.8333333,0.0,0.0,0.0,4.0,3.5681818,0.0,0.0,0.0,0.6,0.0
2014-11-16,0.8333333,0.0,0.0,0.0,4.148148,3.6363637,0.0,0.0,0.0,1.0,0.0
2014-11-17,0.8333333,0.0,0.0,0.0,4.0,3.5454545,0.0,0.0,0.0,1.0,0.5
2014-11-18,0.6666667,0.0,0.0,0.0,3.6296296,3.159091,0.0,0.0,0.0,0.2,0.0
2014-11-19,0.5,0.0,0.0,0.0,3.851852,3.0681818,0.0,0.0,0.0,0.0,0.0
2014-11-20,0.5,0.0,0.0,0.0,4.0,3.2272727,0.6111111,0.0,0.0,0.0,0.0
2014-11-21,1.3333334,0.54545456,0.0,0.0,7.814815,7.7272725,1.5555556,1.0,1.0,0.0,0.0
2014-11-22,1.1666666,0.5090909,0.0,0.0,8.111111,8.318182,1.1111112,3.5,3.0,0.8,2.5
2014-11-23,3.8333333,0.34545454,0.0,0.0,10.925926,11.795455,1.1666666,16.5,18.0,6.4,11.5
2014-11-24,4.0,0.3272727,0.0,0.0,10.962963,12.25,1.2222222,15.5,18.0,6.4,14.0
2014-11-25,3.6666667,0.3272727,0.0,0.0,13.037037,13.318182,0.8888889,16.0,17.0,6.0,13.0
2014-11-26,1.0,0.036363635,0.0,0.0,9.666667,9.727273,0.44444445,11.5,14.0,3.6,7.5
2014-11-27,0.0,0.0,0.0,0.0,6.4074073,6.840909,0.0,4.5,7.0,0.4,1.5
2014-11-28,0.0,0.0,0.0,0.0,3.7037036,4.5,0.0,1.0,3.0,0.0,0.0
2014-11-29,0.0,0.0,0.0,0.0,2.7777777,3.7272727,0.5555556,1.0,2.0,0.0,0.5
2014-11-30,0.0,0.0,0.0,0.0,3.0,5.409091,0.6666667,35.0,49.0,6.4,22.5
2014-12-01,0.0,0.0,0.0,0.0,4.3703704,7.818182,1.7777778,47.5,63.0,11.6,31.5
2014-12-02,0.0,0.018181818,0.0,0.0,4.259259,8.25,1.6666666,52.0,67.0,11.6,35.0
2014-12-03,21.333334,16.981817,0.0,0.0,27.444445,25.318182,1.8333334,57.0,85.0,23.0,61.5
2014-12-04,25.166666,16.781818,0.0,0.0,33.962963,32.545456,3.4444444,65.0,84.0,34.2,83.5
2014-12-05,21.166666,17.818182,0.0,0.0,34.51852,32.659092,2.7777777,68.0,85.0,37.0,78.5
2014-12-06,21.0,17.709091,0.0,0.0,38.555557,35.409092,2.5,67.5,84.0,37.2,66.0
2014-12-07,22.0,16.981817,0.0,0.0,35.296295,32.704544,2.4444444,66.0,82.0,37.2,65.0
2014-12-08,22.0,15.309091,0.0,0.0,34.333332,31.931818,2.2777777,63.5,79.0,35.6,63.5
2014-12-09,21.5,12.836364,0.0,0.0,33.77778,31.272728,2.0555556,62.0,77.0,34.8,63.5
2014-12-10,20.5,10.6,0.0,0.0,33.407406,30.613636,2.0,62.0,78.0,32.8,61.5
2014-12-11,24.166666,8.654546,0.0,0.0,34.22222,31.272728,1.9444444,62.5,78.0,32.6,59.5
2014-12-12,31.5,10.036364,2.6666667,2.0,53.62963,48.386364,40.11111,67.5,79.0,34.2,56.5
2014-12-13,51.833332,38.8,48.333332,49.0,68.74074,59.977272,38.444443,75.5,86.0,44.0,70.0
2014-12-14,49.666668,39.18182,48.666668,49.5,71.37037,60.477272,40.27778,75.0,86.0,44.0,70.0
2014-12-15,49.833332,39.2,48.666668,49.5,71.14815,60.18182,40.444443,74.5,86.0,41.4,71.5
2014-12-16,54.5,41.872726,51.333332,52.75,87.111115,76.25,58.11111,84.5,99.0,48.0,82.5
2014-12-17,62.5,45.254547,57.666668,59.5,93.37037,82.77273,67.27778,90.0,104.0,50.2,85.0
2014-12-18,62.333332,47.21818,59.0,61.5,94.111115,83.818184,67.888885,91.5,107.0,50.8,87.0
2014-12-19,64.833336,47.21818,58.666668,61.25,93.07407,82.931816,69.44444,91.5,107.0,51.4,87.0
2014-12-20,64.833336,47.072727,57.333332,59.75,95.62963,85.97727,74.166664,113.0,132.0,60.6,98.5
2014-12-21,67.0,46.581818,55.0,57.5,97.59259,88.36364,75.333336,131.5,157.0,65.8,107.5
2014-12-22,69.5,44.6,49.666668,52.25,100.37037,89.86364,68.388885,130.0,159.0,65.2,108.0
2014-12-23,54.666668,41.272728,42.0,44.5,102.0,89.818184,65.27778,131.0,156.0,63.8,105.0
2014-12-24,66.5,35.98182,32.666668,34.5,103.55556,91.181816,61.166668,124.5,153.0,61.2,100.5
2014-12-25,71.833336,40.072727,37.0,36.25,109.62963,97.204544,64.0,136.0,166.0,70.8,110.5
2014-12-26,71.833336,40.109093,37.0,36.0,108.18519,96.568184,64.333336,139.0,166.0,70.6,110.5
2014-12-27,71.0,40.109093,37.0,36.25,110.92593,98.72727,60.61111,139.5,166.0,70.6,110.5
2014-12-28,71.333336,40.090908,36.666668,35.75,111.74074,99.295456,69.27778,137.5,166.0,64.6,112.0
2014-12-29,71.333336,39.745453,36.0,34.25,112.0,99.704544,66.0,138.0,166.0,64.8,112.0
2014-12-30,71.666664,39.436363,36.0,33.5,113.703705,100.954544,70.111115,136.0,166.0,71.8,113.0
2014-12-31,72.166664,40.090908,37.333332,35.0,112.25926,99.045456,72.5,137.5,167.0,79.4,121.0
2015-01-01,72.333336,40.090908,37.333332,35.0,110.18519,97.47727,70.22222,136.5,167.0,72.2,121.5
2015-01-02,72.166664,40.072727,37.333332,35.0,108.25926,96.045456,66.388885,137.5,167.0,72.0,120.5
2015-01-03,72.166664,39.927273,36.333332,33.5,106.37037,95.40909,66.44444,136.5,167.0,71.8,121.5
2015-01-04,71.666664,38.8,35.0,30.75,107.03704,95.63636,63.666668,135.0,166.0,70.8,118.5
2015-01-05,70.5,35.854546,31.333334,24.25,108.888885,95.068184,63.444443,135.0,164.0,69.8,116.0
2015-01-06,68.666664,30.163637,24.0,18.0,110.703705,92.818184,73.94444,133.5,161.0,67.6,111.0
2015-01-07,66.333336,24.272728,14.666667,11.0,108.77778,87.59091,58.5,128.0,155.0,68.2,104.5
2015-01-08,63.5,20.163637,6.6666665,5.0,108.51852,85.27273,52.444443,122.0,150.0,62.6,98.5
2015-01-09,62.0,17.8,1.3333334,1.0,107.14815,83.52273,44.72222,115.0,145.0,59.8,94.5
2015-01-10,58.833332,17.236364,0.0,0.0,109.74074,85.13636,42.22222,110.0,143.0,58.4,91.0
2015-01-11,58.5,16.854546,0.0,0.0,114.59259,88.431816,40.72222,104.5,140.0,56.8,85.0
2015-01-12,60.833332,18.581818,0.0,0.0,116.18519,89.34091,40.166668,99.5,138.0,55.6,81.5
2015-01-13,60.833332,18.163637,0.0,0.0,117.18519,90.045456,42.77778,98.5,138.0,55.6,81.0
2015-01-14,60.833332,17.963636,0.0,0.0,116.03704,89.13636,36.444443,98.5,138.0,55.6,81.0
2015-01-15,58.166668,17.345455,0.0,0.0,115.96296,89.068184,35.444443,95.5,134.0,55.2,81.0
2015-01-16,57.5,16.672728,0.0,0.0,120.25926,92.36364,33.88889,91.0,132.0,53.4,78.5
2015-01-17,56.333332,16.181818,0.0,0.0,123.111115,94.65909,32.055557,87.5,132.0,52.4,75.0
2015-01-18,54.5,15.2,0.0,0.0,124.703705,95.61364,31.38889,81.0,128.0,48.6,69.5
2015-01-19,52.333332,14.036364,0.0,0.0,125.96296,95.88636,27.722221,75.0,127.0,44.6,63.0
2015-01-20,51.0,13.781818,0.0,0.0,129.0,97.545456,25.055555,71.0,124.0,41.8,59.0
2015-01-21,51.0,13.763637,0.0,0.0,128.74074,97.204544,23.555555,68.0,120.0,41.6,58.0
2015-01-22,51.0,13.763637,0.0,0.0,130.07408,98.181816,25.38889,67.5,120.0,40.6,58.0
2015-01-23,51.0,13.672728,0.0,0.0,130.48148,98.431816,22.944445,64.0,116.0,40.2,57.5
2015-01-24,51.0,13.454545,0.0,0.0,132.37038,99.681816,20.055555,61.5,115.0,39.6,56.0
2015-01-25,48.333332,12.509091,0.0,0.0,131.2963,98.318184,15.722222,55.0,110.0,34.6,51.5
2015-01-26,43.333332,10.218182,0.0,0.0,129.77777,96.454544,14.944445,43.5,103.0,25.6,42.5
2015-01-27,42.166668,10.163636,0.0,0.0,128.59259,95.568184,13.388889,32.0,94.0,18.0,33.5
2015-01-28,40.5,11.345454,1.0,0.75,135.2963,101.068184,13.0,32.0,95.0,27.2,33.5
2015-01-29,40.333332,10.872727,0.0,0.0,135.74074,100.97727,12.0,29.0,92.0,26.8,33.0
2015-01-30,47.166668,10.545455,0.0,0.0,134.92592,100.47727,11.055555,25.5,88.0,25.8,31.5
2015-01-31,47.5,10.527273,0.0,0.0,134.66667,100.27273,10.388889,24.0,85.0,24.8,30.5
2015-02-01,47.5,8.163636,0.0,0.0,132.81482,98.59091,9.166667,21.5,81.0,20.4,30.0
2015-02-02,44.833332,9.909091,0.0,0.0,130.14815,95.88636,8.277778,19.0,78.0,17.4,27.5
2015-02-03,42.666668,9.018182,0.0,0.0,127.51852,93.295456,7.4444447,17.5,76.0,14.6,25.5
2015-02-04,39.833332,8.090909,0.0,0.0,123.44444,89.65909,6.9444447,15.0,70.0,11.6,22.5
2015-02-05,36.0,6.7636366,0.0,0.0,117.44444,84.40909,6.388889,11.0,61.0,8.6,18.5
2015-02-06,32.666668,5.6545453,0.0,0.0,112.37037,80.25,5.4444447,7.0,51.0,5.4,14.5
2015-02-07,48.5,5.2727275,0.0,0.0,144.74074,109.84091,8.666667,74.0,154.0,29.8,15.0
2015-02-08,81.166664,9.890909,0.0,0.0,162.18518,122.5,7.611111,82.0,149.0,62.6,17.0
2015-02-09,106.5,8.927273,0.0,0.0,202.96297,149.84091,7.7222223,140.0,196.0,101.8,43.0
2015-02-10,107.833336,8.218182,0.0,0.0,197.44444,145.90909,8.0,166.0,235.0,108.6,62.0
2015-02-11,106.833336,7.8545456,0.0,0.0,175.44444,128.75,7.611111,164.5,234.0,104.8,62.0
2015-02-12,102.833336,7.0,0.0,0.0,175.14815,126.704544,6.7777777,157.5,224.0,96.8,58.5
2015-02-13,90.666664,5.8545456,0.0,0.0,168.07408,119.88636,5.4444447,143.0,204.0,83.2,46.0
2015-02-14,79.833336,4.7636366,0.0,0.0,161.7037,114.295456,4.4444447,120.5,183.0,69.8,30.5
2015-02-15,74.5,4.090909,0.0,0.0,171.11111,121.02273,4.0555553,101.0,164.0,58.2,23.5
2015-02-16,77.0,3.6,0.0,0.0,173.25926,122.75,3.5,82.5,151.0,46.4,18.0
2015-02-17,62.666668,3.2,0.0,0.0,161.0,113.77273,2.9444444,66.5,138.0,35.4,13.5
2015-02-18,62.666668,3.0,0.0,0.0,152.44444,107.47727,2.4444444,51.5,124.0,24.4,8.0
2015-02-19,51.166668,2.6727273,0.0,0.0,143.74074,100.38636,1.6666666,42.0,107.0,16.6,1.5
2015-02-20,46.166668,2.418182,0.0,0.0,140.18518,97.045456,1.1111112,35.0,92.0,11.8,0.0
2015-02-21,43.0,2.3090909,0.0,0.0,138.66667,95.52273,0.6111111,29.5,81.0,9.2,0.0
2015-02-22,44.666668,2.290909,0.0,0.0,138.18518,95.22727,0.44444445,27.0,75.0,8.6,0.0
2015-02-23,45.833332,17.272728,24.333334,24.5,136.37038,93.454544,0.3888889,27.0,75.0,10.2,0.0
2015-02-24,46.0,21.436363,34.0,34.0,138.55556,94.954544,0.33333334,27.5,76.0,10.2,0.0
2015-02-25,37.833332,21.127274,32.333332,32.5,141.77777,97.86364,0.2777778,26.5,73.0,10.2,0.0
2015-02-26,42.333332,14.727273,14.0,14.25,130.07408,90.09091,0.0,23.5,67.0,8.2,0.0
2015-02-27,42.333332,11.236363,6.3333335,5.5,138.66667,95.36364,0.0,21.5,61.0,8.0,0.0
2015-02-28,44.333332,11.363636,6.3333335,5.25,138.0,95.36364,0.2777778,43.5,100.0,13.0,7.0
2015-03-01,49.666668,10.345454,8.0,7.25,139.66667,97.38636,0.2777778,69.5,135.0,25.6,21.0
2015-03-02,53.833332,12.4,10.333333,9.5,143.59259,101.0,0.11111111,70.5,136.0,26.6,22.0
2015-03-03,58.666668,14.909091,14.333333,13.0,149.92592,106.59091,0.16666667,72.0,136.0,26.8,23.0
2015-03-04,58.666668,14.963636,13.0,11.75,149.92592,106.59091,0.11111111,72.5,136.0,26.8,23.0
2015-03-05,62.0,14.381818,11.666667,9.5,146.44444,104.068184,0.0,72.0,136.0,26.8,23.0
2015-03-06,48.166668,11.509091,8.333333,6.25,160.0,112.47727,0.0,71.5,133.0,27.0,22.5
2015-03-07,45.5,7.836364,3.3333333,2.5,153.03703,106.25,0.0,66.5,125.0,26.0,18.0
2015-03-08,49.0,5.418182,0.0,0.0,143.44444,98.63636,0.0,51.5,112.0,23.8,6.0
2015-03-09,46.333332,3.8,0.0,0.0,138.88889,95.11364,0.0,34.5,97.0,18.4,0.0
2015-03-10,44.666668,2.9272728,0.0,0.0,135.85185,92.38636,0.0,20.0,82.0,13.6,0.0
2015-03-11,41.166668,2.6181817,0.0,0.0,131.96297,89.22727,0.0,12.0,67.0,8.8,0.0
2015-03-12,40.166668,2.6181817,0.0,0.0,132.7037,89.88636,0.22222222,8.5,58.0,8.0,0.0
2015-03-13,40.333332,2.5272727,0.0,0.0,131.14815,88.431816,0.0,4.5,49.0,7.2,0.0
2015-03-14,38.5,2.1818182,0.0,0.0,124.51852,83.181816,0.0,0.0,26.0,5.4,0.0
2015-03-15,31.0,1.6181818,0.0,0.0,116.14815,76.36364,0.0,0.0,0.0,2.8,0.0
2015-03-16,25.833334,1.1454545,0.0,0.0,109.0,70.795456,0.0,0.0,0.0,0.8,0.0
2015-03-17,22.333334,0.8363636,0.0,0.0,103.666664,66.77273,0.0,0.0,0.0,0.0,0.0
2015-03-18,21.5,0.8,0.0,0.0,102.0,65.568184,0.0,0.0,0.0,0.0,0.0
2015-03-19,20.333334,0.76363635,0.0,0.0,101.07407,64.75,0.0,0.0,0.0,0.0,0.0
2015-03-20,17.666666,0.6727273,0.0,0.0,96.81481,61.386364,0.0,0.0,0.0,0.0,0.0
2015-03-21,15.0,0.54545456,0.0,0.0,94.59259,59.613636,0.0,0.0,0.0,0.0,0.0
2015-03-22,14.0,0.45454547,0.0,0.0,93.51852,58.772728,0.0,0.0,0.0,0.0,0.0
2015-03-23,14.0,0.4181818,0.0,0.0,95.48148,60.31818,0.44444445,0.0,0.0,0.0,0.0
2015-03-24,14.0,0.4181818,0.0,0.0,95.18519,60.136364,0.7777778,7.0,9.0,1.4,2.5
2015-03-25,14.0,0.4181818,0.0,0.0,94.92593,59.93182,0.6666667,3.0,4.0,0.8,1.5
2015-03-26,13.0,0.36363637,0.0,0.0,92.92593,58.204544,0.0,0.0,0.0,0.0,0.0
2015-03-27,10.0,0.18181819,0.0,0.0,86.333336,53.43182,0.0,0.0,0.0,0.0,0.0
2015-03-28,7.6666665,0.0,0.0,0.0,77.59259,47.75,0.0,0.0,0.0,0.0,0.0
2015-03-29,5.8333335,0.0,0.0,0.0,70.22222,43.090908,0.0,0.0,0.0,0.0,0.0
2015-03-30,4.0,0.0,0.0,0.0,63.444443,38.93182,0.0,0.0,0.0,0.0,0.0
2015-03-31,1.5,0.0,0.0,0.0,56.333332,34.56818,0.0,0.0,0.0,0.0,0.0
2015-04-01,1.1666666,0.0,0.0,0.0,55.62963,34.136364,0.0,0.0,0.0,0.0,0.0
2015-04-02,1.1666666,0.0,0.0,0.0,55.666668,34.159092,0.0,0.0,0.0,0.0,0.0
2015-04-03,1.1666666,0.0,0.0,0.0,55.62963,34.136364,0.0,0.0,0.0,0.0,0.0
2015-04-04,1.1666666,0.0,0.0,0.0,55.666668,34.159092,0.0,0.0,0.0,0.0,0.0
2015-04-05,1.1666666,0.0,0.0,0.0,55.51852,34.06818,0.0,0.0,0.0,0.0,0.0
2015-04-06,1.1666666,0.0,0.0,0.0,60.11111,40.93182,7.388889,20.5,20.0,2.4,5.5
2015-04-07,1.1666666,0.0,0.0,0.0,60.037037,40.840908,8.722222,24.0,24.0,2.8,6.0
2015-04-08,23.0,7.890909,13.0,14.75,70.48148,54.909092,25.166666,40.0,40.0,11.4,10.0
2015-04-09,17.666666,7.309091,10.666667,12.25,71.666664,55.68182,25.055555,39.5,40.0,9.8,11.5
2015-04-10,22.0,4.890909,9.0,8.25,72.296295,56.18182,15.444445,34.5,34.0,11.2,9.0
2015-04-11,16.0,1.5454545,4.0,3.0,75.25926,56.25,3.7222223,23.5,20.0,8.6,4.0
2015-04-12,13.5,0.3272727,0.0,0.0,68.74074,48.06818,0.5555556,15.0,15.0,6.0,0.0
2015-04-13,7.0,0.0,0.0,0.0,55.333332,35.840908,0.0,3.0,5.0,1.0,0.0
2015-04-14,3.0,0.0,0.0,0.0,62.0,39.113636,0.0,0.0,0.0,0.0,0.0
2015-04-15,3.0,0.0,0.0,0.0,58.444443,36.93182,0.0,1.5,1.0,0.0,0.0
2015-04-16,2.8333333,0.0,0.0,0.0,58.703705,36.954544,0.0,0.5,0.0,0.0,0.0
2015-04-17,2.3333333,0.0,0.0,0.0,58.185184,36.386364,0.0,0.0,0.0,0.0,0.0
2015-04-18,1.3333334,0.0,0.0,0.0,54.814816,33.704544,0.0,0.0,0.0,0.0,0.0
2015-04-19,0.0,0.0,0.0,0.0,49.037037,30.09091,0.0,0.0,0.0,0.0,0.0
2015-04-20,0.0,0.0,0.0,0.0,43.333332,26.59091,0.0,0.0,0.0,0.0,0.0
2015-04-21,0.0,0.0,0.0,0.0,37.48148,23.0,0.0,0.0,0.0,0.0,0.0
2015-04-22,0.0,0.0,0.0,0.0,34.407406,21.113636,0.0,0.0,0.0,0.0,0.0
2015-04-23,0.0,0.0,0.0,0.0,33.703705,20.681818,0.0,0.0,0.0,0.0,0.0
2015-04-24,0.0,0.0,0.0,0.0,34.333332,21.068182,0.0,0.0,0.0,0.0,0.0
2015-04-25,2.5,0.0,0.0,0.0,33.592594,23.022728,0.3888889,19.0,23.0,2.6,1.5
2015-04-26,12.5,2.3090909,2.6666667,2.0,54.962963,44.56818,0.11111111,44.5,39.0,20.4,6.0
2015-04-27,14.666667,0.6181818,0.33333334,0.25,49.0,38.272728,0.0,27.0,19.0,13.2,2.5
2015-04-28,6.1666665,0.0,0.0,0.0,46.22222,30.65909,0.0,12.5,8.0,7.6,0.0
2015-04-29,0.0,0.0,0.0,0.0,38.185184,23.65909,0.0,0.0,0.0,0.0,0.0
2015-04-30,0.0,0.0,0.0,0.0,31.444445,19.295454,0.0,0.0,0.0,0.0,0.0
2015-05-01,0.0,0.0,0.0,0.0,26.074074,16.0,0.0,0.0,0.0,0.0,0.0
2015-05-02,0.0,0.0,0.0,0.0,21.518518,13.204545,0.0,0.0,0.0,0.0,0.0
2015-05-03,0.0,0.0,0.0,0.0,18.666666,11.454545,0.0,0.0,0.0,0.0,0.0
2015-05-04,0.0,0.0,0.0,0.0,16.851852,10.340909,0.0,0.0,0.0,0.0,0.0
2015-05-05,0.0,0.0,0.0,0.0,15.333333,9.409091,0.0,0.0,0.0,0.0,0.0
2015-05-06,0.0,0.0,0.0,0.0,14.185185,8.704545,0.0,0.0,0.0,0.0,0.0
2015-05-07,0.0,0.0,0.0,0.0,14.111111,8.659091,0.0,0.0,0.0,0.0,0.0
2015-05-08,7.5,0.0,0.33333334,0.25,22.814816,19.068182,0.0,5.5,2.0,18.8,1.0
2015-05-09,13.333333,0.58181816,0.6666667,0.5,23.62963,20.886364,0.0,1.5,0.0,12.4,0.0
2015-05-10,6.5,0.29090908,0.0,0.0,22.555555,16.886364,0.0,0.0,0.0,6.4,0.0
2015-05-11,1.8333334,0.0,0.0,0.0,21.555555,14.340909,0.0,0.0,0.0,0.4,0.0
2015-05-12,0.0,0.0,0.0,0.0,17.518518,10.977273,0.0,0.0,0.0,0.0,0.0
2015-05-13,0.0,0.0,0.0,0.0,17.25926,10.75,0.0,0.0,0.0,0.0,0.0
2015-05-14,0.0,0.0,0.0,0.0,17.296297,10.772727,0.0,0.0,0.0,0.0,0.0
2015-05-15,0.6666667,0.5272727,2.3333333,1.75,17.444445,11.818182,0.0,0.0,0.0,4.0,0.0
2015-05-16,2.6666667,0.6363636,2.6666667,2.0,18.25926,13.272727,0.0,2.5,1.0,8.6,3.0
2015-05-17,0.6666667,0.45454547,2.3333333,1.75,17.148148,11.818182,0.0,0.5,0.0,7.0,0.0
2015-05-18,1.1666666,0.4,0.0,0.0,18.25926,12.454545,0.0,0.0,0.0,8.4,0.0
2015-05-19,2.5,0.4181818,0.0,0.0,18.88889,12.977273,0.0,0.0,0.0,7.0,0.0
2015-05-20,4.1666665,0.3090909,0.0,0.0,22.703703,15.386364,0.0,0.0,0.0,3.4,0.0
2015-05-21,5.1666665,0.2,0.0,0.0,21.25926,14.0,0.0,0.0,0.0,0.2,0.0
2015-05-22,4.6666665,0.25454545,0.0,0.0,22.925926,15.25,0.0,0.0,0.0,0.0,0.0
2015-05-23,6.1666665,0.38181818,0.0,0.0,23.851852,16.113636,0.0,0.0,0.0,0.0,0.0
2015-05-24,7.8333335,0.43636364,0.0,0.0,23.74074,15.818182,0.0,0.0,0.0,0.0,0.0
2015-05-25,2.5,0.16363636,0.0,0.0,20.62963,13.090909,0.0,0.0,0.0,0.0,0.0
2015-05-26,0.0,0.0,0.0,0.0,18.0,11.045455,0.0,0.0,0.0,0.0,0.0
2015-05-27,0.0,0.0,0.0,0.0,15.259259,9.363636,0.0,0.0,0.0,0.0,0.0
2015-05-28,0.0,0.0,0.0,0.0,12.259259,7.5227275,0.0,0.0,0.0,0.0,0.0
2015-05-29,0.0,0.0,0.0,0.0,8.851851,5.431818,0.0,0.0,0.0,0.0,0.0
2015-05-30,0.0,0.0,0.0,0.0,5.703704,3.5,0.0,0.0,0.0,0.0,0.0
2015-05-31,0.0,0.0,0.0,0.0,4.4814816,2.75,0.0,0.0,0.0,0.0,0.0
2015-06-01,0.0,0.0,0.0,0.0,3.5555556,2.1818182,0.0,0.0,0.0,0.0,0.0
2015-06-02,0.0,0.0,0.0,0.0,3.2592592,2.0,0.0,0.0,0.0,0.0,0.0
2015-06-03,0.0,0.0,0.0,0.0,2.925926,1.7954545,0.0,0.0,0.0,0.0,0.0
2015-06-04,0.0,0.0,0.0,0.0,2.5925925,1.5909091,0.0,0.0,0.0,0.0,0.0
2015-06-05,0.0,0.0,0.0,0.0,2.5925925,1.5909091,0.0,0.0,0.0,0.0,0.0
2015-06-06,0.0,0.0,0.0,0.0,1.925926,1.1818181,0.0,0.0,0.0,0.0,0.0
2015-06-07,0.0,0.0,0.0,0.0,1.962963,1.2045455,0.0,0.0,0.0,0.0,0.0
2015-06-08,0.0,0.0,0.0,0.0,1.1851852,0.72727275,0.0,0.0,0.0,0.0,0.0
2015-06-09,0.0,0.0,0.0,0.0,0.0,0.0,0.0,0.0,0.0,0.0,0.0
2015-06-10,0.0,0.0,0.0,0.0,0.0,0.0,0.0,0.0,0.0,0.0,0.0
2015-06-11,0.0,0.0,0.0,0.0,0.0,0.0,0.0,0.0,0.0,0.0,0.0
2015-06-12,0.0,0.0,0.0,0.0,0.0,0.0,0.0,0.0,0.0,0.0,0.0
2015-06-13,0.0,0.0,0.0,0.0,0.0,0.0,0.0,0.0,0.0,0.0,0.0
2015-06-14,0.0,0.0,0.0,0.0,0.0,0.0,0.0,0.0,0.0,0.0,0.0
2015-06-15,0.0,0.0,0.0,0.0,0.0,0.0,0.0,0.0,0.0,0.0,0.0
2015-06-16,0.0,0.0,0.0,0.0,0.0,0.0,0.0,0.0,0.0,0.0,0.0
2015-06-17,0.0,0.0,0.0,0.0,0.0,0.0,0.0,0.0,0.0,0.0,0.0
2015-06-18,0.0,0.0,0.0,0.0,0.0,0.0,0.0,0.0,0.0,0.0,0.0
2015-06-19,0.0,0.0,0.0,0.0,0.0,0.0,0.0,0.0,0.0,0.0,0.0
2015-06-20,0.0,0.0,0.0,0.0,0.0,0.0,0.0,0.0,0.0,0.0,0.0
2015-06-21,0.0,0.0,0.0,0.0,0.0,0.0,0.0,0.0,0.0,0.0,0.0
2015-06-22,0.0,0.0,0.0,0.0,0.0,0.0,0.0,0.0,0.0,0.0,0.0
2015-06-23,0.0,0.0,0.0,0.0,0.0,0.0,0.0,0.0,0.0,0.0,0.0
2015-06-24,0.0,0.0,0.0,0.0,0.0,0.0,0.0,0.0,0.0,0.0,0.0
2015-06-25,0.0,0.0,0.0,0.0,0.0,0.0,0.0,0.0,0.0,0.0,0.0
2015-06-26,0.0,0.0,0.0,0.0,0.0,0.0,0.0,0.0,0.0,0.0,0.0
2015-06-27,0.0,0.0,0.0,0.0,0.0,0.0,0.0,0.0,0.0,0.0,0.0
2015-06-28,0.0,0.0,0.0,0.0,0.0,0.0,0.0,0.0,0.0,0.0,0.0
2015-06-29,0.0,0.0,0.0,0.0,0.0,0.0,0.0,0.0,0.0,0.0,0.0
2015-06-30,0.0,0.0,0.0,0.0,0.0,0.0,0.0,0.0,0.0,0.0,0.0
2015-07-01,0.0,0.0,0.0,0.0,0.0,0.0,0.0,0.0,0.0,0.0,0.0
2015-07-02,0.0,0.0,0.0,0.0,0.0,0.0,0.0,0.0,0.0,0.0,0.0
2015-07-03,0.0,0.0,0.0,0.0,0.0,0.0,0.0,0.0,0.0,0.0,0.0
2015-07-04,0.0,0.0,0.0,0.0,0.0,0.0,0.0,0.0,0.0,0.0,0.0
2015-07-05,0.0,0.0,0.0,0.0,0.0,0.0,0.0,0.0,0.0,0.0,0.0
2015-07-06,0.0,0.0,0.0,0.0,0.0,0.0,0.0,0.0,0.0,0.0,0.0
2015-07-07,0.0,0.0,0.0,0.0,0.0,0.0,0.0,0.0,0.0,0.0,0.0
2015-07-08,0.0,0.0,0.0,0.0,0.0,0.0,0.0,0.0,0.0,0.0,0.0
2015-07-09,0.0,0.0,0.0,0.0,0.0,0.0,0.0,0.0,0.0,0.0,0.0
2015-07-10,0.0,0.0,0.0,0.0,0.14814815,0.09090909,0.0,0.0,0.0,0.0,0.0
2015-07-11,0.0,0.0,0.0,0.0,0.0,0.0,0.0,0.0,0.0,0.0,0.0
2015-07-12,0.0,0.0,0.0,0.0,0.0,0.0,0.0,0.0,0.0,0.0,0.0
2015-07-13,0.0,0.0,0.0,0.0,0.0,0.0,0.0,0.0,0.0,0.0,0.0
2015-07-14,0.0,0.0,0.0,0.0,0.0,0.0,0.0,0.0,0.0,0.0,0.0
2015-07-15,0.0,0.0,0.0,0.0,0.0,0.0,0.0,0.0,0.0,0.0,0.0
2015-07-16,0.0,0.0,0.0,0.0,0.0,0.0,0.0,0.0,0.0,0.0,0.0
2015-07-17,0.0,0.0,0.0,0.0,0.0,0.0,0.0,0.0,0.0,0.0,0.0
2015-07-18,0.0,0.0,0.0,0.0,0.0,0.0,0.0,0.0,0.0,0.0,0.0
2015-07-19,0.0,0.0,0.0,0.0,0.0,0.0,0.0,0.0,0.0,0.0,0.0
2015-07-20,0.0,0.0,0.0,0.0,0.0,0.0,0.0,0.0,0.0,0.0,0.0
2015-07-21,0.0,0.0,0.0,0.0,0.0,0.0,0.0,0.0,0.0,0.0,0.0
2015-07-22,0.0,0.0,0.0,0.0,0.0,0.0,0.0,0.0,0.0,0.0,0.0
2015-07-23,0.0,0.0,0.0,0.0,0.0,0.0,0.0,0.0,0.0,0.0,0.0
2015-07-24,0.0,0.0,0.0,0.0,0.0,0.0,0.0,0.0,0.0,0.0,0.0
2015-07-25,0.0,0.0,0.0,0.0,0.0,0.0,0.0,0.0,0.0,0.0,0.0
2015-07-26,0.0,0.0,0.0,0.0,0.0,0.0,0.0,0.0,0.0,0.0,0.0
2015-07-27,0.0,0.0,0.0,0.0,0.0,0.0,0.0,0.0,0.0,0.0,0.0
2015-07-28,0.0,0.0,0.0,0.0,0.0,0.0,0.0,0.0,0.0,0.0,0.0
2015-07-29,0.0,0.0,0.0,0.0,0.0,0.0,0.0,0.0,0.0,0.0,0.0
2015-07-30,0.0,0.0,0.0,0.0,0.0,0.0,0.0,0.0,0.0,0.0,0.0
2015-07-31,0.0,0.0,0.0,0.0,0.0,0.0,0.0,0.0,0.0,0.0,0.0
2015-08-01,0.0,0.0,0.0,0.0,0.0,0.0,0.0,0.0,0.0,0.0,0.0
2015-08-02,0.0,0.0,0.0,0.0,0.0,0.0,0.0,0.0,0.0,0.0,0.0
2015-08-03,0.0,0.0,0.0,0.0,0.0,0.0,0.0,0.0,0.0,0.0,0.0
2015-08-04,0.0,0.0,0.0,0.0,0.0,0.0,0.0,0.0,0.0,0.0,0.0
2015-08-05,0.0,0.0,0.0,0.0,0.0,0.0,0.0,0.0,0.0,0.0,0.0
2015-08-06,0.0,0.0,0.0,0.0,0.0,0.0,0.0,0.0,0.0,0.0,0.0
2015-08-07,0.0,0.0,0.0,0.0,0.0,0.0,0.0,0.0,0.0,0.0,0.0
2015-08-08,0.0,0.0,0.0,0.0,0.0,0.0,0.0,0.0,0.0,0.0,0.0
2015-08-09,0.0,0.0,0.0,0.0,0.0,0.0,0.0,0.0,0.0,0.0,0.0
2015-08-10,0.0,0.0,0.0,0.0,0.0,0.0,0.0,0.0,0.0,0.0,0.0
2015-08-11,0.0,0.0,0.0,0.0,0.0,0.0,0.0,0.0,0.0,0.0,0.0
2015-08-12,0.0,0.0,0.0,0.0,0.0,0.0,0.0,0.0,0.0,0.0,0.0
2015-08-13,0.0,0.0,0.0,0.0,0.0,0.0,0.0,0.0,0.0,0.0,0.0
2015-08-14,0.0,0.0,0.0,0.0,0.0,0.0,0.0,0.0,0.0,0.0,0.0
2015-08-15,0.0,0.0,0.0,0.0,0.0,0.0,0.0,0.0,0.0,0.0,0.0
2015-08-16,0.0,0.0,0.0,0.0,0.0,0.0,0.0,0.0,0.0,0.0,0.0
2015-08-17,0.0,0.0,0.0,0.0,0.0,0.0,0.0,0.0,0.0,0.0,0.0
2015-08-18,0.0,0.0,0.0,0.0,0.0,0.0,0.0,0.0,0.0,0.0,0.0
2015-08-19,0.0,0.0,0.0,0.0,0.0,0.0,0.0,0.0,0.0,0.0,0.0
2015-08-20,0.0,0.0,0.0,0.0,0.0,0.0,0.0,0.0,0.0,0.0,0.0
2015-08-21,0.0,0.0,0.0,0.0,0.0,0.0,0.0,0.0,0.0,0.0,0.0
2015-08-22,0.0,0.0,0.0,0.0,0.0,0.0,0.0,0.0,0.0,0.0,0.0
2015-08-23,0.0,0.0,0.0,0.0,0.0,0.0,0.0,0.0,0.0,0.0,0.0
2015-08-24,0.0,0.0,0.0,0.0,0.0,0.0,0.0,0.0,0.0,0.0,0.0
2015-08-25,0.0,0.0,0.0,0.0,0.0,0.0,0.0,0.0,0.0,0.0,0.0
2015-08-26,0.0,0.0,0.0,0.0,0.0,0.0,0.0,0.0,0.0,0.0,0.0
2015-08-27,0.0,0.0,0.0,0.0,0.0,0.0,0.0,0.0,0.0,0.0,0.0
2015-08-28,0.0,0.0,0.0,0.0,0.0,0.0,0.0,0.0,0.0,0.0,0.0
2015-08-29,0.0,0.0,0.0,0.0,0.0,0.0,0.0,0.0,0.0,0.0,0.0
2015-08-30,0.0,0.0,0.0,0.0,0.0,0.0,0.0,0.0,0.0,0.0,0.0
2015-08-31,0.0,0.0,0.0,0.0,0.0,0.0,0.0,0.0,0.0,0.0,0.0
2015-09-01,0.0,0.0,0.0,0.0,0.0,0.0,0.0,0.0,0.0,0.0,0.0
2015-09-02,0.0,0.0,0.0,0.0,0.0,0.0,0.0,0.0,0.0,0.0,0.0
2015-09-03,0.0,0.0,0.0,0.0,0.0,0.0,0.0,0.0,0.0,0.0,0.0
2015-09-04,0.0,0.0,0.0,0.0,0.0,0.0,0.0,0.0,0.0,0.0,0.0
2015-09-05,0.0,0.0,0.0,0.0,0.0,0.0,0.0,0.0,0.0,0.0,0.0
2015-09-06,0.0,0.0,0.0,0.0,0.0,0.0,0.0,0.0,0.0,0.0,0.0
2015-09-07,0.0,0.0,0.0,0.0,0.0,0.0,0.0,0.0,0.0,0.0,0.0
2015-09-08,0.0,0.0,0.0,0.0,0.0,0.0,0.0,0.0,0.0,0.0,0.0
2015-09-09,0.0,0.0,0.0,0.0,0.0,0.0,0.0,0.0,0.0,0.0,0.0
2015-09-10,0.0,0.0,0.0,0.0,0.0,0.0,0.0,0.0,0.0,0.0,0.0
2015-09-11,0.0,0.0,0.0,0.0,0.0,0.0,0.0,0.0,0.0,0.0,0.0
2015-09-12,0.0,0.0,0.0,0.0,0.0,0.0,0.0,0.0,0.0,0.0,0.0
2015-09-13,0.0,0.0,0.0,0.0,0.0,0.0,0.0,0.0,0.0,0.0,0.0
2015-09-14,0.0,0.0,0.0,0.0,0.0,0.0,0.0,0.0,0.0,0.0,0.0
2015-09-15,0.0,0.0,0.0,0.0,0.0,0.0,0.0,0.0,0.0,0.0,0.0
2015-09-16,0.0,0.0,0.0,0.0,0.037037037,0.022727273,0.0,0.0,0.0,0.0,0.0
2015-09-17,0.0,0.0,0.0,0.0,0.037037037,0.022727273,0.0,0.0,0.0,0.0,0.0
2015-09-18,0.0,0.0,0.0,0.0,0.0,0.0,0.0,0.0,0.0,0.0,0.0
2015-09-19,0.0,0.0,0.0,0.0,0.0,0.0,0.0,0.0,0.0,0.0,0.0
2015-09-20,0.0,0.0,0.0,0.0,0.0,0.0,0.0,0.0,0.0,0.0,0.0
2015-09-21,0.0,0.0,0.0,0.0,0.0,0.0,0.0,0.0,0.0,0.0,0.0
2015-09-22,0.0,0.0,0.0,0.0,0.0,0.0,0.0,0.0,0.0,0.0,0.0
2015-09-23,0.0,0.0,0.0,0.0,0.0,0.0,0.0,0.0,0.0,0.0,0.0
2015-09-24,0.0,0.0,0.0,0.0,0.0,0.0,0.0,0.0,0.0,0.0,0.0
2015-09-25,0.0,0.0,0.0,0.0,0.0,0.0,0.0,0.0,0.0,0.0,0.0
2015-09-26,0.0,0.0,0.0,0.0,0.0,0.0,0.0,0.0,0.0,0.0,0.0
2015-09-27,0.0,0.0,0.0,0.0,0.0,0.0,0.0,0.0,0.0,0.0,0.0
2015-09-28,0.0,0.0,0.0,0.0,0.0,0.0,0.0,0.0,0.0,0.0,0.0
2015-09-29,0.0,0.0,0.0,0.0,0.0,0.0,0.0,0.0,0.0,0.0,0.0
2015-09-30,0.0,0.0,0.0,0.0,0.0,0.0,0.0,0.0,0.0,0.0,0.0
2015-10-01,0.0,0.0,0.0,0.0,0.0,0.0,0.0,0.0,0.0,0.0,0.0
2015-10-02,0.0,0.0,0.0,0.0,0.4074074,0.38636363,0.0,0.0,0.0,0.0,0.0
2015-10-03,0.0,0.0,0.0,0.0,0.074074075,0.045454547,0.0,0.0,0.0,0.0,0.0
2015-10-04,0.0,0.0,0.0,0.0,0.0,0.0,0.0,0.0,0.0,0.0,0.0
2015-10-05,0.0,5.2545457,0.0,0.0,0.0,0.0,0.0,0.0,0.0,0.0,0.0
2015-10-06,0.0,4.490909,0.0,0.0,0.0,0.0,0.0,0.0,0.0,0.0,0.0
2015-10-07,0.0,2.6727273,0.0,0.0,0.0,0.0,0.0,0.0,0.0,0.0,0.0
2015-10-08,0.0,0.0,0.0,0.0,0.0,0.0,0.0,0.0,0.0,0.0,0.0
2015-10-09,0.0,0.0,0.0,0.0,0.0,0.0,0.0,0.0,0.0,0.0,0.0
2015-10-10,0.0,0.0,0.0,0.0,0.0,0.0,0.0,0.0,0.0,0.0,0.0
2015-10-11,0.0,0.0,0.0,0.0,0.0,0.0,0.0,0.0,0.0,0.0,0.0
2015-10-12,0.0,0.0,0.0,0.0,0.0,0.0,0.0,0.0,0.0,0.0,0.0
2015-10-13,0.0,0.0,0.0,0.0,0.0,0.0,0.0,0.0,0.0,0.0,0.0
2015-10-14,0.0,0.0,0.0,0.0,0.0,0.0,0.0,0.0,0.0,0.0,0.0
2015-10-15,0.0,0.0,0.0,0.0,0.0,0.0,0.0,0.0,0.0,0.0,0.0
2015-10-16,0.0,0.0,0.0,0.0,0.0,0.0,0.0,0.0,0.0,0.0,0.0
2015-10-17,0.0,0.0,0.0,0.0,0.0,0.0,0.0,0.0,0.0,0.0,0.0
2015-10-18,0.0,0.0,0.0,0.0,8.259259,8.545455,0.0,0.0,0.0,0.0,0.0
2015-10-19,0.6666667,0.036363635,0.0,0.0,11.296296,10.386364,0.0,0.0,0.0,0.0,0.0
2015-10-20,0.5,0.036363635,0.0,0.0,10.518518,9.477273,0.0,0.0,0.0,0.0,0.0
2015-10-21,0.33333334,0.0,0.0,0.0,8.925926,7.8863635,0.0,0.0,0.0,0.0,0.0
2015-10-22,0.0,0.0,0.0,0.0,7.259259,6.181818,0.0,0.0,0.0,0.0,0.0
2015-10-23,0.0,0.0,0.0,0.0,4.6296296,3.7954545,0.0,0.0,0.0,0.0,0.0
2015-10-24,0.0,0.0,0.0,0.0,2.4814816,1.7727273,0.0,0.0,0.0,0.0,0.0
2015-10-25,0.0,0.0,0.0,0.0,1.2592592,0.77272725,0.0,0.0,0.0,0.0,0.0
2015-10-26,0.0,0.0,0.0,0.0,0.6666667,0.4090909,0.0,0.0,0.0,0.0,0.0
2015-10-27,0.0,0.0,0.0,0.0,0.37037036,0.22727273,0.0,0.0,0.0,0.0,0.0
2015-10-28,0.0,0.0,0.0,0.0,0.37037036,0.22727273,0.0,0.0,0.0,0.0,0.0
2015-10-29,0.33333334,0.054545455,0.0,0.0,5.740741,4.5454545,0.0,0.0,0.0,0.0,0.0
2015-10-30,0.33333334,0.054545455,0.0,0.0,3.8888888,3.1136363,0.0,0.0,0.0,0.0,0.0
2015-10-31,0.0,0.0,0.0,0.0,2.4074075,1.6136364,0.0,0.0,0.0,0.0,0.0
2015-11-01,0.0,0.0,0.0,0.0,0.4074074,0.25,0.0,0.0,0.0,0.0,0.0
2015-11-02,0.0,0.0,0.0,0.0,0.2962963,0.18181819,0.0,0.0,0.0,0.0,0.0
2015-11-03,28.666666,9.236363,11.666667,8.75,44.296295,41.68182,0.33333334,15.5,17.0,29.4,20.5
2015-11-04,29.833334,17.454546,15.0,12.75,43.555557,40.886364,0.22222222,15.5,17.0,35.0,20.5
2015-11-05,35.166668,19.727272,15.666667,13.0,42.25926,39.81818,0.22222222,15.5,17.0,31.4,20.5
2015-11-06,36.333332,19.727272,15.666667,12.75,42.555557,40.136364,0.11111111,16.0,17.0,30.6,21.5
2015-11-07,36.833332,18.2,15.666667,11.75,42.407406,39.75,0.0,14.5,17.0,35.4,21.0
2015-11-08,36.333332,12.927273,16.0,12.0,45.555557,41.863636,0.0,11.0,14.0,31.6,19.5
2015-11-09,31.833334,10.345454,15.333333,11.5,58.925926,55.06818,12.888889,15.5,19.0,39.0,21.5
2015-11-10,58.666668,21.272728,28.333334,24.5,71.25926,68.25,15.388889,28.0,34.0,43.2,28.0
2015-11-11,62.166668,25.854546,29.0,26.25,71.18519,68.15909,16.666666,28.0,35.0,47.2,31.0
2015-11-12,58.0,25.6,26.333334,23.75,71.55556,68.40909,15.277778,28.5,35.0,47.6,32.5
2015-11-13,46.833332,22.527273,25.333334,20.25,73.14815,69.045456,11.944445,26.0,33.0,42.4,32.0
2015-11-14,58.5,16.581818,21.0,15.75,71.74074,65.52273,7.9444447,21.0,31.0,44.2,30.5
2015-11-15,45.833332,13.618182,16.666666,12.5,72.96296,64.65909,4.2777777,16.0,28.0,42.0,26.5
2015-11-16,55.5,30.654545,52.0,47.25,94.77778,89.40909,21.944445,31.5,43.0,55.2,32.5
2015-11-17,53.833332,30.236364,52.0,47.25,93.96296,88.61364,21.944445,31.5,44.0,48.6,33.0
2015-11-18,53.333332,29.2,49.333332,45.25,93.62963,87.204544,19.333334,30.5,45.0,48.2,36.5
2015-11-19,52.666668,20.6,31.666666,28.25,92.48148,84.13636,16.333334,25.0,42.0,45.8,33.0
2015-11-20,50.666668,13.036364,23.333334,17.5,91.22222,80.181816,9.388889,18.0,37.0,47.8,26.5
2015-11-21,49.666668,9.327272,15.333333,11.5,89.888885,75.75,4.4444447,13.5,34.0,46.4,22.0
2015-11-22,49.0,7.927273,9.666667,7.25,88.703705,72.52273,1.2222222,6.5,28.0,44.0,16.0
2015-11-23,54.666668,6.927273,4.6666665,3.5,87.03704,69.13636,0.2777778,0.0,22.0,40.6,8.5
2015-11-24,53.5,6.3636365,1.6666666,1.25,86.296295,67.97727,0.0,0.0,18.0,38.6,5.5
2015-11-25,59.5,9.854546,5.0,3.75,99.888885,83.181816,9.444445,24.0,50.0,56.0,26.5
2015-11-26,63.333332,12.654546,9.333333,8.0,106.62963,89.38636,9.444445,27.5,53.0,59.4,35.0
2015-11-27,64.833336,11.181818,9.666667,8.25,106.74074,89.545456,9.0,28.0,52.0,61.0,35.0
2015-11-28,65.666664,11.181818,9.666667,8.25,107.48148,90.27273,9.0,28.0,52.0,61.0,35.0
2015-11-29,65.666664,13.454545,9.666667,8.25,107.59259,90.47727,9.5,28.0,52.0,61.2,35.0
2015-11-30,65.5,13.454545,9.666667,8.25,107.37037,90.318184,9.5,28.0,52.0,61.2,35.0
2015-12-01,62.166668,13.781818,8.0,6.5,107.37037,90.40909,9.611111,29.0,52.0,61.4,43.5
2015-12-02,64.0,12.745455,6.6666665,5.0,107.37037,90.5,8.722222,29.0,52.0,61.2,43.5
2015-12-03,65.833336,8.818182,5.0,3.75,106.51852,88.22727,6.0555553,28.0,51.0,59.4,42.5
2015-12-04,56.333332,9.109091,3.3333333,2.5,108.48148,90.931816,11.333333,46.0,82.0,60.0,51.0
2015-12-05,64.5,10.690909,3.3333333,2.5,108.0,90.5,12.5,51.0,84.0,60.6,53.0
2015-12-06,55.333332,8.236363,2.0,1.5,106.92593,88.61364,14.055555,50.5,80.0,60.6,53.5
2015-12-07,61.5,8.254545,0.0,0.0,106.666664,87.38636,14.666667,50.5,79.0,60.0,53.5
2015-12-08,57.0,9.4,0.0,0.0,105.37037,85.068184,11.444445,49.0,78.0,63.8,49.0
2015-12-09,51.5,7.909091,0.0,0.0,102.92593,80.84091,9.222222,42.0,76.0,59.8,41.5
2015-12-10,46.5,6.4363637,0.0,0.0,101.51852,78.63636,8.333333,48.0,84.0,60.4,35.5
2015-12-11,73.166664,12.8,7.3333335,5.5,129.81482,110.068184,8.444445,99.0,139.0,91.8,68.0
2015-12-12,79.666664,21.727272,25.333334,23.5,142.96297,122.045456,10.555555,122.0,169.0,103.0,75.5
2015-12-13,78.833336,20.709091,25.333334,23.5,143.66667,122.72727,17.11111,125.0,174.0,102.6,79.5
2015-12-14,91.333336,37.654545,55.333332,55.0,163.44444,144.15909,48.22222,156.0,211.0,128.8,115.5
2015-12-15,91.666664,38.090908,54.333332,54.0,164.18518,145.34091,48.555557,164.0,224.0,129.6,116.5
2015-12-16,92.166664,37.98182,54.333332,53.75,163.81482,144.81818,45.77778,164.0,224.0,130.2,118.0
2015-12-17,91.666664,38.127274,54.666668,54.25,163.92592,144.59091,48.72222,166.5,224.0,131.4,119.5
2015-12-18,91.833336,37.672726,52.333332,52.0,163.92592,144.56818,49.27778,166.0,224.0,132.0,121.0
2015-12-19,91.5,36.272728,48.666668,48.0,164.22223,145.02272,91.77778,165.5,226.0,134.4,122.5
2015-12-20,97.5,38.30909,50.0,48.75,178.18518,159.25,100.166664,178.5,247.0,138.0,127.0
2015-12-21,121.0,38.963634,50.0,49.0,186.81482,169.93182,105.333336,185.0,252.0,143.6,131.0
2015-12-22,146.5,49.672726,58.0,54.75,265.66666,255.0,130.11111,273.5,349.0,186.0,181.5
2015-12-23,175.5,62.109093,75.0,67.0,291.8889,277.5909,138.66667,308.5,379.0,207.4,195.5
2015-12-24,177.5,62.454544,75.0,67.25,292.0,280.02274,139.27777,318.5,394.0,209.2,197.5
2015-12-25,188.83333,66.836365,89.666664,81.75,310.0,297.18182,137.38889,344.0,428.0,255.0,212.0
2015-12-26,186.0,66.27273,89.333336,81.5,310.85184,299.52274,137.88889,346.0,430.0,237.4,213.0
2015-12-27,188.83333,65.63636,89.333336,81.5,310.77777,299.93182,139.94444,346.5,430.0,234.6,214.0
2015-12-28,188.33333,65.10909,89.0,81.25,311.07407,300.0,139.38889,351.5,429.0,232.2,215.0
2015-12-29,195.33333,65.4,89.666664,81.75,312.4074,302.31818,152.61111,353.5,430.0,234.8,215.0
2015-12-30,193.5,64.854546,89.666664,82.0,312.07407,301.22726,142.11111,354.0,430.0,227.0,215.5
2015-12-31,195.83333,64.87273,89.333336,81.5,311.48148,301.27274,148.72223,354.5,430.0,227.0,215.0
2016-01-01,196.33333,66.63636,89.333336,81.5,312.4074,301.29544,149.83333,353.5,430.0,228.2,214.5
2016-01-02,197.16667,65.70909,89.333336,81.5,312.22223,301.20456,151.55556,347.5,431.0,226.2,214.5
2016-01-03,197.83333,66.05454,86.666664,78.75,312.22223,301.1591,151.83333,348.5,431.0,227.0,215.0
2016-01-04,199.0,65.43636,84.0,76.25,310.5926,300.25,155.83333,347.5,431.0,249.6,215.0
2016-01-05,205.66667,69.509094,82.666664,74.75,314.18518,304.06818,163.94444,350.0,438.0,248.2,217.0
2016-01-06,240.66667,90.69091,136.33333,128.5,361.07407,350.04544,164.66667,378.0,470.0,248.6,229.5
2016-01-07,254.33333,104.509094,161.66667,153.25,395.1111,385.88635,182.27777,384.0,484.0,249.4,234.5
2016-01-08,258.66666,105.30909,165.0,156.5,396.44446,386.70456,187.33333,399.5,487.0,251.2,235.0
2016-01-09,260.0,105.87273,163.66667,155.5,396.85184,387.81818,206.05556,393.0,488.0,251.0,236.5
2016-01-10,262.5,106.70909,165.0,157.0,398.81482,390.79544,196.16667,398.0,495.0,252.6,237.0
2016-01-11,259.33334,106.72727,163.66667,155.5,397.33334,389.22726,198.0,393.0,495.0,252.0,238.0
2016-01-12,256.66666,107.67273,163.0,155.0,398.4074,390.1591,197.5,404.0,494.0,248.8,237.5
2016-01-13,248.16667,107.10909,157.33333,149.25,399.55554,391.20456,196.88889,398.0,498.0,265.0,238.5
2016-01-14,278.33334,106.25455,156.33333,148.5,401.33334,394.1591,218.33333,430.0,538.0,273.8,258.0
2016-01-15,263.33334,106.145454,152.33333,144.25,410.7037,404.6591,243.16667,461.0,571.0,291.0,274.5
2016-01-16,274.66666,110.41818,153.33333,145.0,424.37036,416.22726,249.66667,474.5,587.0,291.4,278.5
2016-01-17,262.16666,109.27273,149.33333,141.0,430.25925,422.3409,249.11111,490.5,605.0,292.0,284.5
2016-01-18,273.0,110.38182,142.66667,134.0,429.07407,422.11365,238.77777,503.5,621.0,286.8,295.0
2016-01-19,283.0,114.63636,140.0,131.25,451.8889,447.68182,254.5,519.5,627.0,320.6,297.5
2016-01-20,325.83334,144.76364,147.66667,137.0,481.48148,478.11365,251.27777,543.5,664.0,320.8,315.0
2016-01-21,310.33334,144.07272,142.33333,131.75,482.4074,478.02274,231.27777,548.5,662.0,321.0,315.0
2016-01-22,314.66666,144.70909,135.0,124.25,485.2963,480.8409,246.33333,541.0,663.0,318.2,315.0
2016-01-23,345.66666,145.47273,128.0,117.0,512.6667,509.77274,255.38889,556.0,669.0,337.6,332.0
2016-01-24,361.0,155.34546,148.33333,137.75,527.7037,523.6818,264.83334,581.0,699.0,349.0,344.0
2016-01-25,350.5,157.0,148.0,137.5,526.0741,522.25,267.33334,586.5,708.0,348.8,345.0
2016-01-26,347.83334,157.38182,146.33333,136.0,526.14813,522.3182,268.05554,590.0,709.0,349.4,346.5
2016-01-27,348.83334,156.25455,139.66667,129.25,523.37036,519.36365,266.0,590.0,709.0,340.0,347.5
2016-01-28,350.5,152.83636,131.0,120.5,530.4815,525.8409,259.27777,595.5,707.0,334.8,347.0
2016-01-29,341.33334,149.4909,122.333336,111.0,531.6667,526.3182,253.66667,590.5,708.0,335.4,348.5
2016-01-30,345.16666,145.81818,119.333336,105.0,549.85187,545.25,250.16667,605.0,689.0,360.8,353.5
2016-01-31,393.83334,167.78181,131.33333,115.25,575.0741,569.4091,229.83333,637.5,727.0,375.4,364.5
2016-02-01,435.5,200.72728,182.0,168.25,594.44446,588.25,250.72223,652.0,740.0,400.4,377.5
2016-02-02,417.33334,201.09091,182.33333,168.75,600.5926,593.2955,252.94444,657.5,739.0,404.2,378.5
2016-02-03,421.83334,202.2,182.0,168.25,597.85187,590.7955,233.61111,657.0,738.0,403.8,378.0
2016-02-04,415.16666,201.89091,182.0,168.25,598.9259,591.6818,237.66667,658.0,738.0,399.0,379.5
2016-02-05,415.16666,202.2,182.0,168.0,599.2222,592.25,255.83333,652.5,738.0,397.0,379.5
2016-02-06,403.83334,201.70909,182.33333,168.0,600.2593,593.0227,251.77777,652.5,739.0,382.6,379.0
2016-02-07,392.33334,198.96364,179.33333,164.25,603.8148,594.9773,249.0,651.5,738.0,381.8,377.5
2016-02-08,385.66666,194.63637,169.33333,154.5,601.3333,592.7955,235.22223,652.5,736.0,379.6,376.5
2016-02-09,392.66666,189.05455,154.33333,139.0,600.96295,591.2045,222.88889,657.0,735.0,380.6,374.5
2016-02-10,397.33334,182.34546,149.66667,130.5,600.9259,589.36365,190.83333,658.5,733.0,378.0,373.5
2016-02-11,405.5,173.18182,143.33333,119.75,602.0741,590.2045,195.94444,657.5,729.0,370.4,370.5
2016-02-12,405.5,164.52727,136.66667,108.5,602.6667,589.2045,182.44444,651.5,726.0,363.6,369.0
2016-02-13,412.5,156.14546,129.66667,98.0,601.96295,585.4545,171.22223,650.0,722.0,357.0,364.5
2016-02-14,418.0,146.10909,126.0,94.5,596.9259,577.5682,160.05556,648.5,718.0,353.2,361.5
2016-02-15,413.83334,139.47273,122.333336,91.75,596.7407,574.7273,148.11111,647.0,714.0,347.8,360.0
2016-02-16,420.16666,127.43636,115.0,86.25,594.7037,568.0682,134.0,644.5,709.0,342.2,356.0
2016-02-17,410.66666,115.72727,107.333336,80.5,594.62964,563.11365,120.0,648.5,707.0,334.8,352.5
2016-02-18,462.33334,120.30909,116.0,87.0,621.2593,591.4091,118.166664,675.5,750.0,384.4,354.0
2016-02-19,455.33334,130.23636,127.333336,98.75,633.7778,603.36365,130.94444,731.5,787.0,407.4,380.5
2016-02-20,457.16666,128.18182,123.0,95.5,635.9259,606.5,137.27777,726.0,784.0,362.2,380.5
2016-02-21,457.0,126.836365,122.333336,93.0,631.9259,600.13635,135.94444,723.5,784.0,372.4,380.5
2016-02-22,456.0,125.163635,121.0,90.75,631.4074,598.4091,129.05556,722.0,783.0,365.6,377.5
2016-02-23,453.83334,121.61818,118.0,88.5,630.8148,595.88635,125.5,710.0,783.0,369.2,376.5
2016-02-24,446.16666,119.09091,113.0,84.75,629.3333,590.9773,120.833336,718.5,780.0,366.2,375.5
2016-02-25,445.0,114.41818,107.333336,80.5,627.62964,586.1591,110.55556,706.5,778.0,360.6,367.5
2016-02-26,450.0,108.69091,101.0,75.75,627.44446,586.0682,97.611115,699.5,771.0,351.2,356.5
2016-02-27,448.16666,100.527275,94.666664,71.0,623.85187,578.0,85.72222,685.5,765.0,342.8,350.5
2016-02-28,447.66666,95.163635,90.333336,67.75,621.7407,573.0682,83.94444,687.5,759.0,336.0,341.5
2016-02-29,448.0,89.05454,86.0,64.5,618.8889,567.1591,77.666664,672.0,750.0,331.2,335.0
2016-03-01,431.66666,83.34545,75.333336,56.5,613.96295,558.8409,69.55556,663.0,741.0,327.2,329.5
2016-03-02,435.33334,76.36364,59.666668,44.75,607.14813,549.3409,61.5,651.0,737.0,320.8,322.5
2016-03-03,424.5,70.74545,45.666668,34.25,605.4815,543.5227,55.27778,633.0,731.0,316.8,312.0
2016-03-04,408.0,66.34545,40.0,30.0,603.3333,539.5,54.27778,618.0,724.0,347.0,302.0
2016-03-05,405.0,61.581818,35.333332,26.5,612.6667,543.1818,50.61111,650.0,764.0,337.4,293.0
2016-03-06,474.16666,63.272728,54.0,40.5,697.7407,635.3409,61.61111,694.0,750.0,361.8,315.0
2016-03-07,486.0,74.76363,74.0,62.0,718.5185,658.3182,109.111115,737.0,782.0,380.2,350.0
2016-03-08,506.0,93.65455,101.0,89.0,728.62964,667.8409,114.27778,728.5,802.0,385.6,356.5
2016-03-09,466.33334,99.29091,100.666664,88.75,733.0741,673.3182,117.166664,738.0,808.0,343.8,359.0
2016-03-10,443.5,98.4,95.0,81.5,730.7037,667.9773,107.77778,756.0,818.0,345.0,358.5
2016-03-11,400.83334,82.32727,80.333336,63.25,728.2593,663.4773,129.22223,755.5,818.0,383.2,353.5
2016-03-12,509.5,106.25455,102.333336,79.0,762.85187,702.11365,144.05556,777.0,831.0,383.2,363.0
2016-03-13,511.16666,105.92727,103.333336,78.75,764.4074,704.13635,157.16667,798.0,856.0,389.2,383.5
2016-03-14,524.8333,105.36364,107.666664,80.75,801.2963,747.2955,259.3889,870.5,937.0,370.6,430.5
2016-03-15,430.66666,99.32727,108.666664,81.5,807.3333,753.1591,210.38889,887.0,954.0,417.6,438.0
2016-03-16,506.0,91.32727,106.666664,80.0,804.6667,748.6591,203.55556,888.5,953.0,417.0,437.5
2016-03-17,506.0,83.38182,99.666664,74.75,800.44446,739.2045,219.0,891.0,951.0,412.2,431.0
2016-03-18,500.5,74.12727,80.0,60.0,791.3333,726.2273,219.33333,881.0,947.0,405.2,421.5
2016-03-19,494.5,63.636364,60.666668,45.5,789.0741,719.0682,194.61111,869.0,942.0,394.8,409.5
2016-03-20,487.83334,54.836365,52.333332,39.25,785.62964,712.8182,139.88889,848.5,937.0,386.0,397.0
2016-03-21,481.33334,48.49091,47.0,35.25,779.7037,704.3409,133.33333,880.0,969.0,381.4,385.5
2016-03-22,488.66666,48.49091,47.333332,35.5,793.6667,720.5909,188.22223,917.0,996.0,407.2,412.0
2016-03-23,425.33334,48.418182,47.666668,35.75,795.8889,722.5455,176.11111,921.5,998.0,358.0,412.5
2016-03-24,492.33334,57.81818,47.0,35.25,794.3333,719.9773,169.88889,912.5,995.0,358.2,414.0
2016-03-25,488.5,46.890907,43.666668,32.75,789.96295,712.6591,135.33333,891.5,986.0,395.4,410.0
2016-03-26,484.0,44.636364,40.0,30.0,785.2593,705.1591,152.88889,882.0,978.0,388.4,402.5
2016-03-27,480.66666,42.81818,36.333332,27.25,779.7778,696.2727,141.83333,871.0,970.0,380.8,395.5
2016-03-28,500.5,41.163635,32.333332,24.25,774.5926,689.61365,136.0,859.5,961.0,376.4,387.0
2016-03-29,480.33334,41.872726,32.0,24.0,781.1111,697.36365,135.55556,881.5,980.0,380.8,406.5
2016-03-30,484.33334,41.49091,32.0,24.0,783.37036,699.5909,134.61111,887.0,982.0,341.2,405.0
2016-03-31,424.5,41.49091,32.666668,24.5,781.7037,697.0,125.333336,863.0,981.0,393.2,404.5
2016-04-01,424.16666,41.363636,32.0,24.0,780.5185,694.5909,107.72222,872.0,977.0,374.2,400.0
2016-04-02,480.0,40.6,27.333334,20.5,769.7407,676.0227,96.166664,848.0,955.0,360.8,384.0
2016-04-03,471.5,38.927273,19.666666,14.75,757.3333,654.5682,87.5,826.5,933.0,345.2,365.0
2016-04-04,460.83334,37.52727,12.333333,9.25,679.0,577.0682,87.22222,804.0,907.0,327.8,346.0
2016-04-05,454.0,35.78182,5.0,3.75,691.2222,583.5909,83.888885,781.5,881.0,308.8,326.0
2016-04-06,445.33334,32.436363,0.0,0.0,733.85187,621.7955,75.611115,758.5,858.0,290.6,311.5
2016-04-07,435.66666,28.163637,0.0,0.0,713.7037,597.6818,71.22222,730.0,831.0,274.8,277.0
2016-04-08,426.16666,25.872726,0.0,0.0,691.0,575.2045,60.27778,694.0,800.0,260.0,230.5
2016-04-09,420.66666,29.254545,0.0,0.0,594.37036,488.47726,55.11111,665.0,775.0,247.8,193.5
2016-04-10,425.83334,29.854546,0.6666667,0.5,630.2222,520.63635,52.444443,650.0,756.0,257.0,181.0
2016-04-11,425.66666,31.09091,0.0,0.0,608.8148,501.43182,52.27778,624.0,728.0,251.6,169.0
2016-04-12,424.83334,29.10909,0.0,0.0,608.62964,499.75,46.944443,593.5,704.0,247.0,159.5
2016-04-13,418.5,27.854546,0.0,0.0,686.0,563.9318,45.833332,559.0,671.0,243.0,152.5
2016-04-14,415.5,26.854546,0.0,0.0,681.03705,559.0455,46.27778,538.5,644.0,237.8,149.5
2016-04-15,416.33334,26.563637,0.0,0.0,552.44446,450.77274,46.77778,543.5,645.0,236.6,143.5
2016-04-16,416.16666,26.327272,0.0,0.0,570.4815,466.20456,42.77778,533.0,645.0,236.2,143.0
2016-04-17,412.0,25.6,0.0,0.0,665.7407,543.5909,38.944443,519.5,632.0,231.4,147.5
2016-04-18,402.83334,23.381819,0.0,0.0,511.66666,412.52274,33.833332,486.5,602.0,221.8,135.0
2016-04-19,415.16666,21.0,0.0,0.0,518.0741,415.43182,30.055555,449.0,561.0,206.8,117.5
2016-04-20,375.16666,18.309092,0.0,0.0,606.2222,483.81818,23.055555,410.0,520.0,190.8,98.0
2016-04-21,361.5,15.781818,0.0,0.0,587.2963,465.61365,19.722221,367.0,486.0,178.2,82.0
2016-04-22,349.33334,13.581819,0.0,0.0,570.37036,449.8409,17.777779,325.0,449.0,164.6,67.5
2016-04-23,375.66666,13.909091,0.0,0.0,481.2963,381.56818,22.666666,378.5,487.0,187.8,105.5
2016-04-24,309.83334,13.872727,0.0,0.0,616.85187,496.36365,23.166666,403.0,499.0,159.6,100.0
2016-04-25,358.83334,13.836364,0.0,0.0,618.44446,496.93182,21.88889,408.0,495.0,178.2,90.0
2016-04-26,366.33334,14.472727,0.33333334,0.5,501.0,401.68182,19.61111,413.5,495.0,184.4,93.0
2016-04-27,357.0,13.872727,0.0,0.0,621.7778,498.0,19.722221,413.5,496.0,183.8,85.5
2016-04-28,358.0,13.854546,0.0,0.0,622.14813,495.95456,18.777779,401.5,491.0,183.4,80.0
2016-04-29,356.83334,13.763637,0.0,0.0,621.2963,493.56818,17.333334,385.5,484.0,187.2,75.5
2016-04-30,356.5,13.509091,0.0,0.0,611.6667,483.68182,16.444445,361.5,468.0,185.2,70.0
2016-05-01,355.66666,13.490909,0.0,0.0,614.6667,484.72726,15.222222,351.0,451.0,186.2,68.5
2016-05-02,353.5,13.127273,0.0,0.0,616.0,484.8409,13.222222,326.5,428.0,181.0,65.0
2016-05-03,351.5,12.490909,0.0,0.0,597.6667,470.04544,11.333333,298.5,402.0,175.4,52.0
2016-05-04,344.66666,11.145454,0.0,0.0,578.85187,454.4091,9.055555,269.0,366.0,166.8,36.5
2016-05-05,335.0,9.690909,0.0,0.0,553.55554,429.38635,7.0,242.5,339.0,154.6,20.5
2016-05-06,337.16666,9.709091,0.0,0.0,551.37036,426.27274,5.888889,229.0,322.0,156.4,12.5
2016-05-07,338.33334,8.0,0.6666667,0.5,559.14813,430.61365,4.6666665,209.5,294.0,156.4,3.5
2016-05-08,340.16666,9.236363,0.0,0.0,569.4815,438.06818,3.6666667,196.0,274.0,153.6,0.0
2016-05-09,335.83334,10.945455,0.0,0.0,564.1111,433.1591,1.7777778,169.0,237.0,143.6,0.0
2016-05-10,328.83334,9.490909,0.0,0.0,545.3333,418.81818,0.0,140.5,196.0,130.4,0.0
2016-05-11,322.16666,7.5454545,0.0,0.0,515.96295,397.5909,0.0,124.5,183.0,120.0,0.0
2016-05-12,313.0,5.5636363,0.0,0.0,490.66666,378.47726,0.0,103.5,166.0,105.4,0.0
2016-05-13,292.0,2.8545454,0.0,0.0,464.2963,357.18182,0.0,86.5,142.0,83.2,0.0
2016-05-14,269.5,2.9636364,0.0,0.0,435.85184,334.29544,0.0,69.0,115.0,59.4,0.0
2016-05-15,258.66666,2.6,0.0,0.0,408.55554,313.93182,0.0,62.5,103.0,50.6,0.0
2016-05-16,252.83333,2.4,0.0,0.0,381.66666,293.81818,0.0,55.5,93.0,42.6,0.0
2016-05-17,246.5,2.2363636,0.0,0.0,350.8889,271.20456,0.0,48.5,81.0,35.4,0.0
2016-05-18,237.5,2.0181818,0.0,0.0,334.03705,258.3409,0.0,39.0,64.0,24.0,0.0
2016-05-19,197.83333,1.5090909,0.0,0.0,311.62964,240.72728,0.0,23.5,41.0,10.4,0.0
2016-05-20,169.33333,1.0727273,0.0,0.0,294.92593,227.40909,0.0,14.0,23.0,5.8,0.0
2016-05-21,169.0,1.0727273,0.0,0.0,293.96295,226.84091,0.055555556,19.0,26.0,6.0,10.0
2016-05-22,169.33333,1.0727273,0.0,0.0,238.40741,187.81818,0.055555556,19.5,27.0,6.4,9.0
2016-05-23,168.16667,1.0727273,0.0,0.0,290.85184,224.84091,0.0,17.0,25.0,7.0,6.5
2016-05-24,163.5,0.76363635,0.0,0.0,282.74075,218.75,0.0,15.5,20.0,6.6,1.5
2016-05-25,165.5,1.0727273,0.0,0.0,222.14815,176.29546,0.0,13.0,16.0,5.0,0.0
2016-05-26,164.16667,1.2363636,0.0,0.0,280.62964,216.43182,0.0,8.0,7.0,3.6,0.0
2016-05-27,160.33333,1.0181818,0.0,0.0,269.81482,207.77272,0.0,2.0,0.0,1.4,0.0
2016-05-28,152.16667,0.6909091,0.0,0.0,259.7037,199.47728,0.0,0.0,0.0,0.0,0.0
2016-05-29,144.33333,0.45454547,0.0,0.0,250.03703,191.25,0.0,0.0,0.0,0.0,0.0
2016-05-30,132.66667,0.18181819,0.0,0.0,236.59259,180.15909,0.0,0.0,0.0,0.0,0.0
2016-05-31,113.833336,0.0,0.0,0.0,217.77777,163.97728,0.0,0.0,0.0,0.0,0.0
2016-06-01,92.0,0.0,0.0,0.0,195.48148,145.34091,0.0,0.0,0.0,0.0,0.0
2016-06-02,67.666664,0.0,0.0,0.0,172.88889,127.681816,0.0,0.0,0.0,0.0,0.0
2016-06-03,49.166668,0.0,0.0,0.0,173.81482,126.681816,0.0,0.0,0.0,0.0,0.0
2016-06-04,29.666666,0.0,0.0,0.0,143.33333,102.59091,0.0,0.0,0.0,0.0,0.0
2016-06-05,18.5,0.0,0.0,0.0,114.0,80.681816,0.0,0.0,0.0,0.0,0.0
2016-06-06,9.833333,0.0,0.0,0.0,92.888885,64.5,0.0,0.0,0.0,0.0,0.0
2016-06-07,2.0,0.0,0.0,0.0,73.888885,49.75,0.0,0.0,0.0,0.0,0.0
2016-06-08,0.0,0.0,0.0,0.0,56.407406,35.840908,0.0,0.0,0.0,0.0,0.0
2016-06-09,0.0,0.0,0.0,0.0,43.851852,27.15909,0.0,0.0,0.0,0.0,0.0
2016-06-10,0.0,0.0,0.0,0.0,36.88889,22.636364,0.0,0.0,0.0,0.0,0.0
2016-06-11,0.0,0.0,0.0,0.0,32.37037,19.863636,0.0,0.0,0.0,0.0,0.0
2016-06-12,0.0,0.0,0.0,0.0,29.925926,18.363636,0.0,0.0,0.0,0.0,0.0
2016-06-13,4.1666665,0.0,0.0,0.0,30.148148,18.5,0.0,0.0,0.0,0.0,0.0
2016-06-14,0.0,0.0,0.0,0.0,27.814816,17.068182,0.0,0.0,0.0,0.0,0.0
2016-06-15,0.0,0.0,0.0,0.0,26.222221,16.09091,0.0,0.0,0.0,0.0,0.0
2016-06-16,0.0,0.0,0.0,0.0,26.037037,15.977273,0.0,0.0,0.0,0.0,0.0
2016-06-17,0.0,0.0,0.0,0.0,25.74074,15.795455,0.0,0.0,0.0,0.0,0.0
2016-06-18,0.0,0.0,0.0,0.0,24.407408,14.977273,0.0,0.0,0.0,0.0,0.0
2016-06-19,0.0,0.0,0.0,0.0,21.962963,13.477273,0.0,0.0,0.0,0.0,0.0
2016-06-20,0.0,0.0,0.0,0.0,17.814816,10.931818,0.0,0.0,0.0,0.0,0.0
2016-06-21,0.0,0.0,0.0,0.0,14.0,8.590909,0.0,0.0,0.0,0.0,0.0
2016-06-22,0.0,0.0,0.0,0.0,9.259259,5.681818,0.0,0.0,0.0,0.0,0.0
2016-06-23,0.0,0.0,0.0,0.0,7.296296,4.4772725,0.0,0.0,0.0,0.0,0.0
2016-06-24,0.0,0.0,0.0,0.0,5.9259257,3.6363637,0.0,0.0,0.0,0.0,0.0
2016-06-25,0.0,0.0,0.0,0.0,4.6666665,2.8636363,0.0,0.0,0.0,0.0,0.0
2016-06-26,0.0,0.0,0.0,0.0,3.1111112,1.9090909,0.0,0.0,0.0,0.0,0.0
2016-06-27,0.0,0.0,0.0,0.0,1.2962962,0.79545456,0.0,0.0,0.0,0.0,0.0
2016-06-28,0.0,0.0,0.0,0.0,0.0,0.0,0.0,0.0,0.0,0.0,0.0
2016-06-29,0.0,0.0,0.0,0.0,0.0,0.0,0.0,0.0,0.0,0.0,0.0
2016-06-30,0.0,0.0,0.0,0.0,0.0,0.0,0.0,0.0,0.0,0.0,0.0
2016-07-01,0.0,0.0,0.0,0.0,0.0,0.0,0.0,0.0,0.0,0.0,0.0
2016-07-02,0.0,0.0,0.0,0.0,0.0,0.0,0.0,0.0,0.0,0.0,0.0
2016-07-03,0.0,0.0,0.0,0.0,0.0,0.0,0.0,0.0,0.0,0.0,0.0
2016-07-04,0.0,0.0,0.0,0.0,0.0,0.0,0.0,0.0,0.0,0.0,0.0
2016-07-05,0.0,0.0,0.0,0.0,0.0,0.0,0.0,0.0,0.0,0.0,0.0
2016-07-06,0.0,0.0,0.0,0.0,0.0,0.0,0.0,0.0,0.0,0.0,0.0
2016-07-07,0.0,0.0,0.0,0.0,0.0,0.0,0.0,0.0,0.0,0.0,0.0
2016-07-08,0.0,0.0,0.0,0.0,0.0,0.0,0.0,0.0,0.0,0.0,0.0
2016-07-09,0.0,0.0,0.0,0.0,0.0,0.0,0.0,0.0,0.0,0.0,0.0
2016-07-10,0.0,0.0,0.0,0.0,0.0,0.0,0.0,0.0,0.0,0.0,0.0
2016-07-11,0.0,0.0,0.0,0.0,0.0,0.0,0.0,0.0,0.0,0.0,0.0
2016-07-12,0.0,0.0,0.0,0.0,0.0,0.0,0.0,0.0,0.0,0.0,0.0
2016-07-13,0.0,0.0,0.0,0.0,0.0,0.0,0.0,0.0,0.0,0.0,0.0
2016-07-14,0.0,0.0,0.0,0.0,0.0,0.0,0.0,0.0,0.0,0.0,0.0
2016-07-15,0.0,0.0,0.0,0.0,0.0,0.0,0.0,0.0,0.0,0.0,0.0
2016-07-16,0.0,0.0,0.0,0.0,0.0,0.0,0.0,0.0,0.0,0.0,0.0
2016-07-17,0.0,0.0,0.0,0.0,0.0,0.0,0.0,0.0,0.0,0.0,0.0
2016-07-18,0.0,0.0,0.0,0.0,0.0,0.0,0.0,0.0,0.0,0.0,0.0
2016-07-19,0.0,0.0,0.0,0.0,0.0,0.0,0.0,0.0,0.0,0.0,0.0
2016-07-20,0.0,0.0,0.0,0.0,0.0,0.0,0.0,0.0,0.0,0.0,0.0
2016-07-21,0.0,0.0,0.0,0.0,0.0,0.0,0.0,0.0,0.0,0.0,0.0
2016-07-22,0.0,0.0,0.0,0.0,0.0,0.0,0.0,0.0,0.0,0.0,0.0
2016-07-23,0.0,0.0,0.0,0.0,0.0,0.0,0.0,0.0,0.0,0.0,0.0
2016-07-24,0.0,0.0,0.0,0.0,0.0,0.0,0.0,0.0,0.0,0.0,0.0
2016-07-25,0.0,0.0,0.0,0.0,0.0,0.0,0.0,0.0,0.0,0.0,0.0
2016-07-26,0.0,0.0,0.0,0.0,0.0,0.0,0.0,0.0,0.0,0.0,0.0
2016-07-27,0.0,0.0,0.0,0.0,0.0,0.0,0.0,0.0,0.0,0.0,0.0
2016-07-28,0.0,0.0,0.0,0.0,0.0,0.0,0.0,0.0,0.0,0.0,0.0
2016-07-29,0.0,0.0,0.0,0.0,0.0,0.0,0.0,0.0,0.0,0.0,0.0
2016-07-30,0.0,0.0,0.0,0.0,0.0,0.0,0.0,0.0,0.0,0.0,0.0
2016-07-31,0.0,0.0,0.0,0.0,0.0,0.0,0.0,0.0,0.0,0.0,0.0
2016-08-01,0.0,0.0,0.0,0.0,0.0,0.0,0.0,0.0,0.0,0.0,0.0
2016-08-02,0.0,0.0,0.0,0.0,0.0,0.0,0.0,0.0,0.0,0.0,0.0
2016-08-03,0.0,0.0,0.0,0.0,0.0,0.0,0.0,0.0,0.0,0.0,0.0
2016-08-04,0.0,0.0,0.0,0.0,0.0,0.0,0.0,0.0,0.0,0.0,0.0
2016-08-05,0.0,0.0,0.0,0.0,0.0,0.0,0.0,0.0,0.0,0.0,0.0
2016-08-06,0.0,0.0,0.0,0.0,0.0,0.0,0.0,0.0,0.0,0.0,0.0
2016-08-07,0.0,0.0,0.0,0.0,0.0,0.0,0.0,0.0,0.0,0.0,0.0
2016-08-08,0.0,0.0,0.0,0.0,0.0,0.0,0.0,0.0,0.0,0.0,0.0
2016-08-09,0.0,0.0,0.0,0.0,0.0,0.0,0.0,0.0,0.0,0.0,0.0
2016-08-10,0.0,0.0,0.0,0.0,0.0,0.0,0.0,0.0,0.0,0.0,0.0
2016-08-11,0.0,0.0,0.0,0.0,0.0,0.0,0.0,0.0,0.0,0.0,0.0
2016-08-12,0.0,0.0,0.0,0.0,0.0,0.0,0.0,0.0,0.0,0.0,0.0
2016-08-13,0.0,0.0,0.0,0.0,0.0,0.0,0.0,0.0,0.0,0.0,0.0
2016-08-14,0.0,0.0,0.0,0.0,0.0,0.0,0.0,0.0,0.0,0.0,0.0
2016-08-15,0.0,0.0,0.0,0.0,0.0,0.0,0.0,0.0,0.0,0.0,0.0
2016-08-16,0.0,0.0,0.0,0.0,0.0,0.0,0.0,0.0,0.0,0.0,0.0
2016-08-17,0.0,0.0,0.0,0.0,0.0,0.0,0.0,0.0,0.0,0.0,0.0
2016-08-18,0.0,0.0,0.0,0.0,0.0,0.0,0.0,0.0,0.0,0.0,0.0
2016-08-19,0.0,0.0,0.0,0.0,0.0,0.0,0.0,0.0,0.0,0.0,0.0
2016-08-20,0.0,0.0,0.0,0.0,0.0,0.0,0.0,0.0,0.0,0.0,0.0
2016-08-21,0.0,0.0,0.0,0.0,0.0,0.0,0.0,0.0,0.0,0.0,0.0
2016-08-22,0.0,0.0,0.0,0.0,0.0,0.0,0.0,0.0,0.0,0.0,0.0
2016-08-23,0.0,0.0,0.0,0.0,0.0,0.0,0.0,0.0,0.0,0.0,0.0
2016-08-24,0.0,0.0,0.0,0.0,0.0,0.0,0.0,0.0,0.0,0.0,0.0
2016-08-25,0.0,0.0,0.0,0.0,0.0,0.0,0.0,0.0,0.0,0.0,0.0
2016-08-26,0.0,0.0,0.0,0.0,0.0,0.0,0.0,0.0,0.0,0.0,0.0
2016-08-27,0.0,0.0,0.0,0.0,0.0,0.0,0.0,0.0,0.0,0.0,0.0
2016-08-28,0.0,0.0,0.0,0.0,0.0,0.0,0.0,0.0,0.0,0.0,0.0
2016-08-29,0.0,0.0,0.0,0.0,0.0,0.0,0.0,0.0,0.0,0.0,0.0
2016-08-30,0.0,0.0,0.0,0.0,0.0,0.0,0.0,0.0,0.0,0.0,0.0
2016-08-31,0.0,0.0,0.0,0.0,0.0,0.0,0.0,0.0,0.0,0.0,0.0
2016-09-01,0.0,0.0,0.0,0.0,0.0,0.0,0.0,0.0,0.0,0.0,0.0
2016-09-02,0.0,0.0,0.0,0.0,0.0,0.0,0.0,0.0,0.0,0.0,0.0
2016-09-03,0.0,0.0,0.0,0.0,0.0,0.0,0.0,0.0,0.0,0.0,0.0
2016-09-04,0.0,0.0,0.0,0.0,0.0,0.0,0.0,0.0,0.0,0.0,0.0
2016-09-05,0.0,0.0,0.0,0.0,0.0,0.0,0.0,0.0,0.0,0.0,0.0
2016-09-06,0.0,0.0,0.0,0.0,0.0,0.0,0.0,0.0,0.0,0.0,0.0
2016-09-07,0.0,0.0,0.0,0.0,0.0,0.0,0.0,0.0,0.0,0.0,0.0
2016-09-08,0.0,0.0,0.0,0.0,0.0,0.0,0.0,0.0,0.0,0.0,0.0
2016-09-09,0.0,0.0,0.0,0.0,0.0,0.0,0.0,0.0,0.0,0.0,0.0
2016-09-10,0.0,0.0,0.0,0.0,0.0,0.0,0.0,0.0,0.0,0.0,0.0
2016-09-11,0.0,0.0,0.0,0.0,0.0,0.0,0.0,0.0,0.0,0.0,0.0
2016-09-12,0.0,0.0,0.0,0.0,0.0,0.0,0.0,0.0,0.0,0.0,0.0
2016-09-13,0.0,0.0,0.0,0.0,0.0,0.0,0.0,0.0,0.0,0.0,0.0
2016-09-14,0.0,0.0,0.0,0.0,0.0,0.0,0.0,0.0,0.0,0.0,0.0
2016-09-15,0.0,0.0,0.0,0.0,0.0,0.0,0.0,0.0,0.0,0.0,0.0
2016-09-16,0.0,0.0,0.0,0.0,0.0,0.0,0.0,0.0,0.0,0.0,0.0
2016-09-17,0.0,0.0,0.0,0.0,0.0,0.0,0.0,0.0,0.0,0.0,0.0
2016-09-18,0.0,0.0,0.0,0.0,0.0,0.0,0.0,0.0,0.0,0.0,0.0
2016-09-19,0.0,0.0,0.0,0.0,0.0,0.0,0.0,0.0,0.0,0.0,0.0
2016-09-20,0.0,0.0,0.0,0.0,0.0,0.0,0.0,0.0,0.0,0.0,0.0
2016-09-21,0.0,0.0,0.0,0.0,0.0,0.0,0.0,0.0,0.0,0.0,0.0
2016-09-22,0.0,0.0,0.0,0.0,0.0,0.0,0.0,0.0,0.0,0.0,0.0
2016-09-23,0.0,0.0,0.0,0.0,0.0,0.0,0.0,0.0,0.0,0.0,0.0
2016-09-24,0.0,0.0,0.0,0.0,0.0,0.0,0.0,0.0,0.0,0.0,0.0
2016-09-25,0.0,0.0,0.0,0.0,0.0,0.0,0.0,0.0,0.0,0.0,0.0
2016-09-26,0.0,0.0,0.0,0.0,0.0,0.0,0.0,0.0,0.0,0.0,0.0
2016-09-27,0.0,0.0,0.0,0.0,0.0,0.0,0.0,0.0,0.0,0.0,0.0
2016-09-28,0.0,0.0,0.0,0.0,0.0,0.0,0.0,0.0,0.0,0.0,0.0
2016-09-29,0.0,0.0,0.0,0.0,0.0,0.0,0.0,0.0,0.0,0.0,0.0
2016-09-30,0.0,0.0,0.0,0.0,0.0,0.0,0.0,0.0,0.0,0.0,0.0
2016-10-01,0.0,0.0,0.0,0.0,0.0,0.0,0.0,0.0,0.0,0.0,0.0
2016-10-02,0.0,0.0,0.0,0.0,0.0,0.0,0.0,0.0,0.0,0.0,0.0
2016-10-03,0.0,0.0,0.0,0.0,0.0,0.0,0.055555556,0.0,0.0,1.4,0.0
2016-10-04,0.0,0.0,0.0,0.0,0.0,0.0,0.8333333,1.0,0.0,3.2,0.5
2016-10-05,0.0,0.0,0.0,0.0,0.0,0.0,0.0,0.0,0.0,0.6,0.0
2016-10-06,0.0,0.0,0.0,0.0,0.0,0.0,0.0,0.0,0.0,0.2,0.0
2016-10-07,0.0,0.0,0.0,0.0,0.0,0.0,0.0,0.0,0.0,0.0,0.0
2016-10-08,0.0,0.0,0.0,0.0,0.0,0.0,0.0,0.0,0.0,0.0,0.0
2016-10-09,0.0,0.0,0.0,0.0,0.0,0.0,0.0,0.0,0.0,0.0,0.0
2016-10-10,0.0,0.0,0.0,0.0,0.0,0.0,0.0,0.0,0.0,0.0,0.0
2016-10-11,0.0,0.0,0.0,0.0,0.0,0.0,0.0,0.0,0.0,0.0,0.0
2016-10-12,0.0,0.0,0.0,0.0,0.0,0.0,0.0,0.0,0.0,0.0,0.0
2016-10-13,0.0,0.0,0.0,0.0,0.0,0.0,0.0,0.0,0.0,0.0,0.0
2016-10-14,0.0,0.0,0.0,0.0,0.0,0.0,0.0,0.0,0.0,0.0,0.0
2016-10-15,0.0,0.0,0.0,0.0,0.037037037,0.022727273,0.0,0.0,0.0,0.0,0.0
2016-10-16,0.0,0.0,0.0,0.0,9.0,7.2272725,0.0,0.0,0.0,0.0,0.0
2016-10-17,3.5,0.0,0.0,0.0,39.037037,32.409092,0.0,25.5,0.0,29.4,1.0
2016-10-18,5.1666665,0.0,0.0,0.0,40.666668,35.477272,0.0,39.0,12.0,30.0,8.0
2016-10-19,4.6666665,0.0,0.0,0.0,39.666668,34.56818,0.0,27.5,5.0,29.6,6.5
2016-10-20,3.1666667,0.0,0.0,0.0,42.11111,35.227272,0.0,18.0,0.0,27.6,6.0
2016-10-21,1.1666666,0.0,0.0,0.0,37.925926,30.431818,0.0,20.0,0.0,21.4,0.0
2016-10-22,0.0,0.0,0.0,0.0,31.481482,24.59091,0.0,12.5,0.0,14.4,0.0
2016-10-23,0.0,0.0,0.0,0.0,27.666666,20.75,0.0,6.0,0.0,11.6,0.0
2016-10-24,0.0,0.0,0.0,0.0,23.222221,16.931818,0.0,0.0,0.0,3.6,0.0
2016-10-25,0.0,0.0,0.0,0.0,22.444445,16.068182,0.0,0.0,0.0,0.4,0.0
2016-10-26,0.0,0.0,0.0,0.0,20.851852,14.636364,0.0,0.0,0.0,0.0,0.0
2016-10-27,0.0,0.0,0.0,0.0,16.814816,11.272727,0.0,0.0,0.0,0.0,0.0
2016-10-28,0.0,0.0,0.0,0.0,20.555555,13.590909,0.0,0.0,0.0,0.0,0.0
2016-10-29,5.0,0.0,0.0,0.0,26.333334,18.386364,0.0,0.0,0.0,0.0,0.0
2016-10-30,4.6666665,0.0,0.0,0.0,25.703703,17.454546,0.0,0.0,0.0,0.0,0.0
2016-10-31,3.6666667,1.1454545,0.0,0.0,40.666668,31.954546,0.0,50.0,48.0,16.2,16.5
2016-11-01,4.1666665,0.96363634,0.0,0.0,53.88889,41.68182,5.611111,51.5,47.0,13.6,13.0
2016-11-02,4.1666665,0.90909094,0.0,0.0,56.77778,44.295456,4.2222223,58.5,58.0,13.8,13.5
2016-11-03,3.5,0.5272727,0.0,0.0,53.62963,41.454544,1.3333334,52.0,52.0,10.8,12.0
2016-11-04,2.3333333,0.036363635,0.0,0.0,51.185184,37.886364,0.0,37.0,40.0,6.0,8.0
2016-11-05,1.6666666,0.0,0.0,0.0,46.11111,33.522728,0.0,24.5,27.0,1.6,2.5
2016-11-06,0.5,0.0,0.0,0.0,42.666668,30.681818,0.0,13.0,17.0,0.0,0.0
2016-11-07,0.0,0.0,0.0,0.0,41.185184,29.431818,0.0,6.0,9.0,0.0,0.0
2016-11-08,0.0,0.0,0.0,0.0,36.851852,25.818182,0.0,0.0,0.0,0.0,0.0
2016-11-09,0.0,0.0,0.0,0.0,31.407408,21.477272,0.0,0.0,0.0,0.0,0.0
2016-11-10,0.0,0.0,0.0,0.0,26.814816,17.977272,0.0,0.0,0.0,0.0,0.0
2016-11-11,0.0,0.0,0.0,0.0,22.925926,15.0,0.0,0.0,0.0,0.0,0.0
2016-11-12,0.0,0.0,0.0,0.0,20.222221,13.068182,0.0,0.0,0.0,0.0,0.0
2016-11-13,0.0,0.0,0.0,0.0,18.74074,11.977273,0.0,0.0,0.0,0.0,0.0
2016-11-14,0.0,0.0,0.0,0.0,16.407408,10.272727,0.0,0.0,0.0,0.0,0.0
2016-11-15,0.0,0.0,0.0,0.0,13.888889,8.522727,0.0,0.0,0.0,0.0,0.0
2016-11-16,0.0,0.0,0.0,0.0,12.851851,7.8863635,0.0,0.0,0.0,0.0,0.0
2016-11-17,0.0,0.0,0.0,0.0,13.777778,8.636364,0.0,0.0,0.0,0.0,0.0
2016-11-18,0.0,0.0,0.0,0.0,13.703704,8.590909,0.0,0.5,1.0,0.0,1.5
2016-11-19,0.0,0.0,0.0,0.0,13.740741,8.5,0.6666667,0.0,0.0,0.0,3.5
2016-11-20,0.0,0.0,0.0,0.0,13.333333,8.181818,47.666668,22.5,29.0,4.0,2.0
2016-11-21,0.5,1.7818182,0.0,0.0,19.148148,13.022727,37.944443,38.0,47.0,13.4,12.0
2016-11-22,1.5,3.0,1.0,1.0,21.814816,15.863636,34.77778,38.5,48.0,15.6,14.0
2016-11-23,1.5,2.7454545,0.6666667,0.5,21.74074,15.727273,54.27778,42.0,51.0,16.0,15.5
2016-11-24,2.0,2.6181817,0.6666667,0.5,26.703703,22.15909,58.444443,53.0,66.0,18.6,22.0
2016-11-25,2.0,2.1636364,0.0,0.0,26.592592,21.84091,58.555557,58.0,72.0,20.0,23.5
2016-11-26,2.5,1.3818182,0.0,0.0,26.148148,20.863636,60.61111,58.0,72.0,20.4,22.0
2016-11-27,23.166666,17.218182,9.333333,10.25,58.592594,53.68182,86.44444,74.5,91.0,29.6,30.0
2016-11-28,40.833332,33.01818,38.666668,40.0,77.25926,72.204544,93.5,99.0,122.0,50.8,40.5
2016-11-29,44.833332,33.47273,39.666668,41.0,78.62963,73.59091,93.5,100.0,122.0,49.4,41.0
2016-11-30,44.666668,33.47273,39.0,40.5,79.59259,74.295456,91.5,100.0,122.0,48.6,41.0
2016-12-01,44.666668,33.381817,38.0,39.5,78.333336,73.431816,93.5,100.0,122.0,46.4,41.0
2016-12-02,45.166668,33.636364,37.666668,39.0,77.22222,72.61364,87.833336,100.0,122.0,46.6,41.0
2016-12-03,44.666668,33.2,38.0,39.5,76.888885,72.40909,87.0,100.0,122.0,43.4,41.5
2016-12-04,45.666668,32.254547,33.666668,35.25,78.0,72.47727,84.27778,100.0,122.0,42.0,41.5
2016-12-05,44.5,30.145454,25.0,27.0,79.37037,72.84091,83.333336,100.0,122.0,41.0,39.5
2016-12-06,43.666668,27.363636,20.0,22.0,78.74074,72.13636,75.166664,100.0,122.0,41.0,39.5
2016-12-07,43.666668,26.10909,19.666666,21.5,79.22222,72.568184,87.333336,100.0,122.0,41.0,39.5
2016-12-08,49.166668,26.581818,20.0,22.0,87.48148,83.72727,98.833336,106.5,129.0,46.0,50.0
2016-12-09,53.833332,30.927273,25.666666,26.75,100.14815,94.52273,90.888885,112.5,136.0,48.6,49.5
2016-12-10,51.833332,28.745455,26.0,25.5,104.296295,98.75,78.94444,114.0,136.0,48.6,46.0
2016-12-11,59.666668,24.763636,23.666666,21.25,139.14815,129.56818,72.22222,158.0,175.0,83.6,82.0
2016-12-12,59.166668,21.454546,20.666666,16.5,136.03703,127.045456,73.111115,158.0,176.0,83.2,79.0
2016-12-13,59.0,19.709091,18.333334,13.75,134.66667,125.818184,71.111115,158.0,176.0,91.0,63.5
2016-12-14,69.166664,17.254545,15.333333,11.5,132.66667,124.15909,73.22222,162.0,174.0,82.2,68.0
2016-12-15,65.833336,13.890909,11.0,8.25,133.40741,123.90909,67.388885,162.5,178.0,89.4,66.0
2016-12-16,139.33333,51.21818,36.0,27.0,251.96297,227.95454,65.05556,139.5,156.0,121.2,64.0
2016-12-17,148.66667,64.29091,43.333332,39.25,260.7037,234.09091,70.77778,133.0,150.0,109.8,67.5
2016-12-18,148.83333,64.43636,55.666668,49.75,255.44444,230.81818,66.55556,138.5,150.0,105.4,67.5
2016-12-19,148.66667,64.30909,59.333332,52.75,261.4074,234.59091,65.05556,134.0,145.0,105.4,67.5
2016-12-20,185.33333,62.945454,57.333332,50.0,258.03705,232.09091,68.94444,134.5,145.0,105.4,69.0
2016-12-21,186.16667,58.69091,58.666668,49.25,256.22223,229.90909,68.44444,135.0,140.0,116.2,69.5
2016-12-22,184.83333,57.363636,57.333332,46.75,259.22223,231.15909,65.388885,134.5,135.0,116.8,74.0
2016-12-23,146.5,56.927273,57.666668,46.5,258.48148,230.45454,69.666664,127.0,134.0,120.6,75.0
2016-12-24,217.5,99.74545,114.333336,106.25,276.8889,249.77272,96.166664,186.0,193.0,142.2,102.0
2016-12-25,219.16667,101.56364,120.666664,112.25,286.07407,256.31818,125.666664,184.5,196.0,146.0,104.0
2016-12-26,218.83333,101.96364,118.666664,110.5,286.51852,256.61365,91.55556,182.0,196.0,145.4,104.5
2016-12-27,218.83333,102.6,119.0,111.0,288.18518,257.81818,89.94444,182.5,197.0,128.2,103.5
2016-12-28,219.33333,101.90909,115.333336,107.25,288.55554,257.63635,95.0,181.5,197.0,128.4,106.0
2016-12-29,219.16667,99.56364,111.333336,103.0,285.07407,254.36363,87.5,185.0,196.0,126.4,106.0
2016-12-30,218.83333,97.67273,107.333336,98.75,293.62964,258.75,87.05556,183.5,195.0,125.2,102.0
2016-12-31,219.5,103.454544,111.333336,103.75,287.44446,254.5,83.55556,182.5,194.0,125.0,102.0
2017-01-01,218.16667,111.545456,114.333336,107.75,291.51852,257.3409,71.5,182.0,194.0,124.8,99.5
2017-01-02,218.5,111.76363,113.666664,107.25,287.55554,254.54546,140.05556,192.5,205.0,130.4,103.0
2017-01-03,182.33333,111.94546,110.666664,104.5,288.96295,256.04544,165.16667,245.5,278.0,149.8,122.5
2017-01-04,259.16666,123.56364,114.666664,108.5,323.51852,292.95456,157.5,287.0,313.0,171.0,160.5
2017-01-05,327.33334,176.52727,148.0,139.25,412.18518,380.0909,167.33333,383.5,422.0,234.8,220.0
2017-01-06,343.5,202.5091,139.0,133.25,417.48148,386.9091,165.38889,409.0,449.0,236.8,228.0
2017-01-07,340.33334,206.29091,144.66667,138.5,431.44446,396.45456,204.16667,414.0,456.0,227.2,230.0
2017-01-08,412.5,246.96364,147.66667,142.5,521.14813,490.04544,192.27777,446.5,486.0,252.2,265.0
2017-01-09,503.33334,262.41818,147.0,140.0,581.37036,550.0455,175.5,442.0,476.0,288.8,316.0
2017-01-10,527.8333,265.4,141.33333,134.75,621.5926,593.5682,209.22223,482.0,525.0,320.0,351.0
2017-01-11,601.0,280.8909,150.66667,142.25,698.2963,665.9091,246.05556,613.0,670.0,379.0,440.0
2017-01-12,627.6667,290.78183,168.33333,160.25,724.5926,697.3409,253.44444,654.5,717.0,428.0,460.5
2017-01-13,656.8333,303.78183,190.0,181.5,757.3333,725.7045,258.6111,690.0,755.0,434.4,471.5
2017-01-14,644.6667,304.8,195.66667,187.25,760.03705,727.2727,242.11111,690.0,755.0,437.4,472.5
2017-01-15,649.5,304.30908,190.0,181.5,759.85187,726.9318,257.05554,690.0,755.0,437.6,472.0
2017-01-16,643.3333,303.4,187.66667,179.25,770.0,732.5909,247.77777,690.0,755.0,429.0,472.5
2017-01-17,647.1667,302.18182,183.66667,175.5,753.7778,721.5,269.44446,690.5,755.0,429.2,472.5
2017-01-18,643.1667,302.32727,181.33333,173.0,760.7778,725.7045,278.83334,688.5,757.0,429.0,475.5
2017-01-19,695.5,322.6182,200.0,190.75,798.3333,763.8182,307.6111,741.5,806.0,448.0,500.0
2017-01-20,715.6667,339.65454,234.66667,225.0,808.7037,776.8182,382.22223,786.5,852.0,478.0,518.0
2017-01-21,745.0,384.07272,305.0,293.25,841.1111,813.3409,445.72223,831.5,902.0,525.4,538.5
2017-01-22,764.3333,398.07272,323.33334,311.0,847.3333,818.9545,448.83334,867.5,938.0,539.8,550.0
2017-01-23,849.0,443.23636,397.0,382.5,906.5926,875.4545,479.1111,942.0,1023.0,625.4,598.0
2017-01-24,863.1667,459.5091,427.33334,412.25,900.3333,874.63635,478.33334,958.0,1047.0,638.4,604.0
2017-01-25,856.1667,456.25455,427.33334,411.5,1065.8889,1002.0,421.27777,942.5,1047.0,635.6,604.5
2017-01-26,860.1667,459.65454,428.66666,413.0,1068.8889,1004.5455,416.05554,956.0,1047.0,631.6,604.0
2017-01-27,855.5,458.12726,427.33334,411.25,1035.3704,976.1818,412.66666,957.0,1047.0,628.2,604.0
2017-01-28,857.5,459.21817,431.66666,415.5,1029.5186,973.9318,413.72223,957.0,1047.0,624.4,603.0
2017-01-29,860.6667,459.18182,424.33334,408.0,1043.963,981.61365,411.83334,956.0,1047.0,617.4,604.0
2017-01-30,860.1667,458.92728,416.0,399.75,1062.7037,999.4773,411.16666,956.0,1047.0,595.0,606.5
2017-01-31,857.0,455.81818,408.0,391.75,1061.5186,997.13635,416.66666,955.5,1047.0,618.0,606.5
2017-02-01,847.0,452.18182,398.0,381.25,1064.2222,997.5909,431.33334,958.0,1047.0,577.8,606.5
2017-02-02,845.0,451.9818,392.66666,375.5,1078.4814,1008.8182,395.27777,959.0,1048.0,582.4,606.5
2017-02-03,862.1667,453.9818,395.66666,377.75,1090.1852,1020.0455,467.1111,968.0,1062.0,583.8,613.0
2017-02-04,887.3333,462.30908,399.33334,383.75,1122.5555,1044.9546,443.3889,1005.0,1105.0,650.8,650.0
2017-02-05,901.3333,462.52728,399.33334,383.5,1122.5927,1045.1364,433.5,1019.0,1126.0,646.2,657.0
2017-02-06,912.8333,471.4909,416.66666,396.75,1143.0741,1068.5,435.72223,1026.0,1132.0,656.0,667.0
2017-02-07,927.1667,498.03638,428.66666,410.0,1184.4445,1111.3864,436.22223,1073.5,1184.0,622.6,705.5
2017-02-08,1007.0,510.18182,424.66666,403.75,1268.6666,1178.4773,456.44446,1147.0,1269.0,645.0,732.0
2017-02-09,1010.0,505.67273,414.33334,393.0,1296.2593,1197.4773,443.6111,1217.5,1349.0,733.0,738.5
2017-02-10,1020.3333,501.83636,407.66666,385.25,1256.2222,1167.2046,351.6111,1281.0,1432.0,782.6,759.0
2017-02-11,1070.8334,514.41815,417.0,392.0,1279.4445,1188.5,393.22223,1321.5,1485.0,735.6,780.0
2017-02-12,1056.1666,515.07275,418.0,392.75,1293.8518,1197.909,350.55554,1323.5,1488.0,816.2,782.0
2017-02-13,1063.6666,512.9091,414.66666,389.0,1355.0741,1248.6818,431.0,1325.5,1488.0,815.4,782.5
2017-02-14,1063.5,509.96362,408.0,381.75,1369.1852,1258.091,407.94446,1325.0,1488.0,816.8,782.5
2017-02-15,1064.3334,506.07272,398.66666,372.0,1358.0741,1249.2273,364.1111,1325.5,1486.0,737.2,782.0
2017-02-16,1065.3334,501.16364,385.33334,358.5,1371.2222,1257.7727,360.44446,1326.0,1487.0,816.6,782.5
2017-02-17,1069.1666,502.9091,382.0,354.5,1370.7778,1258.8182,363.27777,1348.5,1512.0,831.0,785.0
2017-02-18,1100.1666,527.3091,419.33334,391.0,1404.037,1290.2727,403.72223,1366.5,1543.0,750.8,800.5
2017-02-19,1105.3334,531.2909,423.66666,395.75,1414.8148,1300.2954,398.8889,1379.0,1555.0,754.8,803.5
2017-02-20,1115.6666,535.05457,418.66666,389.75,1428.5186,1314.8864,442.44446,1397.0,1577.0,847.8,814.0
2017-02-21,1165.0,545.43634,425.0,393.5,1488.6296,1375.2046,462.44446,1490.5,1693.0,833.2,892.0
2017-02-22,1194.0,546.94543,423.33334,392.0,1520.0,1408.0227,454.22223,1567.0,1778.0,861.6,934.5
2017-02-23,1192.1666,547.7818,429.0,397.5,1520.8518,1409.7046,456.05554,1577.0,1788.0,882.4,936.0
2017-02-24,1182.0,548.56366,432.33334,401.0,1525.1482,1413.159,385.55554,1576.5,1788.0,879.2,938.5
2017-02-25,1179.0,550.4,437.33334,405.75,1526.4073,1413.75,451.22223,1574.0,1788.0,882.6,939.0
2017-02-26,1180.1666,549.83636,436.33334,404.75,1529.1852,1416.7727,394.33334,1580.5,1788.0,883.0,938.5
2017-02-27,1194.6666,549.5455,437.0,405.0,1522.037,1413.341,488.72223,1582.5,1791.0,976.6,944.0
2017-02-28,1197.5,551.56366,441.33334,409.5,1530.8518,1420.909,436.16666,1586.5,1803.0,973.0,956.0
2017-03-01,1199.3334,550.8,437.33334,405.25,1537.4445,1425.1818,458.16666,1590.5,1803.0,895.2,941.0
2017-03-02,1198.1666,550.6727,435.66666,404.0,1530.7778,1421.0227,457.66666,1598.0,1811.0,895.0,945.0
2017-03-03,1198.0,548.7818,427.66666,396.0,1528.6666,1417.341,382.8889,1598.0,1812.0,887.4,943.0
2017-03-04,1199.1666,548.05457,419.66666,387.0,1529.9259,1418.7046,448.55554,1597.5,1812.0,883.6,945.0
2017-03-05,1201.8334,546.7636,417.66666,383.5,1525.5927,1418.0227,428.72223,1609.5,1837.0,982.6,968.5
2017-03-06,1229.0,554.7273,423.33334,393.75,1565.1111,1459.2727,475.55554,1664.5,1899.0,1022.4,990.0
2017-03-07,1229.5,556.43634,426.0,396.5,1552.4445,1443.5,489.22223,1671.5,1902.0,1035.2,993.5
2017-03-08,1226.0,554.87274,417.0,387.0,1558.8518,1447.7727,518.55554,1673.0,1903.0,1032.2,990.5
2017-03-09,1227.5,547.34546,414.66666,380.75,1561.2222,1447.5,466.94446,1672.0,1903.0,1025.4,987.5
2017-03-10,1225.1666,537.4,410.33334,371.0,1565.4445,1447.909,464.16666,1673.0,1903.0,1021.6,983.0
2017-03-11,1224.3334,523.05457,410.0,365.0,1568.3334,1448.1818,453.44446,1668.5,1903.0,1019.6,981.5
2017-03-12,1222.8334,513.38184,407.33334,356.5,1571.6666,1448.091,436.3889,1672.5,1903.0,915.6,974.0
2017-03-13,1220.3334,499.25455,403.33334,345.5,1568.7778,1443.4318,446.83334,1675.5,1903.0,911.6,973.5
2017-03-14,1232.5,477.2,402.0,335.0,1564.2963,1437.2954,430.5,1682.0,1903.0,905.6,971.0
2017-03-15,1214.0,458.58182,402.33334,325.0,1574.3704,1441.4318,417.1111,1691.5,1903.0,992.0,967.5
2017-03-16,1225.8334,443.9091,405.33334,319.25,1568.2963,1435.4546,425.0,1695.5,1903.0,984.8,977.0
2017-03-17,1220.5,430.67273,405.0,309.75,1569.8889,1433.9318,408.5,1695.5,1903.0,976.8,974.0
2017-03-18,1215.8334,404.9818,403.0,302.25,1572.4445,1432.159,387.83334,1695.5,1903.0,966.4,971.0
2017-03-19,1210.5,387.6,406.33334,304.75,1577.0741,1432.591,376.83334,1694.0,1903.0,955.8,967.0
2017-03-20,1205.8334,366.1091,409.0,306.75,1579.8148,1431.5682,362.33334,1690.0,1903.0,948.4,957.0
2017-03-21,1200.6666,352.6182,409.0,306.75,1579.8518,1428.4773,352.77777,1690.0,1903.0,938.0,951.0
2017-03-22,1224.6666,348.07272,419.0,314.25,1599.8148,1443.0227,344.16666,1706.5,1910.0,957.0,971.5
2017-03-23,1229.5,346.34546,422.33334,319.25,1605.3334,1447.2046,351.55554,1718.5,1927.0,960.2,976.5
2017-03-24,1229.6666,346.4909,424.66666,320.75,1606.037,1447.75,351.16666,1729.0,1939.0,959.0,976.0
2017-03-25,1246.8334,341.8909,431.66666,323.75,1623.6666,1459.9318,373.1111,1749.5,1965.0,970.6,987.0
2017-03-26,1247.5,338.8909,430.66666,323.0,1626.0,1461.7954,368.83334,1752.5,1968.0,971.0,988.0
2017-03-27,1249.5,332.76364,428.33334,321.25,1627.6666,1462.2046,380.5,1765.5,1992.0,969.4,998.0
2017-03-28,1249.6666,332.6,426.66666,320.25,1623.8889,1456.6364,379.22223,1777.5,2011.0,974.4,1006.0
2017-03-29,1248.5,328.9091,428.33334,321.25,1618.0741,1447.4773,373.0,1778.0,2011.0,973.0,1003.5
2017-03-30,1245.1666,315.16364,422.66666,317.0,1612.5927,1436.7046,359.94446,1778.0,2013.0,964.4,994.0
2017-03-31,1250.1666,312.9091,425.0,319.5,1611.0,1432.6136,359.77777,1781.0,1996.0,960.8,1001.5
2017-04-01,1250.0,316.25455,421.0,315.75,1604.7778,1422.8182,351.94446,1783.5,1994.0,953.8,1001.5
2017-04-02,1246.3334,307.34546,417.66666,313.25,1598.9259,1413.25,327.1111,1784.5,1995.0,947.0,994.0
2017-04-03,1241.1666,295.4909,412.33334,309.25,1593.1852,1405.2046,311.77777,1783.5,1987.0,940.0,989.0
2017-04-04,1240.0,287.34546,408.0,306.0,1588.2593,1398.9546,300.27777,1780.5,1975.0,923.2,984.5
2017-04-05,1237.3334,275.25455,402.0,301.5,1582.0,1389.1818,284.3889,1779.5,1971.0,915.4,974.0
2017-04-06,1231.1666,260.94547,389.0,291.75,1578.1852,1379.159,268.77777,1775.5,1963.0,908.0,961.0
2017-04-07,1241.5,249.70909,381.66666,286.25,1598.6296,1389.25,278.94446,1811.0,2003.0,911.0,989.5
2017-04-08,1308.3334,255.47273,406.0,304.5,1636.0741,1411.5227,263.55554,1840.5,2023.0,936.8,1023.0
2017-04-09,1321.8334,271.5091,423.33334,319.75,1643.2963,1416.7046,265.22223,1857.0,2030.0,950.6,1039.0
2017-04-10,1322.0,270.27274,415.66666,313.75,1626.6296,1401.341,318.5,1856.5,2030.0,952.0,1039.0
2017-04-11,1321.5,265.34546,412.0,309.0,1594.2593,1369.9773,315.1111,1859.0,2032.0,951.6,1038.5
2017-04-12,1319.8334,262.05453,406.66666,305.0,1580.963,1357.7954,316.8889,1861.5,2035.0,952.2,1040.0
2017-04-13,1314.0,249.45454,400.0,300.0,1562.8889,1341.8636,314.77777,1885.5,2067.0,955.8,1048.5
2017-04-14,1328.3334,247.5091,400.66666,300.5,1539.6666,1320.5,326.83334,1918.0,2095.0,974.8,1070.5
2017-04-15,1328.1666,241.36363,401.0,300.75,1532.1111,1309.6818,327.27777,1918.5,2093.0,977.4,1069.5
2017-04-16,1325.6666,229.56363,392.0,294.0,1523.0741,1295.591,319.1111,1924.5,2104.0,978.4,1068.0
2017-04-17,1320.6666,218.09091,381.33334,286.0,1509.9259,1275.25,316.33334,1940.5,2134.0,975.4,1063.0
2017-04-18,1325.3334,209.01819,374.0,280.5,1495.6666,1255.159,310.16666,1922.5,2086.0,970.0,1047.5
2017-04-19,1342.6666,210.74545,384.0,288.0,1485.1111,1234.8182,299.8889,1909.0,2044.0,973.2,1037.0
2017-04-20,1342.0,173.52727,384.33334,288.25,1462.9259,1209.0227,291.16666,1903.0,2020.0,970.6,1028.0
2017-04-21,1336.1666,170.27272,378.0,283.5,1449.4073,1194.659,285.6111,1902.0,2014.0,965.8,1024.5
2017-04-22,1328.6666,140.72728,365.0,273.75,1433.8148,1177.0454,265.77777,1899.0,2008.0,958.0,1014.0
2017-04-23,1321.1666,155.29091,344.33334,258.25,1410.5555,1153.841,251.5,1894.0,1997.0,950.6,998.5
2017-04-24,1314.6666,150.16364,336.66666,252.5,1392.7778,1135.7046,240.27777,1887.0,1976.0,935.2,982.0
2017-04-25,1314.8334,147.54546,332.66666,249.5,1366.7407,1112.7046,236.94444,1891.0,1983.0,933.2,979.5
2017-04-26,1299.6666,144.61818,327.33334,245.5,1321.8518,1076.841,229.44444,1891.0,1985.0,929.2,969.5
2017-04-27,1287.3334,136.14546,318.0,238.5,1288.2593,1048.0454,221.77777,1880.0,1959.0,924.0,953.5
2017-04-28,1279.5,131.34546,310.66666,233.0,1260.6296,1023.4545,213.44444,1867.5,1924.0,912.0,935.0
2017-04-29,1280.5,130.54546,307.33334,230.5,1227.5555,995.13635,204.44444,1852.5,1888.0,896.8,929.5
2017-04-30,1277.1666,128.23636,300.33334,225.25,1193.5927,965.1591,186.0,1826.0,1860.0,882.2,913.0
2017-05-01,1266.1666,120.98182,256.33334,192.25,1170.4073,943.8182,165.72223,1794.0,1826.0,865.0,889.5
2017-05-02,1252.1666,109.76363,189.33333,142.0,1135.5555,911.0909,147.94444,1750.0,1781.0,844.0,867.0
2017-05-03,1233.0,95.67273,172.0,129.0,1111.8889,886.2045,131.55556,1695.0,1737.0,850.4,843.0
2017-05-04,1210.1666,79.8,149.66667,112.25,1089.1482,861.0909,121.0,1586.5,1674.0,803.0,814.0
2017-05-05,1184.6666,63.98182,128.0,96.0,1047.7778,823.0455,111.22222,1525.5,1627.0,755.2,782.5
2017-05-06,1157.5,55.763638,115.666664,86.75,1006.37036,786.5455,105.05556,1478.0,1572.0,717.6,748.0
2017-05-07,1146.1666,56.109093,115.666664,86.75,950.4815,750.2045,101.72222,1471.0,1560.0,726.6,769.5
2017-05-08,1143.0,56.381817,115.0,86.25,944.85187,745.7955,94.44444,1447.0,1529.0,721.2,756.0
2017-05-09,1128.0,55.254547,110.0,82.5,940.8889,740.86365,86.111115,1424.0,1511.0,711.4,741.5
2017-05-10,1114.1666,50.236362,99.333336,74.5,940.85187,737.1818,75.05556,1388.5,1476.0,681.2,713.0
2017-05-11,1094.1666,64.27273,86.333336,64.75,924.6667,723.3409,61.77778,1354.5,1432.0,647.8,674.5
2017-05-12,1068.0,59.381817,79.666664,59.75,911.1111,711.0455,57.444443,1314.0,1383.0,620.0,633.5
2017-05-13,1064.6666,58.29091,77.0,57.75,893.9259,700.2045,55.22222,1280.5,1329.0,606.6,612.5
2017-05-14,1062.5,57.890907,74.666664,56.0,888.7778,696.86365,52.27778,1266.5,1305.0,592.6,602.0
2017-05-15,1058.8334,57.6,73.0,54.75,881.4074,692.0909,49.833332,1253.0,1286.0,579.6,599.0
2017-05-16,1064.1666,38.618183,45.333332,34.0,883.1111,693.7273,45.944443,1246.0,1278.0,566.8,593.0
2017-05-17,1062.5,57.272728,70.666664,53.0,875.85187,689.8409,42.444443,1246.0,1274.0,563.6,590.0
2017-05-18,1060.3334,56.909092,69.666664,52.25,878.37036,690.7727,41.72222,1228.5,1251.0,548.8,586.5
2017-05-19,1057.6666,55.636364,64.333336,48.25,870.4074,684.3409,37.0,1195.0,1204.0,525.6,577.5
2017-05-20,1049.6666,51.945454,54.0,40.5,864.1852,677.0455,31.055555,1145.0,1145.0,499.4,554.5
2017-05-21,1035.6666,45.890907,37.666668,28.25,878.0,681.5909,24.11111,1079.0,1093.0,478.2,517.0
2017-05-22,1022.1667,38.545456,17.0,12.75,825.1852,642.6591,24.61111,1013.5,1022.0,455.6,478.0
2017-05-23,1005.3333,30.09091,0.0,0.0,797.2222,618.0909,17.833334,947.0,953.0,430.4,429.5
2017-05-24,985.1667,21.527273,0.0,0.0,781.44446,601.11365,12.888889,874.0,880.0,406.4,371.0
2017-05-25,962.6667,16.309092,0.0,0.0,742.4815,572.2045,9.388889,814.0,813.0,385.2,332.0
2017-05-26,944.8333,14.345454,0.0,0.0,719.5185,556.13635,7.2222223,757.5,754.0,368.8,303.5
2017-05-27,931.6667,13.127273,0.0,0.0,652.2963,513.0227,5.5,687.0,706.0,353.2,276.0
2017-05-28,913.5,11.290909,0.0,0.0,607.1111,482.38635,2.5555556,627.5,647.0,333.4,241.0
2017-05-29,884.1667,8.327272,0.0,0.0,591.4074,468.88635,0.0,571.5,585.0,310.6,212.5
2017-05-30,845.3333,5.6,0.0,0.0,613.4815,478.93182,0.0,533.0,560.0,289.0,177.5
2017-05-31,806.5,4.309091,0.0,0.0,681.0741,547.3182,0.0,496.0,534.0,268.8,146.5
2017-06-01,795.0,4.072727,0.0,0.0,676.85187,544.11365,0.0,477.0,517.0,256.4,132.5
2017-06-02,770.8333,3.3818183,0.0,0.0,666.62964,535.6591,0.0,453.0,495.0,237.6,113.0
2017-06-03,735.1667,2.1454546,0.0,0.0,820.2222,662.9318,0.0,390.0,466.0,213.4,81.5
2017-06-04,708.3333,0.8363636,0.0,0.0,798.96295,642.1818,0.0,344.0,433.0,189.2,49.0
2017-06-05,680.1667,0.18181819,0.0,0.0,794.0741,630.8182,0.0,314.0,407.0,168.6,25.0
2017-06-06,654.1667,0.0,0.0,0.0,770.2963,611.75,0.0,278.0,381.0,147.6,0.0
2017-06-07,624.3333,0.0,0.0,0.0,744.0741,590.5455,0.0,241.0,351.0,127.0,0.0
2017-06-08,598.3333,0.0,0.0,0.0,719.8889,571.1818,0.0,206.5,324.0,148.8,0.0
2017-06-09,581.6667,0.0,0.0,0.0,706.9259,560.7955,0.0,191.5,309.0,131.4,0.0
2017-06-10,568.5,0.0,0.0,0.0,695.0,551.13635,0.0,179.0,295.0,117.4,0.0
2017-06-11,559.3333,0.0,0.0,0.0,690.2593,547.36365,0.0,168.5,284.0,106.8,0.0
2017-06-12,562.5,0.07272727,0.0,0.0,422.85184,331.13635,0.11111111,173.0,285.0,107.0,0.0
2017-06-13,557.8333,0.054545455,0.0,0.0,504.2963,380.88635,0.0,176.5,287.0,107.2,0.0
2017-06-14,551.5,0.0,0.0,0.0,683.4074,541.9318,0.0,161.5,275.0,98.6,0.0
2017-06-15,530.3333,0.0,0.0,0.0,661.8889,524.5,0.0,131.0,250.0,78.2,0.0
2017-06-16,499.83334,0.0,0.0,0.0,632.62964,501.13635,0.0,109.0,220.0,54.8,0.0
2017-06-17,458.0,0.0,0.0,0.0,645.1111,502.06818,0.0,84.0,179.0,25.8,0.0
2017-06-18,356.16666,0.0,0.0,0.0,600.2222,465.45456,0.0,56.0,133.0,0.6,0.0
2017-06-19,250.0,0.0,0.0,0.0,556.5185,429.02274,0.0,44.0,166.0,0.0,0.0
2017-06-20,210.5,0.0,0.0,0.0,503.85184,386.29544,0.0,0.0,77.0,0.0,0.0
2017-06-21,170.16667,0.0,0.0,0.0,451.96295,346.6591,0.0,0.0,0.0,0.0,0.0
2017-06-22,142.0,0.0,0.0,0.0,411.0,311.88635,0.0,0.0,0.0,0.0,0.0
2017-06-23,116.833336,0.0,0.0,0.0,370.7037,279.8409,0.0,0.0,0.0,0.0,0.0
2017-06-24,95.833336,0.0,0.0,0.0,327.44446,247.04546,0.0,0.0,0.0,0.0,0.0
2017-06-25,71.0,0.0,0.0,0.0,287.92593,216.45454,0.0,0.0,0.0,0.0,0.0
2017-06-26,47.333332,0.0,0.0,0.0,255.25926,190.79546,0.0,0.0,0.0,0.0,0.0
2017-06-27,29.666666,0.0,0.0,0.0,231.48148,172.06818,0.0,0.0,0.0,0.0,0.0
2017-06-28,16.166666,0.0,0.0,0.0,211.2963,156.02272,0.0,0.0,0.0,0.0,0.0
2017-06-29,9.0,0.0,0.0,0.0,192.11111,140.59091,0.0,0.0,0.0,0.0,0.0
2017-06-30,0.5,0.0,0.0,0.0,171.0,123.954544,0.0,0.0,0.0,0.0,0.0
2017-07-01,0.0,0.0,0.0,0.0,149.03703,106.454544,0.0,0.0,0.0,0.0,0.0
2017-07-02,0.0,0.0,0.0,0.0,130.66667,91.454544,0.0,0.0,0.0,0.0,0.0
2017-07-03,0.0,0.0,0.0,0.0,115.07407,78.11364,0.0,0.0,0.0,0.0,0.0
2017-07-04,0.0,0.0,0.0,0.0,102.03704,67.36364,0.0,0.0,0.0,0.0,0.0
2017-07-05,0.0,0.0,0.0,0.0,92.40741,58.977272,0.0,0.0,0.0,0.0,0.0
2017-07-06,0.0,0.0,0.0,0.0,82.85185,51.636364,0.0,0.0,0.0,0.0,0.0
2017-07-07,0.0,0.0,0.0,0.0,70.888885,43.5,0.0,0.0,0.0,0.0,0.0
2017-07-08,0.0,0.0,0.0,0.0,56.88889,34.909092,0.0,0.0,0.0,0.0,0.0
2017-07-09,0.0,0.0,0.0,0.0,40.48148,24.84091,0.0,0.0,0.0,0.0,0.0
2017-07-10,0.0,0.0,0.0,0.0,33.185184,20.363636,0.0,0.0,0.0,0.0,0.0
2017-07-11,0.0,0.0,0.0,0.0,27.222221,16.704546,0.0,0.0,0.0,0.0,0.0
2017-07-12,0.0,0.0,0.0,0.0,22.333334,13.704545,0.0,0.0,0.0,0.0,0.0
2017-07-13,0.0,0.0,0.0,0.0,18.851852,11.568182,0.0,0.0,0.0,0.0,0.0
2017-07-14,0.0,0.0,0.0,0.0,14.962963,9.181818,0.0,0.0,0.0,0.0,0.0
2017-07-15,0.0,0.0,0.0,0.0,10.888889,6.681818,0.0,0.0,0.0,0.0,0.0
2017-07-16,0.0,0.0,0.0,0.0,7.4444447,4.568182,0.0,0.0,0.0,0.0,0.0
2017-07-17,0.0,0.0,0.0,0.0,5.5925927,3.4318182,0.0,0.0,0.0,0.0,0.0
2017-07-18,0.0,0.0,0.0,0.0,4.037037,2.4772727,0.0,0.0,0.0,0.0,0.0
2017-07-19,0.0,0.0,0.0,0.0,2.6666667,1.6363636,0.0,0.0,0.0,0.0,0.0
2017-07-20,0.0,0.0,0.0,0.0,1.2592592,0.77272725,0.0,0.0,0.0,0.0,0.0
2017-07-21,0.0,0.0,0.0,0.0,0.0,0.0,0.0,0.0,0.0,0.0,0.0
2017-07-22,0.0,0.0,0.0,0.0,0.0,0.0,0.0,0.0,0.0,0.0,0.0
2017-07-23,0.0,0.0,0.0,0.0,0.0,0.0,0.0,0.0,0.0,0.0,0.0
2017-07-24,0.0,0.0,0.0,0.0,0.0,0.0,0.0,0.0,0.0,0.0,0.0
2017-07-25,0.0,0.0,0.0,0.0,0.0,0.0,0.0,0.0,0.0,0.0,0.0
2017-07-26,0.0,0.0,0.0,0.0,0.0,0.0,0.0,0.0,0.0,0.0,0.0
2017-07-27,0.0,0.0,0.0,0.0,0.0,0.0,0.0,0.0,0.0,0.0,0.0
2017-07-28,0.0,0.0,0.0,0.0,0.0,0.0,0.0,0.0,0.0,0.0,0.0
2017-07-29,0.0,0.0,0.0,0.0,0.0,0.0,0.0,0.0,0.0,0.0,0.0
2017-07-30,0.0,0.0,0.0,0.0,0.0,0.0,0.0,0.0,0.0,0.0,0.0
2017-07-31,0.0,0.0,0.0,0.0,0.0,0.0,0.0,0.0,0.0,0.0,0.0
2017-08-01,0.0,0.0,0.0,0.0,0.0,0.0,0.0,0.0,0.0,0.0,0.0
2017-08-02,0.0,0.0,0.0,0.0,0.0,0.0,0.0,0.0,0.0,0.0,0.0
2017-08-03,0.0,0.0,0.0,0.0,0.0,0.0,0.0,0.0,0.0,0.0,0.0
2017-08-04,0.0,0.0,0.0,0.0,0.0,0.0,0.0,0.0,0.0,0.0,0.0
2017-08-05,0.0,0.0,0.0,0.0,0.0,0.0,0.0,0.0,0.0,0.0,0.0
2017-08-06,0.0,0.0,0.0,0.0,0.0,0.0,0.0,0.0,0.0,0.0,0.0
2017-08-07,0.0,0.0,0.0,0.0,0.0,0.0,0.0,0.0,0.0,0.0,0.0
2017-08-08,0.0,0.0,0.0,0.0,0.0,0.0,0.0,0.0,0.0,0.0,0.0
2017-08-09,0.0,0.0,0.0,0.0,0.0,0.0,0.0,0.0,0.0,0.0,0.0
2017-08-10,0.0,0.0,0.0,0.0,0.0,0.0,0.0,0.0,0.0,0.0,0.0
2017-08-11,0.0,0.0,0.0,0.0,0.0,0.0,0.0,0.0,0.0,0.0,0.0
2017-08-12,0.0,0.0,0.0,0.0,0.0,0.0,0.0,0.0,0.0,0.0,0.0
2017-08-13,0.0,0.0,0.0,0.0,0.0,0.0,0.0,0.0,0.0,0.0,0.0
2017-08-14,0.0,0.0,0.0,0.0,0.0,0.0,0.0,0.0,0.0,0.0,0.0
2017-08-15,0.0,0.0,0.0,0.0,0.0,0.0,0.0,0.0,0.0,0.0,0.0
2017-08-16,0.0,0.0,0.0,0.0,0.0,0.0,0.0,0.0,0.0,0.0,0.0
2017-08-17,0.0,0.0,0.0,0.0,0.0,0.0,0.0,0.0,0.0,0.0,0.0
2017-08-18,0.0,0.0,0.0,0.0,0.0,0.0,0.0,0.0,0.0,0.0,0.0
2017-08-19,0.0,0.0,0.0,0.0,0.0,0.0,0.0,0.0,0.0,0.0,0.0
2017-08-20,0.0,0.0,0.0,0.0,0.0,0.0,0.0,0.0,0.0,0.0,0.0
2017-08-21,0.0,0.0,0.0,0.0,0.0,0.0,0.0,0.0,0.0,0.0,0.0
2017-08-22,0.0,0.0,0.0,0.0,0.0,0.0,0.0,0.0,0.0,0.0,0.0
2017-08-23,0.0,0.0,0.0,0.0,0.0,0.0,0.0,0.0,0.0,0.0,0.0
2017-08-24,0.0,0.0,0.0,0.0,0.0,0.0,0.0,0.0,0.0,0.0,0.0
2017-08-25,0.0,0.0,0.0,0.0,0.0,0.0,0.0,0.0,0.0,0.0,0.0
2017-08-26,0.0,0.0,0.0,0.0,0.0,0.0,0.0,0.0,0.0,0.0,0.0
2017-08-27,0.0,0.0,0.0,0.0,0.0,0.0,0.0,0.0,0.0,0.0,0.0
2017-08-28,0.0,0.0,0.0,0.0,0.0,0.0,0.0,0.0,0.0,0.0,0.0
2017-08-29,0.0,0.0,0.0,0.0,0.0,0.0,0.0,0.0,0.0,0.0,0.0
2017-08-30,0.0,0.0,0.0,0.0,0.0,0.0,0.0,0.0,0.0,0.0,0.0
2017-08-31,0.0,0.0,0.0,0.0,0.0,0.0,0.0,0.0,0.0,0.0,0.0
2017-09-01,0.0,0.0,0.0,0.0,0.0,0.0,0.0,0.0,0.0,0.0,0.0
2017-09-02,0.0,0.0,0.0,0.0,0.0,0.0,0.0,0.0,0.0,0.0,0.0
2017-09-03,0.0,0.0,0.0,0.0,0.0,0.0,0.0,0.0,0.0,0.0,0.0
2017-09-04,0.0,0.0,0.0,0.0,0.0,0.0,0.0,0.0,0.0,0.0,0.0
2017-09-05,0.0,0.0,0.0,0.0,0.0,0.0,0.0,0.0,0.0,0.0,0.0
2017-09-06,0.0,0.0,0.0,0.0,0.0,0.0,0.0,0.0,0.0,0.0,0.0
2017-09-07,0.0,0.0,0.0,0.0,0.0,0.0,0.0,0.0,0.0,0.0,0.0
2017-09-08,0.0,0.0,0.0,0.0,0.0,0.0,0.0,0.0,0.0,0.0,0.0
2017-09-09,0.0,0.0,0.0,0.0,0.0,0.0,0.0,0.0,0.0,0.0,0.0
2017-09-10,0.0,0.0,0.0,0.0,0.0,0.0,0.0,0.0,0.0,0.0,0.0
2017-09-11,0.0,0.0,0.0,0.0,0.0,0.0,0.0,0.0,0.0,0.0,0.0
2017-09-12,0.0,0.0,0.0,0.0,0.0,0.0,0.0,0.0,0.0,0.0,0.0
2017-09-13,0.0,0.0,0.0,0.0,0.0,0.0,0.0,0.0,0.0,0.0,0.0
2017-09-14,0.0,0.0,0.0,0.0,0.0,0.0,0.0,0.0,0.0,0.0,0.0
2017-09-15,0.0,0.0,0.0,0.0,0.0,0.0,0.0,0.0,0.0,0.0,0.0
2017-09-16,0.0,0.0,0.0,0.0,0.0,0.0,0.0,0.0,0.0,0.0,0.0
2017-09-17,0.0,0.0,0.0,0.0,0.0,0.0,0.0,0.0,0.0,0.0,0.0
2017-09-18,0.0,0.0,0.0,0.0,0.0,0.0,0.0,0.0,0.0,0.0,0.0
2017-09-19,0.0,0.0,0.0,0.0,0.0,0.0,0.0,0.0,0.0,0.0,0.0
2017-09-20,0.0,0.0,0.0,0.0,0.0,0.0,0.0,0.0,0.0,0.0,0.0
2017-09-21,0.0,0.0,0.0,0.0,0.44444445,0.27272728,0.0,0.0,0.0,0.8,0.0
2017-09-22,0.8333333,1.2727273,2.0,1.5,4.740741,3.8863637,0.0,3.5,0.0,4.0,4.0
2017-09-23,0.8333333,1.1090909,1.6666666,1.25,4.888889,4.818182,0.0,3.5,0.0,3.8,3.0
2017-09-24,0.8333333,0.8909091,0.0,0.0,4.5925927,4.431818,0.0,2.0,0.0,5.0,2.0
2017-09-25,0.6666667,0.47272727,0.0,0.0,3.7777777,3.5,0.0,0.0,0.0,2.8,0.0
2017-09-26,0.16666667,0.09090909,0.0,0.0,1.5925926,1.5,0.0,0.0,0.0,0.4,0.0
2017-09-27,0.0,0.0,0.0,0.0,0.7777778,0.47727272,0.0,0.0,0.0,0.0,0.0
2017-09-28,0.0,0.0,0.0,0.0,0.37037036,0.22727273,0.0,0.0,0.0,0.0,0.0
2017-09-29,0.0,0.0,0.0,0.0,0.0,0.0,0.0,0.0,0.0,0.0,0.0
2017-09-30,0.0,0.0,0.0,0.0,0.0,0.0,0.0,0.0,0.0,0.0,0.0
2017-10-01,0.0,0.0,0.0,0.0,0.0,0.0,0.0,0.0,0.0,0.0,0.0
2017-10-02,0.0,0.0,0.0,0.0,0.0,0.0,0.0,0.0,0.0,0.0,0.0
2017-10-03,0.0,0.0,0.0,0.0,0.0,0.0,0.0,0.0,0.0,0.0,0.0
2017-10-04,0.0,0.0,0.0,0.0,0.0,0.0,0.0,0.0,0.0,0.0,0.0
2017-10-05,0.0,0.0,0.0,0.0,0.0,0.0,0.0,0.0,0.0,0.0,0.0
2017-10-06,0.0,0.0,0.0,0.0,0.0,0.0,0.0,0.0,0.0,0.0,0.0
2017-10-07,0.0,0.0,0.0,0.0,0.0,0.0,0.0,0.0,0.0,0.0,0.0
2017-10-08,0.0,0.0,0.0,0.0,0.0,0.0,0.0,0.0,0.0,0.0,0.0
2017-10-09,0.0,0.0,0.0,0.0,0.0,0.0,0.0,0.0,0.0,0.0,0.0
2017-10-10,0.0,0.0,0.0,0.0,0.0,0.0,0.0,0.0,0.0,0.0,0.0
2017-10-11,0.0,0.0,0.0,0.0,0.0,0.0,0.0,0.0,0.0,0.0,0.0
2017-10-12,0.0,0.0,0.0,0.0,0.0,0.0,0.0,0.0,0.0,0.0,0.0
2017-10-13,0.0,0.0,0.0,0.0,0.0,0.0,0.0,0.0,0.0,0.0,0.0
2017-10-14,0.0,0.0,0.0,0.0,0.0,0.0,0.0,0.0,0.0,0.0,0.0
2017-10-15,0.0,0.0,0.0,0.0,0.0,0.0,0.0,0.0,0.0,0.0,0.0
2017-10-16,0.0,0.0,0.0,0.0,0.0,0.0,0.0,0.0,0.0,0.0,0.0
2017-10-17,0.0,0.0,0.0,0.0,0.0,0.0,0.0,0.0,0.0,0.0,0.0
2017-10-18,0.0,0.0,0.0,0.0,0.0,0.0,0.0,0.0,0.0,0.0,0.0
2017-10-19,0.0,0.0,0.0,0.0,0.0,0.0,0.0,0.0,0.0,0.0,0.0
2017-10-20,0.0,0.0,0.0,0.0,0.037037037,0.022727273,0.6666667,0.0,0.0,0.0,0.0
2017-10-21,1.8333334,0.0,0.0,0.0,2.2222223,1.8863636,0.7222222,8.0,1.0,4.2,7.5
2017-10-22,0.33333334,0.0,0.0,0.0,0.9259259,0.70454544,0.5,5.0,0.0,2.4,7.5
2017-10-23,0.0,0.0,0.0,0.0,0.0,0.0,0.0,0.0,0.0,0.0,0.0
2017-10-24,0.0,0.0,0.0,0.0,0.0,0.0,0.0,0.0,0.0,0.0,0.0
2017-10-25,0.0,0.0,0.0,0.0,0.0,0.0,0.0,0.0,0.0,0.0,0.0
2017-10-26,0.0,0.0,0.0,0.0,0.0,0.0,0.0,0.0,0.0,0.0,0.0
2017-10-27,0.0,0.0,0.0,0.0,0.0,0.0,0.0,0.0,0.0,0.0,0.0
2017-10-28,0.0,0.0,0.0,0.0,0.0,0.0,0.0,0.0,0.0,0.0,0.0
2017-10-29,0.0,0.0,0.0,0.0,0.0,0.0,0.0,0.0,0.0,0.0,0.0
2017-10-30,0.0,0.0,0.0,0.0,0.0,0.0,0.0,0.0,0.0,0.0,0.0
2017-10-31,0.0,0.0,0.0,0.0,0.0,0.0,0.0,0.0,0.0,0.0,0.0
2017-11-01,0.0,0.0,0.0,0.0,0.0,0.0,0.0,0.0,0.0,0.0,0.0
2017-11-02,0.0,0.0,0.0,0.0,0.0,0.0,0.0,0.0,0.0,0.0,0.0
2017-11-03,0.0,0.0,0.0,0.0,0.0,0.0,0.0,0.0,0.0,0.0,0.0
2017-11-04,0.0,0.0,0.0,0.0,0.33333334,0.27272728,1.6111112,4.5,3.0,0.0,2.5
2017-11-05,0.0,0.0,0.0,0.0,1.7037038,1.5681819,4.5,13.5,5.0,0.8,8.0
2017-11-06,0.0,0.0,0.0,0.0,1.8518518,1.7272727,4.611111,12.5,5.0,0.6,7.5
2017-11-07,0.0,0.036363635,0.0,0.0,1.8518518,1.6590909,4.7777777,11.5,4.0,0.6,7.5
2017-11-08,0.0,0.0,0.0,0.0,1.5925926,1.4545455,4.3333335,10.0,3.0,0.0,7.5
2017-11-09,0.0,0.0,0.0,0.0,1.1111112,1.0,3.2222223,12.0,5.0,0.0,8.0
2017-11-10,0.0,0.0,0.0,0.0,1.0,0.95454544,2.9444444,16.0,3.0,3.2,9.5
2017-11-11,0.0,0.0,0.0,0.0,1.0,0.95454544,2.6111112,15.0,2.0,2.8,9.5
2017-11-12,0.0,0.0,0.0,0.0,0.9259259,0.8863636,2.5555556,20.0,2.0,1.6,9.0
2017-11-13,0.0,0.0,0.0,0.0,0.5555556,0.5,2.2777777,17.5,0.0,0.0,7.5
2017-11-14,0.0,0.0,0.0,0.0,0.4074074,0.36363637,2.2222223,21.0,0.0,0.4,6.5
2017-11-15,0.0,0.0,0.0,0.0,0.4074074,0.29545453,2.1111112,20.0,0.0,0.6,6.0
2017-11-16,10.166667,0.0,0.0,0.0,10.185185,8.363636,7.0,53.0,46.0,33.4,34.0
2017-11-17,49.666668,5.2545457,0.0,0.0,57.37037,46.704544,7.111111,113.5,104.0,81.0,90.5
2017-11-18,53.166668,7.018182,3.0,2.25,59.074074,48.863636,7.2777777,116.5,113.0,83.4,88.0
2017-11-19,53.5,6.2,3.0,2.25,57.555557,47.159092,6.8333335,121.5,114.0,84.0,96.0
2017-11-20,52.666668,4.981818,0.0,0.0,59.51852,47.68182,6.3333335,118.5,114.0,82.6,84.5
2017-11-21,51.666668,3.1636364,0.0,0.0,60.037037,47.522728,6.111111,123.0,123.0,82.0,83.5
2017-11-22,50.5,1.0,0.0,0.0,59.333332,45.613636,5.1666665,118.5,118.0,77.2,79.5
2017-11-23,48.0,0.036363635,0.0,0.0,63.925926,51.909092,3.8888888,110.0,111.0,73.4,73.0
2017-11-24,39.333332,0.0,0.0,0.0,55.77778,45.56818,2.8888888,102.5,103.0,68.6,80.5
2017-11-25,32.833332,0.0,0.0,0.0,50.074074,41.045456,2.1666667,97.5,99.0,65.0,74.5
2017-11-26,23.333334,0.0,0.0,0.0,41.37037,33.977272,1.6111112,95.5,99.0,62.4,65.0
2017-11-27,37.166668,0.0,0.0,0.0,56.592594,46.136364,1.5555556,160.5,193.0,70.6,68.0
2017-11-28,52.666668,3.6181817,6.3333335,7.0,56.51852,42.704544,2.1666667,172.0,203.0,70.6,74.5
2017-11-29,52.5,1.8,5.6666665,5.0,56.296295,42.477272,1.6111112,172.0,204.0,70.6,74.5
2017-11-30,52.166668,1.3090909,4.0,3.0,55.962963,44.659092,1.4444444,172.0,204.0,70.0,74.5
2017-12-01,49.0,0.7818182,1.3333334,1.0,63.62963,51.81818,1.3333334,171.5,202.0,68.8,73.0
2017-12-02,46.166668,0.5090909,0.0,0.0,62.407406,50.863636,1.2222222,167.0,201.0,71.4,71.0
2017-12-03,44.666668,0.21818182,0.0,0.0,61.74074,50.454544,2.8333333,181.5,211.0,71.4,69.0
2017-12-04,45.5,0.21818182,0.0,0.0,62.925926,49.090908,2.8333333,189.5,219.0,72.2,81.5
2017-12-05,45.5,0.21818182,0.0,0.0,63.22222,49.340908,3.0,181.5,219.0,72.6,82.0
2017-12-06,44.0,0.21818182,0.0,0.0,63.333332,49.340908,2.3888888,181.5,219.0,72.6,82.0
2017-12-07,43.833332,0.21818182,0.0,0.0,62.444443,51.204544,1.3333334,182.0,219.0,73.0,82.0
2017-12-08,42.333332,0.21818182,0.0,0.0,61.37037,50.204544,1.0555556,184.5,218.0,73.4,83.0
2017-12-09,41.0,0.10909091,0.0,0.0,58.962963,48.06818,0.8333333,186.5,216.0,72.6,80.5
2017-12-10,41.833332,0.054545455,0.0,0.0,56.962963,46.136364,0.6666667,185.5,214.0,73.0,79.0
2017-12-11,40.666668,0.0,0.0,0.0,55.074074,44.363636,0.5,181.5,212.0,72.0,76.5
2017-12-12,39.166668,0.0,0.0,0.0,53.185184,42.5,0.22222222,178.5,211.0,70.6,76.0
2017-12-13,36.333332,0.0,0.0,0.0,49.88889,39.477272,0.0,173.0,209.0,68.8,75.0
2017-12-14,34.0,0.0,0.0,0.0,46.77778,36.613636,0.0,169.0,208.0,66.6,71.5
2017-12-15,31.833334,0.0,0.0,0.0,43.851852,34.0,0.0,163.5,204.0,62.8,67.5
2017-12-16,30.666666,0.0,0.0,0.0,42.037037,32.477272,0.0,161.0,207.0,59.4,62.0
2017-12-17,30.666666,0.0,0.0,0.0,42.037037,32.477272,0.0,161.0,207.0,61.8,62.5
2017-12-18,30.666666,0.0,0.0,0.0,42.037037,32.43182,0.0,161.0,207.0,62.0,62.0
2017-12-19,30.166666,0.0,0.0,0.0,41.74074,32.090908,0.0,157.0,204.0,59.6,58.5
2017-12-20,29.833334,0.0,0.0,0.0,41.37037,31.727272,2.6111112,157.5,205.0,58.6,56.5
2017-12-21,32.0,0.72727275,2.0,1.75,45.25926,35.93182,2.6111112,168.5,214.0,66.6,63.0
2017-12-22,32.0,0.72727275,2.0,1.75,45.22222,35.909092,2.5,170.0,214.0,66.8,63.0
2017-12-23,31.666666,0.56363636,0.6666667,0.75,46.22222,36.43182,2.6666667,176.0,216.0,66.6,67.5
2017-12-24,30.166666,0.36363637,0.0,0.0,45.11111,34.68182,1.2777778,172.5,217.0,65.2,64.0
2017-12-25,28.833334,0.14545454,0.0,0.0,43.851852,33.613636,1.0,173.0,216.0,63.0,60.5
2017-12-26,28.333334,0.07272727,0.0,0.0,43.11111,33.045456,0.2777778,173.0,216.0,62.6,58.0
2017-12-27,27.166666,0.036363635,0.0,0.0,42.333332,32.272728,0.0,171.0,212.0,59.0,54.0
2017-12-28,26.833334,0.0,0.0,0.0,41.296295,31.40909,0.0,167.0,210.0,57.2,50.0
2017-12-29,24.833334,0.0,0.0,0.0,38.962963,29.363636,0.0,159.5,206.0,52.8,44.5
2017-12-30,22.0,0.0,0.0,0.0,35.88889,26.84091,0.0,153.5,204.0,47.4,36.0
2017-12-31,20.166666,0.0,0.0,0.0,34.148148,25.40909,0.0,152.5,206.0,44.2,30.5
2018-01-01,19.0,0.0,0.0,0.0,33.25926,24.568182,0.0,149.0,205.0,41.6,27.5
2018-01-02,18.0,0.0,0.0,0.0,32.444443,23.727272,0.0,143.0,201.0,38.4,24.0
2018-01-03,17.0,0.0,0.0,0.0,31.518518,22.90909,0.0,137.5,198.0,36.2,21.0
2018-01-04,16.166666,0.0,0.0,0.0,30.518518,22.09091,0.0,133.0,196.0,32.8,17.5
2018-01-05,16.0,0.018181818,0.0,0.0,31.851852,23.181818,0.0,140.0,210.0,34.6,16.5
2018-01-06,17.333334,0.018181818,0.0,0.0,34.74074,26.363636,0.0,135.5,205.0,37.4,14.5
2018-01-07,30.0,0.10909091,0.0,0.0,55.25926,46.954544,0.0,155.0,218.0,53.4,22.5
2018-01-08,30.0,0.2,0.0,0.0,60.88889,50.977272,0.0,154.5,215.0,55.8,21.5
2018-01-09,57.333332,10.018182,0.33333334,0.25,102.74074,91.52273,0.22222222,148.0,204.0,58.2,18.5
2018-01-10,61.0,27.2,12.666667,11.75,109.888885,98.72727,0.16666667,151.0,213.0,61.6,17.0
2018-01-11,61.0,27.90909,13.0,12.0,110.81481,99.86364,0.16666667,152.5,217.0,62.6,19.0
2018-01-12,60.333332,26.854546,11.333333,9.25,112.44444,101.15909,0.11111111,149.5,213.0,62.2,18.5
2018-01-13,59.833332,23.945454,9.333333,7.0,117.03704,104.02273,0.0,142.5,207.0,59.8,16.5
2018-01-14,60.333332,21.10909,5.6666665,4.25,123.37037,107.90909,0.0,137.5,204.0,56.8,13.5
2018-01-15,61.0,17.054546,2.6666667,2.0,120.62963,105.295456,0.0,130.5,197.0,53.2,10.0
2018-01-16,61.0,13.636364,0.33333334,0.25,116.25926,100.47727,0.0,126.0,195.0,50.0,6.0
2018-01-17,58.833332,11.963636,0.0,0.0,113.25926,97.318184,0.0,125.5,197.0,48.8,5.0
2018-01-18,54.333332,9.654546,0.0,0.0,106.333336,89.90909,0.0,122.0,200.0,44.8,1.0
2018-01-19,53.166668,7.8727274,0.0,0.0,116.96296,102.318184,0.8888889,154.0,240.0,51.6,14.5
2018-01-20,60.333332,13.218182,18.0,17.75,127.22222,112.59091,1.1111112,157.0,242.0,61.0,23.0
2018-01-21,60.5,13.709091,17.666666,17.5,127.51852,112.77273,1.1111112,157.0,242.0,61.0,23.0
2018-01-22,60.5,13.4,18.0,17.75,127.51852,112.75,5.7777777,160.5,248.0,61.0,23.0
2018-01-23,61.166668,13.363636,17.333334,17.25,128.81482,113.97727,9.833333,163.5,248.0,61.0,23.0
2018-01-24,61.833332,12.963636,15.0,15.0,129.11111,113.75,9.666667,167.0,248.0,61.6,23.0
2018-01-25,80.333336,12.363636,11.333333,11.5,142.40741,126.59091,18.777779,196.0,290.0,80.0,48.5
2018-01-26,90.833336,15.036364,18.333334,18.5,153.2963,135.40909,27.277779,215.5,309.0,90.6,60.5
2018-01-27,91.166664,15.018182,18.333334,18.5,153.40741,134.68182,29.11111,215.5,309.0,91.0,60.5
2018-01-28,91.166664,14.236363,15.666667,16.0,153.77777,135.18182,26.666666,215.5,306.0,90.8,61.0
2018-01-29,92.666664,10.036364,4.6666665,4.25,146.81482,127.295456,18.555555,220.0,303.0,89.0,59.0
2018-01-30,84.666664,7.2727275,0.0,0.0,134.62962,114.75,12.777778,214.5,296.0,85.8,54.5
2018-01-31,75.0,5.836364,0.0,0.0,125.92593,105.34091,7.888889,198.5,290.0,80.0,49.5
2018-02-01,69.333336,4.6181817,0.0,0.0,116.44444,95.795456,5.4444447,187.0,286.0,74.0,41.5
2018-02-02,60.0,3.490909,0.0,0.0,105.333336,84.86364,2.1111112,174.0,278.0,67.6,33.5
2018-02-03,53.166668,2.418182,0.0,0.0,97.07407,76.568184,0.8888889,163.5,271.0,62.4,24.0
2018-02-04,48.5,1.5454545,0.0,0.0,92.55556,72.295456,0.055555556,155.5,264.0,57.4,15.5
2018-02-05,44.0,1.1454545,0.0,0.0,89.07407,69.295456,0.0,144.0,254.0,52.8,5.0
2018-02-06,40.833332,0.96363634,0.0,0.0,86.74074,67.15909,0.0,136.5,250.0,48.6,0.5
2018-02-07,39.5,0.90909094,0.0,0.0,85.666664,65.77273,0.0,131.0,244.0,46.8,0.0
2018-02-08,36.5,0.8363636,0.0,0.0,82.296295,62.75,0.0,122.0,237.0,42.0,0.0
2018-02-09,33.5,0.6363636,0.0,0.0,78.22222,59.0,0.0,111.5,231.0,36.6,0.0
2018-02-10,31.5,0.4909091,0.0,0.0,75.25926,56.090908,0.0,101.0,225.0,32.4,0.0
2018-02-11,31.5,0.4909091,0.0,0.0,75.0,55.886364,0.0,101.5,227.0,32.4,0.0
2018-02-12,31.5,0.4909091,0.0,0.0,75.111115,55.954544,0.0,101.5,228.0,32.4,0.0
2018-02-13,34.333332,0.47272727,0.0,0.0,70.25926,53.727272,0.0,108.0,234.0,34.0,1.0
2018-02-14,34.333332,0.47272727,0.0,0.0,69.74074,53.409092,0.0,108.5,234.0,32.6,1.0
2018-02-15,34.333332,0.47272727,0.0,0.0,69.74074,53.409092,0.0,108.5,234.0,32.6,1.0
2018-02-16,34.333332,0.4909091,0.0,0.0,69.55556,53.295456,0.0,108.5,234.0,32.8,1.0
2018-02-17,34.333332,0.5090909,0.0,0.0,70.111115,52.93182,0.0,104.5,230.0,32.0,0.5
2018-02-18,32.833332,0.5090909,0.0,0.0,77.96296,57.340908,0.0,98.5,228.0,31.6,0.0
2018-02-19,33.333332,0.5090909,0.0,0.0,69.48148,52.227272,0.22222222,104.0,233.0,34.8,7.0
2018-02-20,33.833332,0.72727275,1.3333334,1.25,69.81481,52.795456,0.22222222,104.0,233.0,35.4,7.0
2018-02-21,33.666668,0.7090909,1.3333334,1.25,69.74074,52.704544,0.22222222,104.0,233.0,35.4,7.0
2018-02-22,33.833332,0.72727275,1.3333334,1.25,70.14815,52.954544,0.22222222,105.0,234.0,35.4,7.0
2018-02-23,46.5,3.4545455,5.6666665,5.5,81.25926,65.181816,3.4444444,118.5,247.0,47.4,17.5
2018-02-24,46.5,3.7818182,6.3333335,6.25,81.25926,65.181816,3.4444444,118.5,247.0,47.4,17.5
2018-02-25,46.5,3.7818182,6.3333335,6.25,81.07407,65.068184,3.3888888,119.0,247.0,48.8,18.0
2018-02-26,46.5,3.7818182,6.3333335,6.25,81.07407,65.068184,6.5555553,120.0,248.0,49.8,18.0
2018-02-27,54.5,5.8,12.0,11.75,88.03704,72.84091,8.666667,141.0,268.0,61.4,35.0
2018-02-28,55.166668,7.6,18.333334,17.75,89.25926,73.818184,8.444445,141.0,268.0,61.4,35.0
2018-03-01,55.833332,7.6,18.333334,17.75,90.85185,76.068184,30.333334,145.0,272.0,63.0,40.0
2018-03-02,109.833336,14.290909,34.0,35.25,151.77777,135.45454,71.111115,201.0,329.0,96.6,80.5
2018-03-03,141.33333,26.272728,67.666664,69.0,194.51852,177.09091,77.77778,250.0,382.0,135.0,111.0
2018-03-04,159.66667,38.909092,91.333336,92.75,204.77777,188.22728,83.111115,263.0,395.0,147.0,118.5
2018-03-05,159.66667,39.545456,90.333336,91.75,204.77777,188.22728,83.166664,264.0,394.0,149.4,121.5
2018-03-06,159.83333,39.545456,90.666664,92.0,204.96297,188.36363,83.166664,263.5,392.0,149.2,121.5
2018-03-07,160.0,38.8,86.333336,88.0,207.48148,189.75,77.111115,263.5,390.0,149.0,121.5
2018-03-08,160.5,36.78182,81.333336,83.0,209.92592,191.11363,71.22222,257.5,378.0,148.8,121.5
2018-03-09,161.16667,31.854546,74.333336,76.5,211.33333,191.72728,67.166664,257.5,376.0,146.8,121.5
2018-03-10,161.0,26.127274,63.666668,67.25,212.7037,192.52272,63.38889,258.0,375.0,145.6,121.5
2018-03-11,160.83333,32.98182,60.666668,65.0,214.33333,193.13637,58.61111,262.0,378.0,149.6,127.5
2018-03-12,160.0,29.545454,50.0,54.5,217.18518,194.43182,49.11111,258.5,372.0,147.0,127.5
2018-03-13,159.16667,24.309092,44.0,44.75,220.96297,198.11363,37.88889,263.0,375.0,143.6,128.0
2018-03-14,177.66667,24.854546,39.666668,37.5,250.88889,232.15909,60.833332,290.0,407.0,166.2,146.0
2018-03-15,192.5,27.818182,52.333332,52.0,259.25925,241.13637,82.333336,316.0,435.0,173.6,158.0
2018-03-16,196.33333,30.145454,55.666668,55.0,262.03705,244.27272,105.388885,357.5,484.0,195.4,181.5
2018-03-17,221.66667,42.0,78.666664,79.75,283.44446,267.79544,122.05556,417.0,552.0,238.2,218.5
2018-03-18,225.5,43.50909,80.333336,81.5,289.2963,273.86365,124.72222,421.5,560.0,240.0,223.5
2018-03-19,225.5,43.50909,80.333336,81.5,290.22223,271.88635,123.0,423.0,561.0,242.4,224.5
2018-03-20,225.16667,43.47273,78.666664,78.75,290.55554,274.70456,118.666664,422.0,561.0,242.8,224.5
2018-03-21,237.16667,44.581818,71.333336,73.0,299.48148,283.97726,115.94444,447.0,591.0,257.2,234.5
2018-03-22,284.16666,70.30909,89.0,93.5,336.92593,322.45456,106.166664,495.0,635.0,277.6,251.0
2018-03-23,363.0,101.836365,113.0,122.5,393.81482,384.43182,111.22222,544.0,669.0,331.8,311.0
2018-03-24,363.16666,99.4,113.0,122.25,396.22223,385.8409,119.22222,543.5,669.0,331.6,311.0
2018-03-25,364.33334,98.87273,113.0,122.25,398.66666,389.0909,122.22222,567.0,701.0,338.0,324.5
2018-03-26,365.66666,98.27273,114.333336,124.0,400.77777,390.9091,125.05556,569.0,702.0,337.6,326.0
2018-03-27,365.5,98.27273,114.333336,124.0,400.92593,391.04544,123.22222,569.5,702.0,337.6,326.0
2018-03-28,365.33334,94.34545,113.666664,122.0,402.74075,391.5,107.5,572.5,702.0,336.4,326.0
2018-03-29,364.5,87.32727,113.666664,115.0,403.92593,390.79544,82.833336,568.0,693.0,326.0,326.0
2018-03-30,362.83334,80.218185,113.666664,105.25,403.92593,390.02274,59.833332,562.0,679.0,314.4,326.0
2018-03-31,358.0,67.36364,108.333336,90.75,401.66666,388.5909,44.944443,556.0,664.0,301.4,326.0
2018-04-01,353.5,56.70909,98.666664,74.0,401.18518,388.47726,34.833332,553.5,655.0,290.4,326.0
2018-04-02,347.66666,45.763638,74.666664,56.0,399.8889,388.11365,28.0,544.0,638.0,274.2,326.0
2018-04-03,345.33334,40.18182,60.0,45.0,398.62964,387.45456,24.166666,536.0,625.0,264.6,322.5
2018-04-04,340.83334,35.654545,52.333332,39.25,397.77777,385.63635,19.444445,522.0,606.0,255.2,317.0
2018-04-05,334.5,29.727272,45.0,33.75,400.03705,385.77274,14.333333,495.5,590.0,240.2,306.0
2018-04-06,328.66666,24.309092,37.333332,28.0,394.85184,378.61365,12.611111,476.0,576.0,224.8,293.5
2018-04-07,326.5,18.781818,29.333334,22.0,401.77777,380.70456,11.666667,461.5,560.0,213.4,293.5
2018-04-08,334.33334,16.345455,27.333334,20.5,414.4074,389.36365,11.111111,449.5,531.0,208.2,285.0
2018-04-09,336.0,14.545455,22.0,16.5,409.2963,383.5909,9.888889,444.5,532.0,212.0,271.5
2018-04-10,339.5,10.818182,10.333333,7.75,398.37036,369.29544,6.9444447,422.5,511.0,192.2,246.0
2018-04-11,324.0,7.018182,0.0,0.0,391.8889,358.22726,6.0,411.5,503.0,174.0,224.5
2018-04-12,326.5,6.8727274,0.0,0.0,383.92593,354.72726,7.5555553,423.5,514.0,180.4,224.0
2018-04-13,326.66666,7.4,0.0,0.0,382.03705,353.8409,7.611111,424.0,514.0,180.0,227.0
2018-04-14,326.33334,6.8,0.0,0.0,371.2963,346.29544,6.388889,423.0,512.0,180.0,225.5
2018-04-15,319.5,6.490909,0.0,0.0,359.85184,334.3409,5.0,409.5,506.0,173.0,208.0
2018-04-16,319.16666,6.2545457,0.0,0.0,354.96295,333.68182,5.6666665,447.0,547.0,181.8,215.0
2018-04-17,333.0,7.1272726,6.3333335,4.75,363.33334,344.27274,10.166667,461.0,552.0,180.0,219.5
2018-04-18,333.33334,7.1454544,6.3333335,4.75,364.0,344.18182,10.0,463.5,553.0,181.2,217.5
2018-04-19,333.33334,6.509091,6.3333335,4.75,364.96295,344.04544,9.722222,465.5,554.0,181.0,215.0
2018-04-20,334.83334,6.836364,3.6666667,2.75,362.37036,341.27274,6.9444447,464.0,554.0,190.0,214.0
2018-04-21,330.16666,5.8727274,4.3333335,3.25,361.22223,335.88635,4.2777777,441.5,541.0,183.8,193.5
2018-04-22,315.0,5.309091,0.0,0.0,347.07407,318.70456,1.5,396.0,513.0,170.0,157.5
2018-04-23,297.33334,3.581818,0.0,0.0,363.4074,322.81818,0.0,368.5,494.0,154.8,120.0
2018-04-24,281.5,2.3090909,0.0,0.0,343.96295,301.97726,0.0,339.5,464.0,142.4,93.0
2018-04-25,270.33334,1.2363636,0.0,0.0,349.51852,295.61365,0.0,296.5,427.0,126.8,69.0
2018-04-26,251.0,0.36363637,0.0,0.0,332.18518,274.52274,0.0,243.5,392.0,105.0,50.5
2018-04-27,233.33333,0.2,0.0,0.0,300.44446,238.52272,0.0,205.0,353.0,79.0,24.5
2018-04-28,229.66667,0.09090909,0.0,0.0,279.0,220.61363,0.0,190.0,327.0,73.0,18.0
2018-04-29,227.66667,0.07272727,0.0,0.0,277.51852,217.27272,0.055555556,183.5,312.0,70.2,16.0
2018-04-30,227.66667,0.07272727,0.0,0.0,275.37036,215.77272,0.11111111,183.0,309.0,70.2,15.0
2018-05-01,220.66667,0.07272727,0.0,0.0,277.37036,217.04546,0.0,180.0,301.0,73.4,16.0
2018-05-02,222.33333,1.5272727,1.0,0.75,241.62962,195.06818,0.0,168.0,281.0,71.2,11.5
2018-05-03,220.5,0.96363634,0.6666667,0.5,262.62964,205.79546,0.0,150.0,250.0,65.6,4.5
2018-05-04,222.66667,0.09090909,0.0,0.0,262.48148,203.36363,0.0,125.0,219.0,54.8,0.0
2018-05-05,209.33333,0.0,0.0,0.0,266.55554,203.11363,0.0,98.5,194.0,43.2,0.0
2018-05-06,184.0,0.0,0.0,0.0,263.18518,197.34091,0.0,73.0,173.0,21.2,0.0
2018-05-07,135.33333,0.0,0.0,0.0,248.74074,185.34091,0.0,57.0,153.0,5.4,0.0
2018-05-08,110.0,0.0,0.0,0.0,230.14815,170.18182,0.0,41.0,128.0,0.0,0.0
2018-05-09,90.333336,0.0,0.0,0.0,206.07408,150.77272,0.0,21.5,99.0,0.0,0.0
2018-05-10,77.333336,0.0,0.0,0.0,192.11111,138.95454,0.0,8.5,76.0,0.0,0.0
2018-05-11,64.5,0.0,0.0,0.0,181.07408,130.36363,0.0,0.0,57.0,0.0,0.0
2018-05-12,63.166668,0.0,0.0,0.0,178.14815,128.0,0.0,0.0,49.0,0.0,0.0
2018-05-13,62.0,0.0,0.0,0.0,164.51852,119.52273,0.0,0.0,43.0,0.0,0.0
2018-05-14,61.0,0.0,0.0,0.0,174.48148,124.931816,0.0,0.0,55.0,0.0,0.0
2018-05-15,57.333332,0.0,0.0,0.0,169.44444,120.88636,0.0,0.0,32.0,0.0,0.0
2018-05-16,52.666668,0.0,0.0,0.0,164.92592,117.36364,0.0,0.0,9.0,0.0,0.0
2018-05-17,51.333332,0.0,0.0,0.0,164.55556,117.045456,0.0,0.0,0.0,0.0,0.0
2018-05-18,47.5,0.0,0.0,0.0,162.0,115.068184,0.0,0.0,0.0,0.0,0.0
2018-05-19,41.666668,0.0,0.0,0.0,154.88889,109.568184,0.0,0.0,0.0,0.0,0.0
2018-05-20,37.0,0.0,0.0,0.0,146.88889,103.681816,0.0,0.0,0.0,0.0,0.0
2018-05-21,33.833332,0.0,0.0,0.0,141.03703,99.295456,0.0,0.0,0.0,0.0,0.0
2018-05-22,33.333332,0.0,0.0,0.0,138.44444,97.204544,0.0,0.0,0.0,0.0,0.0
2018-05-23,30.666666,0.0,0.0,0.0,132.62962,92.86364,0.0,0.0,0.0,0.0,0.0
2018-05-24,28.0,0.0,0.0,0.0,124.51852,86.84091,0.0,0.0,0.0,0.0,0.0
2018-05-25,25.0,0.0,0.0,0.0,116.111115,80.5,0.0,0.0,0.0,0.0,0.0
2018-05-26,24.833334,0.0,0.0,0.0,116.51852,80.795456,0.0,0.0,0.0,0.2,0.0
2018-05-27,24.666666,0.0,0.0,0.0,116.40741,80.65909,0.0,0.0,0.0,0.0,0.0
2018-05-28,23.666666,0.0,0.0,0.0,112.44444,77.5,0.0,0.0,0.0,0.0,0.0
2018-05-29,19.666666,0.0,0.0,0.0,100.888885,68.568184,0.0,0.0,0.0,0.0,0.0
2018-05-30,14.0,0.0,0.0,0.0,85.333336,56.522728,0.0,0.0,0.0,0.0,0.0
2018-05-31,10.333333,0.0,0.0,0.0,76.37037,49.31818,0.0,0.0,0.0,0.0,0.0
2018-06-01,9.333333,0.0,0.0,0.0,75.14815,48.386364,0.0,0.0,0.0,0.0,0.0
2018-06-02,6.5,0.0,0.0,0.0,70.18519,44.81818,0.0,0.0,0.0,0.0,0.0
2018-06-03,0.33333334,0.0,0.0,0.0,59.444443,37.25,0.0,0.0,0.0,0.0,0.0
2018-06-04,0.0,0.0,0.0,0.0,49.407406,30.318182,0.0,0.0,0.0,0.0,0.0
2018-06-05,0.0,0.0,0.0,0.0,41.703705,25.59091,0.0,0.0,0.0,0.0,0.0
2018-06-06,0.0,0.0,0.0,0.0,35.22222,21.613636,0.0,0.0,0.0,0.0,0.0
2018-06-07,0.0,0.0,0.0,0.0,31.481482,19.318182,0.0,0.0,0.0,0.0,0.0
2018-06-08,0.0,0.0,0.0,0.0,28.555555,17.522728,0.0,0.0,0.0,0.0,0.0
2018-06-09,0.0,0.0,0.0,0.0,24.814816,15.227273,0.0,0.0,0.0,0.0,0.0
2018-06-10,0.0,0.0,0.0,0.0,23.62963,14.5,0.0,0.0,0.0,0.0,0.0
2018-06-11,0.0,0.0,0.0,0.0,22.481482,13.795455,0.0,0.0,0.0,0.0,0.0
2018-06-12,0.0,0.0,0.0,0.0,19.333334,11.863636,0.0,0.0,0.0,0.0,0.0
2018-06-13,0.0,0.0,0.0,0.0,14.333333,8.795455,0.0,0.0,0.0,0.0,0.0
2018-06-14,0.0,0.0,0.0,0.0,10.074074,6.181818,0.0,0.0,0.0,0.0,0.0
2018-06-15,0.0,0.0,0.0,0.0,7.2222223,4.431818,0.0,0.0,0.0,0.0,0.0
2018-06-16,0.0,0.0,0.0,0.0,5.5555553,3.409091,0.0,0.0,0.0,0.0,0.0
2018-06-17,0.0,0.0,0.0,0.0,5.037037,3.090909,0.0,0.0,0.0,0.0,0.0
2018-06-18,0.0,0.0,0.0,0.0,5.0,3.0681818,0.0,0.0,0.0,0.0,0.0
2018-06-19,0.0,0.0,0.0,0.0,4.703704,2.8863637,0.0,0.0,0.0,0.0,0.0
2018-06-20,0.0,0.0,0.0,0.0,3.8148148,2.340909,0.0,0.0,0.0,0.0,0.0
2018-06-21,0.0,0.0,0.0,0.0,2.4444444,1.5,0.0,0.0,0.0,0.0,0.0
2018-06-22,0.0,0.0,0.0,0.0,1.074074,0.65909094,0.0,0.0,0.0,0.0,0.0
2018-06-23,0.0,0.0,0.0,0.0,0.0,0.0,0.0,0.0,0.0,0.0,0.0
2018-06-24,0.0,0.0,0.0,0.0,0.0,0.0,0.0,0.0,0.0,0.0,0.0
2018-06-25,0.0,0.0,0.0,0.0,0.0,0.0,0.0,0.0,0.0,0.0,0.0
2018-06-26,0.0,0.0,0.0,0.0,0.0,0.0,0.0,0.0,0.0,0.0,0.0
2018-06-27,0.0,0.0,0.0,0.0,0.0,0.0,0.0,0.0,0.0,0.0,0.0
2018-06-28,0.0,0.0,0.0,0.0,0.0,0.0,0.0,0.0,0.0,0.0,0.0
2018-06-29,0.0,0.0,0.0,0.0,0.0,0.0,0.0,0.0,0.0,0.0,0.0
2018-06-30,0.0,0.0,0.0,0.0,0.0,0.0,0.0,0.0,0.0,0.0,0.0
2018-07-01,0.0,0.0,0.0,0.0,0.0,0.0,0.0,0.0,0.0,0.0,0.0
2018-07-02,0.0,0.0,0.0,0.0,0.0,0.0,0.0,0.0,0.0,0.0,0.0
2018-07-03,0.0,0.0,0.0,0.0,0.0,0.0,0.0,0.0,0.0,0.0,0.0
2018-07-04,0.0,0.0,0.0,0.0,0.0,0.0,0.0,0.0,0.0,0.0,0.0
2018-07-05,0.0,0.0,0.0,0.0,0.0,0.0,0.0,0.0,0.0,0.0,0.0
2018-07-06,0.0,0.0,0.0,0.0,0.0,0.0,0.0,0.0,0.0,0.0,0.0
2018-07-07,0.0,0.0,0.0,0.0,0.0,0.0,0.0,0.0,0.0,0.0,0.0
2018-07-08,0.0,0.0,0.0,0.0,0.0,0.0,0.0,0.0,0.0,0.0,0.0
2018-07-09,0.0,0.0,0.0,0.0,0.0,0.0,0.0,0.0,0.0,0.0,0.0
2018-07-10,0.0,0.0,0.0,0.0,0.0,0.0,0.0,0.0,0.0,0.0,0.0
2018-07-11,0.0,0.0,0.0,0.0,0.0,0.0,0.0,0.0,0.0,0.0,0.0
2018-07-12,0.0,0.0,0.0,0.0,0.0,0.0,0.0,0.0,0.0,0.0,0.0
2018-07-13,0.0,0.0,0.0,0.0,0.0,0.0,0.0,0.0,0.0,0.0,0.0
2018-07-14,0.0,0.0,0.0,0.0,0.0,0.0,0.0,0.0,0.0,0.0,0.0
2018-07-15,0.0,0.0,0.0,0.0,0.0,0.0,0.0,0.0,0.0,0.0,0.0
2018-07-16,0.0,0.0,0.0,0.0,0.0,0.0,0.0,0.0,0.0,0.0,0.0
2018-07-17,0.0,0.0,0.0,0.0,0.0,0.0,0.0,0.0,0.0,0.0,0.0
2018-07-18,0.0,0.0,0.0,0.0,0.0,0.0,0.0,0.0,0.0,0.0,0.0
2018-07-19,0.0,0.0,0.0,0.0,0.0,0.0,0.0,0.0,0.0,0.0,0.0
2018-07-20,0.0,0.0,0.0,0.0,0.0,0.0,0.0,0.0,0.0,0.0,0.0
2018-07-21,0.0,0.0,0.0,0.0,0.0,0.0,0.0,0.0,0.0,0.0,0.0
2018-07-22,0.0,0.0,0.0,0.0,0.0,0.0,0.0,0.0,0.0,0.0,0.0
2018-07-23,0.0,0.0,0.0,0.0,0.0,0.0,0.0,0.0,0.0,0.0,0.0
2018-07-24,0.0,0.0,0.0,0.0,0.0,0.0,0.0,0.0,0.0,0.0,0.0
2018-07-25,0.0,0.0,0.0,0.0,0.0,0.0,0.0,0.0,0.0,0.0,0.0
2018-07-26,0.0,0.0,0.0,0.0,0.0,0.0,0.0,0.0,0.0,0.0,0.0
2018-07-27,0.0,0.0,0.0,0.0,0.0,0.0,0.0,0.0,0.0,0.0,0.0
2018-07-28,0.0,0.0,0.0,0.0,0.0,0.0,0.0,0.0,0.0,0.0,0.0
2018-07-29,0.0,0.0,0.0,0.0,0.0,0.0,0.0,0.0,0.0,0.0,0.0
2018-07-30,0.0,0.0,0.0,0.0,0.0,0.0,0.0,0.0,0.0,0.0,0.0
2018-07-31,0.0,0.0,0.0,0.0,0.0,0.0,0.0,0.0,0.0,0.0,0.0
2018-08-01,0.0,0.0,0.0,0.0,0.0,0.0,0.0,0.0,0.0,0.0,0.0
2018-08-02,0.0,0.0,0.0,0.0,0.0,0.0,0.0,0.0,0.0,0.0,0.0
2018-08-03,0.0,0.0,0.0,0.0,0.0,0.0,0.0,0.0,0.0,0.0,0.0
2018-08-04,0.0,0.0,0.0,0.0,0.0,0.0,0.0,0.0,0.0,0.0,0.0
2018-08-05,0.0,0.0,0.0,0.0,0.0,0.0,0.0,0.0,0.0,0.0,0.0
2018-08-06,0.0,0.0,0.0,0.0,0.0,0.0,0.0,0.0,0.0,0.0,0.0
2018-08-07,0.0,0.0,0.0,0.0,0.0,0.0,0.0,0.0,0.0,0.0,0.0
2018-08-08,0.0,0.0,0.0,0.0,0.0,0.0,0.0,0.0,0.0,0.0,0.0
2018-08-09,0.0,0.0,0.0,0.0,0.0,0.0,0.0,0.0,0.0,0.0,0.0
2018-08-10,0.0,0.0,0.0,0.0,0.0,0.0,0.0,0.0,0.0,0.0,0.0
2018-08-11,0.0,0.0,0.0,0.0,0.0,0.0,0.0,0.0,0.0,0.0,0.0
2018-08-12,0.0,0.0,0.0,0.0,0.0,0.0,0.0,0.0,0.0,0.0,0.0
2018-08-13,0.0,0.0,0.0,0.0,0.0,0.0,0.0,0.0,0.0,0.0,0.0
2018-08-14,0.0,0.0,0.0,0.0,0.0,0.0,0.0,0.0,0.0,0.0,0.0
2018-08-15,0.0,0.0,0.0,0.0,0.0,0.0,0.0,0.0,0.0,0.0,0.0
2018-08-16,0.0,0.0,0.0,0.0,0.0,0.0,0.0,0.0,0.0,0.0,0.0
2018-08-17,0.0,0.0,0.0,0.0,0.0,0.0,0.0,0.0,0.0,0.0,0.0
2018-08-18,0.0,0.0,0.0,0.0,0.0,0.0,0.0,0.0,0.0,0.0,0.0
2018-08-19,0.0,0.0,0.0,0.0,0.0,0.0,0.0,0.0,0.0,0.0,0.0
2018-08-20,0.0,0.0,0.0,0.0,0.0,0.0,0.0,0.0,0.0,0.0,0.0
2018-08-21,0.0,0.0,0.0,0.0,0.0,0.0,0.0,0.0,0.0,0.0,0.0
2018-08-22,0.0,0.0,0.0,0.0,0.0,0.0,0.0,0.0,0.0,0.0,0.0
2018-08-23,0.0,0.0,0.0,0.0,0.0,0.0,0.0,0.0,0.0,0.0,0.0
2018-08-24,0.0,0.0,0.0,0.0,0.0,0.0,0.0,0.0,0.0,0.0,0.0
2018-08-25,0.0,0.0,0.0,0.0,0.0,0.0,0.0,0.0,0.0,0.0,0.0
2018-08-26,0.0,0.0,0.0,0.0,0.0,0.0,0.0,0.0,0.0,0.0,0.0
2018-08-27,0.0,0.0,0.0,0.0,0.0,0.0,0.0,0.0,0.0,0.0,0.0
2018-08-28,0.0,0.0,0.0,0.0,0.0,0.0,0.0,0.0,0.0,0.0,0.0
2018-08-29,0.0,0.0,0.0,0.0,0.0,0.0,0.0,0.0,0.0,0.0,0.0
2018-08-30,0.0,0.0,0.0,0.0,0.0,0.0,0.0,0.0,0.0,0.0,0.0
2018-08-31,0.0,0.0,0.0,0.0,0.0,0.0,0.0,0.0,0.0,0.0,0.0
2018-09-01,0.0,0.0,0.0,0.0,0.0,0.0,0.0,0.0,0.0,0.0,0.0
2018-09-02,0.0,0.0,0.0,0.0,0.0,0.0,0.0,0.0,0.0,0.0,0.0
2018-09-03,0.0,0.0,0.0,0.0,0.0,0.0,0.0,0.0,0.0,0.0,0.0
2018-09-04,0.0,0.0,0.0,0.0,0.0,0.0,0.0,0.0,0.0,0.0,0.0
2018-09-05,0.0,0.0,0.0,0.0,0.0,0.0,0.0,0.0,0.0,0.0,0.0
2018-09-06,0.0,0.0,0.0,0.0,0.0,0.0,0.0,0.0,0.0,0.0,0.0
2018-09-07,0.0,0.0,0.0,0.0,0.0,0.0,0.0,0.0,0.0,0.0,0.0
2018-09-08,0.0,0.0,0.0,0.0,0.0,0.0,0.0,0.0,0.0,0.0,0.0
2018-09-09,0.0,0.0,0.0,0.0,0.0,0.0,0.0,0.0,0.0,0.0,0.0
2018-09-10,0.0,0.0,0.0,0.0,0.0,0.0,0.0,0.0,0.0,0.0,0.0
2018-09-11,0.0,0.0,0.0,0.0,0.0,0.0,0.0,0.0,0.0,0.0,0.0
2018-09-12,0.0,0.0,0.0,0.0,0.0,0.0,0.0,0.0,0.0,0.0,0.0
2018-09-13,0.0,0.0,0.0,0.0,0.0,0.0,0.0,0.0,0.0,0.0,0.0
2018-09-14,0.0,0.0,0.0,0.0,0.0,0.0,0.0,0.0,0.0,0.0,0.0
2018-09-15,0.0,0.0,0.0,0.0,0.0,0.0,0.0,0.0,0.0,0.0,0.0
2018-09-16,0.0,0.0,0.0,0.0,0.0,0.0,0.0,0.0,0.0,0.0,0.0
2018-09-17,0.0,0.0,0.0,0.0,0.0,0.0,0.0,0.0,0.0,0.0,0.0
2018-09-18,0.0,0.0,0.0,0.0,0.0,0.0,0.0,0.0,0.0,0.0,0.0
2018-09-19,0.0,0.0,0.0,0.0,0.0,0.0,0.0,0.0,0.0,0.0,0.0
2018-09-20,0.0,0.0,0.0,0.0,0.0,0.0,0.0,0.0,0.0,0.0,0.0
2018-09-21,0.0,0.0,0.0,0.0,0.0,0.0,0.0,0.0,0.0,0.0,0.0
2018-09-22,0.0,0.0,0.0,0.0,0.0,0.0,0.0,0.0,0.0,0.0,0.0
2018-09-23,0.0,0.0,0.0,0.0,0.0,0.0,0.0,0.0,0.0,0.0,0.0
2018-09-24,0.0,0.0,0.0,0.0,0.0,0.0,0.0,0.0,0.0,0.0,0.0
2018-09-25,0.0,0.0,0.0,0.0,0.0,0.0,0.0,0.0,0.0,0.0,0.0
2018-09-26,0.0,0.0,0.0,0.0,0.0,0.0,0.0,0.0,0.0,0.0,0.0
2018-09-27,0.0,0.0,0.0,0.0,0.0,0.0,0.0,0.0,0.0,0.0,0.0
2018-09-28,0.0,0.0,0.0,0.0,0.0,0.0,0.0,0.0,0.0,0.0,0.0
2018-09-29,0.0,0.0,0.0,0.0,0.0,0.0,0.0,0.0,0.0,0.0,0.0
2018-09-30,0.0,0.0,0.0,0.0,0.0,0.0,0.0,0.0,0.0,0.0,0.0
2018-10-01,0.0,0.0,0.0,0.0,0.0,0.0,0.0,0.0,0.0,0.0,0.0
2018-10-02,0.0,0.0,0.0,0.0,0.0,0.0,0.0,0.0,0.0,0.0,0.0
2018-10-03,0.0,0.0,0.0,0.0,0.0,0.0,0.0,0.0,0.0,0.0,0.0
2018-10-04,0.0,0.0,0.0,0.0,0.37037036,0.22727273,0.0,0.0,0.0,0.0,0.0
2018-10-05,0.0,0.0,0.0,0.0,0.4074074,0.25,0.0,0.0,0.0,0.0,0.0
2018-10-06,0.0,0.0,0.0,0.0,0.44444445,0.27272728,0.0,0.0,0.0,0.0,0.0
2018-10-07,0.0,0.0,0.0,0.0,0.44444445,0.27272728,0.0,0.0,0.0,0.0,0.0
2018-10-08,0.0,0.0,0.0,0.0,0.44444445,0.27272728,0.0,0.0,0.0,0.0,0.0
2018-10-09,0.0,0.0,0.0,0.0,0.44444445,0.27272728,0.0,0.0,0.0,0.0,0.0
2018-10-10,0.0,0.0,0.0,0.0,0.37037036,0.22727273,0.0,0.0,0.0,0.0,0.0
2018-10-11,0.0,0.0,0.0,0.0,0.37037036,0.22727273,0.0,0.0,0.0,0.0,0.0
2018-10-12,0.0,0.0,0.0,0.0,0.37037036,0.22727273,0.0,0.0,0.0,0.0,0.0
2018-10-13,0.0,0.0,0.0,0.0,0.2962963,0.18181819,0.0,0.0,0.0,0.0,0.0
2018-10-14,0.0,0.0,0.0,0.0,0.22222222,0.13636364,0.0,0.0,0.0,0.0,0.0
2018-10-15,0.0,0.0,0.0,0.0,0.22222222,0.13636364,0.0,0.0,0.0,0.0,0.0
2018-10-16,0.0,0.0,0.0,0.0,0.22222222,0.13636364,0.0,0.0,0.0,0.0,0.0
2018-10-17,0.0,0.0,0.0,0.0,0.18518518,0.11363637,0.0,0.0,0.0,0.0,0.0
2018-10-18,0.0,0.0,0.0,0.0,0.11111111,0.06818182,0.0,0.0,0.0,0.0,0.0
2018-10-19,0.0,0.0,0.0,0.0,0.074074075,0.045454547,0.0,0.0,0.0,0.0,0.0
2018-10-20,0.0,0.0,0.0,0.0,0.0,0.0,0.0,0.0,0.0,0.0,0.0
2018-10-21,0.0,0.0,0.0,0.0,0.0,0.0,0.0,0.0,0.0,0.0,0.0
2018-10-22,0.0,0.0,0.0,0.0,0.0,0.0,0.0,0.0,0.0,0.0,0.0
2018-10-23,0.0,0.0,0.0,0.0,0.0,0.0,0.0,0.0,0.0,0.0,0.0
2018-10-24,0.0,0.0,0.0,0.0,0.0,0.0,0.0,0.0,0.0,0.0,0.0
2018-10-25,0.0,0.0,0.0,0.0,0.0,0.0,0.0,0.0,0.0,0.0,0.0
2018-10-26,0.0,0.0,0.0,0.0,0.0,0.0,0.0,0.0,0.0,0.0,0.0
2018-10-27,0.0,0.0,0.0,0.0,0.0,0.0,0.0,0.0,0.0,0.0,0.0
2018-10-28,0.0,0.0,0.0,0.0,0.0,0.0,0.0,0.0,0.0,0.0,0.0
2018-10-29,0.0,0.0,0.0,0.0,0.0,0.0,0.0,0.0,0.0,0.0,0.0
2018-10-30,0.0,0.0,0.0,0.0,0.0,0.0,0.0,0.0,0.0,0.0,0.0
2018-10-31,0.0,0.0,0.0,0.0,0.0,0.0,0.0,0.0,0.0,0.0,0.0
2018-11-01,0.0,0.0,0.0,0.0,0.0,0.0,0.0,0.0,0.0,0.0,0.0
2018-11-02,0.0,0.0,0.0,0.0,0.0,0.0,0.0,0.0,0.0,0.0,0.0
2018-11-03,0.0,0.0,0.0,0.0,0.0,0.0,0.0,0.0,0.0,0.0,0.0
2018-11-04,0.0,0.0,0.0,0.0,0.0,0.0,0.0,0.0,0.0,0.0,0.0
2018-11-05,0.0,0.0,0.0,0.0,0.0,0.0,0.0,0.0,0.0,0.0,0.0
2018-11-06,0.0,0.0,0.0,0.0,0.0,0.0,0.0,0.0,0.0,0.0,0.0
2018-11-07,0.0,0.0,0.0,0.0,0.0,0.0,0.0,0.0,0.0,0.0,0.0
2018-11-08,0.0,0.0,0.0,0.0,0.0,0.0,0.0,0.0,0.0,0.0,0.0
2018-11-09,0.0,0.0,0.0,0.0,0.0,0.0,0.0,0.0,0.0,0.0,0.0
2018-11-10,0.0,0.0,0.0,0.0,0.0,0.0,0.0,0.0,0.0,0.0,0.0
2018-11-11,0.0,0.0,0.0,0.0,0.0,0.0,0.0,0.0,0.0,0.0,0.0
2018-11-12,0.0,0.0,0.0,0.0,0.0,0.0,0.0,0.0,0.0,0.0,0.0
2018-11-13,0.0,0.0,0.0,0.0,0.0,0.0,0.0,0.0,0.0,0.0,0.0
2018-11-14,0.0,0.0,0.0,0.0,0.0,0.0,0.0,0.0,0.0,0.0,0.0
2018-11-15,0.0,0.0,0.0,0.0,0.0,0.0,0.0,0.0,0.0,0.0,0.0
2018-11-16,0.0,0.0,0.0,0.0,0.0,0.0,0.0,0.0,0.0,0.0,0.0
2018-11-17,0.0,0.0,0.0,0.0,0.0,0.0,0.0,0.0,0.0,0.0,0.0
2018-11-18,0.0,0.0,0.0,0.0,0.0,0.0,0.0,0.0,0.0,0.0,0.0
2018-11-19,0.0,0.0,0.0,0.0,0.0,0.0,0.0,0.0,0.0,0.0,0.0
2018-11-20,0.0,0.0,0.0,0.0,0.0,0.0,0.0,0.0,0.0,0.0,0.0
2018-11-21,0.0,0.0,0.0,0.0,0.0,0.0,0.0,0.0,0.0,0.0,0.0
2018-11-22,2.6666667,0.38181818,0.0,0.0,14.962963,12.681818,0.0,7.0,2.0,14.6,7.0
2018-11-23,4.0,0.8727273,2.6666667,2.0,20.703703,17.90909,0.0,41.5,44.0,36.8,31.0
2018-11-24,4.8333335,0.6727273,2.0,1.5,32.37037,28.522728,0.0,89.5,96.0,55.8,61.0
2018-11-25,6.0,0.5090909,0.6666667,0.5,34.0,30.25,0.0,87.5,91.0,48.6,59.0
2018-11-26,5.8333335,0.47272727,0.0,0.0,39.51852,33.636364,0.0,78.5,81.0,47.4,56.5
2018-11-27,11.0,0.5090909,0.0,0.0,48.11111,41.272728,0.0,84.5,81.0,49.0,56.0
2018-11-28,12.5,0.21818182,0.0,0.0,52.148148,44.909092,0.2777778,97.5,100.0,50.4,50.0
2018-11-29,49.5,8.6,4.0,3.0,90.0,81.681816,1.8888888,112.0,111.0,59.4,57.0
2018-11-30,92.666664,60.836365,57.0,61.75,142.07408,134.02272,18.61111,141.5,146.0,83.6,74.0
2018-12-01,99.5,63.090908,64.333336,69.0,147.55556,138.36363,19.055555,145.0,149.0,85.6,75.0
2018-12-02,106.666664,66.65455,72.0,76.75,161.85185,153.59091,28.0,164.0,170.0,101.2,83.0
2018-12-03,106.666664,66.65455,72.0,76.75,161.85185,153.59091,28.0,165.0,173.0,101.2,83.5
2018-12-04,106.666664,66.65455,72.0,76.75,161.85185,153.59091,28.0,171.5,181.0,103.2,86.5
2018-12-05,107.666664,66.65455,71.333336,76.25,162.33333,154.0,28.277779,174.5,184.0,105.2,89.5
2018-12-06,111.5,71.25455,74.0,79.5,167.96297,159.18182,30.444445,183.0,193.0,110.2,99.0
2018-12-07,112.333336,86.36364,86.666664,94.25,169.18518,160.06818,30.166666,183.0,193.0,110.2,100.0
2018-12-08,112.333336,86.218185,83.666664,91.5,169.11111,159.90909,29.444445,183.0,193.0,110.2,100.0
2018-12-09,112.333336,85.03636,77.666664,85.25,168.51852,158.88637,27.11111,182.5,193.0,110.2,100.0
2018-12-10,112.333336,83.2,70.0,77.5,168.03703,157.97728,26.555555,182.5,193.0,110.2,100.0
2018-12-11,112.333336,81.4,63.333332,70.75,168.0,157.79546,24.88889,185.0,198.0,110.6,100.0
2018-12-12,112.333336,79.818184,58.666668,66.0,167.59259,156.95454,22.777779,184.5,197.0,110.8,99.0
2018-12-13,118.0,74.23637,52.0,58.5,170.7037,152.25,20.944445,167.5,194.0,106.4,95.5
2018-12-14,116.833336,72.30909,47.0,52.75,168.48148,149.29546,17.5,165.0,192.0,105.0,93.5
2018-12-15,116.666664,71.490906,44.333332,49.5,167.92592,148.5,16.166666,163.0,189.0,103.8,91.5
2018-12-16,115.666664,68.58182,42.0,45.5,166.88889,146.93182,14.944445,161.5,188.0,102.2,89.5
2018-12-17,117.333336,66.07273,40.666668,43.0,167.74074,147.18182,18.277779,159.5,184.0,100.4,87.5
2018-12-18,127.833336,66.69091,41.0,42.75,187.14815,164.70454,18.5,167.0,195.0,101.0,91.5
2018-12-19,127.166664,65.509094,40.333332,41.0,186.37038,163.75,17.88889,166.5,195.0,100.4,92.0
2018-12-20,124.0,59.70909,36.333332,34.75,182.48148,159.15909,15.388889,162.5,191.0,97.6,90.0
2018-12-21,119.833336,53.345455,32.333332,28.25,179.44444,155.75,14.111111,159.5,188.0,94.4,87.0
2018-12-22,120.833336,50.69091,30.666666,24.75,180.07408,156.34091,14.166667,169.5,203.0,98.6,90.5
2018-12-23,120.833336,48.0,28.666666,21.5,179.48148,155.43182,13.611111,169.5,202.0,99.0,91.0
2018-12-24,120.5,46.145454,27.666666,20.75,179.25926,154.93182,16.722221,172.5,206.0,100.0,92.0
2018-12-25,137.33333,54.98182,34.333332,25.75,199.0,173.93182,41.5,200.0,239.0,121.2,111.5
2018-12-26,137.33333,56.036366,36.666668,28.0,199.0,174.0,41.27778,203.5,243.0,123.4,112.0
2018-12-27,137.33333,56.036366,36.333332,27.75,199.0,173.97728,40.77778,207.0,249.0,123.6,116.5
2018-12-28,137.33333,56.036366,36.333332,27.75,199.0,173.97728,40.77778,207.0,249.0,123.6,116.5
2018-12-29,137.33333,56.036366,36.333332,27.75,199.0,173.97728,40.77778,207.0,249.0,124.4,117.5
2018-12-30,137.33333,56.01818,35.0,26.25,199.0,173.95454,37.88889,207.5,250.0,125.0,120.5
2018-12-31,137.16667,55.163635,34.666668,26.0,198.88889,173.72728,37.5,207.5,249.0,124.6,120.5
2019-01-01,137.16667,55.163635,34.666668,26.0,198.88889,173.72728,37.5,207.5,249.0,124.6,120.5
2019-01-02,137.16667,55.163635,34.666668,26.0,198.88889,173.72728,37.5,207.5,249.0,125.4,121.5
2019-01-03,149.33333,66.96364,49.0,36.75,213.55556,189.65909,38.22222,241.5,288.0,126.0,114.5
2019-01-04,149.0,65.41818,47.0,35.25,213.22223,189.06818,36.944443,238.5,288.0,125.8,120.0
2019-01-05,149.0,64.145454,44.666668,33.5,213.07408,188.47728,35.166668,236.5,288.0,125.4,123.5
2019-01-06,174.16667,70.67273,55.333332,42.25,238.7037,212.97728,63.333332,257.0,308.0,140.4,140.0
2019-01-07,211.66667,88.490906,86.666664,72.25,285.96295,258.70456,107.05556,318.0,372.0,162.8,207.0
2019-01-08,215.83333,89.6,86.333336,72.0,292.1111,264.70456,106.55556,335.0,393.0,167.6,207.5
2019-01-09,202.66667,74.87273,55.333332,46.25,276.62964,247.02272,101.72222,329.5,395.0,169.4,213.0
2019-01-10,213.16667,77.63636,56.333332,47.0,289.62964,259.86365,111.388885,356.5,425.0,177.6,224.0
2019-01-11,213.16667,77.12727,51.666668,42.5,289.55554,259.70456,109.333336,356.5,425.0,177.2,224.0
2019-01-12,213.66667,76.92727,49.0,39.5,290.92593,260.75,106.72222,359.5,429.0,174.4,225.0
2019-01-13,213.33333,78.781815,48.666668,39.25,290.07407,259.95456,103.666664,360.0,429.0,173.6,225.0
2019-01-14,213.33333,78.76363,48.666668,39.0,290.51852,260.43182,101.55556,359.5,429.0,171.0,224.0
2019-01-15,216.16667,84.218185,52.666668,43.25,293.37036,263.20456,101.77778,362.5,433.0,172.8,224.5
2019-01-16,235.16667,91.145454,61.333332,52.25,319.0,287.93182,131.44444,406.5,481.0,190.4,278.0
2019-01-17,295.16666,108.836365,69.666664,59.5,388.55554,352.18182,167.88889,465.0,538.0,236.4,342.5
2019-01-18,332.83334,141.38182,96.0,92.75,420.33334,380.1591,190.22223,470.5,532.0,261.2,365.0
2019-01-19,331.83334,139.8,91.0,87.75,418.48148,378.52274,196.5,503.5,582.0,261.4,366.5
2019-01-20,331.5,136.5091,81.666664,78.5,419.1111,378.18182,193.0,504.0,582.0,261.6,366.5
2019-01-21,358.66666,145.3091,88.0,85.0,456.81482,415.72726,222.55556,541.0,625.0,285.2,400.0
2019-01-22,358.83334,148.5091,93.0,90.0,445.4074,404.61365,222.88889,558.0,647.0,290.8,408.0
2019-01-23,358.66666,148.5091,93.0,90.0,445.4074,404.61365,222.55556,562.0,652.0,291.4,409.0
2019-01-24,358.33334,146.14546,87.666664,83.75,444.92593,403.52274,219.05556,562.0,654.0,292.2,409.0
2019-01-25,358.83334,144.47273,85.333336,79.75,444.5926,402.18182,213.11111,561.5,654.0,292.2,409.0
2019-01-26,358.33334,141.29091,82.666664,75.0,442.77777,399.27274,204.72223,561.0,654.0,291.2,409.0
2019-01-27,356.5,134.83636,78.333336,67.75,440.18518,395.04544,195.44444,559.5,654.0,291.6,409.0
2019-01-28,351.16666,124.29091,72.333336,57.75,435.55554,389.04544,182.94444,556.5,654.0,290.8,409.0
2019-01-29,348.0,117.12727,68.0,51.0,432.07407,384.20456,172.94444,555.5,654.0,288.6,409.0
2019-01-30,347.16666,113.2,65.333336,49.0,430.33334,382.13635,162.38889,554.5,654.0,289.8,409.0
2019-01-31,346.83334,110.07273,63.0,47.25,432.92593,383.93182,154.44444,553.0,652.0,288.8,409.0
2019-02-01,346.66666,110.30909,62.333332,46.75,432.55554,382.81818,146.55556,549.5,648.0,287.8,409.0
2019-02-02,363.16666,118.94546,64.0,48.0,448.77777,396.43182,146.16667,553.5,650.0,288.0,412.0
2019-02-03,422.5,152.67273,110.666664,96.0,516.4074,460.11365,154.77777,590.5,693.0,312.6,447.5
2019-02-04,456.5,169.65454,146.0,132.0,575.37036,516.9091,185.55556,617.5,723.0,333.0,472.5
2019-02-05,508.16666,192.58182,197.66667,181.5,644.37036,581.7273,209.22223,663.5,778.0,361.0,508.0
2019-02-06,521.5,194.63637,201.0,185.0,660.7037,596.9091,211.77777,670.0,784.0,359.8,516.0
2019-02-07,521.8333,194.63637,201.0,185.0,661.0741,597.1818,211.77777,670.5,785.0,358.8,516.0
2019-02-08,521.0,194.63637,201.0,185.0,660.2222,596.5,211.77777,670.5,785.0,359.6,516.0
2019-02-09,534.6667,197.81818,206.66667,190.5,676.0,610.7045,215.38889,676.5,791.0,362.6,520.0
2019-02-10,557.1667,202.70909,214.66667,198.75,705.5926,639.4545,235.83333,742.5,863.0,394.0,572.0
2019-02-11,581.6667,216.16364,243.0,226.25,742.0,673.6591,238.88889,757.5,881.0,395.6,575.0
2019-02-12,579.5,216.16364,243.0,226.25,732.2593,664.1818,238.88889,758.5,880.0,395.2,579.5
2019-02-13,581.5,216.3091,241.66667,225.25,734.85187,666.6818,266.66666,761.0,882.0,401.0,583.5
2019-02-14,636.0,221.47273,243.33333,226.75,792.8889,721.2045,323.44446,857.0,986.0,443.6,659.5
2019-02-15,678.1667,249.38182,266.0,253.5,843.2593,769.11365,340.1111,892.0,1010.0,484.2,708.0
2019-02-16,702.5,258.6,283.66666,271.25,886.7407,813.9091,346.83334,921.5,1041.0,521.8,734.5
2019-02-17,705.0,262.29092,293.33334,280.75,885.2593,810.9091,353.0,951.0,1069.0,528.6,749.5
2019-02-18,712.1667,264.6182,298.66666,285.75,895.1111,820.61365,356.05554,958.5,1076.0,542.0,758.0
2019-02-19,711.6667,264.8,298.66666,285.75,894.7037,820.2045,356.05554,959.0,1076.0,541.4,758.0
2019-02-20,713.0,264.8,298.66666,285.75,897.7778,822.9091,356.0,962.0,1080.0,542.6,758.0
2019-02-21,715.0,266.5091,302.66666,289.75,901.5185,826.5455,359.3889,965.0,1084.0,544.8,760.5
2019-02-22,714.5,269.70908,314.33334,301.25,901.1852,826.13635,359.3889,965.0,1084.0,545.2,760.5
2019-02-23,714.1667,269.70908,314.33334,301.25,900.8889,825.9545,359.3889,965.0,1086.0,547.0,762.5
2019-02-24,715.5,269.70908,314.33334,301.25,904.7037,829.3182,359.72223,965.0,1086.0,546.4,762.5
2019-02-25,716.0,269.67273,310.33334,297.5,905.3333,829.9318,365.8889,968.5,1090.0,535.4,764.0
2019-02-26,715.3333,268.8,303.33334,290.5,904.8148,828.86365,422.27777,995.0,1121.0,554.4,780.0
2019-02-27,714.6667,267.16364,294.33334,281.75,905.5185,829.6818,490.66666,1041.5,1174.0,571.2,829.0
2019-02-28,720.6667,266.6,286.33334,273.75,916.2222,839.61365,501.55554,1071.0,1210.0,578.4,853.0
2019-03-01,722.6667,265.4,276.66666,264.25,918.7407,842.0,501.72223,1078.5,1219.0,581.0,856.5
2019-03-02,722.8333,271.94547,269.0,256.5,922.14813,845.2045,507.5,1080.5,1221.0,583.2,856.5
2019-03-03,769.0,295.58182,287.33334,273.75,975.1111,894.2273,507.3889,1094.5,1235.0,599.4,865.0
2019-03-04,775.3333,296.1091,285.33334,272.0,988.6667,906.75,510.83334,1107.0,1246.0,610.6,874.5
2019-03-05,771.0,294.9818,281.66666,268.5,980.96295,898.75,509.27777,1107.0,1246.0,610.2,874.5
2019-03-06,806.1667,338.0909,309.33334,288.25,1006.44446,921.9773,530.8889,1125.5,1268.0,621.0,886.5
2019-03-07,842.3333,352.67273,319.0,299.25,1045.5927,958.3182,537.44446,1149.5,1290.0,648.8,912.0
2019-03-08,847.1667,360.56363,335.66666,316.5,1045.0,957.2955,541.05554,1070.0,1212.0,625.8,853.0
2019-03-09,850.5,362.6,343.33334,324.0,1049.1111,961.5909,544.8333,1159.5,1301.0,657.4,919.5
2019-03-10,851.3333,362.6182,343.66666,324.5,1054.5927,967.1591,548.6111,1160.0,1301.0,658.6,919.5
2019-03-11,852.0,363.4,344.66666,325.25,1057.1111,969.61365,549.2222,1160.5,1303.0,657.8,920.5
2019-03-12,851.5,363.4,343.33334,324.25,1055.1111,967.7955,546.94446,1160.5,1303.0,659.0,920.5
2019-03-13,852.0,363.6182,340.66666,322.0,1058.1482,970.6591,547.6667,1162.5,1307.0,660.2,922.0
2019-03-14,851.3333,363.6182,340.0,321.5,1056.7778,969.36365,547.55554,1162.5,1307.0,660.2,922.0
2019-03-15,852.0,363.6,338.66666,320.25,1057.6296,969.9545,545.7778,1162.0,1307.0,661.4,922.0
2019-03-16,851.3333,363.43637,334.0,315.75,1056.1482,968.11365,538.1111,1162.5,1307.0,660.8,922.0
2019-03-17,851.1667,360.54544,319.66666,301.5,1054.8518,965.5909,523.05554,1160.5,1307.0,660.8,922.0
2019-03-18,850.3333,356.85455,301.33334,283.25,1053.8889,963.5682,503.94446,1159.5,1307.0,657.8,922.0
2019-03-19,847.0,351.27274,280.66666,262.75,1052.5927,961.25,484.44446,1159.0,1307.0,653.4,922.0
2019-03-20,854.8333,348.9091,269.0,251.25,1059.3704,964.5227,467.05554,1159.5,1307.0,653.2,922.0
2019-03-21,859.5,354.81818,275.0,257.0,1065.1852,969.9545,465.83334,1161.5,1309.0,654.8,924.5
2019-03-22,860.5,356.4,279.33334,261.25,1062.963,967.7273,459.0,1163.0,1311.0,657.4,925.0
2019-03-23,862.8333,356.12726,275.66666,258.0,1071.1111,975.7955,468.0,1169.0,1317.0,659.4,934.0
2019-03-24,868.0,356.30908,274.0,256.5,1079.1111,983.9091,475.16666,1179.5,1329.0,664.2,942.0
2019-03-25,865.3333,355.34546,267.33334,250.0,1074.3704,978.2045,471.94446,1062.5,1214.0,631.2,850.0
2019-03-26,869.6667,351.78183,254.0,236.0,1083.0,986.1591,485.44446,1181.5,1331.0,664.0,942.0
2019-03-27,865.3333,346.0,244.33333,224.5,1082.5186,985.2045,484.8889,1183.5,1332.0,660.8,943.5
2019-03-28,894.8333,345.4,240.66667,220.25,1127.7778,1029.5227,488.72223,1203.5,1350.0,680.6,961.0
2019-03-29,896.0,344.94547,240.33333,219.0,1130.0,1031.5227,492.3889,1209.5,1358.0,683.2,964.0
2019-03-30,891.1667,343.63635,239.66667,216.75,1122.4445,1023.36365,487.94446,1208.0,1358.0,682.6,964.0
2019-03-31,892.5,342.32727,239.66667,216.25,1124.8889,1025.6136,481.44446,1206.5,1358.0,683.2,964.0
2019-04-01,892.3333,338.30908,238.33333,212.5,1126.4073,1026.3636,468.83334,1205.5,1358.0,679.2,964.0
2019-04-02,890.3333,332.18182,236.66667,208.0,1127.4445,1026.0,454.3889,1209.0,1359.0,674.4,967.5
2019-04-03,896.3333,331.9091,238.0,206.75,1137.3704,1035.7954,444.6111,1210.5,1359.0,678.8,970.0
2019-04-04,892.6667,328.30908,236.0,202.0,1136.1111,1034.341,435.22223,1207.5,1359.0,707.0,971.0
2019-04-05,891.3333,326.36365,234.66667,198.25,1139.8518,1038.2273,426.16666,1212.5,1360.0,675.6,971.0
2019-04-06,892.0,325.16364,234.33333,196.75,1142.4445,1041.0682,419.05554,1220.5,1367.0,677.8,974.0
2019-04-07,888.5,320.78183,232.66667,192.25,1142.4073,1041.0227,412.8889,1223.5,1368.0,674.4,974.5
2019-04-08,878.3333,308.36365,226.66667,180.25,1138.2593,1035.4773,394.0,1226.0,1368.0,667.2,975.5
2019-04-09,865.1667,287.4,216.33333,162.25,1131.2593,1026.591,388.16666,1239.0,1368.0,655.4,977.5
2019-04-10,850.0,287.14545,216.66667,162.5,1092.1482,984.38635,384.22223,1066.0,1184.0,621.8,831.5
2019-04-11,869.1667,286.05453,215.33333,161.5,1134.7778,1029.4773,376.72223,1243.0,1372.0,654.4,980.0
2019-04-12,869.1667,285.81818,215.0,161.25,1134.8148,1029.5227,372.44446,1244.5,1372.0,654.0,980.0
2019-04-13,869.6667,284.85455,214.66667,161.0,1134.2963,1028.4773,362.1111,1244.5,1372.0,650.2,980.0
2019-04-14,862.5,312.0909,306.0,229.5,1166.1852,1070.4546,340.22223,1246.0,1372.0,639.6,980.0
2019-04-15,856.5,296.9818,296.0,222.0,1164.5555,1067.7273,324.3889,1246.0,1372.0,629.0,980.0
2019-04-16,857.6667,294.9091,292.33334,219.25,1171.4814,1073.1136,319.83334,1250.0,1377.0,624.0,981.0
2019-04-17,860.0,295.16364,295.0,221.25,1175.5555,1076.1818,311.83334,1251.0,1377.0,622.8,982.5
2019-04-18,855.6667,289.54544,289.33334,217.0,1174.6666,1073.6136,298.6111,1251.0,1377.0,613.4,982.5
2019-04-19,844.5,275.92728,273.0,204.75,1171.8889,1068.1136,266.27777,1251.0,1377.0,594.6,982.5
2019-04-20,831.8333,259.74545,254.33333,190.75,1168.1852,1061.8864,233.0,1248.5,1377.0,577.0,976.5
2019-04-21,828.8333,251.38182,249.33333,187.0,1166.5927,1059.6818,218.94444,1249.5,1377.0,572.0,971.5
2019-04-22,798.6667,208.01819,166.33333,124.75,1091.6666,970.2273,205.11111,1251.0,1377.0,566.4,963.0
2019-04-23,793.8333,200.98181,161.0,120.75,1087.2222,963.13635,183.72223,1251.0,1377.0,557.2,947.5
2019-04-24,778.0,187.89091,150.33333,112.75,1077.5186,950.0227,157.16667,1247.0,1377.0,541.2,929.0
2019-04-25,748.8333,170.52727,136.66667,102.5,1058.7778,927.7273,134.05556,1232.0,1377.0,516.8,902.5
2019-04-26,717.6667,149.25455,120.333336,90.25,1038.7407,904.9545,115.833336,1204.5,1377.0,486.2,878.5
2019-04-27,689.6667,131.81818,107.666664,80.75,1020.62964,884.36365,103.0,1181.0,1353.0,463.8,857.5
2019-04-28,662.6667,119.07273,96.0,72.0,1004.5926,865.5455,93.833336,1158.5,1312.0,444.2,836.0
2019-04-29,642.5,106.818184,84.0,63.0,991.03705,849.0455,85.77778,1129.5,1272.0,414.0,817.0
2019-04-30,626.0,103.07273,80.0,60.0,982.37036,838.5227,79.72222,1106.0,1245.0,390.2,801.5
2019-05-01,621.5,101.34545,77.333336,58.0,976.7037,832.13635,77.5,1099.0,1234.0,384.2,800.5
2019-05-02,616.0,99.30909,74.0,55.5,976.8148,832.8409,74.111115,1091.5,1223.0,374.2,788.0
2019-05-03,606.8333,95.41818,66.666664,50.0,974.55554,830.2955,69.166664,1072.5,1205.0,375.4,763.5
2019-05-04,590.5,88.89091,57.333332,43.0,965.6667,821.5455,62.444443,1042.5,1174.0,343.6,730.5
2019-05-05,571.5,80.98182,46.333332,34.75,954.3333,810.25,55.0,1007.5,1137.0,314.8,709.0
2019-05-06,553.1667,76.94546,40.0,30.0,945.44446,801.4091,47.333332,965.5,1093.0,286.8,672.0
2019-05-07,537.3333,76.09091,37.666668,28.25,932.7778,788.11365,40.944443,921.5,1045.0,264.4,633.5
2019-05-08,520.0,71.38182,30.333334,22.75,920.44446,774.8182,36.166668,885.5,1006.0,247.6,600.0
2019-05-09,504.5,66.527275,22.333334,16.75,907.37036,760.5,29.944445,844.0,964.0,231.4,564.0
2019-05-10,470.5,62.581818,16.333334,12.25,755.0741,617.8182,24.944445,535.0,640.0,258.0,367.5
2019-05-11,495.66666,61.890907,13.666667,10.25,891.7037,741.0682,19.88889,786.0,906.0,210.2,467.5
2019-05-12,484.16666,57.963634,5.0,3.75,878.03705,726.7273,14.388889,741.5,862.0,194.8,420.0
2019-05-13,465.5,53.52727,0.0,0.0,854.4815,703.61365,11.0,673.0,805.0,175.2,374.5
2019-05-14,447.5,48.763638,0.0,0.0,831.7778,681.9318,8.111111,589.5,761.0,158.6,341.0
2019-05-15,430.33334,43.69091,0.0,0.0,811.0,662.7727,5.9444447,552.0,722.0,145.8,310.5
2019-05-16,428.83334,39.98182,0.0,0.0,812.2963,662.7727,5.4444447,540.5,707.0,139.8,311.0
2019-05-17,451.5,51.872726,10.333333,11.5,841.7037,690.5227,9.333333,595.0,746.0,147.8,323.5
2019-05-18,448.5,51.50909,9.666667,9.75,839.7407,689.1591,8.333333,611.5,746.0,147.8,286.5
2019-05-19,433.0,47.418182,6.6666665,5.0,718.03705,577.4091,9.777778,433.5,526.0,192.0,246.5
2019-05-20,471.16666,57.109093,19.0,19.0,885.2593,726.6591,9.388889,644.5,782.0,151.8,303.0
2019-05-21,469.5,56.418182,15.0,15.0,882.7407,724.7955,9.222222,660.5,789.0,152.0,303.0
2019-05-22,469.83334,58.29091,17.0,18.5,891.62964,735.38635,10.555555,680.0,810.0,157.8,306.0
2019-05-23,480.0,60.636364,19.0,20.75,900.8148,742.6818,9.222222,677.5,801.0,163.4,304.0
2019-05-24,482.5,60.254547,18.666666,18.0,900.4815,741.5909,7.1666665,662.0,782.0,160.8,295.0
2019-05-25,479.0,53.872726,15.0,11.25,893.37036,731.88635,5.8333335,626.5,756.0,154.2,309.0
2019-05-26,478.5,49.327274,12.0,9.0,889.3333,726.4318,5.2222223,600.5,736.0,149.4,296.0
2019-05-27,486.16666,56.254547,24.666666,24.0,906.4815,742.63635,6.0555553,611.0,739.0,153.8,294.5
2019-05-28,484.66666,57.8,24.666666,23.5,909.44446,745.6591,5.111111,594.5,720.0,151.2,282.0
2019-05-29,481.83334,52.327274,18.666666,14.0,893.7778,728.7273,3.5555556,558.0,690.0,143.8,256.0
2019-05-30,476.33334,48.381817,9.0,6.75,878.2963,713.5909,1.2777778,518.0,646.0,131.6,223.5
2019-05-31,470.66666,44.872726,0.0,0.0,867.44446,702.7273,0.0,485.5,611.0,121.6,208.0
2019-06-01,466.83334,41.8,0.0,0.0,854.4074,689.7955,0.0,449.0,570.0,110.0,191.0
2019-06-02,461.66666,39.2,0.0,0.0,840.5926,676.38635,0.0,405.0,520.0,93.2,170.5
2019-06-03,454.16666,36.545456,0.0,0.0,821.62964,658.4318,0.0,354.5,463.0,77.8,145.5
2019-06-04,437.33334,33.436363,0.0,0.0,768.03705,608.11365,0.0,286.0,391.0,57.4,113.0
2019-06-05,420.83334,28.145454,0.0,0.0,756.4074,600.3182,0.0,193.0,282.0,49.6,75.5
2019-06-06,382.5,22.018183,0.0,0.0,652.4074,513.63635,0.0,129.5,160.0,22.8,36.5
2019-06-07,364.0,18.2,0.0,0.0,609.1111,478.8409,0.0,112.0,119.0,6.4,16.5
2019-06-08,355.16666,15.945455,0.0,0.0,598.8889,471.02274,0.0,103.5,101.0,1.6,6.0
2019-06-09,347.33334,13.272727,0.0,0.0,588.44446,462.3409,0.0,95.5,85.0,0.0,0.0
2019-06-10,333.83334,10.872727,0.0,0.0,567.3333,444.86365,0.0,78.5,50.0,0.0,0.0
2019-06-11,309.66666,8.509091,0.0,0.0,534.6667,418.93182,0.0,49.0,0.0,0.0,0.0
2019-06-12,281.33334,6.6181817,0.0,0.0,496.18518,388.47726,0.0,13.0,0.0,0.0,0.0
2019-06-13,250.0,4.1454544,0.0,0.0,444.96295,347.06818,0.0,0.0,0.0,0.0,0.0
2019-06-14,226.33333,2.9636364,0.0,0.0,415.18518,323.11365,0.0,0.0,0.0,0.0,0.0
2019-06-15,202.0,2.0727272,0.0,0.0,385.07407,298.6591,0.0,0.0,0.0,0.0,0.0
2019-06-16,175.33333,1.4909091,0.0,0.0,354.7037,273.95456,0.0,0.0,0.0,0.0,0.0
2019-06-17,150.83333,0.8909091,0.0,0.0,322.37036,248.18182,0.0,0.0,0.0,0.0,0.0
2019-06-18,126.666664,0.3272727,0.0,0.0,283.1111,215.88637,0.0,0.0,0.0,0.0,0.0
2019-06-19,107.833336,0.0,0.0,0.0,256.1111,194.36363,0.0,0.0,0.0,0.0,0.0
2019-06-20,90.0,0.0,0.0,0.0,226.81482,172.06818,0.0,0.0,0.0,0.0,0.0
2019-06-21,77.166664,0.0,0.0,0.0,208.25926,158.13637,0.0,0.0,0.0,0.0,0.0
2019-06-22,68.166664,0.0,0.0,0.0,197.51852,149.77272,0.0,0.0,0.0,0.0,0.0
2019-06-23,59.0,0.0,0.0,0.0,186.88889,141.34091,0.0,0.0,0.0,0.0,0.0
2019-06-24,47.833332,0.0,0.0,0.0,174.59259,131.52272,0.0,0.0,0.0,0.0,0.0
2019-06-25,34.833332,0.0,0.0,0.0,161.44444,121.0,0.0,0.0,0.0,0.0,0.0
2019-06-26,24.5,0.0,0.0,0.0,148.59259,110.59091,0.0,0.0,0.0,0.0,0.0
2019-06-27,20.5,0.0,0.0,0.0,140.66667,104.13636,0.0,0.0,0.0,0.0,0.0
2019-06-28,16.5,0.0,0.0,0.0,135.88889,99.954544,0.0,0.0,0.0,0.0,0.0
2019-06-29,11.833333,0.0,0.0,0.0,132.07408,96.63636,0.0,0.0,0.0,0.0,0.0
2019-06-30,6.0,0.0,0.0,0.0,125.40741,90.72727,0.0,0.0,0.0,0.0,0.0
2019-07-01,0.0,0.0,0.0,0.0,116.25926,82.318184,0.0,0.0,0.0,0.0,0.0
2019-07-02,0.0,0.0,0.0,0.0,107.25926,74.34091,0.0,0.0,0.0,0.0,0.0
2019-07-03,0.0,0.0,0.0,0.0,98.07407,66.77273,0.0,0.0,0.0,0.0,0.0
2019-07-04,0.0,0.0,0.0,0.0,90.51852,60.409092,0.0,0.0,0.0,0.0,0.0
2019-07-05,0.0,0.0,0.0,0.0,84.333336,54.93182,0.0,0.0,0.0,0.0,0.0
2019-07-06,0.0,0.0,0.0,0.0,78.111115,49.522728,0.0,0.0,0.0,0.0,0.0
2019-07-07,0.0,0.0,0.0,0.0,71.40741,43.909092,0.0,0.0,0.0,0.0,0.0
2019-07-08,0.0,0.0,0.0,0.0,66.296295,40.68182,0.0,0.0,0.0,0.0,0.0
2019-07-09,0.0,0.0,0.0,0.0,61.37037,37.659092,0.0,0.0,0.0,0.0,0.0
2019-07-10,0.0,0.0,0.0,0.0,56.296295,34.545456,0.0,0.0,0.0,0.0,0.0
2019-07-11,0.0,0.0,0.0,0.0,49.851852,30.59091,0.0,0.0,0.0,0.0,0.0
2019-07-12,0.0,0.0,0.0,0.0,42.703705,26.204546,0.0,0.0,0.0,0.0,0.0
2019-07-13,0.0,0.0,0.0,0.0,36.74074,22.545454,0.0,0.0,0.0,0.0,0.0
2019-07-14,0.0,0.0,0.0,0.0,30.88889,18.954546,0.0,0.0,0.0,0.0,0.0
2019-07-15,0.0,0.0,0.0,0.0,27.777779,17.045454,0.0,0.0,0.0,0.0,0.0
2019-07-16,0.0,0.0,0.0,0.0,24.74074,15.181818,0.0,0.0,0.0,0.0,0.0
2019-07-17,0.0,0.0,0.0,0.0,21.88889,13.431818,0.0,0.0,0.0,0.0,0.0
2019-07-18,0.0,0.0,0.0,0.0,18.37037,11.272727,0.0,0.0,0.0,0.0,0.0
2019-07-19,0.0,0.0,0.0,0.0,14.925926,9.159091,0.0,0.0,0.0,0.0,0.0
2019-07-20,0.0,0.0,0.0,0.0,11.259259,6.909091,0.0,0.0,0.0,0.0,0.0
2019-07-21,0.0,0.0,0.0,0.0,8.814815,5.409091,0.0,0.0,0.0,0.0,0.0
2019-07-22,0.0,0.0,0.0,0.0,6.962963,4.2727275,0.0,0.0,0.0,0.0,0.0
2019-07-23,0.0,0.0,0.0,0.0,4.9259257,3.0227273,0.0,0.0,0.0,0.0,0.0
2019-07-24,0.0,0.0,0.0,0.0,3.1851852,1.9545455,0.0,0.0,0.0,0.0,0.0
2019-07-25,0.0,0.0,0.0,0.0,1.3703704,0.84090906,0.0,0.0,0.0,0.0,0.0
2019-07-26,0.0,0.0,0.0,0.0,0.0,0.0,0.0,0.0,0.0,0.0,0.0
2019-07-27,0.0,0.0,0.0,0.0,0.0,0.0,0.0,0.0,0.0,0.0,0.0
2019-07-28,0.0,0.0,0.0,0.0,0.0,0.0,0.0,0.0,0.0,0.0,0.0
2019-07-29,0.0,0.0,0.0,0.0,0.0,0.0,0.0,0.0,0.0,0.0,0.0
2019-07-30,0.0,0.0,0.0,0.0,0.0,0.0,0.0,0.0,0.0,0.0,0.0
2019-07-31,0.0,0.0,0.0,0.0,0.0,0.0,0.0,0.0,0.0,0.0,0.0
2019-08-01,0.0,0.0,0.0,0.0,0.0,0.0,0.0,0.0,0.0,0.0,0.0
2019-08-02,0.0,0.0,0.0,0.0,0.0,0.0,0.0,0.0,0.0,0.0,0.0
2019-08-03,0.0,0.0,0.0,0.0,0.0,0.0,0.0,0.0,0.0,0.0,0.0
2019-08-04,0.0,0.0,0.0,0.0,0.0,0.0,0.0,0.0,0.0,0.0,0.0
2019-08-05,0.0,0.0,0.0,0.0,0.0,0.0,0.0,0.0,0.0,0.0,0.0
2019-08-06,0.0,0.0,0.0,0.0,0.0,0.0,0.0,0.0,0.0,0.0,0.0
2019-08-07,0.0,0.0,0.0,0.0,0.0,0.0,0.0,0.0,0.0,0.0,0.0
2019-08-08,0.0,0.0,0.0,0.0,0.0,0.0,0.0,0.0,0.0,0.0,0.0
2019-08-09,0.0,0.0,0.0,0.0,0.0,0.0,0.0,0.0,0.0,0.0,0.0
2019-08-10,0.0,0.0,0.0,0.0,0.0,0.0,0.0,0.0,0.0,0.0,0.0
2019-08-11,0.0,0.0,0.0,0.0,0.0,0.0,0.0,0.0,0.0,0.0,0.0
2019-08-12,0.0,0.0,0.0,0.0,0.0,0.0,0.0,0.0,0.0,0.0,0.0
2019-08-13,0.0,0.0,0.0,0.0,0.0,0.0,0.0,0.0,0.0,0.0,0.0
2019-08-14,0.0,0.0,0.0,0.0,0.0,0.0,0.0,0.0,0.0,0.0,0.0
2019-08-15,0.0,0.0,0.0,0.0,0.0,0.0,0.0,0.0,0.0,0.0,0.0
2019-08-16,0.0,0.0,0.0,0.0,0.0,0.0,0.0,0.0,0.0,0.0,0.0
2019-08-17,0.0,0.0,0.0,0.0,0.0,0.0,0.0,0.0,0.0,0.0,0.0
2019-08-18,0.0,0.0,0.0,0.0,0.0,0.0,0.0,0.0,0.0,0.0,0.0
2019-08-19,0.0,0.0,0.0,0.0,0.0,0.0,0.0,0.0,0.0,0.0,0.0
2019-08-20,0.0,0.0,0.0,0.0,0.0,0.0,0.0,0.0,0.0,0.0,0.0
2019-08-21,0.0,0.0,0.0,0.0,0.0,0.0,0.0,0.0,0.0,0.0,0.0
2019-08-22,0.0,0.0,0.0,0.0,0.0,0.0,0.0,0.0,0.0,0.0,0.0
2019-08-23,0.0,0.0,0.0,0.0,0.0,0.0,0.0,0.0,0.0,0.0,0.0
2019-08-24,0.0,0.0,0.0,0.0,0.0,0.0,0.0,0.0,0.0,0.0,0.0
2019-08-25,0.0,0.0,0.0,0.0,0.0,0.0,0.0,0.0,0.0,0.0,0.0
2019-08-26,0.0,0.0,0.0,0.0,0.0,0.0,0.0,0.0,0.0,0.0,0.0
2019-08-27,0.0,0.0,0.0,0.0,0.0,0.0,0.0,0.0,0.0,0.0,0.0
2019-08-28,0.0,0.0,0.0,0.0,0.0,0.0,0.0,0.0,0.0,0.0,0.0
2019-08-29,0.0,0.0,0.0,0.0,0.0,0.0,0.0,0.0,0.0,0.0,0.0
2019-08-30,0.0,0.0,0.0,0.0,0.0,0.0,0.0,0.0,0.0,0.0,0.0
2019-08-31,0.0,0.0,0.0,0.0,0.0,0.0,0.0,0.0,0.0,0.0,0.0
2019-09-01,0.0,0.0,0.0,0.0,0.0,0.0,0.0,0.0,0.0,0.0,0.0
2019-09-02,0.0,0.0,0.0,0.0,0.0,0.0,0.0,0.0,0.0,0.0,0.0
2019-09-03,0.0,0.0,0.0,0.0,0.0,0.0,0.0,0.0,0.0,0.0,0.0
2019-09-04,0.0,0.0,0.0,0.0,0.0,0.0,0.0,0.0,0.0,0.0,0.0
2019-09-05,0.0,0.0,0.0,0.0,0.0,0.0,0.0,0.0,0.0,0.0,0.0
2019-09-06,0.0,0.0,0.0,0.0,0.0,0.0,0.0,0.0,0.0,0.0,0.0
2019-09-07,0.0,0.0,0.0,0.0,0.0,0.0,0.0,0.0,0.0,0.0,0.0
2019-09-08,0.0,0.0,0.0,0.0,0.0,0.0,0.0,0.0,0.0,0.0,0.0
2019-09-09,0.0,0.0,0.0,0.0,0.0,0.0,0.0,0.0,0.0,0.0,0.0
2019-09-10,0.0,0.0,0.0,0.0,0.0,0.0,0.0,0.0,0.0,0.0,0.0
2019-09-11,0.0,0.0,0.0,0.0,0.0,0.0,0.0,0.0,0.0,0.0,0.0
2019-09-12,0.0,0.0,0.0,0.0,0.0,0.0,0.0,0.0,0.0,0.0,0.0
2019-09-13,0.0,0.0,0.0,0.0,0.0,0.0,0.0,0.0,0.0,0.0,0.0
2019-09-14,0.0,0.0,0.0,0.0,0.0,0.0,0.0,0.0,0.0,0.0,0.0
2019-09-15,0.0,0.0,0.0,0.0,0.0,0.0,0.0,0.0,0.0,0.0,0.0
2019-09-16,0.0,0.0,0.0,0.0,0.0,0.0,0.0,0.0,0.0,0.0,0.0
2019-09-17,0.0,0.0,0.0,0.0,0.0,0.0,0.0,0.0,0.0,0.0,0.0
2019-09-18,0.0,0.0,0.0,0.0,0.0,0.0,0.0,0.0,0.0,0.0,0.0
2019-09-19,0.0,0.0,0.0,0.0,0.0,0.0,0.0,0.0,0.0,0.0,0.0
2019-09-20,0.0,0.0,0.0,0.0,0.0,0.0,0.0,0.0,0.0,0.0,0.0
2019-09-21,0.0,0.0,0.0,0.0,0.0,0.0,0.0,0.0,0.0,0.0,0.0
2019-09-22,0.0,0.0,0.0,0.0,0.0,0.0,0.0,0.0,0.0,0.0,0.0
2019-09-23,0.0,0.0,0.0,0.0,0.0,0.0,0.0,0.0,0.0,0.0,0.0
2019-09-24,0.0,0.0,0.0,0.0,0.0,0.0,0.0,0.0,0.0,0.0,0.0
2019-09-25,0.0,0.0,0.0,0.0,0.0,0.0,0.0,0.0,0.0,0.0,0.0
2019-09-26,0.0,0.0,0.0,0.0,0.0,0.0,0.0,0.0,0.0,0.0,0.0
2019-09-27,0.0,0.0,0.0,0.0,0.0,0.0,0.0,0.0,0.0,0.0,0.0
2019-09-28,0.0,0.0,0.0,0.0,0.0,0.0,0.0,0.0,0.0,0.0,0.0
2019-09-29,0.33333334,0.0,0.0,0.0,0.0,0.0,0.0,0.0,0.0,0.6,1.5
2019-09-30,0.33333334,0.0,0.0,0.0,0.0,0.13636364,0.0,5.5,6.0,1.6,3.5
2019-10-01,0.0,0.0,0.0,0.0,0.0,0.045454547,0.44444445,7.5,9.0,1.4,4.0
2019-10-02,0.0,0.0,0.0,0.0,0.0,0.06818182,0.11111111,7.0,8.0,1.2,4.5
2019-10-03,0.0,0.0,0.0,0.0,0.0,0.0,0.0,0.5,0.0,0.0,1.5
2019-10-04,0.0,0.0,0.0,0.0,0.0,0.0,0.0,0.0,0.0,0.0,0.0
2019-10-05,0.0,0.0,0.0,0.0,0.0,0.0,0.0,0.0,0.0,0.0,0.0
2019-10-06,0.0,0.0,0.0,0.0,0.0,0.0,0.0,0.0,0.0,0.0,0.0
2019-10-07,0.0,0.0,0.0,0.0,0.0,0.0,0.0,0.0,0.0,0.0,0.0
2019-10-08,0.0,0.0,0.0,0.0,0.0,0.0,0.0,0.0,0.0,0.0,0.0
2019-10-09,0.0,0.0,0.0,0.0,0.0,0.0,0.0,0.0,0.0,0.0,0.0
2019-10-10,0.0,0.0,0.0,0.0,0.0,0.0,0.0,0.0,0.0,0.0,0.0
2019-10-11,0.0,0.0,0.0,0.0,0.0,0.0,0.0,0.0,0.0,0.0,0.0
2019-10-12,0.0,0.0,0.0,0.0,0.0,0.0,0.0,0.0,0.0,0.0,0.0
2019-10-13,0.0,0.0,0.0,0.0,0.0,0.0,0.0,0.0,0.0,0.0,0.0
2019-10-14,0.0,0.0,0.0,0.0,0.0,0.0,0.0,0.0,0.0,0.0,0.0
2019-10-15,0.0,0.0,0.0,0.0,0.0,0.0,0.0,0.0,0.0,0.0,0.0
2019-10-16,0.0,0.0,0.0,0.0,0.0,0.0,0.0,0.0,0.0,0.0,0.0
2019-10-17,0.0,0.0,0.0,0.0,0.0,0.0,0.0,0.0,0.0,0.0,0.0
2019-10-18,0.0,0.0,0.0,0.0,0.0,0.0,0.0,0.0,0.0,0.0,0.0
2019-10-19,0.0,0.0,0.0,0.0,0.0,0.0,0.0,0.0,0.0,0.0,0.0
2019-10-20,0.0,0.0,0.0,0.0,0.0,0.0,0.0,0.0,0.0,0.0,0.0
2019-10-21,0.0,0.0,0.0,0.0,0.0,0.0,0.0,0.0,0.0,0.0,0.0
2019-10-22,0.0,0.0,0.0,0.0,0.0,0.0,0.0,0.0,0.0,0.0,0.0
2019-10-23,0.0,0.0,0.0,0.0,0.0,0.0,0.0,0.0,0.0,0.0,0.0
2019-10-24,0.0,0.0,0.0,0.0,0.0,0.0,0.0,0.0,0.0,0.0,0.0
2019-10-25,0.0,0.0,0.0,0.0,0.0,0.0,0.0,0.0,0.0,0.0,0.0
2019-10-26,0.0,0.0,0.0,0.0,0.0,0.0,0.0,0.0,0.0,0.0,0.0
2019-10-27,0.0,0.0,0.0,0.0,0.0,0.0,0.0,0.0,0.0,0.0,0.0
2019-10-28,0.0,0.0,0.0,0.0,0.0,0.0,0.0,0.0,0.0,0.0,0.0
2019-10-29,0.0,0.0,0.0,0.0,0.0,0.0,0.0,0.0,0.0,0.0,0.0
2019-10-30,0.0,0.0,0.0,0.0,0.0,0.0,0.0,0.0,0.0,0.0,0.0
2019-10-31,0.0,0.0,0.0,0.0,0.0,0.0,0.0,0.0,0.0,0.0,0.5
2019-11-01,0.0,0.0,0.0,0.0,0.0,0.0,0.0,0.0,0.0,0.0,0.0
2019-11-02,0.0,0.0,0.0,0.0,0.0,0.0,0.0,0.0,0.0,0.0,0.0
2019-11-03,0.0,0.0,0.0,0.0,0.0,0.0,0.0,0.0,0.0,0.0,0.0
2019-11-04,0.0,0.0,0.0,0.0,0.0,0.0,0.0,0.0,0.0,0.0,0.0
2019-11-05,0.0,0.0,0.0,0.0,0.0,0.0,0.0,0.0,0.0,0.0,0.0
2019-11-06,0.0,0.0,0.0,0.0,0.0,0.0,0.0,0.0,0.0,0.0,0.0
2019-11-07,0.0,0.0,0.0,0.0,0.0,0.0,0.0,0.0,0.0,0.0,0.0
2019-11-08,0.0,0.0,0.0,0.0,0.0,0.0,0.0,0.0,0.0,0.0,0.0
2019-11-09,0.0,0.0,0.0,0.0,0.0,0.0,0.0,0.0,0.0,0.0,0.0
2019-11-10,0.0,0.0,0.0,0.0,0.0,0.0,0.0,0.0,0.0,0.0,0.0
2019-11-11,0.0,0.0,0.0,0.0,0.0,0.0,0.0,0.0,0.0,0.0,0.0
2019-11-12,0.0,0.0,0.0,0.0,0.0,0.0,0.0,0.0,0.0,0.0,0.0
2019-11-13,0.0,0.0,0.0,0.0,0.0,0.0,0.0,0.0,0.0,0.0,0.0
2019-11-14,0.0,0.0,0.0,0.0,0.0,0.0,0.0,0.0,0.0,0.0,0.0
2019-11-15,0.0,0.0,0.0,0.0,0.0,0.0,0.0,0.0,0.0,0.0,0.0
2019-11-16,0.0,0.0,0.0,0.0,0.0,0.0,0.0,0.0,0.0,0.0,0.0
2019-11-17,0.0,0.0,0.0,0.0,0.0,0.0,0.0,0.0,0.0,0.0,0.0
2019-11-18,0.0,0.0,0.0,0.0,0.0,0.0,0.0,0.0,0.0,0.0,0.0
2019-11-19,0.0,0.0,0.0,0.0,0.0,0.0,0.0,0.0,0.0,0.0,0.0
2019-11-20,0.0,0.0,0.0,0.0,0.0,0.0,0.0,0.0,0.0,1.4,0.0
2019-11-21,0.16666667,9.254545,8.0,8.25,0.0,0.0,0.0,0.0,0.0,6.4,0.0
2019-11-22,0.0,9.236363,7.3333335,7.75,0.0,0.0,0.0,0.0,0.0,6.8,0.0
2019-11-23,0.0,9.218182,5.0,5.5,0.0,0.0,0.0,0.0,0.0,6.6,0.0
2019-11-24,0.0,8.945455,3.3333333,3.0,0.0,0.0,0.0,0.0,0.0,5.4,0.0
2019-11-25,0.0,5.309091,1.0,0.75,0.0,0.0,0.0,0.0,0.0,3.4,0.0
2019-11-26,0.0,5.309091,1.0,0.75,0.0,0.0,0.0,0.0,0.0,4.8,0.0
2019-11-27,19.5,14.636364,14.0,13.5,18.62963,18.65909,24.61111,22.0,26.0,25.0,14.0
2019-11-28,41.0,32.345455,53.0,52.0,43.88889,42.363636,33.27778,40.5,49.0,35.0,21.5
2019-11-29,51.5,43.145454,74.0,72.5,52.962963,51.386364,35.38889,50.0,60.0,39.0,31.5
2019-11-30,58.666668,51.836365,94.0,91.5,62.296295,60.06818,35.444443,56.0,69.0,37.2,32.0
2019-12-01,69.166664,55.672726,104.666664,101.0,89.55556,87.09091,57.5,71.5,86.0,53.8,49.0
2019-12-02,94.5,57.654545,104.0,100.5,133.59259,130.47728,108.111115,119.5,132.0,86.6,85.5
2019-12-03,98.666664,55.836365,96.666664,93.25,139.88889,139.40909,106.55556,145.0,159.0,108.4,93.5
2019-12-04,98.166664,58.927273,103.0,98.75,134.66667,135.81818,95.22222,144.0,156.0,109.6,93.0
2019-12-05,118.666664,73.01818,117.333336,115.5,162.92592,158.81818,100.5,152.5,166.0,115.2,96.5
2019-12-06,118.666664,71.96364,113.333336,111.5,162.55556,158.22728,97.72222,151.5,164.0,114.0,97.0
2019-12-07,119.166664,71.07273,109.0,107.0,162.88889,158.22728,95.388885,160.0,172.0,116.6,104.0
2019-12-08,153.5,76.09091,110.666664,107.75,208.81482,200.54546,96.888885,203.5,221.0,147.0,139.0
2019-12-09,161.0,83.8,116.333336,115.25,219.7037,210.43182,96.333336,215.5,237.0,150.8,143.0
2019-12-10,156.0,87.41818,128.66667,126.75,211.22223,206.70454,90.05556,224.5,235.0,149.0,142.5
2019-12-11,161.66667,82.6,111.333336,110.0,221.07408,211.29546,92.94444,216.0,237.0,150.4,143.0
2019-12-12,161.66667,79.56364,104.333336,103.0,221.14815,211.34091,93.111115,229.5,257.0,154.2,148.5
2019-12-13,158.83333,72.69091,92.666664,91.25,221.22223,210.90909,90.05556,233.0,256.0,155.4,147.5
2019-12-14,160.33333,68.65455,84.333336,82.75,230.48148,221.11363,97.22222,271.5,302.0,168.8,165.0
2019-12-15,161.0,69.854546,89.666664,87.75,232.7037,223.56818,106.166664,283.5,315.0,176.2,169.5
2019-12-16,159.83333,69.854546,89.666664,87.75,229.88889,221.06818,106.166664,280.5,312.0,175.6,170.5
2019-12-17,159.66667,69.854546,89.666664,87.75,228.96297,220.06818,105.72222,283.0,314.0,176.6,171.0
2019-12-18,161.0,69.854546,89.333336,87.5,232.14815,223.0,105.611115,284.0,317.0,177.0,171.5
2019-12-19,160.5,69.854546,89.333336,87.5,230.74074,221.61363,114.111115,285.0,319.0,177.0,172.0
2019-12-20,160.66667,69.509094,88.0,86.25,231.66667,222.45454,113.55556,289.5,325.0,176.2,173.5
2019-12-21,160.5,66.818184,80.333336,78.75,230.88889,221.25,110.166664,293.0,330.0,177.4,174.0
2019-12-22,160.83333,64.36364,73.666664,71.75,230.59259,220.72728,106.5,300.0,339.0,172.6,173.0
2019-12-23,169.66667,68.490906,74.333336,71.75,239.51852,229.09091,118.27778,320.0,365.0,181.0,179.0
2019-12-24,181.16667,84.781815,105.333336,102.25,253.03703,241.88637,118.166664,321.5,366.0,184.2,179.0
2019-12-25,183.33333,86.25455,109.333336,106.25,255.48148,244.02272,118.27778,322.0,368.0,183.4,179.0
2019-12-26,183.66667,89.181816,110.666664,107.75,252.81482,241.45454,119.22222,324.0,371.0,184.0,180.0
2019-12-27,183.5,93.145454,113.0,110.0,252.14815,240.93182,119.22222,325.0,373.0,184.0,180.0
2019-12-28,185.66667,93.145454,113.0,110.0,258.2963,246.54546,118.77778,334.0,400.0,196.4,164.0
2019-12-29,184.33333,93.07273,112.666664,109.75,255.07408,243.63637,115.94444,322.0,368.0,184.4,181.5
2019-12-30,185.0,92.96364,111.666664,108.75,256.1111,244.47728,116.55556,322.5,370.0,185.0,182.0
2019-12-31,184.33333,92.90909,110.333336,107.5,255.14815,243.70454,114.44444,323.0,370.0,185.0,182.5
2020-01-01,185.0,92.09091,107.333336,104.5,256.44446,244.34091,109.27778,320.0,367.0,186.2,183.5
2020-01-02,185.0,89.163635,102.0,99.25,257.1111,244.79546,107.611115,327.0,381.0,185.6,184.0
2020-01-03,184.83333,87.03636,97.666664,94.75,257.07407,244.15909,103.94444,336.0,404.0,197.2,167.5
2020-01-04,184.0,81.87273,85.666664,82.75,255.59259,242.22728,97.94444,325.5,379.0,186.4,184.5
2020-01-05,182.66667,78.781815,78.666664,75.75,253.85185,240.13637,99.888885,324.0,378.0,186.6,185.0
2020-01-06,182.16667,77.23637,75.0,72.0,252.18518,238.5,99.72222,325.0,377.0,186.0,185.0
2020-01-07,182.33333,75.12727,68.333336,65.25,251.44444,237.06818,96.72222,319.5,375.0,187.0,186.5
2020-01-08,182.5,73.12727,65.0,61.25,251.92592,237.29546,94.833336,317.0,369.0,186.2,186.5
2020-01-09,182.33333,73.07273,64.666664,61.0,251.74074,237.15909,99.833336,317.5,369.0,187.0,188.0
2020-01-10,181.33333,73.07273,64.666664,61.0,249.37038,235.04546,105.666664,313.0,363.0,186.0,190.0
2020-01-11,182.5,72.94546,63.666668,59.75,252.92592,238.34091,105.666664,320.0,373.0,188.2,192.0
2020-01-12,181.5,72.94546,63.666668,59.75,250.81482,236.47728,106.55556,321.5,373.0,188.2,192.5
2020-01-13,182.33333,72.781815,62.333332,58.25,252.81482,238.22728,107.72222,325.5,377.0,187.6,192.5
2020-01-14,181.33333,72.03636,61.0,56.5,251.14815,236.75,123.333336,334.0,389.0,191.0,197.0
2020-01-15,180.66667,71.90909,60.333332,55.5,250.18518,236.15909,125.94444,342.0,399.0,192.8,200.5
2020-01-16,181.5,71.218185,58.0,53.0,251.96297,237.61363,125.94444,353.0,407.0,193.8,199.5
2020-01-17,203.33333,83.545456,73.666664,70.0,274.77777,259.5909,155.27777,393.0,475.0,219.4,195.5
2020-01-18,202.33333,83.545456,73.666664,70.0,271.51852,256.52274,156.27777,384.0,446.0,219.0,211.5
2020-01-19,203.33333,82.29091,68.0,64.0,274.55554,259.06818,156.27777,395.5,477.0,222.6,196.5
2020-01-20,203.16667,77.218185,60.333332,55.25,273.7037,257.5909,152.83333,393.0,476.0,222.2,196.5
2020-01-21,202.16667,76.10909,59.666668,53.75,270.1111,253.97728,149.55556,390.0,458.0,219.8,213.5
2020-01-22,202.0,75.4,59.333332,52.75,270.18518,254.13637,157.22223,401.5,473.0,222.2,215.5
2020-01-23,201.66667,72.67273,58.333332,50.75,270.03705,253.86363,155.05556,402.0,475.0,223.0,216.5
2020-01-24,201.66667,69.56364,56.0,46.5,269.8889,252.95454,151.0,404.0,479.0,225.8,218.5
2020-01-25,200.0,66.32727,54.0,43.0,268.92593,251.59091,147.5,401.0,475.0,225.4,218.5
2020-01-26,198.66667,62.727272,51.333332,38.5,268.55554,250.45454,142.27777,401.5,477.0,226.0,218.0
2020-01-27,202.66667,62.054546,50.666668,38.0,275.1111,257.68182,141.27777,421.5,507.0,232.8,229.0
2020-01-28,201.16667,75.163635,72.666664,54.5,286.2963,275.70456,154.38889,436.5,512.0,232.0,228.5
2020-01-29,202.83333,59.8,48.333332,36.25,276.55554,258.5909,138.44444,424.5,513.0,232.4,228.5
2020-01-30,202.83333,59.78182,48.0,36.0,276.7037,258.47726,133.83333,426.0,515.0,231.8,230.0
2020-01-31,202.5,57.8,46.333332,34.75,275.81482,257.06818,126.166664,427.5,519.0,233.4,229.0
2020-02-01,199.33333,52.872726,42.333332,31.75,274.07407,254.22728,112.666664,423.0,517.0,230.2,226.5
2020-02-02,192.83333,44.47273,36.0,27.0,269.55554,248.77272,103.0,420.5,515.0,227.6,220.0
2020-02-03,191.5,44.47273,36.0,27.0,267.1111,246.25,103.0,424.0,516.0,228.4,222.5
2020-02-04,190.0,44.47273,36.0,27.0,261.96295,241.15909,103.0,391.5,488.0,217.0,186.5
2020-02-05,191.83333,44.47273,36.0,27.0,265.8889,244.56818,103.0,426.5,527.0,231.2,224.0
2020-02-06,192.66667,44.436363,36.0,27.0,268.51852,247.11363,100.22222,422.0,529.0,235.8,225.0
2020-02-07,191.16667,42.381817,33.666668,25.25,268.18518,246.5,92.94444,424.0,529.0,236.2,224.0
2020-02-08,188.83333,39.636364,30.0,22.5,266.5926,243.79546,85.111115,423.0,527.0,233.4,219.5
2020-02-09,188.33333,38.254547,28.0,21.0,266.14816,242.97728,84.388885,429.0,530.0,233.0,217.0
2020-02-10,187.0,38.254547,28.0,21.0,263.92593,240.61363,84.333336,435.5,535.0,232.0,217.5
2020-02-11,187.66667,38.18182,27.333334,20.5,264.92593,241.38637,81.111115,433.5,535.0,230.4,215.5
2020-02-12,187.33333,37.78182,26.0,19.5,263.62964,239.25,75.22222,431.5,537.0,234.4,215.5
2020-02-13,187.83333,37.50909,24.666666,18.5,264.4074,239.79546,69.94444,429.0,534.0,234.8,215.5
2020-02-14,187.0,37.254547,23.333334,17.5,262.4074,237.63637,65.5,424.5,525.0,233.2,214.0
2020-02-15,187.66667,37.0,22.0,16.5,263.8889,239.02272,61.333332,420.5,517.0,231.4,213.0
2020-02-16,187.0,36.127274,20.333334,15.25,264.25925,239.18182,57.666668,418.5,509.0,226.0,210.5
2020-02-17,186.0,34.4,17.666666,13.25,264.2963,238.70454,55.11111,438.0,535.0,228.4,210.0
2020-02-18,185.5,33.78182,16.0,12.0,263.51852,237.5,53.72222,442.0,545.0,226.8,209.0
2020-02-19,184.5,33.50909,14.666667,11.0,262.1111,235.81818,52.11111,442.0,545.0,221.0,209.5
2020-02-20,184.5,33.363636,13.333333,10.0,262.03705,235.72728,50.666668,442.5,545.0,218.8,208.0
2020-02-21,180.83333,33.272728,11.666667,8.75,254.66667,229.29546,46.833332,441.0,544.0,212.4,205.0
2020-02-22,185.83333,33.054546,9.666667,7.25,262.14816,234.68182,40.5,440.5,544.0,208.6,203.0
2020-02-23,192.5,40.78182,17.0,16.25,270.2963,242.18182,34.61111,439.5,543.0,212.4,199.5
2020-02-24,191.66667,39.47273,16.0,13.75,269.85184,241.27272,31.5,439.0,542.0,207.2,197.5
2020-02-25,190.66667,36.890907,14.0,10.5,268.51852,239.11363,28.38889,438.0,542.0,205.4,196.0
2020-02-26,189.83333,35.054546,10.333333,7.75,266.85184,236.31818,23.11111,436.5,540.0,202.2,192.0
2020-02-27,187.16667,33.890907,6.0,4.5,264.2963,233.25,17.666666,433.0,537.0,198.0,185.5
2020-02-28,184.33333,32.47273,0.33333334,0.25,260.37036,228.86363,12.944445,422.5,531.0,191.6,179.5
2020-02-29,181.5,31.163637,0.0,0.0,257.7037,225.56818,11.222222,417.0,531.0,189.6,173.0
2020-03-01,182.16667,30.981817,0.0,0.0,258.37036,225.86363,11.166667,423.5,541.0,185.0,175.0
2020-03-02,188.83333,31.345455,0.0,0.0,259.07407,226.29546,11.166667,430.0,545.0,191.6,181.0
2020-03-03,189.33333,31.345455,0.0,0.0,259.55554,226.86363,11.0,431.5,547.0,196.2,182.5
2020-03-04,188.66667,30.654545,0.0,0.0,258.22223,223.63637,9.277778,429.5,547.0,189.0,178.5
2020-03-05,184.33333,29.4,0.0,0.0,254.48148,219.27272,7.6666665,419.0,543.0,183.4,169.0
2020-03-06,174.5,28.145454,0.0,0.0,236.66667,201.63637,6.5555553,309.5,426.0,187.4,121.0
2020-03-07,177.16667,27.454546,0.0,0.0,251.96297,215.70454,6.111111,404.5,534.0,166.8,137.0
2020-03-08,168.5,27.454546,0.0,0.0,233.88889,198.34091,12.666667,302.5,417.0,181.0,112.5
2020-03-09,168.5,27.454546,0.0,0.0,233.88889,198.34091,13.5,303.5,418.0,181.0,112.5
2020-03-10,176.16667,27.454546,0.0,0.0,250.74074,214.34091,11.277778,355.5,446.0,158.2,139.0
2020-03-11,180.33333,33.654545,0.0,0.0,252.59259,215.5,6.2222223,358.0,452.0,156.6,133.0
2020-03-12,180.0,33.054546,0.0,0.0,252.22223,214.81818,5.5555553,356.0,453.0,152.4,124.5
2020-03-13,178.0,32.127274,0.0,0.0,251.77777,213.75,4.5555553,346.0,445.0,155.6,116.0
2020-03-14,175.33333,32.109093,0.0,0.0,251.03703,212.81818,4.2777777,383.5,515.0,146.4,111.0
2020-03-15,177.16667,32.890907,0.6666667,0.5,249.14815,211.88637,28.055555,326.0,447.0,203.0,121.5
2020-03-16,204.33333,33.090908,1.0,0.75,298.51852,260.22726,56.27778,506.0,647.0,207.0,197.5
2020-03-17,233.66667,49.0,39.333332,38.5,330.5926,291.22726,80.111115,541.0,684.0,231.0,226.5
2020-03-18,234.5,49.30909,40.0,39.25,330.92593,291.54544,103.833336,552.5,696.0,229.2,232.5
2020-03-19,235.0,49.30909,40.0,39.25,332.55554,293.31818,106.55556,562.0,705.0,231.6,237.0
2020-03-20,237.83333,50.6,46.0,45.0,337.03705,297.75,106.05556,565.0,707.0,232.0,238.0
2020-03-21,239.66667,51.945454,46.666668,45.5,337.5926,298.0909,103.5,565.0,707.0,231.8,238.0
2020-03-22,239.5,52.78182,45.666668,44.75,338.37036,299.0,94.611115,565.0,707.0,227.8,237.0
2020-03-23,245.16667,69.218185,52.0,51.0,344.85184,304.70456,83.22222,565.0,707.0,224.4,236.5
2020-03-24,247.5,71.56364,53.666668,52.25,350.18518,309.86365,80.888885,571.5,716.0,227.2,238.5
2020-03-25,253.5,71.10909,50.0,48.5,365.0,325.0,92.27778,596.0,745.0,239.8,250.5
2020-03-26,257.33334,74.74545,64.666664,62.75,371.74075,331.52274,97.22222,602.0,753.0,242.2,251.5
2020-03-27,262.0,76.74545,68.0,66.25,375.74075,335.22726,97.611115,603.5,754.0,242.8,253.0
2020-03-28,263.33334,76.76363,68.666664,67.0,377.07407,336.20456,97.111115,606.0,758.0,244.8,253.5
2020-03-29,264.33334,77.05454,67.333336,66.0,379.1111,338.31818,99.833336,609.5,761.0,250.4,256.5
2020-03-30,268.0,79.32727,71.333336,70.25,382.1111,340.86365,96.72222,614.5,766.0,251.0,257.5
2020-03-31,267.33334,77.25455,62.0,60.75,384.37036,343.06818,94.0,615.5,767.0,250.2,259.5
2020-04-01,253.83333,65.4,36.666668,35.75,365.8889,323.95456,86.94444,456.0,600.0,282.8,192.5
2020-04-02,258.5,60.47273,34.0,30.5,379.51852,337.13635,85.72222,617.5,768.0,243.0,254.5
2020-04-03,259.16666,58.254547,33.333332,28.25,380.66666,338.29544,83.833336,617.5,768.0,240.4,254.0
2020-04-04,256.66666,55.29091,32.0,24.5,378.14816,335.29544,78.94444,618.0,770.0,237.0,254.0
2020-04-05,257.16666,52.745453,29.666666,22.25,383.4074,340.5,97.333336,629.5,782.0,236.4,259.5
2020-04-06,306.16666,69.490906,46.333332,37.0,438.4074,393.22726,120.0,672.0,824.0,267.4,297.5
2020-04-07,322.33334,82.218185,69.333336,61.75,452.48148,406.77274,117.22222,687.5,840.0,273.0,305.0
2020-04-08,325.16666,100.23637,75.333336,69.75,453.92593,408.0909,105.833336,690.5,843.0,275.6,301.0
2020-04-09,334.16666,126.854546,96.333336,93.75,456.4074,409.18182,78.5,603.0,703.0,274.2,290.5
2020-04-10,344.66666,130.05455,98.0,95.75,461.85184,413.75,61.555557,490.5,526.0,281.0,301.5
2020-04-11,344.33334,129.70909,93.0,91.0,462.66666,414.27274,41.444443,685.0,843.0,278.6,274.0
2020-04-12,340.16666,124.32727,75.333336,73.25,458.03705,407.75,23.055555,675.5,843.0,266.0,255.5
2020-04-13,337.0,115.09091,63.333332,58.75,453.92593,402.88635,14.833333,576.0,685.0,257.8,245.0
2020-04-14,338.16666,109.69091,61.0,52.75,451.74075,400.11365,11.333333,662.5,828.0,253.4,240.5
2020-04-15,337.0,106.05454,59.0,47.25,451.22223,398.3409,7.5555553,522.5,685.0,341.8,195.5
2020-04-16,329.0,95.32727,53.0,39.75,444.62964,390.02274,5.6666665,458.5,599.0,299.8,159.5
2020-04-17,322.66666,83.70909,47.0,35.25,438.5926,381.81818,4.3333335,447.0,588.0,293.6,149.5
2020-04-18,331.83334,82.87273,45.333332,34.0,452.96295,392.18182,3.1666667,618.5,787.0,233.8,194.5
2020-04-19,330.0,83.454544,45.666668,34.25,452.74075,391.22726,2.2222223,603.5,766.0,226.4,181.0
2020-04-20,328.5,80.472725,43.666668,32.75,453.2963,391.3409,1.5555556,591.0,748.0,222.8,170.0
2020-04-21,331.0,80.509094,42.333332,31.75,454.7037,391.9091,0.8333333,586.5,743.0,220.2,158.5
2020-04-22,322.83334,76.0,38.0,28.5,439.96295,375.88635,0.0,410.5,546.0,275.4,106.0
2020-04-23,308.83334,69.10909,29.0,21.75,427.81482,362.04544,0.0,392.5,528.0,261.2,88.5
2020-04-24,297.66666,59.763638,16.666666,12.5,441.18518,373.6591,0.0,515.0,673.0,184.4,87.5
2020-04-25,283.33334,50.50909,0.0,0.0,432.96295,364.77274,0.0,480.0,644.0,168.4,68.0
2020-04-26,266.66666,42.4,0.0,0.0,420.0,351.79544,0.0,437.5,616.0,154.6,50.0
2020-04-27,251.83333,37.0,0.0,0.0,403.37036,335.5909,0.0,403.0,585.0,141.2,34.0
2020-04-28,233.16667,31.163637,0.0,0.0,385.74075,318.75,0.0,364.5,551.0,127.2,17.0
2020-04-29,206.5,23.836363,0.0,0.0,352.5926,286.75,0.0,300.5,502.0,106.0,0.0
2020-04-30,187.0,15.690909,0.0,0.0,313.92593,252.11363,0.0,235.0,452.0,81.8,0.0
2020-05-01,171.83333,10.527273,0.0,0.0,281.85184,225.27272,0.0,203.5,411.0,108.0,0.0
2020-05-02,160.5,8.509091,0.0,0.0,254.74074,202.97728,0.0,176.5,384.0,94.2,0.0
2020-05-03,155.33333,7.1454544,0.0,0.0,247.55556,197.04546,0.0,154.0,353.0,85.0,0.0
2020-05-04,152.5,6.4363637,0.0,0.0,243.77777,193.90909,0.0,136.5,327.0,81.2,0.0
2020-05-05,147.5,5.818182,0.0,0.0,238.11111,189.34091,0.0,113.0,292.0,77.8,0.0
2020-05-06,138.5,4.8,0.0,0.0,216.03703,170.38637,0.0,69.5,206.0,67.0,0.0
2020-05-07,127.833336,3.418182,0.0,0.0,212.85185,169.43182,0.0,56.5,234.0,41.8,0.0
2020-05-08,114.333336,2.090909,0.0,0.0,196.48148,155.95454,0.0,37.0,178.0,28.2,0.0
2020-05-09,96.333336,1.0727273,0.0,0.0,166.44444,130.38637,0.0,9.0,108.0,16.2,0.0
2020-05-10,77.666664,0.6,0.0,0.0,155.2963,122.13636,0.0,0.0,56.0,1.0,0.0
2020-05-11,61.666668,0.25454545,0.0,0.0,137.96297,107.90909,0.0,0.0,13.0,0.0,0.0
2020-05-12,54.5,0.07272727,0.0,0.0,132.51852,103.545456,0.0,0.0,0.0,0.0,0.0
2020-05-13,52.0,0.036363635,0.0,0.0,131.88889,102.97727,0.0,1.0,1.0,0.0,0.0
2020-05-14,50.0,0.0,0.0,0.0,129.7037,101.09091,0.0,1.5,0.0,0.0,0.0
2020-05-15,49.5,0.0,0.0,0.0,126.37037,98.954544,0.0,2.0,0.0,0.0,0.0
2020-05-16,42.166668,0.0,0.0,0.0,123.55556,96.068184,0.0,0.0,0.0,0.0,0.0
2020-05-17,35.166668,0.0,0.0,0.0,113.22222,87.431816,0.0,0.0,0.0,0.0,0.0
2020-05-18,29.0,0.0,0.0,0.0,103.111115,78.63636,0.0,0.0,0.0,0.0,0.0
2020-05-19,42.166668,1.7454545,6.6666665,5.0,130.88889,106.045456,0.0,12.0,11.0,7.6,1.5
2020-05-20,43.333332,4.2,9.0,6.75,129.92592,107.568184,0.0,15.0,13.0,8.4,0.0
2020-05-21,42.333332,2.581818,7.3333335,5.5,130.14815,106.681816,0.0,10.5,7.0,6.4,0.0
2020-05-22,40.833332,0.92727274,0.33333334,0.25,138.44444,109.568184,0.0,2.0,0.0,2.4,0.0
2020-05-23,40.166668,0.56363636,0.0,0.0,134.25926,105.09091,0.0,0.0,0.0,0.0,0.0
2020-05-24,36.166668,0.25454545,0.0,0.0,127.55556,98.61364,0.0,0.0,0.0,0.0,0.0
2020-05-25,30.0,0.0,0.0,0.0,113.74074,86.61364,0.0,0.0,0.0,0.0,0.0
2020-05-26,19.0,0.0,0.0,0.0,97.40741,74.0,0.0,0.0,0.0,0.0,0.0
2020-05-27,8.0,0.0,0.0,0.0,75.37037,56.454544,0.0,0.0,0.0,0.0,0.0
2020-05-28,0.0,0.0,0.0,0.0,59.851852,43.18182,0.0,0.0,0.0,0.0,0.0
2020-05-29,0.0,0.0,0.0,0.0,43.48148,29.84091,0.0,0.0,0.0,0.0,0.0
2020-05-30,0.0,0.0,0.0,0.0,31.037037,19.227272,0.0,0.0,0.0,0.0,0.0
2020-05-31,0.0,0.0,0.0,0.0,25.851852,15.863636,0.0,0.0,0.0,0.0,0.0
2020-06-01,0.0,0.0,0.0,0.0,23.592592,14.477273,0.0,0.0,0.0,0.0,0.0
2020-06-02,0.0,0.0,0.0,0.0,21.962963,13.477273,0.0,0.0,0.0,0.0,0.0
2020-06-03,0.0,0.0,0.0,0.0,18.11111,11.113636,0.0,0.0,0.0,0.0,0.0
2020-06-04,0.0,0.0,0.0,0.0,13.37037,8.204545,0.0,0.0,0.0,0.0,0.0
2020-06-05,0.0,0.0,0.0,0.0,10.074074,6.181818,0.0,0.0,0.0,0.0,0.0
2020-06-06,0.0,0.0,0.0,0.0,8.074074,4.9545455,0.0,0.0,0.0,0.0,0.0
2020-06-07,0.0,0.0,0.0,0.0,7.5185184,4.6136365,0.0,0.0,0.0,0.0,0.0
2020-06-08,0.0,0.0,0.0,0.0,8.111111,4.9772725,0.0,0.5,0.0,0.8,0.0
2020-06-09,0.0,0.0,0.0,0.0,7.851852,4.818182,0.0,0.0,0.0,0.0,0.0
2020-06-10,0.0,0.0,0.0,0.0,7.4074073,4.5454545,0.0,0.0,0.0,0.0,0.0
2020-06-11,0.0,0.0,0.0,0.0,6.2222223,3.8181818,0.0,0.0,0.0,0.0,0.0
2020-06-12,0.0,0.0,0.0,0.0,5.4814816,3.3636363,0.0,0.0,0.0,0.0,0.0
2020-06-13,0.0,0.0,0.0,0.0,5.4444447,3.340909,0.0,0.0,0.0,0.0,0.0
2020-06-14,0.0,0.0,0.0,0.0,5.4814816,3.3636363,0.0,0.0,0.0,0.0,0.0
2020-06-15,0.0,0.0,0.0,0.0,5.296296,3.25,0.0,0.0,0.0,0.0,0.0
2020-06-16,0.0,0.0,0.0,0.0,4.888889,3.0,0.0,0.0,0.0,0.0,0.0
2020-06-17,0.0,0.0,0.0,0.0,4.6666665,2.8636363,0.0,0.0,0.0,0.0,0.0
2020-06-18,0.0,0.0,0.0,0.0,4.4074073,2.7045455,0.0,0.0,0.0,0.0,0.0
2020-06-19,0.0,0.0,0.0,0.0,3.7777777,2.3181818,0.0,0.0,0.0,0.0,0.0
2020-06-20,0.0,0.0,0.0,0.0,3.0,1.8409091,0.0,0.0,0.0,0.0,0.0
2020-06-21,0.0,0.0,0.0,0.0,1.8518518,1.1363636,0.0,0.0,0.0,0.0,0.0
2020-06-22,0.0,0.0,0.0,0.0,0.4814815,0.29545453,0.0,0.0,0.0,0.0,0.0
2020-06-23,0.0,0.0,0.0,0.0,0.0,0.0,0.0,0.0,0.0,0.0,0.0
2020-06-24,0.0,0.0,0.0,0.0,0.0,0.0,0.0,0.0,0.0,0.0,0.0
2020-06-25,0.0,0.0,0.0,0.0,0.0,0.0,0.0,0.0,0.0,0.0,0.0
2020-06-26,0.0,0.0,0.0,0.0,0.0,0.0,0.0,0.0,0.0,0.0,0.0
2020-06-27,0.0,0.0,0.0,0.0,0.0,0.0,0.0,0.0,0.0,0.0,0.0
2020-06-28,0.0,0.0,0.0,0.0,0.0,0.0,0.0,0.0,0.0,0.0,0.0
2020-06-29,0.0,0.0,0.0,0.0,0.0,0.0,0.0,0.0,0.0,0.0,0.0
2020-06-30,0.0,0.0,0.0,0.0,0.0,0.0,0.0,0.0,0.0,0.0,0.0
2020-07-01,0.0,0.0,0.0,0.0,0.0,0.0,0.0,0.0,0.0,0.0,0.0
2020-07-02,0.0,0.0,0.0,0.0,0.0,0.0,0.0,0.0,0.0,0.0,0.0
2020-07-03,0.0,0.0,0.0,0.0,0.0,0.0,0.0,0.0,0.0,0.0,0.0
2020-07-04,0.0,0.0,0.0,0.0,0.0,0.0,0.0,0.0,0.0,0.0,0.0
2020-07-05,0.0,0.0,0.0,0.0,0.0,0.0,0.0,0.0,0.0,0.0,0.0
2020-07-06,0.0,0.0,0.0,0.0,0.0,0.0,0.0,0.0,0.0,0.0,0.0
2020-07-07,0.0,0.0,0.0,0.0,0.0,0.0,0.0,0.0,0.0,0.0,0.0
2020-07-08,0.0,0.0,0.0,0.0,0.0,0.0,0.0,0.0,0.0,0.0,0.0
2020-07-09,0.0,0.0,0.0,0.0,0.0,0.0,0.0,0.0,0.0,0.0,0.0
2020-07-10,0.0,0.0,0.0,0.0,0.0,0.0,0.0,0.0,0.0,0.0,0.0
2020-07-11,0.0,0.0,0.0,0.0,0.0,0.0,0.0,0.0,0.0,0.0,0.0
2020-07-12,0.0,0.0,0.0,0.0,0.0,0.0,0.0,0.0,0.0,0.0,0.0
2020-07-13,0.0,0.0,0.0,0.0,0.0,0.0,0.0,0.0,0.0,0.0,0.0
2020-07-14,0.0,0.0,0.0,0.0,0.0,0.0,0.0,0.0,0.0,0.0,0.0
2020-07-15,0.0,0.0,0.0,0.0,0.0,0.0,0.0,0.0,0.0,0.0,0.0
2020-07-16,0.0,0.0,0.0,0.0,0.0,0.0,0.0,0.0,0.0,0.0,0.0
2020-07-17,0.0,0.0,0.0,0.0,0.0,0.0,0.0,0.0,0.0,0.0,0.0
2020-07-18,0.0,0.0,0.0,0.0,0.0,0.0,0.0,0.0,0.0,0.0,0.0
2020-07-19,0.0,0.0,0.0,0.0,0.0,0.0,0.0,0.0,0.0,0.0,0.0
2020-07-20,0.0,0.0,0.0,0.0,0.0,0.0,0.0,0.0,0.0,0.0,0.0
2020-07-21,0.0,0.0,0.0,0.0,0.0,0.0,0.0,0.0,0.0,0.0,0.0
2020-07-22,0.0,0.0,0.0,0.0,0.0,0.0,0.0,0.0,0.0,0.0,0.0
2020-07-23,0.0,0.0,0.0,0.0,0.0,0.0,0.0,0.0,0.0,0.0,0.0
2020-07-24,0.0,0.0,0.0,0.0,0.0,0.0,0.0,0.0,0.0,0.0,0.0
2020-07-25,0.0,0.0,0.0,0.0,0.0,0.0,0.0,0.0,0.0,0.0,0.0
2020-07-26,0.0,0.0,0.0,0.0,0.0,0.0,0.0,0.0,0.0,0.0,0.0
2020-07-27,0.0,0.0,0.0,0.0,0.0,0.0,0.0,0.0,0.0,0.0,0.0
2020-07-28,0.0,0.0,0.0,0.0,0.0,0.0,0.0,0.0,0.0,0.0,0.0
2020-07-29,0.0,0.0,0.0,0.0,0.0,0.0,0.0,0.0,0.0,0.0,0.0
2020-07-30,0.0,0.0,0.0,0.0,0.0,0.0,0.0,0.0,0.0,0.0,0.0
2020-07-31,0.0,0.0,0.0,0.0,0.0,0.0,0.0,0.0,0.0,0.0,0.0
2020-08-01,0.0,0.0,0.0,0.0,0.0,0.0,0.0,0.0,0.0,0.0,0.0
2020-08-02,0.0,0.0,0.0,0.0,0.0,0.0,0.0,0.0,0.0,0.0,0.0
2020-08-03,0.0,0.0,0.0,0.0,0.0,0.0,0.0,0.0,0.0,0.0,0.0
2020-08-04,0.0,0.0,0.0,0.0,0.0,0.0,0.0,0.0,0.0,0.0,0.0
2020-08-05,0.0,0.0,0.0,0.0,0.0,0.0,0.0,0.0,0.0,0.0,0.0
2020-08-06,0.0,0.0,0.0,0.0,0.0,0.0,0.0,0.0,0.0,0.0,0.0
2020-08-07,0.0,0.0,0.0,0.0,0.0,0.0,0.0,0.0,0.0,0.0,0.0
2020-08-08,0.0,0.0,0.0,0.0,0.0,0.0,0.0,0.0,0.0,0.0,0.0
2020-08-09,0.0,0.0,0.0,0.0,0.0,0.0,0.0,0.0,0.0,0.0,0.0
2020-08-10,0.0,0.0,0.0,0.0,0.0,0.0,0.0,0.0,0.0,0.0,0.0
2020-08-11,0.0,0.0,0.0,0.0,0.0,0.0,0.0,0.0,0.0,0.0,0.0
2020-08-12,0.0,0.0,0.0,0.0,0.0,0.0,0.0,0.0,0.0,0.0,0.0
2020-08-13,0.0,0.0,0.0,0.0,0.0,0.0,0.0,0.0,0.0,0.0,0.0
2020-08-14,0.0,0.0,0.0,0.0,0.0,0.0,0.0,0.0,0.0,0.0,0.0
2020-08-15,0.0,0.0,0.0,0.0,0.0,0.0,0.0,0.0,0.0,0.0,0.0
2020-08-16,0.0,0.0,0.0,0.0,0.0,0.0,0.0,0.0,0.0,0.0,0.0
2020-08-17,0.0,0.0,0.0,0.0,0.0,0.0,0.0,0.0,0.0,0.0,0.0
2020-08-18,0.0,0.0,0.0,0.0,0.0,0.0,0.0,0.0,0.0,0.0,0.0
2020-08-19,0.0,0.0,0.0,0.0,0.0,0.0,0.0,0.0,0.0,0.0,0.0
2020-08-20,0.0,0.0,0.0,0.0,0.0,0.0,0.0,0.0,0.0,0.0,0.0
2020-08-21,0.0,0.0,0.0,0.0,0.0,0.0,0.0,0.0,0.0,0.0,0.0
2020-08-22,0.0,0.0,0.0,0.0,0.0,0.0,0.0,0.0,0.0,0.0,0.0
2020-08-23,0.0,0.0,0.0,0.0,0.0,0.0,0.0,0.0,0.0,0.0,0.0
2020-08-24,0.0,0.0,0.0,0.0,0.0,0.0,0.0,0.0,0.0,0.0,0.0
2020-08-25,0.0,0.0,0.0,0.0,0.0,0.0,0.0,0.0,0.0,0.0,0.0
2020-08-26,0.0,0.0,0.0,0.0,0.0,0.0,0.0,0.0,0.0,0.0,0.0
2020-08-27,0.0,0.0,0.0,0.0,0.0,0.0,0.0,0.0,0.0,0.0,0.0
2020-08-28,0.0,0.0,0.0,0.0,0.0,0.0,0.0,0.0,0.0,0.0,0.0
2020-08-29,0.0,0.0,0.0,0.0,0.0,0.0,0.0,0.0,0.0,0.0,0.0
2020-08-30,0.0,0.0,0.0,0.0,0.0,0.0,0.0,0.0,0.0,0.0,0.0
2020-08-31,0.0,0.0,0.0,0.0,0.0,0.0,0.0,0.0,0.0,0.0,0.0
2020-09-01,0.0,0.0,0.0,0.0,0.0,0.0,0.0,0.0,0.0,0.0,0.0
2020-09-02,0.0,0.0,0.0,0.0,0.0,0.0,0.0,0.0,0.0,0.0,0.0
2020-09-03,0.0,0.0,0.0,0.0,0.0,0.0,0.0,0.0,0.0,0.0,0.0
2020-09-04,0.0,0.0,0.0,0.0,0.0,0.0,0.0,0.0,0.0,0.0,0.0
2020-09-05,0.0,0.0,0.0,0.0,0.0,0.0,0.0,0.0,0.0,0.0,0.0
2020-09-06,0.0,0.0,0.0,0.0,0.0,0.0,0.0,0.0,0.0,0.0,0.0
2020-09-07,0.0,0.0,0.0,0.0,0.0,0.0,0.0,0.0,0.0,0.0,0.0
2020-09-08,0.0,0.0,0.0,0.0,0.0,0.0,0.0,0.0,0.0,0.0,0.0
2020-09-09,0.0,0.0,0.0,0.0,0.0,0.0,0.0,0.0,0.0,0.0,0.0
2020-09-10,0.0,0.0,0.0,0.0,0.0,0.0,0.0,0.0,0.0,0.0,0.0
2020-09-11,0.0,0.0,0.0,0.0,0.0,0.0,0.0,0.0,0.0,0.0,0.0
2020-09-12,0.0,0.0,0.0,0.0,0.0,0.0,0.0,0.0,0.0,0.0,0.0
2020-09-13,0.0,0.0,0.0,0.0,0.0,0.0,0.0,0.0,0.0,0.0,0.0
2020-09-14,0.0,0.0,0.0,0.0,0.0,0.0,0.0,0.0,0.0,0.0,0.0
2020-09-15,0.0,0.0,0.0,0.0,0.0,0.0,0.0,0.0,0.0,0.0,0.0
2020-09-16,0.0,0.0,0.0,0.0,0.0,0.0,0.0,0.0,0.0,0.0,0.0
2020-09-17,0.0,0.0,0.0,0.0,0.0,0.0,0.0,0.0,0.0,0.0,0.0
2020-09-18,0.0,0.0,0.0,0.0,0.0,0.0,0.0,0.0,0.0,0.0,0.0
2020-09-19,0.0,0.0,0.0,0.0,0.0,0.0,0.0,0.0,0.0,0.0,0.0
2020-09-20,0.0,0.0,0.0,0.0,0.0,0.0,0.0,0.0,0.0,0.0,0.0
2020-09-21,0.0,0.0,0.0,0.0,0.0,0.0,0.0,0.0,0.0,0.0,0.0
2020-09-22,0.0,0.0,0.0,0.0,0.0,0.0,0.0,0.0,0.0,0.0,0.0
2020-09-23,0.0,0.0,0.0,0.0,0.0,0.0,0.0,0.0,0.0,0.0,0.0
2020-09-24,0.0,0.0,0.0,0.0,0.0,0.0,0.0,0.0,0.0,0.0,0.0
2020-09-25,0.0,0.0,0.0,0.0,0.0,0.0,0.0,0.0,0.0,0.0,0.0
2020-09-26,0.0,0.0,0.0,0.0,0.0,0.0,0.0,0.0,0.0,0.0,0.0
2020-09-27,0.0,0.0,0.0,0.0,0.0,0.0,0.0,0.0,0.0,0.0,0.0
2020-09-28,0.0,0.0,0.0,0.0,0.0,0.0,0.0,0.0,0.0,0.0,0.0
2020-09-29,0.0,0.0,0.0,0.0,0.0,0.0,0.0,0.0,0.0,0.0,0.0
2020-09-30,0.0,0.0,0.0,0.0,0.0,0.0,0.0,0.0,0.0,0.0,0.0
2020-10-01,0.0,0.0,0.0,0.0,0.0,0.0,0.0,0.0,0.0,0.0,0.0
2020-10-02,0.0,0.0,0.0,0.0,0.0,0.0,0.0,0.0,0.0,0.0,0.0
2020-10-03,0.0,0.0,0.0,0.0,0.0,0.0,0.0,0.0,0.0,0.0,0.0
2020-10-04,0.0,0.0,0.0,0.0,0.0,0.0,0.0,0.0,0.0,0.0,0.0
2020-10-05,0.0,0.0,0.0,0.0,0.0,0.0,0.0,0.0,0.0,0.0,0.0
2020-10-06,0.0,0.0,0.0,0.0,0.0,0.0,0.0,0.0,0.0,0.0,0.0
2020-10-07,0.0,0.0,0.0,0.0,0.0,0.0,0.0,0.0,0.0,0.0,0.0
2020-10-08,0.0,0.0,0.0,0.0,0.0,0.0,0.0,0.0,0.0,0.0,0.0
2020-10-09,0.0,0.0,0.0,0.0,0.0,0.0,0.0,0.0,0.0,0.0,0.0
2020-10-10,0.0,0.0,0.0,0.0,0.0,0.0,0.0,0.0,0.0,0.0,0.0
2020-10-11,0.0,0.0,0.0,0.0,0.0,0.0,0.0,0.0,0.0,0.0,0.0
2020-10-12,0.0,0.0,0.0,0.0,0.0,0.0,0.0,0.0,0.0,0.0,0.0
2020-10-13,0.0,0.0,0.0,0.0,0.0,0.0,0.0,0.0,0.0,0.0,0.0
2020-10-14,0.0,0.0,0.0,0.0,0.0,0.0,0.0,0.0,0.0,0.0,0.0
2020-10-15,0.0,0.0,0.0,0.0,0.0,0.0,0.0,0.0,0.0,0.0,0.0
2020-10-16,0.0,0.0,0.0,0.0,0.0,0.0,0.0,0.0,0.0,0.0,0.0
2020-10-17,0.0,0.0,0.0,0.0,0.0,0.0,0.0,0.0,0.0,0.0,0.0
2020-10-18,0.0,0.0,0.0,0.0,0.0,0.0,0.0,0.0,0.0,0.0,0.0
2020-10-19,0.0,0.0,0.0,0.0,0.0,0.0,0.0,0.0,0.0,0.0,0.0
2020-10-20,0.0,0.0,0.0,0.0,0.0,0.0,0.0,0.0,0.0,0.0,0.0
2020-10-21,0.0,0.0,0.0,0.0,0.0,0.0,0.0,0.0,0.0,0.0,0.0
2020-10-22,0.0,0.0,0.0,0.0,0.0,0.0,0.0,0.0,0.0,0.0,0.0
2020-10-23,0.0,0.0,0.0,0.0,0.0,0.0,0.0,0.0,0.0,0.0,0.0
2020-10-24,0.0,0.0,0.0,0.0,0.0,0.0,0.0,0.0,0.0,0.0,0.0
2020-10-25,0.0,0.0,0.0,0.0,0.0,0.0,0.0,0.0,0.0,0.0,0.0
2020-10-26,0.0,0.0,0.0,0.0,0.0,0.0,0.0,0.0,0.0,0.0,0.0
2020-10-27,0.0,0.0,0.0,0.0,0.0,0.0,0.0,0.0,0.0,0.0,0.0
2020-10-28,0.0,0.0,0.0,0.0,0.0,0.0,0.0,0.0,0.0,0.0,0.0
2020-10-29,0.0,0.0,0.0,0.0,0.0,0.0,0.0,0.0,0.0,0.0,0.0
2020-10-30,0.0,0.0,0.0,0.0,0.0,0.0,0.0,0.0,0.0,0.0,0.0
2020-10-31,0.0,0.0,0.0,0.0,0.0,0.0,0.0,0.0,0.0,0.0,0.0
2020-11-01,0.0,0.0,0.0,0.0,0.0,0.0,0.0,0.0,0.0,0.0,0.0
2020-11-02,0.0,0.0,0.0,0.0,0.0,0.0,0.0,0.0,0.0,0.0,0.0
2020-11-03,0.0,0.0,0.0,0.0,0.0,0.0,0.0,0.0,0.0,0.0,0.0
2020-11-04,0.0,0.0,0.0,0.0,0.0,0.0,0.0,0.0,0.0,0.0,0.0
2020-11-05,0.0,0.0,0.0,0.0,0.0,0.0,0.0,0.0,0.0,0.0,0.0
2020-11-06,0.0,0.0,0.0,0.0,0.0,0.0,0.0,0.0,0.0,0.0,0.0
2020-11-07,1.3333334,0.0,0.0,0.0,1.6666666,1.4545455,0.16666667,0.0,0.0,0.0,0.0
2020-11-08,5.0,1.2363636,2.6666667,2.75,8.37037,9.522727,0.16666667,9.0,13.0,5.2,5.0
2020-11-09,12.166667,13.236363,29.0,28.5,19.37037,20.65909,0.6666667,15.5,20.0,26.4,7.5
2020-11-10,14.666667,13.145454,31.333334,30.5,19.037037,20.454546,0.6666667,15.0,20.0,26.6,7.5
2020-11-11,14.5,13.4,30.666666,30.0,18.666666,20.181818,0.055555556,16.0,20.0,27.4,7.5
2020-11-12,14.5,12.036364,27.0,26.5,18.25926,19.772728,0.0,15.5,20.0,27.4,7.5
2020-11-13,14.5,10.509091,21.666666,21.25,18.148148,19.40909,0.0,15.5,22.0,27.8,8.0
2020-11-14,12.666667,8.818182,13.666667,13.75,21.592592,23.90909,3.3333333,46.5,61.0,43.4,18.0
2020-11-15,12.333333,4.981818,6.6666665,6.25,23.11111,24.636364,3.1111112,49.5,68.0,43.6,19.0
2020-11-16,10.166667,1.0,1.0,0.75,20.62963,21.34091,1.2777778,50.0,68.0,42.2,16.0
2020-11-17,3.3333333,0.018181818,0.0,0.0,12.259259,11.5,0.0,37.5,61.0,36.8,7.5
2020-11-18,2.3333333,0.0,0.0,0.0,11.888889,11.340909,0.7777778,57.0,87.0,50.4,6.0
2020-11-19,13.166667,0.0,0.0,0.0,31.518518,31.704546,2.3888888,119.0,154.0,86.0,46.5
2020-11-20,12.833333,0.0,0.0,0.0,31.814816,31.75,2.1111112,119.5,154.0,84.2,47.0
2020-11-21,12.5,0.0,0.0,0.0,31.0,29.977272,1.5555556,119.0,154.0,84.2,47.5
2020-11-22,11.0,0.0,0.0,0.0,28.11111,26.181818,0.7777778,116.0,154.0,84.0,47.5
2020-11-23,12.5,0.0,0.0,0.0,26.407408,23.977272,0.5555556,114.5,154.0,84.0,47.5
2020-11-24,12.5,0.0,0.0,0.0,26.296297,24.022728,0.5,114.0,154.0,84.0,47.5
2020-11-25,11.333333,0.0,0.0,0.0,25.148148,22.636364,0.22222222,111.0,153.0,83.4,46.5
2020-11-26,11.166667,0.0,0.0,0.0,25.074074,22.40909,0.22222222,112.0,155.0,85.0,46.5
2020-11-27,11.166667,0.0,0.0,0.0,25.074074,22.40909,0.22222222,112.5,155.0,83.2,46.5
2020-11-28,11.0,0.0,0.0,0.0,24.666666,21.863636,0.0,112.0,156.0,83.4,47.5
2020-11-29,9.333333,0.0,0.0,0.0,23.444445,20.5,0.0,107.0,153.0,81.4,46.5
2020-11-30,9.0,0.0,0.0,0.0,22.925926,19.727272,0.0,103.5,150.0,80.6,45.0
2020-12-01,8.5,0.0,0.0,0.0,21.481482,18.227272,0.0,98.5,148.0,79.2,42.5
2020-12-02,7.1666665,0.0,0.0,0.0,18.666666,15.613636,0.0,94.0,146.0,77.6,41.5
2020-12-03,6.3333335,0.0,0.0,0.0,16.851852,13.772727,0.0,86.5,140.0,75.4,39.5
2020-12-04,6.3333335,0.0,0.0,0.0,16.222221,13.113636,0.0,80.5,136.0,75.0,36.5
2020-12-05,6.1666665,0.0,0.0,0.0,15.814815,12.522727,0.0,75.5,133.0,71.6,34.0
2020-12-06,5.8333335,0.0,0.0,0.0,15.0,11.727273,0.0,71.0,131.0,70.4,31.5
2020-12-07,5.8333335,0.0,0.0,0.0,14.962963,11.681818,0.0,70.5,131.0,69.4,30.5
2020-12-08,5.8333335,0.0,0.0,0.0,14.925926,11.613636,0.0,70.5,132.0,69.6,29.5
2020-12-09,5.6666665,0.0,0.0,0.0,13.962963,10.568182,0.0,63.5,126.0,68.4,24.5
2020-12-10,5.6666665,0.0,0.0,0.0,13.777778,10.363636,0.0,64.5,123.0,66.8,20.0
2020-12-11,5.6666665,0.0,0.0,0.0,13.777778,10.363636,0.0,64.0,124.0,66.6,18.5
2020-12-12,11.5,0.43636364,0.33333334,0.5,26.814816,23.477272,5.4444447,70.0,129.0,66.8,21.0
2020-12-13,13.166667,0.58181816,1.0,1.5,28.666666,25.681818,7.888889,73.0,142.0,69.4,23.5
2020-12-14,25.666666,3.8909092,6.0,6.75,47.962963,47.43182,23.5,107.5,176.0,99.4,56.5
2020-12-15,32.5,3.8909092,6.0,6.75,47.74074,47.227272,22.666666,110.0,180.0,101.0,56.5
2020-12-16,32.166668,3.8181818,6.0,6.75,48.11111,47.477272,22.944445,113.5,185.0,100.2,61.5
2020-12-17,27.5,2.8,5.6666665,5.25,51.88889,50.5,37.666668,118.5,190.0,105.4,71.0
2020-12-18,37.0,7.890909,14.0,13.75,63.22222,61.386364,40.38889,132.0,205.0,119.0,80.5
2020-12-19,37.833332,7.8,13.666667,13.5,63.77778,61.68182,40.055557,131.5,204.0,119.0,84.5
2020-12-20,37.833332,4.4727273,8.333333,7.75,64.55556,61.954544,39.22222,129.0,203.0,118.2,83.5
2020-12-21,37.0,2.5272727,4.6666665,3.5,66.48148,62.227272,35.61111,123.0,198.0,113.4,81.0
2020-12-22,46.0,1.8545455,2.6666667,2.0,66.85185,61.06818,34.555557,118.5,195.0,112.4,78.0
2020-12-23,46.0,1.7636364,2.0,1.5,66.74074,60.136364,33.27778,118.5,195.0,112.8,78.0
2020-12-24,47.0,1.7636364,1.0,0.75,66.37037,58.409092,33.61111,118.0,195.0,112.8,78.5
2020-12-25,46.833332,1.9090909,0.33333334,0.25,66.07407,57.56818,32.72222,116.5,195.0,115.6,78.5
2020-12-26,37.833332,2.090909,0.0,0.0,68.44444,62.113636,52.88889,135.0,217.0,126.6,90.0
2020-12-27,41.166668,2.2363636,0.0,0.0,72.77778,66.86364,61.11111,154.0,238.0,130.2,104.5
2020-12-28,47.166668,17.545454,17.0,18.5,82.333336,77.431816,59.38889,159.5,248.0,132.2,104.5
2020-12-29,65.5,21.981817,22.666666,24.25,86.07407,80.77273,59.22222,159.5,248.0,135.4,105.0
2020-12-30,64.5,21.981817,22.666666,24.25,86.48148,81.045456,58.666668,160.5,248.0,135.4,106.5
2020-12-31,64.5,21.654545,22.333334,24.0,86.51852,81.204544,62.77778,168.5,256.0,134.8,110.0
2021-01-01,65.0,21.90909,23.666666,25.5,86.37037,81.11364,63.055557,171.5,259.0,138.2,111.5
2021-01-02,52.833332,21.781818,22.666666,24.5,86.59259,80.84091,63.22222,173.0,263.0,138.8,113.0
2021-01-03,52.333332,21.781818,20.333334,22.5,86.74074,80.795456,64.0,176.5,269.0,139.6,115.0
2021-01-04,52.0,20.945454,19.333334,21.5,86.96296,80.5,66.833336,179.5,271.0,140.2,118.0
2021-01-05,69.5,19.90909,15.666667,18.25,92.85185,87.84091,87.5,212.0,306.0,152.6,138.5
2021-01-06,56.166668,18.690908,14.666667,16.5,93.92593,87.931816,85.05556,215.5,307.0,152.6,138.5
2021-01-07,56.0,17.6,12.666667,13.0,93.666664,87.25,87.888885,216.0,309.0,152.8,139.5
2021-01-08,56.0,16.727272,11.333333,10.5,93.25926,86.431816,89.05556,212.5,308.0,155.6,139.5
2021-01-09,56.166668,15.927273,10.666667,9.0,92.81481,85.90909,102.888885,212.5,309.0,155.8,139.5
2021-01-10,56.0,15.836364,10.666667,8.0,92.96296,85.318184,101.611115,214.5,311.0,155.2,140.5
2021-01-11,56.0,14.345454,9.333333,7.0,92.55556,84.295456,100.611115,214.0,311.0,154.0,140.5
2021-01-12,69.666664,13.636364,8.0,6.0,92.51852,83.15909,96.388885,212.0,309.0,148.8,139.5
2021-01-13,68.666664,13.4,6.3333335,4.75,91.51852,81.65909,97.72222,211.0,310.0,153.0,137.5
2021-01-14,68.5,10.563637,2.6666667,2.0,88.22222,77.931816,97.72222,210.0,310.0,151.8,135.5
2021-01-15,54.5,7.7272725,0.0,0.0,82.07407,71.40909,88.72222,202.0,304.0,147.8,131.5
2021-01-16,52.666668,4.8545456,0.0,0.0,74.62963,63.227272,100.333336,192.0,297.0,137.8,125.0
2021-01-17,47.5,3.418182,0.0,0.0,68.888885,57.136364,89.888885,184.0,291.0,133.0,118.0
2021-01-18,51.0,2.4545455,0.0,0.0,65.07407,52.977272,77.77778,175.5,284.0,129.0,110.5
2021-01-19,54.833332,2.490909,0.0,0.0,65.0,52.863636,75.0,176.0,285.0,131.6,110.0
2021-01-20,54.833332,2.509091,0.0,0.0,65.0,52.863636,72.111115,176.5,285.0,131.6,110.0
2021-01-21,54.833332,2.6727273,0.0,0.0,64.96296,52.772728,69.333336,177.0,284.0,129.0,109.0
2021-01-22,51.0,2.7818182,0.0,0.0,64.81481,52.636364,67.611115,175.5,284.0,131.2,108.5
2021-01-23,45.833332,11.618182,10.666667,11.0,67.51852,55.340908,51.88889,180.0,287.0,128.6,110.0
2021-01-24,46.166668,13.563637,13.0,13.75,67.333336,55.31818,61.88889,181.0,288.0,133.4,111.0
2021-01-25,52.166668,21.49091,19.0,23.0,81.77778,71.545456,60.166668,193.0,302.0,135.2,115.5
2021-01-26,67.166664,30.436363,43.0,47.75,85.92593,76.09091,60.0,198.5,309.0,143.4,119.0
2021-01-27,85.166664,41.927273,55.0,59.25,103.666664,94.818184,76.333336,230.0,337.0,154.6,139.0
2021-01-28,166.66667,59.381817,68.666664,72.25,190.77777,182.61363,102.55556,288.0,399.0,206.4,198.0
2021-01-29,213.0,79.65455,88.0,93.25,254.77777,249.77272,129.0,354.0,464.0,246.8,244.5
2021-01-30,221.33333,89.69091,110.666664,116.0,271.25925,267.38635,111.72222,369.0,476.0,249.6,246.5
2021-01-31,230.83333,90.61818,112.333336,117.75,280.44446,275.75,114.77778,372.5,476.0,250.0,248.5
2021-02-01,235.5,90.34545,110.333336,116.0,282.18518,276.61365,114.72222,371.5,478.0,256.0,251.5
2021-02-02,236.66667,89.509094,106.0,112.0,283.5926,277.5,128.38889,374.0,480.0,253.8,252.0
2021-02-03,235.83333,88.58182,102.666664,109.0,283.7037,277.61365,134.77777,390.5,496.0,262.8,264.5
2021-02-04,238.66667,88.43636,102.0,108.25,282.51852,277.04544,140.55556,394.0,499.0,263.0,266.0
2021-02-05,240.16667,87.76363,101.333336,107.5,283.7037,277.54544,139.22223,403.0,501.0,263.6,267.0
2021-02-06,241.16667,85.32727,96.333336,102.75,287.03705,279.11365,136.77777,400.5,498.0,261.6,267.0
2021-02-07,241.16667,81.87273,88.333336,94.75,290.14816,280.43182,156.94444,398.0,495.0,258.8,266.5
2021-02-08,240.83333,78.454544,80.0,85.75,291.96295,280.8409,122.388885,396.5,492.0,257.6,265.5
2021-02-09,240.5,75.30909,71.0,76.25,292.81482,280.9091,119.388885,393.5,493.0,261.4,265.5
2021-02-10,235.33333,74.70909,66.0,71.0,292.48148,280.63635,120.0,397.0,494.0,261.0,265.5
2021-02-11,236.16667,73.218185,61.333332,66.25,292.5926,280.4091,114.72222,397.0,494.0,260.4,261.5
2021-02-12,204.66667,72.98182,58.333332,61.75,310.22223,296.95456,140.88889,420.5,529.0,274.0,281.5
2021-02-13,269.16666,79.56364,73.666664,78.25,317.03705,302.95456,150.55556,436.0,541.0,284.0,289.0
2021-02-14,213.0,82.23637,89.0,94.25,321.74075,308.45456,149.94444,452.5,563.0,289.6,300.0
2021-02-15,274.83334,82.818184,91.333336,97.0,324.62964,310.75,155.55556,458.0,568.0,297.0,301.5
2021-02-16,280.0,81.74545,90.333336,96.5,329.22223,316.11365,157.44444,471.0,579.0,301.6,305.5
2021-02-17,273.5,82.38182,89.666664,95.5,329.4074,316.47726,192.83333,476.5,577.0,295.6,305.5
2021-02-18,273.0,80.90909,89.666664,95.75,329.0,316.1591,161.66667,477.5,579.0,296.0,305.5
2021-02-19,274.16666,79.854546,88.666664,95.25,329.1111,315.81818,168.38889,478.5,580.0,296.0,307.5
2021-02-20,279.66666,77.23637,83.0,89.75,330.1111,316.25,173.0,485.0,590.0,298.6,313.0
2021-02-21,282.66666,76.87273,83.0,89.75,330.8889,317.45456,175.22223,494.5,596.0,306.0,318.0
2021-02-22,283.5,75.454544,81.333336,88.25,330.44446,316.63635,199.5,494.5,596.0,311.8,318.5
2021-02-23,277.33334,73.34545,67.666664,73.5,331.25925,316.1591,185.22223,493.0,592.0,310.4,316.5
2021-02-24,277.33334,70.92727,57.0,61.25,331.55554,314.86365,179.55556,494.0,592.0,304.4,316.0
2021-02-25,276.0,69.58182,57.0,60.0,331.22223,313.97726,183.72223,493.5,592.0,310.4,316.0
2021-02-26,279.5,68.854546,55.666668,57.5,330.77777,312.88635,180.27777,497.5,592.0,304.4,316.0
2021-02-27,284.33334,67.836365,55.0,55.5,330.8889,312.63635,155.66667,496.0,591.0,310.4,316.0
2021-02-28,285.5,67.818184,55.0,55.5,330.85184,312.63635,155.22223,495.5,591.0,310.4,316.5
2021-03-01,285.16666,67.527275,54.666668,54.0,330.37036,311.95456,181.05556,499.0,591.0,303.6,316.5
2021-03-02,286.0,66.29091,52.333332,48.5,330.03705,311.18182,204.66667,498.5,590.0,303.0,318.0
2021-03-03,285.0,65.27273,50.0,42.75,330.0,310.11365,195.72223,499.0,589.0,302.6,315.5
2021-03-04,285.33334,65.30909,50.0,42.25,330.44446,310.31818,160.22223,500.0,588.0,301.4,314.0
2021-03-05,221.33333,65.03636,49.333332,40.25,329.8889,309.5909,152.94444,501.0,589.0,299.6,313.0
2021-03-06,221.0,62.909092,46.0,34.5,328.66666,307.5,151.5,503.5,598.0,305.4,310.0
2021-03-07,286.5,60.618183,44.0,33.0,327.14816,306.1591,160.5,509.0,603.0,310.8,315.0
2021-03-08,285.83334,58.327274,40.333332,30.25,326.62964,305.0909,172.66667,508.5,603.0,303.8,312.0
2021-03-09,281.16666,58.254547,40.333332,30.25,325.62964,304.52274,163.16667,511.5,605.0,302.0,318.5
2021-03-10,284.83334,58.98182,43.666668,33.0,333.33334,313.79544,173.05556,523.5,616.0,304.6,327.5
2021-03-11,293.66666,63.254547,63.0,52.5,343.44446,324.38635,154.05556,533.0,628.0,319.2,336.5
2021-03-12,303.5,65.03636,66.0,55.75,347.5926,328.0909,156.27777,543.5,638.0,322.8,342.0
2021-03-13,238.33333,66.36364,67.0,56.5,346.8889,328.20456,173.38889,542.5,638.0,325.2,341.5
2021-03-14,241.0,67.29091,72.333336,61.75,350.5926,331.1591,191.05556,541.0,637.0,331.2,343.5
2021-03-15,320.66666,66.509094,73.0,62.25,358.8889,340.36365,153.0,553.5,645.0,329.6,346.5
2021-03-16,327.83334,68.03636,78.0,68.0,365.07407,347.1591,193.94444,560.5,652.0,335.2,350.0
2021-03-17,321.33334,68.05454,80.0,70.75,365.92593,349.8409,158.61111,561.0,652.0,335.2,351.0
2021-03-18,251.5,66.74545,76.666664,68.25,364.55554,348.3409,180.83333,560.5,655.0,340.8,351.5
2021-03-19,324.5,62.78182,62.666668,55.0,373.7037,356.5,172.77777,580.5,673.0,348.2,348.5
2021-03-20,358.5,62.418182,72.0,65.0,401.74075,383.5909,212.72223,601.5,694.0,357.6,354.5
2021-03-21,279.5,64.27273,75.0,68.75,404.74075,387.11365,251.0,607.0,696.0,356.2,354.0
2021-03-22,279.5,63.49091,69.666664,64.0,409.55554,392.47726,247.38889,615.0,697.0,349.0,354.0
2021-03-23,363.5,62.81818,68.666664,63.5,411.74075,393.77274,243.27777,614.5,700.0,357.8,355.5
2021-03-24,362.66666,62.545456,71.666664,66.0,411.81482,394.02274,197.44444,615.0,702.0,354.2,356.0
2021-03-25,280.83334,62.254547,65.0,60.5,409.81482,392.77274,220.16667,616.5,704.0,353.6,356.5
2021-03-26,365.33334,61.927273,63.666668,59.25,411.2963,393.61365,216.33333,616.5,705.0,353.8,356.0
2021-03-27,283.16666,61.29091,61.333332,57.0,409.62964,392.54544,208.44444,618.0,706.0,350.4,355.5
2021-03-28,367.33334,58.21818,62.333332,54.5,409.5926,390.56818,193.27777,603.5,701.0,338.8,349.5
2021-03-29,364.5,53.236362,62.0,46.5,407.8889,386.75,159.33333,591.5,700.0,316.6,340.5
2021-03-30,363.33334,48.8,52.0,39.0,406.2963,383.31818,137.44444,597.0,708.0,299.8,334.0
2021-03-31,359.16666,45.78182,42.666668,32.0,402.37036,378.22726,134.94444,599.0,710.0,284.4,334.0
2021-04-01,355.83334,41.727272,33.333332,25.0,401.44446,372.3409,114.166664,587.0,704.0,274.0,325.0
2021-04-02,352.0,36.21818,25.0,18.75,402.1111,366.86365,95.166664,571.5,696.0,260.2,314.0
2021-04-03,343.16666,29.872726,15.0,11.25,395.62964,354.93182,72.44444,555.5,687.0,248.4,298.5
2021-04-04,334.83334,27.018183,5.6666665,4.25,382.44446,335.79544,50.555557,529.5,659.0,224.6,274.0
2021-04-05,320.5,23.618181,0.0,0.0,368.33334,321.0909,34.333332,501.5,634.0,221.2,246.0
2021-04-06,315.83334,21.236364,0.0,0.0,364.07407,316.27274,24.944445,488.0,616.0,212.6,231.5
2021-04-07,308.16666,19.0,0.0,0.0,355.18518,307.27274,16.11111,469.0,595.0,202.0,212.0
2021-04-08,298.83334,16.727272,0.0,0.0,347.2963,298.5909,10.666667,455.0,577.0,190.0,199.5
2021-04-09,292.0,15.4,0.0,0.0,342.62964,293.5,7.6666665,441.5,563.0,178.0,189.0
2021-04-10,282.5,15.163636,0.0,0.0,336.0,286.27274,6.388889,449.0,544.0,163.8,171.0
2021-04-11,270.83334,12.2,0.0,0.0,327.85184,277.79544,4.5,415.5,528.0,152.6,150.5
2021-04-12,262.0,13.945455,0.0,0.0,318.18518,266.93182,2.3888888,388.5,501.0,142.8,134.5
2021-04-13,259.33334,13.763637,0.0,0.0,327.4074,269.0909,0.44444445,371.5,487.0,136.0,120.0
2021-04-14,259.0,13.636364,0.0,0.0,326.74075,267.86365,0.0,375.5,486.0,139.0,124.0
2021-04-15,258.16666,13.545455,0.0,0.0,306.14816,256.79544,0.0,383.0,488.0,135.4,123.5
2021-04-16,261.0,13.509091,0.0,0.0,328.18518,269.68182,0.0,378.5,485.0,143.4,122.0
2021-04-17,260.16666,13.527273,0.0,0.0,326.74075,267.88635,0.0,364.5,468.0,141.4,113.0
2021-04-18,259.66666,13.545455,0.0,0.0,324.03705,265.0909,0.0,355.0,455.0,139.4,105.0
2021-04-19,256.66666,13.527273,0.0,0.0,316.07407,255.97728,0.0,323.0,427.0,130.8,84.5
2021-04-20,251.66667,13.218182,0.0,0.0,303.96295,241.81818,0.0,281.5,394.0,121.4,68.0
2021-04-21,247.5,12.981818,0.0,0.0,299.33334,234.97728,0.0,258.0,368.0,113.2,57.5
2021-04-22,247.16667,13.0,0.0,0.0,297.81482,233.75,0.0,248.0,358.0,109.6,50.5
2021-04-23,245.83333,13.0,0.0,0.0,295.96295,232.0,0.0,227.0,328.0,107.6,42.0
2021-04-24,240.5,13.636364,0.0,0.0,290.66666,227.45454,0.0,202.0,292.0,102.4,32.5
2021-04-25,239.66667,13.654546,0.0,0.0,289.85184,226.88637,0.055555556,199.0,287.0,101.0,31.0
2021-04-26,248.83333,11.0,0.33333334,0.25,293.85184,238.90909,20.0,204.5,301.0,105.2,34.5
2021-04-27,247.66667,11.236363,0.6666667,0.75,285.4074,234.27272,19.277779,204.0,301.0,105.4,34.5
2021-04-28,246.83333,11.254545,0.6666667,0.75,285.03705,234.20454,7.2777777,224.5,307.0,105.0,34.0
2021-04-29,243.33333,13.890909,0.0,0.0,299.2963,239.45454,0.0,193.0,273.0,101.8,22.0
2021-04-30,216.83333,11.836364,0.0,0.0,256.48148,203.06818,0.0,140.0,221.0,80.4,0.0
2021-05-01,197.16667,8.690909,0.0,0.0,188.7037,148.77272,0.0,94.0,170.0,62.0,0.0
2021-05-02,188.83333,7.9636364,0.0,0.0,177.62962,139.77272,0.0,76.5,131.0,54.2,0.0
2021-05-03,187.0,7.909091,0.0,0.0,173.2963,136.27272,0.0,64.0,103.0,50.2,0.0
2021-05-04,180.66667,7.6545453,0.0,0.0,165.62962,129.95454,0.0,50.5,74.0,44.0,0.0
2021-05-05,167.83333,6.7272725,0.0,0.0,154.40741,120.27273,0.0,38.0,55.0,33.0,0.0
2021-05-06,127.166664,6.6181817,0.0,0.0,141.51852,108.431816,0.0,22.0,30.0,28.0,0.0
2021-05-07,99.5,5.072727,0.0,0.0,130.44444,99.11364,0.0,9.5,8.0,14.8,0.0
2021-05-08,94.5,5.0363636,0.0,0.0,143.11111,106.15909,0.0,3.0,0.0,12.2,0.0
2021-05-09,90.166664,5.0545454,0.0,0.0,139.59259,102.72727,0.0,0.0,0.0,10.2,0.0
2021-05-10,85.833336,5.418182,0.0,0.0,136.88889,99.75,0.0,0.0,0.0,8.0,0.0
2021-05-11,79.666664,5.2363634,0.0,0.0,132.33333,95.09091,0.0,0.0,0.0,5.4,0.0
2021-05-12,72.5,4.6,0.0,0.0,125.96296,89.27273,0.0,0.0,0.0,1.0,0.0
2021-05-13,60.5,3.8181818,0.0,0.0,116.0,81.02273,0.0,0.0,0.0,0.0,0.0
2021-05-14,46.5,3.0363636,0.0,0.0,103.62963,71.02273,0.0,0.0,0.0,0.0,0.0
2021-05-15,35.166668,2.6181817,0.0,0.0,92.296295,61.43182,0.0,0.0,0.0,0.0,0.0
2021-05-16,33.833332,2.6181817,0.0,0.0,91.37037,60.136364,0.0,0.0,0.0,0.0,0.0
2021-05-17,32.166668,1.7272727,0.0,0.0,90.96296,59.204544,0.0,0.0,0.0,0.0,0.0
2021-05-18,27.666666,2.6181817,0.0,0.0,84.888885,54.022728,0.0,0.0,0.0,0.0,0.0
2021-05-19,21.333334,2.4545455,0.0,0.0,76.59259,47.613636,0.0,0.0,0.0,0.0,0.0
2021-05-20,19.166666,2.3454545,0.0,0.0,74.51852,46.113636,0.0,0.0,0.0,0.0,0.0
2021-05-21,17.666666,2.3272727,0.0,0.0,54.444443,33.613636,0.0,1.5,1.0,5.2,3.0
2021-05-22,19.333334,1.4727273,0.0,0.0,43.296295,26.954546,0.0,2.5,3.0,17.4,6.0
2021-05-23,21.0,1.4363636,0.0,0.0,44.51852,28.09091,0.0,4.0,4.0,18.2,3.5
2021-05-24,19.833334,1.5272727,0.0,0.0,69.0,42.863636,0.0,1.5,0.0,11.8,0.0
2021-05-25,17.166666,2.3454545,0.0,0.0,73.48148,45.272728,0.0,0.0,0.0,4.0,0.0
2021-05-26,16.166666,2.3454545,0.0,0.0,71.81481,44.06818,0.0,0.0,0.0,0.0,0.0
2021-05-27,13.833333,2.290909,0.0,0.0,68.111115,41.795456,0.0,0.0,0.0,0.0,0.0
2021-05-28,10.666667,2.1454546,0.0,0.0,61.703705,37.863636,0.0,0.0,0.0,0.0,0.0
2021-05-29,6.5,1.8363637,0.0,0.0,57.555557,35.31818,0.0,0.0,0.0,0.0,0.0
2021-05-30,2.5,1.6,0.0,0.0,50.74074,31.136364,0.0,0.0,0.0,0.0,0.0
2021-05-31,0.0,1.1454545,0.0,0.0,42.185184,25.886364,0.0,0.0,0.0,0.0,0.0
2021-06-01,0.0,0.18181819,0.0,0.0,33.62963,20.636364,0.0,0.0,0.0,0.0,0.0
2021-06-02,0.0,0.0,0.0,0.0,24.444445,15.0,0.0,0.0,0.0,0.0,0.0
2021-06-03,0.0,0.0,0.0,0.0,15.666667,9.613636,0.0,0.0,0.0,0.0,0.0
2021-06-04,0.0,0.0,0.0,0.0,9.407408,5.7727275,0.0,0.0,0.0,0.0,0.0
2021-06-05,0.0,0.0,0.0,0.0,6.5925927,4.0454545,0.0,0.0,0.0,0.0,0.0
2021-06-06,0.0,0.0,0.0,0.0,5.5185184,3.3863637,0.0,0.0,0.0,0.0,0.0
2021-06-07,0.0,0.0,0.0,0.0,4.5555553,2.7954545,0.0,0.0,0.0,0.0,0.0
2021-06-08,0.0,0.0,0.0,0.0,4.2222223,2.590909,0.0,0.0,0.0,0.0,0.0
2021-06-09,0.0,0.0,0.0,0.0,4.185185,2.5681818,0.0,0.0,0.0,0.0,0.0
2021-06-10,0.0,0.0,0.0,0.0,4.185185,2.5681818,0.0,0.0,0.0,0.0,0.0
2021-06-11,0.0,0.0,0.0,0.0,4.185185,2.5681818,0.0,0.0,0.0,0.0,0.0
2021-06-12,0.0,0.0,0.0,0.0,3.7407408,2.2954545,0.0,0.0,0.0,0.0,0.0
2021-06-13,0.0,0.0,0.0,0.0,2.8148148,1.7272727,0.0,0.0,0.0,0.0,0.0
2021-06-14,0.0,0.0,0.0,0.0,1.8888888,1.1590909,0.0,0.0,0.0,0.0,0.0
2021-06-15,0.0,0.0,0.0,0.0,0.8148148,0.5,0.0,0.0,0.0,0.0,0.0
2021-06-16,0.0,0.0,0.0,0.0,0.0,0.0,0.0,0.0,0.0,0.0,0.0
2021-06-17,0.0,0.0,0.0,0.0,0.0,0.0,0.0,0.0,0.0,0.0,0.0
2021-06-18,0.0,0.0,0.0,0.0,0.0,0.0,0.0,0.0,0.0,0.0,0.0
2021-06-19,0.0,0.0,0.0,0.0,0.0,0.0,0.0,0.0,0.0,0.0,0.0
2021-06-20,0.0,0.0,0.0,0.0,0.0,0.0,0.0,0.0,0.0,0.0,0.0
2021-06-21,0.0,0.0,0.0,0.0,0.0,0.0,0.0,0.0,0.0,0.0,0.0
2021-06-22,0.0,0.0,0.0,0.0,0.0,0.0,0.0,0.0,0.0,0.0,0.0
2021-06-23,0.0,0.0,0.0,0.0,0.0,0.0,0.0,0.0,0.0,0.0,0.0
2021-06-24,0.0,0.0,0.0,0.0,0.0,0.0,0.0,0.0,0.0,0.0,0.0
2021-06-25,0.0,0.0,0.0,0.0,0.0,0.0,0.0,0.0,0.0,0.0,0.0
2021-06-26,0.0,0.0,0.0,0.0,0.0,0.0,0.0,0.0,0.0,0.0,0.0
2021-06-27,0.0,0.0,0.0,0.0,0.0,0.0,0.0,0.0,0.0,0.0,0.0
2021-06-28,0.0,0.0,0.0,0.0,0.0,0.0,0.0,0.0,0.0,0.0,0.0
2021-06-29,0.0,0.0,0.0,0.0,0.0,0.0,0.0,0.0,0.0,0.0,0.0
2021-06-30,0.0,0.0,0.0,0.0,0.0,0.0,0.0,0.0,0.0,0.0,0.0
2021-07-01,0.0,0.0,0.0,0.0,0.0,0.0,0.0,0.0,0.0,0.0,0.0
2021-07-02,0.0,0.0,0.0,0.0,0.0,0.0,0.0,0.0,0.0,0.0,0.0
2021-07-03,0.0,0.0,0.0,0.0,0.0,0.0,0.0,0.0,0.0,0.0,0.0
2021-07-04,0.0,0.0,0.0,0.0,0.0,0.0,0.0,0.0,0.0,0.0,0.0
2021-07-05,0.0,0.0,0.0,0.0,0.0,0.0,0.0,0.0,0.0,0.0,0.0
2021-07-06,0.0,0.0,0.0,0.0,0.0,0.0,0.0,0.0,0.0,0.0,0.0
2021-07-07,0.0,0.0,0.0,0.0,0.0,0.0,0.0,0.0,0.0,0.0,0.0
2021-07-08,0.0,0.0,0.0,0.0,0.0,0.0,0.0,0.0,0.0,0.0,0.0
2021-07-09,0.0,0.0,0.0,0.0,0.0,0.0,0.0,0.0,0.0,0.0,0.0
2021-07-10,0.0,0.0,0.0,0.0,0.0,0.0,0.0,0.0,0.0,0.0,0.0
2021-07-11,0.0,0.0,0.0,0.0,0.0,0.0,0.0,0.0,0.0,0.0,0.0
2021-07-12,0.0,0.0,0.0,0.0,0.0,0.0,0.0,0.0,0.0,0.0,0.0
2021-07-13,0.0,0.0,0.0,0.0,0.0,0.0,0.0,0.0,0.0,0.0,0.0
2021-07-14,0.0,0.0,0.0,0.0,0.0,0.0,0.0,0.0,0.0,0.0,0.0
2021-07-15,0.0,0.0,0.0,0.0,0.0,0.0,0.0,0.0,0.0,0.0,0.0
2021-07-16,0.0,0.0,0.0,0.0,0.0,0.0,0.0,0.0,0.0,0.0,0.0
2021-07-17,0.0,0.0,0.0,0.0,0.0,0.0,0.0,0.0,0.0,0.0,0.0
2021-07-18,0.0,0.0,0.0,0.0,0.0,0.0,0.0,0.0,0.0,0.0,0.0
2021-07-19,0.0,0.0,0.0,0.0,0.0,0.0,0.0,0.0,0.0,0.0,0.0
2021-07-20,0.0,0.0,0.0,0.0,0.0,0.0,0.0,0.0,0.0,0.0,0.0
2021-07-21,0.0,0.0,0.0,0.0,0.0,0.0,0.0,0.0,0.0,0.0,0.0
2021-07-22,0.0,0.0,0.0,0.0,0.0,0.0,0.0,0.0,0.0,0.0,0.0
2021-07-23,0.0,0.0,0.0,0.0,0.0,0.0,0.0,0.0,0.0,0.0,0.0
2021-07-24,0.0,0.0,0.0,0.0,0.0,0.0,0.0,0.0,0.0,0.0,0.0
2021-07-25,0.0,0.0,0.0,0.0,0.0,0.0,0.0,0.0,0.0,0.0,0.0
2021-07-26,0.0,0.0,0.0,0.0,0.0,0.0,0.0,0.0,0.0,0.0,0.0
2021-07-27,0.0,0.0,0.0,0.0,0.0,0.0,0.0,0.0,0.0,0.0,0.0
2021-07-28,0.0,0.0,0.0,0.0,0.0,0.0,0.0,0.0,0.0,0.0,0.0
2021-07-29,0.0,0.0,0.0,0.0,0.0,0.0,0.0,0.0,0.0,0.0,0.0
2021-07-30,0.0,0.0,0.0,0.0,0.0,0.0,0.0,0.0,0.0,0.0,0.0
2021-07-31,0.0,0.0,0.0,0.0,0.0,0.0,0.0,0.0,0.0,0.0,0.0
2021-08-01,0.0,0.0,0.0,0.0,0.0,0.0,0.0,0.0,0.0,0.0,0.0
2021-08-02,0.0,0.0,0.0,0.0,0.0,0.0,0.0,0.0,0.0,0.0,0.0
2021-08-03,0.0,0.0,0.0,0.0,0.0,0.0,0.0,0.0,0.0,0.0,0.0
2021-08-04,0.0,0.0,0.0,0.0,0.0,0.0,0.0,0.0,0.0,0.0,0.0
2021-08-05,0.0,0.0,0.0,0.0,0.0,0.0,0.0,0.0,0.0,0.0,0.0
2021-08-06,0.0,0.0,0.0,0.0,0.0,0.0,0.0,0.0,0.0,0.0,0.0
2021-08-07,0.0,0.0,0.0,0.0,0.0,0.0,0.0,0.0,0.0,0.0,0.0
2021-08-08,0.0,0.0,0.0,0.0,0.0,0.0,0.0,0.0,0.0,0.0,0.0
2021-08-09,0.0,0.0,0.0,0.0,0.0,0.0,0.0,0.0,0.0,0.0,0.0
2021-08-10,0.0,0.0,0.0,0.0,0.0,0.0,0.0,0.0,0.0,0.0,0.0
2021-08-11,0.0,0.0,0.0,0.0,0.0,0.0,0.0,0.0,0.0,0.0,0.0
2021-08-12,0.0,0.0,0.0,0.0,0.0,0.0,0.0,0.0,0.0,0.0,0.0
2021-08-13,0.0,0.0,0.0,0.0,0.0,0.0,0.0,0.0,0.0,0.0,0.0
2021-08-14,0.0,0.0,0.0,0.0,0.0,0.0,0.0,0.0,0.0,0.0,0.0
2021-08-15,0.0,0.0,0.0,0.0,0.0,0.0,0.0,0.0,0.0,0.0,0.0
2021-08-16,0.0,0.0,0.0,0.0,0.0,0.0,0.0,0.0,0.0,0.0,0.0
2021-08-17,0.0,0.0,0.0,0.0,0.0,0.0,0.0,0.0,0.0,0.0,0.0
2021-08-18,0.0,0.0,0.0,0.0,0.0,0.0,0.0,0.0,0.0,0.0,0.0
2021-08-19,0.0,0.0,0.0,0.0,0.0,0.0,0.0,0.0,0.0,0.0,0.0
2021-08-20,0.0,0.0,0.0,0.0,0.0,0.0,0.0,0.0,0.0,0.0,0.0
2021-08-21,0.0,0.0,0.0,0.0,0.0,0.0,0.0,0.0,0.0,0.0,0.0
2021-08-22,0.0,0.0,0.0,0.0,0.0,0.0,0.0,0.0,0.0,0.0,0.0
2021-08-23,0.0,0.0,0.0,0.0,0.0,0.0,0.0,0.0,0.0,0.0,0.0
2021-08-24,0.0,0.0,0.0,0.0,0.0,0.0,0.0,0.0,0.0,0.0,0.0
2021-08-25,0.0,0.0,0.0,0.0,0.0,0.0,0.0,0.0,0.0,0.0,0.0
2021-08-26,0.0,0.0,0.0,0.0,0.0,0.0,0.0,0.0,0.0,0.0,0.0
2021-08-27,0.0,0.0,0.0,0.0,0.0,0.0,0.0,0.0,0.0,0.0,0.0
2021-08-28,0.0,0.0,0.0,0.0,0.0,0.0,0.0,0.0,0.0,0.0,0.0
2021-08-29,0.0,0.0,0.0,0.0,0.0,0.0,0.0,0.0,0.0,0.0,0.0
2021-08-30,0.0,0.0,0.0,0.0,0.0,0.0,0.0,0.0,0.0,0.0,0.0
2021-08-31,0.0,0.0,0.0,0.0,0.0,0.0,0.0,0.0,0.0,0.0,0.0
2021-09-01,0.0,0.0,0.0,0.0,0.0,0.0,0.0,0.0,0.0,0.0,0.0
2021-09-02,0.0,0.0,0.0,0.0,0.0,0.0,0.0,0.0,0.0,0.0,0.0
2021-09-03,0.0,0.0,0.0,0.0,0.0,0.0,0.0,0.0,0.0,0.0,0.0
2021-09-04,0.0,0.0,0.0,0.0,0.0,0.0,0.0,0.0,0.0,0.0,0.0
2021-09-05,0.0,0.0,0.0,0.0,0.0,0.0,0.0,0.0,0.0,0.0,0.0
2021-09-06,0.0,0.0,0.0,0.0,0.0,0.0,0.0,0.0,0.0,0.0,0.0
2021-09-07,0.0,0.0,0.0,0.0,0.0,0.0,0.0,0.0,0.0,0.0,0.0
2021-09-08,0.0,0.0,0.0,0.0,0.0,0.0,0.0,0.0,0.0,0.0,0.0
2021-09-09,0.0,0.0,0.0,0.0,0.0,0.0,0.0,0.0,0.0,0.0,0.0
2021-09-10,0.0,0.0,0.0,0.0,0.0,0.0,0.0,0.0,0.0,0.0,0.0
2021-09-11,0.0,0.0,0.0,0.0,0.0,0.0,0.0,0.0,0.0,0.0,0.0
2021-09-12,0.0,0.0,0.0,0.0,0.0,0.0,0.0,0.0,0.0,0.0,0.0
2021-09-13,0.0,0.0,0.0,0.0,0.0,0.0,0.0,0.0,0.0,0.0,0.0
2021-09-14,0.0,0.0,0.0,0.0,0.0,0.0,0.0,0.0,0.0,0.0,0.0
2021-09-15,0.0,0.0,0.0,0.0,0.0,0.0,0.0,0.0,0.0,0.0,0.0
2021-09-16,0.0,0.0,0.0,0.0,0.0,0.0,0.0,0.0,0.0,0.0,0.0
2021-09-17,0.0,0.0,0.0,0.0,0.0,0.0,0.0,0.0,0.0,0.0,0.0
2021-09-18,0.0,0.0,0.0,0.0,0.0,0.0,0.0,0.0,0.0,0.0,0.0
2021-09-19,0.0,0.0,0.0,0.0,0.0,0.0,0.0,0.0,0.0,0.0,0.0
2021-09-20,0.0,0.0,0.0,0.0,0.0,0.0,0.0,0.0,0.0,0.0,0.0
2021-09-21,0.0,0.0,0.0,0.0,0.0,0.0,0.0,0.0,0.0,0.0,0.0
2021-09-22,0.0,0.0,0.0,0.0,0.0,0.0,0.0,0.0,0.0,0.0,0.0
2021-09-23,0.0,0.0,0.0,0.0,0.0,0.0,0.0,0.0,0.0,0.0,0.0
2021-09-24,0.0,0.0,0.0,0.0,0.0,0.0,0.0,0.0,0.0,0.0,0.0
2021-09-25,0.0,0.0,0.0,0.0,0.0,0.0,0.0,0.0,0.0,0.0,0.0
2021-09-26,0.0,0.0,0.0,0.0,0.0,0.0,0.0,0.0,0.0,0.0,0.0
2021-09-27,0.0,0.0,0.0,0.0,0.0,0.0,0.0,0.0,0.0,0.0,0.0
2021-09-28,0.0,0.0,0.0,0.0,0.0,0.0,0.0,0.0,0.0,0.0,0.0
2021-09-29,0.0,0.0,0.0,0.0,0.0,0.0,0.0,0.0,0.0,0.0,0.0
2021-09-30,0.0,0.0,0.0,0.0,0.0,0.0,0.0,0.0,0.0,0.0,0.0
2021-10-01,0.0,0.0,0.0,0.0,0.0,0.0,0.0,0.0,0.0,0.0,0.0
2021-10-02,0.0,0.0,0.0,0.0,0.0,0.0,0.0,0.0,0.0,0.0,0.0
2021-10-03,0.0,0.0,0.0,0.0,0.0,0.0,0.0,0.0,0.0,0.0,0.0
2021-10-04,0.0,0.0,0.0,0.0,0.0,0.0,0.0,0.0,0.0,0.0,0.0
2021-10-05,0.0,0.0,0.0,0.0,0.0,0.0,0.0,0.0,0.0,0.0,0.0
2021-10-06,0.0,0.0,0.0,0.0,0.0,0.0,0.0,0.0,0.0,0.0,0.0
2021-10-07,0.0,0.0,0.0,0.0,0.0,0.0,0.0,0.0,0.0,0.0,0.0
2021-10-08,0.0,0.0,0.0,0.0,0.0,0.0,0.0,0.0,0.0,0.0,0.0
2021-10-09,8.5,0.0,0.0,0.0,3.4814816,2.6818182,0.0,4.0,3.0,1.0,0.0
2021-10-10,7.6666665,0.0,0.0,0.0,3.5925925,2.5,0.0,1.0,0.0,0.8,0.0
2021-10-11,3.5,0.0,0.0,0.0,1.1481482,0.70454544,0.0,0.0,0.0,0.0,0.0
2021-10-12,4.1666665,0.0,0.0,0.0,0.7037037,0.4318182,0.0,1.5,1.0,7.0,1.5
2021-10-13,4.1666665,0.0,0.0,0.0,0.7037037,0.4318182,0.0,2.5,1.0,6.0,2.5
2021-10-14,4.1666665,0.0,0.0,0.0,1.2222222,0.75,0.0,0.0,0.0,3.8,0.0
2021-10-15,3.8333333,0.0,0.0,0.0,1.074074,0.65909094,0.0,0.0,0.0,2.6,0.0
2021-10-16,0.16666667,0.0,0.0,0.0,0.18518518,0.11363637,0.0,0.0,0.0,0.0,0.0
2021-10-17,0.0,0.0,0.0,0.0,0.0,0.0,0.0,0.0,0.0,0.0,0.0
2021-10-18,3.3333333,0.0,0.0,0.0,5.185185,4.25,0.0,14.5,13.0,5.4,6.0
2021-10-19,3.6666667,0.5090909,2.0,1.5,5.2222223,4.2727275,0.055555556,19.0,19.0,5.8,7.5
2021-10-20,3.0,0.018181818,0.0,0.0,3.8888888,3.0681818,0.0,15.5,17.0,5.6,4.5
2021-10-21,1.3333334,0.0,0.0,0.0,2.6666667,2.0454545,0.0,9.0,9.0,1.2,0.0
2021-10-22,0.0,0.0,0.0,0.0,0.8148148,0.5,0.0,0.5,0.0,0.0,0.0
2021-10-23,0.0,0.0,0.0,0.0,1.1481482,0.72727275,0.0,1.0,0.0,0.0,0.0
2021-10-24,0.0,0.0,0.0,0.0,3.1111112,2.909091,0.6666667,23.0,21.0,7.8,2.5
2021-10-25,41.333332,0.0,0.0,0.0,57.962963,55.227272,4.111111,130.0,121.0,70.6,53.0
2021-10-26,98.0,18.581818,17.0,14.0,92.85185,90.09091,4.6666665,157.5,152.0,116.4,81.0
2021-10-27,97.833336,13.836364,16.333334,12.25,98.85185,96.40909,4.5555553,155.5,149.0,113.0,82.0
2021-10-28,97.333336,8.963636,8.0,6.0,94.111115,88.75,4.111111,155.5,143.0,105.6,74.5
2021-10-29,92.833336,2.5636363,0.0,0.0,86.51852,80.27273,2.9444444,152.5,135.0,100.0,68.0
2021-10-30,84.333336,0.6545454,0.0,0.0,80.0,72.97727,2.6111112,145.5,128.0,90.8,59.5
2021-10-31,76.166664,0.27272728,0.0,0.0,76.666664,69.045456,2.0555556,138.5,120.0,79.8,52.5
2021-11-01,68.166664,0.0,0.0,0.0,74.44444,66.318184,1.6111112,136.0,115.0,77.6,47.5
2021-11-02,64.5,0.0,0.0,0.0,72.92593,64.568184,1.5,133.0,112.0,67.4,43.5
2021-11-03,59.666668,0.0,0.0,0.0,69.296295,60.977272,1.1111112,123.0,111.0,60.0,40.0
2021-11-04,49.5,0.0,0.0,0.0,64.48148,55.477272,0.3888889,115.5,104.0,52.8,33.0
2021-11-05,45.0,0.0,0.0,0.0,61.22222,51.840908,0.16666667,108.5,101.0,47.4,29.0
2021-11-06,40.5,0.0,0.0,0.0,56.51852,47.227272,0.0,107.5,96.0,43.6,24.5
2021-11-07,39.5,0.0,0.0,0.0,54.851852,45.636364,0.16666667,104.5,96.0,42.8,23.5
2021-11-08,39.5,0.0,0.0,0.0,54.555557,45.477272,0.11111111,107.0,96.0,43.8,23.5
2021-11-09,48.5,0.0,0.0,0.0,64.40741,53.56818,0.8888889,117.0,102.0,46.2,24.5
2021-11-10,58.833332,0.0,0.0,0.0,70.03704,58.113636,0.5555556,124.0,107.0,54.4,26.0
2021-11-11,54.833332,0.0,0.0,0.0,66.92593,55.659092,0.33333334,121.0,104.0,55.4,34.5
2021-11-12,49.0,0.0,0.0,0.0,64.59259,53.363636,0.0,114.5,99.0,51.6,29.5
2021-11-13,44.166668,0.0,0.0,0.0,64.48148,53.659092,0.0,107.0,93.0,46.6,24.0
2021-11-14,39.666668,0.0,0.0,0.0,66.85185,56.227272,0.0,100.0,88.0,42.2,20.0
2021-11-15,33.166668,0.0,0.0,0.0,68.14815,57.590908,0.0,88.5,81.0,37.4,14.0
2021-11-16,29.166666,0.0,0.0,0.0,62.11111,52.0,0.0,82.5,76.0,43.8,9.0
2021-11-17,28.166666,0.0,0.0,0.0,60.37037,50.31818,0.0,79.5,73.0,40.8,6.5
2021-11-18,27.166666,0.0,0.0,0.0,67.96296,53.31818,0.0,77.5,72.0,38.2,5.0
2021-11-19,26.166666,0.0,0.0,0.0,66.92593,52.477272,0.0,75.0,69.0,36.2,1.5
2021-11-20,25.5,0.0,0.0,0.0,66.59259,52.204544,0.0,73.5,67.0,34.8,0.5
2021-11-21,25.5,0.0,0.0,0.0,66.48148,52.022728,0.0,73.0,67.0,34.8,0.0
2021-11-22,25.5,0.0,0.0,0.0,66.55556,51.954544,0.0,71.5,66.0,33.6,0.0
2021-11-23,24.666666,0.0,0.0,0.0,73.888885,60.522728,0.0,68.5,64.0,32.2,0.0
2021-11-24,24.666666,0.0,0.0,0.0,73.59259,60.31818,0.0,68.5,64.0,32.2,0.0
2021-11-25,24.666666,0.0,0.0,0.0,74.0,60.659092,0.0,68.5,64.0,32.2,0.0
2021-11-26,24.166666,0.0,0.0,0.0,72.37037,58.909092,0.0,65.0,61.0,28.8,0.0
2021-11-27,22.0,0.0,0.0,0.0,70.111115,56.954544,0.0,60.0,56.0,24.8,0.0
2021-11-28,19.5,0.0,0.0,0.0,67.48148,54.545456,0.0,62.0,53.0,20.4,0.0
2021-11-29,16.666666,0.0,0.0,0.0,62.962963,50.636364,0.0,55.5,48.0,15.4,0.0
2021-11-30,14.666667,0.0,0.0,0.0,59.666668,47.727272,0.0,48.5,43.0,10.4,0.0
2021-12-01,13.0,0.0,0.0,0.0,56.185184,44.136364,0.0,47.5,38.0,7.0,0.0
2021-12-02,11.666667,0.0,0.0,0.0,53.074074,40.954544,0.0,41.5,33.0,5.4,0.0
2021-12-03,10.833333,0.0,0.0,0.0,51.074074,39.045456,0.0,35.0,29.0,4.4,0.0
2021-12-04,10.5,0.0,0.0,0.0,50.296295,38.159092,0.0,30.0,25.0,3.6,0.0
2021-12-05,10.166667,0.0,0.0,0.0,49.407406,37.25,0.0,25.5,22.0,3.0,0.0
2021-12-06,9.0,0.0,0.0,0.0,48.185184,36.045456,0.0,23.0,19.0,2.6,0.0
2021-12-07,8.5,0.0,0.0,0.0,47.333332,35.272728,0.0,22.0,18.0,3.0,0.0
2021-12-08,8.5,0.0,0.0,0.0,47.592594,35.477272,0.0,21.5,17.0,3.8,0.0
2021-12-09,8.666667,0.0,0.0,0.0,53.703705,41.75,0.33333334,24.5,22.0,5.6,0.0
2021-12-10,23.5,10.345454,5.0,5.0,72.81481,60.522728,0.7777778,35.5,33.0,18.2,7.0
2021-12-11,23.5,10.854546,5.0,5.25,70.44444,58.545456,0.7777778,35.0,33.0,18.2,7.5
2021-12-12,23.5,11.036364,5.0,5.0,74.0,61.31818,9.222222,35.0,33.0,19.4,8.5
2021-12-13,28.333334,11.181818,4.6666665,4.0,81.07407,68.97727,48.333332,86.0,89.0,39.0,38.5
2021-12-14,104.166664,22.963636,11.333333,11.0,165.96297,154.34091,118.166664,140.0,151.0,101.2,100.5
2021-12-15,134.16667,51.50909,53.333332,52.75,201.03703,188.36363,122.55556,169.0,182.0,128.6,115.5
2021-12-16,150.16667,53.563637,61.0,61.0,217.03703,205.22728,163.22223,200.0,212.0,155.4,142.0
2021-12-17,167.66667,57.29091,69.333336,69.5,238.48148,226.04546,166.5,233.0,247.0,169.8,150.0
2021-12-18,168.83333,57.2,68.666664,68.75,257.0,239.93182,166.27777,233.0,247.0,170.2,151.5
2021-12-19,168.33333,56.454544,65.666664,65.75,258.66666,241.27272,166.55556,233.0,247.0,170.6,152.5
2021-12-20,166.5,56.054546,62.333332,62.25,257.2963,240.20454,166.33333,233.0,246.0,170.6,152.5
2021-12-21,165.83333,55.672726,58.333332,58.25,258.07407,240.75,166.27777,232.0,246.0,170.8,153.5
2021-12-22,166.16667,53.454544,52.0,52.0,261.14816,243.54546,168.33333,231.5,246.0,171.8,154.5
2021-12-23,195.16667,57.872726,52.0,50.5,290.7037,271.77274,192.88889,275.0,300.0,194.4,181.0
2021-12-24,264.33334,99.07273,77.333336,71.25,359.2963,342.52274,205.0,333.0,364.0,249.2,225.5
2021-12-25,292.16666,106.65455,91.0,85.25,389.37036,371.18182,220.0,367.0,402.0,265.4,243.0
2021-12-26,320.16666,121.72727,134.33333,127.75,427.25925,410.61365,249.16667,406.0,446.0,297.6,280.5
2021-12-27,330.0,122.29091,137.66667,131.0,431.77777,414.4091,263.27777,434.5,482.0,315.4,296.5
2021-12-28,355.33334,132.18182,147.66667,141.25,458.96295,441.3409,267.5,473.0,519.0,344.0,313.5
2021-12-29,356.83334,130.14546,147.33333,140.5,461.85184,444.77274,273.33334,478.0,526.0,351.2,314.0
2021-12-30,373.0,141.03636,163.33333,157.25,477.07407,460.8409,286.22223,527.5,540.0,354.6,317.5
2021-12-31,373.16666,141.38182,163.33333,157.25,477.81482,461.72726,286.44446,525.5,537.0,354.6,317.5
2022-01-01,375.16666,143.21819,163.0,156.5,333.92593,319.70456,276.1111,496.0,542.0,351.0,317.5
2022-01-02,367.83334,142.6909,163.0,156.5,428.07407,409.45456,277.22223,498.0,543.0,352.0,317.5
2022-01-03,370.0,144.36363,161.33333,155.0,343.22223,328.8409,275.5,499.0,545.0,351.6,318.0
2022-01-04,366.66666,147.96364,160.0,153.5,393.03705,381.97726,292.5,504.0,546.0,351.4,319.0
2022-01-05,366.83334,146.21819,158.0,151.25,394.62964,383.27274,293.3889,522.0,570.0,350.0,322.0
2022-01-06,368.0,141.92728,153.33333,146.5,347.33334,334.22726,290.16666,521.0,570.0,349.2,322.0
2022-01-07,368.33334,138.05455,145.66667,138.25,347.55554,333.72726,290.55554,523.0,571.0,349.0,322.0
2022-01-08,369.16666,139.38182,142.33333,135.0,348.33334,334.5,296.3889,532.5,584.0,350.0,323.0
2022-01-09,367.83334,137.63637,140.66667,133.5,350.37036,335.75,296.72223,532.0,584.0,349.8,323.0
2022-01-10,370.5,136.56363,136.33333,129.0,439.92593,419.79544,295.72223,532.0,585.0,349.0,323.0
2022-01-11,363.83334,133.01819,132.66667,125.25,481.55554,463.8409,293.83334,533.5,586.0,349.0,323.0
2022-01-12,363.83334,131.47273,123.0,115.25,483.03705,463.88635,289.1111,532.5,585.0,348.8,323.0
2022-01-13,368.33334,130.70909,106.666664,98.0,370.37036,351.47726,281.16666,528.5,584.0,345.8,323.0
2022-01-14,366.66666,127.34545,104.333336,93.5,391.2963,371.47726,278.1111,529.5,586.0,345.6,323.0
2022-01-15,367.33334,125.12727,104.333336,90.0,391.33334,369.8409,268.5,529.5,586.0,345.4,323.0
2022-01-16,366.33334,123.818184,104.0,86.75,391.14816,368.22726,264.05554,528.5,585.0,344.6,323.0
2022-01-17,366.66666,121.74545,101.0,81.5,391.7037,367.68182,264.55554,525.5,584.0,350.2,323.0
2022-01-18,367.0,119.87273,100.333336,79.5,391.92593,367.45456,259.0,526.0,583.0,350.0,323.0
2022-01-19,367.33334,118.61818,99.666664,78.0,392.03705,367.3409,255.33333,526.5,582.0,343.4,323.0
2022-01-20,366.33334,117.32727,97.666664,74.75,393.48148,367.9091,251.66667,527.0,582.0,343.0,323.0
2022-01-21,366.83334,111.545456,95.0,71.25,392.4074,365.88635,245.88889,526.5,579.0,341.6,323.0
2022-01-22,367.33334,107.36364,94.666664,71.0,392.48148,365.22726,242.72223,526.5,579.0,341.4,323.0
2022-01-23,366.83334,104.63636,93.666664,70.25,392.2963,364.75,239.83333,526.5,579.0,341.4,323.0
2022-01-24,366.83334,103.07273,92.0,69.0,391.77777,363.29544,234.61111,527.0,579.0,341.8,323.0
2022-01-25,363.33334,100.181816,89.0,66.75,479.18518,444.22726,228.83333,524.5,576.0,341.0,323.0
2022-01-26,366.83334,99.94546,88.0,66.0,392.44446,362.22726,226.33333,525.5,576.0,340.4,323.0
2022-01-27,367.33334,99.89091,87.333336,65.5,391.22223,359.86365,221.77777,526.0,576.0,340.6,323.0
2022-01-28,366.83334,99.38182,85.333336,64.0,391.2963,359.1591,218.0,528.0,576.0,341.0,323.0
2022-01-29,366.33334,98.72727,82.666664,62.0,391.55554,358.5,213.72223,528.5,576.0,341.2,323.0
2022-01-30,363.33334,97.836365,82.333336,61.75,476.81482,437.70456,208.11111,527.5,574.0,341.2,323.0
2022-01-31,366.33334,95.25455,80.666664,60.5,391.96295,357.25,202.61111,526.5,572.0,341.0,323.0
2022-02-01,369.66666,92.96364,79.0,59.25,406.48148,372.04544,202.61111,525.0,572.0,347.6,323.0
2022-02-02,370.16666,92.72727,79.0,59.25,406.51852,371.88635,202.05556,526.0,569.0,341.2,323.0
2022-02-03,369.66666,92.527275,79.0,59.25,406.66666,371.6591,201.55556,525.0,572.0,347.6,323.0
2022-02-04,368.33334,106.56364,78.333336,58.75,407.1111,372.04544,198.11111,528.0,573.0,340.4,323.0
2022-02-05,368.66666,106.38182,78.333336,58.75,410.25925,373.97726,191.05556,529.0,573.0,339.8,323.0
2022-02-06,368.66666,104.29091,76.333336,57.25,410.74075,373.29544,180.55556,529.0,571.0,339.4,323.0
2022-02-07,369.33334,97.63636,72.0,54.0,411.37036,372.22726,187.5,530.0,570.0,339.8,323.0
2022-02-08,376.83334,92.29091,68.333336,51.25,404.1111,364.52274,171.11111,527.5,565.0,343.0,323.0
2022-02-09,371.66666,86.27273,63.666668,47.75,405.1111,363.68182,154.38889,529.0,563.0,336.2,323.0
2022-02-10,371.83334,81.05454,57.333332,43.0,403.22223,359.6591,137.94444,528.0,561.0,335.8,323.0
2022-02-11,371.33334,74.38182,48.666668,36.5,399.96295,353.63635,118.55556,525.5,558.0,330.8,323.0
2022-02-12,371.0,67.92727,38.666668,29.0,397.03705,348.36365,102.22222,522.0,553.0,326.8,323.0
2022-02-13,372.5,63.47273,30.333334,22.75,394.18518,343.47726,85.5,518.5,547.0,321.8,323.0
2022-02-14,372.16666,60.109093,23.666666,17.75,392.33334,340.13635,71.5,512.5,541.0,315.4,323.0
2022-02-15,371.5,58.036366,20.666666,15.5,392.33334,339.63635,67.333336,515.5,545.0,312.8,323.5
2022-02-16,370.5,58.581818,22.333334,17.0,391.92593,339.18182,67.333336,522.0,554.0,316.4,327.5
2022-02-17,370.33334,58.47273,22.0,17.0,386.77777,333.56818,65.5,522.0,554.0,315.2,327.5
2022-02-18,370.0,58.381817,21.0,15.75,403.77777,349.04544,60.61111,520.5,552.0,320.0,327.5
2022-02-19,370.5,57.836365,18.666666,14.0,384.5926,330.47726,50.11111,519.0,550.0,310.2,327.5
2022-02-20,372.16666,56.872726,15.333333,11.5,382.2963,327.43182,40.77778,516.0,548.0,303.4,327.5
2022-02-21,371.33334,56.381817,15.0,11.25,381.55554,326.29544,38.555557,516.5,550.0,297.4,327.5
2022-02-22,371.33334,56.345455,15.0,11.25,352.07407,299.27274,40.666668,526.0,562.0,304.4,338.0
2022-02-23,374.83334,61.654545,26.666666,24.0,352.07407,303.38635,42.055557,543.0,581.0,315.4,345.5
2022-02-24,374.83334,64.0,32.0,29.5,346.33334,295.22726,36.666668,543.5,581.0,316.4,345.5
2022-02-25,374.66666,63.21818,32.666668,30.5,344.77777,292.75,36.77778,542.5,581.0,316.0,345.5
2022-02-26,375.66666,63.363636,32.666668,30.75,344.37036,292.47726,42.22222,543.5,581.0,315.8,345.5
2022-02-27,380.33334,63.30909,31.666666,30.0,339.77777,290.68182,41.11111,542.5,581.0,314.6,345.5
2022-02-28,375.5,60.69091,25.666666,23.75,385.33334,329.79544,28.944445,542.5,581.0,309.6,345.5
2022-03-01,371.16666,57.054546,16.0,12.0,490.14816,426.3409,24.222221,536.5,575.0,304.2,345.5
2022-03-02,369.16666,51.727272,9.333333,7.0,489.37036,422.72726,15.166667,523.0,567.0,297.2,345.5
2022-03-03,366.5,47.52727,3.3333333,2.5,485.92593,415.4091,8.5,509.0,558.0,289.8,345.5
2022-03-04,364.5,46.109093,1.6666666,1.25,485.14816,413.70456,6.388889,504.0,552.0,285.6,345.5
2022-03-05,369.16666,58.47273,12.0,14.5,497.74075,427.47726,14.333333,516.0,570.0,288.2,350.0
2022-03-06,373.0,62.69091,22.0,24.25,502.92593,433.36365,17.88889,519.0,570.0,294.4,351.5
2022-03-07,375.0,63.6,24.333334,27.0,504.33334,434.97726,19.277779,522.0,570.0,291.6,351.5
2022-03-08,375.83334,63.672726,25.0,27.5,501.51852,432.02274,17.444445,525.5,570.0,289.8,351.5
2022-03-09,376.66666,63.52727,22.0,25.25,504.51852,435.4091,11.666667,527.0,575.0,287.0,351.5
2022-03-10,376.0,59.036366,19.0,22.0,504.25925,435.11365,10.166667,528.0,578.0,284.8,351.5
2022-03-11,375.16666,58.927273,18.666666,21.75,503.44446,434.3409,10.055555,528.5,578.0,283.0,351.5
2022-03-12,376.0,58.109093,18.333334,20.5,496.22223,426.70456,5.3333335,526.5,578.0,280.4,352.0
2022-03-13,374.83334,54.890907,15.333333,15.25,494.25925,423.5,3.0555556,528.0,581.0,271.4,352.0
2022-03-14,372.16666,53.50909,14.333333,13.25,484.92593,414.18182,3.5,532.0,584.0,265.2,353.0
2022-03-15,368.16666,50.563637,11.0,8.25,482.44446,409.56818,0.16666667,524.5,577.0,263.6,351.0
2022-03-16,367.83334,47.8,9.0,6.75,483.33334,409.88635,0.0,533.5,583.0,259.4,354.0
2022-03-17,367.0,46.49091,8.0,6.0,484.44446,410.95456,0.0,567.5,572.0,248.8,351.5
2022-03-18,366.66666,45.054546,6.3333335,4.75,488.03705,413.47726,0.0,564.5,570.0,243.8,350.0
2022-03-19,371.5,42.163635,3.6666667,2.75,496.4074,417.25,0.0,520.5,566.0,239.6,346.0
2022-03-20,373.33334,42.109093,4.3333335,3.25,506.33334,428.79544,1.1111112,533.0,580.0,240.6,351.0
2022-03-21,377.66666,41.49091,4.6666665,3.5,506.0,427.47726,0.055555556,535.0,582.0,238.2,350.0
2022-03-22,377.0,37.090908,2.0,1.5,495.85184,412.77274,0.0,530.0,582.0,235.4,342.5
2022-03-23,373.83334,29.454546,0.0,0.0,475.51852,386.56818,0.0,505.5,557.0,231.8,326.5
2022-03-24,367.83334,25.254545,0.0,0.0,464.07407,372.56818,0.0,479.5,528.0,217.2,302.5
2022-03-25,355.0,21.563637,0.0,0.0,425.8889,337.9091,0.0,449.5,498.0,201.8,276.0
2022-03-26,351.16666,17.363636,0.0,0.0,401.85184,313.86365,0.0,420.5,471.0,186.8,248.5
2022-03-27,341.5,13.763637,0.0,0.0,372.62964,287.6591,0.0,395.0,448.0,173.6,210.0
2022-03-28,337.33334,12.781818,0.0,0.0,369.07407,283.38635,0.0,382.5,435.0,165.6,180.0
2022-03-29,339.33334,14.6,1.6666666,1.75,376.14816,295.8409,0.11111111,382.5,432.0,168.6,177.5
2022-03-30,346.83334,13.854546,2.3333333,2.5,409.03705,319.63635,0.0,378.5,428.0,167.4,164.0
2022-03-31,345.33334,13.054545,0.33333334,0.25,392.0,304.70456,0.0,369.0,417.0,164.0,156.5
2022-04-01,342.66666,12.527273,0.0,0.0,397.92593,307.56818,0.0,351.0,406.0,156.4,149.0
2022-04-02,344.0,11.254545,0.0,0.0,396.92593,303.04544,0.0,332.0,385.0,149.8,135.0
2022-04-03,332.66666,10.036364,0.0,0.0,385.37036,293.52274,0.0,313.0,366.0,140.2,120.5
2022-04-04,322.66666,9.636364,0.0,0.0,361.33334,274.79544,0.0,294.5,353.0,135.0,108.0
2022-04-05,315.33334,8.309091,0.0,0.0,349.18518,264.79544,0.0,282.5,327.0,133.8,92.5
2022-04-06,304.33334,6.1272726,0.0,0.0,341.03705,256.97726,0.0,264.0,308.0,124.2,78.5
2022-04-07,289.33334,4.2,0.0,0.0,325.51852,242.72728,0.0,242.0,287.0,115.8,60.5
2022-04-08,270.83334,2.6909091,0.0,0.0,306.03705,226.0,0.0,205.5,253.0,96.6,29.0
2022-04-09,256.5,1.7272727,0.0,0.0,294.7037,215.45454,0.0,174.5,222.0,84.2,12.0
2022-04-10,253.66667,1.3454546,0.0,0.0,284.25925,206.90909,0.0,168.0,217.0,77.6,8.0
2022-04-11,253.0,1.2181818,0.0,0.0,283.37036,206.18182,0.0,158.5,203.0,75.6,6.0
2022-04-12,261.33334,0.96363634,0.0,0.0,264.74075,198.93182,8.277778,173.5,231.0,90.6,22.5
2022-04-13,267.5,0.9818182,0.0,0.0,293.55554,219.54546,8.277778,177.0,234.0,89.6,23.0
2022-04-14,267.5,0.94545454,0.0,0.0,294.0,219.90909,13.944445,188.5,244.0,83.6,25.0
2022-04-15,267.5,1.1454545,0.0,0.0,307.0,229.06818,34.333332,225.0,284.0,87.0,46.5
2022-04-16,268.16666,1.1272727,0.0,0.0,294.77777,220.63637,32.666668,254.5,310.0,86.8,49.5
2022-04-17,290.33334,1.2,0.0,0.0,358.0,276.29544,28.11111,299.0,343.0,102.4,64.0
2022-04-18,282.33334,0.8545455,0.0,0.0,340.44446,259.27274,17.222221,303.0,335.0,101.6,51.5
2022-04-19,278.33334,0.5272727,0.0,0.0,339.37036,258.18182,12.722222,294.0,324.0,102.0,42.0
2022-04-20,278.33334,0.47272727,0.0,0.0,343.07407,261.56818,11.111111,329.0,346.0,105.0,52.0
2022-04-21,276.5,0.3272727,0.0,0.0,330.33334,250.61363,15.111111,336.0,365.0,105.6,57.5
2022-04-22,299.83334,1.7272727,10.333333,9.75,330.48148,258.52274,18.777779,388.5,438.0,133.4,111.0
2022-04-23,305.16666,3.5636363,24.0,24.0,337.18518,264.86365,19.333334,403.5,444.0,121.0,114.0
2022-04-24,305.0,3.290909,19.333334,19.75,362.55554,282.93182,14.444445,407.0,441.0,121.4,116.0
2022-04-25,304.33334,1.4545455,14.0,11.25,355.03705,272.75,9.055555,396.0,427.0,119.4,111.0
2022-04-26,299.33334,0.6,6.6666665,5.0,321.2963,242.70454,4.7777777,412.5,413.0,121.4,91.0
2022-04-27,296.16666,0.36363637,0.0,0.0,310.85184,232.06818,3.0,408.0,388.0,119.4,72.5
2022-04-28,293.83334,0.27272728,0.0,0.0,309.0,229.54546,2.5555556,382.0,374.0,113.0,60.5
2022-04-29,294.33334,0.25454545,0.0,0.0,308.96295,229.36363,2.3888888,375.5,367.0,110.8,58.5
2022-04-30,289.66666,0.12727273,0.0,0.0,303.8889,224.34091,1.7222222,356.0,351.0,108.8,46.0
2022-05-01,296.83334,0.036363635,0.0,0.0,297.1111,219.13637,1.0,332.0,330.0,104.0,36.5
2022-05-02,292.5,0.0,0.0,0.0,292.7037,215.47728,0.11111111,310.5,310.0,103.0,30.0
2022-05-03,290.83334,0.0,0.0,0.0,290.77777,213.86363,0.0,300.5,298.0,101.6,28.5
2022-05-04,288.5,0.0,0.0,0.0,285.74075,209.65909,0.0,281.5,276.0,99.4,24.0
2022-05-05,280.0,0.0,0.0,0.0,277.33334,201.81818,0.0,235.0,241.0,86.0,2.5
2022-05-06,270.0,0.0,0.0,0.0,267.5926,193.97728,0.0,203.0,203.0,75.4,0.0
2022-05-07,259.0,0.0,0.0,0.0,258.03705,186.18182,0.0,175.5,166.0,66.4,0.0
2022-05-08,258.5,0.0,0.0,0.0,253.92592,183.0,0.0,156.5,136.0,63.8,0.0
2022-05-09,258.5,0.0,0.0,0.0,186.59259,135.59091,2.2777777,151.0,142.0,63.8,6.5
2022-05-10,259.0,0.0,0.0,0.0,182.22223,132.22728,12.555555,166.0,158.0,66.8,12.5
2022-05-11,251.0,0.0,0.0,0.0,186.40741,135.38637,12.666667,173.5,168.0,70.6,17.5
2022-05-12,252.5,0.0,0.0,0.0,187.11111,135.95454,8.444445,190.5,174.0,70.8,15.5
2022-05-13,262.16666,0.0,0.0,0.0,243.0,174.02272,0.11111111,192.0,165.0,78.2,14.0
2022-05-14,250.5,0.0,0.0,0.0,247.59259,177.93182,0.0,165.5,145.0,70.8,0.0
2022-05-15,205.5,0.0,0.0,0.0,231.18518,164.84091,0.0,144.5,112.0,56.6,0.0
2022-05-16,146.66667,0.0,0.0,0.0,215.62962,151.86363,0.0,125.5,84.0,56.4,0.0
2022-05-17,136.66667,0.0,0.0,0.0,205.88889,143.52272,0.0,108.5,61.0,39.2,0.0
2022-05-18,125.333336,0.0,0.0,0.0,194.62962,133.84091,0.0,98.0,40.0,24.8,0.0
2022-05-19,108.5,0.0,0.0,0.0,178.2963,119.681816,0.0,75.5,8.0,14.8,0.0
2022-05-20,94.0,0.0,0.0,0.0,163.92592,108.204544,0.0,66.5,0.0,10.6,0.0
2022-05-21,92.333336,0.0,0.0,0.0,162.25926,106.52273,0.0,66.0,0.0,10.2,0.0
2022-05-22,89.666664,0.0,0.0,0.0,159.55556,104.045456,0.0,60.0,0.0,8.2,0.0
2022-05-23,80.5,0.0,0.0,0.0,149.66667,96.068184,0.0,49.5,0.0,4.6,0.0
2022-05-24,71.166664,0.0,0.0,0.0,137.88889,87.27273,0.0,48.5,0.0,0.0,0.0
2022-05-25,61.0,0.0,0.0,0.0,121.03704,75.0,0.0,22.0,0.0,0.0,0.0
2022-05-26,48.333332,0.0,0.0,0.0,103.85185,63.727272,0.0,0.0,0.0,0.0,0.0
2022-05-27,37.833332,0.0,0.0,0.0,90.666664,55.636364,0.0,0.0,0.0,0.0,0.0
2022-05-28,30.0,0.0,0.0,0.0,82.40741,50.56818,0.0,0.0,0.0,0.0,0.0
2022-05-29,28.5,0.0,0.0,0.0,81.111115,49.772728,0.0,0.0,0.0,0.0,0.0
2022-05-30,27.666666,0.0,0.0,0.0,80.81481,49.590908,0.0,0.0,0.0,0.0,0.0
2022-05-31,27.0,0.0,0.0,0.0,80.44444,49.363636,0.0,0.0,0.0,0.0,0.0
2022-06-01,24.5,0.0,0.0,0.0,78.44444,48.136364,0.0,0.0,0.0,0.0,0.0
2022-06-02,16.0,0.0,0.0,0.0,72.74074,44.636364,0.0,0.0,0.0,0.0,0.0
2022-06-03,10.333333,0.0,0.0,0.0,67.25926,41.272728,0.0,0.0,0.0,0.0,0.0
2022-06-04,7.0,0.0,0.0,0.0,62.185184,38.159092,0.0,0.0,0.0,0.0,0.0
2022-06-05,4.5,0.0,0.0,0.0,59.22222,36.340908,0.0,0.0,0.0,0.0,0.0
2022-06-06,2.0,0.0,0.0,0.0,56.333332,34.56818,0.0,0.0,0.0,0.0,0.0
2022-06-07,0.0,0.0,0.0,0.0,50.37037,30.90909,0.0,0.0,0.0,0.0,0.0
2022-06-08,0.0,0.0,0.0,0.0,42.851852,26.295454,0.0,0.0,0.0,0.0,0.0
2022-06-09,0.0,0.0,0.0,0.0,35.37037,21.704546,0.0,0.0,0.0,0.0,0.0
2022-06-10,0.0,0.0,0.0,0.0,26.555555,16.295454,0.0,0.0,0.0,0.0,0.0
2022-06-11,0.0,0.0,0.0,0.0,17.777779,10.909091,0.0,0.0,0.0,0.0,0.0
2022-06-12,0.0,0.0,0.0,0.0,12.481482,7.659091,0.0,0.0,0.0,0.0,0.0
2022-06-13,0.0,0.0,0.0,0.0,10.481482,6.431818,0.0,0.0,0.0,0.0,0.0
2022-06-14,0.0,0.0,0.0,0.0,10.111111,6.2045455,0.0,0.0,0.0,0.0,0.0
2022-06-15,0.0,0.0,0.0,0.0,9.333333,5.7272725,0.0,0.0,0.0,0.0,0.0
2022-06-16,0.0,0.0,0.0,0.0,8.148149,5.0,0.0,0.0,0.0,0.0,0.0
2022-06-17,0.0,0.0,0.0,0.0,7.3333335,4.5,0.0,0.0,0.0,0.0,0.0
2022-06-18,0.0,0.0,0.0,0.0,7.3333335,4.5,0.0,0.0,0.0,0.0,0.0
2022-06-19,0.0,0.0,0.0,0.0,7.3333335,4.5,0.0,0.0,0.0,0.0,0.0
2022-06-20,0.0,0.0,0.0,0.0,7.3333335,4.5,0.0,0.0,0.0,0.0,0.0
2022-06-21,0.0,0.0,0.0,0.0,7.111111,4.3636365,0.0,0.0,0.0,0.0,0.0
2022-06-22,0.0,0.0,0.0,0.0,6.5185184,4.0,0.0,0.0,0.0,0.0,0.0
2022-06-23,0.0,0.0,0.0,0.0,6.037037,3.7045455,0.0,0.0,0.0,0.0,0.0
2022-06-24,0.0,0.0,0.0,0.0,5.4444447,3.340909,0.0,0.0,0.0,0.0,0.0
2022-06-25,0.0,0.0,0.0,0.0,4.4814816,2.75,0.0,0.0,0.0,0.0,0.0
2022-06-26,0.0,0.0,0.0,0.0,3.3703704,2.0681818,0.0,0.0,0.0,0.0,0.0
2022-06-27,0.0,0.0,0.0,0.0,2.0370371,1.25,0.0,0.0,0.0,0.0,0.0
2022-06-28,0.0,0.0,0.0,0.0,0.4814815,0.29545453,0.0,0.0,0.0,0.0,0.0
2022-06-29,0.0,0.0,0.0,0.0,0.0,0.0,0.0,0.0,0.0,0.0,0.0
2022-06-30,0.0,0.0,0.0,0.0,0.0,0.0,0.0,0.0,0.0,0.0,0.0
2022-07-01,0.0,0.0,0.0,0.0,0.0,0.0,0.0,0.0,0.0,0.0,0.0
2022-07-02,0.0,0.0,0.0,0.0,0.0,0.0,0.0,0.0,0.0,0.0,0.0
2022-07-03,0.0,0.0,0.0,0.0,0.0,0.0,0.0,0.0,0.0,0.0,0.0
2022-07-04,0.0,0.0,0.0,0.0,0.0,0.0,0.0,0.0,0.0,0.0,0.0
2022-07-05,0.0,0.0,0.0,0.0,0.0,0.0,0.0,0.0,0.0,0.0,0.0
2022-07-06,0.0,0.0,0.0,0.0,0.0,0.0,0.0,0.0,0.0,0.0,0.0
2022-07-07,0.0,0.0,0.0,0.0,0.0,0.0,0.0,0.0,0.0,0.0,0.0
2022-07-08,0.0,0.0,0.0,0.0,0.0,0.0,0.0,0.0,0.0,0.0,0.0
2022-07-09,0.0,0.0,0.0,0.0,0.0,0.0,0.0,0.0,0.0,0.0,0.0
2022-07-10,0.0,0.0,0.0,0.0,0.0,0.0,0.0,0.0,0.0,0.0,0.0
2022-07-11,0.0,0.0,0.0,0.0,0.0,0.0,0.0,0.0,0.0,0.0,0.0
2022-07-12,0.0,0.0,0.0,0.0,0.0,0.0,0.0,0.0,0.0,0.0,0.0
2022-07-13,0.0,0.0,0.0,0.0,0.0,0.0,0.0,0.0,0.0,0.0,0.0
2022-07-14,0.0,0.0,0.0,0.0,0.0,0.0,0.0,0.0,0.0,0.0,0.0
2022-07-15,0.0,0.0,0.0,0.0,0.0,0.0,0.0,0.0,0.0,0.0,0.0
2022-07-16,0.0,0.0,0.0,0.0,0.0,0.0,0.0,0.0,0.0,0.0,0.0
2022-07-17,0.0,0.0,0.0,0.0,0.0,0.0,0.0,0.0,0.0,0.0,0.0
2022-07-18,0.0,0.0,0.0,0.0,0.0,0.0,0.0,0.0,0.0,0.0,0.0
2022-07-19,0.0,0.0,0.0,0.0,0.0,0.0,0.0,0.0,0.0,0.0,0.0
2022-07-20,0.0,0.0,0.0,0.0,0.0,0.0,0.0,0.0,0.0,0.0,0.0
2022-07-21,0.0,0.0,0.0,0.0,0.0,0.0,0.0,0.0,0.0,0.0,0.0
2022-07-22,0.0,0.0,0.0,0.0,0.0,0.0,0.0,0.0,0.0,0.0,0.0
2022-07-23,0.0,0.0,0.0,0.0,0.0,0.0,0.0,0.0,0.0,0.0,0.0
2022-07-24,0.0,0.0,0.0,0.0,0.0,0.0,0.0,0.0,0.0,0.0,0.0
2022-07-25,0.0,0.0,0.0,0.0,0.0,0.0,0.0,0.0,0.0,0.0,0.0
2022-07-26,0.0,0.0,0.0,0.0,0.0,0.0,0.0,0.0,0.0,0.0,0.0
2022-07-27,0.0,0.0,0.0,0.0,0.0,0.0,0.0,0.0,0.0,0.0,0.0
2022-07-28,0.0,0.0,0.0,0.0,0.0,0.0,0.0,0.0,0.0,0.0,0.0
2022-07-29,0.0,0.0,0.0,0.0,0.0,0.0,0.0,0.0,0.0,0.0,0.0
2022-07-30,0.0,0.0,0.0,0.0,0.0,0.0,0.0,0.0,0.0,0.0,0.0
2022-07-31,0.0,0.0,0.0,0.0,0.0,0.0,0.0,0.0,0.0,0.0,0.0
2022-08-01,0.0,0.0,0.0,0.0,0.0,0.0,0.0,0.0,0.0,0.0,0.0
2022-08-02,0.0,0.0,0.0,0.0,0.0,0.0,0.0,0.0,0.0,0.0,0.0
2022-08-03,0.0,0.0,0.0,0.0,0.0,0.0,0.0,0.0,0.0,0.0,0.0
2022-08-04,0.0,0.0,0.0,0.0,0.0,0.0,0.0,0.0,0.0,0.0,0.0
2022-08-05,0.0,0.0,0.0,0.0,0.0,0.0,0.0,0.0,0.0,0.0,0.0
2022-08-06,0.0,0.0,0.0,0.0,0.0,0.0,0.0,0.0,0.0,0.0,0.0
2022-08-07,0.0,0.0,0.0,0.0,0.0,0.0,0.0,0.0,0.0,0.0,0.0
2022-08-08,0.0,0.0,0.0,0.0,0.0,0.0,0.0,0.0,0.0,0.0,0.0
2022-08-09,0.0,0.0,0.0,0.0,0.0,0.0,0.0,0.0,0.0,0.0,0.0
2022-08-10,0.0,0.0,0.0,0.0,0.0,0.0,0.0,0.0,0.0,0.0,0.0
2022-08-11,0.0,0.0,0.0,0.0,0.0,0.0,0.0,0.0,0.0,0.0,0.0
2022-08-12,0.0,0.0,0.0,0.0,0.0,0.0,0.0,0.0,0.0,0.0,0.0
2022-08-13,0.0,0.0,0.0,0.0,0.0,0.0,0.0,0.0,0.0,0.0,0.0
2022-08-14,0.0,0.0,0.0,0.0,0.0,0.0,0.0,0.0,0.0,0.0,0.0
2022-08-15,0.0,0.0,0.0,0.0,0.0,0.0,0.0,0.0,0.0,0.0,0.0
2022-08-16,0.0,0.0,0.0,0.0,0.0,0.0,0.0,0.0,0.0,0.0,0.0
2022-08-17,0.0,0.0,0.0,0.0,0.0,0.0,0.0,0.0,0.0,0.0,0.0
2022-08-18,0.0,0.0,0.0,0.0,0.0,0.0,0.0,0.0,0.0,0.0,0.0
2022-08-19,0.0,0.0,0.0,0.0,0.0,0.0,0.0,0.0,0.0,0.0,0.0
2022-08-20,0.0,0.0,0.0,0.0,0.0,0.0,0.0,0.0,0.0,0.0,0.0
2022-08-21,0.0,0.0,0.0,0.0,0.0,0.0,0.0,0.0,0.0,0.0,0.0
2022-08-22,0.0,0.0,0.0,0.0,0.0,0.0,0.0,0.0,0.0,0.0,0.0
2022-08-23,0.0,0.0,0.0,0.0,0.0,0.0,0.0,0.0,0.0,0.0,0.0
2022-08-24,0.0,0.0,0.0,0.0,0.0,0.0,0.0,0.0,0.0,0.0,0.0
2022-08-25,0.0,0.0,0.0,0.0,0.0,0.0,0.0,0.0,0.0,0.0,0.0
2022-08-26,0.0,0.0,0.0,0.0,0.0,0.0,0.0,0.0,0.0,0.0,0.0
2022-08-27,0.0,0.0,0.0,0.0,0.0,0.0,0.0,0.0,0.0,0.0,0.0
2022-08-28,0.0,0.0,0.0,0.0,0.0,0.0,0.0,0.0,0.0,0.0,0.0
2022-08-29,0.0,0.0,0.0,0.0,0.0,0.0,0.0,0.0,0.0,0.0,0.0
2022-08-30,0.0,0.0,0.0,0.0,0.0,0.0,0.0,0.0,0.0,0.0,0.0
2022-08-31,0.0,0.0,0.0,0.0,0.0,0.0,0.0,0.0,0.0,0.0,0.0
2022-09-01,0.0,0.0,0.0,0.0,0.0,0.0,0.0,0.0,0.0,0.0,0.0
2022-09-02,0.0,0.0,0.0,0.0,0.0,0.0,0.0,0.0,0.0,0.0,0.0
2022-09-03,0.0,0.0,0.0,0.0,0.0,0.0,0.0,0.0,0.0,0.0,0.0
2022-09-04,0.0,0.0,0.0,0.0,0.0,0.0,0.0,0.0,0.0,0.0,0.0
2022-09-05,0.0,0.0,0.0,0.0,0.0,0.0,0.0,0.0,0.0,0.0,0.0
2022-09-06,0.0,0.0,0.0,0.0,0.0,0.0,0.0,0.0,0.0,0.0,0.0
2022-09-07,0.0,0.0,0.0,0.0,0.0,0.0,0.0,0.0,0.0,0.0,0.0
2022-09-08,0.0,0.0,0.0,0.0,0.0,0.0,0.0,0.0,0.0,0.0,0.0
2022-09-09,0.0,0.0,0.0,0.0,0.0,0.0,0.0,0.0,0.0,0.0,0.0
2022-09-10,0.0,0.0,0.0,0.0,0.0,0.0,0.0,0.0,0.0,0.0,0.0
2022-09-11,0.0,0.0,0.0,0.0,0.0,0.0,0.0,0.0,0.0,0.0,0.0
2022-09-12,0.0,0.0,0.0,0.0,0.0,0.0,0.0,0.0,0.0,0.0,0.0
2022-09-13,0.0,0.0,0.0,0.0,0.0,0.0,0.0,0.0,0.0,0.0,0.0
2022-09-14,0.0,0.0,0.0,0.0,0.0,0.0,0.0,0.0,0.0,0.0,0.0
2022-09-15,0.0,0.0,0.0,0.0,0.0,0.0,0.0,0.0,0.0,0.0,0.0
2022-09-16,0.0,0.0,0.0,0.0,0.0,0.0,0.0,0.0,0.0,0.0,0.0
2022-09-17,0.0,0.0,0.0,0.0,0.0,0.0,0.0,0.0,0.0,0.0,0.0
2022-09-18,0.0,0.0,0.0,0.0,0.0,0.0,0.0,0.0,0.0,0.0,0.0
2022-09-19,0.0,0.0,0.0,0.0,0.14814815,0.09090909,0.0,0.0,0.0,0.0,0.0
2022-09-20,0.0,0.0,0.0,0.0,0.5925926,0.36363637,0.0,0.0,0.0,0.0,0.0
2022-09-21,0.0,0.0,0.0,0.0,1.5555556,0.95454544,0.0,0.0,0.0,0.0,0.0
2022-09-22,0.0,0.0,0.0,0.0,2.5925925,1.5909091,0.0,0.0,0.0,1.0,0.0
2022-09-23,0.0,0.0,0.0,0.0,0.962963,0.59090906,0.0,0.0,0.0,0.0,0.0
2022-09-24,0.0,0.0,0.0,0.0,0.33333334,0.20454545,0.0,0.0,0.0,0.0,0.0
2022-09-25,0.0,0.0,0.0,0.0,0.0,0.0,0.0,0.0,0.0,0.0,0.0
2022-09-26,0.0,0.0,0.0,0.0,0.0,0.0,0.0,0.0,0.0,0.0,0.0
2022-09-27,0.0,0.0,0.0,0.0,0.0,0.0,0.0,0.0,0.0,0.0,0.0
2022-09-28,0.0,0.0,0.0,0.0,0.0,0.0,0.0,0.0,0.0,0.0,0.0
2022-09-29,0.0,0.0,0.0,0.0,0.0,0.0,0.0,0.0,0.0,0.0,0.0
2022-09-30,0.0,0.0,0.0,0.0,0.0,0.0,0.0,0.0,0.0,0.0,0.0
2022-10-01,0.0,0.0,0.0,0.0,0.0,0.0,0.0,0.0,0.0,0.0,0.0
2022-10-02,0.0,0.0,0.0,0.0,0.0,0.0,0.0,0.0,0.0,0.0,0.0
2022-10-03,0.0,0.0,0.0,0.0,0.0,0.0,0.0,0.0,0.0,0.0,0.0
2022-10-04,0.0,0.0,0.0,0.0,0.0,0.0,0.0,0.0,0.0,0.0,0.0
2022-10-05,0.0,0.0,0.0,0.0,0.0,0.0,0.0,0.0,0.0,0.0,0.0
2022-10-06,0.0,0.0,0.0,0.0,0.0,0.0,0.0,0.0,0.0,0.0,0.0
2022-10-07,0.0,0.0,0.0,0.0,0.0,0.0,0.0,0.0,0.0,0.0,0.0
2022-10-08,0.0,0.0,0.0,0.0,0.0,0.0,0.0,0.0,0.0,0.0,0.0
2022-10-09,0.0,0.0,0.0,0.0,0.0,0.0,0.0,0.0,0.0,0.0,0.0
2022-10-10,0.0,0.0,0.0,0.0,0.0,0.0,0.0,0.0,0.0,0.0,0.0
2022-10-11,0.0,0.0,0.0,0.0,0.0,0.0,0.0,0.0,0.0,0.0,0.0
2022-10-12,0.0,0.0,0.0,0.0,0.0,0.0,0.0,0.0,0.0,0.0,0.0
2022-10-13,0.0,0.0,0.0,0.0,0.0,0.0,0.0,0.0,0.0,0.0,0.0
2022-10-14,0.0,0.0,0.0,0.0,0.0,0.0,0.0,0.0,0.0,0.0,0.0
2022-10-15,0.0,0.0,0.0,0.0,0.0,0.0,0.0,0.0,0.0,0.0,0.0
2022-10-16,0.0,0.0,0.0,0.0,0.0,0.0,0.0,0.0,0.0,0.0,0.0
2022-10-17,0.0,0.0,0.0,0.0,0.0,0.0,0.0,0.0,0.0,0.0,0.0
2022-10-18,0.0,0.0,0.0,0.0,0.0,0.0,0.0,0.0,0.0,0.0,0.0
2022-10-19,0.0,0.0,0.0,0.0,0.0,0.0,0.0,0.0,0.0,0.0,0.0
2022-10-20,0.0,0.0,0.0,0.0,0.0,0.0,0.0,0.0,0.0,0.0,0.0
2022-10-21,0.0,0.0,0.0,0.0,0.0,0.0,0.0,0.0,0.0,0.0,0.0
2022-10-22,0.0,0.0,0.0,0.0,0.0,0.0,0.0,0.0,0.0,0.0,0.0
2022-10-23,0.0,0.0,0.0,0.0,0.25925925,0.52272725,0.0,1.5,0.0,2.6,0.0
2022-10-24,0.0,0.0,0.0,0.0,0.18518518,0.45454547,0.0,1.5,0.0,2.6,0.0
2022-10-25,0.0,0.0,0.0,0.0,0.0,0.0,0.0,0.0,0.0,0.8,0.0
2022-10-26,0.0,0.0,0.0,0.0,0.0,0.0,0.0,0.0,0.0,0.0,0.0
2022-10-27,0.0,0.0,0.0,0.0,0.0,0.0,0.0,0.0,0.0,0.0,0.0
2022-10-28,0.0,0.0,0.0,0.0,0.0,0.0,0.0,0.0,0.0,0.0,0.0
2022-10-29,0.0,0.0,0.0,0.0,0.0,0.0,0.0,0.0,0.0,0.0,0.0
2022-10-30,0.0,0.0,0.0,0.0,0.0,0.0,0.0,0.0,0.0,0.0,0.0
2022-10-31,0.0,0.0,0.0,0.0,0.0,0.0,0.0,0.0,0.0,0.0,0.0
2022-11-01,0.0,0.0,0.0,0.0,0.0,0.0,0.0,0.0,0.0,0.0,0.0
2022-11-02,10.5,4.2363634,6.0,4.5,12.592592,10.909091,11.944445,25.5,25.0,15.0,15.5
2022-11-03,13.0,5.490909,6.3333335,5.0,18.925926,17.454546,20.38889,38.5,39.0,17.2,21.0
2022-11-04,13.0,6.018182,7.6666665,6.0,19.037037,17.568182,21.555555,38.5,39.0,19.4,21.5
2022-11-05,11.666667,4.9454546,8.0,6.0,18.333334,16.25,17.555555,39.0,45.0,21.4,24.5
2022-11-06,7.1666665,0.6545454,3.0,2.25,17.11111,15.159091,13.611111,47.5,47.0,22.8,22.5
2022-11-07,17.333334,0.3090909,1.3333334,1.0,31.0,26.272728,19.11111,63.0,65.0,18.2,26.5
2022-11-08,48.0,6.8545456,8.0,7.0,70.333336,64.63636,36.833332,84.0,90.0,37.4,43.5
2022-11-09,106.333336,37.727272,45.0,48.25,120.96296,108.5,70.833336,117.0,122.0,66.2,75.0
2022-11-10,110.833336,38.727272,47.0,50.75,129.2963,116.97727,71.833336,121.5,125.0,66.4,79.0
2022-11-11,110.833336,39.0,45.333332,49.0,129.14815,116.84091,71.166664,122.5,127.0,68.0,79.5
2022-11-12,110.833336,38.545456,43.0,46.75,129.07408,116.795456,71.77778,123.5,130.0,68.4,80.5
2022-11-13,110.666664,38.745453,42.333332,46.0,129.07408,116.795456,70.05556,128.5,136.0,69.0,82.5
2022-11-14,110.833336,38.30909,41.0,44.75,129.07408,116.77273,68.5,128.0,136.0,69.2,82.5
2022-11-15,110.833336,38.454544,37.333332,41.25,128.92592,116.65909,70.22222,128.0,135.0,68.6,82.5
2022-11-16,110.833336,38.581818,34.333332,38.25,128.92592,116.61364,68.111115,127.0,135.0,68.2,82.5
2022-11-17,110.166664,37.563637,28.0,31.5,129.07408,116.13636,63.0,125.0,132.0,68.2,84.0
2022-11-18,110.0,35.072727,27.0,29.5,128.96297,115.545456,59.666668,123.0,131.0,67.4,84.0
2022-11-19,110.5,34.963634,25.333334,27.25,129.0,115.454544,58.11111,123.5,132.0,67.4,84.0
2022-11-20,110.5,34.563637,25.333334,26.25,129.0,115.13636,56.72222,121.0,129.0,67.4,84.5
2022-11-21,110.333336,32.21818,24.333334,23.75,128.85185,114.545456,54.833332,119.5,126.0,65.4,85.0
2022-11-22,110.333336,28.727272,24.333334,22.0,128.66667,113.86364,51.555557,119.5,126.0,65.6,85.0
2022-11-23,110.5,25.8,23.333334,19.5,128.37038,113.09091,47.666668,119.5,125.0,64.6,85.0
2022-11-24,110.666664,21.236364,23.333334,17.5,127.59259,111.15909,42.5,118.5,124.0,64.0,84.0
2022-11-25,110.833336,17.472727,23.666666,17.75,127.14815,109.22727,36.944443,116.5,122.0,63.2,84.5
2022-11-26,110.333336,14.527273,21.666666,16.25,125.74074,106.61364,33.0,115.0,121.0,61.6,84.0
2022-11-27,110.166664,12.963636,19.0,14.25,125.37037,105.65909,33.38889,114.5,121.0,61.2,83.5
2022-11-28,109.666664,12.327272,17.0,12.75,124.48148,104.25,28.166666,114.0,121.0,60.4,83.5
2022-11-29,109.5,11.781818,17.333334,13.0,124.59259,104.34091,31.333334,114.0,121.0,60.8,83.5
2022-11-30,109.5,11.872727,17.333334,13.0,124.48148,104.27273,31.333334,112.0,119.0,60.8,83.5
2022-12-01,109.333336,11.763637,17.0,12.75,124.48148,104.27273,31.166666,120.5,119.0,61.2,83.0
2022-12-02,152.83333,34.963634,54.666668,50.75,171.81482,152.84091,66.27778,173.0,168.0,92.0,113.5
2022-12-03,153.83333,38.745453,55.666668,52.75,173.96297,154.86363,67.22222,166.0,173.0,92.6,116.0
2022-12-04,193.16667,47.727272,60.0,56.0,220.22223,200.09091,99.666664,193.0,203.0,110.4,137.5
2022-12-05,213.83333,56.6,58.333332,54.0,244.44444,223.97728,114.888885,214.0,230.0,133.8,156.0
2022-12-06,217.0,57.872726,56.666668,53.0,248.2963,228.31818,137.61111,238.5,252.0,137.8,171.0
2022-12-07,218.0,57.81818,51.0,48.0,248.22223,228.18182,138.27777,239.0,252.0,136.6,171.0
2022-12-08,217.66667,57.78182,57.333332,53.5,248.2963,228.27272,138.05556,238.0,252.0,137.2,171.0
2022-12-09,218.16667,58.072727,63.666668,59.0,248.33333,228.38637,152.11111,248.0,262.0,145.6,175.0
2022-12-10,217.5,58.072727,66.0,61.0,248.40741,228.56818,165.83333,257.0,272.0,147.0,178.5
2022-12-11,279.16666,83.8,71.0,69.5,322.07407,304.5,220.33333,343.5,369.0,218.6,245.0
2022-12-12,307.16666,99.90909,92.666664,91.75,347.4074,330.88635,225.44444,391.0,419.0,246.4,269.0
2022-12-13,308.83334,101.0,99.0,97.5,347.4074,330.86365,222.66667,391.5,419.0,246.0,269.0
2022-12-14,308.16666,100.96364,100.666664,99.0,347.4074,330.86365,224.16667,391.5,419.0,245.6,269.0
2022-12-15,306.5,101.23637,99.333336,98.0,347.4074,330.8409,224.55556,390.0,418.0,245.6,269.0
2022-12-16,306.5,101.01818,96.666664,95.25,347.48148,330.95456,224.0,389.5,418.0,244.4,269.0
2022-12-17,306.66666,100.76363,93.666664,92.25,347.4074,330.88635,224.88889,390.5,418.0,243.8,269.0
2022-12-18,306.83334,100.0,91.333336,90.0,347.44446,330.93182,227.33333,391.5,419.0,243.8,269.0
2022-12-19,311.5,99.10909,91.0,89.5,347.51852,331.04544,224.44444,391.5,419.0,243.8,269.0
2022-12-20,306.5,98.41818,87.333336,86.0,347.48148,331.0,241.94444,393.0,423.0,243.8,269.0
2022-12-21,306.16666,97.509094,85.0,83.75,347.48148,330.95456,225.05556,393.5,422.0,245.6,269.5
2022-12-22,306.0,96.490906,81.0,79.75,347.44446,330.9091,221.61111,391.5,421.0,245.2,269.5
2022-12-23,306.0,95.6,73.333336,72.0,347.33334,330.79544,220.22223,393.5,425.0,245.4,270.0
2022-12-24,305.16666,93.87273,68.666664,66.75,347.25925,330.72726,214.83333,393.5,429.0,245.2,270.0
2022-12-25,310.16666,89.89091,64.666664,60.5,347.0,330.31818,212.27777,391.0,428.0,243.0,270.0
2022-12-26,304.0,83.23637,61.333332,53.0,346.4074,329.47726,208.0,390.0,426.0,239.4,270.0
2022-12-27,311.0,78.545456,61.333332,49.25,354.62964,335.06818,230.66667,413.5,449.0,244.8,282.5
2022-12-28,377.66666,106.65455,82.0,64.0,398.85184,375.9091,209.22223,453.0,488.0,293.6,330.5
2022-12-29,385.0,107.181816,83.666664,65.25,399.14816,376.56818,232.38889,444.0,485.0,297.4,330.5
2022-12-30,397.5,111.6,90.333336,72.25,408.0,383.61365,231.66667,495.0,499.0,307.8,338.0
2022-12-31,437.5,110.454544,88.666664,69.25,458.8889,422.81818,221.11111,589.5,575.0,353.4,396.0
2023-01-01,530.1667,155.32727,101.333336,90.25,582.2222,546.2727,209.61111,623.0,646.0,442.6,471.5
2023-01-02,532.3333,160.03636,114.666664,104.0,586.5185,551.0227,210.22223,622.0,646.0,440.6,471.5
2023-01-03,543.8333,170.25455,125.0,114.0,598.2593,562.4545,229.61111,637.5,651.0,447.4,473.0
2023-01-04,543.8333,170.6909,124.333336,113.25,598.4815,562.5909,214.88889,639.0,654.0,449.6,475.5
2023-01-05,559.8333,176.83636,125.333336,114.75,619.5185,579.6591,231.11111,644.5,663.0,462.4,488.5
2023-01-06,608.6667,210.8,173.66667,162.75,670.7037,632.11365,278.22223,684.0,709.0,511.2,513.0
2023-01-07,608.6667,210.6,173.33333,162.5,670.5185,631.8182,263.33334,680.0,704.0,509.8,513.0
2023-01-08,613.3333,211.85454,171.33333,160.5,678.0741,640.13635,285.66666,684.0,703.0,512.8,517.5
2023-01-09,640.6667,222.45454,176.0,166.0,708.96295,672.0,288.94446,709.0,732.0,528.6,542.5
2023-01-10,759.0,298.03638,184.33333,168.0,824.5185,767.7273,327.16666,772.0,805.0,572.2,578.0
2023-01-11,816.1667,324.4,212.66667,197.75,876.5185,811.7955,334.44446,836.0,878.0,629.0,617.0
2023-01-12,823.3333,327.41818,213.33333,198.5,886.5185,824.13635,337.5,862.0,907.0,638.4,631.5
2023-01-13,824.6667,326.65454,208.33333,193.25,886.4074,823.75,332.55554,862.0,909.0,640.0,633.0
2023-01-14,831.1667,326.96362,206.66667,191.25,892.37036,829.25,341.5,874.5,922.0,644.8,645.5
2023-01-15,894.3333,372.12726,268.66666,251.25,959.4815,898.0455,370.77777,939.0,987.0,704.6,681.5
2023-01-16,913.1667,380.07272,289.33334,270.75,985.3333,925.88635,383.8889,965.0,1006.0,714.6,688.5
2023-01-17,948.0,395.76364,314.0,294.75,1018.14813,956.75,418.0,998.0,1038.0,747.2,703.5
2023-01-18,947.5,395.72726,316.66666,297.25,1018.0741,956.6818,419.27777,1000.5,1039.0,741.4,703.5
2023-01-19,946.6667,396.43637,318.66666,299.0,1021.96295,960.9773,401.72223,1018.5,1055.0,756.6,713.0
2023-01-20,948.6667,398.0,323.66666,303.75,1024.3334,963.4545,400.44446,1026.0,1063.0,754.2,713.0
2023-01-21,949.0,397.96362,324.0,304.0,1024.1852,963.2727,398.77777,1023.5,1062.0,754.4,712.0
2023-01-22,947.5,398.03638,322.0,302.0,1024.7037,963.8182,402.55554,1023.5,1062.0,754.2,714.0
2023-01-23,948.0,398.16364,324.33334,304.0,1024.2593,963.36365,397.6111,1025.0,1062.0,753.6,714.5
2023-01-24,940.3333,398.3818,324.33334,304.25,1016.6667,956.7727,398.22223,1022.0,1062.0,759.4,712.5
2023-01-25,939.8333,397.9818,321.66666,301.5,1017.14813,957.0682,429.22223,1021.0,1062.0,758.8,712.5
2023-01-26,942.1667,398.72726,319.33334,299.0,1016.2963,955.86365,390.44446,1021.0,1062.0,758.2,715.0
2023-01-27,943.8333,397.74545,314.0,293.5,1014.2963,954.0,422.83334,1017.0,1061.0,758.2,715.0
2023-01-28,944.1667,397.29092,307.33334,286.5,1014.2593,953.63635,386.55554,1017.5,1061.0,751.4,715.0
2023-01-29,944.6667,396.81818,306.0,285.25,1013.85187,953.3182,385.77777,1017.5,1061.0,751.4,715.0
2023-01-30,946.6667,398.47272,306.0,285.25,1017.5926,957.5,387.8889,1024.5,1065.0,753.4,720.5
2023-01-31,946.3333,385.58182,307.0,286.5,1017.5926,957.5909,422.44446,1026.0,1065.0,754.8,720.5
2023-02-01,950.0,386.45456,305.33334,285.0,1017.0741,957.1818,418.6111,1021.0,1064.0,755.0,720.5
2023-02-02,949.6667,386.87274,302.33334,282.0,1022.55554,961.9091,414.16666,1024.5,1065.0,754.4,722.0
2023-02-03,949.3333,386.34546,295.0,274.5,1018.4815,958.0227,414.33334,1020.5,1065.0,760.6,723.5
2023-02-04,951.1667,384.8,290.0,269.25,1018.7037,958.3182,420.33334,1022.5,1066.0,755.4,725.0
2023-02-05,977.8333,384.74545,287.33334,266.25,1049.0741,989.13635,424.16666,1049.5,1098.0,784.2,743.5
2023-02-06,992.6667,387.14545,289.0,268.0,1059.6666,1001.0682,431.6111,1091.5,1145.0,804.6,765.5
2023-02-07,991.5,387.4909,292.33334,270.75,1060.037,1001.2273,432.77777,1087.0,1145.0,809.0,766.5
2023-02-08,991.1667,386.43637,291.66666,269.75,1059.5555,1000.5455,426.83334,1087.5,1145.0,808.6,768.0
2023-02-09,991.1667,384.65454,286.33334,264.0,1060.1852,1000.4773,421.1111,1093.0,1145.0,799.2,768.0
2023-02-10,990.5,381.67273,278.33334,255.25,1061.6296,1000.7273,412.77777,1094.5,1144.0,798.0,767.5
2023-02-11,991.0,380.41818,272.0,249.0,1062.2222,1001.3409,413.22223,1098.0,1151.0,799.0,768.0
2023-02-12,990.1667,379.07272,273.33334,250.25,1063.8518,1002.9545,412.44446,1101.0,1152.0,798.8,769.5
2023-02-13,1013.5,379.4,273.33334,250.0,1073.4814,1011.6818,403.44446,1103.5,1153.0,798.6,769.5
2023-02-14,1013.5,377.05453,272.66666,249.0,1073.4445,1011.61365,400.1111,1104.5,1152.0,797.6,769.5
2023-02-15,988.8333,377.0182,274.0,250.5,1065.1852,1003.7955,401.44446,1108.0,1154.0,799.4,770.5
2023-02-16,988.6667,379.07272,271.33334,248.0,1065.2593,1003.86365,398.83334,1105.0,1154.0,799.0,770.5
2023-02-17,988.8333,379.70908,272.0,248.75,1065.1852,1003.7955,396.77777,1103.0,1156.0,807.8,770.5
2023-02-18,989.8333,382.70908,270.66666,247.5,1064.7778,1003.4318,398.33334,1104.5,1156.0,807.0,770.5
2023-02-19,989.8333,382.30908,266.33334,243.5,1065.0741,1003.5682,399.6111,1112.0,1159.0,798.0,770.5
2023-02-20,990.3333,380.78183,260.0,237.0,1064.1852,1002.25,390.6111,1115.0,1161.0,798.2,770.5
2023-02-21,990.3333,376.43637,248.0,225.0,1065.1111,1002.3409,378.33334,1121.0,1168.0,797.6,770.5
2023-02-22,992.6667,376.07272,247.33333,224.75,1069.3334,1007.4091,379.72223,1121.0,1171.0,809.8,773.0
2023-02-23,992.3333,379.6182,254.33333,231.0,1078.5555,1016.4091,344.77777,1140.0,1193.0,816.0,780.0
2023-02-24,999.0,382.07272,264.66666,240.75,1092.7407,1031.341,395.8889,1160.0,1223.0,844.2,797.5
2023-02-25,1101.6666,436.76364,374.0,355.5,1179.3704,1116.5682,433.55554,1190.0,1252.0,858.8,824.0
2023-02-26,1115.8334,451.14545,405.0,386.75,1196.0741,1132.1136,437.33334,1203.5,1262.0,869.0,828.0
2023-02-27,1130.8334,454.9091,412.66666,394.25,1214.3704,1151.0682,454.33334,1230.5,1289.0,884.4,838.0
2023-02-28,1160.5,465.0182,439.66666,420.5,1245.8148,1185.6364,478.83334,1273.0,1334.0,916.4,862.0
2023-03-01,1161.5,490.8,481.66666,462.75,1290.3334,1231.8864,499.5,1332.0,1402.0,959.2,901.5
2023-03-02,1160.0,493.16364,493.66666,473.75,1292.6296,1230.5227,499.77777,1341.5,1407.0,955.6,906.0
2023-03-03,1162.0,490.96362,494.0,473.5,1291.7407,1229.8182,502.6111,1347.0,1415.0,957.8,907.0
2023-03-04,1164.0,491.83636,485.33334,465.25,1290.8148,1228.6364,504.0,1353.0,1422.0,959.0,907.0
2023-03-05,1186.6666,495.12726,494.66666,474.5,1310.6296,1250.4773,529.6111,1370.0,1445.0,972.4,923.5
2023-03-06,1206.3334,504.92728,517.6667,497.75,1334.037,1275.9546,534.05554,1406.5,1487.0,994.0,948.0
2023-03-07,1204.0,506.27274,521.0,500.75,1336.3704,1281.8182,548.55554,1429.0,1510.0,1001.2,957.0
2023-03-08,1202.6666,507.45456,523.3333,503.25,1336.1482,1278.2954,561.6111,1447.5,1532.0,1004.0,963.0
2023-03-09,1202.6666,508.25455,523.0,502.5,1222.037,1178.25,566.6667,1461.0,1551.0,1011.4,968.5
2023-03-10,1277.3334,533.5091,516.3333,494.5,1411.8518,1356.9546,613.6111,1499.5,1596.0,1049.0,1003.0
2023-03-11,1380.8334,555.2182,509.0,481.25,1523.9259,1466.6364,615.1667,1544.5,1646.0,1072.6,1027.5
2023-03-12,1402.1666,554.9818,514.0,484.0,1541.0741,1481.2046,637.2222,1585.5,1697.0,1117.8,1055.5
2023-03-13,1417.3334,547.16364,528.0,496.0,1558.7778,1497.9773,627.94446,1608.5,1728.0,1143.0,1074.5
2023-03-14,1419.1666,538.1818,528.0,495.5,1563.7037,1503.591,628.8333,1663.0,1800.0,1150.2,1091.0
2023-03-15,1483.6666,546.6,549.0,508.75,1628.963,1560.75,627.7222,1708.0,1848.0,1160.2,1122.0
2023-03-16,1485.0,542.9636,543.6667,505.5,1630.5927,1562.7727,626.3333,1709.0,1856.0,1153.0,1121.5
2023-03-17,1486.1666,535.8182,542.6667,504.0,1630.3704,1562.4318,625.7778,1716.0,1857.0,1150.2,1120.0
2023-03-18,1486.5,534.58185,541.3333,502.75,1623.8148,1556.6818,617.5,1721.5,1864.0,1166.0,1120.5
2023-03-19,1486.5,533.2,532.3333,494.25,1625.1111,1557.9318,614.8889,1727.5,1866.0,1152.0,1120.5
2023-03-20,1516.8334,541.05457,542.6667,503.75,1656.5927,1584.3182,613.2778,1748.0,1896.0,1180.6,1132.0
2023-03-21,1520.0,542.7091,540.6667,502.25,1657.5186,1585.25,613.0,1750.5,1899.0,1165.4,1133.5
2023-03-22,1546.0,562.63635,553.6667,513.75,1678.1482,1603.2273,610.94446,1748.0,1902.0,1172.4,1130.5
2023-03-23,1547.8334,566.3091,544.6667,505.0,1530.8889,1472.659,612.8889,1756.0,1905.0,1170.6,1132.5
2023-03-24,1554.5,568.61816,554.0,514.25,1690.5186,1615.409,614.1667,1769.0,1916.0,1192.6,1144.0
2023-03-25,1554.3334,569.2545,557.0,517.25,1528.5927,1472.159,613.7222,1773.5,1925.0,1193.0,1144.0
2023-03-26,1549.6666,569.2,558.6667,518.75,1693.8148,1618.75,615.05554,1775.0,1925.0,1192.8,1144.5
2023-03-27,1554.5,568.7636,559.3333,519.5,1687.4073,1612.9318,611.6111,1772.5,1924.0,1191.0,1147.0
2023-03-28,1557.5,568.92725,560.0,520.0,1526.4445,1470.7954,609.3889,1758.0,1922.0,1197.2,1146.5
2023-03-29,1614.1666,576.16364,570.3333,528.75,1575.4445,1519.0454,635.7778,1827.0,1962.0,1203.2,1173.5
2023-03-30,1631.3334,581.1091,572.6667,529.0,1599.4073,1543.3636,636.8889,1833.0,1965.0,1206.0,1181.0
2023-03-31,1632.5,581.87274,571.0,527.75,1587.4445,1535.0,637.44446,1834.5,1966.0,1221.2,1181.5
2023-04-01,1624.3334,585.5091,574.3333,531.25,1753.1852,1681.409,643.2778,1830.5,1965.0,1220.8,1177.0
2023-04-02,1664.3334,584.38184,568.6667,525.5,1786.6296,1707.7727,640.1111,1837.5,1967.0,1204.4,1182.5
2023-04-03,1629.6666,583.5455,573.0,530.5,1755.6296,1683.75,643.6111,1841.5,1971.0,1205.4,1182.5
2023-04-04,1633.0,583.8,575.3333,534.0,1750.5927,1679.0454,642.1111,1844.5,1974.0,1210.2,1185.0
2023-04-05,1634.0,584.0182,572.0,530.75,1751.6666,1679.8864,645.2222,1834.0,1964.0,1210.0,1180.0
2023-04-06,1635.5,584.43634,574.6667,533.25,1752.4445,1680.1364,644.1667,1844.0,1973.0,1208.8,1181.5
2023-04-07,1633.0,582.92725,568.3333,527.5,1745.2963,1667.25,637.8333,1844.0,1978.0,1225.2,1186.5
2023-04-08,1634.8334,579.83636,558.0,517.5,1740.2593,1658.4318,637.3889,1861.0,1993.0,1210.4,1187.0
2023-04-09,1635.3334,573.92725,543.3333,503.5,1741.963,1657.341,628.5,1848.0,1980.0,1209.2,1186.0
2023-04-10,1636.8334,560.7273,513.0,472.0,1747.2593,1657.341,601.1667,1850.0,1976.0,1203.6,1188.0
2023-04-11,1633.8334,543.8182,472.0,430.25,1754.963,1661.5,576.1111,1839.5,1976.0,1201.6,1195.5
2023-04-12,1634.6666,531.2,445.0,403.25,1750.2963,1656.5227,560.1667,1849.5,1977.0,1197.2,1198.5
2023-04-13,1632.6666,524.4909,438.66666,396.75,1740.3334,1649.5682,555.8333,1854.5,1982.0,1195.8,1198.5
2023-04-14,1630.3334,521.65454,435.0,393.75,1717.8518,1631.909,552.1667,1856.0,1980.0,1194.4,1193.5
2023-04-15,1635.8334,518.6,432.66666,391.0,1689.5555,1613.6136,543.94446,1856.0,1980.0,1190.6,1194.0
2023-04-16,1638.3334,511.0,427.33334,379.75,1663.3704,1588.9318,528.2222,1854.0,1974.0,1188.2,1194.5
2023-04-17,1637.6666,502.52728,423.66666,370.75,1650.963,1580.2954,515.55554,1851.0,1969.0,1186.6,1196.0
2023-04-18,1636.8334,495.65454,419.66666,366.0,1638.963,1574.659,515.2778,1854.5,1967.0,1186.0,1199.0
2023-04-19,1635.5,492.25455,416.33334,363.0,1607.4445,1542.091,515.8889,1855.0,1965.0,1194.2,1204.5
2023-04-20,1635.5,487.18182,411.33334,358.5,1573.3334,1503.909,514.1667,1855.0,1971.0,1207.4,1205.0
2023-04-21,1637.1666,479.69092,407.0,352.25,1528.2222,1460.25,504.77777,1858.0,1973.0,1188.8,1204.0
2023-04-22,1640.0,465.32727,397.33334,335.75,1506.4073,1436.659,478.05554,1847.5,1959.0,1199.0,1208.5
2023-04-23,1642.1666,450.0,390.33334,322.0,1491.2963,1416.2046,445.83334,1837.5,1940.0,1179.8,1207.0
2023-04-24,1640.0,436.85455,373.33334,301.75,1484.0,1403.6364,420.8889,1826.5,1925.0,1193.8,1204.5
2023-04-25,1639.3334,423.6182,358.33334,283.0,1473.3704,1386.2273,395.72223,1818.0,1910.0,1180.8,1206.0
2023-04-26,1640.1666,406.78183,343.33334,264.0,1459.9259,1365.0682,367.1111,1815.0,1889.0,1137.4,1204.5
2023-04-27,1666.3334,387.8,317.66666,238.25,1562.6666,1430.2954,331.22223,1802.0,1865.0,1103.0,1204.0
2023-04-28,1637.8334,370.18182,295.66666,221.75,1443.8889,1328.9546,289.83334,1776.0,1835.0,1077.8,1202.5
2023-04-29,1638.1666,350.74545,269.33334,202.0,1431.9259,1305.5227,241.77777,1754.0,1797.0,1020.0,1196.5
2023-04-30,1636.5,333.14545,246.66667,185.0,1413.4073,1278.0454,196.55556,1714.5,1747.0,982.6,1182.5
2023-05-01,1657.3334,314.30908,217.66667,163.25,1521.4073,1348.091,171.5,1816.5,1692.0,962.0,1161.0
2023-05-02,1660.0,304.12726,203.0,152.25,1508.5927,1331.7727,165.11111,1810.0,1683.0,937.6,1152.0
2023-05-03,1670.3334,295.05453,196.33333,147.25,1500.3704,1320.4546,161.33333,1819.5,1696.0,943.4,1161.5
2023-05-04,1672.3334,284.72726,188.66667,141.5,1488.037,1305.2273,150.55556,1827.5,1699.0,946.2,1157.0
2023-05-05,1673.5,276.41818,185.66667,140.5,1466.4445,1279.3864,143.88889,1839.0,1708.0,950.6,1154.5
2023-05-06,1676.6666,270.2,184.66667,140.25,1455.0,1265.0,141.72223,1853.5,1719.0,952.2,1151.5
2023-05-07,1681.1666,263.65454,184.0,139.5,1435.2593,1241.0,138.83333,1880.5,1737.0,957.2,1156.0
2023-05-08,1680.0,255.03636,183.0,137.5,1415.1111,1215.7727,136.0,1892.0,1747.0,957.0,1155.0
2023-05-09,1676.8334,246.03636,182.33333,136.75,1401.7037,1198.2046,136.33333,1902.5,1759.0,951.4,1153.0
2023-05-10,1672.3334,237.38182,180.66667,135.5,1399.0741,1193.341,129.72223,1899.0,1751.0,942.0,1145.0
2023-05-11,1670.0,228.67273,178.66667,134.0,1400.2593,1193.0454,122.27778,1888.5,1739.0,917.2,1134.5
2023-05-12,1662.6666,221.10909,174.0,130.5,1396.1482,1186.5454,108.22222,1865.5,1712.0,884.0,1117.5
2023-05-13,1651.3334,210.4909,165.0,123.75,1384.1482,1170.909,87.5,1814.0,1659.0,848.4,1095.0
2023-05-14,1635.1666,198.05455,155.66667,116.75,1386.3704,1163.5682,68.55556,1752.5,1596.0,813.6,1067.0
2023-05-15,1622.5,187.8,147.66667,110.75,1376.963,1149.591,55.11111,1687.0,1520.0,772.2,1038.5
2023-05-16,1607.1666,176.5091,138.0,103.5,1364.9259,1132.9318,43.055557,1647.0,1471.0,733.2,1011.5
2023-05-17,1578.6666,165.47273,126.666664,95.0,1348.2222,1111.0,31.777779,1598.5,1423.0,679.4,982.0
2023-05-18,1541.0,154.01819,124.0,93.0,1331.037,1088.9773,27.666666,1501.5,1368.0,633.0,956.5
2023-05-19,1510.1666,142.34546,111.0,83.25,1307.8148,1062.2273,22.166666,1454.5,1328.0,584.8,902.0
2023-05-20,1471.3334,130.34546,98.333336,73.75,1279.6296,1029.659,17.61111,1393.0,1282.0,565.6,834.0
2023-05-21,1434.5,118.836365,87.666664,65.75,1248.1852,996.11365,12.555555,1334.0,1227.0,514.4,766.5
2023-05-22,1401.3334,108.63636,78.0,58.5,1222.1852,969.88635,7.611111,1249.5,1157.0,474.8,709.0
2023-05-23,1361.5,104.27273,73.666664,55.25,1199.5927,947.13635,2.9444444,1187.5,1095.0,444.2,664.5
2023-05-24,1332.5,95.69091,64.666664,48.5,1163.8148,917.2045,0.0,1204.0,1053.0,418.4,621.5
2023-05-25,1314.3334,90.63636,57.666668,43.25,1147.2222,902.0909,0.0,1174.0,1024.0,398.4,582.5
2023-05-26,1296.1666,86.854546,52.333332,39.25,1139.8518,894.0682,0.0,1143.5,994.0,378.2,547.0
2023-05-27,1277.0,82.8,47.666668,35.75,1262.9259,975.7727,0.0,1112.5,958.0,361.2,507.5
2023-05-28,1251.5,77.03636,40.666668,30.5,1248.5186,961.5,0.0,1055.0,913.0,339.6,439.5
2023-05-29,1169.5,71.25455,34.0,25.5,1225.3704,941.75,0.0,1017.5,872.0,323.2,378.0
2023-05-30,892.0,66.30909,27.666666,20.75,1157.5927,891.4318,0.0,971.0,823.0,303.2,340.5
2023-05-31,863.8333,62.872726,23.0,17.25,1138.7037,875.4545,0.0,917.0,764.0,283.2,303.5
2023-06-01,832.5,58.49091,19.333334,14.5,1090.4445,838.4545,0.0,867.0,709.0,270.4,261.5
2023-06-02,816.1667,53.927273,11.0,8.25,1078.5186,826.7273,0.0,822.0,658.0,259.2,227.5
2023-06-03,795.3333,56.69091,0.6666667,0.5,1064.5186,812.86365,0.0,771.0,603.0,249.8,187.5
2023-06-04,770.5,51.01818,0.0,0.0,1032.3334,784.7273,0.0,725.5,562.0,232.0,137.0
2023-06-05,743.8333,44.854546,0.0,0.0,994.5926,752.5682,0.0,646.5,535.0,214.0,98.5
2023-06-06,724.5,40.6,0.0,0.0,975.8148,735.5455,0.0,595.5,501.0,197.2,64.0
2023-06-07,711.5,38.2,0.0,0.0,966.7037,727.1818,0.0,560.5,468.0,185.8,35.0
2023-06-08,703.6667,37.563637,0.0,0.0,958.4074,719.75,0.0,526.5,436.0,172.2,8.0
2023-06-09,696.0,35.927273,0.0,0.0,947.03705,710.5227,0.0,499.5,410.0,159.6,0.0
2023-06-10,686.3333,33.29091,0.0,0.0,935.7037,701.1818,0.0,468.0,379.0,147.2,0.0
2023-06-11,680.3333,30.50909,0.0,0.0,926.44446,693.6818,0.0,440.5,353.0,137.4,0.0
2023-06-12,675.5,29.381819,0.0,0.0,923.1111,690.5,0.0,419.5,335.0,125.6,0.0
2023-06-13,669.6667,28.381819,0.0,0.0,913.7778,682.7955,0.0,403.0,321.0,116.2,0.0
2023-06-14,658.3333,37.636364,0.0,0.0,898.2963,670.38635,0.0,379.5,302.0,102.8,0.0
2023-06-15,641.0,33.50909,0.0,0.0,879.2963,655.0227,0.0,353.0,281.0,87.4,0.0
2023-06-16,625.1667,28.781818,0.0,0.0,860.5926,639.8182,0.0,326.5,260.0,72.6,0.0
2023-06-17,609.6667,24.545454,0.0,0.0,839.2222,622.88635,0.0,295.0,238.0,55.6,0.0
2023-06-18,592.1667,20.636364,0.0,0.0,808.5185,598.61365,0.0,264.0,215.0,41.6,0.0
2023-06-19,580.5,17.4,0.0,0.0,775.85187,572.88635,0.0,270.0,226.0,50.0,0.0
2023-06-20,579.5,16.127274,0.0,0.0,772.8889,570.5455,0.0,265.5,222.0,48.2,0.0
2023-06-21,577.1667,15.072727,0.0,0.0,770.62964,568.5227,0.0,259.5,217.0,46.0,0.0
2023-06-22,569.6667,13.545455,0.0,0.0,763.7407,562.86365,0.0,242.5,203.0,38.4,0.0
2023-06-23,561.6667,12.636364,0.0,0.0,866.03705,660.3409,0.0,224.5,187.0,32.6,0.0
2023-06-24,554.5,11.727273,0.0,0.0,857.6667,653.3182,0.0,205.5,169.0,32.0,0.0
2023-06-25,540.6667,10.236363,0.0,0.0,843.2963,641.3409,0.0,179.0,148.0,26.6,0.0
2023-06-26,527.1667,8.945455,0.0,0.0,826.5185,627.8182,0.0,156.5,128.0,21.4,0.0
2023-06-27,514.5,7.672727,0.0,0.0,814.37036,617.5682,0.0,132.0,107.0,16.4,0.0
2023-06-28,504.16666,6.2727275,0.0,0.0,798.9259,604.4318,0.0,116.0,84.0,11.2,0.0
2023-06-29,491.33334,4.8,0.0,0.0,777.0741,586.3409,0.0,99.0,58.0,4.4,0.0
2023-06-30,512.6667,3.4727273,0.0,0.0,741.62964,557.75,0.0,104.5,42.0,0.0,0.0
2023-07-01,488.0,1.8545455,0.0,0.0,697.0741,521.0909,0.0,62.5,0.0,0.0,0.0
2023-07-02,457.83334,0.43636364,0.0,0.0,642.62964,476.72726,0.0,16.0,0.0,0.0,0.0
2023-07-03,425.5,0.0,0.0,0.0,585.0741,429.9091,0.0,0.0,0.0,0.0,0.0
2023-07-04,399.16666,0.0,0.0,0.0,539.37036,392.38635,0.0,0.0,0.0,0.0,0.0
2023-07-05,372.33334,0.0,0.0,0.0,499.7037,360.18182,0.0,0.0,0.0,0.0,0.0
2023-07-06,344.33334,0.0,0.0,0.0,462.62964,330.45456,0.0,0.0,0.0,0.0,0.0
2023-07-07,320.5,0.0,0.0,0.0,433.81482,306.54544,0.0,0.0,0.0,0.0,0.0
2023-07-08,297.16666,0.0,0.0,0.0,406.55554,283.25,0.0,0.0,0.0,0.0,0.0
2023-07-09,272.16666,0.0,0.0,0.0,379.33334,261.63635,0.0,0.0,0.0,0.0,0.0
2023-07-10,248.5,0.0,0.0,0.0,353.92593,241.36363,0.0,0.0,0.0,0.0,0.0
2023-07-11,222.16667,0.0,0.0,0.0,323.18518,217.13637,0.0,0.0,0.0,0.0,0.0
2023-07-12,198.33333,0.0,0.0,0.0,293.44446,193.77272,0.0,0.0,0.0,0.0,0.0
2023-07-13,174.5,0.0,0.0,0.0,266.48148,173.45454,0.0,0.0,0.0,0.0,0.0
2023-07-14,145.33333,0.0,0.0,0.0,233.74074,149.06818,0.0,0.0,0.0,0.0,0.0
2023-07-15,120.833336,0.0,0.0,0.0,193.51852,121.204544,0.0,0.0,0.0,0.0,0.0
2023-07-16,90.833336,0.0,0.0,0.0,154.11111,94.65909,0.0,0.0,0.0,0.0,0.0
2023-07-17,64.666664,0.0,0.0,0.0,122.37037,75.09091,0.0,0.0,0.0,0.0,0.0
2023-07-18,35.5,0.0,0.0,0.0,99.59259,61.113636,0.0,0.0,0.0,0.0,0.0
2023-07-19,9.666667,0.0,0.0,0.0,82.62963,50.704544,0.0,0.0,0.0,0.0,0.0
2023-07-20,0.0,0.0,0.0,0.0,69.703705,42.772728,0.0,0.0,0.0,0.0,0.0
2023-07-21,0.0,0.0,0.0,0.0,57.0,34.977272,0.0,0.0,0.0,0.0,0.0
2023-07-22,0.0,0.0,0.0,0.0,43.74074,26.84091,0.0,0.0,0.0,0.0,0.0
2023-07-23,0.0,0.0,0.0,0.0,31.333334,19.227272,0.0,0.0,0.0,0.0,0.0
2023-07-24,0.0,0.0,0.0,0.0,24.62963,15.113636,0.0,0.0,0.0,0.0,0.0
2023-07-25,0.0,0.0,0.0,0.0,20.74074,12.727273,0.0,0.0,0.0,0.0,0.0
2023-07-26,0.0,0.0,0.0,0.0,17.0,10.431818,0.0,0.0,0.0,0.0,0.0
2023-07-27,0.0,0.0,0.0,0.0,13.592592,8.340909,0.0,0.0,0.0,0.0,0.0
2023-07-28,0.0,0.0,0.0,0.0,12.148149,7.4545455,0.0,0.0,0.0,0.0,0.0
2023-07-29,0.0,0.0,0.0,0.0,10.592592,6.5,0.0,0.0,0.0,0.0,0.0
2023-07-30,0.0,0.0,0.0,0.0,9.222222,5.659091,0.0,0.0,0.0,0.0,0.0
2023-07-31,0.0,0.0,0.0,0.0,7.814815,4.7954545,0.0,0.0,0.0,0.0,0.0
2023-08-01,0.0,0.0,0.0,0.0,6.4074073,3.9318182,0.0,0.0,0.0,0.0,0.0
2023-08-02,0.0,0.0,0.0,0.0,5.111111,3.1363637,0.0,0.0,0.0,0.0,0.0
2023-08-03,0.0,0.0,0.0,0.0,3.9629629,2.4318182,0.0,0.0,0.0,0.0,0.0
2023-08-04,0.0,0.0,0.0,0.0,3.0,1.8409091,0.0,0.0,0.0,0.0,0.0
2023-08-05,0.0,0.0,0.0,0.0,1.8888888,1.1590909,0.0,0.0,0.0,0.0,0.0
2023-08-06,0.0,0.0,0.0,0.0,0.8148148,0.5,0.0,0.0,0.0,0.0,0.0
2023-08-07,0.0,0.0,0.0,0.0,0.0,0.0,0.0,0.0,0.0,0.0,0.0
2023-08-08,0.0,0.0,0.0,0.0,0.0,0.0,0.0,0.0,0.0,0.0,0.0
2023-08-09,0.0,0.0,0.0,0.0,0.0,0.0,0.0,0.0,0.0,0.0,0.0
2023-08-10,0.0,0.0,0.0,0.0,0.0,0.0,0.0,0.0,0.0,0.0,0.0
2023-08-11,0.0,0.0,0.0,0.0,0.0,0.0,0.0,0.0,0.0,0.0,0.0
2023-08-12,0.0,0.0,0.0,0.0,0.0,0.0,0.0,0.0,0.0,0.0,0.0
2023-08-13,0.0,0.0,0.0,0.0,0.0,0.0,0.0,0.0,0.0,0.0,0.0
2023-08-14,0.0,0.0,0.0,0.0,0.0,0.0,0.0,0.0,0.0,0.0,0.0
2023-08-15,0.0,0.0,0.0,0.0,0.0,0.0,0.0,0.0,0.0,0.0,0.0
2023-08-16,0.0,0.0,0.0,0.0,0.0,0.0,0.0,0.0,0.0,0.0,0.0
2023-08-17,0.0,0.0,0.0,0.0,0.0,0.0,0.0,0.0,0.0,0.0,0.0
2023-08-18,0.0,0.0,0.0,0.0,0.0,0.0,0.0,0.0,0.0,0.0,0.0
2023-08-19,0.0,0.0,0.0,0.0,0.0,0.0,0.0,0.0,0.0,0.0,0.0
2023-08-20,0.0,0.0,0.0,0.0,0.0,0.0,0.0,0.0,0.0,0.0,0.0
2023-08-21,0.0,0.0,0.0,0.0,0.0,0.0,0.0,0.0,0.0,0.0,0.0
2023-08-22,0.0,0.0,0.0,0.0,0.0,0.0,0.0,0.0,0.0,0.0,0.0
2023-08-23,0.0,0.0,0.0,0.0,0.0,0.0,0.0,0.0,0.0,0.0,0.0
2023-08-24,0.0,0.0,0.0,0.0,0.0,0.0,0.0,0.0,0.0,0.0,0.0
2023-08-25,0.0,0.0,0.0,0.0,0.0,0.0,0.0,0.0,0.0,0.0,0.0
2023-08-26,0.0,0.0,0.0,0.0,0.0,0.0,0.0,0.0,0.0,0.0,0.0
2023-08-27,0.0,0.0,0.0,0.0,0.0,0.0,0.0,0.0,0.0,0.0,0.0
2023-08-28,0.0,0.0,0.0,0.0,0.0,0.0,0.0,0.0,0.0,0.0,0.0
2023-08-29,0.0,0.0,0.0,0.0,0.0,0.0,0.0,0.0,0.0,0.0,0.0
2023-08-30,0.0,0.0,0.0,0.0,0.0,0.0,0.0,0.0,0.0,0.0,0.0
2023-08-31,0.0,0.0,0.0,0.0,0.0,0.0,0.0,0.0,0.0,0.0,0.0
2023-09-01,0.0,0.0,0.0,0.0,0.0,0.0,0.0,0.0,0.0,0.0,0.0
2023-09-02,0.0,0.0,0.0,0.0,0.0,0.0,0.0,0.0,0.0,0.0,0.0
2023-09-03,0.0,0.0,0.0,0.0,0.0,0.0,0.0,0.0,0.0,0.0,0.0
2023-09-04,0.0,0.0,0.0,0.0,0.22222222,0.13636364,0.0,0.0,0.0,0.0,0.0
2023-09-05,0.0,0.0,0.0,0.0,0.0,0.0,0.0,0.0,0.0,0.0,0.0
2023-09-06,0.0,0.0,0.0,0.0,0.0,0.0,0.0,0.0,0.0,0.0,0.0
2023-09-07,0.0,0.0,0.0,0.0,0.0,0.0,0.0,0.0,0.0,0.0,0.0
2023-09-08,0.0,0.0,0.0,0.0,0.0,0.0,0.0,0.0,0.0,0.0,0.0
2023-09-09,0.0,0.0,0.0,0.0,0.0,0.0,0.0,0.0,0.0,0.0,0.0
2023-09-10,0.0,0.0,0.0,0.0,0.0,0.0,0.0,0.0,0.0,0.0,0.0
2023-09-11,0.0,0.0,0.0,0.0,0.0,0.0,0.0,0.0,0.0,0.0,0.0
2023-09-12,0.0,0.0,0.0,0.0,0.0,0.0,0.0,0.0,0.0,0.0,0.0
2023-09-13,0.0,0.0,0.0,0.0,0.0,0.0,0.0,0.0,0.0,0.0,0.0
2023-09-14,0.0,0.0,0.0,0.0,0.0,0.0,0.0,0.0,0.0,0.0,0.0
2023-09-15,0.0,0.0,0.0,0.0,0.0,0.0,0.0,0.0,0.0,0.0,0.0
2023-09-16,0.0,0.0,0.0,0.0,0.0,0.0,0.0,0.0,0.0,0.0,0.0
2023-09-17,0.0,0.0,0.0,0.0,0.0,0.0,0.0,0.0,0.0,0.0,0.0
2023-09-18,0.0,0.0,0.0,0.0,0.0,0.0,0.0,0.0,0.0,0.0,0.0
2023-09-19,0.0,0.0,0.0,0.0,0.0,0.0,0.0,0.0,0.0,0.0,0.0
2023-09-20,0.0,0.0,0.0,0.0,0.0,0.0,0.0,0.0,0.0,0.0,0.0
2023-09-21,0.0,0.0,0.0,0.0,0.0,0.0,0.0,0.0,0.0,0.0,0.0
2023-09-22,0.0,0.0,0.0,0.0,0.037037037,0.022727273,0.0,0.0,0.0,0.0,0.0
2023-09-23,0.0,0.0,0.0,0.0,0.0,0.0,0.0,0.0,0.0,0.0,0.0
2023-09-24,0.0,0.0,0.0,0.0,0.0,0.0,0.0,0.0,0.0,0.0,0.0
2023-09-25,0.0,0.0,0.0,0.0,0.0,0.0,0.0,0.0,0.0,0.0,0.0
2023-09-26,0.0,0.0,0.0,0.0,0.0,0.0,0.0,0.0,0.0,0.0,0.0
2023-09-27,0.0,0.0,0.0,0.0,0.0,0.0,0.0,0.0,0.0,0.0,0.0
2023-09-28,0.0,0.0,0.0,0.0,0.0,0.0,0.0,0.0,0.0,0.0,0.0
2023-09-29,0.0,0.0,0.0,0.0,0.0,0.0,0.0,0.0,0.0,0.0,0.0
2023-09-30,0.0,0.0,0.0,0.0,0.0,0.0,0.0,0.0,0.0,0.0,0.0
