,basin,D_P,D_ET,P_ET,D_var,P_var,ET_var,year
0,TNL,-0.779652401768749,0.734898366731316,-0.5332384463626525,10544.801992155019,56542.30286682677,5505.056153201594,2001
1,TNL,-0.47361278296064496,0.812804513251712,-0.527499572108362,3934.866950483466,78067.17540547738,6418.786193733751,2002
2,TNL,-0.629270832664115,0.7274075578926374,-0.5451513626252066,9298.050169100328,140611.18132275582,8455.946591620122,2003
3,TNL,-0.5237630365496556,0.7896557811231563,-0.5213860719396775,5916.155335895531,86147.63545220117,6529.26500484847,2004
4,TNL,-0.203995860275852,0.5734370713580454,-0.5825977854058362,1421.1127096953571,114196.1471333311,4168.3901580573975,2005
5,TNL,-0.3967979488655068,0.7028834024455543,-0.554386465806647,3282.166165127131,122594.12999051897,6943.777709287913,2006
6,TNL,-0.38189192255805415,0.7728535248111643,-0.43815335294277674,4254.090390384941,20971.40604728252,6720.989068891447,2007
7,TNL,-0.4150342146994161,0.7739556658955006,-0.4820086266449406,3720.998922762722,35001.49890816374,6354.369065286734,2008
8,TNL,-0.2558026587320194,0.7607117040649313,-0.3866564697840079,1560.6285420495303,66191.38036902457,4884.559283196764,2009
9,TNL,-0.6882121648774145,0.8133062088089907,-0.5293899487712351,6723.982509557105,129573.99042093591,3331.636480271554,2010
10,TNL,-0.41949412278258463,0.7385844846965686,-0.4956854592076807,1982.0037788358993,127150.77356830258,3883.0336653759737,2011
11,TNL,-0.4320219988251288,0.7634699670545013,-0.3682288173304265,4917.549103682984,42464.10643304549,4755.141624611407,2012
12,TNL,-0.7741236564995435,0.7515683699082726,-0.49519759213726516,7391.537173669875,60458.12546673664,5320.606552180169,2013
13,TNL,-0.5734729694750645,0.6860789373543091,-0.2735273784498152,8479.40490537143,20820.352541398373,5077.062644168207,2014
14,TNL,-0.41248667244584203,0.6881356064064328,-0.22744697256862106,3865.4735543583624,53327.32973144213,5565.735616972776,2015
15,TNL,-0.48788408338351735,0.7382700244879359,-0.3192172323566627,4717.924955745829,52632.1629624947,3164.977133040007,2016
16,TNL,-0.5053237215609105,0.6780496172856981,-0.4226972185528543,5780.401400950956,176304.16687560282,3282.990937270056,2017
17,TNL,-0.5565299009763816,0.5197236751784454,-0.1508949529925945,5032.950689553382,28404.603604298874,3248.8120080451495,2018
18,TNL,-0.44855124454835604,0.7348061280950803,-0.38548961228875434,4155.366327667609,82484.71300131481,4402.456065602832,2019
19,TNL,-0.2676890977682248,0.7428396202669213,-0.27502168444789654,2450.544517597465,14980.907763727173,4613.252929187179,2020
20,TNL,-0.5795443337372185,0.7451088860959951,-0.3382225840212676,7132.022244121086,13107.381163731525,8037.941640434016,2021
21,TNL,-0.5681079266866462,0.7669214967176458,-0.44269123426857776,7913.457594225357,14063.017930623882,6139.0900633342935,2022
22,TNL,-0.6276116995575532,0.8302455033935242,-0.5269014883047887,4626.562193688077,56956.654079633394,8683.487869299446,2023
23,SIS,-0.4554410881713552,-0.11385864862533968,0.7529531405157144,38811.170752530365,149017.85948982692,19765.80502079842,2001
24,SIS,-0.35609372771145703,-0.026330923727033512,0.732844158798376,54469.22330887073,291444.3593343415,20383.420359960335,2002
25,SIS,-0.2569861464792775,0.02492758661773597,0.7407010464289882,55810.53067160819,417246.6704410659,17814.986473017085,2003
26,SIS,-0.20057113638388693,0.08807562613179244,0.7418988963391082,61325.932665548025,290119.03075904894,23156.304782648345,2004
27,SIS,-0.33330015054726536,-0.06107015275803082,0.7405849968452133,35121.049843106266,307380.2270603555,11476.818611695977,2005
28,SIS,-0.049181384302510026,0.2050456435786129,0.7389178365188601,38197.5995183165,591035.9464087264,20173.475028349894,2006
29,SIS,-0.1961657332897197,0.08737468844959849,0.7713702196219221,52237.725959006064,121613.92997695213,24741.44349363606,2007
30,SIS,-0.16707417549004674,0.12451837940925252,0.7455578183287606,73197.17680731702,137643.44159792704,23020.655086366365,2008
31,SIS,-0.3695988827631137,-0.08435428407904258,0.7403665587298187,53026.56968566339,234960.4477116277,17255.81891721697,2009
32,SIS,-0.3869332479002599,-0.13399861619540646,0.7329651445420778,50764.28490437693,416772.28987020795,10049.218885571454,2010
33,SIS,-0.3024833159611817,-0.026379300018414733,0.6962591677382755,37339.73070317851,351251.90437410085,11313.555640833214,2011
34,SIS,-0.30527662181006343,-0.09318178713516717,0.7648358588003266,70615.2954844391,151070.381024876,18501.170984172157,2012
35,SIS,-0.3972053829244402,-0.14556544938033106,0.737733292106096,45768.92584536675,177295.45269660375,20164.44086957446,2013
36,SIS,-0.44441069375126635,-0.15652413895646153,0.6998383292300409,105942.5160205329,66696.99293574602,22256.287792657895,2014
37,SIS,-0.3956150507832382,-0.11052466945925053,0.7001203599719867,98359.95448101046,166108.87829178286,21093.834835051122,2015
38,SIS,-0.3676409398332804,-0.170831549368194,0.7868321419469866,74307.98295926639,307632.2031084071,13233.905163299396,2016
39,SIS,-0.17484276707044752,-0.009306761006831048,0.7563858794487536,75223.16251509612,787883.6025410608,14510.33734936508,2017
40,SIS,-0.1923054669335714,-0.006820516322803597,0.7222629340789659,58982.5872440055,84266.50796833987,14860.954888945142,2018
41,SIS,-0.14728112478751643,0.04417365106533634,0.7448118439293961,35947.764397663406,457449.5532479141,12676.208228920705,2019
42,SIS,-0.2814158660307169,-0.060357354990298415,0.727848455110626,59405.48868934627,89801.3708231125,19763.432099780213,2020
43,SIS,-0.3099608541120881,-0.04576468921901007,0.7099160495708484,101340.93620111236,42794.46198831107,28244.47411879491,2021
44,SIS,-0.3129043829005714,-0.04516697161693503,0.716467706106193,62630.08958331611,94400.5042452271,16161.34755551105,2022
45,SIS,-0.19397445288155868,0.06955413857649077,0.6796227619241539,33819.78692368338,307559.94171051995,15653.78179059853,2023
46,SDT,0.034762143986624756,0.667485768337662,0.30658261691839306,4987.982039113912,47094.535135872626,10180.638494099512,2001
47,SDT,-0.050108102705121,0.7424328244634661,0.3810006845341024,3788.043547594641,132119.9357450035,11627.072077046068,2002
48,SDT,0.07604905346878958,0.8556258316408326,0.28636572520058945,6883.625245770098,124973.46246717461,13484.5706879073,2003
49,SDT,0.2440523036007759,0.872421668045195,0.35508870742796556,5599.766315671844,92566.83465652847,11171.455891486235,2004
50,SDT,0.15131196149687573,0.8667785915953433,0.32603777894799146,1432.1313437011745,63369.18532795569,7985.554921859536,2005
51,SDT,0.16893009060478958,0.8554229312456029,0.38311310283998956,3881.2460788873373,98185.08351276098,12193.294579866077,2006
52,SDT,0.15318886317296346,0.8125592578583166,0.5085741011946027,4123.596763100459,34899.83692605076,12471.41083196754,2007
53,SDT,0.42674213627374774,0.8783401283326239,0.47143990605592934,6886.857375884354,46101.417990442525,10970.583358894602,2008
54,SDT,0.06209773389411924,0.8211273358705792,0.33507494643318025,2309.526754990934,77401.62931554556,8672.434009203405,2009
55,SDT,0.20597015247627515,0.860601314228316,0.3682876066662918,2988.0983520748005,116942.32822915225,6533.358597806031,2010
56,SDT,-0.043728019226242254,0.7815752565308287,0.28864641698134313,1896.08442815076,70300.35178284923,7409.683585964279,2011
57,SDT,0.1819113977350573,0.8447723180329639,0.2767576663891996,4397.103812489043,29596.8213209351,9072.95755743797,2012
58,SDT,-0.054283898666328975,0.777483582350197,0.3484640835895823,3019.512967212961,37473.70217073407,9859.89532648904,2013
59,SDT,-0.3108025850970918,0.5050563394710526,0.400274940352785,6879.119292830279,25032.208031209237,9883.237887119578,2014
60,SDT,0.1657496560190569,0.8221391080860513,0.46228268954857754,3220.3209896431085,48454.13946776463,10803.283327916419,2015
61,SDT,0.32092878275636944,0.8641201838659806,0.44902130813950253,3439.278722495212,61561.44986282766,5788.112555281193,2016
62,SDT,0.3073337048369249,0.8731065007642305,0.39096036332488154,6086.631369540358,167670.81472131642,6355.316293774467,2017
63,SDT,-0.19315078233129365,0.6637842337098951,0.22571376149527964,3017.1357512667837,35449.194796707896,5671.390325704826,2018
64,SDT,-0.1413667191942241,0.8989219262180396,0.03406320120183307,5205.140862662244,119406.95283522883,7522.444110954808,2019
65,SDT,-0.194329036797526,0.80573347115209,0.052402369945704616,3443.545288612523,30039.500549408338,10189.969278356657,2020
66,SDT,-0.312733053958381,0.7867644859249724,-0.09380714356550719,7229.465802415367,16781.068524247003,14828.630047716671,2021
67,SDT,-0.419279085458078,0.7724081865179483,-0.1739458267833756,4882.5998800210555,25842.200882388162,7856.4893601901695,2022
68,SDT,-0.30500227004641367,0.8162227513475129,-0.04686756203968855,3299.3465487334192,75793.28230513647,10183.466050987689,2023
69,MSS,-0.2596191443971941,0.6708675277154699,0.29641531769110324,5845.377428121363,43628.16524606774,9550.304131890753,2001
70,MSS,0.11672129339301031,0.8838084732668308,0.4059811371636162,4903.416292364247,95172.07343139692,10176.744203303553,2002
71,MSS,0.2837326033422581,0.9431979034340561,0.3030755140160625,7419.571665183769,112914.3788188081,12494.607767303434,2003
72,MSS,0.27784552183953354,0.9234699454017798,0.40082139143572,7097.0608660131475,77710.36135499245,10662.36773432673,2004
73,MSS,-0.0770033823826526,0.8155854376269794,0.33552803608308684,2442.926129717102,69639.69655986992,8949.569569271542,2005
74,MSS,0.27017823366827154,0.9363275616607656,0.3334283720993123,5912.20057139676,114876.25615970306,11805.08680144856,2006
75,MSS,0.1767014149945431,0.879986232731252,0.4702573027197933,5204.1069424277175,29201.574269353703,11611.33496593947,2007
76,MSS,0.38866841898559407,0.942471265494397,0.4110875803961195,7890.914238122123,44844.18679742768,10450.46764705771,2008
77,MSS,0.2646501584851222,0.9393853192265484,0.34849443698530447,3139.132612593579,70399.43794791531,8543.961252701216,2009
78,MSS,0.15002958067230562,0.8882047767516815,0.3711804849867963,3530.0627685958248,111269.20186425924,6951.417183805314,2010
79,MSS,-0.1265979333492323,0.790779815952663,0.3252717656017712,3408.402780190079,96161.17376817524,7741.308076056671,2011
80,MSS,0.10690745877732705,0.8990375047817412,0.2014839994988323,4946.003323263447,32225.330346411392,9008.343414050278,2012
81,MSS,-0.09604399727939796,0.8456918665350633,0.227466833630002,3429.7150041486134,40642.46470181438,8751.055582171412,2013
82,MSS,-0.16348184988369485,0.8061635729280474,0.17889724362870638,7418.807688360899,22008.201209246272,9352.691453995276,2014
83,MSS,0.1572904566582515,0.9521836676053498,0.2325787236216268,5050.219957803288,45941.452001055324,10088.414989120804,2015
84,MSS,0.060240281974120236,0.8452606907341478,0.27194106931364354,3845.9069613248275,79643.49705389075,5494.374506550211,2016
85,MSS,0.31116023294660566,0.8406357018618736,0.27100901322647764,7141.4161703697555,166356.55944944388,5542.740760882698,2017
86,MSS,0.11455250581233814,0.6930009564388395,0.16183630371109128,5240.439356708674,27761.29797893445,5390.173330398112,2018
87,MSS,0.200845447805508,0.8772276574890348,0.338134477755359,4158.142578417009,111629.5320206447,6333.07219923178,2019
88,MSS,0.08734825142043413,0.8278553493630693,0.26976812398097477,3345.000898611324,28766.05875017402,7119.7823862349305,2020
89,MSS,0.03812387610440898,0.9155331910353293,0.07431668695658727,7444.010216922026,12783.785380397834,10586.971413523366,2021
90,MSS,0.06538664971677056,0.9067637437569902,0.1927093334270315,4933.077368424677,30645.09238868536,7628.3818165790435,2022
91,MSS,0.0801803039180505,0.8484110116854661,0.3199347397867652,3124.0390626659205,74247.97401229282,9634.759617390106,2023
92,PSH,-0.3779919112669529,-0.00338125786560592,0.7214807677290915,50962.16640258135,80449.67463761942,16876.761242814628,2001
93,PSH,-0.30869139126762435,0.06633788419040243,0.6783998938562847,68426.75915290134,171593.2710876088,17404.389738194994,2002
94,PSH,-0.24769374612418893,0.05680198973555927,0.7210701798517516,69820.53577337433,245915.93660726535,14775.08337744296,2003
95,PSH,-0.19519314024920328,0.13364439178003767,0.6982766636728952,72398.17880796103,161809.58050415487,20356.039824449923,2004
96,PSH,-0.2766609458911376,0.0027935048251663485,0.7495113034300265,51425.24214498879,172420.95628030493,9821.957496837216,2005
97,PSH,-0.03973655974237185,0.2253150197164006,0.7039229528649404,44601.10217594688,387258.86984269763,17587.321520177902,2006
98,PSH,-0.2031448418593091,0.12229901977510389,0.7125772674960913,63611.52901738917,82772.49857220182,21440.843388061527,2007
99,PSH,-0.18267520634970014,0.15366105081529427,0.6853399438375243,91289.62852167667,85146.87232251996,19980.97192776102,2008
100,PSH,-0.324370007397008,-0.0006269489763108746,0.7165640898313683,79817.38170810725,136393.5172196406,15185.250845790499,2009
101,PSH,-0.3504039134805185,-0.08364526621847856,0.734974002309296,76834.8928769295,224569.62427414427,8599.906645773695,2010
102,PSH,-0.2598190455753843,0.018005879373021345,0.6910988675202449,51735.42130792298,228643.78684887284,10230.592795775909,2011
103,PSH,-0.2796345336383746,-0.062119267026499794,0.7607512757174553,91475.49540864413,92794.68103981986,16591.91537487346,2012
104,PSH,-0.36990227469684234,-0.11427433825303147,0.6897973182638653,66787.09108881991,124014.20637090539,18039.978657825046,2013
105,PSH,-0.39200046679062145,-0.07116214136935078,0.6340222227158336,184915.7478171581,49425.35524549396,19369.89711211746,2014
106,PSH,-0.3662038254117835,-0.06119804443448096,0.6485907064958094,196004.9790090618,98077.74491636762,18811.603302370288,2015
107,PSH,-0.34132190766402665,-0.12252259517675235,0.7413524022606969,106693.37699209817,216507.30316275495,11293.533184419892,2016
108,PSH,-0.16024506640940409,0.020496638376888383,0.6945163390787555,88274.94021010763,522159.228845141,12816.598775626731,2017
109,PSH,-0.166624302320756,0.014083959944697147,0.6850029453207891,91187.81810656033,65733.87233149316,14008.35862192206,2018
110,PSH,-0.12765719236219666,0.0457027264898919,0.7585783949887521,44058.89123179501,298625.65834807046,11489.970723026127,2019
111,PSH,-0.23653580545267175,-0.02411528703800637,0.7153473906956508,84762.73154213815,67058.27349899554,18972.178346722285,2020
112,PSH,-0.2806708720753333,-0.0036712837552874303,0.712832860896303,144961.31104590103,29891.336527674794,26476.181225946293,2021
113,PSH,-0.27579541560831056,-0.01078471162689245,0.7119733796190862,95349.92358766166,74742.53036979,14603.359146438614,2022
114,PSH,-0.17753983246126848,0.06152991841665555,0.6795505836375789,55489.18331129314,206590.44163616715,14197.747031741756,2023
115,FTO,-0.4621578409974971,-0.05139816325480245,0.5391578843184678,19686.009053143964,143831.01540003635,11921.396887641458,2001
116,FTO,-0.5048677001734514,-0.0954550910157501,0.43625855523050333,38868.411595964375,270902.6118623609,13092.794512400887,2002
117,FTO,-0.44235995258414806,-0.09753302239592955,0.4512667423548212,47199.44882210168,466964.59418855095,10001.582605439498,2003
118,FTO,-0.36716483171735365,-0.017866848637614997,0.4971332001360661,50799.39997375261,208682.7987069151,15278.26077525931,2004
119,FTO,-0.3800554413194507,-0.14654277808627725,0.5239527011858476,27825.045321369897,277620.5491427165,7010.135435031012,2005
120,FTO,-0.18975711435506112,0.09577061070418272,0.39338393985477466,30007.48471527583,607848.8143667852,8970.817352198901,2006
121,FTO,-0.40008472911809717,-0.13748264741597238,0.5761515935418651,41246.03466339094,133567.5334484346,13876.205564048247,2007
122,FTO,-0.3135776437853411,-0.12447144852551799,0.538118278865252,52888.41382255509,106012.90336037261,13649.542770481057,2008
123,FTO,-0.3425092540183501,-0.12870651472434677,0.45284706527095386,28752.07718472015,215222.0177377348,8626.352862487478,2009
124,FTO,-0.2893800743729118,-0.00979030903072758,0.3714334916404642,26314.247929043107,257808.62255205234,5457.413338836956,2010
125,FTO,-0.1902148440990095,0.0629364847224889,0.3249430473401003,11348.679817528076,492630.8210666065,5116.682146686379,2011
126,FTO,-0.14898182700152116,0.047831435181057924,0.4778172256911803,29364.327339784537,182372.67485594895,9800.561330886041,2012
127,FTO,-0.2972133640954066,0.025720073060274365,0.4367851765870312,24085.426017593047,205311.40338604854,10922.197479473729,2013
128,FTO,-0.44966227726231495,-0.08643523984680894,0.47276086328626227,48900.63549102213,98570.7757077314,11169.293465500397,2014
129,FTO,-0.46496341866063823,-0.06051759682758975,0.32094598565863225,60858.06879848881,111941.04860482186,8741.11367905488,2015
130,FTO,-0.29312111651163175,-0.1222599508899796,0.5755519468124933,35394.74143815492,288252.12140082463,7064.312676189324,2016
131,FTO,-0.06815847217821958,0.13186754845734638,0.5377638338587316,22739.639010795927,636975.1906893951,8208.128887789033,2017
132,FTO,-0.005753174954915903,0.07773359989942952,0.4659053827474147,28949.989652512813,146461.37435601014,7661.328632829295,2018
133,FTO,-0.17977078227271087,0.03151732306020406,0.5463875442997389,10687.013265115811,370476.3019758291,7035.430563202995,2019
134,FTO,-0.27350361858955374,-0.0831491152768382,0.4089514393073333,17460.830781989698,78203.87565893288,8847.309617287636,2020
135,FTO,-0.5411816181534971,0.10266335272920157,0.1333525020471876,38670.427692072735,42298.65518654085,14855.90512263536,2021
136,FTO,-0.25994931745989663,0.26289225530322186,0.32687776387265277,16537.07053211517,133372.49737812937,8884.074772344597,2022
137,FTO,0.018777619768909414,0.4953962307231826,0.18683405334917833,8878.378552972585,324730.51848542097,9295.19478243816,2023
138,YRS,-0.36068739914843295,0.8668546395534321,-0.08512341867308186,7961.757465342507,24173.10137838867,10111.739968690054,2001
139,YRS,-0.352272573174276,0.8740695910133491,-0.14391428970909764,6124.381137196251,43139.064450120684,12048.905493428168,2002
140,YRS,-0.17391905608519428,0.8898681231541062,-0.05065215666325843,5899.6338754000035,91841.85783695051,9373.23327950377,2003
141,YRS,-0.49922943552277244,0.8573774734223122,-0.14781309620503494,8469.88879849005,64736.05735801382,15521.124058373429,2004
142,YRS,-0.42207935562723664,0.8791431426138084,-0.1970672565877865,2300.1794096078243,90676.06769708899,7799.6086022269255,2005
143,YRS,-0.31830464710323875,0.869341569429624,-0.015743220804242928,8706.492062744217,176896.05183638856,10132.006176686742,2006
144,YRS,-0.6167339513868536,0.8012979820832384,-0.17224678896186887,5543.105256562857,41696.03138394346,12981.470031465631,2007
145,YRS,-0.5329030945618924,0.8872503512650586,-0.2594496453322448,10000.95117986529,29654.590035431884,12283.753506010715,2008
146,YRS,-0.45151053573041683,0.8493753823818989,-0.16221881852693917,2756.214824673779,79073.51192003001,8094.135966094828,2009
147,YRS,-0.32648324745859975,0.8930599382358332,-0.16947064049693492,5278.079930600212,61758.79458122531,6129.609131411928,2010
148,YRS,-0.5409834075631014,0.8634316672708088,-0.27672027524894527,3448.0644937199145,150753.84299762073,8345.792641111475,2011
149,YRS,-0.31581777043662534,0.849295302111098,0.009507517953256215,6889.285630317387,43292.81882993294,10166.46290824122,2012
150,YRS,-0.5448152488169813,0.7854575123726263,-0.06336158766386595,6692.642522760448,47661.3646399392,11528.950798472179,2013
151,YRS,-0.5860465290918184,0.7516440778205994,-0.06899377280349558,8346.368536981836,23019.827608122105,9601.270548745375,2014
152,YRS,-0.5272083733784373,0.6101014331747212,0.1679178906492372,7394.876477216343,26829.138177657147,8082.538958556862,2015
153,YRS,-0.4549611387482061,0.738887723530809,0.07923456146203565,4521.825903591785,77088.61980477987,7066.628808603818,2016
154,YRS,-0.4165122254597488,0.8567355807507341,-0.0896183041423303,10279.611657890437,266841.95990756544,8598.557342636255,2017
155,YRS,-0.31835128314965655,0.7303546773584384,0.19816220576322738,4076.4888350696565,39609.829070478845,6605.090985891148,2018
156,YRS,-0.31479952998218785,0.8044973153676259,0.04393275371127843,4040.7354025141467,87757.66715470019,6655.060274289866,2019
157,YRS,0.04409068179480351,0.8845990078060579,0.11238998503682188,1774.6047072578663,20275.224608601704,7668.050880251997,2020
158,YRS,-0.5351603066766227,0.8307676879269174,-0.19500435718788173,7604.128675797657,14960.87151479665,14599.076462516936,2021
159,YRS,-0.634428204676278,0.8558923226113879,-0.3045971157596451,5969.228721126538,61229.164728342635,10112.490296297565,2022
160,YRS,-0.7434678227509219,0.8162571907770174,-0.3752243940072898,14939.467780827681,127700.56203590981,11054.156837305769,2023
161,AMF,-0.10766847013580821,0.8203549496937227,0.16862101829145337,10099.471898218379,19364.16933993832,16326.683665395163,2001
162,AMF,-0.12727877342994084,0.7611903126136842,0.19786786993411226,7433.467969890679,79664.9510792806,18325.405170637605,2002
163,AMF,-0.24629441036019,0.7034509638707098,0.11557676157578041,8171.865940565724,130736.06693993478,15887.685740555879,2003
164,AMF,-0.33138696155340724,0.7484026416491916,0.057021962261142534,13337.613211127811,68263.19742771286,23810.2126291186,2004
165,AMF,-0.24599618911634655,0.6717980703155012,0.1507207098468462,3414.2911407382776,105187.68294845542,13682.375540440114,2005
166,AMF,-0.03423676773870755,0.7819815996226165,0.23708007635637857,9196.611223442836,231075.40612819442,16514.37346511009,2006
167,AMF,-0.3556287113467518,0.6923215871182679,0.1789399197712815,6741.413985808612,55419.289850424975,19515.161908847902,2007
168,AMF,-0.3230912054754548,0.6479951678514705,0.09840093188142592,14144.470372867821,56293.85434523698,20238.078248080034,2008
169,AMF,-0.3021932440501251,0.4563818370393578,0.16166292219075337,6372.272001601284,88387.44764143968,15122.354139599795,2009
170,AMF,-0.18492399436030357,0.6379082061903273,0.12244811905139052,6888.789876991984,78112.56652480077,10956.671719842347,2010
171,AMF,-0.3181553515281659,0.6890970865917015,0.06297641402748318,3566.9951067091106,177973.9500852266,13238.252510544002,2011
172,AMF,0.04729545348126948,0.7096636248129422,0.39798753924118097,7711.497412370242,58555.88315865809,16999.94165617458,2012
173,AMF,-0.4389488046474041,0.5128593575613254,0.2886239855079234,6775.919366585198,67087.54580410557,20004.628455920087,2013
174,AMF,-0.4555873523075037,0.46829693492704083,0.26464554023441667,11069.888866060728,31335.406019447615,18054.622174335054,2014
175,AMF,-0.3062399885246088,0.4682485355355301,0.3807770250325639,13277.7928279409,23784.347023692553,17111.037288486514,2015
176,AMF,-0.2191727466683095,0.5341769791295174,0.31890559206704766,8764.630415057409,113214.75075206,13693.32912792439,2016
177,AMF,-0.17898464019204954,0.7637062381756924,0.14794707519348055,12027.648495487643,330396.46344698075,15559.968888707137,2017
178,AMF,0.06382952903882932,0.7724725610689812,0.40321132263766957,4948.072243619654,67750.91539246753,14176.217161337585,2018
179,AMF,-0.1394284039479467,0.719485229843722,0.24283555174844984,3519.5104372577457,126222.59479493748,11929.582493463677,2019
180,AMF,-0.08315248614097798,0.5663554935507928,0.38476726840741565,2692.8723813810307,30215.412160899534,15228.06961441161,2020
181,AMF,-0.4369245582282378,0.5734621644133582,0.23068775797524457,11050.449118900782,19728.921357440202,23660.825940343257,2021
182,AMF,-0.47526468720187154,0.7111834605305972,0.019136721597601904,9129.26672698652,77418.77231256045,16995.528547001762,2022
183,AMF,-0.7337691909817134,0.7551242174395805,-0.2706659923328508,18445.14952211736,249915.2302383168,17711.091769729166,2023
184,CSN,0.5332253655124344,0.851962095722706,0.5547650625054777,3815.2195437723135,18985.240785646456,5409.436086340974,2001
185,CSN,0.5306209933911873,0.8871740805102581,0.6607054087646423,1610.800658457863,50291.787078966445,6761.0146520344,2002
186,CSN,0.26229870908760156,0.8141821378574311,0.6257547670800293,1379.2541156426407,68404.03052575345,5798.861384923902,2003
187,CSN,0.32260612828340307,0.8780516974106599,0.5579911547552306,2981.7870191458064,29056.6263678636,8445.799087118208,2004
188,CSN,-0.03467590854252537,0.7209859838595445,0.4634298116239455,667.2092428943639,75246.1604063553,3819.798974714566,2005
189,CSN,0.6732480240433752,0.9179915038980788,0.6353729492208409,3220.8562352048493,123310.81043255884,6357.072373010711,2006
190,CSN,0.25351719315286575,0.74793790290796,0.6910936525786665,2044.4127543808418,25645.445061029728,7994.557781537363,2007
191,CSN,0.15776087139672215,0.7251298327951776,0.6581417313606239,3224.895421859321,24054.079524213445,9274.083876907203,2008
192,CSN,-0.051104693870790696,0.42591608671161657,0.6565604537740485,1617.7262397819632,52233.91628777806,6381.1070267831155,2009
193,CSN,0.7284242159021849,0.8219805187218039,0.5851737992691765,1845.9094779144239,43375.88720621947,4182.947770412658,2010
194,CSN,-0.12016788467265865,0.6224568933114606,0.45167595208908556,518.4285656551945,121136.79977044965,4158.486979894856,2011
195,CSN,0.14230093056616153,0.3988227404882162,0.7985602082429295,1915.7877989753963,22606.904983212207,9131.890660456298,2012
196,CSN,-0.31651388709575745,0.18890162371862163,0.7823488682422048,1333.7187775275152,49508.68540953237,10903.273762599494,2013
197,CSN,-0.37195862819103803,-0.013504472256612126,0.8435296890887983,3608.6753794219717,20561.30876982806,11466.30444653128,2014
198,CSN,-0.413401296215094,-0.04634714068925352,0.831006529986835,4847.584825217091,12296.174227887146,9456.752801933344,2015
199,CSN,0.5902233629606638,0.7561167823105818,0.844349415489356,2467.900930357932,77394.89390942213,8705.874364213794,2016
200,CSN,0.3283845931689725,0.7467285837789291,0.7804285892627192,3140.5835399974085,264272.48671860463,9337.798511173774,2017
201,CSN,0.7053040079519777,0.8488697038001783,0.8674710130700425,2797.3939922792047,41307.25680545407,11025.500399156239,2018
202,CSN,0.714898390420702,0.8382117846469967,0.7758036179487826,1035.5881808877973,115469.11076405163,5812.7711056496,2019
203,CSN,0.39621881497209493,0.4208630615934271,0.8801846573086061,1154.3105201300264,26996.595339975123,10404.034941549258,2020
204,CSN,-0.08034112775476239,0.3795726717101454,0.765279054669295,3705.285108027144,14419.425769201378,12312.17699697887,2021
205,CSN,-0.6410473868428609,0.7409005800738461,-0.049683430618896754,9513.123498061474,53149.94426845452,9083.992375207185,2022
206,CSN,-0.7233187680895937,0.7664121050758071,-0.21275970370648584,13514.659076881699,215112.58681372763,9446.912982712855,2023
207,MKM,-0.274603038314901,0.9350730949255539,-0.27042134259087136,14455.033505707846,14547.787479818995,17279.750319824423,2001
208,MKM,-0.41340735494477826,0.9418431066131737,-0.3315229048648859,12251.91384766689,33344.59142280345,22330.06549920263,2002
209,MKM,-0.49104105139956844,0.9371547171647012,-0.3915989192471235,11589.663418196851,47448.67071004032,18408.66537439908,2003
210,MKM,-0.6002608725368082,0.9610555214251615,-0.5548944267654973,17953.026158409717,27806.844966753055,26626.164046710506,2004
211,MKM,-0.2956407847860775,0.9272983848420194,-0.3370805831925295,6472.13451949271,37381.85828023195,17667.58425855506,2005
212,MKM,-0.3059579885125872,0.9333962637190163,-0.3589199324952995,11637.90870706946,64488.29351071054,20737.871189954833,2006
213,MKM,-0.3909397554454602,0.9480823575756561,-0.2766444585726621,10344.237066595955,14291.062020380343,24867.30048389542,2007
214,MKM,-0.45516296963464686,0.9338020092188801,-0.28955719775996425,14882.110484320026,14077.496733997055,24915.565305136224,2008
215,MKM,-0.6493582119848759,0.8694677968617152,-0.44594336708981996,6318.078728710422,39769.77560504756,19063.732018448787,2009
216,MKM,-0.3179150106512802,0.92131406476298,-0.4100919562583631,8170.704955330562,21431.389325081487,14854.508049459751,2010
217,MKM,-0.44543716152565055,0.9277453800388874,-0.39447382497367744,5605.346109274449,68399.13714645537,18936.234931816794,2011
218,MKM,-0.024703541227319513,0.9328476589438134,0.07283706423498053,5475.832789608655,8639.042734664235,20069.660736719088,2012
219,MKM,-0.37796732702634295,0.9097248319298397,-0.10215221280923266,8081.082515879415,20190.321381793892,22618.518585876966,2013
220,MKM,-0.685322462554672,0.798471769027157,-0.28363674978715453,19741.675486515906,13390.179889659223,20206.931163132165,2014
221,MKM,-0.6306378502512,0.7503172489131659,-0.25882138760463647,17960.332520611762,8049.834701936913,15177.751888754672,2015
222,MKM,0.06059071150121869,0.8982196479269972,0.151732317747142,11380.413387724138,22716.613736019997,12265.543193943133,2016
223,MKM,-0.38533283222000136,0.875242398047257,-0.09739866987087278,21495.365603091184,139924.61901733896,12608.641854472087,2017
224,MKM,-0.1942424677289933,0.8798785072851893,-0.008083977074187836,8759.404759464502,18115.059700290414,10864.398098498947,2018
225,MKM,0.043624103022169576,0.9339703552313546,0.048158033697660245,7880.082423391607,39333.10802140644,13883.350401759524,2019
226,MKM,-0.2705478626420921,0.9197996383839357,-0.18468177992958132,5176.766688067417,11850.038340519355,17618.805311009408,2020
227,MKM,-0.6622737156949362,0.9039907494503581,-0.4264204130073733,20648.845130450987,9482.364281804517,23123.14356634345,2021
228,MKM,-0.6629441460117614,0.8940693846099947,-0.4505009119806905,13802.270004458584,31758.656218991986,16100.565059623541,2022
229,MKM,-0.735628701897801,0.9025427847695882,-0.6086095647184144,24922.48867115906,159199.81945622902,20308.313769125893,2023
230,SNS,-0.3736851767844181,0.8865061712617215,-0.2282266401874142,12876.5651391209,27692.51497398233,14649.220736249983,2001
231,SNS,-0.44343758336165173,0.8748066248896936,-0.18232179194027004,10205.710707498005,63384.54288910338,18378.940921458518,2002
232,SNS,-0.5616000723484409,0.7994647918326033,-0.20792091454592443,9513.008577690169,85836.72640952915,15684.067795885047,2003
233,SNS,-0.5781234755092047,0.8632894671727682,-0.31554392878426385,16739.976538920095,63289.838415852035,23284.721506416146,2004
234,SNS,-0.49211088175061785,0.8564390012729393,-0.2614289389522923,7248.285191605734,91650.03498167927,15116.79845928335,2005
235,SNS,-0.2483126850340153,0.903414826681666,-0.15386287220933562,9453.032349737554,129561.01050972591,19224.419041512618,2006
236,SNS,-0.3801267425256032,0.8544690147407726,-0.04842210376405352,9480.480735350857,24629.90836397808,23299.041064257995,2007
237,SNS,-0.5916202476157951,0.8476029493632097,-0.2731389749354511,14168.853182748986,32624.505037505704,22805.30148223089,2008
238,SNS,-0.6066170303279593,0.6834123282448422,-0.22071665812206628,8310.73976677933,86415.91279359277,17539.63280109736,2009
239,SNS,-0.4517267783956079,0.8346293900811471,-0.3062999402498328,8505.868258493865,56422.4906828015,13113.62444435197,2010
240,SNS,-0.5939483226522927,0.8439531611592402,-0.24579660892341823,6286.567553290727,158191.15577992427,15511.78085636615,2011
241,SNS,-0.2565919393797985,0.7244795278046783,0.17859240161463555,5966.94086282805,20560.160972753758,17822.989594276347,2012
242,SNS,-0.6931958857739404,0.6096032338224939,-0.03762389124207534,11123.199568950393,47076.01372311229,19643.90079316651,2013
243,SNS,-0.7951925245515943,0.40960540250145877,0.029331328216380088,28377.38765690483,29382.270072539926,18043.178768024256,2014
244,SNS,-0.8193728235604628,0.2995751946930919,0.04943152337063878,42391.4216385101,26542.566071051275,15362.458978238297,2015
245,SNS,-0.4887101313709678,0.44005553678500414,0.23167437457395876,14422.21652261416,57165.23497783276,11810.817726371708,2016
246,SNS,-0.5682470240488833,0.6194091417459525,0.14044386429370723,18422.78193776219,324743.8331575951,12389.021122159304,2017
247,SNS,-0.4422949436512734,0.5777808766875775,0.22465625096613984,10377.610649787695,54942.264942610156,12916.647555487838,2018
248,SNS,-0.4678624183626699,0.7671077380096508,-0.08526533821241589,8754.046769898096,87270.32347818521,12831.122620129701,2019
249,SNS,-0.4544575217921803,0.664765821704795,0.03885875463505581,7761.422870336559,24039.62499665828,15706.21828050661,2020
250,SNS,-0.6990824047445673,0.6873489947074701,-0.17967553118418153,26344.97493454945,19914.72161846295,19978.36787514531,2021
251,SNS,-0.774962969897205,0.5888981031089687,-0.15488503121335162,19872.781606697336,62797.60102365154,13686.775503318564,2022
252,SNS,-0.729766304174081,0.725543324423739,-0.19583994214027692,21114.85330664492,147735.28036552042,14060.184874976425,2023
253,MRC,-0.30412224384550496,0.9248211876671558,-0.1779286280570047,17964.44301104579,17351.60837863063,25301.992974282944,2001
254,MRC,-0.4831502407276566,0.8726544273858253,-0.21807027197056536,13146.21550624504,37702.72205959903,30549.606310550684,2002
255,MRC,-0.5122823700416487,0.874751961779254,-0.20932050574209518,11719.002918907749,75499.35969700656,28548.42055981379,2003
256,MRC,-0.4692969698554287,0.8870042582242207,-0.23873012680798628,20421.06925430907,32891.85832325394,35995.16067686011,2004
257,MRC,-0.4868924367145551,0.9135594982430522,-0.2677525923158594,12318.091994480264,81068.8081325654,26926.973641934474,2005
258,MRC,-0.38405594775447305,0.9093161962088181,-0.2530937561168144,15925.43966322415,94853.02973310015,31046.279838511502,2006
259,MRC,-0.27529410614673294,0.8972711590768117,-0.09421978861106281,23112.724842408392,8765.105062244691,36572.61610039942,2007
260,MRC,-0.5156582313612305,0.8514730697443388,-0.23671971018622692,22267.168935609843,26032.269590038686,35244.175716846745,2008
261,MRC,-0.5642909711546681,0.7636355358107061,-0.10108720275981861,10072.562061516424,49861.909632955176,30380.605161918003,2009
262,MRC,-0.49785838320386233,0.8867957648235203,-0.2769369019231696,12206.797972754097,63433.381984755935,25503.29792384763,2010
263,MRC,-0.6778017517931695,0.82201648296652,-0.333795038820836,8833.314386273127,148854.37504500663,28691.473837553618,2011
264,MRC,-0.3888410518155494,0.8162926181388299,-0.0018557482787815787,11912.53433058319,14375.742189930597,31274.82032109996,2012
265,MRC,-0.6251533401891682,0.7414511851096719,-0.13324995456002825,17059.85791817487,27874.862520539224,33592.394598681865,2013
266,MRC,-0.621895924337619,0.620998125944838,0.053435887454915766,52568.503128126766,12227.644122652988,29614.933766790567,2014
267,MRC,-0.6664552868850352,0.5784101479351272,0.06309835369602067,101316.92984053543,11259.041557482726,26930.940449319838,2015
268,MRC,-0.6031227721245477,0.2942281222747065,0.26459870841625843,33727.620986094196,22244.04151671959,14102.641438931687,2016
269,MRC,-0.5289314157456969,0.47082445740913476,0.35752370132735567,15755.506878737146,212698.7780223082,16314.299463579788,2017
270,MRC,-0.3393339349870098,0.5351911373073088,0.4308485183424759,10705.38817978735,19834.23651201566,14639.835744183201,2018
271,MRC,-0.4771647719677322,0.7424058487387377,-0.006621822306887694,8464.661204676868,65742.15454835838,13015.250291687598,2019
272,MRC,-0.39505709373693415,0.6826151373131396,0.06348496804163396,9557.738896250461,6788.742643870667,17319.398515004803,2020
273,MRC,-0.48868097515214565,0.6335004200827431,0.111473460429532,26997.290562555918,8125.2389529448465,23166.161290352855,2021
274,MRC,-0.6660183475682142,0.5824964870492223,-0.10511014013883588,25775.324039598472,29259.263295598972,19476.321579553703,2022
275,MRC,-0.6085072571870203,0.8289220409415514,-0.21110435731595617,20461.308479604453,152002.2527739884,21883.206829760733,2023
276,TRF,-0.7367289574957674,0.20215014152645253,0.09259988088348044,9909.741346133997,43912.94917002677,7158.345981031088,2001
277,TRF,-0.6253754591842158,0.22717561756722143,0.03695657663329966,12177.667538344007,96351.91772356111,7279.997325063528,2002
278,TRF,-0.5965542545795298,0.16650398280650794,-0.02245783806737119,12162.87738158042,129476.91054199514,6272.869250279745,2003
279,TRF,-0.5599212024955863,0.30598757107012303,-0.06956913388853225,11074.388491865391,84829.15267833203,7971.045595315742,2004
280,TRF,-0.4716650172325951,0.3394661075974584,-0.04845072165837666,4596.986647552316,141065.18356839998,4303.774147636953,2005
281,TRF,-0.5715515773867061,0.5565892421829733,-0.10298355306331866,3131.6893684144334,210756.59248223185,6441.909230484065,2006
282,TRF,-0.676412991443901,0.21702793648072963,-0.02537952792153139,6915.260294144865,65708.47378799207,6343.685543790442,2007
283,TRF,-0.41764992191223327,0.23316133285652235,-0.043277996149921276,6650.806708680849,50137.032461870374,5468.834556927236,2008
284,TRF,-0.458041210389841,0.18771300572083457,0.004525892241475218,8252.030246351618,106419.0399664411,4746.825523341732,2009
285,TRF,-0.5528484807303311,0.33528402497267573,-0.07636095547288652,6904.881646934298,95877.73978114713,3444.9554051244977,2010
286,TRF,-0.4827453538223892,0.5758614789412071,-0.22942300732812115,2125.1031853426316,194620.19165825073,4254.453185168909,2011
287,TRF,-0.3045662487827242,0.3909747105229884,-0.08029241302737604,2664.204780365036,69291.09860915017,5248.617814614138,2012
288,TRF,-0.6376626587638246,0.48350473895694,-0.12932602615692906,5700.6046155602935,76978.77801401471,6203.738939247559,2013
289,TRF,-0.763236566413738,0.2074516233355546,0.037757416872804365,18423.526656765036,44073.67176894813,5443.593452086415,2014
290,TRF,-0.7024505023762695,0.18270845975129293,0.003369125783208387,23884.630665561075,32704.50125134198,5273.590321322993,2015
291,TRF,-0.40314536867465733,0.26921548202480194,0.1451548243458312,9097.68020791029,112930.49338709534,3823.497650586196,2016
292,TRF,-0.5164565918134227,0.48885846983895703,0.04645984563528385,2626.4399126803723,292902.43093139667,5423.592134660905,2017
293,TRF,0.0602115318863464,0.5969872786071683,0.05219124106541022,2011.3384580856189,74336.36193023402,4471.273487083408,2018
294,TRF,-0.6858899211488406,0.3150917926463875,0.10783989901398193,3151.73921754522,119368.75847750025,4183.042132441024,2019
295,TRF,-0.5831894537859206,0.265961565957795,0.0024854483563154363,3421.540162470377,43674.79049258624,5309.54837031723,2020
296,TRF,-0.7029928016814126,0.201730087877179,-0.015749446623573003,15964.750258064141,32463.689815168964,6791.052550060279,2021
297,TRF,-0.6349098446237329,0.44139201521348637,-0.21495926628246728,5426.412843283386,81552.92767329144,3725.7267453205654,2022
298,TRF,-0.7901811039915699,0.6410241031952401,-0.33218385678527934,3614.3462674898087,211588.66421848355,4541.826047348055,2023
299,WFC,-0.5408818138407144,0.6740361079982266,-0.2785950519261795,1452.028022414517,17574.63066191268,3358.191943312668,2001
300,WFC,-0.4521536227451554,0.6206786772080171,-0.14556170456533582,1497.6335481024232,19312.151798627547,3884.472171681888,2002
301,WFC,-0.49110581487777755,0.6180140449386555,-0.1616828133996746,1431.799607886222,16298.29908467711,4691.984654881228,2003
302,WFC,-0.26443565878156294,0.6238699803410551,-0.24226099497330403,1658.5915717049736,19851.982910521605,4948.037625063503,2004
303,WFC,-0.21268271183671222,0.6997710747421703,-0.2924125471992573,1621.6096670256754,47485.04726273848,4140.010088695578,2005
304,WFC,-0.32537431961975366,0.8053712567899578,-0.25101501423598255,2191.1918744326867,50572.58468597937,5526.7351939862165,2006
305,WFC,-0.3509202727439055,0.6435862300358445,-0.2607947638648432,1420.5020729318123,10543.45051137734,4378.100367393731,2007
306,WFC,-0.09912494103964593,0.7668846371144719,-0.20861124538114506,1279.4822960883932,8800.020558703041,4541.842514650885,2008
307,WFC,0.05133519335891555,0.6093443436900113,-0.28321816281686557,425.5266876306667,31261.60625146512,3954.554482979658,2009
308,WFC,0.000568881854219542,0.4830895632441113,-0.2746066792331327,1109.6334598563828,27780.669526766902,3460.9883979422493,2010
309,WFC,-0.5005759136891584,0.7724921364804525,-0.21974908130978274,917.5927017139139,47406.04081437852,4280.512353754619,2011
310,WFC,-0.3125571159344729,0.6454103808393719,-0.2370660197489167,1073.031180946917,12823.406182878825,4646.042735713312,2012
311,WFC,-0.1806674318711127,0.6292622519021888,-0.24956827860403316,651.9039270118619,12280.47909823572,5747.829746004657,2013
312,WFC,-0.5100042181094794,0.5882859135021432,-0.27619010668328886,1468.6372335281874,6608.807460981572,5052.767958506592,2014
313,WFC,-0.36314764377273406,0.4595229358740542,-0.32068598742456694,1899.4398901627656,7042.152238145395,4298.975053280754,2015
314,WFC,-0.31526234216485527,0.7158623407216904,-0.006947398875567806,2057.8943656372244,16408.70551779658,3375.303071873546,2016
315,WFC,-0.3787432615861845,0.44915689722734525,0.04294250024915537,1514.1651340776061,70146.31779115547,4740.604008129558,2017
316,WFC,-0.03881372414072011,0.7713300539196949,-0.08812262323509165,1113.2967724135215,11953.686921499513,3906.5242319307436,2018
317,WFC,-0.44495693799650116,0.5078003612442604,-0.07637007492046634,1419.7326506418608,28431.981381992766,3718.468331970252,2019
318,WFC,-0.3940094358769252,0.7180788430043495,-0.19348462565918628,928.4244828306121,13417.924576003132,5074.29012826308,2020
319,WFC,-0.0515622532259385,0.5601831087563031,-0.11935121963616274,1106.8866256891083,5851.052820047125,5776.818162121496,2021
320,WFC,-0.533452451144216,0.6098887156767587,-0.09403852518193288,1294.6403880148393,14741.279458682104,4008.345724549882,2022
321,WFC,-0.5789838686602968,0.6193303152364193,-0.21309851636164243,2298.7741987634877,40955.09911935019,4696.743840104017,2023
322,SBF,-0.5239128973100714,0.9197315721651628,-0.4200802779376485,22117.186643124176,25530.23214532743,29748.414239543043,2001
323,SBF,-0.4544753821755458,0.8866609318048112,-0.21066974302786332,17377.76571683189,31247.153757737073,34827.960134500514,2002
324,SBF,-0.3454502868623928,0.8409647396448121,-0.07240510450416608,16684.0734544134,47602.785564744445,31309.456431049246,2003
325,SBF,-0.4585786059880736,0.8612608158634205,-0.24836435468452725,30289.112841158356,22434.864646991773,37425.5265885141,2004
326,SBF,-0.5677270443358883,0.8827883017132179,-0.47407776087817355,14840.277145384789,82392.88910129048,30743.221003028524,2005
327,SBF,-0.4817258277509947,0.9302557922076209,-0.36860469077182784,16622.543035973587,74120.32200989964,35488.684025055365,2006
328,SBF,-0.61231248223558,0.9159679828907156,-0.4590430515751696,38008.95751898563,8243.266791433032,35987.04757854314,2007
329,SBF,-0.619434202766918,0.8554339308088975,-0.47154058287653605,38610.41984347749,26605.110701483278,36122.5938466934,2008
330,SBF,-0.7116078659091761,0.7727001935173162,-0.4384403789536681,32797.982016297436,44292.4554362233,32143.295732418243,2009
331,SBF,-0.47745311040841637,0.8705779314022045,-0.2985038119260722,17611.940926683805,46336.99799076658,28616.191544401176,2010
332,SBF,-0.5227646277116416,0.941210983105775,-0.39130020115985,11293.229687614154,92996.52158003145,36746.044526683756,2011
333,SBF,-0.2919183058595059,0.9202554079368348,-0.10137681349466308,17091.463683137757,7390.605007530747,34827.12963165464,2012
334,SBF,-0.5312639148343571,0.8629987769261911,-0.2520254774784306,31224.0421737705,18787.89668313071,36433.271293256425,2013
335,SBF,-0.7036281233795282,0.7971498965943307,-0.3346979592391867,82725.73965217912,10088.381082847127,31762.71323103714,2014
336,SBF,-0.63269539700556,0.79430285581205,-0.25124059626577944,144951.81439075636,4474.547604578068,27910.24415091466,2015
337,SBF,-0.6065530394498418,0.5284889956333002,-0.15177203506068845,72351.34958507499,15726.846210941663,12720.139511549787,2016
338,SBF,-0.5064219592795702,0.5689453777003223,-0.169283916424956,14427.177927519577,153132.73301259652,13274.430867088997,2017
339,SBF,-0.6177266027668302,0.45073090620846556,-0.08994754210215021,21621.400762252222,21659.408759396392,12764.922461723549,2018
340,SBF,-0.5687029624024125,0.7785806397594885,-0.30824507814077573,15151.879096129447,66689.79762752846,17854.660410733308,2019
341,SBF,-0.6808763878864753,0.6788542049659856,-0.22868649166628124,19908.305401016096,10055.914376946754,19789.110271055375,2020
342,SBF,-0.5875757796912527,0.7425405549949743,-0.26825644164219303,31262.438270350438,4421.741647295962,17438.679157652823,2021
343,SBF,-0.6565346312527336,0.7676082158092343,-0.33849108581113135,32106.45659329405,19580.34440685836,14166.631723224773,2022
344,SBF,-0.5392296880600005,0.8714818968056474,-0.3894414015168141,17896.61922598775,85629.78612695917,17220.428770744675,2023
345,EFC,-0.43678768053296485,0.555968554634706,-0.22943085088123227,8076.387550584073,39528.79057930117,5531.37047911545,2001
346,EFC,-0.4590761171778626,0.5065998660152151,-0.14185940173401146,9928.005495672534,62574.372389288204,6321.146528822286,2002
347,EFC,-0.47829896763095325,0.797507679391271,-0.20658649932324546,2832.905236985939,68686.27493257172,6002.342207732009,2003
348,EFC,-0.4726805178310242,0.7737615447902942,-0.16324041913764278,3479.3205433156577,50184.43563943012,7880.559549143147,2004
349,EFC,-0.5603872032702892,0.824684633041813,-0.38378115024180603,2644.0604998012373,118578.31793004657,5149.953382209625,2005
350,EFC,-0.41194898291766585,0.5381206837433441,-0.273536197286201,8252.73171156995,124410.62458039104,7221.398501685319,2006
351,EFC,-0.5862685814314017,0.6157658247433834,-0.06626052435151962,6066.812949382663,33305.29774607832,7248.233856761817,2007
352,EFC,-0.5664759549120734,0.6179788694942479,-0.128526774308198,5705.019290242817,35821.91496342685,7117.750589757465,2008
353,EFC,-0.4941502539549142,0.5930229154643355,-0.23358199838736254,3248.8687571266755,75807.9062609927,6006.250777861236,2009
354,EFC,-0.6303236003559018,0.6938695323361177,-0.31573798440554357,2587.5181831829086,76000.88300479979,4823.2506545551705,2010
355,EFC,-0.5745117754351876,0.84204754133445,-0.40477693348064414,2268.4319573679118,145822.50490003644,6080.66391462738,2011
356,EFC,-0.614910656982496,0.6332658854888563,-0.10143205349507738,4631.476374039297,32534.719319159583,6868.189198150227,2012
357,EFC,-0.6497256306424273,0.554862505106152,-0.13004509124097433,4884.432856582941,47674.89603180199,8355.56851745188,2013
358,EFC,-0.7175546234213763,0.4562373561163214,-0.10696994843168169,16144.839550784483,30458.73377659118,7427.856543057511,2014
359,EFC,-0.6474421241878272,0.34303011845804376,-0.03724295549095286,22765.004514894594,23675.396013284433,7398.980273610743,2015
360,EFC,-0.47455666541173663,0.48337978440840224,0.10697833009195339,7913.002664533753,61839.51226088931,5441.432237224478,2016
361,EFC,-0.6203927615938372,0.4996748714779443,0.06536065676748327,2991.3742572554675,196282.1670128016,6050.635814239752,2017
362,EFC,-0.20312642786375915,0.36092942481043433,0.2711418140482978,5627.391791649668,42036.22160736467,7784.323545999511,2018
363,EFC,-0.5493019466614549,0.21579225396400753,0.06958705796071185,5387.997029039912,97572.91297457904,6006.721429756104,2019
364,EFC,-0.6250565172847646,0.3308292573414444,0.05682332718510384,4845.747018529942,43168.25525283033,7083.114542628944,2020
365,EFC,-0.5548055427627212,0.28821022854952394,0.14528240045611993,5175.628711720336,15838.26782374221,7256.2803677366255,2021
366,EFC,-0.5211297851299049,0.4898339635568355,0.08094552859958219,4111.456147855303,35032.43463716462,4648.755859356049,2022
367,EFC,-0.6598933403350803,0.5017206753431672,-0.08504362187153848,3810.9140643736832,88620.49705798207,4483.531422166445,2023
368,WWR,-0.7924787253717678,0.6576961040261501,-0.5641921007295937,3749.756693688356,39750.24581652027,4984.116159572236,2001
369,WWR,-0.8022069475213298,0.5423595044766857,-0.4825127670609842,4145.686550285583,64631.84102955645,4224.345564912415,2002
370,WWR,-0.7473857816080657,0.619852462146542,-0.6013509752573274,3598.9039469934423,71777.71404036102,5928.029718552756,2003
371,WWR,-0.8140782456897021,0.6034174134425019,-0.47497882526082297,4756.971098015411,60483.48837947337,4969.558790866176,2004
372,WWR,-0.8417979635464797,0.6198864235718805,-0.5939538917566645,4729.7334986267115,135468.22350981194,6212.586787460519,2005
373,WWR,-0.8022848363010551,0.6391855371292798,-0.5846015867368902,4177.22638981072,129580.92019881956,6393.922228089116,2006
374,WWR,-0.7555230244216279,0.5164367313168582,-0.4520261631341558,4655.426133466521,27071.725514134236,4735.916781795147,2007
375,WWR,-0.7768282880167426,0.5583371949665143,-0.4751801516091878,3293.9501778462222,30452.6895492456,4527.785036522158,2008
376,WWR,-0.7500331707405794,0.7026001736739562,-0.5672206200167358,2164.5081286059994,68460.01661914447,4603.963280909151,2009
377,WWR,-0.8251619392108349,0.6437988214041385,-0.5908518383575765,2952.2481220191767,86747.19087926396,5010.775531066646,2010
378,WWR,-0.7884290381359887,0.6826219883327715,-0.6323221144902605,2754.6477433019345,142757.95014037742,4928.086750168255,2011
379,WWR,-0.6541947826487646,0.5905372114992163,-0.4971552572958075,3428.6769290713587,19922.377832294438,4580.64813040539,2012
380,WWR,-0.7856431351831571,0.6403816056621956,-0.5372953144287197,4376.984607196003,50494.14853023834,5259.473269212799,2013
381,WWR,-0.6700589068441537,0.49570825966094856,-0.5014154731685305,4206.524430199532,22500.230953730268,4398.700147690328,2014
382,WWR,-0.7168413586055592,0.6467913724784938,-0.5977969043667117,4417.683989645278,19875.23373840681,5169.592980440528,2015
383,WWR,-0.7873238587421764,0.5323327908682545,-0.5219895156320747,3946.1466496689427,62365.402564330914,4717.616546699065,2016
384,WWR,-0.8261160486957037,0.34570717865339906,-0.2679405134969139,3688.181884656187,193950.26996110968,4349.132620251015,2017
385,WWR,-0.7708109051938559,0.5790963548990813,-0.4027925741814315,4278.726457556303,42538.26296538616,4054.244359364604,2018
386,WWR,-0.8003418188261615,0.49936370818543463,-0.4459409153908171,3600.4552794855226,104193.35195329682,3723.8873930116183,2019
387,WWR,-0.7656879387734848,0.48362582882016253,-0.33166626250354747,4606.67437473191,33281.93579848815,3649.3620580874945,2020
388,WWR,-0.7496281591572586,0.549929613530309,-0.33833309908306675,2484.582687510093,13064.840734173124,5159.030431580445,2021
389,WWR,-0.7797749988487592,0.588895440397469,-0.544686796596116,4092.4189714792346,25557.41618364968,4842.659205659707,2022
390,WWR,-0.7838967119396317,0.43117296792237725,-0.4965170287813598,3368.8972123170684,92599.96783129105,4295.511719284809,2023
391,KGF,-0.6222660080088886,0.8972769228462693,-0.46052443683439764,20877.04853824982,33672.90337148181,32292.1536438111,2001
392,KGF,-0.39514299361446836,0.9012163416925214,-0.1761620314717299,20702.64123752993,33317.76620315033,38673.339930648144,2002
393,KGF,-0.28102913093387577,0.8712783403654174,-0.008995899078569854,16621.75414489524,46471.65428690316,30514.9438302038,2003
394,KGF,-0.33060580723884153,0.8927628288753735,-0.11684939062938736,29522.56678662471,19981.046220350847,38897.89239744045,2004
395,KGF,-0.49356312254436197,0.9269312307708247,-0.4251620484865412,15316.874447252443,56905.23667302414,30307.033108473734,2005
396,KGF,-0.4930348909273798,0.9014874431388138,-0.3219311866693898,18233.011075684026,73603.53248218507,33989.665655180266,2006
397,KGF,-0.49823244651140675,0.8799027502939997,-0.3165593846634388,43334.77046800392,7811.990960738932,37179.98244708863,2007
398,KGF,-0.5361832043774901,0.8014665063689541,-0.2484039763713922,42524.84984729859,21142.71604863471,35229.72236007154,2008
399,KGF,-0.5011758831799065,0.7295157350860972,-0.12916512497502558,33754.41597137019,34185.846245041605,31292.358452371802,2009
400,KGF,-0.36540370537094946,0.8605510801528261,-0.12862946363847605,19908.49261573204,42951.78006795333,27772.838584687597,2010
401,KGF,-0.47117194854219635,0.9141674976800409,-0.24613101450012553,13020.621805414352,91683.67888851477,30093.885345566563,2011
402,KGF,-0.11128210500386156,0.9111869756271103,0.06450612112316598,20203.29651432089,6489.189605928391,31252.170257064212,2012
403,KGF,-0.3891334030691644,0.843623871630617,-0.1087510096902094,42864.45134980436,12530.156819663081,32208.24137481257,2013
404,KGF,-0.504411373121196,0.7685449555818205,-0.16271976249977493,104951.89931965855,7101.473293769529,28221.14640769713,2014
405,KGF,-0.4440292733983584,0.7419166501861315,-0.05834448023683708,169129.96988770668,4321.165198383813,26069.951675098673,2015
406,KGF,-0.3515940948495447,0.28365389907408456,0.11807736605531025,75056.7085259715,14453.084738398138,10871.884311097223,2016
407,KGF,-0.29655906167724355,0.4976224396323289,0.2524545033984976,11040.134411701092,93830.97099976067,14181.887884821557,2017
408,KGF,-0.2546307437479262,0.4713992468949464,0.28184094887738614,17220.442426624686,16419.636778373504,12161.302758402857,2018
409,KGF,-0.4968811398358106,0.7562487227492881,-0.08459423263416388,12432.307502893955,58000.24908242802,14133.105306700721,2019
410,KGF,-0.5270596819327746,0.7133860769543273,-0.0687099939051325,18287.631952925236,9816.115699902124,22663.83800307318,2020
411,KGF,-0.45827898032948067,0.6498417055942874,0.07067478254777744,40373.70928121044,5220.7410860673,24111.16429206656,2021
412,KGF,-0.517373238265873,0.6370250373545231,0.03869808027637039,43631.55230951014,17328.669227519327,17663.985915559362,2022
413,KGF,-0.020783550992520994,0.7535106511748633,0.26571642121702044,5385.276163435231,62676.95732999418,15657.046797715888,2023
414,EWR,-0.5949536624176162,0.5427949144928343,-0.22508234083276485,13826.103181215205,33229.90466439302,4369.248434940566,2001
415,EWR,-0.5206308451383123,0.46576685555658964,-0.11597990259130103,18430.608455513204,54417.2796810516,4815.7293130098515,2002
416,EWR,-0.5907761732960307,0.504182381220203,-0.2914399245825877,9166.673273083168,70724.08876082201,4207.632992085575,2003
417,EWR,-0.4670694379521671,0.5630844500976732,-0.21852262388474492,18945.87745147773,45852.55486561652,5062.23998572645,2004
418,EWR,-0.4825403116698648,0.595941587609707,-0.4435610430686698,11385.675524564014,101630.72865109706,4616.9318046287235,2005
419,EWR,-0.5473062844270239,0.6722096813704637,-0.3515992668721459,8675.456279697037,112491.417629671,5448.458124967647,2006
420,EWR,-0.5235712042591676,0.5359342264955419,-0.18542520286115033,15672.36160429751,20787.28945859225,4709.722776722749,2007
421,EWR,-0.4834236359005159,0.5466996090758653,-0.17207856911680178,14174.249863494973,32732.28580220765,4804.742285664855,2008
422,EWR,-0.5178183520897697,0.5627257619523715,-0.35731948254468193,14457.31177836417,72627.44998325114,4276.907754749016,2009
423,EWR,-0.4887248662407184,0.5044716438678111,-0.36961903825003817,13429.789715231389,67714.24208455405,4304.240768603523,2010
424,EWR,-0.606742655836378,0.5588840052177155,-0.3002064472753207,4823.425914376122,140139.10681335817,4575.010998753835,2011
425,EWR,-0.6058661512383017,0.45043885127440436,-0.16113617763599059,11027.654377275838,21926.077410401875,4479.524010663964,2012
426,EWR,-0.5467844979864365,0.49301097778346664,-0.2036232768814932,15831.653958637693,33689.14437580839,5059.736101835831,2013
427,EWR,-0.6471323257572699,0.4047948759284857,-0.16604537211110726,35330.31073715207,20692.011723196818,3687.897050464086,2014
428,EWR,-0.6222198437105323,0.30683910969999295,-0.14110010128989756,67343.9475448367,13855.5729670541,4333.064212843419,2015
429,EWR,-0.5691746014461977,0.20946948791447817,0.013462281373926445,38224.61971173755,43744.1647779823,4636.078956631325,2016
430,EWR,-0.5803594345156453,0.3011107114675569,0.2584459392740824,5626.827993738719,226333.29703781515,7666.995274455804,2017
431,EWR,-0.40987807547968924,0.38798955364991106,0.2270020079929546,7644.904373761407,38474.0750979029,5664.446151462498,2018
432,EWR,-0.6869982271892169,0.1509451519410958,0.10860533874909274,5267.222001730967,75150.66805484492,4400.0879224151495,2019
433,EWR,-0.5990433566423194,0.18696550214866606,0.037344141827850535,23618.179157403258,23215.735774783097,5300.206569625169,2020
434,EWR,-0.6435347895278897,0.3298749343536047,-0.0027703826105915366,14310.364217674285,11656.78478610046,5711.5224169390285,2021
435,EWR,-0.598443813944714,0.5651436270374692,-0.3226474331074788,7172.553115234802,20131.602752335286,3595.223263604541,2022
436,EWR,-0.7310444999237331,0.4753024881990727,-0.37665410820291956,7240.228346684115,102486.27769795695,3842.608269507527,2023
437,KWT,-0.6140976132341095,0.7527755865039493,-0.18791290849077902,18086.9766224197,31340.664919443658,29903.802548823674,2001
438,KWT,-0.5774606362295867,0.6685928928138185,-0.06142954750373351,18485.951177049305,47390.76637947831,33791.22624485425,2002
439,KWT,-0.6667689698380468,0.5653384274944916,-0.10968145903678811,20240.62956491629,71727.1992123117,26621.180785453544,2003
440,KWT,-0.6244683053797754,0.5941852471396714,-0.06185534821385329,29247.226820823056,32411.979410338496,34655.547471390084,2004
441,KWT,-0.5612248086464567,0.6190814462237453,-0.1647067280995405,18814.881104565007,54415.9442138744,26020.36514405924,2005
442,KWT,-0.5542359419774647,0.7659482462611955,-0.1872211307635642,17302.658280847623,68710.51488852655,25162.01059356349,2006
443,KWT,-0.5026240355836386,0.7061754757538263,0.03391684982612064,44417.14589275206,10191.093506073603,33693.98813436417,2007
444,KWT,-0.6210493029334578,0.6643136337129286,-0.1355372865744467,68773.5609872782,25218.65829801546,34200.165846609256,2008
445,KWT,-0.6104539149964564,0.5636143899796108,-0.06835610474745542,88215.40881064664,35843.26322745455,29033.780910712463,2009
446,KWT,-0.595030572136415,0.5241694574698113,-0.11868384139735277,49289.74511691564,52671.67694853472,23964.692814345417,2010
447,KWT,-0.6440744668381623,0.6867841161407696,-0.2670329499671897,21748.744762310263,98297.11890288412,25366.359197949983,2011
448,KWT,-0.4216219510125087,0.6006612558680767,0.08092580186016987,22431.023671060273,9813.307135821367,24587.107317868165,2012
449,KWT,-0.5072128782915746,0.6259309779177125,0.05563115664147579,56449.078749194865,8916.154993311882,26663.345092390016,2013
450,KWT,-0.5589874637398841,0.5805249965969015,0.11994646135935942,128028.00174755073,9240.654809383188,22008.417146559168,2014
451,KWT,-0.5579415094906609,0.606461189568167,0.07436150666124648,207283.3891333247,6986.781190794092,23819.23509722686,2015
452,KWT,-0.5625940354732439,0.33387285926474924,0.3437992956077388,197288.46198725552,18567.43281988553,14742.050129028352,2016
453,KWT,-0.4372504790479466,0.3279802975319495,0.2970213596752927,60980.02953022731,84318.53190786435,18299.469597440275,2017
454,KWT,-0.4911886805227388,0.1374655355380349,0.46029553036187415,91101.3912376447,21619.09520088078,18481.88399201622,2018
455,KWT,-0.4838407917686028,0.3263587232629851,0.1467580916390356,44332.6764906969,71775.89239346844,14851.173938965547,2019
456,KWT,-0.5143270722631107,0.26929124427792495,0.14067583995406663,73205.37178081556,8704.787023239762,21189.346542965446,2020
457,KWT,-0.605522734801587,0.3316742048801591,0.11627194331918703,132080.4923062339,6040.4131244105765,23348.858216691082,2021
458,KWT,-0.6634927265597637,0.4051220227213776,-0.15870669767242246,190424.66493615357,25270.38193894379,14142.316711533838,2022
459,KWT,-0.6493470062245432,0.5482745117712627,-0.3733054088360497,44682.44174092733,218469.93106076628,17925.30118922925,2023
460,SCC,-0.6336714026816475,-0.4868604863783267,0.707904719112847,138668.0964653754,31370.68434059464,28323.31992054214,2001
461,SCC,-0.64296349984167,-0.5383936016585473,0.715926110160682,177969.2007500656,74839.86620680713,29116.674498892284,2002
462,SCC,-0.6160448672834556,-0.46616327576096106,0.6716820233657997,141266.85501901706,87275.23717415618,19387.547953339206,2003
463,SCC,-0.6459176936578098,-0.534537070392657,0.7041005753862352,243921.14807199093,36707.39878673433,28985.850489545905,2004
464,SCC,-0.6188824588952978,-0.3040652332633926,0.4925839907062934,147596.2446400226,95333.02784351047,11764.952108084322,2005
465,SCC,-0.5476206684037113,-0.2771175325411937,0.5309901197365631,148272.75539649295,63008.32268816206,13420.32845321092,2006
466,SCC,-0.6195379434777626,-0.4400997823221305,0.7193165175660896,309377.4152194905,13650.028014844533,30819.302757463876,2007
467,SCC,-0.6422718692022107,-0.38986948044560527,0.6859286197970348,430133.54076138494,25308.18642360665,27112.600073641515,2008
468,SCC,-0.6627286495011674,-0.3834556031778181,0.669845524507107,505302.1019375424,29729.34913405793,25705.961257032744,2009
469,SCC,-0.6559685980214041,-0.3549549227203431,0.6281793578027787,492062.9182434464,59706.88786028939,15912.557896586191,2010
470,SCC,-0.4843323162422353,0.014265080127480977,0.47875849707107476,146601.1233840159,76184.75046860363,13530.081957297534,2011
471,SCC,-0.5528197440315566,-0.3025922891308827,0.700029396356203,276862.1181197012,18377.794270824546,20175.37196176775,2012
472,SCC,-0.5838837780133819,-0.40872688945055335,0.7759481251124515,518703.2744074307,8529.146279494735,27256.774990783884,2013
473,SCC,-0.5690584100260776,-0.3839136210845249,0.8216262607673881,639877.1906760111,7444.480722407516,28891.951062703523,2014
474,SCC,-0.5679631156817613,-0.3420217433140847,0.7475764934684931,686180.7010546541,6653.106710826922,24726.06747994203,2015
475,SCC,-0.6034522741663167,-0.3617601505387984,0.8058794852978238,821935.5916697243,25033.97834128937,23558.182100047663,2016
476,SCC,-0.6076287192518818,-0.3760258543442381,0.7692020212576454,778637.8468135771,122812.10699355388,22105.558571624035,2017
477,SCC,-0.6106268687968193,-0.43953783855128004,0.835803851576318,875860.6996080932,15352.782228875476,29356.256614327092,2018
478,SCC,-0.5339481970846907,-0.28792654370675863,0.7697056265111564,684391.2005292319,52572.25037486218,15694.307516749095,2019
479,SCC,-0.5875450842187132,-0.40116965642972247,0.7638415324589253,945384.0823655303,10253.416430911138,18357.412820540452,2020
480,SCC,-0.6132105925144997,-0.2137976876745096,0.5898572832182954,1097545.030117172,5511.725629663955,18542.37637494453,2021
481,SCC,-0.6253859530182243,-0.1717393796481361,0.42902222759156644,1405071.0110095271,8326.95862739491,10042.754385771448,2022
482,SCC,-0.5367396424359943,0.15735503244476198,0.1750502770289182,695160.038597266,116900.42002683422,9596.981249333548,2023
483,KRI,-0.5698848165342533,0.015540979494977986,0.2292380997021067,87925.3512915169,44510.00877599699,30282.84930345592,2001
484,KRI,-0.4772697886743766,-0.03691372667297804,0.4174806520741978,86867.60374405768,72897.83849933225,26019.32849235288,2002
485,KRI,-0.3857615320652528,0.30241235376250863,0.22245984829945406,44254.50170413743,72790.30352886183,18577.239671688298,2003
486,KRI,-0.4169220892734505,0.1226760106031973,0.3295378936316508,85852.99701732506,38323.22037785274,19553.467838089367,2004
487,KRI,-0.31189185468078773,0.4119442983935042,0.2013790590429537,26257.389432147706,71989.88101627796,16627.902540612962,2005
488,KRI,-0.35092692898979827,0.37279464572998905,0.13985672107425118,32034.788667042085,75666.18052882512,17537.655820975717,2006
489,KRI,-0.4605449936520058,0.022905870883596857,0.4205535535301914,107757.93597006353,16961.58101322644,21578.878020538108,2007
490,KRI,-0.4097098038699416,0.24617639712266004,0.32761581910071474,69864.43776079717,24920.705640441887,18928.55777170139,2008
491,KRI,-0.4091003890269848,0.15834911266612517,0.30361536079567425,95510.99551466052,29849.51054108695,18465.133790131258,2009
492,KRI,-0.4087967598304826,0.2518386119447151,0.22144422327297258,63195.046759622266,56842.31394609273,15905.926621388662,2010
493,KRI,-0.2921146236724673,0.3848223146275413,0.12929783618246637,34059.6686133048,89169.76626647204,16645.676651107333,2011
494,KRI,-0.34487059175749263,0.10099957604308751,0.38389212026085984,106097.08380948337,20837.610374238546,20380.485604329362,2012
495,KRI,-0.5217104829184974,-0.11371591917485768,0.39760423014331314,293382.4281038516,14851.326122210987,21583.076294048045,2013
496,KRI,-0.599895457919869,-0.14617962761652747,0.3941804821155355,573899.3954780485,9194.821406470728,19976.08739545981,2014
497,KRI,-0.6032266253484135,-0.0729315201350114,0.34685271260409867,765042.8522254156,9475.169611909476,18832.468106662127,2015
498,KRI,-0.5999374984241576,-0.5596571282432509,0.6568712134352709,762087.9563488554,38334.5751776827,21676.275860909955,2016
499,KRI,-0.47837818159216655,-0.3955191949390155,0.49658295774538186,206106.0768504096,107167.27442519492,16693.62685801699,2017
500,KRI,-0.5873670570819045,-0.5086849250345843,0.5841120975676094,348445.4982681955,19556.340752710075,21642.080645174214,2018
501,KRI,-0.47238590276754666,-0.09355215843704376,0.419038028171871,106137.1024425796,55515.72393843137,9985.63607436613,2019
502,KRI,-0.5115477011802227,0.06481804660978437,0.2935904079903873,177911.73076768153,12809.47896424324,13261.6156125469,2020
503,KRI,-0.6108491509598644,-0.1495648045365909,0.4518255199383506,442610.4571564084,7385.226816084382,15281.145867718868,2021
504,KRI,-0.6799722643103359,-0.06077828715545974,0.19446732994492527,591559.7470328986,16571.748333850664,8663.47026832225,2022
505,KRI,-0.3551750598882659,0.3714318398196907,0.09254655349187359,29377.22794896086,124809.48628635136,8311.958098862417,2023
506,10336780,-0.5641299720937549,0.8375408113582679,-0.2797849454342675,8386.935787924518,5724.2613993430305,7291.188591513109,2001
507,10336780,-0.5179847889422052,0.8224744256203377,-0.23836213686152172,9834.139158160744,8609.096963559019,8449.756764197338,2002
508,10336780,-0.5581571485445737,0.6485698813506193,-0.25918793213906044,8121.32264293933,10672.091132924594,7380.446050016873,2003
509,10336780,-0.4864560784322382,0.8187699881354574,-0.21157440859161925,8163.97520176938,7427.9810794950745,9587.299818672574,2004
510,10336780,-0.3572303669853596,0.7739416970610474,-0.056304342576887004,2508.539280435544,13384.857232965773,5315.2403334012915,2005
511,10336780,-0.41722969135681487,0.843691114949517,-0.1463224091021145,3803.720944831092,16240.14878412753,7801.152823763473,2006
512,10336780,-0.4987965771800783,0.7874597729885272,-0.19767099676155722,9184.167474278906,5667.035814086899,7198.939356644579,2007
513,10336780,-0.5817242246797865,0.7538582800558484,-0.29222444564495775,11181.041402202956,5708.422270598213,7480.977503631257,2008
514,10336780,-0.523242500270515,0.6383087032993523,-0.16084236231478388,18037.990553160987,12663.87655405054,6404.394955572529,2009
515,10336780,-0.5311144450049277,0.704926935971389,-0.23254286528346965,14838.680698182665,10321.54382567936,4883.6472924573445,2010
516,10336780,-0.3543899804365099,0.9395657125666371,-0.21015196893077664,1479.7999554809433,17688.76673334737,6435.1989663846225,2011
517,10336780,-0.47589259604933115,0.7131133392058875,-0.03979225941753609,4242.4691864633305,5685.543113172209,6901.210678568017,2012
518,10336780,-0.5102768977746002,0.7496099386422068,-0.1372666318100459,4895.318822833244,6806.769112868651,9116.804919008802,2013
519,10336780,-0.5427336552666494,0.706049105042546,-0.1303171587503271,12416.500706746034,3496.4773099054637,8220.35380317991,2014
520,10336780,-0.617113132559788,0.6718234164623927,-0.217665518917545,27868.87868197852,3803.074706300522,6605.801104212436,2015
521,10336780,-0.5079572950135667,0.6939795281527642,-0.14412262537101853,11724.350256996433,9774.230577578934,6065.9709653221025,2016
522,10336780,-0.33207465640504574,0.7401296775327928,0.015459193978640434,4078.7228164754565,31908.825919972835,7423.614792151424,2017
523,10336780,-0.11978350543196443,0.8829127708464453,-0.05904237560340034,1575.7054063354567,5049.931094970387,6979.884009703139,2018
524,10336780,-0.43371384064813734,0.7942610620538951,-0.14343395646658727,4012.5268534719107,11488.49400053254,6963.445975979268,2019
525,10336780,-0.5838063721800545,0.7824971500681316,-0.23372937752998776,5437.585008308019,4587.196654790752,9703.446588461999,2020
526,10336780,-0.42760400207597055,0.7041362683772795,0.02247971443689333,11642.882499422387,3985.7467466866,9493.758632443683,2021
527,10336780,-0.3118975879107311,0.3879199067950279,0.3309806960467297,3790.065687347679,8326.322850397864,2537.291450008954,2022
528,10336780,-0.40883762989426625,0.428367263638842,0.18792166690800152,3733.7242065927976,23403.82539378582,2781.5336727465856,2023
529,10336645,-0.8572201416750765,0.9422755366955191,-0.8346579637410421,18177.3645900533,24862.496142569413,26904.387610233607,2001
530,10336645,-0.827341711702145,0.783062826376675,-0.7847911495595218,16463.953802833297,50633.89140867436,9642.043001289328,2002
531,10336645,-0.7878371675634366,0.6678106224180901,-0.7506311450750939,13889.497343413139,72044.9536822209,8896.12369306511,2003
532,10336645,-0.8480556040109325,0.74830651088753,-0.7589693979723152,5503.337463825817,29294.142181522646,10593.319223097298,2004
533,10336645,-0.8525444600095645,0.7967979180993969,-0.7995393060567991,2416.6158562957226,70324.07940833626,6787.610291851302,2005
534,10336645,-0.8280076973714142,0.78904759022829,-0.8187911098200186,4649.372506221337,99657.54109720986,8599.15767351888,2006
535,10336645,-0.8420468909917437,0.7280835564811916,-0.751072570177372,11984.812041009827,30142.161431038083,6835.457801455306,2007
536,10336645,-0.8002052542986345,0.6507152430347537,-0.7423808259029765,10426.769129986651,21789.071907475998,6923.953674834882,2008
537,10336645,-0.7837289911461377,0.6482496002429663,-0.7598761067569939,12354.849394054127,50436.86040534346,6413.6731640843955,2009
538,10336645,-0.8404360885358576,0.6859433524941678,-0.7202247816374349,3275.805206516513,42707.05649060053,3862.109876328271,2010
539,10336645,-0.7909389549339724,0.7881358804304094,-0.7703106107727714,2374.7155798074823,65383.84047649656,4845.9193977400655,2011
540,10336645,-0.8397534870534773,0.7942050407548022,-0.7404764444367792,1751.8173890067146,23705.783930773407,6278.871058114773,2012
541,10336645,-0.8405102963754391,0.8105746046799461,-0.7538053509504601,3472.138535825753,22993.931889875028,7655.014468366338,2013
542,10336645,-0.8184941893520791,0.6910643023242733,-0.7180976844632314,4216.188129165215,7716.08542904085,6449.01531320396,2014
543,10336645,-0.7978821639209321,0.6497732721383581,-0.7343646563936439,9821.620859458168,11164.71860017555,4590.483861123699,2015
544,10336645,-0.6713599352645855,0.6987818603541877,-0.7062416818528681,2713.557622598644,35462.04719973713,3439.3130706528113,2016
545,10336645,-0.8247446614518616,0.7650954620556968,-0.7649682605724136,3358.970412371721,92324.11810658558,4356.339253377089,2017
546,10336645,-0.7600506686200124,0.6297882953673768,-0.7195187157375841,1535.0851486675092,22471.421487149975,4450.004207381427,2018
547,10336645,-0.8275604432899251,0.7312053582419651,-0.7402528486322072,3694.7434945032464,37864.885693114426,3689.5099439847427,2019
548,10336645,-0.8149799497349183,0.6971833096742936,-0.7362568345892574,2153.8981412834246,12476.250217014043,4917.434770613865,2020
549,10336645,-0.849860931228493,0.7572401182253101,-0.7703391421183248,9962.989062116714,14034.333489668075,6298.614870386237,2021
550,10336645,-0.7525435984637007,0.6240881531154117,-0.6802707490423998,2058.4230129326966,34603.5977768147,3980.5314860828,2022
551,10336645,-0.858941333189377,0.7224639822161862,-0.7732344251019005,4044.364421838907,122525.31811749516,5123.725263118577,2023
552,10336660,-0.7427730388384274,0.952102447588215,-0.7001807481941139,4987.523018099261,20621.68188433787,36872.6725088015,2001
553,10336660,-0.7008613358792528,0.8419604668436484,-0.6747976297842373,5099.970435798337,46648.063369087635,20613.482362980325,2002
554,10336660,-0.6924511022018743,0.8310781275590033,-0.7022034204441578,3856.8821218745516,67534.77890306224,14839.217168068115,2003
555,10336660,-0.7114895991766851,0.8803674444412014,-0.6141993954977399,1841.4742836306675,34488.95470423318,15551.135992818849,2004
556,10336660,-0.6615258771623841,0.6883776767521296,-0.6401361596320069,592.8414359507789,60053.00003137972,7042.089599406238,2005
557,10336660,-0.7129873083353158,0.8035625771977755,-0.5823972912141983,2643.279531158361,105449.98575619144,7915.334528575806,2006
558,10336660,-0.7404932194951451,0.8921051073303364,-0.5835454571390263,1909.9315593565175,32630.303530646655,6594.952999557694,2007
559,10336660,-0.6984058874480754,0.9575930455893692,-0.6046161188452226,513.7235646612432,20992.6234342792,5308.871582250954,2008
560,10336660,-0.6591534090315049,0.8910444668746796,-0.5153962340272312,763.8420126045843,56084.04934004017,4671.643682025225,2009
561,10336660,-0.6786226202617128,0.8080108831872588,-0.5537438969774249,1001.6129907936361,43805.50121574985,3433.6683442064027,2010
562,10336660,-0.6497638754465884,0.4452485124459899,-0.5586336521577543,1871.3367142957343,87243.91773158635,4389.409250905788,2011
563,10336660,-0.664193708822394,0.9167321185048575,-0.5857264208263058,1270.0986349840173,27573.741890900656,4386.886611286015,2012
564,10336660,-0.705543085999615,0.8544056144859993,-0.49294695545689393,2662.644307411384,36796.60333090755,4716.270836347526,2013
565,10336660,-0.7509900907371946,0.9144511641388322,-0.6141205762015136,2673.574975225406,17932.166383874115,3754.4299776506978,2014
566,10336660,-0.6508773273738843,0.8575487768118712,-0.4766557622844285,1593.4433729989607,17696.284611552124,2853.8771107969214,2015
567,10336660,-0.532130180728729,0.6552368931479424,-0.4684092284289476,536.1140178049035,50150.46200839493,1441.7783946396835,2016
568,10336660,-0.7295855829289046,0.7565490120762596,-0.5491306210561769,2434.475931710481,146248.72738855507,2075.760086743802,2017
569,10336660,-0.5807350114442745,0.6133140876746506,-0.447431990841324,510.7083703666332,38902.898918012645,1688.679769403079,2018
570,10336660,-0.738911185938831,0.7342160779404572,-0.5727991427245507,1885.9980954762993,49759.0631621935,1426.2536301773273,2019
571,10336660,-0.6518718171319435,0.8131904059230836,-0.509905953995834,623.7111916576429,20442.66849649116,2241.8741957358125,2020
572,10336660,-0.7779688842728513,0.8832962972716717,-0.6495454681843673,2254.636638696383,13039.85673099178,4062.953747678304,2021
573,10336660,-0.7735608272470277,0.8493542523554104,-0.7365143818114537,1191.2049083712127,42097.84124553953,2019.3155114448807,2022
574,10336660,-0.8009453124427908,0.89138812207912,-0.7829123129695139,2927.4457440808774,84264.76114189581,3054.666123261274,2023
575,10336676,-0.6940599077766645,0.9896437400732833,-0.6808347345845006,2870.2627749839476,24593.930218306832,35376.049622335035,2001
576,10336676,-0.6470722203028322,0.8196333016802494,-0.5747026049640823,3368.2032989951676,55587.369426683814,10928.360438729596,2002
577,10336676,-0.6075259342682174,0.8007312375270723,-0.5897724696532717,2486.4246597344018,77461.82421001751,8686.307631994898,2003
578,10336676,-0.6669862422360864,0.9019308377595201,-0.569348198438955,1519.1452366281553,41422.36085596608,9125.502986283445,2004
579,10336676,-0.665598812831608,0.9071132720901401,-0.5534666592728433,630.444913674769,68971.1523951818,5253.611535550456,2005
580,10336676,-0.6783490404421549,0.7958344776938193,-0.5290499404102036,2270.935254768951,123328.2952691096,7054.192223115077,2006
581,10336676,-0.6855811677428728,0.8446600152286329,-0.5159295298282358,1329.3018082879034,38627.46796168952,5963.1017980748275,2007
582,10336676,-0.49089016944713404,0.9086615285576106,-0.5518448109149482,366.3335661859461,24789.290686613087,5132.5627542040775,2008
583,10336676,-0.552023513697315,0.9160153358191537,-0.46427010147179215,487.7485717393903,66948.97428589746,4722.736349523241,2009
584,10336676,-0.686197577786499,0.7878746015047126,-0.4916868033899799,1287.2356149772227,52638.494577951016,3384.508651994894,2010
585,10336676,-0.5512365753587422,0.46818486565667583,-0.5218884550024183,1498.44033103698,109175.95643562854,4435.277857632653,2011
586,10336676,-0.6448269638680076,0.9044544141289642,-0.5012029687719266,1048.133311881018,32180.294601116577,6035.435711997724,2012
587,10336676,-0.6715189858099704,0.8368069754677457,-0.46679894532578936,2431.547112912884,46351.563323595794,6797.934969503401,2013
588,10336676,-0.689801560855218,0.8824945269091123,-0.5304960298893409,1532.1463758257453,21843.85866048061,5949.091506144562,2014
589,10336676,-0.6232018140735506,0.8917512190113476,-0.45951360387846796,857.3485198811833,23232.38255245329,4350.217795408168,2015
590,10336676,-0.5240752087090327,0.8609186836543175,-0.44207367477381637,540.7091016252479,58403.75726908507,3059.5888266643974,2016
591,10336676,-0.6972224417739215,0.7195422714185367,-0.5102260460048963,2164.851275144074,179169.3357047157,3721.47166685714,2017
592,10336676,-0.5451905037095487,0.8529207997423913,-0.41689052110771785,435.5602227736453,47879.358699549346,3443.665937188218,2018
593,10336676,-0.7154390524575589,0.7088351037950308,-0.5006128766133685,2136.739922900451,60656.55956746643,3302.3123999637123,2019
594,10336676,-0.6058748759626267,0.889984552223113,-0.4386114597107368,758.6500705557964,26120.66717315726,4497.838330634354,2020
595,10336676,-0.6617587502901787,0.8739147370651583,-0.5356460233790813,1703.3503659837413,15459.871496814454,6533.690989276649,2021
596,10336676,-0.7714591462605974,0.8327949320772302,-0.6444497459515576,1004.5552784853884,49344.515290003284,3906.82665333277,2022
597,10336676,-0.6613726031345313,0.7110813182687217,-0.6616592755460408,2690.3886539106024,90873.90181446161,4282.269793188203,2023
598,10343500,-0.6838647032399748,0.4179219129016503,-0.4861408820326078,3813.323789779603,6820.115472569507,918.0556246062945,2001
599,10343500,-0.5443184961713189,0.8348874046363013,-0.6320845402859674,971.7651494054479,10375.88601138384,1296.3748512709558,2002
600,10343500,-0.5764448523184397,0.9152890640815707,-0.556993630091477,1256.9228283032153,14662.539390804084,1015.5096773080477,2003
601,10343500,-0.6536646758159134,0.8484217992621103,-0.6281267341319539,940.1562461670413,15377.46147844564,1632.3389502452978,2004
602,10343500,-0.6227594135931662,0.7936348408453411,-0.5448662883912306,989.1131162131591,23809.143070369504,562.128034338681,2005
603,10343500,-0.49697996779840425,0.9338610759185269,-0.5757670329468298,1020.0759036626025,18684.211349740897,1360.803495370146,2006
604,10343500,-0.6308755124217859,0.8129273576843198,-0.554231792457265,720.0188622094028,8891.479957797641,1318.7039009429382,2007
605,10343500,-0.2781017790844268,0.7829291199943444,-0.5971380737672629,183.24516774828098,9156.25077316811,1083.616338471154,2008
606,10343500,-0.5504382613606182,0.8073737707336376,-0.570470996910219,207.60552110867445,14539.415531455597,711.6705560196261,2009
607,10343500,-0.6180276905605452,0.5923973548990914,-0.5324149009413737,693.2524845333448,17943.5437595313,503.81418224474385,2010
608,10343500,-0.5143540798905158,0.9327961557357497,-0.6457652980001737,751.4449794816511,32235.710619535243,817.163204416577,2011
609,10343500,-0.4735456640751005,0.6459080062345401,-0.5669043047462173,306.45284871461047,8462.477496631862,977.6157467178131,2012
610,10343500,-0.6349530200961114,0.8841006338801816,-0.6095302633297255,857.2907477359038,11658.540092961532,1353.7187929957036,2013
611,10343500,-0.6885322980222798,0.6614066829566779,-0.5257614321277826,6692.483277210826,6378.531192691189,821.9219144591042,2014
612,10343500,-0.6151387651958886,0.47550998687057594,-0.5739077396148355,2590.0580799491854,4723.605842804069,868.3410743608861,2015
613,10343500,-0.39989815772849,0.4495246363143872,-0.3905932635218991,240.0921748998803,23473.760029416382,303.84348767025904,2016
614,10343500,-0.6002115860848598,0.47579315455101245,-0.5400211345227764,2632.1478508726905,39131.84418557051,478.0836586544387,2017
615,10343500,-0.46354857674615585,0.3872762447309011,-0.3709850194354083,347.0418550581997,7861.969708161429,296.96776827087893,2018
616,10343500,-0.6797601408116389,0.5104717385582698,-0.5902522624784645,826.2185200530465,22317.914412759463,247.70383046176653,2019
617,10343500,-0.6092762408935004,0.4536332133834598,-0.46692697404622213,455.77549928367034,9108.750588294573,291.6476511136818,2020
618,10343500,-0.6317011882304348,0.8027903301819836,-0.5717261295992462,765.7206275315665,7503.804288434437,646.1625453903468,2021
619,10343500,-0.5578398697557493,0.8053451981110902,-0.46484467708904065,424.81376594265373,13497.97454707747,416.5054649309221,2022
620,10343500,-0.6428729961233298,0.8442052705909481,-0.6695330815124562,441.44902315088024,38186.14157591964,690.4867572991582,2023
621,10308783,-0.08874212828139307,0.20037278468493985,-0.1729726364834131,1845.6363057697627,82.09486546125002,500.50859949554695,2001
622,10308783,-0.3508887224253101,0.2492734796534154,-0.411241094700783,3102.422237276186,412.33469592781364,807.9211316543108,2002
623,10308783,-0.35185034770928775,0.176338928003442,-0.4290336532845092,4031.600461955523,843.6649914733212,648.5762331717744,2003
624,10308783,-0.10698347524839458,-0.24488875250053682,-0.40014729547418354,3552.3077764613363,295.1846908583125,933.7071532321684,2004
625,10308783,0.0063552173049425675,-0.4906713867356036,-0.2416228009872967,3170.7668920536707,222.49324144077266,332.0463588820686,2005
626,10308783,-0.09886279089917296,-0.39958849460975954,-0.4039447254574391,2343.0375355296887,1666.2740815129557,692.4427091260083,2006
627,10308783,-0.20289020628655166,0.048872668094476886,-0.4231526293052066,3403.532999950869,271.5163671019792,1008.1936790130458,2007
628,10308783,-0.01639632204942777,-0.13535598155887443,-0.20768992515107718,4470.364666369067,108.9585133736609,854.505038073016,2008
629,10308783,-0.14270437532270203,-0.02150843969774723,-0.34663266725694236,6321.727657863496,263.119292929679,722.2292600120126,2009
630,10308783,-0.08500707027271596,-0.3865871451567309,-0.37522763493741296,5481.5732702260375,404.22507154387756,506.91231908677605,2010
631,10308783,-0.01907478384469846,-0.4519712607988754,-0.38045125812771086,2587.4096464060176,683.0983850384368,510.5363773939769,2011
632,10308783,-0.13551534934505835,-0.16213753149901194,-0.4248812343541289,3303.1868150558953,282.60958864847544,892.0986449863703,2012
633,10308783,-0.2497880475220391,0.01863444808330866,-0.4144257114623464,5099.900327173032,423.6746378240537,820.3034451261208,2013
634,10308783,-0.305624344486734,0.26979567060897663,-0.420926609683869,6971.637447838806,246.85098205333546,971.922117229741,2014
635,10308783,-0.1417067625879882,0.5708846836904191,-0.24276872357663132,10207.148643557299,73.95956608770446,1941.4741764638525,2015
636,10308783,-0.3220163003575173,0.38792932081046533,-0.37736196709007497,13240.165573354565,591.1240474258753,1284.2284372455663,2016
637,10308783,-0.4529094370289709,0.7732068819826458,-0.44150829672767594,75.45637529658535,3660.6896991886597,1215.8418241039103,2017
638,10308783,-0.12450788944618027,-0.19173476618615312,-0.38056181111855225,3109.1551559923864,412.84872275922874,1440.8225637016674,2018
639,10308783,-0.1030573273058332,-0.22985841288575862,-0.34179205033115756,2539.307302334508,628.5447574969801,1297.2820380854948,2019
640,10308783,-0.25409802197461107,0.14009724556704514,-0.39911478118709953,4146.3533898741125,256.16964211611617,1543.2626248723268,2020
641,10308783,-0.1659161241684594,0.06786565479043258,-0.3636951605040084,4851.98441928293,95.95782660585948,1859.4051594945465,2021
642,10308783,-0.08510230060143682,-0.07648228500308299,-0.3785136357545397,3807.5381091099857,369.5188195671019,1092.5658731303488,2022
643,10308783,0.11297540853223788,-0.6583555283560747,-0.2405576180700498,83.47122208194763,420.6311680516943,1512.5931466646214,2023
644,11383500,-0.5992756269285503,-0.0002452697337494532,0.4541294352870945,2204.5135969160924,16809.685979258393,1294.501638712514,2001
645,11383500,-0.5064891994190189,-0.07465860651153028,0.5456238930432467,532.1447189145846,37012.97791682794,1136.8281056202588,2002
646,11383500,-0.17077362872278953,-0.1162603342576077,0.5292045274993794,376.64494662329986,64024.8524218998,932.1344419167883,2003
647,11383500,-0.6218944549090175,0.12237370911245272,0.36322702036021515,834.8937377024075,22852.856580435968,1146.8375766368968,2004
648,11383500,-0.5040852544216898,0.09941168316405645,0.5262352554468825,310.7649027183934,37900.74922001501,339.0385184090024,2005
649,11383500,-0.14554370266007144,-0.20396295216596244,0.3240974585868821,343.6136856547073,54997.98173558177,617.5772927704043,2006
650,11383500,-0.6936546170684404,-0.1754478365197851,0.4477087738989609,845.7222773812209,8967.579616487052,773.215713801672,2007
651,11383500,-0.46959986639569007,0.6357939969601022,-0.08890810465017741,778.3406113753856,10812.19596725036,957.2644571341988,2008
652,11383500,-0.47551144007901897,0.6886593593657218,-0.1292771696450653,848.4510716193674,35738.68249407108,814.5209304288949,2009
653,11383500,-0.8000618249930798,0.41930274677078766,-0.15445047128054257,1555.4348610143384,38833.2646368815,582.8049547902214,2010
654,11383500,-0.4854433230005014,0.5661196124948054,-0.13433207052689564,408.1845300164366,60660.071187390895,613.4792552410211,2011
655,11383500,-0.7623228713768841,0.45450634025640285,-0.1806116592979862,2188.560294861135,21888.49218259779,1150.0527858200355,2012
656,11383500,-0.6783816136394729,0.637923594366362,-0.23744960568432805,1205.7915208255822,22459.8164176946,1139.9618296824594,2013
657,11383500,-0.6497868304027752,0.7618510399220179,-0.22778150936522226,1212.7995710008215,9264.818239812752,1018.4931050689627,2014
658,11383500,-0.6760643791761497,0.7491009642769066,-0.27557655831667216,920.7644649664066,13028.681057805798,1119.361479404803,2015
659,11383500,-0.6352607106992251,0.6000062975918168,-0.02630036940921412,833.6236211835138,41055.865615804294,340.933836688588,2016
660,11383500,-0.5417742192618263,-0.04009607127955621,0.013166174164375846,1406.7923819996154,107879.15600685462,327.5380518350508,2017
661,11383500,-0.3377949202637339,0.3863665675621376,0.39446913239450154,383.9132901830905,25010.842520000664,424.8260072958132,2018
662,11383500,-0.5979743094496348,0.004998387137559295,0.43613337705543426,1636.9970192884505,53111.79070288778,491.91573811311036,2019
663,11383500,-0.04241578090810939,0.6332669246760417,0.40797756378965905,323.41573195739016,8986.959826908867,683.9638342969861,2020
664,11383500,-0.09428350527257284,0.10767952858034148,0.7559148708326009,384.35482268185973,4861.1552800136305,876.0343845589675,2021
665,11383500,-0.006564890795430865,0.46728868369019966,0.5873742083443099,2685.9373488531614,17991.625360599734,3416.8526597839996,2022
666,11383500,0.17191785886582484,0.6608496198973521,0.44982932492937616,2177.5312360725447,32264.595930357587,3163.724427255828,2023
667,11189500,-0.34858668395996,-0.10840691395890749,0.4664593118145933,65414.96703718518,13226.748648872936,14991.456803756935,2001
668,11189500,-0.3573338183651441,-0.10623005695728743,0.4483746573226278,99014.97900748055,19416.770351440984,14345.584105348958,2002
669,11189500,-0.2925546566640263,0.07954022120509732,0.4291722794681247,64235.37218901059,17188.92044145011,10674.165770735843,2003
670,11189500,-0.22754911346098555,0.02967723518847969,0.410322890880177,87548.4312269892,14992.385404057148,11687.992782966334,2004
671,11189500,-0.16160355590638156,0.23589319521692714,0.35603790141440667,26923.543677498554,22589.703723165792,8129.591236925339,2005
672,11189500,-0.1549408087961922,0.19536502652787807,0.5371206417144472,20161.02519260555,22366.45514358113,8422.850606746113,2006
673,11189500,-0.26982982374213843,-0.09253856052658532,0.6380038596338158,80109.99065819601,5062.261251512545,12559.118323331733,2007
674,11189500,-0.2546471047310896,0.08954777093338984,0.6358401943300841,54504.23091456172,12550.692252325205,10129.868564343948,2008
675,11189500,-0.34615290389744724,0.01698161628105328,0.5269764079768644,101031.22347335424,6544.074787745941,9406.360002249918,2009
676,11189500,-0.23425643870524587,0.18183202301278345,0.4378652091884124,63430.57394389176,17880.480211983053,8405.237120126556,2010
677,11189500,-0.15164571992562872,0.09524505546053703,0.4217019637855471,24697.653086405677,30826.95387552288,8247.961117635077,2011
678,11189500,-0.22550232559763952,0.05213956532085861,0.5694415114939676,92005.09241269248,4366.343505002775,11854.525928136876,2012
679,11189500,-0.35627567515659825,-0.04530313972095244,0.45369681452232863,196643.53684713406,3026.2431692780187,12973.587301833364,2013
680,11189500,-0.3651883333730237,0.04683903574814427,0.41536587566075284,333035.4346672148,2112.038021699541,11315.167342127888,2014
681,11189500,-0.37337528750307725,0.08485435363928978,0.49954565246983523,371097.86045912537,1768.1244871952315,12165.746920093488,2015
682,11189500,-0.3222320241871492,-0.033652241535185895,0.34912897527210446,449853.1738948645,9226.117937029676,10961.56250815285,2016
683,11189500,-0.28287371428754154,-0.04833581492338403,0.257969993708571,310443.74267706316,31196.605286866772,11005.518135609955,2017
684,11189500,-0.3306382879391831,-0.10991856462618893,0.4089433356103753,481864.465605748,3910.490112560618,14275.931179531945,2018
685,11189500,-0.32273648850338243,-0.0019662227180597346,0.3782048137421661,346462.99450630817,15111.318435998028,8732.813087961744,2019
686,11189500,-0.3943942684238482,0.06243306552225502,0.39287854816497236,424845.10485512845,3033.7474895622004,9343.810124691587,2020
687,11189500,-0.4144782564019681,0.020618876626524583,0.5120721720710837,530995.2444705069,2348.808987278095,13460.465190912859,2021
688,11189500,-0.44319138507549716,0.07548994509809416,0.4178830765927317,747417.657682131,4955.00487706399,7562.67514464185,2022
689,11189500,-0.3450649643773101,0.23210394248606814,0.36702167667862146,398861.0325842217,58147.12837616107,6563.180342985695,2023
690,11204100,-0.464337873032902,-0.3491268950956404,0.69522547127014,99735.74016865322,15641.490040432991,25366.712558067684,2001
691,11204100,-0.4908770486708918,-0.39441710762782545,0.7317277454214902,134334.65254049803,34985.21737996942,22031.461098031577,2002
692,11204100,-0.503390595183173,-0.42103634209238544,0.7149648756349464,161510.8987771915,44691.66219996046,17286.064014160773,2003
693,11204100,-0.4898607902980053,-0.3579703129620408,0.6515578462573147,198428.33874685195,17236.369008023248,19547.29160552023,2004
694,11204100,-0.5326348008170446,-0.2811867745593383,0.5073614156401095,230406.49197654362,63172.96285159571,8394.157916836099,2005
695,11204100,-0.4482759600778401,-0.22354555502439183,0.5792029689613074,221846.39435923292,33313.42618090175,8702.1616756172,2006
696,11204100,-0.44087921445553885,-0.21353012933573667,0.6587777174034503,268987.48653800855,6040.030862520834,17898.972777265688,2007
697,11204100,-0.4364925058871343,-0.12415731809384148,0.6501203063532975,341332.0623995051,11628.353324251839,15096.889391605817,2008
698,11204100,-0.4764489176143212,-0.08586220309322384,0.6008064567689415,426562.7247255255,12214.59258651143,13528.81534123619,2009
699,11204100,-0.4912008924759077,-0.11120910322651968,0.5787766769568929,504083.13879153726,25884.99672463545,9566.163611456757,2010
700,11204100,-0.4305120077062501,-0.06913647095285569,0.5114182555141836,440693.9617491757,47364.14533256365,8507.153440182297,2011
701,11204100,-0.4533863517806018,-0.2375830851000551,0.713850222786285,525382.6823053786,10850.615129063532,13008.853112237059,2012
702,11204100,-0.4130791903659395,-0.23081036720364828,0.7575074321088899,588921.8888893765,4785.26896867182,15890.62338264712,2013
703,11204100,-0.421165640284769,-0.22711698122544027,0.7801592033746708,653462.0045697155,3649.4396986048514,17589.635202945236,2014
704,11204100,-0.3744308403084041,-0.20531834759884995,0.758206345539864,702871.200862014,2228.518869329424,15226.187288606605,2015
705,11204100,-0.466351185437214,-0.09298445182140248,0.6570607926695465,853361.124950055,13505.514446506575,10608.754575057996,2016
706,11204100,-0.48560224018337483,-0.09731158360305582,0.598093708619751,962112.447276383,62378.97911276832,11129.055769593659,2017
707,11204100,-0.49622525397548145,-0.22358253130920297,0.7311597156440733,1076594.2223451007,7545.157403655953,14351.14493272667,2018
708,11204100,-0.45955652424391336,-0.12246429842990159,0.6907716033603787,1110116.8818274168,24084.49173736585,7622.3248400069315,2019
709,11204100,-0.4862813403206117,-0.23122180216061894,0.7116510452873381,1205361.786827979,4886.459919862241,11447.13873657273,2020
710,11204100,-0.46773897381142887,-0.24436827055744803,0.730079434022321,1321314.9840644165,3054.39195433713,14789.716917858743,2021
711,11204100,-0.5281445560085973,0.3210365673165453,0.0317372818913457,1553688.19122063,4614.159291915406,6566.473239775538,2022
712,11204100,-0.4574501787374747,0.490408783902851,-0.15150945100293559,1421283.21194319,51841.52547229716,7342.112657274917,2023
713,11203580,-0.7480529770065549,-0.0579258676506942,-0.23193624525558348,20751.95639019826,9850.856546717558,6384.836174692847,2001
714,11203580,-0.5736722174362188,-0.32589030526496854,-0.21807258480511812,25650.3540862021,23474.266983014913,6060.453636190135,2002
715,11203580,-0.5341907566994719,-0.21323014873079096,-0.2798215347071148,26160.840389932648,27391.249519627003,6517.176895409362,2003
716,11203580,-0.535420866537285,-0.06067509848647971,-0.49131398450463537,44767.157515076135,15403.541962036341,6523.2701729502705,2004
717,11203580,-0.557107105524714,0.20085660888675588,-0.6692833862247488,40981.42031024382,44547.63193629965,3573.636622635308,2005
718,11203580,-0.6156169097790738,0.2526984854979791,-0.6172415992364697,33942.211547816725,20180.515988359257,2061.272117362014,2006
719,11203580,-0.7227439600007636,0.31923578127718105,-0.5462960153920715,75378.50586373862,4201.860411483862,4283.312073178596,2007
720,11203580,-0.7599960024171434,0.4858533102972995,-0.6118720267988305,120363.16466543656,4997.534746596244,5299.753206610401,2008
721,11203580,-0.7540721193674952,0.5411630204951045,-0.6602312897512487,187636.8180624228,7417.978892804171,4664.626832396967,2009
722,11203580,-0.7501705913330471,0.8967215241331653,-0.7411343512174724,21452.90426159806,7703.447360336482,4935.612910683914,2010
723,11203580,-0.6765011309926712,0.9108444911860302,-0.7434504949389876,1709.1655600516046,15642.813914785149,4516.282712456706,2011
724,11203580,-0.5628856602265894,-0.039662880535605106,-0.5087154489772103,141715.34641710194,4449.6541609751,3128.2246326251934,2012
725,11203580,-0.6312057187221028,-0.013805374064670058,-0.4411637941779229,189291.7796308746,1589.083743810452,3190.6811919589463,2013
726,11203580,-0.6803465417675013,-0.1725894596253742,-0.28017525424248535,253512.29632095204,1853.4200836652503,2665.6349666121987,2014
727,11203580,-0.669983205783787,-0.3699794347523581,-0.10010157633492016,314528.2334614011,1448.6111954315809,1928.8036425169917,2015
728,11203580,-0.7323906179500937,0.2112732949771834,-0.47543443875416175,470025.5729994386,9108.806772839316,894.7356493977276,2016
729,11203580,-0.6689042047573688,0.7384635387376441,-0.7051838480982962,28778.29967795653,30823.061010766738,1834.6325907705973,2017
730,11203580,-0.6295572241911106,0.13799662114055564,-0.21778895604724138,40595.60393868463,3837.5586646814277,929.9389694290813,2018
731,11203580,-0.4140791117463832,0.7382750299894927,-0.67061035074486,3582.6621643506064,5544.1615001346445,1837.056280718982,2019
732,11203580,-0.36974679700802565,0.35345945871806883,-0.642582209362154,7654.0067168179685,2584.533752271875,960.2918447187806,2020
733,11203580,-0.6076997285536698,0.7803983926477467,-0.7335241606507842,38243.66820732545,1294.7130197104864,1067.6700215567048,2021
734,11203580,-0.7405908568920051,0.3149413694528339,-0.3679504134092948,88223.62314681924,3374.9405531798043,5872.281815182563,2022
735,11203580,-0.7384687963076175,0.8013511610483339,-0.5207318513882098,5794.745448621529,23165.474564828077,7645.663756905099,2023
736,11266500,-0.7242857747563132,0.925606583518582,-0.7089593107284182,9584.304800762518,6690.46442478313,16412.216849961667,2001
737,11266500,-0.5236100445322678,0.9318204916116839,-0.47869791454770216,7249.048242150153,14318.46353972331,17854.574486275953,2002
738,11266500,-0.478088615715057,0.9036168552893602,-0.33202164591222366,6414.023135101668,26393.6104060893,17629.78838033565,2003
739,11266500,-0.6582304387284603,0.947749059392818,-0.6483058736479241,11638.894403536984,11229.146053351411,18417.639616304405,2004
740,11266500,-0.5968889897685408,0.8939018992978575,-0.49918104486183323,7521.53152638414,34683.181180083884,16580.003612380882,2005
741,11266500,-0.517209906032468,0.9227074427389904,-0.4633749568512712,7027.4331042350905,30916.73077963146,17074.71165930172,2006
742,11266500,-0.3209462266421422,0.9484768207562229,-0.3168163751125351,7664.142814832504,4890.209508115349,17327.83457666582,2007
743,11266500,-0.6393359788748622,0.9208510256999347,-0.6260162576224125,7545.584089718505,11133.201011810685,17570.44335991126,2008
744,11266500,-0.5180101358978189,0.9499738722479943,-0.5075779490413266,4331.7047143805685,11008.2623160508,15483.180915673167,2009
745,11266500,-0.6944871289729281,0.9208500179442446,-0.620564123649867,7132.456116175029,19581.988111612078,15045.253283776294,2010
746,11266500,-0.6121002685629057,0.8937075992222295,-0.5464892777850108,3769.6350888745824,50832.62075626523,15530.526128021382,2011
747,11266500,-0.2814828214958486,0.9445762902030905,-0.24631536145758054,7807.207728994473,4976.515624905288,18450.059877261836,2012
748,11266500,-0.4248257000999688,0.9287883749226525,-0.4385604553234003,8359.162280299513,8970.089126233666,19077.973709897302,2013
749,11266500,-0.4606926236130216,0.8958397613019335,-0.3461761682411088,16390.488403682903,2764.9685343720384,19993.410066434968,2014
750,11266500,-0.3153001373556037,0.8436172949582503,-0.1893069749026981,24740.896773093256,2547.864798802533,18068.323947371988,2015
751,11266500,-0.3358048833153938,0.8612518452471905,-0.3405311068492053,8261.683202269047,10602.182480696689,9060.909244793642,2016
752,11266500,-0.6488426994739498,0.7661158492701627,-0.6198788903680956,8193.759783350692,47547.531342637485,8750.814913458751,2017
753,11266500,-0.46584597461242316,0.8858766718099039,-0.4943482671367094,10014.05471819327,8080.418676197364,7921.212687162946,2018
754,11266500,-0.5827573528202705,0.8998538949831667,-0.5265759141760673,6461.4784937710665,18127.359968250756,11926.019155245649,2019
755,11266500,-0.554190445493668,0.9409601552338399,-0.5206132226027059,6142.596271348746,4770.8696811548925,14756.060056351334,2020
756,11266500,-0.2399963141748728,0.9153523289498298,-0.27813534789074973,9558.827793420662,2485.227830195963,19196.39785861251,2021
757,11266500,-0.3800347563132325,0.9326679398323666,-0.36596773214752926,9694.828360580399,8014.202711861085,15016.4318291622,2022
758,11266500,0.10860185388232939,0.7809109102562286,0.1672554335222432,2378.9854660508036,22462.7003785373,6836.910283870529,2023
759,11264500,-0.6254543002645274,0.9485513034931942,-0.6627831097960891,7963.245291901894,7090.172422879654,12550.86017979902,2001
760,11264500,-0.37772996553754107,0.9214744519275081,-0.3336575035716596,5603.040125437162,11917.97881417819,12827.937184721524,2002
761,11264500,-0.2582185002078408,0.9203898591515501,-0.1703956011019943,5214.048621096,21091.93910219324,13526.710356765032,2003
762,11264500,-0.5705244342943948,0.9502512192498761,-0.5983161569269627,8750.651209832018,7941.596490027752,12687.361106077036,2004
763,11264500,-0.36362293027962783,0.8362092697481829,-0.27819989337646867,3613.225912014526,33494.656444876964,10905.009081916027,2005
764,11264500,-0.3577838705634879,0.9200680613611658,-0.3407893712933,4739.319277626419,22103.655793173522,11978.296043845996,2006
765,11264500,-0.3403363999215541,0.9509177305580362,-0.40656722785021454,5524.798783203475,1752.721917898495,11500.98914599763,2007
766,11264500,-0.6333656997171253,0.9354052294341522,-0.6288977592373531,5275.664688081617,8525.166570620306,12406.2176682148,2008
767,11264500,-0.5044651026796733,0.9699500433931619,-0.4654492613900117,3828.373123530347,7838.652362585535,11367.328303800405,2009
768,11264500,-0.582218631054989,0.9131353896583582,-0.5166962884335615,5762.684652926209,16382.518702727204,11946.952175401097,2010
769,11264500,-0.5263361313454239,0.8625131079081981,-0.3597656300562819,3383.586790622113,50404.61223883718,12055.45063493186,2011
770,11264500,-0.1196377947112932,0.9518867111360212,-0.07914682618498828,6421.484495954029,5605.801536450216,13591.764955579987,2012
771,11264500,-0.28597586923911505,0.932356529363265,-0.23046798255730744,7224.845129192859,8204.02435722666,13769.220035399854,2013
772,11264500,-0.49240449064156755,0.9173165624175852,-0.5034704274250852,11568.798854089375,1063.8989582039503,15476.304734836567,2014
773,11264500,-0.08691959450379107,0.9162731238504788,-0.1194667723361058,8945.227445586237,1179.8617247760944,11677.689058803364,2015
774,11264500,-0.2590107040276302,0.8396549870609281,-0.21622958787616264,6596.745685392782,5316.170339919886,8802.62634896095,2016
775,11264500,-0.34064689385501135,0.7233788305763797,-0.3136836028526353,2756.153056564901,39875.26826611525,7943.918609030556,2017
776,11264500,-0.4152056008704971,0.9053200132155509,-0.4392277798136896,9241.58954494792,4429.173443577059,8067.408727562194,2018
777,11264500,-0.3989609376797763,0.8956765589605497,-0.3457033458219703,5652.424602744109,16873.307423645016,10988.501118185595,2019
778,11264500,-0.5356370541725466,0.9574732141628121,-0.5523283310962476,5847.579156324101,2298.415083993648,13497.501090523676,2020
779,11264500,-0.5569674208232955,0.9368156852889762,-0.6227363152624769,9242.594057798937,841.1785975873024,16811.214036653168,2021
780,11264500,-0.29168084577162523,0.9450852753351104,-0.30233733285956366,9720.927290701806,5289.563598406465,13307.337053689433,2022
781,11264500,0.196901504128518,0.7269214651762037,0.24237915163858753,1485.7065069579273,21644.28060082484,5936.737371303913,2023
782,10265150,-0.1628652602177656,0.6690252319402593,-0.44809209688229307,746.3546230844066,15690.43608237834,4709.86172865466,2001
783,10265150,0.10029545650098547,0.8718030161324727,-0.14799005138530322,1241.7777052556962,34336.467453263795,4963.779784552533,2002
784,10265150,0.12443342791163035,0.768583166361289,-0.14329005938510536,2277.977569828021,22519.88329075857,4413.349737135047,2003
785,10265150,0.02617610202826145,0.8766168901574852,-0.23590456378954452,3414.9550329050035,23040.248475713994,4266.360875594039,2004
786,10265150,0.27134854707723133,0.6509898235167644,-0.33183774468380756,215.0423578537347,80073.87009968063,2989.372988374538,2005
787,10265150,0.13447005587988606,0.7877874703120761,-0.3009495658360166,808.4266336237403,57887.22946692945,3776.356251874181,2006
788,10265150,-0.113770526672079,0.8348987535226343,-0.4755440790341597,1491.1261551205353,6862.5921304360045,4043.730074911724,2007
789,10265150,0.10794245719605385,0.7825634703780926,-0.333229927107976,831.2334931326499,35014.83769783928,4077.444340981414,2008
790,10265150,-0.06955905709875189,0.8447342665767152,-0.32136677349799614,1516.8426323254919,47322.38544293587,3024.539445108438,2009
791,10265150,-0.12752453478734188,0.8404980615872272,-0.3041722066335767,1290.7037340612028,56783.23122890598,2998.0248743963084,2010
792,10265150,0.06590723454867874,0.6652685234654446,-0.3255983111492587,1534.1706110375715,107094.26511606827,2586.3322617231297,2011
793,10265150,-0.1936601381341735,0.8486725674903618,-0.47578912968959625,2442.966497101743,6752.727893042736,3949.9910064245823,2012
794,10265150,0.10245500905641552,0.7799592241121561,-0.3382384482882347,2085.1512980263806,14706.725433517371,3831.356276324098,2013
795,10265150,0.03553851658321309,0.7251568255166206,-0.4451625587733614,2095.2707860161395,7505.672124213989,3322.0888621644044,2014
796,10265150,-0.0356392565613904,0.7836033390459702,-0.39447132004499263,2324.7160161284673,3219.1384605188696,3920.4255401252503,2015
797,10265150,0.06879862560413312,0.7450544916852009,-0.34043128641996584,1520.6330826944456,15788.540192531587,2975.4059434189976,2016
798,10265150,0.04561766174475692,0.765292524534916,-0.36682746947776973,340.0837134426685,104086.15458789981,2683.998805570444,2017
799,10265150,0.0013794798985164547,0.826707228339228,-0.4034606728752706,2722.096024445945,10591.551239168904,3949.0384725372223,2018
800,10265150,-0.024359009043259078,0.860835643496156,-0.3614615119076144,1261.734012982031,28864.682287373664,2693.8878283834406,2019
801,10265150,-0.07108318664620172,0.8562795355923659,-0.42415084821046667,1936.929729679424,7302.21341389199,3696.7690948376944,2020
802,10265150,0.0628548705946664,0.9118087437121289,-0.187624634440901,2187.611783330648,3303.8980194193464,4607.368953553207,2021
803,10265150,-0.009039893533562713,0.7742667443714975,-0.14104601603858952,2154.2116538480846,25522.59995299677,1959.5679973679664,2022
804,10265150,0.28665648902062185,0.7335177615974686,-0.19647587618582807,39.38752394522824,90214.85806949063,1531.323159498144,2023
